run_id,timestamp,dataset_name,split,domain,student_name,student_backbone,student_ckpt,train_method,image_id,image_path,condition,student_miou,student_risk,student_pixel_acc,student_msp,student_msp_std,student_entropy,student_entropy_std,temp_msp,temp_entropy,energy_score,max_logit,low_conf_frac_050,low_conf_frac_070,n_valid_pixels,student_latency_ms,guardrail_latency_ms,teacher_latency_ms,student_miou_near,student_risk_near,n_near_pixels,student_miou_dynamic,student_risk_dynamic,n_dynamic_pixels,mc_entropy,mc_mutual_info,mc_dropout_latency_ms,guardrailpp_utility_dense_bce,guardrailpp_keep_dense_bce,guardrailpp_utility_dense_bce_q90,guardrailpp_utility_dense_bce_q95,guardrailpp_utility_dense_gap_raw,guardrailpp_utility_dense_gap,guardrailpp_keep_dense_gap,guardrailpp_utility_dense_gap_q90,guardrailpp_utility_dense_gap_q95,guardrailpp_utility_scalar,guardrailpp_utility,guardrailpp_keep,guardrail_risk,guardrail_keep,teacher_miou,teacher_risk,teacher_pixel_acc,teacher_miou_near,teacher_risk_near,teacher_benefit_near,teacher_miou_dynamic,teacher_risk_dynamic,teacher_benefit_dynamic,teacher_gain,teacher_benefit,teacher_gap,student_better_gap,oracle_keep,oracle_fail,disagreement_rate,confident_wrong_teacher_right,n_confident_pixels
acdc_b1_s42ctl_mit-b1_guard_dense_gap_j9258122,2026-07-11 16:06:02,acdc,val,all,student_skd,/scratch/gautschi/manors/hf_cache/hub/models--nvidia--mit-b1/snapshots/13ddceec4e8bdf401e7cd7acf5aebc526222518c,runs/mit-b1_skd_j9200315/student_skd.ckpt,skd,GOPR0476_frame_000761_rgb_anon,/home/manors/Guardrail-Distillation/data/acdc/rgb_anon/fog/val/GOPR0476/GOPR0476_frame_000761_rgb_anon.png,fog,0.46474333158695574,0.5352566684130442,0.9648255705833435,0.9870193600654602,0.060587331652641296,0.03910685330629349,0.14990147948265076,0.9571481943130493,0.1614226996898651,-6.8102874755859375,6.794560432434082,0.0030582821927964687,0.015078915283083916,240004,4.3831460061483085,13.49590125028044,11.816471524070948,0.3508971410951217,0.6491028589048783,68692,0.9872386641325007,0.01276133586749928,3683,0.04037371650338173,0.0006173282745294273,16.033861262258142,0.3591291606426239,0.6408708393573761,0.5689004063606262,0.583114504814148,0.04477720707654953,0.5111924409866333,0.4888075590133667,0.5411485433578491,0.5674697160720825,0.38934969902038574,0.5111924409866333,0.4888075590133667,0.5111924409866333,0.4888075590133667,0.5375706186848475,0.46242938131515254,0.9719504714012146,0.45436590713144437,0.5456340928685557,0.1034687660363226,0.9945696443117024,0.005430355688297639,0.0073309801792016405,0.07282728709789166,0.07282728709789166,0.018678855150938034,0.011553973890841007,0.9271727129021083,0.07282728709789166,0.03331194445490837,0.01094565074890852,231108
acdc_b1_s42ctl_mit-b1_guard_dense_gap_j9258122,2026-07-11 16:06:03,acdc,val,all,student_skd,/scratch/gautschi/manors/hf_cache/hub/models--nvidia--mit-b1/snapshots/13ddceec4e8bdf401e7cd7acf5aebc526222518c,runs/mit-b1_skd_j9200315/student_skd.ckpt,skd,GOPR0476_frame_000769_rgb_anon,/home/manors/Guardrail-Distillation/data/acdc/rgb_anon/fog/val/GOPR0476/GOPR0476_frame_000769_rgb_anon.png,fog,0.4645142161868513,0.5354857838131487,0.8989671468734741,0.9718812704086304,0.09195508062839508,0.07626473903656006,0.21513709425926208,0.9269479513168335,0.2480994313955307,-6.6236748695373535,6.588806629180908,0.007503229659050703,0.037720780819654465,249226,4.3831460061483085,13.49590125028044,11.816471524070948,0.3577632285076239,0.6422367714923761,81531,0.5128662667890901,0.4871337332109099,5294,0.07779388874769211,0.0009498830186203122,16.033861262258142,0.3840714395046234,0.6159285604953766,0.5287855267524719,0.5416643023490906,0.029161008074879646,0.507289707660675,0.49271029233932495,0.5289715528488159,0.5510308146476746,0.43379175662994385,0.507289707660675,0.49271029233932495,0.507289707660675,0.49271029233932495,0.6853635691051654,0.3146364308948346,0.9608467221260071,0.6232285982148763,0.3767714017851237,0.26546536970725243,0.6755742012034918,0.32442579879650824,0.16270793441440168,0.2208493529183141,0.2208493529183141,0.07146123796701431,0.009581664577126503,0.7791506470816859,0.2208493529183141,0.0860985592007637,0.04695737734436989,229205
acdc_b1_s42ctl_mit-b1_guard_dense_gap_j9258122,2026-07-11 16:06:03,acdc,val,all,student_skd,/scratch/gautschi/manors/hf_cache/hub/models--nvidia--mit-b1/snapshots/13ddceec4e8bdf401e7cd7acf5aebc526222518c,runs/mit-b1_skd_j9200315/student_skd.ckpt,skd,GOPR0476_frame_000775_rgb_anon,/home/manors/Guardrail-Distillation/data/acdc/rgb_anon/fog/val/GOPR0476/GOPR0476_frame_000775_rgb_anon.png,fog,0.5158953249330934,0.4841046750669066,0.9069414138793945,0.9742382764816284,0.08075764030218124,0.0691998079419136,0.17568273842334747,0.9312443137168884,0.22424879670143127,-6.687955379486084,6.657279014587402,0.0024777741637080908,0.030041512101888657,249821,4.3831460061483085,13.49590125028044,11.816471524070948,0.5144555217432141,0.4855444782567859,82341,0.3105590062111801,0.68944099378882,905,0.0706116184592247,0.0007452453719452024,16.033861262258142,0.39364781975746155,0.6063521802425385,0.5277070999145508,0.5510913729667664,0.022251049056649208,0.5055625438690186,0.49443745613098145,0.5255170464515686,0.5469580292701721,0.44105246663093567,0.5055625438690186,0.49443745613098145,0.5055625438690186,0.49443745613098145,0.6891087084176739,0.3108912915823261,0.9629095196723938,0.6890698008813037,0.31093019911869635,0.17461427913808958,0.6126708074534162,0.3873291925465838,0.30211180124223613,0.17321338348458049,0.17321338348458049,0.06900941580533981,0.013041337952017784,0.8267866165154195,0.17321338348458049,0.0875546932220459,0.05297793447971344,230577
acdc_b1_s42ctl_mit-b1_guard_dense_gap_j9258122,2026-07-11 16:06:03,acdc,val,all,student_skd,/scratch/gautschi/manors/hf_cache/hub/models--nvidia--mit-b1/snapshots/13ddceec4e8bdf401e7cd7acf5aebc526222518c,runs/mit-b1_skd_j9200315/student_skd.ckpt,skd,GOPR0476_frame_000781_rgb_anon,/home/manors/Guardrail-Distillation/data/acdc/rgb_anon/fog/val/GOPR0476/GOPR0476_frame_000781_rgb_anon.png,fog,0.4674217784304775,0.5325782215695225,0.8641480207443237,0.9735042452812195,0.08665288239717484,0.06998764723539352,0.19462841749191284,0.9353254437446594,0.20813313126564026,-6.547832489013672,6.515608787536621,0.0048949322663247585,0.03470451757311821,254549,4.3831460061483085,13.49590125028044,11.816471524070948,0.33894592458774814,0.6610540754122518,83034,0.4722513089005236,0.5277486910994764,5730,0.0713171511888504,0.001167016918770969,16.033861262258142,0.38050228357315063,0.6194977164268494,0.5360934734344482,0.5420839786529541,0.008952978998422623,0.5022382140159607,0.4977617859840393,0.5121948719024658,0.5204415917396545,0.4289706349372864,0.5022382140159607,0.4977617859840393,0.5022382140159607,0.4977617859840393,0.6402622560907931,0.3597377439092069,0.961158812046051,0.45155990422069303,0.548440095779307,0.11261397963294484,0.3054682955206515,0.6945317044793484,0.0,0.17284047766031563,0.17284047766031563,0.10632137954235077,0.00931058544665575,0.8271595223396844,0.17284047766031563,0.12533541023731232,0.07178579270839691,233696
acdc_b1_s42ctl_mit-b1_guard_dense_gap_j9258122,2026-07-11 16:06:03,acdc,val,all,student_skd,/scratch/gautschi/manors/hf_cache/hub/models--nvidia--mit-b1/snapshots/13ddceec4e8bdf401e7cd7acf5aebc526222518c,runs/mit-b1_skd_j9200315/student_skd.ckpt,skd,GOPR0476_frame_000788_rgb_anon,/home/manors/Guardrail-Distillation/data/acdc/rgb_anon/fog/val/GOPR0476/GOPR0476_frame_000788_rgb_anon.png,fog,0.4178281694441855,0.5821718305558146,0.8777323961257935,0.9670796394348145,0.09816376864910126,0.08765646070241928,0.22567041218280792,0.9210435152053833,0.25380739569664,-6.499698162078857,6.4590253829956055,0.007883545942604542,0.043835580348968506,247858,3.8804042851552367,13.317882257979363,11.779998487327248,0.30973083870726714,0.6902691612927329,75477,0.2646268132467274,0.7353731867532727,2978,0.08985661715269089,0.0014374284073710442,12.130421702750027,0.39898404479026794,0.6010159552097321,0.5167219638824463,0.537352979183197,0.015540588647127151,0.5038850903511047,0.49611490964889526,0.5163027048110962,0.535554826259613,0.4484718143939972,0.5038850903511047,0.49611490964889526,0.5038850903511047,0.49611490964889526,0.5376351220963438,0.4623648779036562,0.9570479393005371,0.36476736959078215,0.6352326304092178,0.05503653088351501,0.23832759280520474,0.7616724071947952,0.0,0.11980695265215835,0.11980695265215835,0.0885426327586174,0.009227056987583637,0.8801930473478417,0.11980695265215835,0.10589127242565155,0.06024416908621788,223497
acdc_b1_s42ctl_mit-b1_guard_dense_gap_j9258122,2026-07-11 16:06:03,acdc,val,all,student_skd,/scratch/gautschi/manors/hf_cache/hub/models--nvidia--mit-b1/snapshots/13ddceec4e8bdf401e7cd7acf5aebc526222518c,runs/mit-b1_skd_j9200315/student_skd.ckpt,skd,GOPR0476_frame_000798_rgb_anon,/home/manors/Guardrail-Distillation/data/acdc/rgb_anon/fog/val/GOPR0476/GOPR0476_frame_000798_rgb_anon.png,fog,0.28022138518264383,0.7197786148173562,0.7824612855911255,0.979312002658844,0.07147713750600815,0.06499625742435455,0.17373673617839813,0.9290911555290222,0.254980206489563,-6.077953338623047,6.053398132324219,0.003739919513463974,0.022349916398525238,256690,3.8804042851552367,13.317882257979363,11.779998487327248,0.16369620169190535,0.8363037983080946,83067,0.5256998428623112,0.4743001571376888,26697,0.06733034551143646,0.001065620919689536,12.130421702750027,0.36263608932495117,0.6373639106750488,0.5644959211349487,0.582219123840332,0.057352565228939056,0.5143342018127441,0.48566579818725586,0.5502262711524963,0.6021865606307983,0.3935254216194153,0.5143342018127441,0.48566579818725586,0.5143342018127441,0.48566579818725586,0.572281397443931,0.42771860255606897,0.9550819993019104,0.48823429841150584,0.5117657015884942,0.32453809671960043,0.6386705380312324,0.3613294619687676,0.11297069516892122,0.2920600122612872,0.2920600122612872,0.17712804675102234,0.004507382400333881,0.7079399877387128,0.2920600122612872,0.20473723113536835,0.1398184597492218,242673
acdc_b1_s42ctl_mit-b1_guard_dense_gap_j9258122,2026-07-11 16:06:03,acdc,val,all,student_skd,/scratch/gautschi/manors/hf_cache/hub/models--nvidia--mit-b1/snapshots/13ddceec4e8bdf401e7cd7acf5aebc526222518c,runs/mit-b1_skd_j9200315/student_skd.ckpt,skd,GOPR0476_frame_000826_rgb_anon,/home/manors/Guardrail-Distillation/data/acdc/rgb_anon/fog/val/GOPR0476/GOPR0476_frame_000826_rgb_anon.png,fog,0.399393219565394,0.600606780434606,0.8751108646392822,0.9619256258010864,0.10341119766235352,0.09858755767345428,0.23089894652366638,0.9150459170341492,0.25437647104263306,-6.199099063873291,6.152379989624023,0.007954129949212074,0.050932932645082474,249053,3.8804042851552367,13.317882257979363,11.779998487327248,0.26151160204829954,0.7384883979517005,75219,0.47204591492234976,0.5279540850776503,7582,0.09993191063404083,0.0008706552907824516,12.130421702750027,0.4353559911251068,0.5646440088748932,0.5467644929885864,0.5649945139884949,0.04695955291390419,0.5117377042770386,0.4882622957229614,0.545174777507782,0.5904439687728882,0.4728115200996399,0.5117377042770386,0.4882622957229614,0.5117377042770386,0.4882622957229614,0.48622597624958636,0.5137740237504136,0.9565754532814026,0.3975704071161992,0.6024295928838008,0.1360588050678997,0.4854152599594868,0.5145847400405132,0.013369345037137048,0.08683275668419244,0.08683275668419244,0.09257868677377701,0.011114099994301796,0.9131672433158076,0.08683275668419244,0.1085190698504448,0.06099103018641472,221135
acdc_b1_s42ctl_mit-b1_guard_dense_gap_j9258122,2026-07-11 16:06:03,acdc,val,all,student_skd,/scratch/gautschi/manors/hf_cache/hub/models--nvidia--mit-b1/snapshots/13ddceec4e8bdf401e7cd7acf5aebc526222518c,runs/mit-b1_skd_j9200315/student_skd.ckpt,skd,GOPR0476_frame_000834_rgb_anon,/home/manors/Guardrail-Distillation/data/acdc/rgb_anon/fog/val/GOPR0476/GOPR0476_frame_000834_rgb_anon.png,fog,0.4837061501429595,0.5162938498570405,0.8981524705886841,0.930877149105072,0.13382822275161743,0.17295853793621063,0.2869083881378174,0.8554083704948425,0.4193725287914276,-5.302881240844727,5.217678070068359,0.013447712175548077,0.0988161489367485,240487,3.8804042851552367,13.317882257979363,11.779998487327248,0.28419472703549403,0.7158052729645059,75237,0.3097465419365156,0.6902534580634845,4169,0.17567172646522522,0.001730190240778029,12.130421702750027,0.4653182923793793,0.5346817076206207,0.5587838888168335,0.5719889998435974,0.09229172021150589,0.5230565667152405,0.4769434332847595,0.5860012769699097,0.6171939969062805,0.4909571707248688,0.5230565667152405,0.4769434332847595,0.5230565667152405,0.4769434332847595,0.6060540181336648,0.3939459818663352,0.9475605487823486,0.4004230299605484,0.5995769700394515,0.11622830292505437,0.4835692012473015,0.5164307987526985,0.173822659310786,0.1223478679907053,0.1223478679907053,0.06195760890841484,0.012549534440040588,0.8776521320092947,0.1223478679907053,0.08343902230262756,0.009073255583643913,191270
acdc_b1_s42ctl_mit-b1_guard_dense_gap_j9258122,2026-07-11 16:06:03,acdc,val,all,student_skd,/scratch/gautschi/manors/hf_cache/hub/models--nvidia--mit-b1/snapshots/13ddceec4e8bdf401e7cd7acf5aebc526222518c,runs/mit-b1_skd_j9200315/student_skd.ckpt,skd,GOPR0476_frame_000840_rgb_anon,/home/manors/Guardrail-Distillation/data/acdc/rgb_anon/fog/val/GOPR0476/GOPR0476_frame_000840_rgb_anon.png,fog,0.3149775645700604,0.6850224354299397,0.8083788752555847,0.9433392286300659,0.1290898323059082,0.15253055095672607,0.3135274350643158,0.8744279742240906,0.39497363567352295,-5.3726959228515625,5.301209926605225,0.017858928069472313,0.07971961796283722,240104,3.7406954797916114,13.293329800944775,11.793054000008851,0.1817643775794888,0.8182356224205112,80893,0.29415046536489076,0.7058495346351092,5654,0.1563730686903,0.0021770333405584097,11.956052971072495,0.43665993213653564,0.5633400678634644,0.5705279111862183,0.5823802947998047,0.09108293801546097,0.5227550268173218,0.4772449731826782,0.582283616065979,0.6439872980117798,0.47336772084236145,0.5227550268173218,0.4772449731826782,0.5227550268173218,0.4772449731826782,0.42235255977976477,0.5776474402202352,0.870131254196167,0.33146888712690853,0.6685311128730915,0.14970450954741965,0.3028951804522129,0.6971048195477871,0.008744715087322108,0.1073749952097045,0.1073749952097045,0.07028204202651978,0.00852963700890541,0.8926250047902955,0.1073749952097045,0.1550869643688202,0.02527238242328167,201313
acdc_b1_s42ctl_mit-b1_guard_dense_gap_j9258122,2026-07-11 16:06:03,acdc,val,all,student_skd,/scratch/gautschi/manors/hf_cache/hub/models--nvidia--mit-b1/snapshots/13ddceec4e8bdf401e7cd7acf5aebc526222518c,runs/mit-b1_skd_j9200315/student_skd.ckpt,skd,GOPR0476_frame_000845_rgb_anon,/home/manors/Guardrail-Distillation/data/acdc/rgb_anon/fog/val/GOPR0476/GOPR0476_frame_000845_rgb_anon.png,fog,0.44504350806855786,0.5549564919314421,0.891786515712738,0.9479717016220093,0.11728287488222122,0.13612040877342224,0.2622053325176239,0.8833605647087097,0.3471825122833252,-6.129336833953857,6.065589427947998,0.010593654587864876,0.06716810911893845,249017,3.7406954797916114,13.293329800944775,11.793054000008851,0.3943384526194572,0.6056615473805428,76059,0.4000923799956949,0.5999076200043051,1819,0.13817204535007477,0.0013000394683331251,11.956052971072495,0.4493609666824341,0.5506390333175659,0.5516381859779358,0.5599722862243652,0.08097261935472488,0.520232081413269,0.47976791858673096,0.5810205936431885,0.6065387725830078,0.4807151257991791,0.520232081413269,0.47976791858673096,0.520232081413269,0.47976791858673096,0.5746329057968854,0.4253670942031146,0.9428995251655579,0.5276495561697693,0.4723504438302307,0.13331110355031206,0.4610515982364288,0.5389484017635713,0.0609592182407338,0.12958939772832756,0.12958939772832756,0.06948923319578171,0.01837625540792942,0.8704106022716724,0.12958939772832756,0.09806158393621445,0.03148379549384117,209483
acdc_b1_s42ctl_mit-b1_guard_dense_gap_j9258122,2026-07-11 16:06:03,acdc,val,all,student_skd,/scratch/gautschi/manors/hf_cache/hub/models--nvidia--mit-b1/snapshots/13ddceec4e8bdf401e7cd7acf5aebc526222518c,runs/mit-b1_skd_j9200315/student_skd.ckpt,skd,GOPR0476_frame_000850_rgb_anon,/home/manors/Guardrail-Distillation/data/acdc/rgb_anon/fog/val/GOPR0476/GOPR0476_frame_000850_rgb_anon.png,fog,0.4319867356145287,0.5680132643854713,0.8393946290016174,0.9378294348716736,0.12637220323085785,0.15561705827713013,0.2746916711330414,0.8724581003189087,0.36149537563323975,-5.920886516571045,5.844655513763428,0.011070298962295055,0.08418512344360352,255639,3.7406954797916114,13.293329800944775,11.793054000008851,0.3041007488404349,0.6958992511595651,83046,0.849276722939076,0.15072327706092403,11379,0.15781472623348236,0.0015193009749054909,11.956052971072495,0.4408683478832245,0.5591316521167755,0.5623258352279663,0.5755635499954224,0.09635318070650101,0.5240696668624878,0.4759303331375122,0.5959422588348389,0.6355934739112854,0.46636727452278137,0.5240696668624878,0.4759303331375122,0.5240696668624878,0.4759303331375122,0.6118572120848204,0.38814278791517964,0.9461036920547485,0.503261617770302,0.496738382229698,0.19916086892986706,0.8616065389752289,0.13839346102477112,0.012329816036152907,0.17987047647029164,0.17987047647029164,0.12046284228563309,0.013753769919276237,0.8201295235297084,0.17987047647029164,0.14560768008232117,0.04697249084711075,207050
acdc_b1_s42ctl_mit-b1_guard_dense_gap_j9258122,2026-07-11 16:06:03,acdc,val,all,student_skd,/scratch/gautschi/manors/hf_cache/hub/models--nvidia--mit-b1/snapshots/13ddceec4e8bdf401e7cd7acf5aebc526222518c,runs/mit-b1_skd_j9200315/student_skd.ckpt,skd,GOPR0476_frame_000854_rgb_anon,/home/manors/Guardrail-Distillation/data/acdc/rgb_anon/fog/val/GOPR0476/GOPR0476_frame_000854_rgb_anon.png,fog,0.49062747977504606,0.5093725202249539,0.8700516223907471,0.92779141664505,0.14036335051059723,0.18858249485492706,0.32044869661331177,0.8499942421913147,0.4337388575077057,-5.692147254943848,5.601522445678711,0.023659024387598038,0.09896352142095566,246798,3.7406954797916114,13.293329800944775,11.793054000008851,0.37459817493657155,0.6254018250634285,79732,0.0,1.0,165,0.19118282198905945,0.001837780000641942,11.956052971072495,0.4660795331001282,0.5339204668998718,0.5579865574836731,0.5696350336074829,0.11226563155651093,0.5280369520187378,0.4719630479812622,0.6084546446800232,0.6504201889038086,0.48465049266815186,0.5280369520187378,0.4719630479812622,0.5280369520187378,0.4719630479812622,0.4797662682430324,0.5202337317569676,0.9005826711654663,0.4246809259666495,0.5753190740333505,0.05008275103007798,0.0,1.0,0.0,0.0,0.0,0.05817713215947151,0.02764609083533287,1.0,0.0,0.1045389324426651,0.012309662066400051,195114
acdc_b1_s42ctl_mit-b1_guard_dense_gap_j9258122,2026-07-11 16:06:03,acdc,val,all,student_skd,/scratch/gautschi/manors/hf_cache/hub/models--nvidia--mit-b1/snapshots/13ddceec4e8bdf401e7cd7acf5aebc526222518c,runs/mit-b1_skd_j9200315/student_skd.ckpt,skd,GOPR0476_frame_000859_rgb_anon,/home/manors/Guardrail-Distillation/data/acdc/rgb_anon/fog/val/GOPR0476/GOPR0476_frame_000859_rgb_anon.png,fog,0.38022408231150634,0.6197759176884936,0.7828075885772705,0.9178527593612671,0.14008291065692902,0.20249569416046143,0.29624828696250916,0.8383576273918152,0.4404297471046448,-5.4549360275268555,5.35429048538208,0.01257104892283678,0.11449108272790909,255985,3.6484572920016944,13.280937040690333,11.766158742830157,0.24158315979452002,0.75841684020548,82039,0.6046915725456126,0.39530842745438743,1151,0.20474740862846375,0.0018342789262533188,11.983640491962433,0.4676007032394409,0.5323992967605591,0.5620064735412598,0.5816243290901184,0.12207020819187164,0.5304796695709229,0.46952033042907715,0.5930512547492981,0.6266582012176514,0.4915495812892914,0.5304796695709229,0.46952033042907715,0.5304796695709229,0.46952033042907715,0.5411314485861943,0.45886855141380567,0.9269605875015259,0.41455419918213376,0.5854458008178662,0.1729710393876137,0.7054735013032146,0.2945264986967854,0.10078192875760206,0.16090736627468794,0.16090736627468794,0.16597847640514374,0.021825497969985008,0.8390926337253121,0.16090736627468794,0.19781628251075745,0.076102115213871,191498
acdc_b1_s42ctl_mit-b1_guard_dense_gap_j9258122,2026-07-11 16:06:03,acdc,val,all,student_skd,/scratch/gautschi/manors/hf_cache/hub/models--nvidia--mit-b1/snapshots/13ddceec4e8bdf401e7cd7acf5aebc526222518c,runs/mit-b1_skd_j9200315/student_skd.ckpt,skd,GOPR0476_frame_000864_rgb_anon,/home/manors/Guardrail-Distillation/data/acdc/rgb_anon/fog/val/GOPR0476/GOPR0476_frame_000864_rgb_anon.png,fog,0.48353756355700755,0.5164624364429924,0.8712776899337769,0.9209928512573242,0.14481709897518158,0.20534665882587433,0.32920193672180176,0.8345509171485901,0.487152099609375,-4.972303867340088,4.873292922973633,0.024949468672275543,0.10862132161855698,251829,3.6484572920016944,13.280937040690333,11.766158742830157,0.3690556558816231,0.6309443441183769,79519,0.8202416918429003,0.1797583081570997,662,0.20776548981666565,0.00163062394130975,11.983640491962433,0.4704076945781708,0.5295923054218292,0.5573687553405762,0.5719336867332458,0.1508631855249405,0.5376444458961487,0.4623555541038513,0.6154130697250366,0.6850199699401855,0.5034611821174622,0.5376444458961487,0.4623555541038513,0.5376444458961487,0.4623555541038513,0.5649462074689883,0.43505379253101173,0.9530633687973022,0.46583545731211123,0.5341645426878887,0.09677980143048814,0.6586102719033232,0.3413897280966768,0.0,0.08140864391198066,0.08140864391198066,0.09904339909553528,0.01725774258375168,0.9185913560880193,0.08140864391198066,0.12924246490001678,0.042318396270275116,193771
acdc_b1_s42ctl_mit-b1_guard_dense_gap_j9258122,2026-07-11 16:06:03,acdc,val,all,student_skd,/scratch/gautschi/manors/hf_cache/hub/models--nvidia--mit-b1/snapshots/13ddceec4e8bdf401e7cd7acf5aebc526222518c,runs/mit-b1_skd_j9200315/student_skd.ckpt,skd,GOPR0476_frame_000869_rgb_anon,/home/manors/Guardrail-Distillation/data/acdc/rgb_anon/fog/val/GOPR0476/GOPR0476_frame_000869_rgb_anon.png,fog,0.5694046671891251,0.4305953328108749,0.8811070322990417,0.951797366142273,0.12137240916490555,0.13043026626110077,0.28922444581985474,0.891210675239563,0.3438442349433899,-5.878085136413574,5.81707239151001,0.01775064691901207,0.06718574464321136,255709,3.6484572920016944,13.280937040690333,11.766158742830157,0.3953061632976367,0.6046938367023633,82621,0.459546925566343,0.540453074433657,1700,0.13235843181610107,0.0012286092387512326,11.983640491962433,0.4265632629394531,0.5734367370605469,0.5430492758750916,0.5651174783706665,0.06339096277952194,0.5158424377441406,0.4841575622558594,0.5688924193382263,0.6155575513839722,0.4827813506126404,0.5158424377441406,0.4841575622558594,0.5158424377441406,0.4841575622558594,0.6468633275715808,0.3531366724284192,0.9255286455154419,0.49562800342760194,0.5043719965723981,0.10032184012996526,0.6613031469702042,0.3386968530297958,0.20175622140386118,0.07745866038245575,0.07745866038245575,0.05471453815698624,0.010292950086295605,0.9225413396175443,0.07745866038245575,0.0696885883808136,0.012733223848044872,220807
acdc_b1_s42ctl_mit-b1_guard_dense_gap_j9258122,2026-07-11 16:06:03,acdc,val,all,student_skd,/scratch/gautschi/manors/hf_cache/hub/models--nvidia--mit-b1/snapshots/13ddceec4e8bdf401e7cd7acf5aebc526222518c,runs/mit-b1_skd_j9200315/student_skd.ckpt,skd,GOPR0476_frame_000874_rgb_anon,/home/manors/Guardrail-Distillation/data/acdc/rgb_anon/fog/val/GOPR0476/GOPR0476_frame_000874_rgb_anon.png,fog,0.46781264757593255,0.5321873524240675,0.8707627654075623,0.9436241388320923,0.12421537935733795,0.14772853255271912,0.28264233469963074,0.8752685189247131,0.3805123269557953,-6.174703598022461,6.104913711547852,0.013441539369523525,0.07731900364160538,257039,3.6484572920016944,13.280937040690333,11.766158742830157,0.38166961355025936,0.6183303864497407,82736,0.9235008103727714,0.07649918962722857,3085,0.15001027286052704,0.0013747451594099402,11.983640491962433,0.43675392866134644,0.5632460713386536,0.553668737411499,0.5667127966880798,0.07224875688552856,0.5180543065071106,0.4819456934928894,0.568218469619751,0.5947913527488708,0.46129560470581055,0.5180543065071106,0.4819456934928894,0.5180543065071106,0.4819456934928894,0.5425429415117198,0.4574570584882802,0.9091499447822571,0.461068160112209,0.5389318398877909,0.07939854656194978,0.9769854132901135,0.023014586709886542,0.05348460291734203,0.07473029393578723,0.07473029393578723,0.04991849139332771,0.011531323194503784,0.9252697060642128,0.07473029393578723,0.08216262608766556,0.008586245588958263,214288
acdc_b1_s42ctl_mit-b1_guard_dense_gap_j9258122,2026-07-11 16:06:03,acdc,val,all,student_skd,/scratch/gautschi/manors/hf_cache/hub/models--nvidia--mit-b1/snapshots/13ddceec4e8bdf401e7cd7acf5aebc526222518c,runs/mit-b1_skd_j9200315/student_skd.ckpt,skd,GOPR0476_frame_000879_rgb_anon,/home/manors/Guardrail-Distillation/data/acdc/rgb_anon/fog/val/GOPR0476/GOPR0476_frame_000879_rgb_anon.png,fog,0.5019251131627446,0.4980748868372554,0.8660324215888977,0.9425676465034485,0.12976552546024323,0.15020009875297546,0.2984650731086731,0.8776206374168396,0.3655155897140503,-5.959558486938477,5.88694429397583,0.019189296290278435,0.07820276916027069,254569,3.7972457357682288,13.329184788744897,11.801946442574263,0.3435086133544774,0.6564913866455226,81347,0.3759150805270864,0.6240849194729137,1404,0.1522034853696823,0.0015184596413746476,11.9715555338189,0.4533712863922119,0.5466287136077881,0.5498180389404297,0.5666053295135498,0.09807895123958588,0.5245000720024109,0.4754999279975891,0.5967784523963928,0.6533883810043335,0.4958653151988983,0.5245000720024109,0.4754999279975891,0.5245000720024109,0.4754999279975891,0.5173133983338312,0.48268660166616884,0.9336211681365967,0.3917902622807187,0.6082097377192812,0.04828164892624143,0.357890499194847,0.6421095008051529,0.0,0.015388285171086591,0.015388285171086591,0.10145775973796844,0.03386900946497917,0.9846117148289134,0.015388285171086591,0.1496097296476364,0.04856836423277855,212490
acdc_b1_s42ctl_mit-b1_guard_dense_gap_j9258122,2026-07-11 16:06:03,acdc,val,all,student_skd,/scratch/gautschi/manors/hf_cache/hub/models--nvidia--mit-b1/snapshots/13ddceec4e8bdf401e7cd7acf5aebc526222518c,runs/mit-b1_skd_j9200315/student_skd.ckpt,skd,GOPR0476_frame_000884_rgb_anon,/home/manors/Guardrail-Distillation/data/acdc/rgb_anon/fog/val/GOPR0476/GOPR0476_frame_000884_rgb_anon.png,fog,0.38945430699824046,0.6105456930017595,0.8100910782814026,0.9423138499259949,0.12540730834007263,0.1502874344587326,0.2796378433704376,0.8736262321472168,0.3747182786464691,-5.957548141479492,5.886064052581787,0.016822349280118942,0.07674435526132584,254364,3.7972457357682288,13.329184788744897,11.801946442574263,0.3198845273590062,0.6801154726409938,81126,0.5956673866998226,0.40433261330017745,3833,0.15274950861930847,0.001654147868975997,11.9715555338189,0.45816484093666077,0.5418351590633392,0.5557087063789368,0.5666859745979309,0.051732566207647324,0.5129302740097046,0.4870697259902954,0.5512247085571289,0.5904846787452698,0.4845055937767029,0.5129302740097046,0.4870697259902954,0.5129302740097046,0.4870697259902954,0.46674449738365315,0.5332555026163468,0.858871579170227,0.3923611315746568,0.6076388684253432,0.07247660421565061,0.635023572873773,0.364976427126227,0.039356186173950425,0.07729019038541274,0.07729019038541274,0.07259675115346909,0.023816263303160667,0.9227098096145873,0.07729019038541274,0.1103576049208641,0.017459232360124588,211139
acdc_b1_s42ctl_mit-b1_guard_dense_gap_j9258122,2026-07-11 16:06:03,acdc,val,all,student_skd,/scratch/gautschi/manors/hf_cache/hub/models--nvidia--mit-b1/snapshots/13ddceec4e8bdf401e7cd7acf5aebc526222518c,runs/mit-b1_skd_j9200315/student_skd.ckpt,skd,GOPR0476_frame_000889_rgb_anon,/home/manors/Guardrail-Distillation/data/acdc/rgb_anon/fog/val/GOPR0476/GOPR0476_frame_000889_rgb_anon.png,fog,0.28491082335841444,0.7150891766415856,0.7866517305374146,0.9114898443222046,0.15471157431602478,0.2252102494239807,0.35403451323509216,0.8316921591758728,0.47436875104904175,-5.666694641113281,5.554981708526611,0.02876153774559498,0.13151544332504272,251134,3.7972457357682288,13.329184788744897,11.801946442574263,0.1877086039540697,0.8122913960459303,77289,0.0998062015503876,0.9001937984496124,532,0.22784431278705597,0.0019184538396075368,11.9715555338189,0.46378353238105774,0.5362164676189423,0.5712838768959045,0.5918740630149841,0.17172449827194214,0.5428259372711182,0.45717406272888184,0.6657822132110596,0.7314273715019226,0.4708302915096283,0.5428259372711182,0.45717406272888184,0.5428259372711182,0.45717406272888184,0.3598609378955187,0.6401390621044813,0.8660117387771606,0.2440405295055557,0.7559594704944443,0.05633192555148592,0.0007183908045977011,0.9992816091954023,0.0,0.0749501145371042,0.0749501145371042,0.12040185928344727,0.04104183241724968,0.9250498854628958,0.0749501145371042,0.18602816760540009,0.055333007127046585,186438
acdc_b1_s42ctl_mit-b1_guard_dense_gap_j9258122,2026-07-11 16:06:03,acdc,val,all,student_skd,/scratch/gautschi/manors/hf_cache/hub/models--nvidia--mit-b1/snapshots/13ddceec4e8bdf401e7cd7acf5aebc526222518c,runs/mit-b1_skd_j9200315/student_skd.ckpt,skd,GOPR0476_frame_000894_rgb_anon,/home/manors/Guardrail-Distillation/data/acdc/rgb_anon/fog/val/GOPR0476/GOPR0476_frame_000894_rgb_anon.png,fog,0.43595645410651535,0.5640435458934847,0.8736535906791687,0.9481569528579712,0.11927622556686401,0.13786475360393524,0.27087438106536865,0.8822564482688904,0.3557024598121643,-5.813626289367676,5.749507427215576,0.014463027007877827,0.06806061416864395,255963,3.7972457357682288,13.329184788744897,11.801946442574263,0.3177016698860127,0.6822983301139873,82330,0.15846994535519127,0.8415300546448088,366,0.1398182511329651,0.0011655862908810377,11.9715555338189,0.4572904407978058,0.5427095592021942,0.5389411449432373,0.5541168451309204,0.05427307263016701,0.513564944267273,0.48643505573272705,0.5521548390388489,0.5932082533836365,0.5149821639060974,0.513564944267273,0.48643505573272705,0.513564944267273,0.48643505573272705,0.5947419025161298,0.4052580974838702,0.9483674764633179,0.50702569397184,0.49297430602815995,0.18932402408582738,0.2978142076502732,0.7021857923497268,0.139344262295082,0.1587854484096145,0.1587854484096145,0.09747111797332764,0.022757194936275482,0.8412145515903855,0.1587854484096145,0.12741294503211975,0.06291534006595612,217257
acdc_b1_s42ctl_mit-b1_guard_dense_gap_j9258122,2026-07-11 16:06:04,acdc,val,all,student_skd,/scratch/gautschi/manors/hf_cache/hub/models--nvidia--mit-b1/snapshots/13ddceec4e8bdf401e7cd7acf5aebc526222518c,runs/mit-b1_skd_j9200315/student_skd.ckpt,skd,GOPR0476_frame_000899_rgb_anon,/home/manors/Guardrail-Distillation/data/acdc/rgb_anon/fog/val/GOPR0476/GOPR0476_frame_000899_rgb_anon.png,fog,0.5051407449754302,0.49485925502456984,0.8672047853469849,0.9404826760292053,0.1266966164112091,0.15088793635368347,0.2794342339038849,0.873720645904541,0.36862462759017944,-5.604668140411377,5.53102970123291,0.01370238233357668,0.08182518184185028,251854,3.692949947435409,13.279906997922808,11.802051507402211,0.42488086022241434,0.5751191397775857,78631,0.9970064859471146,0.002993514052885393,6013,0.1529027819633484,0.0012525884667411447,11.987630452495068,0.4779213070869446,0.5220786929130554,0.5523914098739624,0.5686219334602356,0.09664291888475418,0.5241419672966003,0.47585803270339966,0.5706544518470764,0.624724805355072,0.5205653309822083,0.5241419672966003,0.47585803270339966,0.5241419672966003,0.47585803270339966,0.653735759717643,0.346264240282357,0.9483946561813354,0.6109441627665676,0.3890558372334324,0.18606330254415326,0.9995010809911857,0.0004989190088142692,0.002494595044071124,0.14859501474221282,0.14859501474221282,0.09667902439832687,0.015489132143557072,0.8514049852577872,0.14859501474221282,0.1176236942410469,0.047968264669179916,207585
acdc_b1_s42ctl_mit-b1_guard_dense_gap_j9258122,2026-07-11 16:06:04,acdc,val,all,student_skd,/scratch/gautschi/manors/hf_cache/hub/models--nvidia--mit-b1/snapshots/13ddceec4e8bdf401e7cd7acf5aebc526222518c,runs/mit-b1_skd_j9200315/student_skd.ckpt,skd,GOPR0476_frame_000904_rgb_anon,/home/manors/Guardrail-Distillation/data/acdc/rgb_anon/fog/val/GOPR0476/GOPR0476_frame_000904_rgb_anon.png,fog,0.3715177865642145,0.6284822134357855,0.8432367444038391,0.9475133419036865,0.12074138224124908,0.13407793641090393,0.26389607787132263,0.8838187456130981,0.35110923647880554,-5.629523277282715,5.5645294189453125,0.012765019200742245,0.07194902002811432,249510,3.692949947435409,13.279906997922808,11.802051507402211,0.324789611345879,0.675210388654121,78614,0.30076511612160606,0.6992348838783939,4923,0.13597431778907776,0.0011447482975199819,11.987630452495068,0.47380250692367554,0.5261974930763245,0.5584585666656494,0.5751803517341614,0.07587676495313644,0.5189601182937622,0.4810398817062378,0.5645621418952942,0.5969305038452148,0.5176873803138733,0.5189601182937622,0.4810398817062378,0.5189601182937622,0.4810398817062378,0.5639204062125327,0.4360795937874673,0.9471844434738159,0.4946475358584135,0.5053524641415865,0.16985792451253445,0.30212996879663545,0.6978700312033645,0.0013648526750293932,0.19240261964831817,0.19240261964831817,0.12324956804513931,0.01930183172225952,0.8075973803516818,0.19240261964831817,0.15072742104530334,0.07268646359443665,211051
acdc_b1_s42ctl_mit-b1_guard_dense_gap_j9258122,2026-07-11 16:06:04,acdc,val,all,student_skd,/scratch/gautschi/manors/hf_cache/hub/models--nvidia--mit-b1/snapshots/13ddceec4e8bdf401e7cd7acf5aebc526222518c,runs/mit-b1_skd_j9200315/student_skd.ckpt,skd,GOPR0476_frame_000910_rgb_anon,/home/manors/Guardrail-Distillation/data/acdc/rgb_anon/fog/val/GOPR0476/GOPR0476_frame_000910_rgb_anon.png,fog,0.40279172149949743,0.5972082785005026,0.8304002285003662,0.9373164176940918,0.12937888503074646,0.1558227688074112,0.27861738204956055,0.8739608526229858,0.35502567887306213,-6.21612024307251,6.138792991638184,0.012738061137497425,0.08869241178035736,248939,3.692949947435409,13.279906997922808,11.802051507402211,0.33002431342559485,0.6699756865744051,77606,0.21013870713658675,0.7898612928634132,4370,0.1576526015996933,0.0014327149838209152,11.987630452495068,0.4424959719181061,0.5575040280818939,0.5564325451850891,0.5720198750495911,0.11568587273359299,0.5288892984390259,0.4711107015609741,0.6049866676330566,0.6472447514533997,0.48458385467529297,0.5288892984390259,0.4711107015609741,0.5288892984390259,0.4711107015609741,0.5565588516442646,0.44344114835573545,0.9322043061256409,0.5072480031900327,0.4927519968099673,0.1772236897644378,0.7636693327267178,0.23633066727328222,0.553530625590131,0.15376713014476717,0.15376713014476717,0.12637634575366974,0.024572284892201424,0.8462328698552328,0.15376713014476717,0.15494157373905182,0.056126199662685394,202244
acdc_b1_s42ctl_mit-b1_guard_dense_gap_j9258122,2026-07-11 16:06:04,acdc,val,all,student_skd,/scratch/gautschi/manors/hf_cache/hub/models--nvidia--mit-b1/snapshots/13ddceec4e8bdf401e7cd7acf5aebc526222518c,runs/mit-b1_skd_j9200315/student_skd.ckpt,skd,GOPR0476_frame_000916_rgb_anon,/home/manors/Guardrail-Distillation/data/acdc/rgb_anon/fog/val/GOPR0476/GOPR0476_frame_000916_rgb_anon.png,fog,0.5278269241275362,0.4721730758724638,0.9027538299560547,0.9388715624809265,0.12722307443618774,0.16118793189525604,0.28418394923210144,0.8584263324737549,0.4372687041759491,-5.577877044677734,5.502470016479492,0.01484581921249628,0.08227624744176865,249902,3.692949947435409,13.279906997922808,11.802051507402211,0.39953305400798617,0.6004669459920138,78458,0.4455291768360328,0.5544708231639672,5164,0.16414237022399902,0.0018828026950359344,11.987630452495068,0.47223031520843506,0.5277696847915649,0.5550418496131897,0.5709835886955261,0.09625094383955002,0.5240442156791687,0.4759557843208313,0.5725287199020386,0.607504665851593,0.496143639087677,0.5240442156791687,0.4759557843208313,0.5240442156791687,0.4759557843208313,0.6123368635526403,0.3876631364473597,0.920728862285614,0.5146598502535501,0.4853401497464499,0.11512679624556388,0.62793210780812,0.37206789219187997,0.18240293097208726,0.0845099394251041,0.0845099394251041,0.04863906279206276,0.030664019286632538,0.9154900605748959,0.0845099394251041,0.0858016312122345,0.00791110098361969,205148
acdc_b1_s42ctl_mit-b1_guard_dense_gap_j9258122,2026-07-11 16:06:04,acdc,val,all,student_skd,/scratch/gautschi/manors/hf_cache/hub/models--nvidia--mit-b1/snapshots/13ddceec4e8bdf401e7cd7acf5aebc526222518c,runs/mit-b1_skd_j9200315/student_skd.ckpt,skd,GOPR0476_frame_000921_rgb_anon,/home/manors/Guardrail-Distillation/data/acdc/rgb_anon/fog/val/GOPR0476/GOPR0476_frame_000921_rgb_anon.png,fog,0.4779475150269256,0.5220524849730743,0.9011707305908203,0.9593442678451538,0.10235805064439774,0.10853252559900284,0.23062355816364288,0.9021666646003723,0.3021855354309082,-6.494401931762695,6.44516658782959,0.007299415767192841,0.048654794692993164,250705,3.661134745925665,13.305269763804972,11.784746253397316,0.3570100755975986,0.6429899244024013,78476,0.9332858257830262,0.06671417421697379,29469,0.11053353548049927,0.0014173437375575304,11.95032027317211,0.4267084002494812,0.5732915997505188,0.5581445693969727,0.5773629546165466,0.08388024568557739,0.5209577679634094,0.4790422320365906,0.5664186477661133,0.6170558929443359,0.45663541555404663,0.5209577679634094,0.4790422320365906,0.5209577679634094,0.4790422320365906,0.5288578670784638,0.47114213292153617,0.9633992314338684,0.38725901490919123,0.6127409850908088,0.03024893931159256,0.32132070989853745,0.6786792901014626,0.0,0.050910352051538155,0.050910352051538155,0.07214056700468063,0.00991204846650362,0.9490896479484618,0.050910352051538155,0.08730579912662506,0.027283063158392906,219225
acdc_b1_s42ctl_mit-b1_guard_dense_gap_j9258122,2026-07-11 16:06:04,acdc,val,all,student_skd,/scratch/gautschi/manors/hf_cache/hub/models--nvidia--mit-b1/snapshots/13ddceec4e8bdf401e7cd7acf5aebc526222518c,runs/mit-b1_skd_j9200315/student_skd.ckpt,skd,GOPR0476_frame_000926_rgb_anon,/home/manors/Guardrail-Distillation/data/acdc/rgb_anon/fog/val/GOPR0476/GOPR0476_frame_000926_rgb_anon.png,fog,0.45221255593834275,0.5477874440616572,0.9316056966781616,0.9612575173377991,0.10406070947647095,0.09958504140377045,0.2323361486196518,0.9139279723167419,0.26435351371765137,-6.63140869140625,6.583924293518066,0.007005759514868259,0.05222657695412636,249509,3.661134745925665,13.305269763804972,11.784746253397316,0.43439723306465267,0.5656027669353474,75909,0.8192716551304686,0.18072834486953138,7004,0.10083628445863724,0.0008658954757265747,11.95032027317211,0.42440304160118103,0.575596958398819,0.5619882941246033,0.5754943490028381,0.05150039121508598,0.5128722190856934,0.48712778091430664,0.5603778958320618,0.5929844379425049,0.4643242359161377,0.5128722190856934,0.48712778091430664,0.5128722190856934,0.48712778091430664,0.545937223645297,0.45406277635470305,0.953624963760376,0.5098483177201438,0.49015168227985617,0.07545108465549122,0.974116537319287,0.025883462680712954,0.15484488218881842,0.0937246677069542,0.0937246677069542,0.03548569604754448,0.01346644852310419,0.9062753322930458,0.0937246677069542,0.0519380085170269,0.005330469459295273,220218
acdc_b1_s42ctl_mit-b1_guard_dense_gap_j9258122,2026-07-11 16:06:04,acdc,val,all,student_skd,/scratch/gautschi/manors/hf_cache/hub/models--nvidia--mit-b1/snapshots/13ddceec4e8bdf401e7cd7acf5aebc526222518c,runs/mit-b1_skd_j9200315/student_skd.ckpt,skd,GOPR0476_frame_000931_rgb_anon,/home/manors/Guardrail-Distillation/data/acdc/rgb_anon/fog/val/GOPR0476/GOPR0476_frame_000931_rgb_anon.png,fog,0.34446413549765903,0.655535864502341,0.9239193797111511,0.97294682264328,0.08880561590194702,0.0726936087012291,0.20235580205917358,0.9305120706558228,0.23048631846904755,-6.395716667175293,6.362366199493408,0.006807337980717421,0.03398013114929199,247527,3.661134745925665,13.305269763804972,11.784746253397316,0.25954550895758866,0.7404544910424113,75609,0.3824835843955195,0.6175164156044806,5268,0.07440920919179916,0.0009081739117391407,11.95032027317211,0.4425617456436157,0.5574382543563843,0.5767002701759338,0.5942690968513489,0.12877756357192993,0.5321499705314636,0.4678500294685364,0.5716830492019653,0.671137273311615,0.46782785654067993,0.5321499705314636,0.4678500294685364,0.5321499705314636,0.4678500294685364,0.5170500880209575,0.48294991197904247,0.961600124835968,0.44249078656011426,0.5575092134398858,0.18294527760252555,0.4708124114844856,0.5291875885155144,0.08832882708896617,0.17258595252329856,0.17258595252329856,0.0454091876745224,0.007728449534624815,0.8274140474767014,0.17258595252329856,0.05945613980293274,0.015533658675849438,228012
acdc_b1_s42ctl_mit-b1_guard_dense_gap_j9258122,2026-07-11 16:06:04,acdc,val,all,student_skd,/scratch/gautschi/manors/hf_cache/hub/models--nvidia--mit-b1/snapshots/13ddceec4e8bdf401e7cd7acf5aebc526222518c,runs/mit-b1_skd_j9200315/student_skd.ckpt,skd,GOPR0476_frame_000935_rgb_anon,/home/manors/Guardrail-Distillation/data/acdc/rgb_anon/fog/val/GOPR0476/GOPR0476_frame_000935_rgb_anon.png,fog,0.5465059861921966,0.4534940138078034,0.8585659861564636,0.9454927444458008,0.12684084475040436,0.14097648859024048,0.2942124605178833,0.8895542025566101,0.3237323462963104,-6.504508972167969,6.4361724853515625,0.01675775833427906,0.07845839858055115,251764,3.661134745925665,13.305269763804972,11.784746253397316,0.3874241332539824,0.6125758667460176,79967,0.8575458392101551,0.14245416078984485,1418,0.14286234974861145,0.0016361228190362453,11.95032027317211,0.43146318197250366,0.5685368180274963,0.5511881113052368,0.5716168284416199,0.11884579062461853,0.5296765565872192,0.47032344341278076,0.6035730242729187,0.6585806608200073,0.4613356292247772,0.5296765565872192,0.47032344341278076,0.5296765565872192,0.47032344341278076,0.616408987968168,0.383591012031832,0.959720253944397,0.5006602004416084,0.4993397995583916,0.11323606718762602,0.9464033850493653,0.053596614950634724,0.08885754583921013,0.06990300177597142,0.06990300177597142,0.11198583245277405,0.01083157304674387,0.9300969982240286,0.06990300177597142,0.13209593296051025,0.0360138863325119,211455
acdc_b1_s42ctl_mit-b1_guard_dense_gap_j9258122,2026-07-11 16:06:04,acdc,val,all,student_skd,/scratch/gautschi/manors/hf_cache/hub/models--nvidia--mit-b1/snapshots/13ddceec4e8bdf401e7cd7acf5aebc526222518c,runs/mit-b1_skd_j9200315/student_skd.ckpt,skd,GOPR0476_frame_000940_rgb_anon,/home/manors/Guardrail-Distillation/data/acdc/rgb_anon/fog/val/GOPR0476/GOPR0476_frame_000940_rgb_anon.png,fog,0.3609281856634952,0.6390718143365048,0.9139970541000366,0.9578059315681458,0.11172234266996384,0.11024843156337738,0.2559919059276581,0.9075988531112671,0.28056007623672485,-6.86394739151001,6.811416149139404,0.011793076992034912,0.059028640389442444,252945,3.6496419925242662,13.285594468470663,11.757478525396436,0.25599030833325703,0.7440096916667429,81526,0.03574234092694423,0.9642576590730558,1920,0.11216636002063751,0.0013609786983579397,11.939352727495134,0.4221061170101166,0.5778938829898834,0.5518338680267334,0.5702263712882996,0.04710981622338295,0.5117753148078918,0.48822468519210815,0.5396634340286255,0.5855469107627869,0.45619845390319824,0.5117753148078918,0.48822468519210815,0.5117753148078918,0.48822468519210815,0.4783014158414786,0.5216985841585213,0.9437505602836609,0.4132860173877708,0.5867139826122292,0.15729570905451373,0.34767933057497674,0.6523206694250232,0.3119369896480326,0.11737323017798351,0.11737323017798351,0.0446065329015255,0.014853030443191528,0.8826267698220165,0.11737323017798351,0.07709580659866333,0.01116448175162077,222062
acdc_b1_s42ctl_mit-b1_guard_dense_gap_j9258122,2026-07-11 16:06:04,acdc,val,all,student_skd,/scratch/gautschi/manors/hf_cache/hub/models--nvidia--mit-b1/snapshots/13ddceec4e8bdf401e7cd7acf5aebc526222518c,runs/mit-b1_skd_j9200315/student_skd.ckpt,skd,GOPR0476_frame_000944_rgb_anon,/home/manors/Guardrail-Distillation/data/acdc/rgb_anon/fog/val/GOPR0476/GOPR0476_frame_000944_rgb_anon.png,fog,0.41076623800221757,0.5892337619977824,0.8612585067749023,0.9525145888328552,0.12258238345384598,0.12176519632339478,0.28292182087898254,0.9029585123062134,0.29379409551620483,-5.768280029296875,5.7079176902771,0.01787172257900238,0.07106485217809677,253529,3.6496419925242662,13.285594468470663,11.757478525396436,0.4098609158575808,0.5901390841424192,80774,0.5668885345702391,0.43311146542976087,50590,0.12402774393558502,0.0015945950290188193,11.939352727495134,0.41673851013183594,0.5832614898681641,0.5507943630218506,0.5718348026275635,0.08306325227022171,0.5207539200782776,0.4792460799217224,0.590909481048584,0.6501979231834412,0.43093109130859375,0.5207539200782776,0.4792460799217224,0.5207539200782776,0.4792460799217224,0.5535238421533482,0.44647615784665184,0.9429375529289246,0.4896491704657704,0.5103508295342296,0.07978825460818961,0.5918890996426526,0.40811090035734743,0.02500056507241344,0.1427576041511306,0.1427576041511306,0.09614285081624985,0.01446382887661457,0.8572423958488694,0.1427576041511306,0.12632085382938385,0.03303369879722595,220019
acdc_b1_s42ctl_mit-b1_guard_dense_gap_j9258122,2026-07-11 16:06:04,acdc,val,all,student_skd,/scratch/gautschi/manors/hf_cache/hub/models--nvidia--mit-b1/snapshots/13ddceec4e8bdf401e7cd7acf5aebc526222518c,runs/mit-b1_skd_j9200315/student_skd.ckpt,skd,GOPR0476_frame_000948_rgb_anon,/home/manors/Guardrail-Distillation/data/acdc/rgb_anon/fog/val/GOPR0476/GOPR0476_frame_000948_rgb_anon.png,fog,0.41832569373819223,0.5816743062618077,0.8902495503425598,0.9576518535614014,0.1129203662276268,0.11137475818395615,0.2631899416446686,0.9078071117401123,0.2853245437145233,-6.506486415863037,6.45358943939209,0.0135185020044446,0.0597885400056839,254614,3.6496419925242662,13.285594468470663,11.757478525396436,0.3529878538339931,0.6470121461660069,82090,0.8206967057038708,0.17930329429612923,4738,0.11316627264022827,0.0014455890050157905,11.939352727495134,0.434011846780777,0.565988153219223,0.5494221448898315,0.5716990232467651,0.04542089253664017,0.5113532543182373,0.4886467456817627,0.5487756133079529,0.5840935707092285,0.470138818025589,0.5113532543182373,0.4886467456817627,0.5113532543182373,0.4886467456817627,0.6081035534673556,0.39189644653264444,0.9489226341247559,0.552015585854596,0.447984414145404,0.19902773202060287,0.8318896981200848,0.16811030187991516,0.011192992416214076,0.18977785972916328,0.18977785972916328,0.0709269717335701,0.012253843247890472,0.8102221402708367,0.18977785972916328,0.09164460748434067,0.020827604457736015,222800
acdc_b1_s42ctl_mit-b1_guard_dense_gap_j9258122,2026-07-11 16:06:04,acdc,val,all,student_skd,/scratch/gautschi/manors/hf_cache/hub/models--nvidia--mit-b1/snapshots/13ddceec4e8bdf401e7cd7acf5aebc526222518c,runs/mit-b1_skd_j9200315/student_skd.ckpt,skd,GOPR0476_frame_000952_rgb_anon,/home/manors/Guardrail-Distillation/data/acdc/rgb_anon/fog/val/GOPR0476/GOPR0476_frame_000952_rgb_anon.png,fog,0.47189811760529693,0.528101882394703,0.9369200468063354,0.9582171440124512,0.10649354010820389,0.10902012884616852,0.23632250726222992,0.9006274938583374,0.3155437707901001,-6.117613792419434,6.066680908203125,0.006965375039726496,0.05562411621212959,252822,3.6496419925242662,13.285594468470663,11.757478525396436,0.3960942044211861,0.6039057955788139,82991,0.4796423135464231,0.5203576864535768,2628,0.11100685596466064,0.0014076055958867073,11.939352727495134,0.4500727653503418,0.5499272346496582,0.5466599464416504,0.5573822259902954,0.04261436685919762,0.5106520056724548,0.48934799432754517,0.5407286286354065,0.5668660998344421,0.5000184178352356,0.5106520056724548,0.48934799432754517,0.5106520056724548,0.48934799432754517,0.5294835707198685,0.4705164292801315,0.9544541239738464,0.5053684349881111,0.4946315650118889,0.10927423056692498,0.4958143074581431,0.5041856925418569,0.016171993911719973,0.05758545311457153,0.05758545311457153,0.041800159960985184,0.024266084656119347,0.9424145468854285,0.05758545311457153,0.06896156072616577,0.006803205236792564,220732
acdc_b1_s42ctl_mit-b1_guard_dense_gap_j9258122,2026-07-11 16:06:04,acdc,val,all,student_skd,/scratch/gautschi/manors/hf_cache/hub/models--nvidia--mit-b1/snapshots/13ddceec4e8bdf401e7cd7acf5aebc526222518c,runs/mit-b1_skd_j9200315/student_skd.ckpt,skd,GOPR0476_frame_000957_rgb_anon,/home/manors/Guardrail-Distillation/data/acdc/rgb_anon/fog/val/GOPR0476/GOPR0476_frame_000957_rgb_anon.png,fog,0.38743914989369266,0.6125608501063073,0.9091123938560486,0.9481302499771118,0.12010803818702698,0.13813556730747223,0.2787449061870575,0.8840602040290833,0.353348970413208,-6.208975315093994,6.14481782913208,0.013528947718441486,0.07155594974756241,249539,3.787691006436944,13.312457245774567,11.748193472158164,0.31647667317866085,0.6835233268213392,81438,0.2896797153024911,0.710320284697509,2017,0.14071081578731537,0.0016783003229647875,11.954405228607357,0.4434245824813843,0.5565754175186157,0.553144633769989,0.5644664764404297,0.09400420635938644,0.5234837532043457,0.4765162467956543,0.5769875049591064,0.6407567858695984,0.47243693470954895,0.5234837532043457,0.4765162467956543,0.5234837532043457,0.4765162467956543,0.4723953000609871,0.5276046999390129,0.9445337057113647,0.357995449476224,0.6420045505237759,0.04151877629756329,0.28750295298842427,0.7124970470115757,0.0,0.08495615016729441,0.08495615016729441,0.06037934124469757,0.024958021938800812,0.9150438498327056,0.08495615016729441,0.09440608322620392,0.016286032274365425,211293
acdc_b1_s42ctl_mit-b1_guard_dense_gap_j9258122,2026-07-11 16:06:04,acdc,val,all,student_skd,/scratch/gautschi/manors/hf_cache/hub/models--nvidia--mit-b1/snapshots/13ddceec4e8bdf401e7cd7acf5aebc526222518c,runs/mit-b1_skd_j9200315/student_skd.ckpt,skd,GOPR0476_frame_000962_rgb_anon,/home/manors/Guardrail-Distillation/data/acdc/rgb_anon/fog/val/GOPR0476/GOPR0476_frame_000962_rgb_anon.png,fog,0.47480037506253014,0.5251996249374699,0.953569769859314,0.9730168581008911,0.08953814953565598,0.0719270184636116,0.20975756645202637,0.9361327886581421,0.20572806894779205,-7.174446105957031,7.141186714172363,0.006167985964566469,0.0359189547598362,237841,3.787691006436944,13.312457245774567,11.748193472158164,0.35475105657468886,0.6452489434253111,76040,0.407647523081925,0.592352476918075,5693,0.07329129427671432,0.0009928039507940412,11.954405228607357,0.40466687083244324,0.5953331291675568,0.5434185266494751,0.5626528859138489,0.025606175884604454,0.5064012408256531,0.4935987591743469,0.5200944542884827,0.5568063259124756,0.4423442780971527,0.5064012408256531,0.4935987591743469,0.5064012408256531,0.4935987591743469,0.5171840395771442,0.4828159604228558,0.969164252281189,0.39090814073156327,0.6090918592684367,0.036157084156874464,0.3717386469804044,0.6282613530195956,0.0,0.04238366451461406,0.04238366451461406,0.02407490648329258,0.008480454795062542,0.9576163354853859,0.04238366451461406,0.03760074824094772,0.006958430167287588,218999
acdc_b1_s42ctl_mit-b1_guard_dense_gap_j9258122,2026-07-11 16:06:04,acdc,val,all,student_skd,/scratch/gautschi/manors/hf_cache/hub/models--nvidia--mit-b1/snapshots/13ddceec4e8bdf401e7cd7acf5aebc526222518c,runs/mit-b1_skd_j9200315/student_skd.ckpt,skd,GOPR0476_frame_000982_rgb_anon,/home/manors/Guardrail-Distillation/data/acdc/rgb_anon/fog/val/GOPR0476/GOPR0476_frame_000982_rgb_anon.png,fog,0.5449479796341601,0.4550520203658399,0.92226243019104,0.9578726887702942,0.11120641231536865,0.10675136744976044,0.24674636125564575,0.9104427695274353,0.26795119047164917,-7.013158798217773,6.960850715637207,0.010410021990537643,0.05946098268032074,241402,3.787691006436944,13.312457245774567,11.748193472158164,0.31810058395561636,0.6818994160443836,74177,0.6958918004710826,0.30410819952891743,8152,0.10861995816230774,0.0014624901814386249,11.954405228607357,0.3857152760028839,0.6142847239971161,0.5448470711708069,0.5604704022407532,0.08551666885614395,0.5213661193847656,0.4786338806152344,0.5511194467544556,0.6118046045303345,0.4267556965351105,0.5213661193847656,0.4786338806152344,0.5213661193847656,0.4786338806152344,0.6580114462274137,0.3419885537725863,0.9552282094955444,0.46677112544844035,0.5332288745515597,0.148670541492824,0.9856430686172065,0.01435693138279348,0.28975126814612395,0.11306346659325361,0.11306346659325361,0.04773365706205368,0.014767897315323353,0.8869365334067464,0.11306346659325361,0.07021897286176682,0.014084390364587307,211668
acdc_b1_s42ctl_mit-b1_guard_dense_gap_j9258122,2026-07-11 16:06:04,acdc,val,all,student_skd,/scratch/gautschi/manors/hf_cache/hub/models--nvidia--mit-b1/snapshots/13ddceec4e8bdf401e7cd7acf5aebc526222518c,runs/mit-b1_skd_j9200315/student_skd.ckpt,skd,GOPR0476_frame_001002_rgb_anon,/home/manors/Guardrail-Distillation/data/acdc/rgb_anon/fog/val/GOPR0476/GOPR0476_frame_001002_rgb_anon.png,fog,0.4561133535068353,0.5438866464931646,0.8050671219825745,0.9379866123199463,0.12734609842300415,0.15938708186149597,0.2805791199207306,0.8640006184577942,0.4082883298397064,-5.604227066040039,5.52799129486084,0.013706065714359283,0.0838567391037941,254267,3.787691006436944,13.312457245774567,11.748193472158164,0.3162249654882723,0.6837750345117277,81884,0.33266360505166476,0.6673363949483353,8101,0.16201844811439514,0.001696348306722939,11.954405228607357,0.44060760736465454,0.5593923926353455,0.5608352422714233,0.5853421092033386,0.20703373849391937,0.5515743494033813,0.44842565059661865,0.6402517557144165,0.7518794536590576,0.4766218662261963,0.5515743494033813,0.44842565059661865,0.5515743494033813,0.44842565059661865,0.5638643822096044,0.43613561779039556,0.8754183650016785,0.48285676948043493,0.5171432305195651,0.1666318039921626,0.435361488904796,0.564638511095204,0.10269788385313128,0.10775102870276909,0.10775102870276909,0.08519784361124039,0.014846598729491234,0.8922489712972309,0.10775102870276909,0.1130976527929306,0.019149161875247955,206397
acdc_b1_s42ctl_mit-b1_guard_dense_gap_j9258122,2026-07-11 16:06:05,acdc,val,all,student_skd,/scratch/gautschi/manors/hf_cache/hub/models--nvidia--mit-b1/snapshots/13ddceec4e8bdf401e7cd7acf5aebc526222518c,runs/mit-b1_skd_j9200315/student_skd.ckpt,skd,GOPR0476_frame_001007_rgb_anon,/home/manors/Guardrail-Distillation/data/acdc/rgb_anon/fog/val/GOPR0476/GOPR0476_frame_001007_rgb_anon.png,fog,0.5755914085169784,0.42440859148302157,0.9332477450370789,0.9562228322029114,0.1067751944065094,0.11749298870563507,0.24122357368469238,0.8893610835075378,0.3600400686264038,-5.2451982498168945,5.192093372344971,0.007891887798905373,0.05345069617033005,249370,3.649391990620643,13.287956709973514,11.763515998609364,0.5336842055178415,0.46631579448215854,78880,0.581529131580206,0.418470868419794,67503,0.11964811384677887,0.0012210312997922301,11.992085492238402,0.48131272196769714,0.5186872780323029,0.5738095045089722,0.5808067321777344,0.11685860902070999,0.5291814804077148,0.47081851959228516,0.5858266949653625,0.631619393825531,0.48888343572616577,0.5291814804077148,0.47081851959228516,0.5291814804077148,0.47081851959228516,0.6566273521965085,0.3433726478034915,0.9532381296157837,0.5992885626647977,0.4007114373352023,0.06560435714695623,0.6274531537200495,0.3725468462799505,0.04592402213984348,0.08103594367953004,0.08103594367953004,0.0337490476667881,0.013758671469986439,0.91896405632047,0.08103594367953004,0.05412840098142624,0.007992140017449856,215184
acdc_b1_s42ctl_mit-b1_guard_dense_gap_j9258122,2026-07-11 16:06:05,acdc,val,all,student_skd,/scratch/gautschi/manors/hf_cache/hub/models--nvidia--mit-b1/snapshots/13ddceec4e8bdf401e7cd7acf5aebc526222518c,runs/mit-b1_skd_j9200315/student_skd.ckpt,skd,GOPR0476_frame_001011_rgb_anon,/home/manors/Guardrail-Distillation/data/acdc/rgb_anon/fog/val/GOPR0476/GOPR0476_frame_001011_rgb_anon.png,fog,0.40970158476531604,0.590298415234684,0.8871197700500488,0.9592598080635071,0.10734609514474869,0.10303784161806107,0.2347596287727356,0.9088386297225952,0.27848923206329346,-6.238215923309326,6.188060283660889,0.00854822900146246,0.05422472953796387,252099,3.649391990620643,13.287956709973514,11.763515998609364,0.24981932040162871,0.7501806795983713,79012,0.13302034428794993,0.86697965571205,3553,0.10475578159093857,0.001061418792232871,11.992085492238402,0.4491425156593323,0.5508574843406677,0.5382264852523804,0.5532252788543701,0.0347859263420105,0.5086956024169922,0.4913043975830078,0.5343809723854065,0.5714872479438782,0.5051419138908386,0.5086956024169922,0.4913043975830078,0.5086956024169922,0.4913043975830078,0.48284125319559434,0.5171587468044057,0.9246208667755127,0.38141541929089606,0.6185845807091039,0.13159609888926738,0.05299145299145299,0.947008547008547,0.0,0.0731396684302783,0.0731396684302783,0.04851268604397774,0.011011547408998013,0.9268603315697217,0.0731396684302783,0.06514107435941696,0.013796167448163033,221139
acdc_b1_s42ctl_mit-b1_guard_dense_gap_j9258122,2026-07-11 16:06:05,acdc,val,all,student_skd,/scratch/gautschi/manors/hf_cache/hub/models--nvidia--mit-b1/snapshots/13ddceec4e8bdf401e7cd7acf5aebc526222518c,runs/mit-b1_skd_j9200315/student_skd.ckpt,skd,GOPR0476_frame_001015_rgb_anon,/home/manors/Guardrail-Distillation/data/acdc/rgb_anon/fog/val/GOPR0476/GOPR0476_frame_001015_rgb_anon.png,fog,0.476330015007405,0.523669984992595,0.9031941890716553,0.9660404920578003,0.09891252964735031,0.08985608071088791,0.2251804918050766,0.919882595539093,0.2532089650630951,-6.7514543533325195,6.709665775299072,0.007910341955721378,0.045098040252923965,252960,3.649391990620643,13.287956709973514,11.763515998609364,0.3180037038259448,0.6819962961740552,79703,0.42545292545292546,0.5745470745470745,3371,0.09121066331863403,0.0008194237598218024,11.992085492238402,0.42465853691101074,0.5753414630889893,0.5596030354499817,0.5785844922065735,0.047985732555389404,0.5119941234588623,0.4880058765411377,0.5470262169837952,0.5830695629119873,0.4668519198894501,0.5119941234588623,0.4880058765411377,0.5119941234588623,0.4880058765411377,0.6500008838741915,0.3499991161258085,0.9568666815757751,0.513337763514276,0.48666223648572404,0.19533405968833117,0.43870871764355845,0.5612912823564415,0.013255792190632998,0.1736708688667865,0.1736708688667865,0.0673149898648262,0.01364247314631939,0.8263291311332135,0.1736708688667865,0.08724304288625717,0.03123023360967636,227466
acdc_b1_s42ctl_mit-b1_guard_dense_gap_j9258122,2026-07-11 16:06:05,acdc,val,all,student_skd,/scratch/gautschi/manors/hf_cache/hub/models--nvidia--mit-b1/snapshots/13ddceec4e8bdf401e7cd7acf5aebc526222518c,runs/mit-b1_skd_j9200315/student_skd.ckpt,skd,GOPR0476_frame_001019_rgb_anon,/home/manors/Guardrail-Distillation/data/acdc/rgb_anon/fog/val/GOPR0476/GOPR0476_frame_001019_rgb_anon.png,fog,0.40028225230972775,0.5997177476902722,0.9198191165924072,0.9667462706565857,0.09983975440263748,0.08534836769104004,0.22228406369686127,0.9256596565246582,0.22702224552631378,-6.747488021850586,6.70610237121582,0.00953463464975357,0.043468132615089417,248987,3.649391990620643,13.287956709973514,11.763515998609364,0.2735853508119271,0.726414649188073,77246,0.47846232179226067,0.5215376782077393,9820,0.08657325059175491,0.0008023388800211251,11.992085492238402,0.4103517532348633,0.5896482467651367,0.5384036898612976,0.5642469525337219,0.029385734349489212,0.5073459148406982,0.49265408515930176,0.5342365503311157,0.5599661469459534,0.4675842821598053,0.5073459148406982,0.49265408515930176,0.5073459148406982,0.49265408515930176,0.5711881367104258,0.4288118632895742,0.9697654843330383,0.4981413862660068,0.5018586137339932,0.22455603545407976,0.703766475752253,0.29623352424774696,0.22530415395999237,0.17090588440069798,0.17090588440069798,0.060493119060993195,0.010546735487878323,0.829094115599302,0.17090588440069798,0.07483121752738953,0.030218446627259254,224564
acdc_b1_s42ctl_mit-b1_guard_dense_gap_j9258122,2026-07-11 16:06:05,acdc,val,all,student_skd,/scratch/gautschi/manors/hf_cache/hub/models--nvidia--mit-b1/snapshots/13ddceec4e8bdf401e7cd7acf5aebc526222518c,runs/mit-b1_skd_j9200315/student_skd.ckpt,skd,GOPR0476_frame_001024_rgb_anon,/home/manors/Guardrail-Distillation/data/acdc/rgb_anon/fog/val/GOPR0476/GOPR0476_frame_001024_rgb_anon.png,fog,0.4393478647224384,0.5606521352775615,0.8642539381980896,0.9482560157775879,0.11993969976902008,0.1329517364501953,0.26786088943481445,0.8869764804840088,0.338266521692276,-6.092709064483643,6.028666019439697,0.013032494112849236,0.06961189955472946,246998,3.646424738690257,13.284674263559282,11.785966285970062,0.24193652285545184,0.7580634771445481,75938,0.13154991726420298,0.868450082735797,1875,0.13476720452308655,0.0013269656337797642,11.96296775015071,0.4475440979003906,0.5524559020996094,0.5383524298667908,0.561133623123169,0.04731547459959984,0.5118266940116882,0.48817330598831177,0.5429259538650513,0.5632370710372925,0.4938105642795563,0.5118266940116882,0.48817330598831177,0.5118266940116882,0.48817330598831177,0.5486573164889488,0.4513426835110512,0.9354286193847656,0.4193454099013707,0.5806545900986293,0.17740888704591884,0.37093215664644236,0.6290678433535577,0.23938223938223935,0.1093094517665103,0.1093094517665103,0.08742985874414444,0.016255192458629608,0.8906905482334897,0.1093094517665103,0.1106729581952095,0.026060938835144043,208674
acdc_b1_s42ctl_mit-b1_guard_dense_gap_j9258122,2026-07-11 16:06:05,acdc,val,all,student_skd,/scratch/gautschi/manors/hf_cache/hub/models--nvidia--mit-b1/snapshots/13ddceec4e8bdf401e7cd7acf5aebc526222518c,runs/mit-b1_skd_j9200315/student_skd.ckpt,skd,GOPR0476_frame_001029_rgb_anon,/home/manors/Guardrail-Distillation/data/acdc/rgb_anon/fog/val/GOPR0476/GOPR0476_frame_001029_rgb_anon.png,fog,0.4192235307672898,0.5807764692327102,0.9102189540863037,0.9566694498062134,0.11218179017305374,0.10858560353517532,0.24581682682037354,0.9079899191856384,0.27014070749282837,-6.802408218383789,6.748605251312256,0.009831085801124573,0.060829587280750275,243615,3.646424738690257,13.284674263559282,11.785966285970062,0.2943575265571698,0.7056424734428302,74367,0.6821873308067136,0.31781266919328643,1847,0.10994511842727661,0.0010083293309435248,11.96296775015071,0.4266320765018463,0.5733679234981537,0.5506587624549866,0.5708795785903931,0.060402482748031616,0.5150960683822632,0.4849039316177368,0.5533116459846497,0.5883505344390869,0.47167277336120605,0.5150960683822632,0.4849039316177368,0.5150960683822632,0.4849039316177368,0.48674772805492494,0.5132522719450751,0.9528271555900574,0.3889729537158811,0.611027046284119,0.09461542715871119,0.4168922577152139,0.5831077422847861,0.0,0.06752419728763515,0.06752419728763515,0.05389651656150818,0.011288302950561047,0.9324758027123649,0.06752419728763515,0.07112041115760803,0.012310407124459743,212958
acdc_b1_s42ctl_mit-b1_guard_dense_gap_j9258122,2026-07-11 16:06:05,acdc,val,all,student_skd,/scratch/gautschi/manors/hf_cache/hub/models--nvidia--mit-b1/snapshots/13ddceec4e8bdf401e7cd7acf5aebc526222518c,runs/mit-b1_skd_j9200315/student_skd.ckpt,skd,GOPR0476_frame_001033_rgb_anon,/home/manors/Guardrail-Distillation/data/acdc/rgb_anon/fog/val/GOPR0476/GOPR0476_frame_001033_rgb_anon.png,fog,0.4554706881186961,0.5445293118813039,0.9074340462684631,0.9652023315429688,0.10298840701580048,0.09054452180862427,0.2364313155412674,0.9237895607948303,0.2321852147579193,-7.100164413452148,7.056768417358398,0.00989543553441763,0.048956580460071564,247791,3.646424738690257,13.284674263559282,11.785966285970062,0.32921138861359694,0.670788611386403,76423,0.8786011958688168,0.1213988041311832,5519,0.09201943874359131,0.0009236918995156884,11.96296775015071,0.41328054666519165,0.5867194533348083,0.560238778591156,0.5774688720703125,0.06375187635421753,0.515932559967041,0.484067440032959,0.5622175335884094,0.6066017150878906,0.4499576985836029,0.515932559967041,0.484067440032959,0.515932559967041,0.484067440032959,0.49000351463798886,0.5099964853620111,0.9289522171020508,0.37354859233612564,0.6264514076638743,0.044337203722528695,0.9932958869360391,0.006704113063960904,0.1146946910672223,0.03453282651929279,0.03453282651929279,0.03510216251015663,0.013584027998149395,0.9654671734807072,0.03453282651929279,0.058831837028265,0.008575775660574436,222896
acdc_b1_s42ctl_mit-b1_guard_dense_gap_j9258122,2026-07-11 16:06:05,acdc,val,all,student_skd,/scratch/gautschi/manors/hf_cache/hub/models--nvidia--mit-b1/snapshots/13ddceec4e8bdf401e7cd7acf5aebc526222518c,runs/mit-b1_skd_j9200315/student_skd.ckpt,skd,GOPR0476_frame_001039_rgb_anon,/home/manors/Guardrail-Distillation/data/acdc/rgb_anon/fog/val/GOPR0476/GOPR0476_frame_001039_rgb_anon.png,fog,0.37866293929564093,0.6213370607043591,0.923410177230835,0.9671329259872437,0.09784707427024841,0.07734976708889008,0.2037995606660843,0.9342158436775208,0.19030846655368805,-6.670242786407471,6.629980564117432,0.0031164188403636217,0.04863062873482704,248362,3.646424738690257,13.284674263559282,11.785966285970062,0.3256165687240928,0.6743834312759072,77688,0.2161404885508471,0.7838595114491529,2551,0.07844371348619461,0.0008119752164930105,11.96296775015071,0.41988444328308105,0.580115556716919,0.5705717206001282,0.5883083343505859,0.040404919534921646,0.5100998878479004,0.4899001121520996,0.5457249879837036,0.6006784439086914,0.4585162103176117,0.5100998878479004,0.4899001121520996,0.5100998878479004,0.4899001121520996,0.5128135500139417,0.4871864499860583,0.970204770565033,0.39612183014335456,0.6038781698566454,0.07050526141926172,0.36063217076250254,0.6393678292374975,0.14449168221165543,0.1341506107183008,0.1341506107183008,0.052032917737960815,0.0052383216097950935,0.8658493892816992,0.1341506107183008,0.060069575905799866,0.013097817078232765,223606
acdc_b1_s42ctl_mit-b1_guard_dense_gap_j9258122,2026-07-11 16:06:05,acdc,val,all,student_skd,/scratch/gautschi/manors/hf_cache/hub/models--nvidia--mit-b1/snapshots/13ddceec4e8bdf401e7cd7acf5aebc526222518c,runs/mit-b1_skd_j9200315/student_skd.ckpt,skd,GOPR0476_frame_001055_rgb_anon,/home/manors/Guardrail-Distillation/data/acdc/rgb_anon/fog/val/GOPR0476/GOPR0476_frame_001055_rgb_anon.png,fog,0.4681193291131263,0.5318806708868737,0.8588910698890686,0.9593400359153748,0.10498078167438507,0.10494201630353928,0.22805505990982056,0.9056430459022522,0.28900015354156494,-6.3301801681518555,6.280611991882324,0.007513994351029396,0.05398736894130707,250466,3.648734709713608,13.271864503622055,11.77818124415353,0.334527715206876,0.665472284793124,78914,0.5347194469082444,0.46528055309175564,20914,0.10665131360292435,0.0011144895106554031,11.967038037255406,0.4526056945323944,0.5473943054676056,0.5565700531005859,0.5706794261932373,0.05661114305257797,0.514149010181427,0.485850989818573,0.5510430932044983,0.5771278738975525,0.4922763705253601,0.514149010181427,0.485850989818573,0.514149010181427,0.485850989818573,0.4813483246089303,0.5186516753910697,0.9183921813964844,0.368990459610964,0.631009540389036,0.03446274440408803,0.5105688767721785,0.48943112322782145,0.0,0.01322899549580403,0.01322899549580403,0.07658924162387848,0.0170881487429142,0.986771004504196,0.01322899549580403,0.09917114675045013,0.0368553027510643,219724
acdc_b1_s42ctl_mit-b1_guard_dense_gap_j9258122,2026-07-11 16:06:05,acdc,val,all,student_skd,/scratch/gautschi/manors/hf_cache/hub/models--nvidia--mit-b1/snapshots/13ddceec4e8bdf401e7cd7acf5aebc526222518c,runs/mit-b1_skd_j9200315/student_skd.ckpt,skd,GOPR0476_frame_001060_rgb_anon,/home/manors/Guardrail-Distillation/data/acdc/rgb_anon/fog/val/GOPR0476/GOPR0476_frame_001060_rgb_anon.png,fog,0.44048492716213006,0.5595150728378699,0.8852531313896179,0.9633029103279114,0.09900909662246704,0.09070265293121338,0.2063048928976059,0.9198887944221497,0.23263905942440033,-6.848995685577393,6.804603576660156,0.0032618751283735037,0.04910604655742645,252922,3.648734709713608,13.271864503622055,11.77818124415353,0.3437999784868225,0.6562000215131776,80628,0.328435718809373,0.671564281190627,8159,0.09217055886983871,0.0009149014949798584,11.967038037255406,0.4237263798713684,0.5762736201286316,0.5512338876724243,0.5705925226211548,0.05399920791387558,0.5134965181350708,0.4865034818649292,0.5514447689056396,0.5910732746124268,0.46451207995414734,0.5134965181350708,0.4865034818649292,0.5134965181350708,0.4865034818649292,0.5716948501948514,0.42830514980514856,0.9548318982124329,0.4513808983842895,0.5486191016157105,0.1075809198974671,0.3270251075740485,0.6729748924259515,0.0,0.1312099230327214,0.1312099230327214,0.07529594004154205,0.005717177409678698,0.8687900769672786,0.1312099230327214,0.08492736518383026,0.03165007382631302,224869
acdc_b1_s42ctl_mit-b1_guard_dense_gap_j9258122,2026-07-11 16:06:05,acdc,val,all,student_skd,/scratch/gautschi/manors/hf_cache/hub/models--nvidia--mit-b1/snapshots/13ddceec4e8bdf401e7cd7acf5aebc526222518c,runs/mit-b1_skd_j9200315/student_skd.ckpt,skd,GP010476_frame_000001_rgb_anon,/home/manors/Guardrail-Distillation/data/acdc/rgb_anon/fog/val/GP010476/GP010476_frame_000001_rgb_anon.png,fog,0.3909841430920915,0.6090158569079085,0.8593336939811707,0.9642177820205688,0.09775085002183914,0.09092605859041214,0.21127067506313324,0.9186619520187378,0.2454455941915512,-6.635079383850098,6.591721534729004,0.005303050857037306,0.044881630688905716,254759,3.648734709713608,13.271864503622055,11.77818124415353,0.32796959939458753,0.6720304006054125,83139,0.4570100143061516,0.5429899856938484,7921,0.09223417937755585,0.0009906536433845758,11.967038037255406,0.437115877866745,0.562884122133255,0.5641539692878723,0.5798291563987732,0.053837958723306656,0.5134562849998474,0.4865437150001526,0.560324490070343,0.5944618582725525,0.46933192014694214,0.5134562849998474,0.4865437150001526,0.5134562849998474,0.4865437150001526,0.674806443697225,0.325193556302775,0.951169490814209,0.5917688717217768,0.40823112827822317,0.26379927232718936,0.8641861613348145,0.13581383866518548,0.4071761470286629,0.28382230060513347,0.28382230060513347,0.1008482500910759,0.009012438356876373,0.7161776993948665,0.28382230060513347,0.11879854649305344,0.05777616798877716,226497
acdc_b1_s42ctl_mit-b1_guard_dense_gap_j9258122,2026-07-11 16:06:05,acdc,val,all,student_skd,/scratch/gautschi/manors/hf_cache/hub/models--nvidia--mit-b1/snapshots/13ddceec4e8bdf401e7cd7acf5aebc526222518c,runs/mit-b1_skd_j9200315/student_skd.ckpt,skd,GP010476_frame_000006_rgb_anon,/home/manors/Guardrail-Distillation/data/acdc/rgb_anon/fog/val/GP010476/GP010476_frame_000006_rgb_anon.png,fog,0.2744627785885055,0.7255372214114946,0.8772891759872437,0.967411994934082,0.09740464389324188,0.07995736598968506,0.20720143616199493,0.9303776621818542,0.20863217115402222,-6.82426643371582,6.784296035766602,0.004489087034016848,0.04716090112924576,255063,3.648734709713608,13.271864503622055,11.77818124415353,0.2161959683676374,0.7838040316323626,81929,0.2825358531028012,0.7174641468971987,7898,0.08091441541910172,0.0008179027936421335,11.967038037255406,0.4099847674369812,0.5900152325630188,0.5595098733901978,0.574871838092804,0.059458259493112564,0.514860212802887,0.48513978719711304,0.5539271235466003,0.6091843843460083,0.4505658447742462,0.514860212802887,0.48513978719711304,0.514860212802887,0.48513978719711304,0.46341832518670656,0.5365816748132934,0.9481422901153564,0.3337969495913912,0.6662030504086087,0.11760098122375384,0.2814057172829793,0.7185942827170206,0.0,0.18895554659820113,0.18895554659820113,0.08444973081350327,0.013596641831099987,0.8110444534017989,0.18895554659820113,0.11213308572769165,0.04451841488480568,230364
acdc_b1_s42ctl_mit-b1_guard_dense_gap_j9258122,2026-07-11 16:06:05,acdc,val,all,student_skd,/scratch/gautschi/manors/hf_cache/hub/models--nvidia--mit-b1/snapshots/13ddceec4e8bdf401e7cd7acf5aebc526222518c,runs/mit-b1_skd_j9200315/student_skd.ckpt,skd,GP010476_frame_000010_rgb_anon,/home/manors/Guardrail-Distillation/data/acdc/rgb_anon/fog/val/GP010476/GP010476_frame_000010_rgb_anon.png,fog,0.36018890699120243,0.6398110930087976,0.906245231628418,0.9669991731643677,0.09734131395816803,0.08434835821390152,0.21560433506965637,0.9271098971366882,0.21890221536159515,-7.12130880355835,7.08085298538208,0.006727610249072313,0.044345706701278687,254771,3.647094708867371,13.318102282937616,11.792023957241327,0.24973981139485354,0.7502601886051464,82329,0.4751135841543723,0.5248864158456277,19589,0.08563019335269928,0.0008731447742320597,11.952480243053287,0.4126766622066498,0.5873233377933502,0.5541761517524719,0.5755860805511475,0.04128658026456833,0.5103201866149902,0.48967981338500977,0.5373347997665405,0.5815673470497131,0.4585891366004944,0.5103201866149902,0.48967981338500977,0.5103201866149902,0.48967981338500977,0.4088235158622068,0.5911764841377932,0.9502965211868286,0.3232234697204593,0.6767765302795408,0.07348365832560566,0.47822757670120986,0.5217724232987901,0.0031139925468375296,0.04863460887100435,0.04863460887100435,0.05482963100075722,0.010778306983411312,0.9513653911289957,0.04863460887100435,0.07194696366786957,0.02504602260887623,229656
acdc_b1_s42ctl_mit-b1_guard_dense_gap_j9258122,2026-07-11 16:06:05,acdc,val,all,student_skd,/scratch/gautschi/manors/hf_cache/hub/models--nvidia--mit-b1/snapshots/13ddceec4e8bdf401e7cd7acf5aebc526222518c,runs/mit-b1_skd_j9200315/student_skd.ckpt,skd,GP010476_frame_000014_rgb_anon,/home/manors/Guardrail-Distillation/data/acdc/rgb_anon/fog/val/GP010476/GP010476_frame_000014_rgb_anon.png,fog,0.573362003900537,0.42663799609946296,0.8898077011108398,0.9452360272407532,0.12482775002717972,0.13910049200057983,0.276813268661499,0.8850964307785034,0.3395385146141052,-6.409192085266113,6.341009140014648,0.013205978088080883,0.07893002778291702,255036,3.647094708867371,13.318102282937616,11.792023957241327,0.45533653596309903,0.544663464036901,81912,0.49043899026409377,0.5095610097359062,34400,0.1413096785545349,0.0014211370144039392,11.952480243053287,0.4443091154098511,0.5556908845901489,0.5576436519622803,0.573390007019043,0.12701216340065002,0.5317103862762451,0.4682896137237549,0.5979031324386597,0.6843886375427246,0.4656681716442108,0.5317103862762451,0.4682896137237549,0.5317103862762451,0.4682896137237549,0.5574463464374335,0.4425536535625665,0.941349446773529,0.4336363866621409,0.5663636133378591,0.0,0.3309333644260479,0.6690666355739521,0.0,0.0,0.0,0.07015087455511093,0.01860913634300232,1.0,0.0,0.10463620722293854,0.01914631575345993,214599
acdc_b1_s42ctl_mit-b1_guard_dense_gap_j9258122,2026-07-11 16:06:05,acdc,val,all,student_skd,/scratch/gautschi/manors/hf_cache/hub/models--nvidia--mit-b1/snapshots/13ddceec4e8bdf401e7cd7acf5aebc526222518c,runs/mit-b1_skd_j9200315/student_skd.ckpt,skd,GP010476_frame_000018_rgb_anon,/home/manors/Guardrail-Distillation/data/acdc/rgb_anon/fog/val/GP010476/GP010476_frame_000018_rgb_anon.png,fog,0.44368163637085195,0.556318363629148,0.9111667275428772,0.9523779153823853,0.11674898862838745,0.11607462167739868,0.25194934010505676,0.9048764705657959,0.27180448174476624,-6.385899543762207,6.326895236968994,0.00985707063227892,0.06825752556324005,250683,3.647094708867371,13.318102282937616,11.792023957241327,0.3519354132027761,0.6480645867972239,78450,0.46035259704324455,0.5396474029567555,12649,0.11765415221452713,0.001130551565438509,11.952480243053287,0.43443894386291504,0.565561056137085,0.5483216047286987,0.5664566159248352,0.11676313728094101,0.5291576981544495,0.47084230184555054,0.5799169540405273,0.6524393558502197,0.48106056451797485,0.5291576981544495,0.47084230184555054,0.5291576981544495,0.47084230184555054,0.6160519255876735,0.3839480744123265,0.9451459050178528,0.48540572756717487,0.5145942724328252,0.1334703143643987,0.9765198829947032,0.02348011700529684,0.5161672859514587,0.17237028921682152,0.17237028921682152,0.05417998135089874,0.020200813189148903,0.8276297107831785,0.17237028921682152,0.07975810766220093,0.015493672341108322,214817
acdc_b1_s42ctl_mit-b1_guard_dense_gap_j9258122,2026-07-11 16:06:05,acdc,val,all,student_skd,/scratch/gautschi/manors/hf_cache/hub/models--nvidia--mit-b1/snapshots/13ddceec4e8bdf401e7cd7acf5aebc526222518c,runs/mit-b1_skd_j9200315/student_skd.ckpt,skd,GP010476_frame_000022_rgb_anon,/home/manors/Guardrail-Distillation/data/acdc/rgb_anon/fog/val/GP010476/GP010476_frame_000022_rgb_anon.png,fog,0.5080892849792933,0.4919107150207067,0.9127927422523499,0.9541024565696716,0.11156465858221054,0.11773083359003067,0.24488049745559692,0.8978617191314697,0.30487310886383057,-6.62037992477417,6.5641679763793945,0.00849410891532898,0.06073540449142456,257708,3.647094708867371,13.318102282937616,11.792023957241327,0.41305830330882326,0.5869416966911767,83285,0.4750937332619175,0.5249062667380825,9335,0.1192966029047966,0.0011196128325536847,11.952480243053287,0.4387783706188202,0.5612216293811798,0.5532717704772949,0.563644289970398,0.05454722419381142,0.5136334300041199,0.4863665699958801,0.5528179407119751,0.5720916390419006,0.4694761335849762,0.5136334300041199,0.4863665699958801,0.5136334300041199,0.4863665699958801,0.5566279904772126,0.44337200952278744,0.9555193781852722,0.469035956029423,0.530964043970577,0.055977652720599735,0.4742903053026245,0.5257096946973755,0.0,0.04853870549791928,0.04853870549791928,0.058597322553396225,0.015870673581957817,0.9514612945020807,0.04853870549791928,0.07933785021305084,0.025125334039330482,221905
acdc_b1_s42ctl_mit-b1_guard_dense_gap_j9258122,2026-07-11 16:06:05,acdc,val,all,student_skd,/scratch/gautschi/manors/hf_cache/hub/models--nvidia--mit-b1/snapshots/13ddceec4e8bdf401e7cd7acf5aebc526222518c,runs/mit-b1_skd_j9200315/student_skd.ckpt,skd,GP010476_frame_000026_rgb_anon,/home/manors/Guardrail-Distillation/data/acdc/rgb_anon/fog/val/GP010476/GP010476_frame_000026_rgb_anon.png,fog,0.4424083736857762,0.5575916263142238,0.9169741868972778,0.9585486054420471,0.10585875809192657,0.11153268069028854,0.2427971363067627,0.899076521396637,0.32296836376190186,-5.744565486907959,5.6939167976379395,0.00862683355808258,0.05231527239084244,252584,3.6468797479756176,13.278231723234057,11.790221265982836,0.3719888868973822,0.6280111131026178,80056,0.8915710328452711,0.10842896715472894,2527,0.11333128064870834,0.0011490040924400091,12.052951264195144,0.45537805557250977,0.5446219444274902,0.5558441281318665,0.5730648636817932,0.05067829415202141,0.5126668810844421,0.48733311891555786,0.5596917867660522,0.5900487899780273,0.5044572949409485,0.5126668810844421,0.48733311891555786,0.5126668810844421,0.48733311891555786,0.43166610345141593,0.568333896548584,0.9046772718429565,0.3474755658192347,0.6525244341807652,0.0,0.8428967154728928,0.1571032845271072,0.0,0.0,0.0,0.018203845247626305,0.0305007454007864,1.0,0.0,0.05769961699843407,0.001995375845581293,220785
acdc_b1_s42ctl_mit-b1_guard_dense_gap_j9258122,2026-07-11 16:06:05,acdc,val,all,student_skd,/scratch/gautschi/manors/hf_cache/hub/models--nvidia--mit-b1/snapshots/13ddceec4e8bdf401e7cd7acf5aebc526222518c,runs/mit-b1_skd_j9200315/student_skd.ckpt,skd,GP010476_frame_000031_rgb_anon,/home/manors/Guardrail-Distillation/data/acdc/rgb_anon/fog/val/GP010476/GP010476_frame_000031_rgb_anon.png,fog,0.5209328343343066,0.4790671656656934,0.8953056335449219,0.9523053765296936,0.10983692109584808,0.11969663947820663,0.23339445888996124,0.8956055045127869,0.30410805344581604,-6.032810688018799,5.975189208984375,0.005696708802133799,0.06040868163108826,246107,3.6468797479756176,13.278231723234057,11.790221265982836,0.33389994444397453,0.6661000555560255,76342,0.6127428994151775,0.38725710058482254,4903,0.12138821929693222,0.0011478192172944546,12.052951264195144,0.4577939808368683,0.5422060191631317,0.549318790435791,0.5716416239738464,0.04484202712774277,0.5112086534500122,0.4887913465499878,0.5482255220413208,0.5793489813804626,0.4995236098766327,0.5112086534500122,0.4887913465499878,0.5112086534500122,0.4887913465499878,0.6055389797917426,0.39446102020825735,0.9356051683425903,0.43779751498000535,0.5622024850199947,0.10389757053603077,0.6407297273157964,0.35927027268420364,0.027986827900618905,0.08460614545743605,0.08460614545743605,0.06322859227657318,0.022929050028324127,0.915393854542564,0.08460614545743605,0.09048502892255783,0.02286403812468052,209096
acdc_b1_s42ctl_mit-b1_guard_dense_gap_j9258122,2026-07-11 16:06:05,acdc,val,all,student_skd,/scratch/gautschi/manors/hf_cache/hub/models--nvidia--mit-b1/snapshots/13ddceec4e8bdf401e7cd7acf5aebc526222518c,runs/mit-b1_skd_j9200315/student_skd.ckpt,skd,GP010476_frame_000051_rgb_anon,/home/manors/Guardrail-Distillation/data/acdc/rgb_anon/fog/val/GP010476/GP010476_frame_000051_rgb_anon.png,fog,0.5455325628239219,0.45446743717607807,0.9456220865249634,0.9635062217712402,0.10538133233785629,0.09905067831277847,0.2536522150039673,0.9162008762359619,0.26636630296707153,-6.839139461517334,6.793489456176758,0.011755033396184444,0.049864429980516434,240833,3.6468797479756176,13.278231723234057,11.790221265982836,0.41886129483818335,0.5811387051618166,76333,0.4519676851703727,0.5480323148296273,13186,0.10116594284772873,0.001172372023575008,12.052951264195144,0.42675185203552246,0.5732481479644775,0.5468043684959412,0.5701853632926941,0.03923691436648369,0.5098080039024353,0.4901919960975647,0.5364983677864075,0.5719658732414246,0.4651416838169098,0.5098080039024353,0.4901919960975647,0.5098080039024353,0.4901919960975647,0.5816831510123585,0.41831684898764154,0.96586012840271,0.43341767570784984,0.5665823242921502,0.014556380869666485,0.46942644967609415,0.5305735503239059,0.01745876450572148,0.03615058818843653,0.03615058818843653,0.02993360534310341,0.009695515036582947,0.9638494118115635,0.03615058818843653,0.04535508155822754,0.005331495311111212,215337
acdc_b1_s42ctl_mit-b1_guard_dense_gap_j9258122,2026-07-11 16:06:05,acdc,val,all,student_skd,/scratch/gautschi/manors/hf_cache/hub/models--nvidia--mit-b1/snapshots/13ddceec4e8bdf401e7cd7acf5aebc526222518c,runs/mit-b1_skd_j9200315/student_skd.ckpt,skd,GP010476_frame_000058_rgb_anon,/home/manors/Guardrail-Distillation/data/acdc/rgb_anon/fog/val/GP010476/GP010476_frame_000058_rgb_anon.png,fog,0.5755475845953916,0.42445241540460843,0.9046251177787781,0.9449505805969238,0.12274716049432755,0.13995903730392456,0.26503971219062805,0.875158965587616,0.3901689350605011,-4.533196449279785,4.465217113494873,0.011940847150981426,0.07736357301473618,250066,3.6468797479756176,13.278231723234057,11.790221265982836,0.4939234916910509,0.5060765083089491,77100,0.8557821773999577,0.14421782260004234,76283,0.14321047067642212,0.002950773574411869,12.052951264195144,0.4891390800476074,0.5108609199523926,0.5695661306381226,0.5813985466957092,0.08263374865055084,0.5206466913223267,0.47935330867767334,0.5771459341049194,0.6161189079284668,0.4710683524608612,0.5206466913223267,0.47935330867767334,0.5206466913223267,0.47935330867767334,0.6980835607260472,0.30191643927395284,0.9751384854316711,0.5104055139476158,0.4895944860523842,0.01648202225656492,0.9411483446501282,0.0588516553498718,0.08536616725017054,0.12253597613065559,0.12253597613065559,0.07603592425584793,0.005522541701793671,0.8774640238693444,0.12253597613065559,0.08620523661375046,0.020426606759428978,209915
acdc_b1_s42ctl_mit-b1_guard_dense_gap_j9258122,2026-07-11 16:06:06,acdc,val,all,student_skd,/scratch/gautschi/manors/hf_cache/hub/models--nvidia--mit-b1/snapshots/13ddceec4e8bdf401e7cd7acf5aebc526222518c,runs/mit-b1_skd_j9200315/student_skd.ckpt,skd,GP010476_frame_000063_rgb_anon,/home/manors/Guardrail-Distillation/data/acdc/rgb_anon/fog/val/GP010476/GP010476_frame_000063_rgb_anon.png,fog,0.41323209215754453,0.5867679078424555,0.8716471195220947,0.9547082185745239,0.11445705592632294,0.12226781994104385,0.2697156071662903,0.8954366445541382,0.3307590186595917,-6.125816345214844,6.069468975067139,0.013025077059864998,0.06039263308048248,249749,3.6395994829945266,13.320632220711559,11.753188504371792,0.24873622030072814,0.7512637796992718,77508,0.344525912347942,0.655474087652058,7210,0.12498029321432114,0.0016730043571442366,11.967050493694842,0.42236101627349854,0.5776389837265015,0.5622118711471558,0.579280436038971,0.07782573252916336,0.519446611404419,0.48055338859558105,0.5800445675849915,0.6227997541427612,0.4493798017501831,0.519446611404419,0.48055338859558105,0.519446611404419,0.48055338859558105,0.48828486764658663,0.5117151323534134,0.9193310141563416,0.3786036438352955,0.6213963561647045,0.12986742353456737,0.405876204376358,0.594123795623642,0.06135029202841591,0.0750527754890421,0.0750527754890421,0.05596018210053444,0.008276308886706829,0.9249472245109579,0.0750527754890421,0.09389426559209824,0.016352416947484016,216691
acdc_b1_s42ctl_mit-b1_guard_dense_gap_j9258122,2026-07-11 16:06:06,acdc,val,all,student_skd,/scratch/gautschi/manors/hf_cache/hub/models--nvidia--mit-b1/snapshots/13ddceec4e8bdf401e7cd7acf5aebc526222518c,runs/mit-b1_skd_j9200315/student_skd.ckpt,skd,GP010476_frame_000068_rgb_anon,/home/manors/Guardrail-Distillation/data/acdc/rgb_anon/fog/val/GP010476/GP010476_frame_000068_rgb_anon.png,fog,0.4403193707262074,0.5596806292737926,0.9414547085762024,0.9675480723381042,0.09665017575025558,0.08262407034635544,0.21186232566833496,0.9267957806587219,0.226138636469841,-6.789432048797607,6.749668121337891,0.00586361950263381,0.04514670744538307,253086,3.6395994829945266,13.320632220711559,11.753188504371792,0.4035225347928733,0.5964774652071267,80252,0.9285188013912844,0.0714811986087156,6220,0.08390923589468002,0.0007727182819508016,11.967050493694842,0.4211854040622711,0.5788145959377289,0.5581800937652588,0.5726743936538696,0.02538955956697464,0.5063470602035522,0.49365293979644775,0.5304214954376221,0.5532878637313843,0.45606571435928345,0.5063470602035522,0.49365293979644775,0.5063470602035522,0.49365293979644775,0.5612946485143748,0.4387053514856252,0.965817928314209,0.5252720575610634,0.47472794243893657,0.12174952276819018,0.6135303145569597,0.3864696854430403,0.0,0.12097527778816741,0.12097527778816741,0.034861668944358826,0.010498407296836376,0.8790247222118326,0.12097527778816741,0.0509747676551342,0.005108935292810202,228476
acdc_b1_s42ctl_mit-b1_guard_dense_gap_j9258122,2026-07-11 16:06:06,acdc,val,all,student_skd,/scratch/gautschi/manors/hf_cache/hub/models--nvidia--mit-b1/snapshots/13ddceec4e8bdf401e7cd7acf5aebc526222518c,runs/mit-b1_skd_j9200315/student_skd.ckpt,skd,GP010476_frame_000073_rgb_anon,/home/manors/Guardrail-Distillation/data/acdc/rgb_anon/fog/val/GP010476/GP010476_frame_000073_rgb_anon.png,fog,0.5271997937106828,0.4728002062893172,0.896125853061676,0.9653319716453552,0.09910634905099869,0.08716847002506256,0.2142721563577652,0.9237980246543884,0.22662009298801422,-6.845422744750977,6.803016185760498,0.005121802445501089,0.048300694674253464,242688,3.6395994829945266,13.320632220711559,11.753188504371792,0.3919675601219778,0.6080324398780221,75788,0.918648310387985,0.081351689612015,3196,0.08853372931480408,0.0008183843456208706,11.967050493694842,0.3927152156829834,0.6072847843170166,0.5481232404708862,0.5672456622123718,0.03662000969052315,0.5091539621353149,0.49084603786468506,0.5440890192985535,0.5819131135940552,0.4475463330745697,0.5091539621353149,0.49084603786468506,0.5091539621353149,0.49084603786468506,0.5430185470378961,0.4569814529621039,0.961180567741394,0.4047538721364356,0.5952461278635643,0.01278631201445779,0.9371088861076345,0.06289111389236546,0.01846057571964954,0.015818753327213275,0.015818753327213275,0.0778241977095604,0.012769481167197227,0.9841812466727867,0.015818753327213275,0.09339562803506851,0.04447273537516594,217589
acdc_b1_s42ctl_mit-b1_guard_dense_gap_j9258122,2026-07-11 16:06:06,acdc,val,all,student_skd,/scratch/gautschi/manors/hf_cache/hub/models--nvidia--mit-b1/snapshots/13ddceec4e8bdf401e7cd7acf5aebc526222518c,runs/mit-b1_skd_j9200315/student_skd.ckpt,skd,GP010476_frame_000078_rgb_anon,/home/manors/Guardrail-Distillation/data/acdc/rgb_anon/fog/val/GP010476/GP010476_frame_000078_rgb_anon.png,fog,0.4531083480376194,0.5468916519623805,0.8794780373573303,0.9583081007003784,0.10855607688426971,0.10512945055961609,0.24003000557422638,0.9112542271614075,0.2609209716320038,-6.428129196166992,6.376737117767334,0.00876291561871767,0.055142637342214584,251058,3.6395994829945266,13.320632220711559,11.753188504371792,0.30439517879107103,0.695604821208929,78028,0.48650025471217523,0.5134997452878247,2081,0.10647407919168472,0.00100762490183115,11.967050493694842,0.426323264837265,0.573676735162735,0.5427320003509521,0.5664199590682983,0.047795239835977554,0.5119465589523315,0.48805344104766846,0.5582267642021179,0.5965896844863892,0.4838959872722626,0.5119465589523315,0.48805344104766846,0.5119465589523315,0.48805344104766846,0.6459007847970254,0.3540992152029746,0.9458053708076477,0.535131692321056,0.46486830767894405,0.23073651352998492,0.9558203890620548,0.0441796109379452,0.4693201343498795,0.19279243675940594,0.19279243675940594,0.0762254148721695,0.0098981112241745,0.8072075632405941,0.19279243675940594,0.09145297110080719,0.03903878852725029,219205
acdc_b1_s42ctl_mit-b1_guard_dense_gap_j9258122,2026-07-11 16:06:06,acdc,val,all,student_skd,/scratch/gautschi/manors/hf_cache/hub/models--nvidia--mit-b1/snapshots/13ddceec4e8bdf401e7cd7acf5aebc526222518c,runs/mit-b1_skd_j9200315/student_skd.ckpt,skd,GP010476_frame_000084_rgb_anon,/home/manors/Guardrail-Distillation/data/acdc/rgb_anon/fog/val/GP010476/GP010476_frame_000084_rgb_anon.png,fog,0.460448929308965,0.5395510706910349,0.9101800918579102,0.9630239009857178,0.10182967782020569,0.0952819362282753,0.2250514179468155,0.9129915833473206,0.27924177050590515,-6.085854530334473,6.040592670440674,0.007131281774491072,0.049023084342479706,251147,3.7587080150842667,13.29730951692909,11.746620759367943,0.3870673492650696,0.6129326507349304,79633,0.9545263157894737,0.04547368421052633,2375,0.09657694399356842,0.0007765851332806051,11.972072999924421,0.45673027634620667,0.5432697236537933,0.5489729046821594,0.5654257535934448,0.05012792721390724,0.5125293731689453,0.4874706268310547,0.5480971336364746,0.5876501202583313,0.5012811422348022,0.5125293731689453,0.4874706268310547,0.5125293731689453,0.4874706268310547,0.5765181983624417,0.42348180163755833,0.9641684293746948,0.501598836461366,0.49840116353863395,0.11453148719629647,0.9587368421052631,0.04126315789473689,0.004210526315789442,0.11606926905347659,0.11606926905347659,0.06156155839562416,0.007573253940790892,0.8839307309465234,0.11606926905347659,0.07427522540092468,0.024029752239584923,222814
acdc_b1_s42ctl_mit-b1_guard_dense_gap_j9258122,2026-07-11 16:06:06,acdc,val,all,student_skd,/scratch/gautschi/manors/hf_cache/hub/models--nvidia--mit-b1/snapshots/13ddceec4e8bdf401e7cd7acf5aebc526222518c,runs/mit-b1_skd_j9200315/student_skd.ckpt,skd,GP010476_frame_000095_rgb_anon,/home/manors/Guardrail-Distillation/data/acdc/rgb_anon/fog/val/GP010476/GP010476_frame_000095_rgb_anon.png,fog,0.5681331962469105,0.4318668037530895,0.8927940130233765,0.9527199268341064,0.11365100741386414,0.12389439344406128,0.2572351098060608,0.8938410878181458,0.3214183747768402,-6.0611748695373535,6.0030364990234375,0.010547451674938202,0.06196780502796173,246031,3.7587080150842667,13.29730951692909,11.746620759367943,0.4391756126456028,0.5608243873543972,76456,0.9501594227219332,0.04984057727806679,5959,0.12595097720623016,0.0015937506686896086,11.972072999924421,0.45529547333717346,0.5447045266628265,0.54386967420578,0.5634492635726929,0.08716181665658951,0.5217766761779785,0.4782233238220215,0.5772018432617188,0.6451204419136047,0.49326595664024353,0.5217766761779785,0.4782233238220215,0.5217766761779785,0.4782233238220215,0.6430934387309687,0.3569065612690313,0.9507379531860352,0.5044712948079773,0.49552870519202274,0.06529568216237447,0.9838899144151704,0.016110085584829625,0.03373049169323716,0.07496024248405819,0.07496024248405819,0.06852389127016068,0.010579967871308327,0.9250397575159418,0.07496024248405819,0.08403412997722626,0.01915205828845501,211293
acdc_b1_s42ctl_mit-b1_guard_dense_gap_j9258122,2026-07-11 16:06:06,acdc,val,all,student_skd,/scratch/gautschi/manors/hf_cache/hub/models--nvidia--mit-b1/snapshots/13ddceec4e8bdf401e7cd7acf5aebc526222518c,runs/mit-b1_skd_j9200315/student_skd.ckpt,skd,GP010476_frame_000102_rgb_anon,/home/manors/Guardrail-Distillation/data/acdc/rgb_anon/fog/val/GP010476/GP010476_frame_000102_rgb_anon.png,fog,0.44475892778424014,0.5552410722157599,0.8158028721809387,0.9387943744659424,0.13318409025669098,0.1553761065006256,0.2915324568748474,0.869673490524292,0.39184796810150146,-6.012345314025879,5.935482025146484,0.020420825108885765,0.08983731269836426,251410,3.7587080150842667,13.29730951692909,11.746620759367943,0.37152030215830273,0.6284796978416973,80125,0.5240502674097413,0.47594973259025875,13958,0.15771476924419403,0.0019958135671913624,11.972072999924421,0.45370253920555115,0.5462974607944489,0.5642074346542358,0.5755587220191956,0.12079964578151703,0.5301632285118103,0.4698367714881897,0.5919777750968933,0.6359993815422058,0.4700855016708374,0.5301632285118103,0.4698367714881897,0.5301632285118103,0.4698367714881897,0.5386170760432543,0.46138292395674574,0.920798659324646,0.42268998945821884,0.5773100105417812,0.05116968729991611,0.5536319954230402,0.4463680045769598,0.029581728013298947,0.09385814825901417,0.09385814825901417,0.11343223601579666,0.008436418138444424,0.9061418517409858,0.09385814825901417,0.14222584664821625,0.04869336634874344,207655
acdc_b1_s42ctl_mit-b1_guard_dense_gap_j9258122,2026-07-11 16:06:06,acdc,val,all,student_skd,/scratch/gautschi/manors/hf_cache/hub/models--nvidia--mit-b1/snapshots/13ddceec4e8bdf401e7cd7acf5aebc526222518c,runs/mit-b1_skd_j9200315/student_skd.ckpt,skd,GP010476_frame_000108_rgb_anon,/home/manors/Guardrail-Distillation/data/acdc/rgb_anon/fog/val/GP010476/GP010476_frame_000108_rgb_anon.png,fog,0.3943579483022249,0.6056420516977751,0.8463942408561707,0.9601045846939087,0.10577882081270218,0.1024608239531517,0.23807984590530396,0.911587655544281,0.2696133255958557,-6.566898822784424,6.517880916595459,0.007867555133998394,0.05315703526139259,254717,3.7587080150842667,13.29730951692909,11.746620759367943,0.4151786812885752,0.5848213187114248,80542,0.9845841784989858,0.01541582150101417,9860,0.10378949344158173,0.001209061942063272,11.972072999924421,0.4118562638759613,0.5881437361240387,0.5490662455558777,0.5560787916183472,0.06045297533273697,0.5151086449623108,0.4848913550376892,0.5557469129562378,0.596152126789093,0.4560243487358093,0.5151086449623108,0.4848913550376892,0.5151086449623108,0.4848913550376892,0.5905961380484633,0.40940386195153666,0.929419755935669,0.5928692713298258,0.4071307286701742,0.17769059004125065,0.994421906693712,0.005578093306288001,0.00983772819472617,0.1962381897462384,0.1962381897462384,0.09577688574790955,0.012751406989991665,0.8037618102537616,0.1962381897462384,0.1117907389998436,0.05826466530561447,223646
acdc_b1_s42ctl_mit-b1_guard_dense_gap_j9258122,2026-07-11 16:06:06,acdc,val,all,student_skd,/scratch/gautschi/manors/hf_cache/hub/models--nvidia--mit-b1/snapshots/13ddceec4e8bdf401e7cd7acf5aebc526222518c,runs/mit-b1_skd_j9200315/student_skd.ckpt,skd,GP010476_frame_000114_rgb_anon,/home/manors/Guardrail-Distillation/data/acdc/rgb_anon/fog/val/GP010476/GP010476_frame_000114_rgb_anon.png,fog,0.6610123605498648,0.3389876394501352,0.914290189743042,0.9564564824104309,0.10710413753986359,0.11285125464200974,0.23309174180030823,0.8973239064216614,0.31631481647491455,-5.977484226226807,5.9245686531066895,0.007048549130558968,0.05617084354162216,252818,3.7652732571586967,13.311159505974501,11.777016276028007,0.6179602179961953,0.38203978200380473,78450,0.9790466212676794,0.020953378732320616,9545,0.11457127332687378,0.0010459056356921792,12.049703509546816,0.4788619875907898,0.5211380124092102,0.5443490147590637,0.5561981797218323,0.06043076515197754,0.5151031017303467,0.4848968982696533,0.5516897439956665,0.5786433815956116,0.5148148536682129,0.5151031017303467,0.4848968982696533,0.5151031017303467,0.4848968982696533,0.7042685394142398,0.29573146058576016,0.9481722712516785,0.638875254249567,0.36112474575043296,0.020915036253371766,0.9738082765845992,0.02619172341540077,0.0,0.04325617886437505,0.04325617886437505,0.05481809377670288,0.020936010405421257,0.956743821135625,0.04325617886437505,0.07864946871995926,0.014919823966920376,219354
acdc_b1_s42ctl_mit-b1_guard_dense_gap_j9258122,2026-07-11 16:06:06,acdc,val,all,student_skd,/scratch/gautschi/manors/hf_cache/hub/models--nvidia--mit-b1/snapshots/13ddceec4e8bdf401e7cd7acf5aebc526222518c,runs/mit-b1_skd_j9200315/student_skd.ckpt,skd,GP010476_frame_000120_rgb_anon,/home/manors/Guardrail-Distillation/data/acdc/rgb_anon/fog/val/GP010476/GP010476_frame_000120_rgb_anon.png,fog,0.4924839908839487,0.5075160091160513,0.9141079187393188,0.9595511555671692,0.10634584724903107,0.10235071182250977,0.23069597780704498,0.9084098935127258,0.28299808502197266,-5.883188247680664,5.833591938018799,0.007946583442389965,0.05448973923921585,255204,3.7652732571586967,13.311159505974501,11.777016276028007,0.470259534437061,0.529740465562939,82703,0.46775440340124785,0.5322455965987521,18111,0.10424401611089706,0.0011609565699473023,12.049703509546816,0.4842444658279419,0.5157555341720581,0.5507849454879761,0.5604183077812195,0.06446804851293564,0.516111433506012,0.48388856649398804,0.5633870363235474,0.5921241044998169,0.5011637210845947,0.516111433506012,0.48388856649398804,0.516111433506012,0.48388856649398804,0.6279550394740566,0.3720449605259434,0.9424852132797241,0.5192014592004889,0.4807985407995111,0.048941924763427846,0.9676991883385788,0.03230081166142118,0.49994478493733097,0.13547104859010795,0.13547104859010795,0.04220936819911003,0.013832070864737034,0.864528951409892,0.13547104859010795,0.06182112917304039,0.01077177468687296,224270
acdc_b1_s42ctl_mit-b1_guard_dense_gap_j9258122,2026-07-11 16:06:06,acdc,val,all,student_skd,/scratch/gautschi/manors/hf_cache/hub/models--nvidia--mit-b1/snapshots/13ddceec4e8bdf401e7cd7acf5aebc526222518c,runs/mit-b1_skd_j9200315/student_skd.ckpt,skd,GP010476_frame_000125_rgb_anon,/home/manors/Guardrail-Distillation/data/acdc/rgb_anon/fog/val/GP010476/GP010476_frame_000125_rgb_anon.png,fog,0.329411605375622,0.670588394624378,0.8770875334739685,0.9621544480323792,0.10105348378419876,0.09906591475009918,0.2202598601579666,0.9085897207260132,0.2846301198005676,-6.342645645141602,6.296623229980469,0.006805038545280695,0.04872212931513786,246582,3.7652732571586967,13.311159505974501,11.777016276028007,0.2524826512606318,0.7475173487393683,75406,0.0014461315979754157,0.9985538684020245,716,0.10076423734426498,0.0010066187242045999,12.049703509546816,0.4513227343559265,0.5486772656440735,0.5543174743652344,0.5671371817588806,0.07515296339988708,0.5187793970108032,0.4812206029891968,0.5653768181800842,0.6093336343765259,0.47075483202934265,0.5187793970108032,0.4812206029891968,0.5187793970108032,0.4812206029891968,0.3673229568939792,0.6326770431060208,0.924601137638092,0.3032710478479145,0.6967289521520855,0.050788396587282736,0.0631762652705061,0.9368237347294939,0.06173013367253066,0.03791135151835723,0.03791135151835723,0.060418035835027695,0.012904428876936436,0.9620886484816428,0.03791135151835723,0.09253716468811035,0.026202237233519554,218791
acdc_b1_s42ctl_mit-b1_guard_dense_gap_j9258122,2026-07-11 16:06:06,acdc,val,all,student_skd,/scratch/gautschi/manors/hf_cache/hub/models--nvidia--mit-b1/snapshots/13ddceec4e8bdf401e7cd7acf5aebc526222518c,runs/mit-b1_skd_j9200315/student_skd.ckpt,skd,GP010476_frame_000131_rgb_anon,/home/manors/Guardrail-Distillation/data/acdc/rgb_anon/fog/val/GP010476/GP010476_frame_000131_rgb_anon.png,fog,0.4573731466922153,0.5426268533077847,0.9033105969429016,0.9625433087348938,0.10303719341754913,0.09761330485343933,0.23112182319164276,0.9141789674758911,0.2662270963191986,-6.642724514007568,6.596672534942627,0.008889731951057911,0.049525048583745956,247814,3.7652732571586967,13.311159505974501,11.777016276028007,0.3571942210947435,0.6428057789052565,75125,0.4655875299760192,0.5344124700239807,4612,0.09890766441822052,0.0009987318189814687,12.049703509546816,0.42992907762527466,0.5700709223747253,0.5607205033302307,0.5706952214241028,0.048245999962091446,0.5120591521263123,0.48794084787368774,0.5465606451034546,0.5727375149726868,0.44851425290107727,0.5120591521263123,0.48794084787368774,0.5120591521263123,0.48794084787368774,0.5264046072530436,0.4735953927469564,0.9485663175582886,0.4163751923753971,0.5836248076246029,0.05918097128065358,0.4770983213429257,0.5229016786570744,0.011510791366906359,0.06903146056082832,0.06903146056082832,0.05759965628385544,0.012343935668468475,0.9309685394391717,0.06903146056082832,0.0757463276386261,0.022904276847839355,220477
acdc_b1_s42ctl_mit-b1_guard_dense_gap_j9258122,2026-07-11 16:06:06,acdc,val,all,student_skd,/scratch/gautschi/manors/hf_cache/hub/models--nvidia--mit-b1/snapshots/13ddceec4e8bdf401e7cd7acf5aebc526222518c,runs/mit-b1_skd_j9200315/student_skd.ckpt,skd,GP010476_frame_000137_rgb_anon,/home/manors/Guardrail-Distillation/data/acdc/rgb_anon/fog/val/GP010476/GP010476_frame_000137_rgb_anon.png,fog,0.45217340382899746,0.5478265961710025,0.861565887928009,0.9562616348266602,0.11192666739225388,0.11656098812818527,0.25313833355903625,0.896955668926239,0.3207973837852478,-6.443994522094727,6.389734745025635,0.01305390801280737,0.058242954313755035,252185,3.787148278206587,13.26309924479574,11.777713720221072,0.33935569372308283,0.6606443062769172,80188,0.9044707680550248,0.0955292319449752,5234,0.11855891346931458,0.0012234800960868597,11.966910504270345,0.45682018995285034,0.5431798100471497,0.5737852454185486,0.5884438753128052,0.08739793300628662,0.5218355655670166,0.4781644344329834,0.578154444694519,0.6151341795921326,0.4610562026500702,0.5218355655670166,0.4781644344329834,0.5218355655670166,0.4781644344329834,0.7000059160135363,0.29999408398646366,0.9574359655380249,0.6001544923513117,0.3998455076486883,0.26079879862822886,0.9726786396637371,0.027321360336262868,0.06820787160871233,0.24783251218453883,0.24783251218453883,0.10973689705133438,0.013866803608834743,0.7521674878154612,0.24783251218453883,0.1274738758802414,0.07030156254768372,220936
acdc_b1_s42ctl_mit-b1_guard_dense_gap_j9258122,2026-07-11 16:06:06,acdc,val,all,student_skd,/scratch/gautschi/manors/hf_cache/hub/models--nvidia--mit-b1/snapshots/13ddceec4e8bdf401e7cd7acf5aebc526222518c,runs/mit-b1_skd_j9200315/student_skd.ckpt,skd,GP010476_frame_000142_rgb_anon,/home/manors/Guardrail-Distillation/data/acdc/rgb_anon/fog/val/GP010476/GP010476_frame_000142_rgb_anon.png,fog,0.5773732982183591,0.42262670178164086,0.8684472441673279,0.9297427535057068,0.13859102129936218,0.18021371960639954,0.3070598840713501,0.8509146571159363,0.4486006796360016,-5.839148998260498,5.751448631286621,0.020713582634925842,0.101515032351017,243560,3.787148278206587,13.26309924479574,11.777713720221072,0.4015044926376389,0.5984955073623611,81864,0.0,1.0,94,0.1832304298877716,0.0021211388520896435,11.966910504270345,0.44082653522491455,0.5591734647750854,0.5667286515235901,0.576911211013794,0.1342146396636963,0.5335034132003784,0.4664965867996216,0.6084362268447876,0.6405549049377441,0.45420771837234497,0.5335034132003784,0.4664965867996216,0.5335034132003784,0.4664965867996216,0.5191038073231617,0.48089619267683825,0.9103547930717468,0.3987365003197647,0.6012634996802353,0.0,0.031914893617021274,0.9680851063829787,0.03191489361702127,0.0,0.0,0.06648464500904083,0.024577107280492783,1.0,0.0,0.10332567244768143,0.009246181696653366,193585
acdc_b1_s42ctl_mit-b1_guard_dense_gap_j9258122,2026-07-11 16:06:06,acdc,val,all,student_skd,/scratch/gautschi/manors/hf_cache/hub/models--nvidia--mit-b1/snapshots/13ddceec4e8bdf401e7cd7acf5aebc526222518c,runs/mit-b1_skd_j9200315/student_skd.ckpt,skd,GP010476_frame_000147_rgb_anon,/home/manors/Guardrail-Distillation/data/acdc/rgb_anon/fog/val/GP010476/GP010476_frame_000147_rgb_anon.png,fog,0.3980801303331635,0.6019198696668365,0.9061498641967773,0.964552640914917,0.09861884266138077,0.09215237945318222,0.2138877660036087,0.9134353995323181,0.2757274806499481,-6.0542893409729,6.0111236572265625,0.00616891123354435,0.047131914645433426,251422,3.787148278206587,13.26309924479574,11.777713720221072,0.30954447530424056,0.6904555246957594,84350,0.07142857142857142,0.9285714285714286,84,0.09370727092027664,0.0010114772012457252,11.966910504270345,0.4635406732559204,0.5364593267440796,0.5729715824127197,0.5822482705116272,0.05719508230686188,0.5142948627471924,0.4857051372528076,0.5623932480812073,0.6070877313613892,0.49275487661361694,0.5142948627471924,0.4857051372528076,0.5142948627471924,0.4857051372528076,0.36871462460656035,0.6312853753934397,0.9034531712532043,0.2250892523452347,0.7749107476547653,0.0,0.0,1.0,0.0,0.0,0.0,0.01663338951766491,0.01933005079627037,1.0,0.0,0.042398836463689804,0.0016943624941632152,225391
acdc_b1_s42ctl_mit-b1_guard_dense_gap_j9258122,2026-07-11 16:06:06,acdc,val,all,student_skd,/scratch/gautschi/manors/hf_cache/hub/models--nvidia--mit-b1/snapshots/13ddceec4e8bdf401e7cd7acf5aebc526222518c,runs/mit-b1_skd_j9200315/student_skd.ckpt,skd,GP010476_frame_000161_rgb_anon,/home/manors/Guardrail-Distillation/data/acdc/rgb_anon/fog/val/GP010476/GP010476_frame_000161_rgb_anon.png,fog,0.5766589817845986,0.4233410182154014,0.911217212677002,0.9645010828971863,0.09554597735404968,0.09382150322198868,0.21028560400009155,0.9131636023521423,0.27168017625808716,-6.3306684494018555,6.287921905517578,0.005066625773906708,0.043071627616882324,188291,3.787148278206587,13.26309924479574,11.777713720221072,0.3816757261283901,0.6183242738716099,72286,0.9894786064998831,0.010521393500116938,8554,0.09550358355045319,0.001235755393281579,11.966910504270345,0.41744253039360046,0.5825574696063995,0.5603743195533752,0.576350212097168,0.04594124108552933,0.5114832520484924,0.48851674795150757,0.5532031059265137,0.58194500207901,0.4693458378314972,0.5114832520484924,0.48851674795150757,0.5114832520484924,0.48851674795150757,0.6648012328784431,0.33519876712155694,0.9389933943748474,0.49190031366574677,0.5080996863342533,0.11022458753735664,0.9908814589665653,0.00911854103343468,0.0014028524666822584,0.08814225109384444,0.08814225109384444,0.06418787688016891,0.036411724984645844,0.9118577489061556,0.08814225109384444,0.10344095528125763,0.03335794061422348,168081
acdc_b1_s42ctl_mit-b1_guard_dense_gap_j9258122,2026-07-11 16:06:07,acdc,val,all,student_skd,/scratch/gautschi/manors/hf_cache/hub/models--nvidia--mit-b1/snapshots/13ddceec4e8bdf401e7cd7acf5aebc526222518c,runs/mit-b1_skd_j9200315/student_skd.ckpt,skd,GP010476_frame_000181_rgb_anon,/home/manors/Guardrail-Distillation/data/acdc/rgb_anon/fog/val/GP010476/GP010476_frame_000181_rgb_anon.png,fog,0.5038306014274584,0.4961693985725416,0.9384430646896362,0.9651435613632202,0.09612204134464264,0.0962335616350174,0.22553202509880066,0.90969318151474,0.29651790857315063,-6.625223159790039,6.582949161529541,0.00691286800429225,0.040753480046987534,200351,3.7440527812577784,13.323452265467495,11.818456463515759,0.3516579182444775,0.6483420817555225,70107,0.17688172043010753,0.8231182795698925,1628,0.09843684732913971,0.0012657202314585447,11.973900545854121,0.4107413589954376,0.5892586410045624,0.5245065689086914,0.5656458139419556,0.05640380457043648,0.5140972137451172,0.4859027862548828,0.559908926486969,0.5886673927307129,0.46408286690711975,0.5140972137451172,0.4859027862548828,0.5140972137451172,0.4859027862548828,0.549737221816942,0.45026277818305804,0.9369606375694275,0.4029056486608594,0.5970943513391407,0.051247730416381865,0.24829434697855748,0.7517056530214425,0.07141262654844993,0.045906620389483566,0.045906620389483566,0.04071354866027832,0.04219594597816467,0.9540933796105164,0.045906620389483566,0.08716203272342682,0.016341321170330048,178798
acdc_b1_s42ctl_mit-b1_guard_dense_gap_j9258122,2026-07-11 16:06:07,acdc,val,all,student_skd,/scratch/gautschi/manors/hf_cache/hub/models--nvidia--mit-b1/snapshots/13ddceec4e8bdf401e7cd7acf5aebc526222518c,runs/mit-b1_skd_j9200315/student_skd.ckpt,skd,GP010476_frame_000194_rgb_anon,/home/manors/Guardrail-Distillation/data/acdc/rgb_anon/fog/val/GP010476/GP010476_frame_000194_rgb_anon.png,fog,0.27980959638044456,0.7201904036195554,0.7507230043411255,0.9640785455703735,0.10043956339359283,0.09093010425567627,0.21882833540439606,0.9169499278068542,0.2646527886390686,-6.030439853668213,5.986435890197754,0.006778824608772993,0.04677150398492813,251371,3.7440527812577784,13.323452265467495,11.818456463515759,0.27229901823291974,0.7277009817670803,77118,0.0,1.0,0,0.09269694238901138,0.0016258984105661511,11.973900545854121,0.4275245666503906,0.5724754333496094,0.5665959119796753,0.5763149261474609,0.06920447945594788,0.5172942280769348,0.4827057719230652,0.5512820482254028,0.5946974158287048,0.4507441222667694,0.5172942280769348,0.4827057719230652,0.5172942280769348,0.4827057719230652,0.3154822332363161,0.6845177667636839,0.8058964610099792,0.3119413844800457,0.6880586155199543,0.039642366247126026,0.0,1.0,0.0,0.03567263685587152,0.03567263685587152,0.06232620030641556,0.007152773905545473,0.9643273631441285,0.03567263685587152,0.1386675387620926,0.03202039748430252,223951
acdc_b1_s42ctl_mit-b1_guard_dense_gap_j9258122,2026-07-11 16:06:07,acdc,val,all,student_skd,/scratch/gautschi/manors/hf_cache/hub/models--nvidia--mit-b1/snapshots/13ddceec4e8bdf401e7cd7acf5aebc526222518c,runs/mit-b1_skd_j9200315/student_skd.ckpt,skd,GP010476_frame_000199_rgb_anon,/home/manors/Guardrail-Distillation/data/acdc/rgb_anon/fog/val/GP010476/GP010476_frame_000199_rgb_anon.png,fog,0.28003251060799894,0.7199674893920011,0.863073468208313,0.9508017897605896,0.12574875354766846,0.13110101222991943,0.30691733956336975,0.8997745513916016,0.3081490099430084,-6.675149917602539,6.612206935882568,0.01945403404533863,0.07308275252580643,245913,3.7440527812577784,13.323452265467495,11.818456463515759,0.18619199160961683,0.8138080083903831,78787,0.36152324431256183,0.6384767556874382,1221,0.13352926075458527,0.0019693668000400066,11.973900545854121,0.3777815103530884,0.6222184896469116,0.5518908500671387,0.571343183517456,0.060070235282182693,0.5150130391120911,0.48498696088790894,0.5701292753219604,0.6041121482849121,0.4051983654499054,0.5150130391120911,0.48498696088790894,0.5150130391120911,0.48498696088790894,0.3679009826338343,0.6320990173661657,0.8949993848800659,0.29033471610745964,0.7096652838925404,0.10414272449784279,0.3568646543330088,0.6431353456669913,0.0,0.08786847202583536,0.08786847202583536,0.03820456564426422,0.0062786429189145565,0.9121315279741646,0.08786847202583536,0.07232639193534851,0.009861210361123085,212081
acdc_b1_s42ctl_mit-b1_guard_dense_gap_j9258122,2026-07-11 16:06:07,acdc,val,all,student_skd,/scratch/gautschi/manors/hf_cache/hub/models--nvidia--mit-b1/snapshots/13ddceec4e8bdf401e7cd7acf5aebc526222518c,runs/mit-b1_skd_j9200315/student_skd.ckpt,skd,GP010476_frame_000204_rgb_anon,/home/manors/Guardrail-Distillation/data/acdc/rgb_anon/fog/val/GP010476/GP010476_frame_000204_rgb_anon.png,fog,0.3913429434610558,0.6086570565389442,0.9352031946182251,0.972801148891449,0.08778303861618042,0.07225783914327621,0.19704745709896088,0.9296233057975769,0.23620213568210602,-5.979184627532959,5.946022033691406,0.00489161117002368,0.03555532544851303,249611,3.7440527812577784,13.323452265467495,11.818456463515759,0.2631219796808068,0.7368780203191931,78713,0.28690036900369004,0.71309963099631,1438,0.07388173043727875,0.0009068453800864518,11.973900545854121,0.4521145820617676,0.5478854179382324,0.5409843921661377,0.5554515719413757,0.03372640907764435,0.5084307789802551,0.4915692210197449,0.5299773812294006,0.5545378923416138,0.500635027885437,0.5084307789802551,0.4915692210197449,0.5084307789802551,0.4915692210197449,0.3498356059257192,0.6501643940742807,0.9457074999809265,0.2623596648101469,0.7376403351898531,0.0,0.340291281801977,0.659708718198023,0.053390912798287005,0.0,0.0,0.019610513001680374,0.009106169454753399,1.0,0.0,0.03452572226524353,0.0031809494830667973,229484
acdc_b1_s42ctl_mit-b1_guard_dense_gap_j9258122,2026-07-11 16:06:07,acdc,val,all,student_skd,/scratch/gautschi/manors/hf_cache/hub/models--nvidia--mit-b1/snapshots/13ddceec4e8bdf401e7cd7acf5aebc526222518c,runs/mit-b1_skd_j9200315/student_skd.ckpt,skd,GP010476_frame_000242_rgb_anon,/home/manors/Guardrail-Distillation/data/acdc/rgb_anon/fog/val/GP010476/GP010476_frame_000242_rgb_anon.png,fog,0.2036937594254453,0.7963062405745547,0.8873300552368164,0.9754565358161926,0.08743993937969208,0.07157543301582336,0.2279508262872696,0.9349052309989929,0.23271119594573975,-6.305504322052002,6.274870872497559,0.008481563068926334,0.031885575503110886,219535,3.6432119668461382,13.313466974068433,11.77977625047788,0.13103060018743612,0.8689693998125638,73571,0.15735467651736698,0.842645323482633,13082,0.07363525032997131,0.0013871894916519523,11.954742716625333,0.366850882768631,0.633149117231369,0.5506725311279297,0.5730383992195129,0.05005952715873718,0.5125122666358948,0.4874877333641052,0.5379292964935303,0.5649767518043518,0.39826658368110657,0.5125122666358948,0.4874877333641052,0.5125122666358948,0.4874877333641052,0.3607526513132702,0.6392473486867298,0.9419727921485901,0.3176047772559929,0.6823952227440071,0.18657417706855672,0.6771543192333982,0.3228456807666018,0.5197996427160312,0.15705889188782485,0.15705889188782485,0.05562666431069374,0.0009838978294283152,0.8429411081121752,0.15705889188782485,0.072881318628788,0.02702074870467186,203779
acdc_b1_s42ctl_mit-b1_guard_dense_gap_j9258122,2026-07-11 16:06:07,acdc,val,all,student_skd,/scratch/gautschi/manors/hf_cache/hub/models--nvidia--mit-b1/snapshots/13ddceec4e8bdf401e7cd7acf5aebc526222518c,runs/mit-b1_skd_j9200315/student_skd.ckpt,skd,GP010476_frame_000255_rgb_anon,/home/manors/Guardrail-Distillation/data/acdc/rgb_anon/fog/val/GP010476/GP010476_frame_000255_rgb_anon.png,fog,0.45546433412520226,0.5445356658747977,0.9406216144561768,0.9666876792907715,0.1045854389667511,0.09149646759033203,0.25501659512519836,0.9249378442764282,0.2448442131280899,-7.099164962768555,7.056842803955078,0.013850606977939606,0.046578146517276764,230387,3.6432119668461382,13.313466974068433,11.77977625047788,0.3434845489616534,0.6565154510383466,80494,0.4808806725432582,0.5191193274567418,24580,0.0932314544916153,0.0015126669313758612,11.954742716625333,0.3807728588581085,0.6192271411418915,0.5482598543167114,0.5777482390403748,0.0529060997068882,0.5132234692573547,0.48677653074264526,0.5475311875343323,0.5924041271209717,0.41122788190841675,0.5132234692573547,0.48677653074264526,0.5132234692573547,0.48677653074264526,0.5348465687472781,0.4651534312527219,0.9631098508834839,0.3567893001464067,0.6432106998535934,0.013304751184753272,0.48409202153695546,0.5159079784630445,0.0032113489936973494,0.07938223462207583,0.07938223462207583,0.03191586211323738,0.009427614510059357,0.9206177653779242,0.07938223462207583,0.04880049452185631,0.005299778189510107,208008
acdc_b1_s42ctl_mit-b1_guard_dense_gap_j9258122,2026-07-11 16:06:07,acdc,val,all,student_skd,/scratch/gautschi/manors/hf_cache/hub/models--nvidia--mit-b1/snapshots/13ddceec4e8bdf401e7cd7acf5aebc526222518c,runs/mit-b1_skd_j9200315/student_skd.ckpt,skd,GP020475_frame_000054_rgb_anon,/home/manors/Guardrail-Distillation/data/acdc/rgb_anon/fog/val/GP020475/GP020475_frame_000054_rgb_anon.png,fog,0.4103221681035831,0.5896778318964169,0.8916073441505432,0.9521520137786865,0.11526211351156235,0.1244356781244278,0.25867486000061035,0.8936898708343506,0.32384249567985535,-5.798627853393555,5.739670276641846,0.011060232296586037,0.06509473919868469,250266,3.6432119668461382,13.313466974068433,11.77977625047788,0.3351294147329525,0.6648705852670476,78239,0.3544423440453686,0.6455576559546314,805,0.12667196989059448,0.0016602189280092716,11.954742716625333,0.4625100791454315,0.5374899208545685,0.5551655292510986,0.5703786015510559,0.04796211048960686,0.5119882225990295,0.48801177740097046,0.5455593466758728,0.5717031955718994,0.49797216057777405,0.5119882225990295,0.48801177740097046,0.5119882225990295,0.48801177740097046,0.46026061431015763,0.5397393856898424,0.9321801662445068,0.40794922151207985,0.5920507784879201,0.07281980677912747,0.6233459357277883,0.3766540642722117,0.26890359168241973,0.049938446206574505,0.049938446206574505,0.05318740755319595,0.012614578008651733,0.9500615537934255,0.049938446206574505,0.08384279161691666,0.01818864792585373,214598
acdc_b1_s42ctl_mit-b1_guard_dense_gap_j9258122,2026-07-11 16:06:07,acdc,val,all,student_skd,/scratch/gautschi/manors/hf_cache/hub/models--nvidia--mit-b1/snapshots/13ddceec4e8bdf401e7cd7acf5aebc526222518c,runs/mit-b1_skd_j9200315/student_skd.ckpt,skd,GP020475_frame_000061_rgb_anon,/home/manors/Guardrail-Distillation/data/acdc/rgb_anon/fog/val/GP020475/GP020475_frame_000061_rgb_anon.png,fog,0.4276031860100762,0.5723968139899238,0.8785669803619385,0.9309151768684387,0.13881927728652954,0.1868089735507965,0.3242076337337494,0.8463142514228821,0.4718132019042969,-5.9425368309021,5.8557820320129395,0.024859817698597908,0.09639257192611694,215971,3.6432119668461382,13.313466974068433,11.77977625047788,0.36537269802094596,0.634627301979054,77996,0.4757399320718098,0.5242600679281901,6381,0.1897093802690506,0.001917931716889143,11.954742716625333,0.4620476961135864,0.5379523038864136,0.5635786056518555,0.5757920742034912,0.15313878655433655,0.5382100343704224,0.46178996562957764,0.6241728067398071,0.6916988492012024,0.4730788767337799,0.5382100343704224,0.46178996562957764,0.5382100343704224,0.46178996562957764,0.4547408924872433,0.5452591075127566,0.8912585377693176,0.3723770140615601,0.6276229859384399,0.007004316040614134,0.4792172084748504,0.5207827915251496,0.003477276403040519,0.02713770647716718,0.02713770647716718,0.03830606862902641,0.025614550337195396,0.9728622935228328,0.02713770647716718,0.09110482037067413,0.005375721491873264,173767
acdc_b1_s42ctl_mit-b1_guard_dense_gap_j9258122,2026-07-11 16:06:07,acdc,val,all,student_skd,/scratch/gautschi/manors/hf_cache/hub/models--nvidia--mit-b1/snapshots/13ddceec4e8bdf401e7cd7acf5aebc526222518c,runs/mit-b1_skd_j9200315/student_skd.ckpt,skd,GP020475_frame_000081_rgb_anon,/home/manors/Guardrail-Distillation/data/acdc/rgb_anon/fog/val/GP020475/GP020475_frame_000081_rgb_anon.png,fog,0.5798434941703117,0.42015650582968833,0.9186006188392639,0.9568415880203247,0.10657858848571777,0.11745376139879227,0.2433008998632431,0.8940965533256531,0.3328268229961395,-6.219088554382324,6.166571140289307,0.00908908061683178,0.0544017069041729,248540,3.788283502217382,13.320427213329822,11.822659231256694,0.3997046275383571,0.6002953724616429,78520,0.9051015996541288,0.09489840034587116,4626,0.12005992233753204,0.0016060033813118935,11.952130240388215,0.44604623317718506,0.5539537668228149,0.5518960952758789,0.5670090913772583,0.06387852132320404,0.5159642100334167,0.48403578996658325,0.5477403402328491,0.5858557820320129,0.4752323627471924,0.5159642100334167,0.48403578996658325,0.5159642100334167,0.48403578996658325,0.6915013815778118,0.3084986184221882,0.9427134394645691,0.4808064538494354,0.5191935461505646,0.08110182631107832,0.9619541720709036,0.03804582792909639,0.05685257241677477,0.11165788740750016,0.11165788740750016,0.03717711567878723,0.01306429598480463,0.8883421125924998,0.11165788740750016,0.054510340094566345,0.009893779642879963,217212
acdc_b1_s42ctl_mit-b1_guard_dense_gap_j9258122,2026-07-11 16:06:07,acdc,val,all,student_skd,/scratch/gautschi/manors/hf_cache/hub/models--nvidia--mit-b1/snapshots/13ddceec4e8bdf401e7cd7acf5aebc526222518c,runs/mit-b1_skd_j9200315/student_skd.ckpt,skd,GP020475_frame_000088_rgb_anon,/home/manors/Guardrail-Distillation/data/acdc/rgb_anon/fog/val/GP020475/GP020475_frame_000088_rgb_anon.png,fog,0.43615341517012496,0.563846584829875,0.948839008808136,0.9762324094772339,0.08091166615486145,0.06333094090223312,0.17804566025733948,0.9340539574623108,0.22785012423992157,-6.043402194976807,6.014694690704346,0.003578420262783766,0.030809717252850533,249272,3.788283502217382,13.320427213329822,11.822659231256694,0.3239279631546508,0.6760720368453492,78988,0.5914454277286135,0.4085545722713865,2712,0.06471844762563705,0.000670461158733815,11.952130240388215,0.45635509490966797,0.543644905090332,0.5792919397354126,0.5887649655342102,0.04042380675673485,0.5101045966148376,0.48989540338516235,0.538354754447937,0.5590417385101318,0.48109129071235657,0.5101045966148376,0.48989540338516235,0.5101045966148376,0.48989540338516235,0.5528987983078528,0.4471012016921472,0.9631205797195435,0.49464599559275096,0.5053540044072491,0.17071803243810013,0.9321533923303835,0.06784660766961648,0.34070796460177,0.11674538313772787,0.11674538313772787,0.02320758067071438,0.00892599206417799,0.8832546168622721,0.11674538313772787,0.03581228479743004,0.00516303488984704,231882
acdc_b1_s42ctl_mit-b1_guard_dense_gap_j9258122,2026-07-11 16:06:07,acdc,val,all,student_skd,/scratch/gautschi/manors/hf_cache/hub/models--nvidia--mit-b1/snapshots/13ddceec4e8bdf401e7cd7acf5aebc526222518c,runs/mit-b1_skd_j9200315/student_skd.ckpt,skd,GP020475_frame_000094_rgb_anon,/home/manors/Guardrail-Distillation/data/acdc/rgb_anon/fog/val/GP020475/GP020475_frame_000094_rgb_anon.png,fog,0.5007398219777898,0.49926017802221023,0.9319956302642822,0.9717926979064941,0.08726894110441208,0.06874281167984009,0.1746499389410019,0.9344557523727417,0.20031477510929108,-6.392290115356445,6.358321666717529,0.0015230299904942513,0.03736786171793938,233088,3.788283502217382,13.320427213329822,11.822659231256694,0.5333194321726081,0.46668056782739187,61041,0.4678787878787879,0.5321212121212121,825,0.06969326734542847,0.0006027891067788005,11.952130240388215,0.4438205659389496,0.5561794340610504,0.5571494102478027,0.5692904591560364,0.04459002986550331,0.5111456513404846,0.4888543486595154,0.5453044176101685,0.5833325386047363,0.46968984603881836,0.5111456513404846,0.4888543486595154,0.5111456513404846,0.4888543486595154,0.5312754483129112,0.4687245516870888,0.9501518607139587,0.4870484951316455,0.5129515048683545,0.0,0.8909090909090909,0.10909090909090913,0.423030303030303,0.030535626335121413,0.030535626335121413,0.028435612097382545,0.010279379785060883,0.9694643736648786,0.030535626335121413,0.041679538786411285,0.005916220601648092,213501
acdc_b1_s42ctl_mit-b1_guard_dense_gap_j9258122,2026-07-11 16:06:07,acdc,val,all,student_skd,/scratch/gautschi/manors/hf_cache/hub/models--nvidia--mit-b1/snapshots/13ddceec4e8bdf401e7cd7acf5aebc526222518c,runs/mit-b1_skd_j9200315/student_skd.ckpt,skd,GP020475_frame_000100_rgb_anon,/home/manors/Guardrail-Distillation/data/acdc/rgb_anon/fog/val/GP020475/GP020475_frame_000100_rgb_anon.png,fog,0.3863573662967129,0.6136426337032871,0.9433762431144714,0.9736099243164062,0.08528963476419449,0.065947525203228,0.1766853928565979,0.9375576376914978,0.19460761547088623,-5.989368438720703,5.957450866699219,0.0027341777458786964,0.03520466014742851,235537,3.788283502217382,13.320427213329822,11.822659231256694,0.3291733272369673,0.6708266727630328,63787,0.30055511498810467,0.6994448850118953,1685,0.06708799302577972,0.0006178662879392505,11.952130240388215,0.4417998492717743,0.5582001507282257,0.543526828289032,0.5539369583129883,0.03848448023200035,0.509619951248169,0.49038004875183105,0.5331132411956787,0.572368860244751,0.48347097635269165,0.509619951248169,0.49038004875183105,0.509619951248169,0.49038004875183105,0.4281430149543626,0.5718569850456374,0.9718940854072571,0.3747846243956034,0.6252153756043966,0.04561129715863621,0.38221714946209207,0.6177828505379079,0.08166203447398734,0.041785648657649666,0.041785648657649666,0.03658873215317726,0.008070919662714005,0.9582143513423503,0.041785648657649666,0.049244917929172516,0.010083341971039772,217086
acdc_b1_s42ctl_mit-b1_guard_dense_gap_j9258122,2026-07-11 16:06:07,acdc,val,all,student_skd,/scratch/gautschi/manors/hf_cache/hub/models--nvidia--mit-b1/snapshots/13ddceec4e8bdf401e7cd7acf5aebc526222518c,runs/mit-b1_skd_j9200315/student_skd.ckpt,skd,GP020475_frame_000109_rgb_anon,/home/manors/Guardrail-Distillation/data/acdc/rgb_anon/fog/val/GP020475/GP020475_frame_000109_rgb_anon.png,fog,0.48214545324899305,0.517854546751007,0.8693988919258118,0.949937105178833,0.11736045032739639,0.13095201551914215,0.2622225880622864,0.8875201940536499,0.34167930483818054,-6.358953952789307,6.297255516052246,0.012392359785735607,0.06750836223363876,231675,3.744608024135232,13.266691996250302,11.80342398583889,0.34334783465423485,0.6566521653457651,58202,0.9353403389188677,0.0646596610811323,10563,0.1331673264503479,0.0016501604113727808,11.948137485887855,0.4389636814594269,0.5610363185405731,0.5637944936752319,0.5781068801879883,0.09946513175964355,0.5248457789421082,0.47515422105789185,0.5861578583717346,0.6146220564842224,0.4549288749694824,0.5248457789421082,0.47515422105789185,0.5248457789421082,0.47515422105789185,0.540177992288332,0.45982200771166803,0.9460882544517517,0.4941601175405325,0.5058398824594674,0.15081228288629767,0.9767111616018177,0.0232888383981823,0.041370822682950004,0.058032539039338915,0.058032539039338915,0.09868565946817398,0.021996330469846725,0.9419674609606611,0.058032539039338915,0.13034206628799438,0.03347793221473694,197190
acdc_b1_s42ctl_mit-b1_guard_dense_gap_j9258122,2026-07-11 16:06:07,acdc,val,all,student_skd,/scratch/gautschi/manors/hf_cache/hub/models--nvidia--mit-b1/snapshots/13ddceec4e8bdf401e7cd7acf5aebc526222518c,runs/mit-b1_skd_j9200315/student_skd.ckpt,skd,GP020475_frame_000119_rgb_anon,/home/manors/Guardrail-Distillation/data/acdc/rgb_anon/fog/val/GP020475/GP020475_frame_000119_rgb_anon.png,fog,0.5109689007240303,0.48903109927596966,0.8974555730819702,0.9495080709457397,0.11708030849695206,0.1279536932706833,0.25939738750457764,0.8920819759368896,0.31785860657691956,-5.882683277130127,5.8205084800720215,0.011417895555496216,0.064873106777668,244616,3.744608024135232,13.266691996250302,11.80342398583889,0.4149142640462695,0.5850857359537305,72266,0.8173806084207441,0.18261939157925589,2227,0.13001462817192078,0.0013195188948884606,11.948137485887855,0.4494122564792633,0.5505877435207367,0.5425618886947632,0.555700421333313,0.05337425321340561,0.5133403539657593,0.4866596460342407,0.5592629313468933,0.5913538932800293,0.4822057783603668,0.5133403539657593,0.4866596460342407,0.5133403539657593,0.4866596460342407,0.5296111880964532,0.47038881190354676,0.9286105632781982,0.4032302881462943,0.5967697118537056,0.0,0.7331695035906455,0.2668304964093545,0.0,0.018642287372422905,0.018642287372422905,0.04843100905418396,0.017276056110858917,0.9813577126275771,0.018642287372422905,0.07707181572914124,0.00626696553081274,206134
acdc_b1_s42ctl_mit-b1_guard_dense_gap_j9258122,2026-07-11 16:06:07,acdc,val,all,student_skd,/scratch/gautschi/manors/hf_cache/hub/models--nvidia--mit-b1/snapshots/13ddceec4e8bdf401e7cd7acf5aebc526222518c,runs/mit-b1_skd_j9200315/student_skd.ckpt,skd,GP020475_frame_000125_rgb_anon,/home/manors/Guardrail-Distillation/data/acdc/rgb_anon/fog/val/GP020475/GP020475_frame_000125_rgb_anon.png,fog,0.27496136600429993,0.7250386339957,0.8385310769081116,0.9394146800041199,0.12196224182844162,0.16026395559310913,0.2699577212333679,0.8593904376029968,0.4192296266555786,-5.5777082443237305,5.503914833068848,0.011616271920502186,0.07409179955720901,252835,3.744608024135232,13.266691996250302,11.80342398583889,0.177021762535759,0.822978237464241,78596,0.12160344363734193,0.8783965563626581,3242,0.16258837282657623,0.001390531426295638,11.948137485887855,0.4637395143508911,0.5362604856491089,0.5507714748382568,0.561379611492157,0.09960328042507172,0.5248802900314331,0.4751197099685669,0.5681809782981873,0.589924693107605,0.5182988047599792,0.5248802900314331,0.4751197099685669,0.5248802900314331,0.4751197099685669,0.43774357972951233,0.5622564202704876,0.9373583793640137,0.35202598778722466,0.6479740122127753,0.17500422525146575,0.13935969868173256,0.8606403013182674,0.017756255044390712,0.1627822137252124,0.1627822137252124,0.11815215647220612,0.019324855878949165,0.8372177862747876,0.1627822137252124,0.14354421198368073,0.0677872970700264,206562
acdc_b1_s42ctl_mit-b1_guard_dense_gap_j9258122,2026-07-11 16:06:07,acdc,val,all,student_skd,/scratch/gautschi/manors/hf_cache/hub/models--nvidia--mit-b1/snapshots/13ddceec4e8bdf401e7cd7acf5aebc526222518c,runs/mit-b1_skd_j9200315/student_skd.ckpt,skd,GP020475_frame_000130_rgb_anon,/home/manors/Guardrail-Distillation/data/acdc/rgb_anon/fog/val/GP020475/GP020475_frame_000130_rgb_anon.png,fog,0.26877516838754184,0.7312248316124581,0.8136857151985168,0.9550174474716187,0.11669430881738663,0.11659413576126099,0.26952511072158813,0.9044104814529419,0.29138651490211487,-5.789174556732178,5.7326741218566895,0.013612650334835052,0.06363396346569061,246315,3.744608024135232,13.266691996250302,11.80342398583889,0.20840180358862317,0.7915981964113769,72129,0.18893184094379642,0.8110681590562036,2888,0.11822851002216339,0.0014224582118913531,11.948137485887855,0.46069881319999695,0.539301186800003,0.5583353638648987,0.5737014412879944,0.0543062686920166,0.5135732293128967,0.48642677068710327,0.5707418322563171,0.6014285087585449,0.49025824666023254,0.5135732293128967,0.48642677068710327,0.5135732293128967,0.48642677068710327,0.580004524276825,0.41999547572317497,0.9327893257141113,0.4777010913009376,0.5222989086990624,0.2692992877123145,0.8400208441896821,0.15997915581031785,0.6510890032458857,0.31122935588928313,0.31122935588928313,0.13153481483459473,0.012431235983967781,0.6887706441107169,0.31122935588928313,0.1500517576932907,0.0806487649679184,213931
acdc_b1_s42ctl_mit-b1_guard_dense_gap_j9258122,2026-07-11 16:06:07,acdc,val,all,student_skd,/scratch/gautschi/manors/hf_cache/hub/models--nvidia--mit-b1/snapshots/13ddceec4e8bdf401e7cd7acf5aebc526222518c,runs/mit-b1_skd_j9200315/student_skd.ckpt,skd,GP020475_frame_000135_rgb_anon,/home/manors/Guardrail-Distillation/data/acdc/rgb_anon/fog/val/GP020475/GP020475_frame_000135_rgb_anon.png,fog,0.43481852172150964,0.5651814782784903,0.8621894717216492,0.9240568280220032,0.13841292262077332,0.18201133608818054,0.28579553961753845,0.8494079113006592,0.42461761832237244,-5.473402976989746,5.379923343658447,0.013117311522364616,0.10834583640098572,253863,3.7757307291030884,13.300869730301201,11.82759675430134,0.34089640375489016,0.6591035962451098,80729,0.9240880709825829,0.07591192901741706,3043,0.1835651695728302,0.0013596605276688933,11.97080296697095,0.4589032232761383,0.5410967767238617,0.5728628635406494,0.5848391652107239,0.13796153664588928,0.5344358086585999,0.46556419134140015,0.611075758934021,0.6400626301765442,0.4879830479621887,0.5344358086585999,0.46556419134140015,0.5344358086585999,0.46556419134140015,0.5570213495779006,0.4429786504220994,0.9407042264938354,0.47056373097413823,0.5294362690258618,0.129667327219248,0.9434768320736115,0.05652316792638845,0.019388761091028606,0.12220282785639092,0.12220282785639092,0.08856351673603058,0.010048726573586464,0.8777971721436091,0.12220282785639092,0.1040324866771698,0.014586607925593853,195216
acdc_b1_s42ctl_mit-b1_guard_dense_gap_j9258122,2026-07-11 16:06:07,acdc,val,all,student_skd,/scratch/gautschi/manors/hf_cache/hub/models--nvidia--mit-b1/snapshots/13ddceec4e8bdf401e7cd7acf5aebc526222518c,runs/mit-b1_skd_j9200315/student_skd.ckpt,skd,GP020475_frame_000140_rgb_anon,/home/manors/Guardrail-Distillation/data/acdc/rgb_anon/fog/val/GP020475/GP020475_frame_000140_rgb_anon.png,fog,0.2717666596385323,0.7282333403614677,0.8244066834449768,0.9581500291824341,0.11019327491521835,0.10731469839811325,0.245940700173378,0.9058245420455933,0.2914433479309082,-5.99271821975708,5.940762042999268,0.010720651596784592,0.0568850077688694,254742,3.7757307291030884,13.300869730301201,11.82759675430134,0.16939248926610015,0.8306075107338998,81837,0.3191489361702128,0.6808510638297872,564,0.10876324027776718,0.0008734100847505033,11.97080296697095,0.44624122977256775,0.5537587702274323,0.5519016981124878,0.5672589540481567,0.0397457517683506,0.5099351406097412,0.4900648593902588,0.5424641966819763,0.5723357200622559,0.501645028591156,0.5099351406097412,0.4900648593902588,0.5099351406097412,0.4900648593902588,0.5405054349201798,0.4594945650798202,0.9428912997245789,0.4679749959856972,0.5320250040143029,0.29858250671959696,0.9148936170212766,0.08510638297872342,0.5957446808510638,0.26873877528164747,0.26873877528164747,0.1324869990348816,0.014002403244376183,0.7312612247183525,0.26873877528164747,0.15979698300361633,0.09413446485996246,223349
acdc_b1_s42ctl_mit-b1_guard_dense_gap_j9258122,2026-07-11 16:06:07,acdc,val,all,student_skd,/scratch/gautschi/manors/hf_cache/hub/models--nvidia--mit-b1/snapshots/13ddceec4e8bdf401e7cd7acf5aebc526222518c,runs/mit-b1_skd_j9200315/student_skd.ckpt,skd,GP020475_frame_000160_rgb_anon,/home/manors/Guardrail-Distillation/data/acdc/rgb_anon/fog/val/GP020475/GP020475_frame_000160_rgb_anon.png,fog,0.4014689509456738,0.5985310490543262,0.8326337337493896,0.9475993514060974,0.12436118721961975,0.13398697972297668,0.2845957279205322,0.8900225758552551,0.33163267374038696,-5.799223899841309,5.733514785766602,0.015295232646167278,0.07620740681886673,253020,3.7757307291030884,13.300869730301201,11.82759675430134,0.33577754285300393,0.6642224571469961,79911,0.5628287282892547,0.4371712717107453,6616,0.13576166331768036,0.0011941668344661593,11.97080296697095,0.45068612694740295,0.549313873052597,0.543612539768219,0.5667441487312317,0.08137521892786026,0.5203325748443604,0.47966742515563965,0.5702334046363831,0.6185296177864075,0.5108152031898499,0.5203325748443604,0.47966742515563965,0.5203325748443604,0.47966742515563965,0.6114783746385157,0.38852162536148427,0.9182435870170593,0.5365646754049191,0.46343532459508086,0.20078713255191527,0.8418045487336658,0.15819545126633416,0.27897582044441116,0.21000942369284192,0.21000942369284192,0.11200694739818573,0.02639712207019329,0.7899905763071581,0.21000942369284192,0.14483043551445007,0.06421231478452682,215001
acdc_b1_s42ctl_mit-b1_guard_dense_gap_j9258122,2026-07-11 16:06:07,acdc,val,all,student_skd,/scratch/gautschi/manors/hf_cache/hub/models--nvidia--mit-b1/snapshots/13ddceec4e8bdf401e7cd7acf5aebc526222518c,runs/mit-b1_skd_j9200315/student_skd.ckpt,skd,GP020475_frame_000173_rgb_anon,/home/manors/Guardrail-Distillation/data/acdc/rgb_anon/fog/val/GP020475/GP020475_frame_000173_rgb_anon.png,fog,0.4055483338733259,0.5944516661266741,0.9031791090965271,0.9628190398216248,0.10448851436376572,0.09664824604988098,0.24204623699188232,0.9179514646530151,0.25914233922958374,-5.843008041381836,5.797015190124512,0.008768076077103615,0.051092348992824554,252621,3.7757307291030884,13.300869730301201,11.82759675430134,0.32370278312545,0.67629721687455,79729,0.20751008182132527,0.7924899181786748,2384,0.09888152033090591,0.0019239630782976747,11.97080296697095,0.43283212184906006,0.5671678781509399,0.5779162049293518,0.5877841114997864,0.062478549778461456,0.5156145691871643,0.4843854308128357,0.5629902482032776,0.5937432050704956,0.4413103461265564,0.5156145691871643,0.4843854308128357,0.5156145691871643,0.4843854308128357,0.5689466472099842,0.4310533527900158,0.9427720308303833,0.47742093756261056,0.5225790624373894,0.15371815443716064,0.7550311523505864,0.24496884764941362,0.5475210705292611,0.16339831333665833,0.16339831333665833,0.05254511907696724,0.012952209450304508,0.8366016866633417,0.16339831333665833,0.08105423301458359,0.02125714160501957,224367
acdc_b1_s42ctl_mit-b1_guard_dense_gap_j9258122,2026-07-11 16:06:08,acdc,val,all,student_skd,/scratch/gautschi/manors/hf_cache/hub/models--nvidia--mit-b1/snapshots/13ddceec4e8bdf401e7cd7acf5aebc526222518c,runs/mit-b1_skd_j9200315/student_skd.ckpt,skd,GP020475_frame_000179_rgb_anon,/home/manors/Guardrail-Distillation/data/acdc/rgb_anon/fog/val/GP020475/GP020475_frame_000179_rgb_anon.png,fog,0.5710387747267377,0.4289612252732623,0.8987408876419067,0.9503350257873535,0.11781985312700272,0.1320965439081192,0.2709003686904907,0.8851757049560547,0.363832026720047,-4.999892711639404,4.938418865203857,0.013935447670519352,0.06584157794713974,256540,3.7469855160452425,13.2628342253156,11.780803732108325,0.48684445794597675,0.5131555420540233,82197,0.4943109987357775,0.5056890012642226,791,0.13399937748908997,0.001141493790782988,11.960677744355053,0.47395727038383484,0.5260427296161652,0.5555723309516907,0.5709921717643738,0.09585611522197723,0.523945689201355,0.476054310798645,0.5894168615341187,0.6431536674499512,0.5306023359298706,0.523945689201355,0.476054310798645,0.523945689201355,0.476054310798645,0.7389064138718231,0.2610935861281769,0.9627659916877747,0.6713314354910211,0.32866856450897886,0.1844869775450444,0.683944374209861,0.316055625790139,0.18963337547408354,0.1678676391450854,0.1678676391450854,0.07306462526321411,0.009039525873959064,0.8321323608549146,0.1678676391450854,0.08507834374904633,0.032271768897771835,219131
acdc_b1_s42ctl_mit-b1_guard_dense_gap_j9258122,2026-07-11 16:06:08,acdc,val,all,student_skd,/scratch/gautschi/manors/hf_cache/hub/models--nvidia--mit-b1/snapshots/13ddceec4e8bdf401e7cd7acf5aebc526222518c,runs/mit-b1_skd_j9200315/student_skd.ckpt,skd,GP020475_frame_000184_rgb_anon,/home/manors/Guardrail-Distillation/data/acdc/rgb_anon/fog/val/GP020475/GP020475_frame_000184_rgb_anon.png,fog,0.38518045504526977,0.6148195449547302,0.8203391432762146,0.9529754519462585,0.11207850277423859,0.12480207532644272,0.2600494623184204,0.8934246301651001,0.3294166922569275,-5.269676208496094,5.212394714355469,0.007645060773938894,0.06487821042537689,252843,3.7469855160452425,13.2628342253156,11.780803732108325,0.19684923044483202,0.803150769555168,81305,0.4716787630167245,0.5283212369832755,6350,0.12613952159881592,0.0008436845382675529,11.960677744355053,0.4737704396247864,0.5262295603752136,0.5650322437286377,0.5852211117744446,0.10292958468198776,0.5257096886634827,0.47429031133651733,0.5726357102394104,0.6671686768531799,0.5223142504692078,0.5257096886634827,0.47429031133651733,0.5257096886634827,0.47429031133651733,0.5883391279224026,0.4116608720775974,0.9459230303764343,0.5278300492837337,0.47216995071626633,0.3309808188389016,0.6224607576229523,0.3775392423770477,0.15078199460622776,0.20315867287713285,0.20315867287713285,0.13770601153373718,0.012122147716581821,0.7968413271228671,0.20315867287713285,0.153506338596344,0.06210573762655258,216763
acdc_b1_s42ctl_mit-b1_guard_dense_gap_j9258122,2026-07-11 16:06:08,acdc,val,all,student_skd,/scratch/gautschi/manors/hf_cache/hub/models--nvidia--mit-b1/snapshots/13ddceec4e8bdf401e7cd7acf5aebc526222518c,runs/mit-b1_skd_j9200315/student_skd.ckpt,skd,GP020475_frame_000189_rgb_anon,/home/manors/Guardrail-Distillation/data/acdc/rgb_anon/fog/val/GP020475/GP020475_frame_000189_rgb_anon.png,fog,0.4509190684271278,0.5490809315728722,0.9658347964286804,0.9748355746269226,0.07662027329206467,0.06691689044237137,0.16396012902259827,0.9355589747428894,0.19920310378074646,-5.794478893280029,5.76495885848999,0.0010293173836544156,0.0266129020601511,247737,3.7469855160452425,13.2628342253156,11.780803732108325,0.3923773613685024,0.6076226386314976,79402,0.41408532941472515,0.5859146705852749,8051,0.06793777644634247,0.0006666923873126507,11.960677744355053,0.4510965049266815,0.5489034950733185,0.5657876133918762,0.5852059125900269,0.05529995262622833,0.5138214826583862,0.48617851734161377,0.5618228316307068,0.6244401335716248,0.4791426360607147,0.5138214826583862,0.48617851734161377,0.5138214826583862,0.48617851734161377,0.4898393216061915,0.5101606783938085,0.9775488376617432,0.39217678536796213,0.6078232146320379,0.0,0.5136050931747373,0.48639490682526265,0.09951976376001226,0.03892025317906367,0.03892025317906367,0.019839588552713394,0.008125552907586098,0.9610797468209363,0.03892025317906367,0.030221566557884216,0.004815591033548117,228789
acdc_b1_s42ctl_mit-b1_guard_dense_gap_j9258122,2026-07-11 16:06:08,acdc,val,all,student_skd,/scratch/gautschi/manors/hf_cache/hub/models--nvidia--mit-b1/snapshots/13ddceec4e8bdf401e7cd7acf5aebc526222518c,runs/mit-b1_skd_j9200315/student_skd.ckpt,skd,GP020475_frame_000194_rgb_anon,/home/manors/Guardrail-Distillation/data/acdc/rgb_anon/fog/val/GP020475/GP020475_frame_000194_rgb_anon.png,fog,0.27297640492878494,0.7270235950712151,0.8118575811386108,0.9221197366714478,0.14717909693717957,0.18866632878780365,0.31884074211120605,0.8533776998519897,0.40811973810195923,-5.2064971923828125,5.108604431152344,0.021933412179350853,0.12069477885961533,245835,3.7469855160452425,13.2628342253156,11.780803732108325,0.1397076754562601,0.8602923245437399,73574,0.0,1.0,453,0.1902799755334854,0.0015607024542987347,11.960677744355053,0.47245392203330994,0.5275460779666901,0.5673219561576843,0.5870076417922974,0.17408320307731628,0.5434111952781677,0.4565888047218323,0.6463490128517151,0.7485229969024658,0.5076302886009216,0.5434111952781677,0.4565888047218323,0.5434111952781677,0.4565888047218323,0.3713421137184875,0.6286578862815124,0.8966990113258362,0.2644538914750641,0.735546108524936,0.12474621601880398,0.18421052631578946,0.8157894736842105,0.1842105263157895,0.09836570878970263,0.09836570878970263,0.11589887738227844,0.031057417392730713,0.9016342912102974,0.09836570878970263,0.18140216171741486,0.025260847061872482,190706
acdc_b1_s42ctl_mit-b1_guard_dense_gap_j9258122,2026-07-11 16:06:08,acdc,val,all,student_skd,/scratch/gautschi/manors/hf_cache/hub/models--nvidia--mit-b1/snapshots/13ddceec4e8bdf401e7cd7acf5aebc526222518c,runs/mit-b1_skd_j9200315/student_skd.ckpt,skd,GP020475_frame_000199_rgb_anon,/home/manors/Guardrail-Distillation/data/acdc/rgb_anon/fog/val/GP020475/GP020475_frame_000199_rgb_anon.png,fog,0.42925023609039137,0.5707497639096086,0.8227400183677673,0.9383758306503296,0.12264308333396912,0.14709991216659546,0.2453177124261856,0.8752299547195435,0.3422260284423828,-5.573962211608887,5.499329090118408,0.005074091721326113,0.08300884813070297,255021,3.7425077171064913,13.288319518323988,11.802696506492794,0.2625495163717076,0.7374504836282925,82956,0.14478527607361963,0.8552147239263803,1411,0.14918476343154907,0.001499469275586307,11.980580515228212,0.47289779782295227,0.5271022021770477,0.5850587487220764,0.5912876725196838,0.09217526763677597,0.5230274796485901,0.4769725203514099,0.5667216777801514,0.6044496893882751,0.48776113986968994,0.5230274796485901,0.4769725203514099,0.5230274796485901,0.4769725203514099,0.595278687158421,0.404721312841579,0.9582151770591736,0.4965946123082825,0.5034053876917175,0.23404509593657497,0.18732106339468302,0.812678936605317,0.042535787321063334,0.16602845106802966,0.16602845106802966,0.14668595790863037,0.011210841126739979,0.8339715489319703,0.16602845106802966,0.16230426728725433,0.08544393628835678,206654
acdc_b1_s42ctl_mit-b1_guard_dense_gap_j9258122,2026-07-11 16:06:08,acdc,val,all,student_skd,/scratch/gautschi/manors/hf_cache/hub/models--nvidia--mit-b1/snapshots/13ddceec4e8bdf401e7cd7acf5aebc526222518c,runs/mit-b1_skd_j9200315/student_skd.ckpt,skd,GP020475_frame_000204_rgb_anon,/home/manors/Guardrail-Distillation/data/acdc/rgb_anon/fog/val/GP020475/GP020475_frame_000204_rgb_anon.png,fog,0.3593768614777375,0.6406231385222625,0.8339065909385681,0.9466071128845215,0.11803625524044037,0.14137054979801178,0.2625216245651245,0.8732709288597107,0.39426863193511963,-5.440362930297852,5.375026702880859,0.011645621620118618,0.06862121820449829,254688,3.7425077171064913,13.288319518323988,11.802696506492794,0.27227875248074135,0.7277212475192587,81484,0.8144987699876999,0.18550123001230012,13008,0.14345917105674744,0.0012873461237177253,11.980580515228212,0.45019298791885376,0.5498070120811462,0.5544292330741882,0.5643975734710693,0.09226468205451965,0.5230498313903809,0.47695016860961914,0.5774192810058594,0.6179313063621521,0.5008403062820435,0.5230498313903809,0.47695016860961914,0.5230498313903809,0.47695016860961914,0.4392356495881044,0.5607643504118955,0.8989430665969849,0.318520766422383,0.681479233577617,0.046242013941641735,0.023575235752357523,0.9764247642476425,0.0,0.07985878811036695,0.07985878811036695,0.12242430448532104,0.05738786235451698,0.920141211889633,0.07985878811036695,0.19117902219295502,0.07513506710529327,214432
acdc_b1_s42ctl_mit-b1_guard_dense_gap_j9258122,2026-07-11 16:06:08,acdc,val,all,student_skd,/scratch/gautschi/manors/hf_cache/hub/models--nvidia--mit-b1/snapshots/13ddceec4e8bdf401e7cd7acf5aebc526222518c,runs/mit-b1_skd_j9200315/student_skd.ckpt,skd,GP020475_frame_000209_rgb_anon,/home/manors/Guardrail-Distillation/data/acdc/rgb_anon/fog/val/GP020475/GP020475_frame_000209_rgb_anon.png,fog,0.4363825730644966,0.5636174269355034,0.8919500708580017,0.9317744970321655,0.13116618990898132,0.17048096656799316,0.28130146861076355,0.8574957847595215,0.4079642593860626,-5.376008987426758,5.292263031005859,0.01105520036071539,0.09433401376008987,252189,3.7425077171064913,13.288319518323988,11.802696506492794,0.2788587916096814,0.7211412083903186,81088,0.29662577596041306,0.7033742240395869,4973,0.17271913588047028,0.0014853993197903037,11.980580515228212,0.4642435312271118,0.5357564687728882,0.5498180985450745,0.5687384605407715,0.1340411752462387,0.5334601998329163,0.46653980016708374,0.6254979968070984,0.6640299558639526,0.504485011100769,0.5334601998329163,0.46653980016708374,0.5334601998329163,0.46653980016708374,0.6927042911108313,0.3072957088891687,0.9612948894500732,0.5237254119518276,0.47627458804817235,0.24486662034214624,0.8047297340199246,0.19527026598007535,0.5081039580595116,0.25632171804633475,0.25632171804633475,0.08373481780290604,0.014390001073479652,0.7436782819536653,0.25632171804633475,0.10566281527280807,0.010662637650966644,199938
acdc_b1_s42ctl_mit-b1_guard_dense_gap_j9258122,2026-07-11 16:06:08,acdc,val,all,student_skd,/scratch/gautschi/manors/hf_cache/hub/models--nvidia--mit-b1/snapshots/13ddceec4e8bdf401e7cd7acf5aebc526222518c,runs/mit-b1_skd_j9200315/student_skd.ckpt,skd,GP020475_frame_000229_rgb_anon,/home/manors/Guardrail-Distillation/data/acdc/rgb_anon/fog/val/GP020475/GP020475_frame_000229_rgb_anon.png,fog,0.41988862076152383,0.5801113792384762,0.8684319257736206,0.9470781087875366,0.11278269439935684,0.13767220079898834,0.2453908920288086,0.8781049847602844,0.36320960521698,-6.071657657623291,6.008081436157227,0.005904433783143759,0.06477417796850204,252014,3.7425077171064913,13.288319518323988,11.802696506492794,0.2936110809385236,0.7063889190614764,79183,0.1712971833684614,0.8287028166315387,6500,0.13954658806324005,0.001186588080599904,11.980580515228212,0.4496411979198456,0.5503588020801544,0.5487046241760254,0.5749036073684692,0.10586807876825333,0.5264423489570618,0.47355765104293823,0.5893987417221069,0.6244358420372009,0.5039118528366089,0.5264423489570618,0.47355765104293823,0.5264423489570618,0.47355765104293823,0.5518926993081934,0.4481073006918066,0.9460307955741882,0.4446490560331036,0.5553509439668964,0.15103797509457995,0.2111154570316026,0.7888845429683974,0.03981827366314128,0.13200407854666962,0.13200407854666962,0.09088780730962753,0.013288944028317928,0.8679959214533304,0.13200407854666962,0.11250962316989899,0.03416873514652252,210010
acdc_b1_s42ctl_mit-b1_guard_dense_gap_j9258122,2026-07-11 16:06:08,acdc,val,all,student_skd,/scratch/gautschi/manors/hf_cache/hub/models--nvidia--mit-b1/snapshots/13ddceec4e8bdf401e7cd7acf5aebc526222518c,runs/mit-b1_skd_j9200315/student_skd.ckpt,skd,GOPR0351_frame_000033_rgb_anon,/home/manors/Guardrail-Distillation/data/acdc/rgb_anon/night/val/GOPR0351/GOPR0351_frame_000033_rgb_anon.png,night,0.1024569550836242,0.8975430449163758,0.4345102906227112,0.9082669019699097,0.1576351821422577,0.2747763395309448,0.3897310793399811,0.7573447823524475,0.8324992060661316,-3.432769298553467,3.3146722316741943,0.04551389068365097,0.11571996659040451,238213,3.6456144880503416,13.274274242576212,11.807436298113316,0.19760239531907112,0.8023976046809289,87552,0.1301775147928994,0.8698224852071006,169,0.27896618843078613,0.002064337721094489,11.973022774327546,0.507092297077179,0.49290770292282104,0.5903330445289612,0.6024084091186523,0.2565673291683197,0.5637922883033752,0.43620771169662476,0.6500998735427856,0.7215934991836548,0.548408567905426,0.5637922883033752,0.43620771169662476,0.5637922883033752,0.43620771169662476,0.17260660039507955,0.8273933996049204,0.551594614982605,0.3354923446971903,0.6645076553028098,0.13788994937811916,0.03550295857988166,0.9644970414201184,0.0,0.0701496453114554,0.0701496453114554,0.15286318957805634,0.03577890247106552,0.9298503546885446,0.0701496453114554,0.4123452603816986,0.08747214078903198,182791
acdc_b1_s42ctl_mit-b1_guard_dense_gap_j9258122,2026-07-11 16:06:08,acdc,val,all,student_skd,/scratch/gautschi/manors/hf_cache/hub/models--nvidia--mit-b1/snapshots/13ddceec4e8bdf401e7cd7acf5aebc526222518c,runs/mit-b1_skd_j9200315/student_skd.ckpt,skd,GOPR0351_frame_000039_rgb_anon,/home/manors/Guardrail-Distillation/data/acdc/rgb_anon/night/val/GOPR0351/GOPR0351_frame_000039_rgb_anon.png,night,0.2575739271446214,0.7424260728553786,0.7208141088485718,0.909890353679657,0.15149706602096558,0.25412994623184204,0.35774874687194824,0.7837649583816528,0.6921017169952393,-3.6124894618988037,3.499290704727173,0.03157186880707741,0.12467482686042786,227576,3.6456144880503416,13.274274242576212,11.807436298113316,0.2367954893505139,0.7632045106494861,86258,1.0,0.0,122,0.25753486156463623,0.0017579499399289489,11.973022774327546,0.46810033917427063,0.5318996608257294,0.5743630528450012,0.5912806391716003,0.44361117482185364,0.609119176864624,0.390880823135376,0.8053882122039795,0.8604536056518555,0.5352339148521423,0.609119176864624,0.390880823135376,0.609119176864624,0.390880823135376,0.23288659783177731,0.7671134021682227,0.6727554798126221,0.2673203605537047,0.7326796394462953,0.030524871203190806,0.0,1.0,0.0,0.0,0.0,0.07584279030561447,0.12390146404504776,1.0,0.0,0.2971886098384857,0.018705839291214943,171523
acdc_b1_s42ctl_mit-b1_guard_dense_gap_j9258122,2026-07-11 16:06:08,acdc,val,all,student_skd,/scratch/gautschi/manors/hf_cache/hub/models--nvidia--mit-b1/snapshots/13ddceec4e8bdf401e7cd7acf5aebc526222518c,runs/mit-b1_skd_j9200315/student_skd.ckpt,skd,GOPR0351_frame_000043_rgb_anon,/home/manors/Guardrail-Distillation/data/acdc/rgb_anon/night/val/GOPR0351/GOPR0351_frame_000043_rgb_anon.png,night,0.20346706188155578,0.7965329381184443,0.5407987833023071,0.8685141801834106,0.17584025859832764,0.30426838994026184,0.3554934561252594,0.7616907954216003,0.6522295475006104,-3.761720657348633,3.595072031021118,0.03114764764904976,0.21625564992427826,231735,3.6456144880503416,13.274274242576212,11.807436298113316,0.270512289190359,0.7294877108096409,87552,0.0,1.0,448,0.306941956281662,0.0023533483035862446,11.973022774327546,0.4425657093524933,0.5574342906475067,0.5662034749984741,0.5819767117500305,0.5124831199645996,0.6253883838653564,0.37461161613464355,0.82233065366745,0.9283884763717651,0.544722318649292,0.6253883838653564,0.37461161613464355,0.6253883838653564,0.37461161613464355,0.23812529130785054,0.7618747086921495,0.5802748799324036,0.4262633894708939,0.5737366105291061,0.15575110028053485,0.0,1.0,0.0,0.03465822942629482,0.03465822942629482,0.06573888659477234,0.026262758299708366,0.9653417705737052,0.03465822942629482,0.25549444556236267,0.009424558840692043,147379
acdc_b1_s42ctl_mit-b1_guard_dense_gap_j9258122,2026-07-11 16:06:08,acdc,val,all,student_skd,/scratch/gautschi/manors/hf_cache/hub/models--nvidia--mit-b1/snapshots/13ddceec4e8bdf401e7cd7acf5aebc526222518c,runs/mit-b1_skd_j9200315/student_skd.ckpt,skd,GOPR0351_frame_000047_rgb_anon,/home/manors/Guardrail-Distillation/data/acdc/rgb_anon/night/val/GOPR0351/GOPR0351_frame_000047_rgb_anon.png,night,0.18116793032609288,0.8188320696739071,0.6273342370986938,0.9234461188316345,0.14027737081050873,0.20176945626735687,0.3240492045879364,0.8375794887542725,0.48951539397239685,-4.386669635772705,4.291420936584473,0.02251892350614071,0.10065124183893204,247836,3.6456144880503416,13.274274242576212,11.807436298113316,0.5478002889959667,0.45219971100403333,87552,0.0,1.0,1061,0.20424872636795044,0.0018591388361528516,11.973022774327546,0.47168591618537903,0.528314083814621,0.5764169692993164,0.5898172855377197,0.48704010248184204,0.619408905506134,0.38059109449386597,0.829660952091217,0.915842592716217,0.5355393290519714,0.619408905506134,0.38059109449386597,0.619408905506134,0.38059109449386597,0.21560225199099067,0.7843977480090093,0.6917518377304077,0.5218647184727165,0.47813528152728346,0.0,0.0,1.0,0.0,0.03443432166489779,0.03443432166489779,0.08546377718448639,0.021046176552772522,0.9655656783351022,0.03443432166489779,0.15521958470344543,0.05101760849356651,190659
acdc_b1_s42ctl_mit-b1_guard_dense_gap_j9258122,2026-07-11 16:06:08,acdc,val,all,student_skd,/scratch/gautschi/manors/hf_cache/hub/models--nvidia--mit-b1/snapshots/13ddceec4e8bdf401e7cd7acf5aebc526222518c,runs/mit-b1_skd_j9200315/student_skd.ckpt,skd,GOPR0351_frame_000049_rgb_anon,/home/manors/Guardrail-Distillation/data/acdc/rgb_anon/night/val/GOPR0351/GOPR0351_frame_000049_rgb_anon.png,night,0.18752151958553326,0.8124784804144667,0.5577219128608704,0.9273642301559448,0.1321398764848709,0.2013777643442154,0.31390243768692017,0.8290220499038696,0.5337855815887451,-4.63472843170166,4.545488357543945,0.019260983914136887,0.08491195738315582,245678,3.7201452651061118,13.260374253150076,11.826131551060826,0.44695289897076035,0.5530471010292397,87552,1.0,0.0,105,0.2048739641904831,0.001808279543183744,11.962590215262026,0.4915669858455658,0.5084330141544342,0.5730354189872742,0.5870475172996521,0.35371261835098267,0.5875176191329956,0.4124823808670044,0.7453997731208801,0.7834645509719849,0.5398496985435486,0.5875176191329956,0.4124823808670044,0.5875176191329956,0.4124823808670044,0.28089115944808013,0.7191088405519199,0.6512548923492432,0.2556590388331081,0.7443409611668919,0.0,1.0,0.0,0.0,0.09336963986254676,0.09336963986254676,0.11764179170131683,0.02410879172384739,0.9066303601374532,0.09336963986254676,0.20761321485042572,0.03361310437321663,190078
acdc_b1_s42ctl_mit-b1_guard_dense_gap_j9258122,2026-07-11 16:06:08,acdc,val,all,student_skd,/scratch/gautschi/manors/hf_cache/hub/models--nvidia--mit-b1/snapshots/13ddceec4e8bdf401e7cd7acf5aebc526222518c,runs/mit-b1_skd_j9200315/student_skd.ckpt,skd,GOPR0351_frame_000053_rgb_anon,/home/manors/Guardrail-Distillation/data/acdc/rgb_anon/night/val/GOPR0351/GOPR0351_frame_000053_rgb_anon.png,night,0.25310248340705416,0.7468975165929459,0.544499397277832,0.9559982419013977,0.11207543313503265,0.12126239389181137,0.25864192843437195,0.8816297650337219,0.408496230840683,-4.36326265335083,4.308575630187988,0.015320120379328728,0.05535534769296646,246408,3.7201452651061118,13.260374253150076,11.826131551060826,0.2291631296540656,0.7708368703459344,87552,0.316,0.6839999999999999,330,0.12334561347961426,0.0009777218801900744,11.962590215262026,0.5004673600196838,0.49953263998031616,0.5730981826782227,0.586723268032074,0.31389346718788147,0.5778353810310364,0.4221646189689636,0.7266029715538025,0.8568201065063477,0.5439961552619934,0.5778353810310364,0.4221646189689636,0.5778353810310364,0.4221646189689636,0.30167198944041834,0.6983280105595817,0.6474708914756775,0.3416997898391813,0.6583002101608186,0.11253666018511577,0.344,0.656,0.027999999999999914,0.048569506033364185,0.048569506033364185,0.11991088837385178,0.01693938672542572,0.9514304939666358,0.048569506033364185,0.20634882152080536,0.07317538559436798,215395
acdc_b1_s42ctl_mit-b1_guard_dense_gap_j9258122,2026-07-11 16:06:08,acdc,val,all,student_skd,/scratch/gautschi/manors/hf_cache/hub/models--nvidia--mit-b1/snapshots/13ddceec4e8bdf401e7cd7acf5aebc526222518c,runs/mit-b1_skd_j9200315/student_skd.ckpt,skd,GOPR0351_frame_000055_rgb_anon,/home/manors/Guardrail-Distillation/data/acdc/rgb_anon/night/val/GOPR0351/GOPR0351_frame_000055_rgb_anon.png,night,0.35892690641634584,0.6410730935836542,0.6887447237968445,0.9457386136054993,0.1187477633357048,0.15927819907665253,0.29003041982650757,0.8494969010353088,0.5061613917350769,-4.205173492431641,4.1382012367248535,0.017072465270757675,0.061773255467414856,249056,3.7201452651061118,13.260374253150076,11.826131551060826,0.5664887842708924,0.43351121572910756,87552,0.44486531986531985,0.5551346801346801,535,0.1623186320066452,0.0012596076121553779,11.962590215262026,0.4688247740268707,0.5311752259731293,0.5541505813598633,0.5662121772766113,0.28892937302589417,0.5717340111732483,0.4282659888267517,0.693539023399353,0.7878050208091736,0.544905424118042,0.5717340111732483,0.4282659888267517,0.5717340111732483,0.4282659888267517,0.26576890106207235,0.7342310989379277,0.6991801261901855,0.5787464758211418,0.4212535241788582,0.012257691550249361,0.3135179997925096,0.6864820002074904,0.0,0.0,0.0,0.026740973815321922,0.01630556955933571,1.0,0.0,0.06686046719551086,0.008074489422142506,210156
acdc_b1_s42ctl_mit-b1_guard_dense_gap_j9258122,2026-07-11 16:06:08,acdc,val,all,student_skd,/scratch/gautschi/manors/hf_cache/hub/models--nvidia--mit-b1/snapshots/13ddceec4e8bdf401e7cd7acf5aebc526222518c,runs/mit-b1_skd_j9200315/student_skd.ckpt,skd,GOPR0351_frame_000057_rgb_anon,/home/manors/Guardrail-Distillation/data/acdc/rgb_anon/night/val/GOPR0351/GOPR0351_frame_000057_rgb_anon.png,night,0.13092693228724211,0.8690730677127578,0.5110738277435303,0.8842729926109314,0.17074021697044373,0.29747849702835083,0.3987541198730469,0.7848011255264282,0.6239984035491943,-3.83522629737854,3.6879563331604004,0.041447483003139496,0.1727837324142456,250365,3.7201452651061118,13.260374253150076,11.826131551060826,0.12287121131380656,0.8771287886861935,87552,0.05309346204475647,0.9469065379552435,2459,0.3004162013530731,0.0026831331197172403,11.962590215262026,0.5185301899909973,0.4814698100090027,0.5767495632171631,0.5895640254020691,0.20067086815834045,0.550000011920929,0.44999998807907104,0.6503090262413025,0.6947565078735352,0.5204823017120361,0.550000011920929,0.44999998807907104,0.550000011920929,0.44999998807907104,0.29889262207261463,0.7011073779273853,0.7257483601570129,0.3598494085041338,0.6401505914958662,0.2369781971903273,0.4861781483106626,0.5138218516893374,0.4330846862659061,0.16796568978537252,0.16796568978537252,0.22564254701137543,0.010967985726892948,0.8320343102146275,0.16796568978537252,0.2987877428531647,0.033810634166002274,161831
acdc_b1_s42ctl_mit-b1_guard_dense_gap_j9258122,2026-07-11 16:06:09,acdc,val,all,student_skd,/scratch/gautschi/manors/hf_cache/hub/models--nvidia--mit-b1/snapshots/13ddceec4e8bdf401e7cd7acf5aebc526222518c,runs/mit-b1_skd_j9200315/student_skd.ckpt,skd,GOPR0351_frame_000059_rgb_anon,/home/manors/Guardrail-Distillation/data/acdc/rgb_anon/night/val/GOPR0351/GOPR0351_frame_000059_rgb_anon.png,night,0.16280936312511962,0.8371906368748804,0.5475509762763977,0.9259889125823975,0.1450308859348297,0.20491038262844086,0.33925873041152954,0.827998697757721,0.5527355670928955,-4.022844314575195,3.929119110107422,0.03346867114305496,0.1050461009144783,249995,3.6472672363743186,13.30467447405681,11.776431230828166,0.17055221218017874,0.8294477878198212,87552,0.14335060449050085,0.8566493955094991,1158,0.20827502012252808,0.002010147785767913,11.947402497753501,0.4895612895488739,0.5104387104511261,0.57359778881073,0.5915504693984985,0.430897980928421,0.6060880422592163,0.3939119577407837,0.7480480670928955,0.9393946528434753,0.5382049679756165,0.6060880422592163,0.3939119577407837,0.6060880422592163,0.3939119577407837,0.330615214250017,0.6693847857499831,0.6859017014503479,0.49877263494889046,0.5012273650511095,0.32822042276871166,0.8488773747841105,0.15112262521588948,0.7055267702936097,0.16780585112489732,0.16780585112489732,0.14507490396499634,0.006724134553223848,0.8321941488751027,0.16780585112489732,0.19688794016838074,0.06147722899913788,198606
acdc_b1_s42ctl_mit-b1_guard_dense_gap_j9258122,2026-07-11 16:06:09,acdc,val,all,student_skd,/scratch/gautschi/manors/hf_cache/hub/models--nvidia--mit-b1/snapshots/13ddceec4e8bdf401e7cd7acf5aebc526222518c,runs/mit-b1_skd_j9200315/student_skd.ckpt,skd,GOPR0351_frame_000061_rgb_anon,/home/manors/Guardrail-Distillation/data/acdc/rgb_anon/night/val/GOPR0351/GOPR0351_frame_000061_rgb_anon.png,night,0.2448088287081144,0.7551911712918856,0.5805495381355286,0.9149814248085022,0.15399901568889618,0.2162429690361023,0.3468535840511322,0.8276187777519226,0.5171810984611511,-4.067958354949951,3.960047721862793,0.026806320995092392,0.128712460398674,237444,3.6472672363743186,13.30467447405681,11.776431230828166,0.3274810343228431,0.6725189656771569,87552,0.3857570806100218,0.6142429193899782,1079,0.21872374415397644,0.001776822260580957,11.947402497753501,0.4982748329639435,0.5017251670360565,0.5665753483772278,0.5785678625106812,0.1634501963853836,0.5407717823982239,0.4592282176017761,0.6375296711921692,0.6931259036064148,0.5366033315658569,0.5407717823982239,0.4592282176017761,0.5407717823982239,0.4592282176017761,0.2654085691136451,0.7345914308863549,0.6304560303688049,0.3279287494749118,0.6720712505250882,0.00044771515206865065,0.2641946697566628,0.7358053302433372,0.0,0.020599740405530698,0.020599740405530698,0.09030339866876602,0.04039689525961876,0.9794002595944693,0.020599740405530698,0.17448745667934418,0.029855459928512573,179942
acdc_b1_s42ctl_mit-b1_guard_dense_gap_j9258122,2026-07-11 16:06:09,acdc,val,all,student_skd,/scratch/gautschi/manors/hf_cache/hub/models--nvidia--mit-b1/snapshots/13ddceec4e8bdf401e7cd7acf5aebc526222518c,runs/mit-b1_skd_j9200315/student_skd.ckpt,skd,GOPR0351_frame_000063_rgb_anon,/home/manors/Guardrail-Distillation/data/acdc/rgb_anon/night/val/GOPR0351/GOPR0351_frame_000063_rgb_anon.png,night,0.17137161973273612,0.8286283802672638,0.6046947836875916,0.9144124984741211,0.14323440194129944,0.24982592463493347,0.34124094247817993,0.7804280519485474,0.7192939519882202,-2.968388795852661,2.862337589263916,0.02966436743736267,0.10451619327068329,235198,3.6472672363743186,13.30467447405681,11.776431230828166,0.21665011000681145,0.7833498899931886,86689,0.0,1.0,523,0.253783643245697,0.002370985224843025,11.947402497753501,0.5212547183036804,0.4787452816963196,0.5955715775489807,0.6033318042755127,0.2394469827413559,0.5595773458480835,0.4404226541519165,0.6614983081817627,0.726245641708374,0.5379907488822937,0.5595773458480835,0.4404226541519165,0.5595773458480835,0.4404226541519165,0.3339124119463445,0.6660875880536554,0.7106395363807678,0.351358290577275,0.648641709422725,0.13470818057046352,0.0,1.0,0.0,0.1625407922136084,0.1625407922136084,0.11536237597465515,0.009417597204446793,0.8374592077863916,0.1625407922136084,0.20404084026813507,0.049719810485839844,175511
acdc_b1_s42ctl_mit-b1_guard_dense_gap_j9258122,2026-07-11 16:06:09,acdc,val,all,student_skd,/scratch/gautschi/manors/hf_cache/hub/models--nvidia--mit-b1/snapshots/13ddceec4e8bdf401e7cd7acf5aebc526222518c,runs/mit-b1_skd_j9200315/student_skd.ckpt,skd,GOPR0351_frame_000065_rgb_anon,/home/manors/Guardrail-Distillation/data/acdc/rgb_anon/night/val/GOPR0351/GOPR0351_frame_000065_rgb_anon.png,night,0.24167324333954146,0.7583267566604586,0.6080504059791565,0.9285832643508911,0.1272178292274475,0.2028827965259552,0.3015133738517761,0.8207671642303467,0.5738518834114075,-3.794527292251587,3.708052158355713,0.014059700071811676,0.08361706882715225,229379,3.6472672363743186,13.30467447405681,11.776431230828166,0.25844182422933015,0.7415581757706698,82008,0.4281288723667906,0.5718711276332094,807,0.20630590617656708,0.0018480640137568116,11.947402497753501,0.4835820496082306,0.5164179503917694,0.5590475797653198,0.5754932165145874,0.14267310500144958,0.5356078743934631,0.46439212560653687,0.6182470321655273,0.6635250449180603,0.5338470935821533,0.5356078743934631,0.46439212560653687,0.5356078743934631,0.46439212560653687,0.3831567614226714,0.6168432385773286,0.705544114112854,0.3225076873677631,0.677492312632237,0.06406586313843288,0.7781908302354399,0.2218091697645601,0.35006195786864924,0.14148351808312998,0.14148351808312998,0.10949563980102539,0.01200196985155344,0.85851648191687,0.14148351808312998,0.16320151090621948,0.04410604014992714,178715
acdc_b1_s42ctl_mit-b1_guard_dense_gap_j9258122,2026-07-11 16:06:09,acdc,val,all,student_skd,/scratch/gautschi/manors/hf_cache/hub/models--nvidia--mit-b1/snapshots/13ddceec4e8bdf401e7cd7acf5aebc526222518c,runs/mit-b1_skd_j9200315/student_skd.ckpt,skd,GOPR0351_frame_000067_rgb_anon,/home/manors/Guardrail-Distillation/data/acdc/rgb_anon/night/val/GOPR0351/GOPR0351_frame_000067_rgb_anon.png,night,0.21991708564740967,0.7800829143525904,0.5661637187004089,0.9286451935768127,0.13654443621635437,0.19493399560451508,0.3195359408855438,0.8315978646278381,0.5334651470184326,-4.073870658874512,3.9852194786071777,0.02157468907535076,0.09657977521419525,245890,3.824138781055808,13.303462241310626,11.808978975750506,0.18476348765749404,0.8152365123425059,87543,0.3333333333333333,0.6666666666666667,430,0.19761812686920166,0.0016081216745078564,12.186357227619737,0.44833019375801086,0.5516698062419891,0.5440366268157959,0.5725343823432922,0.5220019817352295,0.627615749835968,0.372384250164032,0.832061767578125,0.9486526250839233,0.55048668384552,0.627615749835968,0.372384250164032,0.627615749835968,0.372384250164032,0.2764258534846961,0.7235741465153038,0.6592541337013245,0.43972286765517676,0.5602771323448232,0.2549593799976827,0.0,1.0,0.0,0.05650876783728653,0.05650876783728653,0.11260319501161575,0.01951279118657112,0.9434912321627135,0.05650876783728653,0.33198991417884827,0.07990971952676773,195892
acdc_b1_s42ctl_mit-b1_guard_dense_gap_j9258122,2026-07-11 16:06:09,acdc,val,all,student_skd,/scratch/gautschi/manors/hf_cache/hub/models--nvidia--mit-b1/snapshots/13ddceec4e8bdf401e7cd7acf5aebc526222518c,runs/mit-b1_skd_j9200315/student_skd.ckpt,skd,GOPR0351_frame_000069_rgb_anon,/home/manors/Guardrail-Distillation/data/acdc/rgb_anon/night/val/GOPR0351/GOPR0351_frame_000069_rgb_anon.png,night,0.16240968555997728,0.8375903144400227,0.5583601593971252,0.872528076171875,0.1621103137731552,0.31393948197364807,0.33089005947113037,0.7498156428337097,0.6957945227622986,-3.5020928382873535,3.3439345359802246,0.031375642865896225,0.1748800426721573,246975,3.824138781055808,13.303462241310626,11.808978975750506,0.22314310600114867,0.7768568939988514,87552,0.08455882352941177,0.9154411764705882,371,0.3175778090953827,0.0027512158267199993,12.186357227619737,0.47227615118026733,0.5277238488197327,0.5651640295982361,0.5815901756286621,0.2828979194164276,0.5702565312385559,0.4297434687614441,0.6757324934005737,0.758840799331665,0.5438610911369324,0.5702565312385559,0.4297434687614441,0.5702565312385559,0.4297434687614441,0.1798796862534396,0.8201203137465604,0.6935195326805115,0.3166450093183673,0.6833549906816327,0.09350190331721864,0.0,1.0,0.0,0.017470000693462384,0.017470000693462384,0.17166109383106232,0.03650166839361191,0.9825299993065376,0.017470000693462384,0.36658769845962524,0.04717481508851051,151496
acdc_b1_s42ctl_mit-b1_guard_dense_gap_j9258122,2026-07-11 16:06:09,acdc,val,all,student_skd,/scratch/gautschi/manors/hf_cache/hub/models--nvidia--mit-b1/snapshots/13ddceec4e8bdf401e7cd7acf5aebc526222518c,runs/mit-b1_skd_j9200315/student_skd.ckpt,skd,GOPR0351_frame_000071_rgb_anon,/home/manors/Guardrail-Distillation/data/acdc/rgb_anon/night/val/GOPR0351/GOPR0351_frame_000071_rgb_anon.png,night,0.12328185474447016,0.8767181452555298,0.6114352941513062,0.8867435455322266,0.1587810516357422,0.28607359528541565,0.3492148816585541,0.7798323035240173,0.6193137764930725,-4.341885566711426,4.201430320739746,0.02462041564285755,0.16277234256267548,247112,3.824138781055808,13.303462241310626,11.808978975750506,0.18687734024295805,0.813122659757042,87552,0.22362385321100917,0.7763761467889908,1166,0.2889708876609802,0.002268499694764614,12.186357227619737,0.47624361515045166,0.5237563848495483,0.5490807294845581,0.5606389045715332,0.25243866443634033,0.5627766251564026,0.4372233748435974,0.7020208835601807,0.7523415088653564,0.5570279955863953,0.5627766251564026,0.4372233748435974,0.5627766251564026,0.4372233748435974,0.19370287719308124,0.8062971228069188,0.6730632185935974,0.28821365484153616,0.7117863451584638,0.10133631459857817,0.5600309099953757,0.43996909000462425,0.33640705678436655,0.07042102244861104,0.07042102244861104,0.07805367559194565,0.01642574928700924,0.929578977551389,0.07042102244861104,0.19066253304481506,0.013026481494307518,161434
acdc_b1_s42ctl_mit-b1_guard_dense_gap_j9258122,2026-07-11 16:06:09,acdc,val,all,student_skd,/scratch/gautschi/manors/hf_cache/hub/models--nvidia--mit-b1/snapshots/13ddceec4e8bdf401e7cd7acf5aebc526222518c,runs/mit-b1_skd_j9200315/student_skd.ckpt,skd,GOPR0351_frame_000079_rgb_anon,/home/manors/Guardrail-Distillation/data/acdc/rgb_anon/night/val/GOPR0351/GOPR0351_frame_000079_rgb_anon.png,night,0.20210208588610026,0.7978979141138998,0.6844502687454224,0.9040454030036926,0.14784552156925201,0.2521895468235016,0.3266846239566803,0.7913308143615723,0.6143591403961182,-3.994089126586914,3.8757848739624023,0.023003408685326576,0.12757040560245514,255310,3.824138781055808,13.303462241310626,11.808978975750506,0.17914800363041392,0.8208519963695861,87552,0.08147632311977716,0.9185236768802229,718,0.2553189992904663,0.0018891750369220972,12.186357227619737,0.47347331047058105,0.526526689529419,0.561540424823761,0.5777203440666199,0.26312583684921265,0.5654045343399048,0.4345954656600952,0.6867635846138,0.7444376945495605,0.5474256277084351,0.5654045343399048,0.4345954656600952,0.5654045343399048,0.4345954656600952,0.334250873725962,0.665749126274038,0.787333071231842,0.5837131051780377,0.41628689482196235,0.4045651015476237,0.059424326833797586,0.9405756731662024,0.0,0.13214878783986173,0.13214878783986173,0.12135051935911179,0.018467744812369347,0.8678512121601383,0.13214878783986173,0.22144843637943268,0.03558027744293213,182945
acdc_b1_s42ctl_mit-b1_guard_dense_gap_j9258122,2026-07-11 16:06:09,acdc,val,all,student_skd,/scratch/gautschi/manors/hf_cache/hub/models--nvidia--mit-b1/snapshots/13ddceec4e8bdf401e7cd7acf5aebc526222518c,runs/mit-b1_skd_j9200315/student_skd.ckpt,skd,GOPR0351_frame_000081_rgb_anon,/home/manors/Guardrail-Distillation/data/acdc/rgb_anon/night/val/GOPR0351/GOPR0351_frame_000081_rgb_anon.png,night,0.1316600450010135,0.8683399549989865,0.40857601165771484,0.8243823051452637,0.1880074441432953,0.41445156931877136,0.39442992210388184,0.6954063773155212,0.8379149436950684,-2.977782964706421,2.7538902759552,0.048326700925827026,0.30198416113853455,255573,3.6392720066942275,13.295172015205026,11.833504016976804,0.12337471580553887,0.8766252841944612,87552,0.3113207547169811,0.6886792452830188,191,0.4176780581474304,0.003723199013620615,11.98888075305149,0.49446821212768555,0.5055317878723145,0.573580265045166,0.5876392126083374,0.4002533555030823,0.598748505115509,0.40125149488449097,0.745960533618927,0.8068159818649292,0.5248380303382874,0.598748505115509,0.40125149488449097,0.598748505115509,0.40125149488449097,0.21973251555361292,0.780267484446387,0.5927268862724304,0.1791349422591162,0.8208650577408838,0.055760226453577366,0.49056603773584906,0.5094339622641509,0.17924528301886788,0.08807247055259948,0.08807247055259948,0.21075387299060822,0.026602966710925102,0.9119275294474005,0.08807247055259948,0.5049281120300293,0.05226295441389084,130277
acdc_b1_s42ctl_mit-b1_guard_dense_gap_j9258122,2026-07-11 16:06:09,acdc,val,all,student_skd,/scratch/gautschi/manors/hf_cache/hub/models--nvidia--mit-b1/snapshots/13ddceec4e8bdf401e7cd7acf5aebc526222518c,runs/mit-b1_skd_j9200315/student_skd.ckpt,skd,GOPR0351_frame_000083_rgb_anon,/home/manors/Guardrail-Distillation/data/acdc/rgb_anon/night/val/GOPR0351/GOPR0351_frame_000083_rgb_anon.png,night,0.181941539710329,0.818058460289671,0.6147464513778687,0.9153625965118408,0.1444324404001236,0.24804355204105377,0.3436724543571472,0.7849171757698059,0.6975156664848328,-3.4539010524749756,3.348261833190918,0.03106173314154148,0.10611404478549957,252304,3.6392720066942275,13.295172015205026,11.833504016976804,0.18382212262078035,0.8161778773792197,85707,0.2783018867924528,0.7216981132075472,213,0.2519957423210144,0.002445250516757369,11.98888075305149,0.49585768580436707,0.5041423141956329,0.5848472118377686,0.6032943725585938,0.5324694514274597,0.6300588846206665,0.3699411153793335,0.8068326115608215,0.9222239255905151,0.5353782176971436,0.6300588846206665,0.3699411153793335,0.6300588846206665,0.3699411153793335,0.24934799325522145,0.7506520067447786,0.6922680139541626,0.27090558223577554,0.7290944177642245,0.0870834596149952,0.028037383177570093,0.9719626168224299,0.0,0.06740645354489239,0.06740645354489239,0.09637579321861267,0.018854238092899323,0.9325935464551076,0.06740645354489239,0.1945074051618576,0.036788951605558395,194135
acdc_b1_s42ctl_mit-b1_guard_dense_gap_j9258122,2026-07-11 16:06:09,acdc,val,all,student_skd,/scratch/gautschi/manors/hf_cache/hub/models--nvidia--mit-b1/snapshots/13ddceec4e8bdf401e7cd7acf5aebc526222518c,runs/mit-b1_skd_j9200315/student_skd.ckpt,skd,GOPR0351_frame_000085_rgb_anon,/home/manors/Guardrail-Distillation/data/acdc/rgb_anon/night/val/GOPR0351/GOPR0351_frame_000085_rgb_anon.png,night,0.13946807760506766,0.8605319223949324,0.555885910987854,0.8816335201263428,0.1857176572084427,0.32189273834228516,0.4412069618701935,0.760536253452301,0.7362135648727417,-3.3225698471069336,3.1658334732055664,0.07520805299282074,0.1768142282962799,257632,3.6392720066942275,13.295172015205026,11.833504016976804,0.13068516841695949,0.8693148315830406,87552,0.0,1.0,469,0.3257950246334076,0.00268749613314867,11.98888075305149,0.5005576610565186,0.49944233894348145,0.5859137773513794,0.5990844964981079,0.44862204790115356,0.6103115677833557,0.3896884322166443,0.762201189994812,0.8503420352935791,0.5328055024147034,0.6103115677833557,0.3896884322166443,0.6103115677833557,0.3896884322166443,0.3010652952222982,0.6989347047777018,0.7285819053649902,0.23436660354736466,0.7656333964526354,0.10368143513040518,0.0,1.0,0.0,0.16159721761723056,0.16159721761723056,0.18491104245185852,0.01221509836614132,0.8384027823827694,0.16159721761723056,0.2912875711917877,0.11199308186769485,179536
acdc_b1_s42ctl_mit-b1_guard_dense_gap_j9258122,2026-07-11 16:06:09,acdc,val,all,student_skd,/scratch/gautschi/manors/hf_cache/hub/models--nvidia--mit-b1/snapshots/13ddceec4e8bdf401e7cd7acf5aebc526222518c,runs/mit-b1_skd_j9200315/student_skd.ckpt,skd,GOPR0351_frame_000087_rgb_anon,/home/manors/Guardrail-Distillation/data/acdc/rgb_anon/night/val/GOPR0351/GOPR0351_frame_000087_rgb_anon.png,night,0.15412323748027815,0.8458767625197219,0.6681074500083923,0.9190782904624939,0.14836405217647552,0.21673516929149628,0.34358298778533936,0.8179106116294861,0.5708485841751099,-4.114462852478027,4.012181282043457,0.028502212837338448,0.1157703623175621,238999,3.6392720066942275,13.295172015205026,11.833504016976804,0.27721426450094805,0.7227857354990519,87552,0.2841880341880342,0.7158119658119658,982,0.22000688314437866,0.0018761141691356897,11.98888075305149,0.4693893790245056,0.5306106209754944,0.5600928664207458,0.573206901550293,0.49329492449760437,0.6208823323249817,0.3791176676750183,0.842582643032074,0.8843175768852234,0.5339922904968262,0.6208823323249817,0.3791176676750183,0.6208823323249817,0.3791176676750183,0.23803645347107463,0.7619635465289254,0.7588818669319153,0.47102165159927556,0.5289783484007244,0.19380738709832745,0.0,1.0,0.0,0.08391321599079649,0.08391321599079649,0.12157373875379562,0.030799293890595436,0.9160867840092035,0.08391321599079649,0.2584655284881592,0.0760965570807457,185283
acdc_b1_s42ctl_mit-b1_guard_dense_gap_j9258122,2026-07-11 16:06:09,acdc,val,all,student_skd,/scratch/gautschi/manors/hf_cache/hub/models--nvidia--mit-b1/snapshots/13ddceec4e8bdf401e7cd7acf5aebc526222518c,runs/mit-b1_skd_j9200315/student_skd.ckpt,skd,GOPR0351_frame_000089_rgb_anon,/home/manors/Guardrail-Distillation/data/acdc/rgb_anon/night/val/GOPR0351/GOPR0351_frame_000089_rgb_anon.png,night,0.19228957931195673,0.8077104206880432,0.6239944696426392,0.8944359421730042,0.16735079884529114,0.2620161771774292,0.36939314007759094,0.786384642124176,0.6556215286254883,-3.553553581237793,3.418813705444336,0.03689988702535629,0.16315394639968872,230353,3.672212245874107,13.296109740622342,11.825921770650893,0.11384740426822192,0.8861525957317781,87552,0.3263888888888889,0.6736111111111112,341,0.2651413679122925,0.002396616619080305,11.979610775597394,0.4370296001434326,0.5629703998565674,0.5297688245773315,0.5504571199417114,0.49954551458358765,0.6223525404930115,0.3776474595069885,0.8537666201591492,0.9205743074417114,0.5482322573661804,0.6223525404930115,0.3776474595069885,0.6223525404930115,0.3776474595069885,0.27506565994847115,0.7249343400515289,0.7798769474029541,0.3761345567370272,0.6238654432629728,0.2622871524688053,0.21666666666666667,0.7833333333333333,0.0,0.08277608063651432,0.08277608063651432,0.16942258179187775,0.013540088199079037,0.9172239193634857,0.08277608063651432,0.3123510479927063,0.073244109749794,162392
acdc_b1_s42ctl_mit-b1_guard_dense_gap_j9258122,2026-07-11 16:06:09,acdc,val,all,student_skd,/scratch/gautschi/manors/hf_cache/hub/models--nvidia--mit-b1/snapshots/13ddceec4e8bdf401e7cd7acf5aebc526222518c,runs/mit-b1_skd_j9200315/student_skd.ckpt,skd,GOPR0351_frame_000091_rgb_anon,/home/manors/Guardrail-Distillation/data/acdc/rgb_anon/night/val/GOPR0351/GOPR0351_frame_000091_rgb_anon.png,night,0.14647813128892145,0.8535218687110786,0.5769134163856506,0.8868812918663025,0.15108215808868408,0.30991125106811523,0.3348005414009094,0.7403659820556641,0.7876670360565186,-2.851895332336426,2.7129194736480713,0.030995598062872887,0.13398003578186035,242357,3.672212245874107,13.296109740622342,11.825921770650893,0.5355394583844664,0.46446054161553363,87552,0.1986863711001642,0.8013136288998358,389,0.31435224413871765,0.0027017935644835234,11.979610775597394,0.4551771283149719,0.5448228716850281,0.5777047276496887,0.588015615940094,0.7912259697914124,0.6880944967269897,0.31190550327301025,0.9131976366043091,0.9632942080497742,0.5323031544685364,0.6880944967269897,0.31190550327301025,0.6880944967269897,0.31190550327301025,0.35145023296250427,0.6485497670374958,0.7263004779815674,0.8188415527669504,0.18115844723304964,0.283302094382484,0.24463021014745148,0.7553697898525485,0.04594383904728727,0.20497210167358282,0.20497210167358282,0.20192113518714905,0.0525340735912323,0.7950278983264172,0.20497210167358282,0.3620114326477051,0.13834962248802185,158655
acdc_b1_s42ctl_mit-b1_guard_dense_gap_j9258122,2026-07-11 16:06:09,acdc,val,all,student_skd,/scratch/gautschi/manors/hf_cache/hub/models--nvidia--mit-b1/snapshots/13ddceec4e8bdf401e7cd7acf5aebc526222518c,runs/mit-b1_skd_j9200315/student_skd.ckpt,skd,GOPR0351_frame_000093_rgb_anon,/home/manors/Guardrail-Distillation/data/acdc/rgb_anon/night/val/GOPR0351/GOPR0351_frame_000093_rgb_anon.png,night,0.11509912838711683,0.8849008716128832,0.44101524353027344,0.8912157416343689,0.15364085137844086,0.2956191897392273,0.3406026363372803,0.7438518404960632,0.8357685208320618,-3.0293426513671875,2.8952534198760986,0.027391750365495682,0.1445930451154709,248615,3.672212245874107,13.296109740622342,11.825921770650893,0.17108347986268108,0.828916520137319,87552,0.14625522340083574,0.8537447765991643,983,0.30015629529953003,0.0029031827580183744,11.979610775597394,0.4892263114452362,0.5107736885547638,0.5718265175819397,0.581394374370575,0.47375768423080444,0.6162727475166321,0.3837272524833679,0.7984771728515625,0.8510320782661438,0.5290212035179138,0.6162727475166321,0.3837272524833679,0.6162727475166321,0.3837272524833679,0.3402559946669286,0.6597440053330714,0.7460491061210632,0.5348088470087704,0.4651911529912296,0.3637253671460894,0.13818937411029986,0.8618106258897001,0.0,0.2251568662798118,0.2251568662798118,0.3133600056171417,0.00832612719386816,0.7748431337201882,0.2251568662798118,0.39372122287750244,0.15519578754901886,167749
acdc_b1_s42ctl_mit-b1_guard_dense_gap_j9258122,2026-07-11 16:06:09,acdc,val,all,student_skd,/scratch/gautschi/manors/hf_cache/hub/models--nvidia--mit-b1/snapshots/13ddceec4e8bdf401e7cd7acf5aebc526222518c,runs/mit-b1_skd_j9200315/student_skd.ckpt,skd,GOPR0351_frame_000095_rgb_anon,/home/manors/Guardrail-Distillation/data/acdc/rgb_anon/night/val/GOPR0351/GOPR0351_frame_000095_rgb_anon.png,night,0.1863380846416178,0.8136619153583822,0.52200847864151,0.886130154132843,0.16699618101119995,0.2863718569278717,0.3693315386772156,0.7756152153015137,0.6597684025764465,-3.5086171627044678,3.364800214767456,0.037973806262016296,0.16893936693668365,230343,3.672212245874107,13.296109740622342,11.825921770650893,0.14565761596643784,0.8543423840335622,87552,0.27039800995024876,0.7296019900497512,1342,0.28906533122062683,0.002424306469038129,11.979610775597394,0.4389403164386749,0.5610596835613251,0.5479792952537537,0.5645449161529541,0.6154117584228516,0.6491742730140686,0.3508257269859314,0.8722995519638062,0.9331400394439697,0.5426571369171143,0.6491742730140686,0.3508257269859314,0.6491742730140686,0.3508257269859314,0.2694869509303999,0.7305130490696001,0.6745592951774597,0.29044321555187086,0.7095567844481292,0.14478559958543302,0.4333084947839046,0.5666915052160955,0.16291048483365578,0.08314886628878204,0.08314886628878204,0.17248626053333282,0.0199354887008667,0.916851133711218,0.08314886628878204,0.358743280172348,0.045844677835702896,153510
acdc_b1_s42ctl_mit-b1_guard_dense_gap_j9258122,2026-07-11 16:06:09,acdc,val,all,student_skd,/scratch/gautschi/manors/hf_cache/hub/models--nvidia--mit-b1/snapshots/13ddceec4e8bdf401e7cd7acf5aebc526222518c,runs/mit-b1_skd_j9200315/student_skd.ckpt,skd,GOPR0351_frame_000099_rgb_anon,/home/manors/Guardrail-Distillation/data/acdc/rgb_anon/night/val/GOPR0351/GOPR0351_frame_000099_rgb_anon.png,night,0.17188882776876796,0.828111172231232,0.5935878753662109,0.8752918243408203,0.16536611318588257,0.28951114416122437,0.33692100644111633,0.7772230505943298,0.5933724641799927,-4.144630432128906,3.9892919063568115,0.02313869819045067,0.18672409653663635,239080,3.6459494731388986,13.281759747769684,11.8009815341793,0.09066351257861148,0.9093364874213885,81984,0.13632189367850214,0.8636781063214979,3563,0.2916692793369293,0.0022273175418376923,11.966280464548618,0.469382107257843,0.530617892742157,0.5459855794906616,0.5651047229766846,0.2728877663612366,0.5678017139434814,0.43219828605651855,0.7080550789833069,0.7566123008728027,0.551933765411377,0.5678017139434814,0.43219828605651855,0.5678017139434814,0.43219828605651855,0.19423809710147366,0.8057619028985263,0.7438514232635498,0.19298603776491868,0.8070139622350814,0.10232252518630713,0.08778054862842892,0.9122194513715711,0.0,0.022349269332705646,0.022349269332705646,0.18969382345676422,0.03943031653761864,0.9776507306672944,0.022349269332705646,0.3498786985874176,0.0747113898396492,148149
acdc_b1_s42ctl_mit-b1_guard_dense_gap_j9258122,2026-07-11 16:06:09,acdc,val,all,student_skd,/scratch/gautschi/manors/hf_cache/hub/models--nvidia--mit-b1/snapshots/13ddceec4e8bdf401e7cd7acf5aebc526222518c,runs/mit-b1_skd_j9200315/student_skd.ckpt,skd,GOPR0351_frame_000101_rgb_anon,/home/manors/Guardrail-Distillation/data/acdc/rgb_anon/night/val/GOPR0351/GOPR0351_frame_000101_rgb_anon.png,night,0.17102510911553034,0.8289748908844696,0.5920876264572144,0.928351879119873,0.13389039039611816,0.18742340803146362,0.2968898117542267,0.8392421007156372,0.4805140495300293,-4.075088977813721,3.986886501312256,0.017917118966579437,0.09042526036500931,235808,3.6459494731388986,13.281759747769684,11.8009815341793,0.13435570372094158,0.8656442962790585,87552,0.13712230454311902,0.862877695456881,1626,0.19028085470199585,0.001660486334003508,11.966280464548618,0.45928895473480225,0.5407110452651978,0.5542454123497009,0.5789837837219238,0.5216479301452637,0.6275330185890198,0.3724669814109802,0.8218482136726379,0.8878602981567383,0.5495250225067139,0.6275330185890198,0.3724669814109802,0.6275330185890198,0.3724669814109802,0.2961942028879274,0.7038057971120726,0.7334908246994019,0.47929830326465006,0.5207016967353499,0.34494259954370854,0.2291043034767825,0.7708956965232174,0.09198199893366354,0.12516909377239704,0.12516909377239704,0.2706354260444641,0.129232257604599,0.874830906227603,0.12516909377239704,0.518900990486145,0.1850997358560562,184656
acdc_b1_s42ctl_mit-b1_guard_dense_gap_j9258122,2026-07-11 16:06:09,acdc,val,all,student_skd,/scratch/gautschi/manors/hf_cache/hub/models--nvidia--mit-b1/snapshots/13ddceec4e8bdf401e7cd7acf5aebc526222518c,runs/mit-b1_skd_j9200315/student_skd.ckpt,skd,GOPR0351_frame_000105_rgb_anon,/home/manors/Guardrail-Distillation/data/acdc/rgb_anon/night/val/GOPR0351/GOPR0351_frame_000105_rgb_anon.png,night,0.14673800305733675,0.8532619969426632,0.5836582183837891,0.9196215867996216,0.1419696807861328,0.19683219492435455,0.30192944407463074,0.8378221392631531,0.462289422750473,-4.386810302734375,4.287487506866455,0.014198094606399536,0.11544431746006012,250597,3.6459494731388986,13.281759747769684,11.8009815341793,0.18709266853043757,0.8129073314695624,87463,0.20131852536075237,0.7986814746392477,6090,0.1990194469690323,0.0018911634106189013,11.966280464548618,0.4877505600452423,0.5122494399547577,0.5589659214019775,0.5682452321052551,0.21612225472927094,0.5538212060928345,0.4461787939071655,0.6680809855461121,0.7144660949707031,0.5471401214599609,0.5538212060928345,0.4461787939071655,0.5538212060928345,0.4461787939071655,0.2088715882892129,0.7911284117107871,0.6675019860267639,0.27360327928286143,0.7263967207171386,0.08651061075242383,0.3463909662174444,0.6536090337825555,0.14507244085669213,0.062133585231876176,0.062133585231876176,0.10702043771743774,0.023176653310656548,0.9378664147681238,0.062133585231876176,0.28281664848327637,0.044693272560834885,190651
acdc_b1_s42ctl_mit-b1_guard_dense_gap_j9258122,2026-07-11 16:06:09,acdc,val,all,student_skd,/scratch/gautschi/manors/hf_cache/hub/models--nvidia--mit-b1/snapshots/13ddceec4e8bdf401e7cd7acf5aebc526222518c,runs/mit-b1_skd_j9200315/student_skd.ckpt,skd,GOPR0351_frame_000111_rgb_anon,/home/manors/Guardrail-Distillation/data/acdc/rgb_anon/night/val/GOPR0351/GOPR0351_frame_000111_rgb_anon.png,night,0.17849863868369006,0.8215013613163099,0.5119335651397705,0.9345343112945557,0.1458587944507599,0.17944984138011932,0.34787437319755554,0.8464050889015198,0.5065726041793823,-3.8521828651428223,3.766841411590576,0.036113277077674866,0.09747439622879028,244813,3.6459494731388986,13.281759747769684,11.8009815341793,0.19939757132169,0.80060242867831,87552,0.5098023589920682,0.49019764100793184,2656,0.18199266493320465,0.0016573366010561585,11.966280464548618,0.4858873188495636,0.5141126811504364,0.5857630968093872,0.608210563659668,0.48101475834846497,0.6179875135421753,0.3820124864578247,0.8378883600234985,0.9146960377693176,0.5446237921714783,0.6179875135421753,0.3820124864578247,0.6179875135421753,0.3820124864578247,0.3182044171872377,0.6817955828127623,0.569757342338562,0.3094113211316966,0.6905886788683033,0.11001374981000667,0.5429701112960036,0.4570298887039964,0.03316775230393543,0.1397057785035476,0.1397057785035476,0.12692953646183014,0.06910580396652222,0.8602942214964524,0.1397057785035476,0.4163095951080322,0.0884961187839508,204633
acdc_b1_s42ctl_mit-b1_guard_dense_gap_j9258122,2026-07-11 16:06:10,acdc,val,all,student_skd,/scratch/gautschi/manors/hf_cache/hub/models--nvidia--mit-b1/snapshots/13ddceec4e8bdf401e7cd7acf5aebc526222518c,runs/mit-b1_skd_j9200315/student_skd.ckpt,skd,GOPR0351_frame_000113_rgb_anon,/home/manors/Guardrail-Distillation/data/acdc/rgb_anon/night/val/GOPR0351/GOPR0351_frame_000113_rgb_anon.png,night,0.26085368643858503,0.7391463135614149,0.627971887588501,0.922583281993866,0.13948972523212433,0.20010040700435638,0.3173331022262573,0.8425846695899963,0.4452269971370697,-4.7983598709106445,4.702483177185059,0.019837692379951477,0.10278715193271637,245089,3.7477255100384355,13.28573451610282,11.815286532510072,0.4685329861111111,0.5314670138888888,87552,0.3890928194282564,0.6109071805717436,4372,0.20277494192123413,0.0021224110387265682,11.9899557903409,0.48039308190345764,0.5196069180965424,0.5662168860435486,0.5775389671325684,0.28960782289505005,0.5719001293182373,0.4280998706817627,0.7235803604125977,0.8167216777801514,0.5266802906990051,0.5719001293182373,0.4280998706817627,0.5719001293182373,0.4280998706817627,0.2790184918464133,0.7209815081535866,0.7154911160469055,0.8354922539509203,0.1645077460490797,0.36695926783980914,0.30193331771629106,0.6980666822837089,0.0,0.018164805407828277,0.018164805407828277,0.10270147025585175,0.015182239934802055,0.9818351945921717,0.018164805407828277,0.22574657201766968,0.047313425689935684,188157
acdc_b1_s42ctl_mit-b1_guard_dense_gap_j9258122,2026-07-11 16:06:10,acdc,val,all,student_skd,/scratch/gautschi/manors/hf_cache/hub/models--nvidia--mit-b1/snapshots/13ddceec4e8bdf401e7cd7acf5aebc526222518c,runs/mit-b1_skd_j9200315/student_skd.ckpt,skd,GOPR0351_frame_000115_rgb_anon,/home/manors/Guardrail-Distillation/data/acdc/rgb_anon/night/val/GOPR0351/GOPR0351_frame_000115_rgb_anon.png,night,0.21834704232112254,0.7816529576788774,0.6876530647277832,0.909345805644989,0.1438312977552414,0.22552485764026642,0.3107184171676636,0.8213644027709961,0.4933393895626068,-4.4948296546936035,4.383777618408203,0.01316025760024786,0.12239080667495728,244904,3.7477255100384355,13.28573451610282,11.815286532510072,0.3453989033679057,0.6546010966320943,87140,0.3558696243124578,0.6441303756875423,5391,0.22828041017055511,0.0020370788406580687,11.9899557903409,0.4817240238189697,0.5182759761810303,0.5580155253410339,0.5691285133361816,0.20189769566059113,0.5503036975860596,0.44969630241394043,0.6434221267700195,0.6847593784332275,0.5332391262054443,0.5503036975860596,0.44969630241394043,0.5503036975860596,0.44969630241394043,0.2948071129258391,0.7051928870741608,0.6940147876739502,0.30064520068928285,0.6993547993107172,0.0,0.602639418079391,0.39736058192060897,0.2467697937669333,0.0764600706047166,0.0764600706047166,0.048374053090810776,0.042012378573417664,0.9235399293952834,0.0764600706047166,0.17240223288536072,0.008864698000252247,175409
acdc_b1_s42ctl_mit-b1_guard_dense_gap_j9258122,2026-07-11 16:06:10,acdc,val,all,student_skd,/scratch/gautschi/manors/hf_cache/hub/models--nvidia--mit-b1/snapshots/13ddceec4e8bdf401e7cd7acf5aebc526222518c,runs/mit-b1_skd_j9200315/student_skd.ckpt,skd,GOPR0351_frame_000121_rgb_anon,/home/manors/Guardrail-Distillation/data/acdc/rgb_anon/night/val/GOPR0351/GOPR0351_frame_000121_rgb_anon.png,night,0.20158636678701183,0.7984136332129882,0.7033407688140869,0.9508928656578064,0.1152450367808342,0.13721239566802979,0.2680465281009674,0.8653820157051086,0.4638735353946686,-4.0158467292785645,3.9554443359375,0.011913356371223927,0.06397566199302673,245187,3.7477255100384355,13.28573451610282,11.815286532510072,0.28638687198808044,0.7136131280119196,87552,0.3145424468005113,0.6854575531994886,2737,0.1395215392112732,0.0012467617634683847,11.9899557903409,0.4966832995414734,0.5033167004585266,0.5793383121490479,0.5996567606925964,0.2762186825275421,0.5686189532279968,0.4313810467720032,0.7074784636497498,0.8137682676315308,0.5460599660873413,0.5686189532279968,0.4313810467720032,0.5686189532279968,0.4313810467720032,0.33579969312943303,0.664200306870567,0.7780061960220337,0.21299700553802042,0.7870029944619796,0.0,0.3665362615002903,0.6334637384997097,0.05199381469977893,0.13421332634242122,0.13421332634242122,0.09309221804141998,0.01842675358057022,0.8657866736575788,0.13421332634242122,0.19777558743953705,0.0389988049864769,210203
acdc_b1_s42ctl_mit-b1_guard_dense_gap_j9258122,2026-07-11 16:06:10,acdc,val,all,student_skd,/scratch/gautschi/manors/hf_cache/hub/models--nvidia--mit-b1/snapshots/13ddceec4e8bdf401e7cd7acf5aebc526222518c,runs/mit-b1_skd_j9200315/student_skd.ckpt,skd,GOPR0351_frame_000124_rgb_anon,/home/manors/Guardrail-Distillation/data/acdc/rgb_anon/night/val/GOPR0351/GOPR0351_frame_000124_rgb_anon.png,night,0.2450998822732957,0.7549001177267043,0.7273203134536743,0.947636604309082,0.1270568072795868,0.14315643906593323,0.30257248878479004,0.8712185621261597,0.4476020634174347,-3.83738112449646,3.770932197570801,0.020558923482894897,0.07563953101634979,242717,3.7477255100384355,13.28573451610282,11.815286532510072,0.39697836102829687,0.6030216389717031,87552,0.30332491881901885,0.6966750811809812,7352,0.1454833298921585,0.0016532124718651175,11.9899557903409,0.4831084609031677,0.5168915390968323,0.5715230703353882,0.5945211052894592,0.36785656213760376,0.5909409523010254,0.4090590476989746,0.747053325176239,0.8971879482269287,0.5513982772827148,0.5909409523010254,0.4090590476989746,0.5909409523010254,0.4090590476989746,0.3333957546428933,0.6666042453571067,0.833464503288269,0.4026910114288105,0.5973089885711895,0.005712650400513608,0.3320726633283071,0.6679273366716929,0.028747744509288298,0.08829587236959757,0.08829587236959757,0.11914287507534027,0.012998677790164948,0.9117041276304024,0.08829587236959757,0.21007181704044342,0.05281459540128708,206970
acdc_b1_s42ctl_mit-b1_guard_dense_gap_j9258122,2026-07-11 16:06:10,acdc,val,all,student_skd,/scratch/gautschi/manors/hf_cache/hub/models--nvidia--mit-b1/snapshots/13ddceec4e8bdf401e7cd7acf5aebc526222518c,runs/mit-b1_skd_j9200315/student_skd.ckpt,skd,GOPR0351_frame_000128_rgb_anon,/home/manors/Guardrail-Distillation/data/acdc/rgb_anon/night/val/GOPR0351/GOPR0351_frame_000128_rgb_anon.png,night,0.174417411849684,0.825582588150316,0.7952349185943604,0.9660406708717346,0.10655554383993149,0.09116191416978836,0.25100481510162354,0.9173530340194702,0.2840019762516022,-4.931626319885254,4.888278484344482,0.015285172499716282,0.04938016086816788,256196,3.6370272282510996,13.257282029371709,11.785799055360258,0.4990862573099415,0.5009137426900585,87552,0.08203516639519699,0.917964833604803,3249,0.09304288774728775,0.0010237761307507753,11.95328525500372,0.48773500323295593,0.5122649967670441,0.5548213720321655,0.5653961896896362,0.11099164187908173,0.5277194380760193,0.4722805619239807,0.5814327597618103,0.6372280716896057,0.5614063739776611,0.5277194380760193,0.4722805619239807,0.5277194380760193,0.4722805619239807,0.22619995020349895,0.7738000497965011,0.7903323769569397,0.4990862573099415,0.5009137426900585,0.0,0.25884337434347354,0.7411566256565265,0.17680820794827645,0.051782538353814966,0.051782538353814966,0.013903417624533176,0.018805913627147675,0.948217461646185,0.051782538353814966,0.05310777574777603,0.002154600340873003,232337
acdc_b1_s42ctl_mit-b1_guard_dense_gap_j9258122,2026-07-11 16:06:10,acdc,val,all,student_skd,/scratch/gautschi/manors/hf_cache/hub/models--nvidia--mit-b1/snapshots/13ddceec4e8bdf401e7cd7acf5aebc526222518c,runs/mit-b1_skd_j9200315/student_skd.ckpt,skd,GOPR0351_frame_000132_rgb_anon,/home/manors/Guardrail-Distillation/data/acdc/rgb_anon/night/val/GOPR0351/GOPR0351_frame_000132_rgb_anon.png,night,0.26312031735335734,0.7368796826466426,0.8506563901901245,0.95906001329422,0.11194702982902527,0.11067131906747818,0.2657252252101898,0.8991363644599915,0.340549111366272,-4.583894729614258,4.532358169555664,0.014178511686623096,0.05608190596103668,257855,3.6370272282510996,13.257282029371709,11.785799055360258,0.3939396194271465,0.6060603805728535,87552,0.20766723875272386,0.7923327612472761,5694,0.11272310465574265,0.0012965999776497483,11.95328525500372,0.49951592087745667,0.5004840791225433,0.5710264444351196,0.5813201069831848,0.3397344946861267,0.5841259956359863,0.41587400436401367,0.7313175797462463,0.9102236032485962,0.5454596877098083,0.5841259956359863,0.41587400436401367,0.5841259956359863,0.41587400436401367,0.29772562826711646,0.7022743717328835,0.8537821769714355,0.5443180924144868,0.4556819075855132,0.1503784729873403,0.3763771487753788,0.6236228512246211,0.168709910022655,0.03460531091375907,0.03460531091375907,0.01919683627784252,0.016071047633886337,0.9653946890862409,0.03460531091375907,0.09803959727287292,0.0034244051203131676,227800
acdc_b1_s42ctl_mit-b1_guard_dense_gap_j9258122,2026-07-11 16:06:10,acdc,val,all,student_skd,/scratch/gautschi/manors/hf_cache/hub/models--nvidia--mit-b1/snapshots/13ddceec4e8bdf401e7cd7acf5aebc526222518c,runs/mit-b1_skd_j9200315/student_skd.ckpt,skd,GOPR0351_frame_000141_rgb_anon,/home/manors/Guardrail-Distillation/data/acdc/rgb_anon/night/val/GOPR0351/GOPR0351_frame_000141_rgb_anon.png,night,0.16936585451222763,0.8306341454877724,0.6355175971984863,0.9485824704170227,0.12384545803070068,0.14052556455135345,0.2965952754020691,0.8805877566337585,0.3938833773136139,-4.573463439941406,4.508669853210449,0.01829581893980503,0.0708737000823021,248964,3.6370272282510996,13.257282029371709,11.785799055360258,0.10335176326905007,0.89664823673095,87022,0.06068419346398488,0.9393158065360151,19412,0.1429166942834854,0.0012489474611356854,11.95328525500372,0.5246173143386841,0.4753826856613159,0.5855743288993835,0.5975615978240967,0.15324130654335022,0.5382355451583862,0.46176445484161377,0.6515024900436401,0.6966692805290222,0.5561902523040771,0.5382355451583862,0.46176445484161377,0.5382355451583862,0.46176445484161377,0.25863306143056947,0.7413669385694306,0.7012459635734558,0.30085303772742555,0.6991469622725744,0.1975012744583755,0.42092035487473245,0.5790796451252676,0.36023616141074755,0.08926720691834178,0.08926720691834178,0.0881010964512825,0.022372713312506676,0.9107327930816582,0.08926720691834178,0.1527208834886551,0.03279189020395279,212409
acdc_b1_s42ctl_mit-b1_guard_dense_gap_j9258122,2026-07-11 16:06:10,acdc,val,all,student_skd,/scratch/gautschi/manors/hf_cache/hub/models--nvidia--mit-b1/snapshots/13ddceec4e8bdf401e7cd7acf5aebc526222518c,runs/mit-b1_skd_j9200315/student_skd.ckpt,skd,GOPR0351_frame_000143_rgb_anon,/home/manors/Guardrail-Distillation/data/acdc/rgb_anon/night/val/GOPR0351/GOPR0351_frame_000143_rgb_anon.png,night,0.10934162147167571,0.8906583785283243,0.5588943958282471,0.9515062570571899,0.11418677866458893,0.14077909290790558,0.27254486083984375,0.8613035678863525,0.488953173160553,-3.869896650314331,3.8102734088897705,0.014731362462043762,0.06091449409723282,257410,3.6370272282510996,13.257282029371709,11.785799055360258,0.13334485799266374,0.8666551420073363,87552,0.11632368329264038,0.8836763167073596,11535,0.1439679116010666,0.0020582606084644794,11.95328525500372,0.5546721816062927,0.4453278183937073,0.6102160811424255,0.6223491430282593,0.21822108328342438,0.5543398261070251,0.44566017389297485,0.6441237926483154,0.7176044583320618,0.5401068329811096,0.5543398261070251,0.44566017389297485,0.5543398261070251,0.44566017389297485,0.2673266556901867,0.7326733443098132,0.7770560383796692,0.61637067523062,0.38362932476938005,0.48302581723795623,0.38746948029298917,0.6125305197070108,0.2711457970003488,0.15798503421851107,0.15798503421851107,0.22792431712150574,0.009762635454535484,0.8420149657814889,0.15798503421851107,0.2720484733581543,0.1773940473794937,222363
acdc_b1_s42ctl_mit-b1_guard_dense_gap_j9258122,2026-07-11 16:06:10,acdc,val,all,student_skd,/scratch/gautschi/manors/hf_cache/hub/models--nvidia--mit-b1/snapshots/13ddceec4e8bdf401e7cd7acf5aebc526222518c,runs/mit-b1_skd_j9200315/student_skd.ckpt,skd,GOPR0351_frame_000651_rgb_anon,/home/manors/Guardrail-Distillation/data/acdc/rgb_anon/night/val/GOPR0351/GOPR0351_frame_000651_rgb_anon.png,night,0.16837794405673534,0.8316220559432647,0.5509270429611206,0.9516850113868713,0.11555525660514832,0.14070956408977509,0.2819601595401764,0.8690211772918701,0.44726747274398804,-4.571594715118408,4.511645317077637,0.017251616343855858,0.057771481573581696,254295,3.6539247375912964,13.380595482885838,11.92080503096804,0.17546720322322124,0.8245327967767788,87552,0.3380281690140845,0.6619718309859155,300,0.1433178186416626,0.0012415344826877117,12.030911224428564,0.5076723694801331,0.49232763051986694,0.5762683153152466,0.5885189771652222,0.2615625858306885,0.5650203824043274,0.4349796175956726,0.6926156878471375,0.8036318421363831,0.5399141907691956,0.5650203824043274,0.4349796175956726,0.5650203824043274,0.4349796175956726,0.20023958444598394,0.7997604155540161,0.6312785744667053,0.1446181934581323,0.8553818065418677,0.0,0.12206572769953052,0.8779342723004695,0.0,0.03186164038924855,0.03186164038924855,0.11188185960054398,0.03153030574321747,0.9681383596107515,0.03186164038924855,0.23173478245735168,0.07347371429204941,218846
acdc_b1_s42ctl_mit-b1_guard_dense_gap_j9258122,2026-07-11 16:06:10,acdc,val,all,student_skd,/scratch/gautschi/manors/hf_cache/hub/models--nvidia--mit-b1/snapshots/13ddceec4e8bdf401e7cd7acf5aebc526222518c,runs/mit-b1_skd_j9200315/student_skd.ckpt,skd,GOPR0351_frame_000654_rgb_anon,/home/manors/Guardrail-Distillation/data/acdc/rgb_anon/night/val/GOPR0351/GOPR0351_frame_000654_rgb_anon.png,night,0.15885823641813596,0.8411417635818641,0.5071133375167847,0.941261351108551,0.12691199779510498,0.15267077088356018,0.284531831741333,0.8658748865127563,0.4235970675945282,-4.366555690765381,4.293719291687012,0.01560165360569954,0.07873550057411194,251640,3.6539247375912964,13.380595482885838,11.92080503096804,0.3526442245690856,0.6473557754309144,86588,0.22261264718580373,0.7773873528141962,4015,0.1547853946685791,0.0011784951202571392,12.030911224428564,0.47615909576416016,0.5238409042358398,0.5687347650527954,0.5880776643753052,0.6559532284736633,0.6583507657051086,0.34164923429489136,0.9322590827941895,0.9826303124427795,0.5429553985595703,0.6583507657051086,0.34164923429489136,0.6583507657051086,0.34164923429489136,0.29919652032037125,0.7008034796796287,0.7172309756278992,0.45373463554958227,0.5462653644504177,0.10109041098049665,0.47155361050328226,0.5284463894967177,0.2489409633174785,0.14033828390223535,0.14033828390223535,0.23625020682811737,0.026132570579648018,0.8596617160977646,0.14033828390223535,0.32069623470306396,0.1729176640510559,207407
acdc_b1_s42ctl_mit-b1_guard_dense_gap_j9258122,2026-07-11 16:06:10,acdc,val,all,student_skd,/scratch/gautschi/manors/hf_cache/hub/models--nvidia--mit-b1/snapshots/13ddceec4e8bdf401e7cd7acf5aebc526222518c,runs/mit-b1_skd_j9200315/student_skd.ckpt,skd,GOPR0351_frame_000706_rgb_anon,/home/manors/Guardrail-Distillation/data/acdc/rgb_anon/night/val/GOPR0351/GOPR0351_frame_000706_rgb_anon.png,night,0.3384031885392914,0.6615968114607086,0.5702672004699707,0.9070144891738892,0.1533007025718689,0.22405706346035004,0.31318917870521545,0.8110973834991455,0.543744683265686,-4.158901691436768,4.042994976043701,0.017442619428038597,0.14730246365070343,252657,3.6539247375912964,13.380595482885838,11.92080503096804,0.41653406368732165,0.5834659363126784,87122,0.4933128569753086,0.5066871430246914,5638,0.22673508524894714,0.001843714970164001,12.030911224428564,0.46894294023513794,0.5310570597648621,0.5865533351898193,0.5986369848251343,0.6039612293243408,0.6465620398521423,0.35343796014785767,0.8834918737411499,0.9352399706840515,0.5389727354049683,0.6465620398521423,0.35343796014785767,0.6465620398521423,0.35343796014785767,0.5143243803065998,0.48567561969340023,0.8027365207672119,0.5527558959917808,0.44724410400821923,0.13622183230445917,0.8414944801824533,0.15850551981754668,0.34818162320714474,0.17592119176730836,0.17592119176730836,0.26979658007621765,0.03732728585600853,0.8240788082326916,0.17592119176730836,0.347316712141037,0.1682557761669159,187146
acdc_b1_s42ctl_mit-b1_guard_dense_gap_j9258122,2026-07-11 16:06:10,acdc,val,all,student_skd,/scratch/gautschi/manors/hf_cache/hub/models--nvidia--mit-b1/snapshots/13ddceec4e8bdf401e7cd7acf5aebc526222518c,runs/mit-b1_skd_j9200315/student_skd.ckpt,skd,GOPR0351_frame_000709_rgb_anon,/home/manors/Guardrail-Distillation/data/acdc/rgb_anon/night/val/GOPR0351/GOPR0351_frame_000709_rgb_anon.png,night,0.28959895459458446,0.7104010454054155,0.665172815322876,0.8650910258293152,0.1666599065065384,0.3207530081272125,0.35038700699806213,0.7571110129356384,0.6459915637969971,-4.122524261474609,3.955014944076538,0.021548902615904808,0.2002248913049698,249015,3.6539247375912964,13.380595482885838,11.92080503096804,0.4033009826605054,0.5966990173394946,87552,0.36073619631901843,0.6392638036809816,1630,0.323892205953598,0.0027664650697261095,12.030911224428564,0.4738940894603729,0.5261059105396271,0.5634860396385193,0.5829713940620422,0.2773030996322632,0.5688849091529846,0.4311150908470154,0.6774383187294006,0.742567777633667,0.527830958366394,0.5688849091529846,0.4311150908470154,0.5688849091529846,0.4311150908470154,0.3326994551457288,0.6673005448542713,0.742071807384491,0.7352955563751922,0.26470444362480783,0.33199457371468677,0.8177914110429448,0.18220858895705516,0.4570552147239264,0.04310050055114423,0.04310050055114423,0.12410497665405273,0.04720599204301834,0.9568994994488558,0.04310050055114423,0.25928157567977905,0.007485493086278439,146217
acdc_b1_s42ctl_mit-b1_guard_dense_gap_j9258122,2026-07-11 16:06:10,acdc,val,all,student_skd,/scratch/gautschi/manors/hf_cache/hub/models--nvidia--mit-b1/snapshots/13ddceec4e8bdf401e7cd7acf5aebc526222518c,runs/mit-b1_skd_j9200315/student_skd.ckpt,skd,GOPR0351_frame_000712_rgb_anon,/home/manors/Guardrail-Distillation/data/acdc/rgb_anon/night/val/GOPR0351/GOPR0351_frame_000712_rgb_anon.png,night,0.20232444767951446,0.7976755523204855,0.6136252284049988,0.9310691356658936,0.12713730335235596,0.1847323477268219,0.27134835720062256,0.8240370750427246,0.5631024837493896,-3.7798116207122803,3.696070432662964,0.01170780137181282,0.08730538934469223,231555,3.780860803090036,13.245444220956415,11.783718771766871,0.35105597686365775,0.6489440231363423,85567,0.45382585751978893,0.5461741424802111,681,0.18801498413085938,0.001690706587396562,11.994895758107305,0.48654475808143616,0.5134552419185638,0.5781647562980652,0.5921478271484375,0.2062934786081314,0.5513912439346313,0.44860875606536865,0.638511598110199,0.6871636509895325,0.5546832084655762,0.5513912439346313,0.44860875606536865,0.5513912439346313,0.44860875606536865,0.19345894660340468,0.8065410533965953,0.6844896078109741,0.4611571245006697,0.5388428754993303,0.11010114763701195,0.0,1.0,0.0,0.0,0.0,0.14411263167858124,0.0732482522726059,1.0,0.0,0.3769039511680603,0.08805683255195618,185552
acdc_b1_s42ctl_mit-b1_guard_dense_gap_j9258122,2026-07-11 16:06:10,acdc,val,all,student_skd,/scratch/gautschi/manors/hf_cache/hub/models--nvidia--mit-b1/snapshots/13ddceec4e8bdf401e7cd7acf5aebc526222518c,runs/mit-b1_skd_j9200315/student_skd.ckpt,skd,GOPR0351_frame_000718_rgb_anon,/home/manors/Guardrail-Distillation/data/acdc/rgb_anon/night/val/GOPR0351/GOPR0351_frame_000718_rgb_anon.png,night,0.25917888802874095,0.7408211119712591,0.7891755104064941,0.938768744468689,0.13702623546123505,0.1588996797800064,0.3084716200828552,0.8634518384933472,0.44189706444740295,-4.0856032371521,4.007729530334473,0.026258675381541252,0.09234272688627243,242358,3.780860803090036,13.245444220956415,11.783718771766871,0.2972485035386808,0.7027514964613192,87538,0.17164898746383797,0.8283510125361621,2219,0.1608918309211731,0.001494058989919722,11.994895758107305,0.5034504532814026,0.4965495467185974,0.5633358955383301,0.5751391053199768,0.15008404850959778,0.5374507308006287,0.46254926919937134,0.6295022964477539,0.679482638835907,0.5667794346809387,0.5374507308006287,0.46254926919937134,0.5374507308006287,0.46254926919937134,0.2881774379637609,0.7118225620362391,0.8262033462524414,0.2882760806098968,0.7117239193901033,0.0,0.3811406613927622,0.6188593386072379,0.2094916739289242,0.028998549935020046,0.028998549935020046,0.05940798297524452,0.02238011546432972,0.97100145006498,0.028998549935020046,0.17176243662834167,0.02592858485877514,200977
acdc_b1_s42ctl_mit-b1_guard_dense_gap_j9258122,2026-07-11 16:06:10,acdc,val,all,student_skd,/scratch/gautschi/manors/hf_cache/hub/models--nvidia--mit-b1/snapshots/13ddceec4e8bdf401e7cd7acf5aebc526222518c,runs/mit-b1_skd_j9200315/student_skd.ckpt,skd,GOPR0351_frame_000724_rgb_anon,/home/manors/Guardrail-Distillation/data/acdc/rgb_anon/night/val/GOPR0351/GOPR0351_frame_000724_rgb_anon.png,night,0.21502822332080448,0.7849717766791955,0.5350518822669983,0.8942232131958008,0.16375355422496796,0.25676387548446655,0.35152825713157654,0.7963725328445435,0.588894248008728,-4.33180570602417,4.198512077331543,0.026734821498394012,0.16770409047603607,236321,3.780860803090036,13.245444220956415,11.783718771766871,0.2681439234692797,0.7318560765307203,87523,0.25266704098820886,0.7473329590117912,2054,0.2596692144870758,0.0018588280072435737,11.994895758107305,0.49897482991218567,0.5010251700878143,0.5774998068809509,0.5957926511764526,0.23981371521949768,0.5596677660942078,0.44033223390579224,0.647046685218811,0.7016977071762085,0.5338849425315857,0.5596677660942078,0.44033223390579224,0.5596677660942078,0.44033223390579224,0.3495872378498094,0.6504127621501906,0.6580371260643005,0.5075669679449081,0.4924330320550919,0.23942304447562834,0.24742554751152065,0.7525744524884793,0.0,0.13455901452900487,0.13455901452900487,0.13829070329666138,0.015305452048778534,0.8654409854709951,0.13455901452900487,0.20173406600952148,0.043864063918590546,164610
acdc_b1_s42ctl_mit-b1_guard_dense_gap_j9258122,2026-07-11 16:06:10,acdc,val,all,student_skd,/scratch/gautschi/manors/hf_cache/hub/models--nvidia--mit-b1/snapshots/13ddceec4e8bdf401e7cd7acf5aebc526222518c,runs/mit-b1_skd_j9200315/student_skd.ckpt,skd,GOPR0351_frame_000727_rgb_anon,/home/manors/Guardrail-Distillation/data/acdc/rgb_anon/night/val/GOPR0351/GOPR0351_frame_000727_rgb_anon.png,night,0.2920999065928519,0.7079000934071481,0.6696818470954895,0.8558943867683411,0.17301055788993835,0.35130688548088074,0.3647826910018921,0.7392281889915466,0.6836224794387817,-4.207618236541748,4.026364803314209,0.04323560744524002,0.20755651593208313,249956,3.780860803090036,13.245444220956415,11.783718771766871,0.3947452276940201,0.6052547723059799,87552,0.4651789927863548,0.5348210072136452,2204,0.354586660861969,0.002893443452194333,11.994895758107305,0.4551725387573242,0.5448274612426758,0.5669416785240173,0.5891686677932739,0.42770805954933167,0.605326235294342,0.39467376470565796,0.7500596642494202,0.8079488277435303,0.5293439030647278,0.605326235294342,0.39467376470565796,0.605326235294342,0.39467376470565796,0.38518126193503915,0.6148187380649608,0.7465193271636963,0.44357746010223914,0.5564225398977609,0.04883223240821899,0.486961883001487,0.513038116998513,0.021782890215132245,0.09308135534218731,0.09308135534218731,0.12691833078861237,0.050080813467502594,0.9069186446578127,0.09308135534218731,0.2634183466434479,0.01773912087082863,142413
acdc_b1_s42ctl_mit-b1_guard_dense_gap_j9258122,2026-07-11 16:06:11,acdc,val,all,student_skd,/scratch/gautschi/manors/hf_cache/hub/models--nvidia--mit-b1/snapshots/13ddceec4e8bdf401e7cd7acf5aebc526222518c,runs/mit-b1_skd_j9200315/student_skd.ckpt,skd,GOPR0351_frame_000742_rgb_anon,/home/manors/Guardrail-Distillation/data/acdc/rgb_anon/night/val/GOPR0351/GOPR0351_frame_000742_rgb_anon.png,night,0.26978484360759825,0.7302151563924018,0.6669389009475708,0.8734024167060852,0.17077380418777466,0.3149120509624481,0.36885690689086914,0.7554442882537842,0.696133017539978,-3.661691665649414,3.501565456390381,0.03993929922580719,0.18066488206386566,251056,3.6538722342811525,13.374722970183939,11.81432424345985,0.4413357534982341,0.5586642465017659,87552,0.2484302484302484,0.7515697515697516,1719,0.31767067313194275,0.0019249299075454473,12.011413462460041,0.463066965341568,0.536933034658432,0.5612274408340454,0.5873761177062988,0.2717246413230896,0.5675162672996521,0.4324837327003479,0.7009668350219727,0.7574574947357178,0.5484758019447327,0.5675162672996521,0.4324837327003479,0.5675162672996521,0.4324837327003479,0.4109813156733576,0.5890186843266424,0.7125900387763977,0.38627571106076036,0.6137242889392396,0.0,0.39403973509933776,0.6059602649006622,0.14560948666908935,0.14119647206575936,0.14119647206575936,0.09172455966472626,0.04607338830828667,0.8588035279342406,0.14119647206575936,0.1822342574596405,0.014387229457497597,157892
acdc_b1_s42ctl_mit-b1_guard_dense_gap_j9258122,2026-07-11 16:06:11,acdc,val,all,student_skd,/scratch/gautschi/manors/hf_cache/hub/models--nvidia--mit-b1/snapshots/13ddceec4e8bdf401e7cd7acf5aebc526222518c,runs/mit-b1_skd_j9200315/student_skd.ckpt,skd,GOPR0351_frame_000745_rgb_anon,/home/manors/Guardrail-Distillation/data/acdc/rgb_anon/night/val/GOPR0351/GOPR0351_frame_000745_rgb_anon.png,night,0.1540799218960148,0.8459200781039852,0.5737614631652832,0.8994364142417908,0.15311141312122345,0.2587292194366455,0.34348154067993164,0.7875409722328186,0.6599428653717041,-3.0664546489715576,2.9420175552368164,0.02357589825987816,0.1416827142238617,241942,3.6538722342811525,13.374722970183939,11.81432424345985,0.24133086622807018,0.7586691337719298,87552,0.3275171624713959,0.672482837528604,2388,0.2630104422569275,0.0030024161096662283,12.011413462460041,0.487274706363678,0.512725293636322,0.5822075605392456,0.5993481874465942,0.30917441844940186,0.576683759689331,0.42331624031066895,0.7206352949142456,0.764319896697998,0.5404878854751587,0.576683759689331,0.42331624031066895,0.576683759689331,0.42331624031066895,0.34998011421815106,0.6500198857818489,0.7025361061096191,0.24738941794999575,0.7526105820500042,0.006058551721925598,0.3568665377176016,0.6431334622823984,0.029349375246205622,0.1959001923221363,0.1959001923221363,0.1834530532360077,0.05467839166522026,0.8040998076778637,0.1959001923221363,0.3472939729690552,0.06380454450845718,165847
acdc_b1_s42ctl_mit-b1_guard_dense_gap_j9258122,2026-07-11 16:06:11,acdc,val,all,student_skd,/scratch/gautschi/manors/hf_cache/hub/models--nvidia--mit-b1/snapshots/13ddceec4e8bdf401e7cd7acf5aebc526222518c,runs/mit-b1_skd_j9200315/student_skd.ckpt,skd,GOPR0351_frame_000748_rgb_anon,/home/manors/Guardrail-Distillation/data/acdc/rgb_anon/night/val/GOPR0351/GOPR0351_frame_000748_rgb_anon.png,night,0.13468182603000595,0.865318173969994,0.32737451791763306,0.8824737668037415,0.16438041627407074,0.27966147661209106,0.327122300863266,0.7730535268783569,0.6342862844467163,-3.163846969604492,3.016937732696533,0.026579299941658974,0.17855767905712128,257155,3.6538722342811525,13.374722970183939,11.81432424345985,0.10785155730277209,0.8921484426972279,87552,0.796148738379814,0.20385126162018596,1506,0.2826477289199829,0.0030297075863927603,12.011413462460041,0.5239782929420471,0.4760217070579529,0.5960400104522705,0.6035998463630676,0.2476656436920166,0.5616018176078796,0.43839818239212036,0.6511142253875732,0.7161327600479126,0.5336668491363525,0.5616018176078796,0.43839818239212036,0.5616018176078796,0.43839818239212036,0.3271811704178155,0.6728188295821844,0.742855429649353,0.6151890801735427,0.3848109198264573,0.5073375228707706,0.3559096945551129,0.6440903054448871,0.0,0.19249934438780958,0.19249934438780958,0.4524741768836975,0.036993250250816345,0.8075006556121904,0.19249934438780958,0.5448814630508423,0.2597421705722809,170434
acdc_b1_s42ctl_mit-b1_guard_dense_gap_j9258122,2026-07-11 16:06:11,acdc,val,all,student_skd,/scratch/gautschi/manors/hf_cache/hub/models--nvidia--mit-b1/snapshots/13ddceec4e8bdf401e7cd7acf5aebc526222518c,runs/mit-b1_skd_j9200315/student_skd.ckpt,skd,GOPR0351_frame_000754_rgb_anon,/home/manors/Guardrail-Distillation/data/acdc/rgb_anon/night/val/GOPR0351/GOPR0351_frame_000754_rgb_anon.png,night,0.09814267026589232,0.9018573297341077,0.5045028924942017,0.9536044597625732,0.10265124589204788,0.13271929323673248,0.22454670071601868,0.8629382252693176,0.46005192399024963,-3.4640533924102783,3.4086930751800537,0.010871161706745625,0.04667177423834801,251951,3.6538722342811525,13.374722970183939,11.81432424345985,0.34790083101971253,0.6520991689802875,87552,0.15130830489192262,0.8486916951080774,975,0.13442350924015045,0.0009597049211151898,12.011413462460041,0.45675575733184814,0.5432442426681519,0.5691734552383423,0.5849279165267944,0.7558271884918213,0.6804471015930176,0.3195528984069824,0.9358723163604736,0.9888023734092712,0.5413919687271118,0.6804471015930176,0.3195528984069824,0.6804471015930176,0.3195528984069824,0.19279897914060326,0.8072010208593967,0.674099326133728,0.40660065757506597,0.593399342424934,0.05869982655535355,0.018297533810660304,0.9817024661893397,0.0,0.09465630887471099,0.09465630887471099,0.1923389881849289,0.022742517292499542,0.905343691125289,0.09465630887471099,0.34044715762138367,0.17240653932094574,218175
acdc_b1_s42ctl_mit-b1_guard_dense_gap_j9258122,2026-07-11 16:06:11,acdc,val,all,student_skd,/scratch/gautschi/manors/hf_cache/hub/models--nvidia--mit-b1/snapshots/13ddceec4e8bdf401e7cd7acf5aebc526222518c,runs/mit-b1_skd_j9200315/student_skd.ckpt,skd,GOPR0351_frame_000761_rgb_anon,/home/manors/Guardrail-Distillation/data/acdc/rgb_anon/night/val/GOPR0351/GOPR0351_frame_000761_rgb_anon.png,night,0.260791677280892,0.739208322719108,0.6847670674324036,0.9291093349456787,0.13765236735343933,0.19721655547618866,0.3240590989589691,0.8274420499801636,0.558463990688324,-3.7151083946228027,3.6262967586517334,0.023855598643422127,0.09300756454467773,245980,3.641809511464089,13.30690475879237,11.776413768529892,0.15949318370681798,0.840506816293182,82842,0.36153523880458055,0.6384647611954195,1429,0.1997332125902176,0.00167458679061383,11.977660469710827,0.47635045647621155,0.5236495435237885,0.5618500113487244,0.5760560631752014,0.23733359575271606,0.5590564608573914,0.44094353914260864,0.6957703232765198,0.755884051322937,0.543074369430542,0.5590564608573914,0.44094353914260864,0.5590564608573914,0.44094353914260864,0.2861466032904521,0.713853396709548,0.7399097681045532,0.3155579585090416,0.6844420414909584,0.15606477480222358,0.26405776188384883,0.7359422381161511,0.0,0.02535492600956002,0.02535492600956002,0.06729815900325775,0.012155460193753242,0.97464507399044,0.02535492600956002,0.18546223640441895,0.024794699624180794,196098
acdc_b1_s42ctl_mit-b1_guard_dense_gap_j9258122,2026-07-11 16:06:11,acdc,val,all,student_skd,/scratch/gautschi/manors/hf_cache/hub/models--nvidia--mit-b1/snapshots/13ddceec4e8bdf401e7cd7acf5aebc526222518c,runs/mit-b1_skd_j9200315/student_skd.ckpt,skd,GOPR0351_frame_000770_rgb_anon,/home/manors/Guardrail-Distillation/data/acdc/rgb_anon/night/val/GOPR0351/GOPR0351_frame_000770_rgb_anon.png,night,0.11173214864994001,0.88826785135006,0.21626365184783936,0.8743129372596741,0.17421340942382812,0.3052259683609009,0.36543259024620056,0.7619324326515198,0.6832478642463684,-3.134733200073242,2.9756486415863037,0.0386512465775013,0.20580078661441803,257482,3.641809511464089,13.30690475879237,11.776413768529892,0.16031648648568916,0.8396835135143108,87552,0.01462225832656377,0.9853777416734363,2462,0.30804628133773804,0.002055983990430832,11.977660469710827,0.5128669142723083,0.48713308572769165,0.5970141887664795,0.6059438586235046,0.571700394153595,0.639155387878418,0.36084461212158203,0.8341364860534668,0.9134282469749451,0.5424980521202087,0.639155387878418,0.36084461212158203,0.639155387878418,0.36084461212158203,0.266596524448141,0.733403475551859,0.5825145244598389,0.4136846970784046,0.5863153029215954,0.2533682105927154,0.0,1.0,0.0,0.154864375798201,0.154864375798201,0.38743290305137634,0.021182062104344368,0.845135624201799,0.154864375798201,0.7510466575622559,0.31620851159095764,165612
acdc_b1_s42ctl_mit-b1_guard_dense_gap_j9258122,2026-07-11 16:06:11,acdc,val,all,student_skd,/scratch/gautschi/manors/hf_cache/hub/models--nvidia--mit-b1/snapshots/13ddceec4e8bdf401e7cd7acf5aebc526222518c,runs/mit-b1_skd_j9200315/student_skd.ckpt,skd,GOPR0351_frame_000774_rgb_anon,/home/manors/Guardrail-Distillation/data/acdc/rgb_anon/night/val/GOPR0351/GOPR0351_frame_000774_rgb_anon.png,night,0.21091304496701357,0.7890869550329864,0.38983994722366333,0.8093367218971252,0.20550614595413208,0.49314814805984497,0.45785945653915405,0.6524132490158081,1.0353593826293945,-2.5814335346221924,2.330223798751831,0.11587949097156525,0.306425541639328,254920,3.641809511464089,13.30690475879237,11.776413768529892,0.12957475275707944,0.8704252472429206,87552,0.46792680474562637,0.5320731952543736,4973,0.49878135323524475,0.004164198879152536,11.977660469710827,0.4848058521747589,0.5151941478252411,0.5727075338363647,0.5770578384399414,0.3531350791454315,0.587377667427063,0.412622332572937,0.7121210694313049,0.7437198162078857,0.542706310749054,0.587377667427063,0.412622332572937,0.587377667427063,0.412622332572937,0.20834113877337426,0.7916588612266258,0.5083202719688416,0.2993285396989892,0.7006714603010108,0.1697537869419098,0.24864267042026947,0.7513573295797306,0.0,0.0,0.0,0.1302761733531952,0.011795857921242714,1.0,0.0,0.4629530906677246,0.010748470202088356,126177
acdc_b1_s42ctl_mit-b1_guard_dense_gap_j9258122,2026-07-11 16:06:11,acdc,val,all,student_skd,/scratch/gautschi/manors/hf_cache/hub/models--nvidia--mit-b1/snapshots/13ddceec4e8bdf401e7cd7acf5aebc526222518c,runs/mit-b1_skd_j9200315/student_skd.ckpt,skd,GOPR0351_frame_000809_rgb_anon,/home/manors/Guardrail-Distillation/data/acdc/rgb_anon/night/val/GOPR0351/GOPR0351_frame_000809_rgb_anon.png,night,0.23772956665060263,0.7622704333493974,0.551112711429596,0.9295336008071899,0.14034023880958557,0.18531955778598785,0.3160649836063385,0.8459387421607971,0.4681874215602875,-3.899402618408203,3.8105735778808594,0.02497129514813423,0.0977528989315033,249967,3.641809511464089,13.30690475879237,11.776413768529892,0.11806619963114334,0.8819338003688566,84949,0.8483960518198643,0.15160394818013567,6484,0.1878332942724228,0.0017491126200184226,11.977660469710827,0.46959829330444336,0.5304017066955566,0.5582252740859985,0.5846038460731506,0.45496028661727905,0.6118179559707642,0.38818204402923584,0.793752133846283,0.9241794943809509,0.5556190013885498,0.6118179559707642,0.38818204402923584,0.6118179559707642,0.38818204402923584,0.42029284722263144,0.5797071527773685,0.7802229523658752,0.4418156471387924,0.5581843528612076,0.323749447507649,0.42450647748303516,0.5754935225169648,0.0,0.18256328057202886,0.18256328057202886,0.27827271819114685,0.04916248843073845,0.8174367194279711,0.18256328057202886,0.42448002099990845,0.1868966668844223,200828
acdc_b1_s42ctl_mit-b1_guard_dense_gap_j9258122,2026-07-11 16:06:11,acdc,val,all,student_skd,/scratch/gautschi/manors/hf_cache/hub/models--nvidia--mit-b1/snapshots/13ddceec4e8bdf401e7cd7acf5aebc526222518c,runs/mit-b1_skd_j9200315/student_skd.ckpt,skd,GOPR0351_frame_000814_rgb_anon,/home/manors/Guardrail-Distillation/data/acdc/rgb_anon/night/val/GOPR0351/GOPR0351_frame_000814_rgb_anon.png,night,0.142297705203154,0.857702294796846,0.496293306350708,0.9124122858047485,0.13194312155246735,0.2264767289161682,0.27004796266555786,0.801059365272522,0.584534764289856,-3.794797897338867,3.6899571418762207,0.011381554417312145,0.10277851670980453,246715,3.6516120308078825,13.345967512577772,11.805518995970488,0.15085260176772625,0.8491473982322737,87552,0.26302626094205916,0.7369737390579408,2399,0.22918421030044556,0.0017111590132117271,11.973748041782528,0.45165741443634033,0.5483425855636597,0.5771225690841675,0.591163158416748,0.48670652508735657,0.6193302869796753,0.3806697130203247,0.8322412967681885,0.9163413047790527,0.542144238948822,0.6193302869796753,0.3806697130203247,0.6193302869796753,0.3806697130203247,0.21533675662852075,0.7846632433714793,0.6349837183952332,0.2235739049583015,0.7764260950416985,0.07272130319057524,0.14193413922467696,0.8580658607753231,0.0,0.07303905142536671,0.07303905142536671,0.18594735860824585,0.0472569577395916,0.9269609485746333,0.07303905142536671,0.39852869510650635,0.09972235560417175,177738
acdc_b1_s42ctl_mit-b1_guard_dense_gap_j9258122,2026-07-11 16:06:11,acdc,val,all,student_skd,/scratch/gautschi/manors/hf_cache/hub/models--nvidia--mit-b1/snapshots/13ddceec4e8bdf401e7cd7acf5aebc526222518c,runs/mit-b1_skd_j9200315/student_skd.ckpt,skd,GOPR0351_frame_000818_rgb_anon,/home/manors/Guardrail-Distillation/data/acdc/rgb_anon/night/val/GOPR0351/GOPR0351_frame_000818_rgb_anon.png,night,0.23026321193759222,0.7697367880624078,0.5581929683685303,0.956192672252655,0.11431010067462921,0.12774769961833954,0.27117225527763367,0.8719325661659241,0.45770761370658875,-4.012614727020264,3.9575395584106445,0.019005518406629562,0.057676028460264206,235037,3.6516120308078825,13.345967512577772,11.805518995970488,0.3380878312996773,0.6619121687003227,87552,0.4270687237026648,0.5729312762973352,1426,0.1300409734249115,0.0010148984147235751,11.973748041782528,0.484529584646225,0.515470415353775,0.5678198337554932,0.5829001665115356,0.10160946846008301,0.525380551815033,0.47461944818496704,0.5846856236457825,0.633220911026001,0.56179279088974,0.525380551815033,0.47461944818496704,0.525380551815033,0.47461944818496704,0.24967682066041474,0.7503231793395853,0.650476336479187,0.5760530920455418,0.4239469079544582,0.23796526074586444,0.12377279102384292,0.8762272089761571,0.0,0.019413608722822495,0.019413608722822495,0.09783565998077393,0.005552317481487989,0.9805863912771775,0.019413608722822495,0.11846645921468735,0.06006288528442383,208328
acdc_b1_s42ctl_mit-b1_guard_dense_gap_j9258122,2026-07-11 16:06:11,acdc,val,all,student_skd,/scratch/gautschi/manors/hf_cache/hub/models--nvidia--mit-b1/snapshots/13ddceec4e8bdf401e7cd7acf5aebc526222518c,runs/mit-b1_skd_j9200315/student_skd.ckpt,skd,GOPR0351_frame_000822_rgb_anon,/home/manors/Guardrail-Distillation/data/acdc/rgb_anon/night/val/GOPR0351/GOPR0351_frame_000822_rgb_anon.png,night,0.08813252159470662,0.9118674784052934,0.41312676668167114,0.9405509829521179,0.11657629907131195,0.16626964509487152,0.2646842300891876,0.8388260006904602,0.5403609275817871,-3.7268919944763184,3.6558048725128174,0.007047216407954693,0.07151444256305695,168861,3.6516120308078825,13.345967512577772,11.805518995970488,0.1656364541381963,0.8343635458618037,87552,0.0,1.0,1795,0.16888289153575897,0.0014368615811690688,11.973748041782528,0.4975154399871826,0.5024845600128174,0.6010600328445435,0.609346330165863,0.394214391708374,0.5972968339920044,0.4027031660079956,0.7814734578132629,0.8357505798339844,0.5520874857902527,0.5972968339920044,0.4027031660079956,0.5972968339920044,0.4027031660079956,0.12755720952659733,0.8724427904734027,0.48375290632247925,0.1223093702883906,0.8776906297116094,0.0,0.0,1.0,0.0,0.03942468793189069,0.03942468793189069,0.07486630976200104,0.004240173846483231,0.9605753120681093,0.03942468793189069,0.2927437424659729,0.04102190583944321,136734
acdc_b1_s42ctl_mit-b1_guard_dense_gap_j9258122,2026-07-11 16:06:11,acdc,val,all,student_skd,/scratch/gautschi/manors/hf_cache/hub/models--nvidia--mit-b1/snapshots/13ddceec4e8bdf401e7cd7acf5aebc526222518c,runs/mit-b1_skd_j9200315/student_skd.ckpt,skd,GOPR0351_frame_000825_rgb_anon,/home/manors/Guardrail-Distillation/data/acdc/rgb_anon/night/val/GOPR0351/GOPR0351_frame_000825_rgb_anon.png,night,0.13969547224706283,0.8603045277529372,0.4000513255596161,0.9183434844017029,0.1450890749692917,0.2063385248184204,0.31613436341285706,0.8267307877540588,0.5308471918106079,-4.1579766273498535,4.056619167327881,0.01963822916150093,0.12317639589309692,194875,3.6516120308078825,13.345967512577772,11.805518995970488,0.12185862033981194,0.878141379660188,87552,0.43185719189838656,0.5681428081016134,2913,0.20838603377342224,0.0012903386959806085,11.973748041782528,0.5024547576904297,0.4975452423095703,0.5861022472381592,0.6036811470985413,0.24673528969287872,0.5613727569580078,0.4386272430419922,0.6850982308387756,0.771058976650238,0.5570952296257019,0.5613727569580078,0.4386272430419922,0.5613727569580078,0.4386272430419922,0.14037007162426365,0.8596299283757364,0.47603848576545715,0.08552986528682809,0.914470134713172,0.0,0.18142808101613456,0.8185719189838654,0.0,0.0006745993772008241,0.0006745993772008241,0.07971777021884918,0.0037305965088307858,0.9993254006227992,0.0006745993772008241,0.18384093046188354,0.023753687739372253,148396
acdc_b1_s42ctl_mit-b1_guard_dense_gap_j9258122,2026-07-11 16:06:11,acdc,val,all,student_skd,/scratch/gautschi/manors/hf_cache/hub/models--nvidia--mit-b1/snapshots/13ddceec4e8bdf401e7cd7acf5aebc526222518c,runs/mit-b1_skd_j9200315/student_skd.ckpt,skd,GOPR0356_frame_000321_rgb_anon,/home/manors/Guardrail-Distillation/data/acdc/rgb_anon/night/val/GOPR0356/GOPR0356_frame_000321_rgb_anon.png,night,0.15558940205322894,0.8444105979467711,0.7757400274276733,0.9232317805290222,0.13208436965942383,0.2162405103445053,0.30584874749183655,0.8110772371292114,0.595910370349884,-3.623323678970337,3.529867649078369,0.017851443961262703,0.0894264504313469,206818,3.6906974855810404,13.308589754160494,11.830046772956848,0.17454159312388395,0.825458406876116,86530,0.07109004739336493,0.9289099526066351,211,0.21997910737991333,0.0020010194275528193,11.98275072965771,0.4850955903530121,0.5149044096469879,0.5482089519500732,0.5606663823127747,0.26413166522979736,0.5656516551971436,0.43434834480285645,0.7202070951461792,0.7935160398483276,0.5509368777275085,0.5656516551971436,0.43434834480285645,0.5656516551971436,0.43434834480285645,0.2937858938417271,0.706214106158273,0.8716745972633362,0.23980647721272286,0.7601935227872771,0.0652648840888389,0.3033175355450237,0.6966824644549763,0.23222748815165883,0.13819649178849813,0.13819649178849813,0.09955612570047379,0.0036215416621416807,0.8618035082115019,0.13819649178849813,0.14139968156814575,0.034793876111507416,159095
acdc_b1_s42ctl_mit-b1_guard_dense_gap_j9258122,2026-07-11 16:06:11,acdc,val,all,student_skd,/scratch/gautschi/manors/hf_cache/hub/models--nvidia--mit-b1/snapshots/13ddceec4e8bdf401e7cd7acf5aebc526222518c,runs/mit-b1_skd_j9200315/student_skd.ckpt,skd,GOPR0356_frame_000324_rgb_anon,/home/manors/Guardrail-Distillation/data/acdc/rgb_anon/night/val/GOPR0356/GOPR0356_frame_000324_rgb_anon.png,night,0.2151626706407019,0.7848373293592981,0.8072788119316101,0.9169164299964905,0.14464783668518066,0.22187329828739166,0.3283270001411438,0.8070052266120911,0.6182398796081543,-3.788830280303955,3.685230255126953,0.027243712916970253,0.10682562738656998,231246,3.6906974855810404,13.308589754160494,11.830046772956848,0.2963316376271127,0.7036683623728873,84271,0.8936170212765957,0.1063829787234043,141,0.22460326552391052,0.001648911740630865,11.98275072965771,0.4806288182735443,0.5193711817264557,0.5402162075042725,0.554672122001648,0.2024742066860199,0.5504463315010071,0.4495536684989929,0.6585133075714111,0.7513254284858704,0.5560416579246521,0.5504463315010071,0.4495536684989929,0.5504463315010071,0.4495536684989929,0.2557099348501989,0.7442900651498011,0.8688842058181763,0.34513854066939853,0.6548614593306015,0.048806903042285854,0.8581560283687943,0.14184397163120566,0.0,0.04054726420949695,0.04054726420949695,0.08618094772100449,0.02457555942237377,0.959452735790503,0.04054726420949695,0.14305977523326874,0.03005889803171158,175541
acdc_b1_s42ctl_mit-b1_guard_dense_gap_j9258122,2026-07-11 16:06:11,acdc,val,all,student_skd,/scratch/gautschi/manors/hf_cache/hub/models--nvidia--mit-b1/snapshots/13ddceec4e8bdf401e7cd7acf5aebc526222518c,runs/mit-b1_skd_j9200315/student_skd.ckpt,skd,GOPR0356_frame_000327_rgb_anon,/home/manors/Guardrail-Distillation/data/acdc/rgb_anon/night/val/GOPR0356/GOPR0356_frame_000327_rgb_anon.png,night,0.17709692855308473,0.8229030714469152,0.49946388602256775,0.8719995021820068,0.16675032675266266,0.323918879032135,0.3712102174758911,0.7506664395332336,0.7238348126411438,-3.5243163108825684,3.3639090061187744,0.03504974767565727,0.17990674078464508,200515,3.6906974855810404,13.308589754160494,11.830046772956848,0.1730182599716768,0.8269817400283233,86496,0.5054945054945055,0.4945054945054945,91,0.327531099319458,0.002737116999924183,11.98275072965771,0.47632449865341187,0.5236755013465881,0.5663658380508423,0.5785439610481262,0.44028809666633606,0.6083276867866516,0.3916723132133484,0.8002550005912781,0.8402348160743713,0.544030487537384,0.6083276867866516,0.3916723132133484,0.6083276867866516,0.3916723132133484,0.3511115134967534,0.6488884865032466,0.8099843263626099,0.3870155280199706,0.6129844719800295,0.21399726804829378,0.21978021978021978,0.7802197802197802,0.0,0.17401458494366862,0.17401458494366862,0.3190734088420868,0.00855297688394785,0.8259854150563314,0.17401458494366862,0.42187368869781494,0.11015136539936066,122285
acdc_b1_s42ctl_mit-b1_guard_dense_gap_j9258122,2026-07-11 16:06:11,acdc,val,all,student_skd,/scratch/gautschi/manors/hf_cache/hub/models--nvidia--mit-b1/snapshots/13ddceec4e8bdf401e7cd7acf5aebc526222518c,runs/mit-b1_skd_j9200315/student_skd.ckpt,skd,GOPR0356_frame_000330_rgb_anon,/home/manors/Guardrail-Distillation/data/acdc/rgb_anon/night/val/GOPR0356/GOPR0356_frame_000330_rgb_anon.png,night,0.1527920798625239,0.847207920137476,0.7224301695823669,0.8402823805809021,0.1819303035736084,0.3455670177936554,0.3394157290458679,0.7219720482826233,0.7753082513809204,-3.224102020263672,3.022711992263794,0.018345007672905922,0.29279303550720215,243445,3.6906974855810404,13.308589754160494,11.830046772956848,0.16335412947322742,0.8366458705267725,83012,0.30288461538461536,0.6971153846153846,104,0.34905511140823364,0.0027249481063336134,11.98275072965771,0.4823342263698578,0.5176657736301422,0.554850697517395,0.5634786486625671,0.3290494382381439,0.5815281271934509,0.4184718728065491,0.6929382681846619,0.7285289764404297,0.5339241027832031,0.5815281271934509,0.4184718728065491,0.5815281271934509,0.4184718728065491,0.23927870176364374,0.7607212982363563,0.8941404223442078,0.26575779312788483,0.7342422068721152,0.10240366365465736,0.7307692307692307,0.2692307692307693,0.4278846153846153,0.08648662190111978,0.08648662190111978,0.17575223743915558,0.00404198095202446,0.9135133780988802,0.08648662190111978,0.19992606341838837,0.0005586477927863598,137907
acdc_b1_s42ctl_mit-b1_guard_dense_gap_j9258122,2026-07-11 16:06:11,acdc,val,all,student_skd,/scratch/gautschi/manors/hf_cache/hub/models--nvidia--mit-b1/snapshots/13ddceec4e8bdf401e7cd7acf5aebc526222518c,runs/mit-b1_skd_j9200315/student_skd.ckpt,skd,GOPR0356_frame_000333_rgb_anon,/home/manors/Guardrail-Distillation/data/acdc/rgb_anon/night/val/GOPR0356/GOPR0356_frame_000333_rgb_anon.png,night,0.12474142917183172,0.8752585708281683,0.520908772945404,0.8497639298439026,0.1894756257534027,0.41155171394348145,0.4751713275909424,0.7113668918609619,0.8807770013809204,-3.238833427429199,3.0431017875671387,0.06863380968570709,0.21559765934944153,234112,3.65207449067384,13.303992513101548,11.856109485961497,0.11203885013186235,0.8879611498681377,83274,0.08695652173913043,0.9130434782608696,184,0.41704943776130676,0.004833060782402754,11.971712985541672,0.4854363799095154,0.5145636200904846,0.5608199238777161,0.573926568031311,0.3816874921321869,0.5942800641059875,0.40571993589401245,0.7273723483085632,0.7981117963790894,0.5404802560806274,0.5942800641059875,0.40571993589401245,0.5942800641059875,0.40571993589401245,0.17658254627190081,0.8234174537280992,0.5855530500411987,0.18911776089791693,0.8108822391020831,0.07707891076605455,0.3804347826086957,0.6195652173913043,0.2934782608695653,0.05184111710006911,0.05184111710006911,0.0726233571767807,0.007979086600244045,0.9481588828999309,0.05184111710006911,0.3508918583393097,0.005595611874014139,131680
acdc_b1_s42ctl_mit-b1_guard_dense_gap_j9258122,2026-07-11 16:06:11,acdc,val,all,student_skd,/scratch/gautschi/manors/hf_cache/hub/models--nvidia--mit-b1/snapshots/13ddceec4e8bdf401e7cd7acf5aebc526222518c,runs/mit-b1_skd_j9200315/student_skd.ckpt,skd,GOPR0356_frame_000336_rgb_anon,/home/manors/Guardrail-Distillation/data/acdc/rgb_anon/night/val/GOPR0356/GOPR0356_frame_000336_rgb_anon.png,night,0.1469914023817548,0.8530085976182452,0.3892113268375397,0.9079242944717407,0.1519472748041153,0.24844442307949066,0.3511836528778076,0.7904766798019409,0.6560114026069641,-3.868748188018799,3.7533369064331055,0.029684297740459442,0.12817123532295227,232244,3.65207449067384,13.303992513101548,11.856109485961497,0.11713849340270258,0.8828615065972975,81628,0.18421052631578946,0.8157894736842105,642,0.25229528546333313,0.002324172528460622,11.971712985541672,0.48441562056541443,0.5155843794345856,0.564275860786438,0.5774316787719727,0.4386753737926483,0.6079433560371399,0.3920566439628601,0.7627580761909485,0.8268637657165527,0.5492221117019653,0.6079433560371399,0.3920566439628601,0.6079433560371399,0.3920566439628601,0.1938448365698465,0.8061551634301535,0.5664774775505066,0.23382570115341364,0.7661742988465864,0.11668720775071106,0.13137254901960785,0.8686274509803922,0.0,0.046853434188091736,0.046853434188091736,0.19561323523521423,0.018347082659602165,0.9531465658119083,0.046853434188091736,0.35912230610847473,0.10157420486211777,172442
acdc_b1_s42ctl_mit-b1_guard_dense_gap_j9258122,2026-07-11 16:06:11,acdc,val,all,student_skd,/scratch/gautschi/manors/hf_cache/hub/models--nvidia--mit-b1/snapshots/13ddceec4e8bdf401e7cd7acf5aebc526222518c,runs/mit-b1_skd_j9200315/student_skd.ckpt,skd,GOPR0356_frame_000339_rgb_anon,/home/manors/Guardrail-Distillation/data/acdc/rgb_anon/night/val/GOPR0356/GOPR0356_frame_000339_rgb_anon.png,night,0.151358970483795,0.848641029516205,0.3833845257759094,0.9474083185195923,0.11281279474496841,0.15432502329349518,0.2762148976325989,0.8530396819114685,0.49884361028671265,-3.9728574752807617,3.9090840816497803,0.013229930773377419,0.056202881038188934,236358,3.65207449067384,13.303992513101548,11.856109485961497,0.2175346745751459,0.7824653254248541,86713,0.015661753365966608,0.9843382466340334,3219,0.1569792479276657,0.0015719319926574826,11.971712985541672,0.4366012513637543,0.5633987486362457,0.5655468702316284,0.5797044038772583,1.203781247138977,0.7691968083381653,0.23080319166183472,0.9799391031265259,0.9903067350387573,0.5410566329956055,0.7691968083381653,0.23080319166183472,0.7691968083381653,0.23080319166183472,0.1684467400522826,0.8315532599477173,0.4403235912322998,0.16223246093071134,0.8377675390692887,0.0,0.054330065359477125,0.9456699346405228,0.03866831199351051,0.017087769568487676,0.017087769568487676,0.0767606794834137,0.01982162706553936,0.9829122304315123,0.017087769568487676,0.3419981598854065,0.04835038632154465,198949
acdc_b1_s42ctl_mit-b1_guard_dense_gap_j9258122,2026-07-11 16:06:11,acdc,val,all,student_skd,/scratch/gautschi/manors/hf_cache/hub/models--nvidia--mit-b1/snapshots/13ddceec4e8bdf401e7cd7acf5aebc526222518c,runs/mit-b1_skd_j9200315/student_skd.ckpt,skd,GOPR0356_frame_000342_rgb_anon,/home/manors/Guardrail-Distillation/data/acdc/rgb_anon/night/val/GOPR0356/GOPR0356_frame_000342_rgb_anon.png,night,0.24238798912816506,0.7576120108718349,0.46788522601127625,0.9587026834487915,0.10869229584932327,0.1124906912446022,0.2479109764099121,0.8833508491516113,0.4150123596191406,-3.98895263671875,3.9378669261932373,0.0093599334359169,0.05741959065198898,233335,3.65207449067384,13.303992513101548,11.856109485961497,0.4645730844309822,0.5354269155690178,87195,0.25773195876288657,0.7422680412371134,194,0.11444715410470963,0.0008926079026423395,11.971712985541672,0.47684404253959656,0.5231559574604034,0.5699800848960876,0.5847394466400146,0.5571629405021667,0.6357958912849426,0.3642041087150574,0.8930134177207947,0.9436079859733582,0.530176043510437,0.6357958912849426,0.3642041087150574,0.6357958912849426,0.3642041087150574,0.2947750255840078,0.7052249744159922,0.46506524085998535,0.23345886190774845,0.7665411380922516,0.0,0.8711340206185567,0.12886597938144329,0.6134020618556701,0.05238703645584275,0.05238703645584275,0.07610088586807251,0.0789208635687828,0.9476129635441572,0.05238703645584275,0.454321026802063,0.062279555946588516,206558
acdc_b1_s42ctl_mit-b1_guard_dense_gap_j9258122,2026-07-11 16:06:12,acdc,val,all,student_skd,/scratch/gautschi/manors/hf_cache/hub/models--nvidia--mit-b1/snapshots/13ddceec4e8bdf401e7cd7acf5aebc526222518c,runs/mit-b1_skd_j9200315/student_skd.ckpt,skd,GOPR0356_frame_000345_rgb_anon,/home/manors/Guardrail-Distillation/data/acdc/rgb_anon/night/val/GOPR0356/GOPR0356_frame_000345_rgb_anon.png,night,0.1755195660075174,0.8244804339924826,0.375564306974411,0.9436954259872437,0.130389004945755,0.16176816821098328,0.3237454891204834,0.850043535232544,0.5431849956512451,-3.6264259815216064,3.5552074909210205,0.020967857912182808,0.08349058777093887,233691,3.6483147414401174,13.270082010421902,11.847054527606815,0.1569089369860996,0.8430910630139004,87552,0.09868421052631579,0.9013157894736842,285,0.16482891142368317,0.0018034352688118815,11.951335472986102,0.4873773753643036,0.5126226246356964,0.5785046815872192,0.5948818922042847,0.22733740508556366,0.5565908551216125,0.44340914487838745,0.6687538027763367,0.7494341135025024,0.5509504079818726,0.5565908551216125,0.44340914487838745,0.5565908551216125,0.44340914487838745,0.198942744702633,0.8010572552973669,0.4970538020133972,0.21511979472796555,0.7848802052720345,0.05821085774186585,0.03618421052631579,0.9638157894736842,0.0,0.023423178695115676,0.023423178695115676,0.18693916499614716,0.06544966995716095,0.9765768213048843,0.023423178695115676,0.47929102182388306,0.15650153160095215,197432
acdc_b1_s42ctl_mit-b1_guard_dense_gap_j9258122,2026-07-11 16:06:12,acdc,val,all,student_skd,/scratch/gautschi/manors/hf_cache/hub/models--nvidia--mit-b1/snapshots/13ddceec4e8bdf401e7cd7acf5aebc526222518c,runs/mit-b1_skd_j9200315/student_skd.ckpt,skd,GOPR0356_frame_000348_rgb_anon,/home/manors/Guardrail-Distillation/data/acdc/rgb_anon/night/val/GOPR0356/GOPR0356_frame_000348_rgb_anon.png,night,0.19472901145929208,0.8052709885407079,0.41117632389068604,0.8621569871902466,0.15625089406967163,0.3777448236942291,0.3396354913711548,0.6884772181510925,0.9582878947257996,-2.5722060203552246,2.4036731719970703,0.02544344589114189,0.18012337386608124,234245,3.6483147414401174,13.270082010421902,11.847054527606815,0.23083370371385709,0.769166296286143,86922,0.6571428571428571,0.34285714285714286,70,0.3833674192428589,0.0033331159502267838,11.951335472986102,0.4427591562271118,0.5572408437728882,0.5745254158973694,0.5838894248008728,1.2223702669143677,0.7724804282188416,0.22751957178115845,0.9508994817733765,0.9698010087013245,0.5435968041419983,0.7724804282188416,0.22751957178115845,0.7724804282188416,0.22751957178115845,0.21017539156638881,0.7898246084336111,0.4960276484489441,0.2476560683856525,0.7523439316143475,0.01682236467179543,0.36428571428571427,0.6357142857142857,0.0,0.015446380107096758,0.015446380107096758,0.10661059617996216,0.021759267896413803,0.9845536198929032,0.015446380107096758,0.20935772359371185,0.01720420829951763,134663
acdc_b1_s42ctl_mit-b1_guard_dense_gap_j9258122,2026-07-11 16:06:12,acdc,val,all,student_skd,/scratch/gautschi/manors/hf_cache/hub/models--nvidia--mit-b1/snapshots/13ddceec4e8bdf401e7cd7acf5aebc526222518c,runs/mit-b1_skd_j9200315/student_skd.ckpt,skd,GOPR0356_frame_000351_rgb_anon,/home/manors/Guardrail-Distillation/data/acdc/rgb_anon/night/val/GOPR0356/GOPR0356_frame_000351_rgb_anon.png,night,0.21591163900221852,0.7840883609977815,0.31637710332870483,0.9192870259284973,0.12839892506599426,0.22955308854579926,0.2916812598705292,0.7933326363563538,0.6560490131378174,-3.776402711868286,3.6794519424438477,0.015791108831763268,0.08967345207929611,241465,3.6483147414401174,13.270082010421902,11.847054527606815,0.2853304260113223,0.7146695739886777,86013,0.39855072463768115,0.6014492753623188,138,0.23309697210788727,0.0017534047365188599,11.951335472986102,0.46433642506599426,0.5356635749340057,0.5607603788375854,0.5736585855484009,0.9800989031791687,0.7271278500556946,0.2728721499443054,0.9142166376113892,0.9669175148010254,0.5394231081008911,0.7271278500556946,0.2728721499443054,0.7271278500556946,0.2728721499443054,0.21208360913727103,0.7879163908627289,0.40706104040145874,0.45369878336977915,0.5463012166302208,0.1683683573584569,0.1721311475409836,0.8278688524590164,0.0,0.0,0.0,0.11857204884290695,0.027888098731637,1.0,0.0,0.6082744598388672,0.05721325799822807,183870
acdc_b1_s42ctl_mit-b1_guard_dense_gap_j9258122,2026-07-11 16:06:12,acdc,val,all,student_skd,/scratch/gautschi/manors/hf_cache/hub/models--nvidia--mit-b1/snapshots/13ddceec4e8bdf401e7cd7acf5aebc526222518c,runs/mit-b1_skd_j9200315/student_skd.ckpt,skd,GOPR0356_frame_000354_rgb_anon,/home/manors/Guardrail-Distillation/data/acdc/rgb_anon/night/val/GOPR0356/GOPR0356_frame_000354_rgb_anon.png,night,0.1788463785614766,0.8211536214385234,0.39430704712867737,0.9463728070259094,0.12836024165153503,0.14824675023555756,0.3073895573616028,0.8687655329704285,0.4491811692714691,-4.045892238616943,3.9779012203216553,0.021138593554496765,0.07957060635089874,247604,3.6483147414401174,13.270082010421902,11.847054527606815,0.32933269465645365,0.6706673053435463,87403,0.2987551867219917,0.7012448132780082,324,0.15014134347438812,0.001121044741012156,11.951335472986102,0.4814176857471466,0.5185823142528534,0.5793536901473999,0.5901411175727844,0.713068962097168,0.6710789203643799,0.3289210796356201,0.9093284010887146,0.9822425842285156,0.5488957762718201,0.6710789203643799,0.3289210796356201,0.6710789203643799,0.3289210796356201,0.32944172957467005,0.6705582704253299,0.6897748112678528,0.6125039625281014,0.38749603747189865,0.2831712678716477,0.1939655172413793,0.8060344827586207,0.0,0.15059535101319355,0.15059535101319355,0.32831862568855286,0.03285084292292595,0.8494046489868065,0.15059535101319355,0.5122252106666565,0.2772572338581085,210755
acdc_b1_s42ctl_mit-b1_guard_dense_gap_j9258122,2026-07-11 16:06:12,acdc,val,all,student_skd,/scratch/gautschi/manors/hf_cache/hub/models--nvidia--mit-b1/snapshots/13ddceec4e8bdf401e7cd7acf5aebc526222518c,runs/mit-b1_skd_j9200315/student_skd.ckpt,skd,GOPR0356_frame_000357_rgb_anon,/home/manors/Guardrail-Distillation/data/acdc/rgb_anon/night/val/GOPR0356/GOPR0356_frame_000357_rgb_anon.png,night,0.1696158559720618,0.8303841440279383,0.398578017950058,0.9067817330360413,0.1553402692079544,0.2642754018306732,0.36916470527648926,0.7788546085357666,0.7197842001914978,-3.4594783782958984,3.3416247367858887,0.03908858448266983,0.12263362854719162,240505,3.6482972209341824,13.309737259987742,11.841516999993473,0.24512335268700228,0.7548766473129978,86838,0.36104605776736926,0.6389539422326307,2596,0.2682921886444092,0.0023249085061252117,11.990380706265569,0.48823118209838867,0.5117688179016113,0.5870755910873413,0.5951973795890808,0.8515905737876892,0.700900673866272,0.299099326133728,0.9225608706474304,0.9603636860847473,0.5342990756034851,0.700900673866272,0.299099326133728,0.700900673866272,0.299099326133728,0.15153267803473058,0.8484673219652694,0.44783684611320496,0.26579004019640606,0.7342099598035939,0.020666687509403814,0.2323934595081756,0.7676065404918244,0.0,0.0,0.0,0.05075570195913315,0.0014968503965064883,1.0,0.0,0.1563584953546524,0.004943764302879572,175925
acdc_b1_s42ctl_mit-b1_guard_dense_gap_j9258122,2026-07-11 16:06:12,acdc,val,all,student_skd,/scratch/gautschi/manors/hf_cache/hub/models--nvidia--mit-b1/snapshots/13ddceec4e8bdf401e7cd7acf5aebc526222518c,runs/mit-b1_skd_j9200315/student_skd.ckpt,skd,GOPR0356_frame_000360_rgb_anon,/home/manors/Guardrail-Distillation/data/acdc/rgb_anon/night/val/GOPR0356/GOPR0356_frame_000360_rgb_anon.png,night,0.23824913983580837,0.7617508601641916,0.40666112303733826,0.9246677160263062,0.13351045548915863,0.20107434689998627,0.2991876006126404,0.8207836151123047,0.5719713568687439,-4.19672966003418,4.104867935180664,0.014004266820847988,0.09871674329042435,247496,3.6482972209341824,13.309737259987742,11.841516999993473,0.32780838713768545,0.6721916128623145,87464,0.8064067745867459,0.19359322541325408,7328,0.2038777619600296,0.0015487500932067633,11.990380706265569,0.5134625434875488,0.48653745651245117,0.5854047536849976,0.5975013971328735,0.5016179084777832,0.6228394508361816,0.37716054916381836,0.781205415725708,0.8662542104721069,0.5414792895317078,0.6228394508361816,0.37716054916381836,0.6228394508361816,0.37716054916381836,0.3215423844843894,0.6784576155156106,0.49729692935943604,0.5543422819177507,0.4456577180822493,0.22653389478006525,0.9520982458989036,0.04790175410109643,0.14569147131215765,0.08329324464858101,0.08329324464858101,0.14291948080062866,0.052283674478530884,0.916706755351419,0.08329324464858101,0.24188269674777985,0.08469631522893906,192082
acdc_b1_s42ctl_mit-b1_guard_dense_gap_j9258122,2026-07-11 16:06:12,acdc,val,all,student_skd,/scratch/gautschi/manors/hf_cache/hub/models--nvidia--mit-b1/snapshots/13ddceec4e8bdf401e7cd7acf5aebc526222518c,runs/mit-b1_skd_j9200315/student_skd.ckpt,skd,GOPR0356_frame_000363_rgb_anon,/home/manors/Guardrail-Distillation/data/acdc/rgb_anon/night/val/GOPR0356/GOPR0356_frame_000363_rgb_anon.png,night,0.17849439986976887,0.8215056001302311,0.4648200273513794,0.937995195388794,0.14509202539920807,0.16565467417240143,0.35152867436408997,0.8720792531967163,0.4127558469772339,-4.133073329925537,4.051661491394043,0.03200133889913559,0.09510380029678345,251052,3.6482972209341824,13.309737259987742,11.841516999993473,0.2722430997740137,0.7277569002259863,87552,0.0775,0.9225,217,0.16729478538036346,0.0012529297964647412,11.990380706265569,0.48432645201683044,0.5156735479831696,0.5580489635467529,0.5721554160118103,0.7845426201820374,0.6866583228111267,0.3133416771888733,0.8940195441246033,0.9814417958259583,0.5543368458747864,0.6866583228111267,0.3133416771888733,0.6866583228111267,0.3133416771888733,0.3297753451919204,0.6702246548080796,0.6506181955337524,0.4775082429462363,0.5224917570537637,0.20526514317222255,0.2275,0.7725,0.15000000000000002,0.15128094532215153,0.15128094532215153,0.19638162851333618,0.010583464987576008,0.8487190546778485,0.15128094532215153,0.3384876251220703,0.12384286522865295,208675
acdc_b1_s42ctl_mit-b1_guard_dense_gap_j9258122,2026-07-11 16:06:12,acdc,val,all,student_skd,/scratch/gautschi/manors/hf_cache/hub/models--nvidia--mit-b1/snapshots/13ddceec4e8bdf401e7cd7acf5aebc526222518c,runs/mit-b1_skd_j9200315/student_skd.ckpt,skd,GOPR0356_frame_000366_rgb_anon,/home/manors/Guardrail-Distillation/data/acdc/rgb_anon/night/val/GOPR0356/GOPR0356_frame_000366_rgb_anon.png,night,0.18767123445813474,0.8123287655418653,0.4917215406894684,0.9514617919921875,0.11106247454881668,0.1497010737657547,0.28566622734069824,0.8525902628898621,0.5270960927009583,-3.7618730068206787,3.702681303024292,0.012828515842556953,0.056915123015642166,235491,3.6482972209341824,13.309737259987742,11.841516999993473,0.20636398122068889,0.7936360187793111,87504,0.13248945147679325,0.8675105485232067,878,0.15242800116539001,0.0012149774702265859,11.990380706265569,0.4560304582118988,0.5439695417881012,0.5658259987831116,0.5791489481925964,0.8574210405349731,0.7021215558052063,0.2978784441947937,0.9407256841659546,0.9640249609947205,0.5440013408660889,0.7021215558052063,0.2978784441947937,0.7021215558052063,0.2978784441947937,0.20876304240519616,0.7912369575948038,0.6325719356536865,0.2129814052097466,0.7870185947902534,0.006617423989057736,0.04791666666666667,0.9520833333333333,0.0,0.021091807947061447,0.021091807947061447,0.16490651667118073,0.024056119844317436,0.9789081920529386,0.021091807947061447,0.41771021485328674,0.12741462886333466,201994
acdc_b1_s42ctl_mit-b1_guard_dense_gap_j9258122,2026-07-11 16:06:12,acdc,val,all,student_skd,/scratch/gautschi/manors/hf_cache/hub/models--nvidia--mit-b1/snapshots/13ddceec4e8bdf401e7cd7acf5aebc526222518c,runs/mit-b1_skd_j9200315/student_skd.ckpt,skd,GOPR0356_frame_000369_rgb_anon,/home/manors/Guardrail-Distillation/data/acdc/rgb_anon/night/val/GOPR0356/GOPR0356_frame_000369_rgb_anon.png,night,0.16300195783647292,0.836998042163527,0.6164404153823853,0.9175284504890442,0.14122213423252106,0.21249978244304657,0.3125726878643036,0.8248316645622253,0.519484281539917,-4.1998209953308105,4.098259925842285,0.017889713868498802,0.11042473465204239,222586,3.7494658026844263,13.343092752620578,11.812551761977375,0.29575524859671204,0.7042447514032879,87375,0.0,1.0,190,0.21487341821193695,0.001738990657031536,12.017893488518894,0.48191508650779724,0.5180849134922028,0.558501124382019,0.5747041702270508,0.403718501329422,0.599580705165863,0.40041929483413696,0.771287202835083,0.835404634475708,0.5416306853294373,0.599580705165863,0.40041929483413696,0.599580705165863,0.40041929483413696,0.23078656909923284,0.7692134309007672,0.6460648775100708,0.4038822007099895,0.5961177992900105,0.10812695211327739,0.025793650793650796,0.9742063492063492,0.025793650793650813,0.06778461126275981,0.06778461126275981,0.0512521006166935,0.021627595648169518,0.9322153887372402,0.06778461126275981,0.27202969789505005,0.012381731532514095,166388
acdc_b1_s42ctl_mit-b1_guard_dense_gap_j9258122,2026-07-11 16:06:12,acdc,val,all,student_skd,/scratch/gautschi/manors/hf_cache/hub/models--nvidia--mit-b1/snapshots/13ddceec4e8bdf401e7cd7acf5aebc526222518c,runs/mit-b1_skd_j9200315/student_skd.ckpt,skd,GOPR0356_frame_000372_rgb_anon,/home/manors/Guardrail-Distillation/data/acdc/rgb_anon/night/val/GOPR0356/GOPR0356_frame_000372_rgb_anon.png,night,0.16517422891610042,0.8348257710838995,0.5129290223121643,0.88910311460495,0.16022759675979614,0.2812867760658264,0.3517439067363739,0.7708429098129272,0.6865107417106628,-3.433727741241455,3.295555830001831,0.0248483344912529,0.17146120965480804,233738,3.7494658026844263,13.343092752620578,11.812551761977375,0.210030211241602,0.789969788758398,85126,0.16900647948164146,0.8309935205183585,485,0.2846759557723999,0.002886183327063918,12.017893488518894,0.4927595555782318,0.5072404444217682,0.5651956796646118,0.5841436982154846,0.31771984696388245,0.5787684917449951,0.4212315082550049,0.7428686618804932,0.8025840520858765,0.5517072081565857,0.5787684917449951,0.4212315082550049,0.5787684917449951,0.4212315082550049,0.22182643125923296,0.778173568740767,0.571657121181488,0.25344800432911724,0.7465519956708828,0.043417793087515144,0.17488789237668162,0.8251121076233183,0.005881412895040183,0.05665220234313251,0.05665220234313251,0.07182400673627853,0.013095859438180923,0.9433477976568675,0.05665220234313251,0.3526640832424164,0.01814424619078636,159365
acdc_b1_s42ctl_mit-b1_guard_dense_gap_j9258122,2026-07-11 16:06:12,acdc,val,all,student_skd,/scratch/gautschi/manors/hf_cache/hub/models--nvidia--mit-b1/snapshots/13ddceec4e8bdf401e7cd7acf5aebc526222518c,runs/mit-b1_skd_j9200315/student_skd.ckpt,skd,GOPR0356_frame_000375_rgb_anon,/home/manors/Guardrail-Distillation/data/acdc/rgb_anon/night/val/GOPR0356/GOPR0356_frame_000375_rgb_anon.png,night,0.11800640725840128,0.8819935927415987,0.45685404539108276,0.9435004591941833,0.1261850744485855,0.15235458314418793,0.29291608929634094,0.8597314953804016,0.4787595868110657,-3.96431040763855,3.8940911293029785,0.015558160841464996,0.08150089532136917,239617,3.7494658026844263,13.343092752620578,11.812551761977375,0.20222109056528897,0.797778909434711,87544,0.06242774566473988,0.9375722543352601,1839,0.15465494990348816,0.0013043362414464355,12.017893488518894,0.48141077160835266,0.5185892283916473,0.5996577739715576,0.607352614402771,0.8610047101974487,0.7028705477714539,0.29712945222854614,0.9658198356628418,0.9907771348953247,0.5342704653739929,0.7028705477714539,0.29712945222854614,0.7028705477714539,0.29712945222854614,0.14494868208158748,0.8550513179184125,0.48475274443626404,0.26521456966448603,0.7347854303355139,0.06299347909919706,0.06280053856510867,0.9371994614348913,0.0003727929003688457,0.02694227482318623,0.02694227482318623,0.06276682764291763,0.03486814349889755,0.9730577251768138,0.02694227482318623,0.24270814657211304,0.04199201241135597,199729
acdc_b1_s42ctl_mit-b1_guard_dense_gap_j9258122,2026-07-11 16:06:12,acdc,val,all,student_skd,/scratch/gautschi/manors/hf_cache/hub/models--nvidia--mit-b1/snapshots/13ddceec4e8bdf401e7cd7acf5aebc526222518c,runs/mit-b1_skd_j9200315/student_skd.ckpt,skd,GOPR0356_frame_000378_rgb_anon,/home/manors/Guardrail-Distillation/data/acdc/rgb_anon/night/val/GOPR0356/GOPR0356_frame_000378_rgb_anon.png,night,0.104808579089394,0.895191420910606,0.2891604006290436,0.9009806513786316,0.15464062988758087,0.280285120010376,0.3619391620159149,0.7654097676277161,0.7430229187011719,-3.2838737964630127,3.1596715450286865,0.037228431552648544,0.12577299773693085,233182,3.7494658026844263,13.343092752620578,11.812551761977375,0.185818013044888,0.814181986955112,87552,0.08793669752164825,0.9120633024783518,7019,0.2844088077545166,0.002610010327771306,12.017893488518894,0.42614904046058655,0.5738509595394135,0.5834642052650452,0.5929098129272461,1.1486010551452637,0.7592552900314331,0.2407447099685669,0.956626296043396,0.9697222113609314,0.5294088125228882,0.7592552900314331,0.2407447099685669,0.7592552900314331,0.2407447099685669,0.1335980336930197,0.8664019663069803,0.3840562403202057,0.2537426364267922,0.7462573635732078,0.06792462338190419,0.19611534438966086,0.8038846556103392,0.1081786468680126,0.028789454603625697,0.028789454603625697,0.13564512133598328,0.040749285370111465,0.9712105453963743,0.028789454603625697,0.5534346699714661,0.07467557489871979,166303
acdc_b1_s42ctl_mit-b1_guard_dense_gap_j9258122,2026-07-11 16:06:12,acdc,val,all,student_skd,/scratch/gautschi/manors/hf_cache/hub/models--nvidia--mit-b1/snapshots/13ddceec4e8bdf401e7cd7acf5aebc526222518c,runs/mit-b1_skd_j9200315/student_skd.ckpt,skd,GOPR0356_frame_000382_rgb_anon,/home/manors/Guardrail-Distillation/data/acdc/rgb_anon/night/val/GOPR0356/GOPR0356_frame_000382_rgb_anon.png,night,0.1802769648851445,0.8197230351148554,0.49042370915412903,0.8849425911903381,0.1733422875404358,0.293527215719223,0.4029841423034668,0.7756223678588867,0.6622453331947327,-3.4088809490203857,3.26059627532959,0.04265390709042549,0.1697005331516266,233859,3.6468194448389113,13.30975501332432,11.803736502770334,0.19258540308213493,0.8074145969178651,87447,0.29072204229377024,0.7092779577062298,10740,0.2974711060523987,0.0031600550282746553,11.986430792603642,0.4738156795501709,0.5261843204498291,0.5813008546829224,0.5972718596458435,0.4686540961265564,0.6150651574134827,0.38493484258651733,0.8110284805297852,0.9098405838012695,0.5497252941131592,0.6150651574134827,0.38493484258651733,0.6150651574134827,0.38493484258651733,0.29303440889687177,0.7069655911031283,0.643515944480896,0.25427892719870293,0.7457210728012971,0.06169352411656803,0.22628119641836542,0.7737188035816346,0.0,0.11275744401172716,0.11275744401172716,0.16611291468143463,0.013020666316151619,0.8872425559882728,0.11275744401172716,0.3167763352394104,0.05274118110537529,158133
acdc_b1_s42ctl_mit-b1_guard_dense_gap_j9258122,2026-07-11 16:06:12,acdc,val,all,student_skd,/scratch/gautschi/manors/hf_cache/hub/models--nvidia--mit-b1/snapshots/13ddceec4e8bdf401e7cd7acf5aebc526222518c,runs/mit-b1_skd_j9200315/student_skd.ckpt,skd,GOPR0356_frame_000386_rgb_anon,/home/manors/Guardrail-Distillation/data/acdc/rgb_anon/night/val/GOPR0356/GOPR0356_frame_000386_rgb_anon.png,night,0.2281097413722154,0.7718902586277846,0.5185672044754028,0.9257360100746155,0.14331096410751343,0.1970876157283783,0.32459884881973267,0.8306770324707031,0.5380361080169678,-4.2306318283081055,4.137104511260986,0.02689782716333866,0.10504040122032166,242659,3.6468194448389113,13.30975501332432,11.803736502770334,0.17739868565304842,0.8226013143469516,86406,0.17199175470239628,0.8280082452976038,3976,0.20060589909553528,0.0023388462141156197,11.986430792603642,0.4438469707965851,0.5561530292034149,0.5546538233757019,0.5711345076560974,0.8321415185928345,0.6968075037002563,0.30319249629974365,0.962627649307251,0.98252272605896,0.536523699760437,0.6968075037002563,0.30319249629974365,0.6968075037002563,0.30319249629974365,0.3086322574990584,0.6913677425009416,0.5501341223716736,0.22698058816788352,0.7730194118321165,0.049581902514835074,0.3013511202325979,0.6986488797674021,0.12935936553020166,0.08052251612684302,0.08052251612684302,0.05263352766633034,0.02106659859418869,0.919477483873157,0.08052251612684302,0.14291660487651825,0.0076568350195884705,192851
acdc_b1_s42ctl_mit-b1_guard_dense_gap_j9258122,2026-07-11 16:06:12,acdc,val,all,student_skd,/scratch/gautschi/manors/hf_cache/hub/models--nvidia--mit-b1/snapshots/13ddceec4e8bdf401e7cd7acf5aebc526222518c,runs/mit-b1_skd_j9200315/student_skd.ckpt,skd,GOPR0356_frame_000391_rgb_anon,/home/manors/Guardrail-Distillation/data/acdc/rgb_anon/night/val/GOPR0356/GOPR0356_frame_000391_rgb_anon.png,night,0.15800031533488335,0.8419996846651167,0.46976369619369507,0.8101166486740112,0.20399688184261322,0.4829506278038025,0.4528670012950897,0.6598345637321472,0.9835637807846069,-2.4007766246795654,2.1508350372314453,0.09400196373462677,0.32123881578445435,235644,3.6468194448389113,13.30975501332432,11.803736502770334,0.21691871224766016,0.7830812877523399,87552,0.0,1.0,0,0.4878987669944763,0.004686929285526276,11.986430792603642,0.49594369530677795,0.504056304693222,0.5766803622245789,0.5923138856887817,0.5995233654975891,0.6455472707748413,0.3544527292251587,0.8334931135177612,0.8694464564323425,0.5473519563674927,0.6455472707748413,0.3544527292251587,0.6455472707748413,0.3544527292251587,0.26929876337703845,0.7307012366229615,0.6301836371421814,0.5325890685944793,0.4674109314055207,0.31567035634681917,0.0,1.0,0.0,0.11129844804215516,0.11129844804215516,0.22302711009979248,0.06260715425014496,0.8887015519578448,0.11129844804215516,0.4393661618232727,0.06856529414653778,118011
acdc_b1_s42ctl_mit-b1_guard_dense_gap_j9258122,2026-07-11 16:06:12,acdc,val,all,student_skd,/scratch/gautschi/manors/hf_cache/hub/models--nvidia--mit-b1/snapshots/13ddceec4e8bdf401e7cd7acf5aebc526222518c,runs/mit-b1_skd_j9200315/student_skd.ckpt,skd,GOPR0356_frame_000395_rgb_anon,/home/manors/Guardrail-Distillation/data/acdc/rgb_anon/night/val/GOPR0356/GOPR0356_frame_000395_rgb_anon.png,night,0.07877820010497122,0.9212217998950287,0.29586485028266907,0.8471524715423584,0.178562730550766,0.4151350259780884,0.39580023288726807,0.6791732311248779,0.9718955755233765,-2.3072092533111572,2.1137425899505615,0.05987820774316788,0.22979021072387695,224322,3.6468194448389113,13.30975501332432,11.803736502770334,0.2993249725877193,0.7006750274122807,87552,0.0,1.0,0,0.41993221640586853,0.003964916802942753,11.986430792603642,0.46332913637161255,0.5366708636283875,0.5550915002822876,0.5669261813163757,0.5354096293449402,0.6307439208030701,0.36925607919692993,0.8232374787330627,0.9044167399406433,0.5643514394760132,0.6307439208030701,0.36925607919692993,0.6307439208030701,0.36925607919692993,0.16433746677046093,0.8356625332295391,0.5007399916648865,0.23719781020997682,0.7628021897900232,0.0,0.0,1.0,0.0,0.08555926666548963,0.08555926666548963,0.23772522807121277,0.03285009786486626,0.9144407333345104,0.08555926666548963,0.5467185378074646,0.11286453902721405,128544
acdc_b1_s42ctl_mit-b1_guard_dense_gap_j9258122,2026-07-11 16:06:13,acdc,val,all,student_skd,/scratch/gautschi/manors/hf_cache/hub/models--nvidia--mit-b1/snapshots/13ddceec4e8bdf401e7cd7acf5aebc526222518c,runs/mit-b1_skd_j9200315/student_skd.ckpt,skd,GOPR0356_frame_000398_rgb_anon,/home/manors/Guardrail-Distillation/data/acdc/rgb_anon/night/val/GOPR0356/GOPR0356_frame_000398_rgb_anon.png,night,0.09419129865845509,0.9058087013415449,0.32785212993621826,0.797419011592865,0.19402116537094116,0.5382457971572876,0.425612211227417,0.6216279864311218,1.0862127542495728,-1.9659851789474487,1.7024006843566895,0.10814155638217926,0.28495004773139954,220572,3.762380452826619,13.336812553461641,11.761486006435007,0.19184214969406485,0.8081578503059351,87552,0.0,1.0,136,0.5447707176208496,0.005021912045776844,12.00434600468725,0.4376322031021118,0.5623677968978882,0.5479373931884766,0.5631229877471924,1.0397493839263916,0.7388016581535339,0.26119834184646606,0.9444555640220642,0.9699309468269348,0.5555157661437988,0.7388016581535339,0.26119834184646606,0.7388016581535339,0.26119834184646606,0.19765088910068343,0.8023491108993166,0.6381090879440308,0.1696062707146111,0.8303937292853889,0.0,0.0,1.0,0.0,0.1034595904422283,0.1034595904422283,0.37047311663627625,0.060216162353754044,0.8965404095577717,0.1034595904422283,0.6894256472587585,0.058148812502622604,90014
acdc_b1_s42ctl_mit-b1_guard_dense_gap_j9258122,2026-07-11 16:06:13,acdc,val,all,student_skd,/scratch/gautschi/manors/hf_cache/hub/models--nvidia--mit-b1/snapshots/13ddceec4e8bdf401e7cd7acf5aebc526222518c,runs/mit-b1_skd_j9200315/student_skd.ckpt,skd,GOPR0356_frame_000401_rgb_anon,/home/manors/Guardrail-Distillation/data/acdc/rgb_anon/night/val/GOPR0356/GOPR0356_frame_000401_rgb_anon.png,night,0.11127784000213041,0.8887221599978696,0.5675463080406189,0.9661829471588135,0.09593109786510468,0.09238986670970917,0.2194574475288391,0.9045780897140503,0.3403741121292114,-3.70735764503479,3.6662609577178955,0.009407330304384232,0.03958186134696007,250443,3.762380452826619,13.336812553461641,11.761486006435007,0.07824355714543005,0.9217564428545699,87462,0.0,1.0,418,0.09365704655647278,0.0005880287499167025,12.00434600468725,0.5074548721313477,0.49254512786865234,0.5753692388534546,0.5906721353530884,0.1848473697900772,0.5460807085037231,0.45391929149627686,0.6089410781860352,0.7134538888931274,0.5513601899147034,0.5460807085037231,0.45391929149627686,0.5460807085037231,0.45391929149627686,0.3173232655875401,0.6826767344124599,0.6885279417037964,0.3415835970025645,0.6584164029974355,0.2633400398571344,0.05466666666666667,0.9453333333333334,0.05466666666666664,0.20604542558540972,0.20604542558540972,0.1328246295452118,0.011843014508485794,0.7939545744145903,0.20604542558540972,0.19536182284355164,0.054060205817222595,223311
acdc_b1_s42ctl_mit-b1_guard_dense_gap_j9258122,2026-07-11 16:06:13,acdc,val,all,student_skd,/scratch/gautschi/manors/hf_cache/hub/models--nvidia--mit-b1/snapshots/13ddceec4e8bdf401e7cd7acf5aebc526222518c,runs/mit-b1_skd_j9200315/student_skd.ckpt,skd,GOPR0356_frame_000404_rgb_anon,/home/manors/Guardrail-Distillation/data/acdc/rgb_anon/night/val/GOPR0356/GOPR0356_frame_000404_rgb_anon.png,night,0.14704299166642013,0.8529570083335799,0.7078378796577454,0.9719632863998413,0.08237713575363159,0.08303757756948471,0.20101894438266754,0.9151464700698853,0.30130019783973694,-4.179894924163818,4.146609783172607,0.005490459967404604,0.026799144223332405,252620,3.762380452826619,13.336812553461641,11.761486006435007,0.14889369927036686,0.8511063007296331,87249,0.0,1.0,1534,0.08445408195257187,0.000589468632824719,12.00434600468725,0.5096012949943542,0.49039870500564575,0.5698384642601013,0.5867166519165039,0.1966942995786667,0.5490156412124634,0.4509843587875366,0.6581729650497437,0.7817037105560303,0.5504791736602783,0.5490156412124634,0.4509843587875366,0.5490156412124634,0.4509843587875366,0.22662666474768609,0.7733733352523139,0.7127543091773987,0.2616820441409516,0.7383179558590485,0.11278834487058464,0.1604180867984549,0.8395819132015451,0.16041808679845493,0.07958367308126602,0.07958367308126602,0.03493389114737511,0.030017416924238205,0.920416326918734,0.07958367308126602,0.150930255651474,0.017611432820558548,228821
acdc_b1_s42ctl_mit-b1_guard_dense_gap_j9258122,2026-07-11 16:06:13,acdc,val,all,student_skd,/scratch/gautschi/manors/hf_cache/hub/models--nvidia--mit-b1/snapshots/13ddceec4e8bdf401e7cd7acf5aebc526222518c,runs/mit-b1_skd_j9200315/student_skd.ckpt,skd,GOPR0356_frame_000408_rgb_anon,/home/manors/Guardrail-Distillation/data/acdc/rgb_anon/night/val/GOPR0356/GOPR0356_frame_000408_rgb_anon.png,night,0.21710202618064092,0.7828979738193591,0.6738566160202026,0.9128308892250061,0.14228883385658264,0.2278335690498352,0.3085639774799347,0.7961585521697998,0.6404456496238708,-3.548863410949707,3.4419519901275635,0.016061434522271156,0.11928961426019669,239082,3.762380452826619,13.336812553461641,11.761486006435007,0.16521812878076406,0.834781871219236,87226,0.006060606060606061,0.9939393939393939,1061,0.23121315240859985,0.0019750064238905907,12.00434600468725,0.49284303188323975,0.5071569681167603,0.5711005926132202,0.580592691898346,0.26110634207725525,0.5649082064628601,0.4350917935371399,0.6635477542877197,0.7302724123001099,0.5287380814552307,0.5649082064628601,0.4350917935371399,0.5649082064628601,0.4350917935371399,0.32053870669935364,0.6794612933006463,0.7317907214164734,0.31136360272911456,0.6886363972708854,0.14614547394835053,0.11004273504273504,0.8899572649572649,0.103982128982129,0.1034366805187128,0.1034366805187128,0.08584502339363098,0.027910925447940826,0.8965633194812872,0.1034366805187128,0.15940973162651062,0.008055812679231167,178000
acdc_b1_s42ctl_mit-b1_guard_dense_gap_j9258122,2026-07-11 16:06:13,acdc,val,all,student_skd,/scratch/gautschi/manors/hf_cache/hub/models--nvidia--mit-b1/snapshots/13ddceec4e8bdf401e7cd7acf5aebc526222518c,runs/mit-b1_skd_j9200315/student_skd.ckpt,skd,GOPR0356_frame_000414_rgb_anon,/home/manors/Guardrail-Distillation/data/acdc/rgb_anon/night/val/GOPR0356/GOPR0356_frame_000414_rgb_anon.png,night,0.16261624235444125,0.8373837576455587,0.568321943283081,0.9171030521392822,0.1431778073310852,0.21825990080833435,0.3205386698246002,0.8174034953117371,0.560023307800293,-3.8655474185943604,3.7630231380462646,0.02107919566333294,0.1122758612036705,254801,3.748982970137149,13.359320233576,11.830209230538458,0.1693483683463212,0.8306516316536788,87223,0.007071547420965058,0.992928452579035,1202,0.221612349152565,0.0019521492067724466,12.174627278000116,0.49014583230018616,0.5098541676998138,0.5689894556999207,0.5792295336723328,0.45448699593544006,0.6117055416107178,0.3882944583892822,0.8301809430122375,0.9052802324295044,0.5537353157997131,0.6117055416107178,0.3882944583892822,0.6117055416107178,0.3882944583892822,0.20228439955999358,0.7977156004400064,0.5542756915092468,0.23670361017530644,0.7632963898246936,0.06735524182898522,0.17512479201331116,0.8248752079866888,0.16805324459234616,0.03966815720555228,0.03966815720555228,0.021397091448307037,0.035443346947431564,0.9603318427944477,0.03966815720555228,0.1803799867630005,0.0041875820606946945,191335
acdc_b1_s42ctl_mit-b1_guard_dense_gap_j9258122,2026-07-11 16:06:13,acdc,val,all,student_skd,/scratch/gautschi/manors/hf_cache/hub/models--nvidia--mit-b1/snapshots/13ddceec4e8bdf401e7cd7acf5aebc526222518c,runs/mit-b1_skd_j9200315/student_skd.ckpt,skd,GOPR0356_frame_000418_rgb_anon,/home/manors/Guardrail-Distillation/data/acdc/rgb_anon/night/val/GOPR0356/GOPR0356_frame_000418_rgb_anon.png,night,0.2121084282407699,0.7878915717592301,0.6575402021408081,0.9477941989898682,0.11858508735895157,0.1418297290802002,0.2771817147731781,0.8724109530448914,0.41963332891464233,-3.932777166366577,3.8686203956604004,0.011407075449824333,0.06963551044464111,246426,3.748982970137149,13.359320233576,11.830209230538458,0.2296424088302685,0.7703575911697315,86906,0.2106983418367347,0.7893016581632653,6314,0.1439550518989563,0.001460384693928063,12.174627278000116,0.4764100909233093,0.5235899090766907,0.5618236064910889,0.5738500356674194,0.4840196967124939,0.6186966300010681,0.3813033699989319,0.8414816856384277,0.9414518475532532,0.5538490414619446,0.6186966300010681,0.3813033699989319,0.6186966300010681,0.3813033699989319,0.3911668701438236,0.6088331298561764,0.8290440440177917,0.43339484298326614,0.5666051570167339,0.2037524341529976,0.2816283372984404,0.7183716627015596,0.07092999546170564,0.17905844190305364,0.17905844190305364,0.18899792432785034,0.017494095489382744,0.8209415580969464,0.17905844190305364,0.2280806452035904,0.12665872275829315,208211
acdc_b1_s42ctl_mit-b1_guard_dense_gap_j9258122,2026-07-11 16:06:13,acdc,val,all,student_skd,/scratch/gautschi/manors/hf_cache/hub/models--nvidia--mit-b1/snapshots/13ddceec4e8bdf401e7cd7acf5aebc526222518c,runs/mit-b1_skd_j9200315/student_skd.ckpt,skd,GOPR0356_frame_000421_rgb_anon,/home/manors/Guardrail-Distillation/data/acdc/rgb_anon/night/val/GOPR0356/GOPR0356_frame_000421_rgb_anon.png,night,0.19150153025709118,0.8084984697429088,0.7176944613456726,0.9658249616622925,0.09690241515636444,0.09872458130121231,0.23554271459579468,0.8986803293228149,0.3680764436721802,-4.211320400238037,4.169656753540039,0.0075754630379378796,0.044411104172468185,257278,3.748982970137149,13.359320233576,11.830209230538458,0.41417569545009175,0.5858243045499083,87552,0.3490347293179972,0.6509652706820028,9710,0.10055885463953018,0.0008806853438727558,12.174627278000116,0.4922660291194916,0.5077339708805084,0.5718510150909424,0.5854278802871704,0.4381546974182129,0.6078191995620728,0.39218080043792725,0.8266642093658447,0.9223158359527588,0.5494757890701294,0.6078191995620728,0.39218080043792725,0.6078191995620728,0.39218080043792725,0.26477381302875597,0.735226186971244,0.7771710157394409,0.503894017685294,0.49610598231470604,0.08971832223520226,0.2923694709835384,0.7076305290164616,0.0,0.07327228277166487,0.07327228277166487,0.06701700389385223,0.007540481630712748,0.9267277172283351,0.07327228277166487,0.09769587963819504,0.04717853665351868,231911
acdc_b1_s42ctl_mit-b1_guard_dense_gap_j9258122,2026-07-11 16:06:13,acdc,val,all,student_skd,/scratch/gautschi/manors/hf_cache/hub/models--nvidia--mit-b1/snapshots/13ddceec4e8bdf401e7cd7acf5aebc526222518c,runs/mit-b1_skd_j9200315/student_skd.ckpt,skd,GOPR0356_frame_000424_rgb_anon,/home/manors/Guardrail-Distillation/data/acdc/rgb_anon/night/val/GOPR0356/GOPR0356_frame_000424_rgb_anon.png,night,0.20758502101822948,0.7924149789817705,0.6640594005584717,0.9683905243873596,0.0943528339266777,0.10073965042829514,0.2443525642156601,0.8873952627182007,0.43623992800712585,-4.2140984535217285,4.175027370452881,0.011523091234266758,0.0355091392993927,257483,3.748982970137149,13.359320233576,11.830209230538458,0.26073706003602204,0.739262939963978,86776,0.24590401623894445,0.7540959837610556,11561,0.10286139696836472,0.0008764629601500928,12.174627278000116,0.5081973075866699,0.4918026924133301,0.5773163437843323,0.5976170301437378,0.15506084263324738,0.5386877059936523,0.46131229400634766,0.6146867871284485,0.7093141674995422,0.5698930621147156,0.5386877059936523,0.46131229400634766,0.5386877059936523,0.46131229400634766,0.27018565755865365,0.7298143424413464,0.6894357800483704,0.3733383412981264,0.6266616587018736,0.11260128126210434,0.2775989560678556,0.7224010439321444,0.03169493982891114,0.06260063654042414,0.06260063654042414,0.03586256131529808,0.01048612967133522,0.9373993634595759,0.06260063654042414,0.08864274621009827,0.011091994121670723,235876
acdc_b1_s42ctl_mit-b1_guard_dense_gap_j9258122,2026-07-11 16:06:13,acdc,val,all,student_skd,/scratch/gautschi/manors/hf_cache/hub/models--nvidia--mit-b1/snapshots/13ddceec4e8bdf401e7cd7acf5aebc526222518c,runs/mit-b1_skd_j9200315/student_skd.ckpt,skd,GOPR0356_frame_000427_rgb_anon,/home/manors/Guardrail-Distillation/data/acdc/rgb_anon/night/val/GOPR0356/GOPR0356_frame_000427_rgb_anon.png,night,0.20629670523265844,0.7937032947673416,0.6601045727729797,0.9697751998901367,0.08723165094852448,0.09195442497730255,0.21176409721374512,0.9040387868881226,0.3412611484527588,-4.079973220825195,4.0436248779296875,0.008069033734500408,0.0313735231757164,257032,3.6485547316260636,13.31998995738104,11.814366735052317,0.2691667370928339,0.7308332629071661,87492,0.27350081037277146,0.7264991896272286,3648,0.09343164414167404,0.0006437941337935627,11.985738237854093,0.47745370864868164,0.5225462913513184,0.5578832030296326,0.5800681114196777,0.2840447425842285,0.5705375671386719,0.4294624328613281,0.7094214558601379,0.8942458033561707,0.5657235980033875,0.5705375671386719,0.4294624328613281,0.5705375671386719,0.4294624328613281,0.2389655933678673,0.7610344066321327,0.649724543094635,0.32854135731852374,0.6714586426814763,0.059374620225689845,0.4208124250668821,0.5791875749331179,0.1473116146941107,0.03266888813520885,0.03266888813520885,0.018040554597973824,0.02842058427631855,0.9673311118647911,0.03266888813520885,0.1518915891647339,0.006839614827185869,235737
acdc_b1_s42ctl_mit-b1_guard_dense_gap_j9258122,2026-07-11 16:06:13,acdc,val,all,student_skd,/scratch/gautschi/manors/hf_cache/hub/models--nvidia--mit-b1/snapshots/13ddceec4e8bdf401e7cd7acf5aebc526222518c,runs/mit-b1_skd_j9200315/student_skd.ckpt,skd,GOPR0356_frame_000430_rgb_anon,/home/manors/Guardrail-Distillation/data/acdc/rgb_anon/night/val/GOPR0356/GOPR0356_frame_000430_rgb_anon.png,night,0.14127256367826127,0.8587274363217388,0.6106558442115784,0.9484712481498718,0.12660062313079834,0.1455882042646408,0.3084956109523773,0.8699447512626648,0.44061630964279175,-4.180970191955566,4.115091800689697,0.023188328370451927,0.06959225237369537,256724,3.6485547316260636,13.31998995738104,11.814366735052317,0.23054073898602173,0.7694592610139783,87552,0.022598870056497175,0.9774011299435028,161,0.14777541160583496,0.001263392623513937,11.985738237854093,0.46340855956077576,0.5365914404392242,0.5706010460853577,0.5839905142784119,0.522221028804779,0.6276669502258301,0.3723330497741699,0.863905668258667,0.9544612169265747,0.5536559820175171,0.6276669502258301,0.3723330497741699,0.6276669502258301,0.3723330497741699,0.23492695059352312,0.7650730494064769,0.6838589310646057,0.39426670663531016,0.6057332933646898,0.16372596764928848,0.041666666666666664,0.9583333333333334,0.01906779661016944,0.09365438691526184,0.09365438691526184,0.08804397284984589,0.014840841293334961,0.9063456130847382,0.09365438691526184,0.13507892191410065,0.030464624986052513,221072
acdc_b1_s42ctl_mit-b1_guard_dense_gap_j9258122,2026-07-11 16:06:13,acdc,val,all,student_skd,/scratch/gautschi/manors/hf_cache/hub/models--nvidia--mit-b1/snapshots/13ddceec4e8bdf401e7cd7acf5aebc526222518c,runs/mit-b1_skd_j9200315/student_skd.ckpt,skd,GOPR0356_frame_000433_rgb_anon,/home/manors/Guardrail-Distillation/data/acdc/rgb_anon/night/val/GOPR0356/GOPR0356_frame_000433_rgb_anon.png,night,0.18435973238497017,0.8156402676150298,0.6528058648109436,0.9553446769714355,0.10422014445066452,0.12980034947395325,0.24241052567958832,0.8684031963348389,0.44813358783721924,-3.961386203765869,3.90767502784729,0.008823323994874954,0.05130857974290848,258066,3.6485547316260636,13.31998995738104,11.814366735052317,0.19985465184988244,0.8001453481501175,87520,0.16209119631116045,0.8379088036888396,1129,0.13251464068889618,0.0011181088630110025,11.985738237854093,0.4516039192676544,0.5483960807323456,0.5724356174468994,0.6018067598342896,0.7810442447662354,0.6859050989151001,0.3140949010848999,0.9520254135131836,0.9780448079109192,0.5511241555213928,0.6859050989151001,0.3140949010848999,0.6859050989151001,0.3140949010848999,0.20628953945333708,0.7937104605466629,0.6557663679122925,0.29496551874638477,0.7050344812536152,0.09511086689650228,0.4088867067049972,0.5911132932950027,0.24679551039383685,0.02192980706836689,0.02192980706836689,0.042566630989313126,0.03960614651441574,0.9780701929316331,0.02192980706836689,0.1282540112733841,0.018324770033359528,224423
acdc_b1_s42ctl_mit-b1_guard_dense_gap_j9258122,2026-07-11 16:06:13,acdc,val,all,student_skd,/scratch/gautschi/manors/hf_cache/hub/models--nvidia--mit-b1/snapshots/13ddceec4e8bdf401e7cd7acf5aebc526222518c,runs/mit-b1_skd_j9200315/student_skd.ckpt,skd,GOPR0356_frame_000437_rgb_anon,/home/manors/Guardrail-Distillation/data/acdc/rgb_anon/night/val/GOPR0356/GOPR0356_frame_000437_rgb_anon.png,night,0.11770677920536228,0.8822932207946377,0.6060107946395874,0.9463645815849304,0.11671914160251617,0.14400476217269897,0.25775447487831116,0.8645090460777283,0.44032299518585205,-3.63383412361145,3.568507194519043,0.010040012188255787,0.07062869518995285,258167,3.6485547316260636,13.31998995738104,11.814366735052317,0.15511359260172072,0.8448864073982792,86555,0.05124223602484472,0.9487577639751553,2674,0.14645043015480042,0.0013340021250769496,11.985738237854093,0.4600263833999634,0.5399736166000366,0.5597933530807495,0.5839378237724304,0.6612618565559387,0.6595437526702881,0.3404562473297119,0.9199888110160828,0.9591892957687378,0.5548499226570129,0.6595437526702881,0.3404562473297119,0.6595437526702881,0.3404562473297119,0.17193949485145027,0.8280605051485497,0.6002897024154663,0.2066202897526042,0.7933797102473958,0.05150669715088341,0.2418478260869565,0.7581521739130435,0.19060559006211186,0.054232715646088,0.054232715646088,0.0556771345436573,0.06139823794364929,0.945767284353912,0.054232715646088,0.15941230952739716,0.02531307190656662,218730
acdc_b1_s42ctl_mit-b1_guard_dense_gap_j9258122,2026-07-11 16:06:13,acdc,val,all,student_skd,/scratch/gautschi/manors/hf_cache/hub/models--nvidia--mit-b1/snapshots/13ddceec4e8bdf401e7cd7acf5aebc526222518c,runs/mit-b1_skd_j9200315/student_skd.ckpt,skd,GOPR0356_frame_000448_rgb_anon,/home/manors/Guardrail-Distillation/data/acdc/rgb_anon/night/val/GOPR0356/GOPR0356_frame_000448_rgb_anon.png,night,0.14028120469426583,0.8597187953057341,0.6631813049316406,0.9492045640945435,0.12632344663143158,0.1338179111480713,0.29420584440231323,0.8862245082855225,0.365624338388443,-4.144331455230713,4.0793776512146,0.02127908729016781,0.0717710480093956,256120,3.7869357620365918,13.371240464039147,11.849489528685808,0.2381975892463824,0.7618024107536177,85516,0.0,1.0,263,0.13564631342887878,0.0009741903049871325,11.99784327764064,0.48234111070632935,0.5176588892936707,0.5566072463989258,0.5779717564582825,0.38296258449554443,0.5945874452590942,0.40541255474090576,0.7665989995002747,0.8953606486320496,0.5606099367141724,0.5945874452590942,0.40541255474090576,0.5945874452590942,0.40541255474090576,0.26182575818065124,0.7381742418193488,0.6917890310287476,0.35778094655298137,0.6422190534470187,0.11958335730659897,0.04449152542372881,0.9555084745762712,0.044491525423728806,0.12154455348638538,0.12154455348638538,0.07815477252006531,0.04954708740115166,0.8784554465136146,0.12154455348638538,0.1506754606962204,0.025156177580356598,220491
acdc_b1_s42ctl_mit-b1_guard_dense_gap_j9258122,2026-07-11 16:06:13,acdc,val,all,student_skd,/scratch/gautschi/manors/hf_cache/hub/models--nvidia--mit-b1/snapshots/13ddceec4e8bdf401e7cd7acf5aebc526222518c,runs/mit-b1_skd_j9200315/student_skd.ckpt,skd,GOPR0356_frame_000452_rgb_anon,/home/manors/Guardrail-Distillation/data/acdc/rgb_anon/night/val/GOPR0356/GOPR0356_frame_000452_rgb_anon.png,night,0.11572951374476759,0.8842704862552324,0.5166938900947571,0.8777912855148315,0.16613098978996277,0.33429595828056335,0.3794797658920288,0.7314648032188416,0.8202251195907593,-2.7435107231140137,2.5895800590515137,0.04113345593214035,0.1688579022884369,228257,3.7869357620365918,13.371240464039147,11.849489528685808,0.15981697772456652,0.8401830222754335,87552,0.0,1.0,6530,0.33913499116897583,0.0031104988884180784,11.99784327764064,0.44371315836906433,0.5562868416309357,0.563421905040741,0.5819745659828186,0.8433894515037537,0.6991786360740662,0.30082136392593384,0.9477522373199463,0.9738575220108032,0.5438249707221985,0.6991786360740662,0.30082136392593384,0.6991786360740662,0.30082136392593384,0.18112140846220315,0.8188785915377969,0.45991578698158264,0.23005745265048655,0.7699425473495134,0.07024047492592012,0.0,1.0,0.0,0.06539189471743556,0.06539189471743556,0.04656593129038811,0.10334403067827225,0.9346081052825644,0.06539189471743556,0.4508514404296875,0.008599954657256603,148597
acdc_b1_s42ctl_mit-b1_guard_dense_gap_j9258122,2026-07-11 16:06:13,acdc,val,all,student_skd,/scratch/gautschi/manors/hf_cache/hub/models--nvidia--mit-b1/snapshots/13ddceec4e8bdf401e7cd7acf5aebc526222518c,runs/mit-b1_skd_j9200315/student_skd.ckpt,skd,GOPR0356_frame_000455_rgb_anon,/home/manors/Guardrail-Distillation/data/acdc/rgb_anon/night/val/GOPR0356/GOPR0356_frame_000455_rgb_anon.png,night,0.2044708425338376,0.7955291574661624,0.7290167212486267,0.9349614381790161,0.1290718913078308,0.16917502880096436,0.27993717789649963,0.8464568853378296,0.4836803674697876,-3.6057002544403076,3.5257229804992676,0.015940656885504723,0.08373893797397614,252499,3.7869357620365918,13.371240464039147,11.849489528685808,0.16372877348913795,0.836271226510862,87052,0.0,1.0,2951,0.17183853685855865,0.0015328382141888142,11.99784327764064,0.4768040180206299,0.5231959819793701,0.5612292289733887,0.5818193554878235,0.4240649938583374,0.6044555902481079,0.3955444097518921,0.8180776834487915,0.9276875257492065,0.5595877170562744,0.6044555902481079,0.3955444097518921,0.6044555902481079,0.3955444097518921,0.35739361425035426,0.6426063857496458,0.7342483997344971,0.40155286987421823,0.5984471301257818,0.23782409638508029,0.20919443272880642,0.7908055672711936,0.20919443272880645,0.15292277171651658,0.15292277171651658,0.06988541781902313,0.06465371698141098,0.8470772282834834,0.15292277171651658,0.24383461475372314,0.012166384607553482,203790
acdc_b1_s42ctl_mit-b1_guard_dense_gap_j9258122,2026-07-11 16:06:13,acdc,val,all,student_skd,/scratch/gautschi/manors/hf_cache/hub/models--nvidia--mit-b1/snapshots/13ddceec4e8bdf401e7cd7acf5aebc526222518c,runs/mit-b1_skd_j9200315/student_skd.ckpt,skd,GOPR0356_frame_000458_rgb_anon,/home/manors/Guardrail-Distillation/data/acdc/rgb_anon/night/val/GOPR0356/GOPR0356_frame_000458_rgb_anon.png,night,0.1838396116601411,0.8161603883398589,0.7322960495948792,0.931520938873291,0.12425143271684647,0.19143785536289215,0.27908486127853394,0.8275441527366638,0.5427502393722534,-3.102757215499878,3.019932985305786,0.017682937905192375,0.07545547187328339,250015,3.7869357620365918,13.371240464039147,11.849489528685808,0.15647590398302796,0.8435240960169721,86344,0.0,1.0,9104,0.19450418651103973,0.0016014333814382553,11.99784327764064,0.5066770315170288,0.4933229684829712,0.5762590169906616,0.589674174785614,0.2821080684661865,0.5700629949569702,0.4299370050430298,0.7138545513153076,0.7884790897369385,0.5498751997947693,0.5700629949569702,0.4299370050430298,0.5700629949569702,0.4299370050430298,0.2610357523690662,0.7389642476309338,0.691418468952179,0.2886434371277394,0.7113565628722607,0.1321675331447114,0.1880103316113981,0.8119896683886019,0.18801033161139813,0.07719614070892511,0.07719614070892511,0.07334759831428528,0.11422514170408249,0.9228038592910749,0.07719614070892511,0.3197208046913147,0.035069894045591354,197685
acdc_b1_s42ctl_mit-b1_guard_dense_gap_j9258122,2026-07-11 16:06:13,acdc,val,all,student_skd,/scratch/gautschi/manors/hf_cache/hub/models--nvidia--mit-b1/snapshots/13ddceec4e8bdf401e7cd7acf5aebc526222518c,runs/mit-b1_skd_j9200315/student_skd.ckpt,skd,GOPR0356_frame_000461_rgb_anon,/home/manors/Guardrail-Distillation/data/acdc/rgb_anon/night/val/GOPR0356/GOPR0356_frame_000461_rgb_anon.png,night,0.1698845761173903,0.8301154238826097,0.7143251895904541,0.9459725618362427,0.12045242637395859,0.13703744113445282,0.25216609239578247,0.8682171106338501,0.4305047392845154,-3.517145872116089,3.450761318206787,0.011618316173553467,0.07558614760637283,253393,3.7541432539001107,13.290194503497332,11.822861735709012,0.17018905619423072,0.8298109438057693,86498,0.008522727272727272,0.9914772727272727,576,0.1389816254377365,0.0011410550214350224,11.968987993896008,0.48787009716033936,0.5121299028396606,0.5648263096809387,0.5760900974273682,0.4080761969089508,0.600626528263092,0.39937347173690796,0.7794413566589355,0.8868770599365234,0.5564543008804321,0.600626528263092,0.39937347173690796,0.600626528263092,0.39937347173690796,0.32165111341711383,0.6783488865828862,0.8245491981506348,0.4126235835218298,0.5873764164781702,0.24243452732759907,0.05587121212121212,0.9441287878787878,0.04734848484848486,0.15176653729972356,0.15176653729972356,0.13342516124248505,0.023201115429401398,0.8482334627002764,0.15176653729972356,0.2415970414876938,0.05208510160446167,213437
acdc_b1_s42ctl_mit-b1_guard_dense_gap_j9258122,2026-07-11 16:06:13,acdc,val,all,student_skd,/scratch/gautschi/manors/hf_cache/hub/models--nvidia--mit-b1/snapshots/13ddceec4e8bdf401e7cd7acf5aebc526222518c,runs/mit-b1_skd_j9200315/student_skd.ckpt,skd,GOPR0356_frame_000464_rgb_anon,/home/manors/Guardrail-Distillation/data/acdc/rgb_anon/night/val/GOPR0356/GOPR0356_frame_000464_rgb_anon.png,night,0.19845327941266414,0.8015467205873359,0.7035285234451294,0.9208799004554749,0.13644742965698242,0.2070561796426773,0.29970601201057434,0.8230776786804199,0.533577024936676,-3.8442764282226562,3.7474753856658936,0.019098393619060516,0.1002829521894455,244209,3.7541432539001107,13.290194503497332,11.822861735709012,0.15349719183478217,0.8465028081652178,85425,0.230727913506748,0.769272086493252,10807,0.20977266132831573,0.0018936224514618516,11.968987993896008,0.505825400352478,0.494174599647522,0.5791683197021484,0.5927553176879883,0.17586372792720795,0.5438529849052429,0.4561470150947571,0.61481112241745,0.6708361506462097,0.5519230961799622,0.5438529849052429,0.4561470150947571,0.5438529849052429,0.4561470150947571,0.3000060452547861,0.6999939547452139,0.7551113963127136,0.2772687918735976,0.7227312081264023,0.12377160003881549,0.4025727436197438,0.5974272563802562,0.17184483011299578,0.10155276584212203,0.10155276584212203,0.07697504758834839,0.025392184033989906,0.898447234157878,0.10155276584212203,0.25671452283859253,0.02519563026726246,185163
acdc_b1_s42ctl_mit-b1_guard_dense_gap_j9258122,2026-07-11 16:06:13,acdc,val,all,student_skd,/scratch/gautschi/manors/hf_cache/hub/models--nvidia--mit-b1/snapshots/13ddceec4e8bdf401e7cd7acf5aebc526222518c,runs/mit-b1_skd_j9200315/student_skd.ckpt,skd,GOPR0356_frame_000467_rgb_anon,/home/manors/Guardrail-Distillation/data/acdc/rgb_anon/night/val/GOPR0356/GOPR0356_frame_000467_rgb_anon.png,night,0.17744370100407791,0.8225562989959221,0.7771156430244446,0.9609526991844177,0.10062497854232788,0.10509301722049713,0.22373411059379578,0.8982134461402893,0.34194594621658325,-3.795699119567871,3.748497247695923,0.008385269902646542,0.04732412472367287,256402,3.7541432539001107,13.290194503497332,11.822861735709012,0.21023001355995738,0.7897699864400426,87545,0.0,1.0,3483,0.10665532201528549,0.0006383151048794389,11.968987993896008,0.495856374502182,0.504143625497818,0.5638138651847839,0.5766086578369141,0.30628833174705505,0.5759789943695068,0.42402100563049316,0.7011569142341614,0.8683213591575623,0.5517488121986389,0.5759789943695068,0.42402100563049316,0.5759789943695068,0.42402100563049316,0.27637177880453784,0.7236282211954621,0.7969282865524292,0.342747357524968,0.657252642475032,0.13251734396501058,0.05916305916305917,0.9408369408369408,0.059163059163059195,0.09892807780045998,0.09892807780045998,0.08386050164699554,0.06404786556959152,0.90107192219954,0.09892807780045998,0.26217424869537354,0.04872037097811699,225252
acdc_b1_s42ctl_mit-b1_guard_dense_gap_j9258122,2026-07-11 16:06:13,acdc,val,all,student_skd,/scratch/gautschi/manors/hf_cache/hub/models--nvidia--mit-b1/snapshots/13ddceec4e8bdf401e7cd7acf5aebc526222518c,runs/mit-b1_skd_j9200315/student_skd.ckpt,skd,GOPR0356_frame_000470_rgb_anon,/home/manors/Guardrail-Distillation/data/acdc/rgb_anon/night/val/GOPR0356/GOPR0356_frame_000470_rgb_anon.png,night,0.1782368634325052,0.8217631365674948,0.7318313717842102,0.9492071270942688,0.12232135236263275,0.13676869869232178,0.2790769934654236,0.8757803440093994,0.4166916012763977,-3.415278196334839,3.3514444828033447,0.01945645920932293,0.06862635910511017,242079,3.7541432539001107,13.290194503497332,11.822861735709012,0.21332402043659007,0.78667597956341,84501,0.02317165703612911,0.9768283429638709,6178,0.13866573572158813,0.0010890804696828127,11.968987993896008,0.5019829273223877,0.4980170726776123,0.565159022808075,0.5831419229507446,0.19564765691757202,0.54875648021698,0.45124351978302,0.6582662463188171,0.74570232629776,0.5553908348083496,0.54875648021698,0.45124351978302,0.54875648021698,0.45124351978302,0.3496375628223129,0.650362437177687,0.8197985291481018,0.44836618246787435,0.5516338175321256,0.23504216203128436,0.5911636428490361,0.4088363571509639,0.567991985812907,0.17140069938980773,0.17140069938980773,0.110463947057724,0.022496789693832397,0.8285993006101923,0.17140069938980773,0.15640349686145782,0.052458085119724274,208456
acdc_b1_s42ctl_mit-b1_guard_dense_gap_j9258122,2026-07-11 16:06:14,acdc,val,all,student_skd,/scratch/gautschi/manors/hf_cache/hub/models--nvidia--mit-b1/snapshots/13ddceec4e8bdf401e7cd7acf5aebc526222518c,runs/mit-b1_skd_j9200315/student_skd.ckpt,skd,GOPR0356_frame_000473_rgb_anon,/home/manors/Guardrail-Distillation/data/acdc/rgb_anon/night/val/GOPR0356/GOPR0356_frame_000473_rgb_anon.png,night,0.11139361158759764,0.8886063884124024,0.48740968108177185,0.9253028631210327,0.13914184272289276,0.19437523186206818,0.3074575662612915,0.8256431818008423,0.5581368207931519,-3.270522117614746,3.177638053894043,0.0191943421959877,0.10160256922245026,230693,3.701325273141265,13.342742749955505,11.835371784400195,0.12920218092422278,0.8707978190757772,84929,0.0,1.0,0,0.19764162600040436,0.0019583837129175663,11.986585741396993,0.4081864058971405,0.5918135941028595,0.5477781891822815,0.5727172493934631,1.1700071096420288,0.7631462812423706,0.2368537187576294,0.9829650521278381,0.9934282898902893,0.5456356406211853,0.7631462812423706,0.2368537187576294,0.7631462812423706,0.2368537187576294,0.21329945585279744,0.7867005441472026,0.595956563949585,0.12268396645747633,0.8773160335425236,0.0,0.0,1.0,0.0,0.10190584426519977,0.10190584426519977,0.13441240787506104,0.025865545496344566,0.8980941557348002,0.10190584426519977,0.4166403114795685,0.07797376066446304,181623
acdc_b1_s42ctl_mit-b1_guard_dense_gap_j9258122,2026-07-11 16:06:14,acdc,val,all,student_skd,/scratch/gautschi/manors/hf_cache/hub/models--nvidia--mit-b1/snapshots/13ddceec4e8bdf401e7cd7acf5aebc526222518c,runs/mit-b1_skd_j9200315/student_skd.ckpt,skd,GOPR0356_frame_000476_rgb_anon,/home/manors/Guardrail-Distillation/data/acdc/rgb_anon/night/val/GOPR0356/GOPR0356_frame_000476_rgb_anon.png,night,0.12315068057002933,0.8768493194299707,0.47649288177490234,0.8804380297660828,0.16421698033809662,0.3185674846172333,0.36589011549949646,0.7377385497093201,0.8064650297164917,-3.1659462451934814,3.015624761581421,0.04557260870933533,0.1566057950258255,230994,3.701325273141265,13.342742749955505,11.835371784400195,0.08599090423446991,0.9140090957655301,84749,0.02631578947368421,0.9736842105263158,2584,0.3225349485874176,0.002530401572585106,11.986585741396993,0.4707595407962799,0.5292404592037201,0.5683937072753906,0.582907497882843,0.7101282477378845,0.6704294681549072,0.3295705318450928,0.887805700302124,0.9257312417030334,0.5346289277076721,0.6704294681549072,0.3295705318450928,0.6704294681549072,0.3295705318450928,0.3708715429941859,0.6291284570058141,0.6539996266365051,0.3301047925480699,0.6698952074519301,0.24411388831360004,0.8800309597523219,0.11996904024767807,0.8537151702786377,0.24772086242415658,0.24772086242415658,0.18719099462032318,0.00968423392623663,0.7522791375758434,0.24772086242415658,0.3182333707809448,0.02725611813366413,151115
acdc_b1_s42ctl_mit-b1_guard_dense_gap_j9258122,2026-07-11 16:06:14,acdc,val,all,student_skd,/scratch/gautschi/manors/hf_cache/hub/models--nvidia--mit-b1/snapshots/13ddceec4e8bdf401e7cd7acf5aebc526222518c,runs/mit-b1_skd_j9200315/student_skd.ckpt,skd,GOPR0356_frame_000479_rgb_anon,/home/manors/Guardrail-Distillation/data/acdc/rgb_anon/night/val/GOPR0356/GOPR0356_frame_000479_rgb_anon.png,night,0.14279024842070956,0.8572097515792905,0.285635769367218,0.8678261041641235,0.17804433405399323,0.3572877049446106,0.41824233531951904,0.7189027667045593,0.8832806348800659,-3.1791584491729736,3.0095930099487305,0.055551234632730484,0.19778302311897278,205594,3.701325273141265,13.342742749955505,11.835371784400195,0.15819977237982577,0.8418002276201743,77546,0.0,1.0,0,0.36194536089897156,0.0028089191764593124,11.986585741396993,0.45728522539138794,0.5427147746086121,0.5597363710403442,0.573129415512085,0.7897171378135681,0.6877706050872803,0.3122293949127197,0.8630065321922302,0.8943443894386292,0.5207347869873047,0.6877706050872803,0.3122293949127197,0.6877706050872803,0.3122293949127197,0.25508908619387743,0.7449109138061225,0.7314902544021606,0.23408655819099775,0.7659134418090022,0.07588678581117203,0.0,1.0,0.0,0.11229883777316796,0.11229883777316796,0.45586448907852173,0.01001001987606287,0.887701162226832,0.11229883777316796,0.6164333820343018,0.21515706181526184,133723
acdc_b1_s42ctl_mit-b1_guard_dense_gap_j9258122,2026-07-11 16:06:14,acdc,val,all,student_skd,/scratch/gautschi/manors/hf_cache/hub/models--nvidia--mit-b1/snapshots/13ddceec4e8bdf401e7cd7acf5aebc526222518c,runs/mit-b1_skd_j9200315/student_skd.ckpt,skd,GOPR0356_frame_000482_rgb_anon,/home/manors/Guardrail-Distillation/data/acdc/rgb_anon/night/val/GOPR0356/GOPR0356_frame_000482_rgb_anon.png,night,0.06815604896537437,0.9318439510346256,0.2214525192975998,0.9326590895652771,0.10744896531105042,0.21995091438293457,0.2569009065628052,0.7791895866394043,0.7394420504570007,-2.8273022174835205,2.7489054203033447,0.011243894696235657,0.05349177122116089,222165,3.701325273141265,13.342742749955505,11.835371784400195,0.100162074646005,0.899837925353995,83516,0.0,1.0,0,0.2246261090040207,0.0020064101554453373,11.986585741396993,0.415266215801239,0.584733784198761,0.5656097531318665,0.5821751952171326,1.684605360031128,0.8435133695602417,0.1564866304397583,0.9864040613174438,0.9931219220161438,0.5370256900787354,0.8435133695602417,0.1564866304397583,0.8435133695602417,0.1564866304397583,0.19212881832924414,0.8078711816707559,0.7026534080505371,0.12209915792343273,0.8779008420765673,0.021937083277427716,0.0,1.0,0.0,0.1239727693638697,0.1239727693638697,0.48696237802505493,0.00576148321852088,0.8760272306361303,0.1239727693638697,0.6608376502990723,0.3746134340763092,177181
acdc_b1_s42ctl_mit-b1_guard_dense_gap_j9258122,2026-07-11 16:06:14,acdc,val,all,student_skd,/scratch/gautschi/manors/hf_cache/hub/models--nvidia--mit-b1/snapshots/13ddceec4e8bdf401e7cd7acf5aebc526222518c,runs/mit-b1_skd_j9200315/student_skd.ckpt,skd,GOPR0356_frame_000485_rgb_anon,/home/manors/Guardrail-Distillation/data/acdc/rgb_anon/night/val/GOPR0356/GOPR0356_frame_000485_rgb_anon.png,night,0.14995501381385865,0.8500449861861413,0.48505160212516785,0.9427887797355652,0.11335565149784088,0.15690691769123077,0.2621580958366394,0.8576469421386719,0.4540026783943176,-3.544053792953491,3.4756686687469482,0.01029165368527174,0.05892184376716614,235142,3.64425202133134,13.295531971380115,11.831621755845845,0.14890044212350131,0.8510995578764987,86086,0.0,1.0,1785,0.15899071097373962,0.0012100804597139359,12.004293501377106,0.45094865560531616,0.5490513443946838,0.5666255354881287,0.5792340636253357,0.9698166847229004,0.7250829339027405,0.2749170660972595,0.9731398820877075,0.9881162643432617,0.5491397976875305,0.7250829339027405,0.2749170660972595,0.7250829339027405,0.2749170660972595,0.49064794998136074,0.5093520500186393,0.775761067867279,0.5522632895331983,0.44773671046680175,0.40336284740969697,0.9008403361344538,0.0991596638655462,0.9008403361344538,0.34069293616750207,0.34069293616750207,0.31005945801734924,0.01935001090168953,0.6593070638324979,0.34069293616750207,0.4887174665927887,0.21777905523777008,189106
acdc_b1_s42ctl_mit-b1_guard_dense_gap_j9258122,2026-07-11 16:06:14,acdc,val,all,student_skd,/scratch/gautschi/manors/hf_cache/hub/models--nvidia--mit-b1/snapshots/13ddceec4e8bdf401e7cd7acf5aebc526222518c,runs/mit-b1_skd_j9200315/student_skd.ckpt,skd,GOPR0356_frame_000488_rgb_anon,/home/manors/Guardrail-Distillation/data/acdc/rgb_anon/night/val/GOPR0356/GOPR0356_frame_000488_rgb_anon.png,night,0.15739812080451163,0.8426018791954883,0.6261112689971924,0.8065786957740784,0.18433162569999695,0.4632093906402588,0.4020039737224579,0.6727769374847412,0.8690779209136963,-3.2701377868652344,3.0246222019195557,0.05071810260415077,0.312041699886322,227335,3.64425202133134,13.295531971380115,11.831621755845845,0.1244505255834324,0.8755494744165676,84120,0.0,1.0,0,0.4664124846458435,0.0034751559142023325,12.004293501377106,0.45806464552879333,0.5419353544712067,0.5700824856758118,0.5885393619537354,0.543943464756012,0.6327292919158936,0.36727070808410645,0.8046708703041077,0.8478062748908997,0.5360605716705322,0.6327292919158936,0.36727070808410645,0.6327292919158936,0.36727070808410645,0.2450554513620854,0.7549445486379146,0.7454549670219421,0.3415518544107818,0.6584481455892182,0.21710132882734945,0.0,1.0,0.0,0.08765733055757374,0.08765733055757374,0.1680251657962799,0.048681460320949554,0.9123426694424263,0.08765733055757374,0.3556601405143738,0.007433963008224964,98877
acdc_b1_s42ctl_mit-b1_guard_dense_gap_j9258122,2026-07-11 16:06:14,acdc,val,all,student_skd,/scratch/gautschi/manors/hf_cache/hub/models--nvidia--mit-b1/snapshots/13ddceec4e8bdf401e7cd7acf5aebc526222518c,runs/mit-b1_skd_j9200315/student_skd.ckpt,skd,GOPR0400_frame_000058_rgb_anon,/home/manors/Guardrail-Distillation/data/acdc/rgb_anon/rain/val/GOPR0400/GOPR0400_frame_000058_rgb_anon.png,rain,0.4607015531396905,0.5392984468603095,0.8826996088027954,0.9032149910926819,0.15401606261730194,0.24742494523525238,0.3391721248626709,0.7998659014701843,0.5957881808280945,-4.850462913513184,4.729887008666992,0.025659069418907166,0.13919271528720856,245839,3.64425202133134,13.295531971380115,11.831621755845845,0.3202214353246565,0.6797785646753435,74413,0.9966132723112128,0.0033867276887872277,21850,0.2511288523674011,0.002923638094216585,12.004293501377106,0.47536927461624146,0.5246307253837585,0.5838779807090759,0.5963866710662842,0.15665464103221893,0.5390837788581848,0.4609162211418152,0.607954740524292,0.6540903449058533,0.4675869345664978,0.5390837788581848,0.4609162211418152,0.5390837788581848,0.4609162211418152,0.46949167214255527,0.5305083278574447,0.9214200973510742,0.3147076985612542,0.6852923014387458,0.0,0.9949656750572082,0.005034324942791768,0.0,0.008790119002864749,0.008790119002864749,0.0578671395778656,0.01914667710661888,0.9912098809971353,0.008790119002864749,0.09803976863622665,0.0052514043636620045,175212
acdc_b1_s42ctl_mit-b1_guard_dense_gap_j9258122,2026-07-11 16:06:14,acdc,val,all,student_skd,/scratch/gautschi/manors/hf_cache/hub/models--nvidia--mit-b1/snapshots/13ddceec4e8bdf401e7cd7acf5aebc526222518c,runs/mit-b1_skd_j9200315/student_skd.ckpt,skd,GOPR0400_frame_000087_rgb_anon,/home/manors/Guardrail-Distillation/data/acdc/rgb_anon/rain/val/GOPR0400/GOPR0400_frame_000087_rgb_anon.png,rain,0.433459934135834,0.5665400658641659,0.8753160238265991,0.9392419457435608,0.12934231758117676,0.16889403760433197,0.3073946535587311,0.8525912761688232,0.47321149706840515,-5.523015975952148,5.44718599319458,0.018738804385066032,0.08105722069740295,233366,3.64425202133134,13.295531971380115,11.831621755845845,0.35199466081038683,0.6480053391896132,67717,0.0,1.0,161,0.17232239246368408,0.0017989791231229901,12.004293501377106,0.4414534568786621,0.5585465431213379,0.5960301160812378,0.6039713025093079,0.1603851020336151,0.5400105714797974,0.45998942852020264,0.6200706958770752,0.6709287166595459,0.4330112934112549,0.5400105714797974,0.45998942852020264,0.5400105714797974,0.45998942852020264,0.5272620567914735,0.47273794320852647,0.9049947261810303,0.41187829556102973,0.5881217044389703,0.059883634750642956,0.2422360248447205,0.7577639751552795,0.2422360248447205,0.09380212265563947,0.09380212265563947,0.05363249033689499,0.023953789845108986,0.9061978773443605,0.09380212265563947,0.10591088235378265,0.018044617027044296,192943
acdc_b1_s42ctl_mit-b1_guard_dense_gap_j9258122,2026-07-11 16:06:14,acdc,val,all,student_skd,/scratch/gautschi/manors/hf_cache/hub/models--nvidia--mit-b1/snapshots/13ddceec4e8bdf401e7cd7acf5aebc526222518c,runs/mit-b1_skd_j9200315/student_skd.ckpt,skd,GOPR0400_frame_000094_rgb_anon,/home/manors/Guardrail-Distillation/data/acdc/rgb_anon/rain/val/GOPR0400/GOPR0400_frame_000094_rgb_anon.png,rain,0.39032229060317053,0.6096777093968295,0.841305136680603,0.9232168197631836,0.13963186740875244,0.19648291170597076,0.30492010712623596,0.833935558795929,0.5022444128990173,-5.454896926879883,5.360057830810547,0.015627501532435417,0.10966049879789352,250008,3.6531795049086213,13.294439704623073,11.838469246868044,0.2665267626598886,0.7334732373401114,76512,0.4277474195506982,0.5722525804493017,3327,0.1995258778333664,0.0022662710398435593,11.964962992351502,0.4084141254425049,0.5915858745574951,0.5438831448554993,0.5685898065567017,0.07829868048429489,0.519564688205719,0.480435311794281,0.5648337602615356,0.6038740873336792,0.4446995258331299,0.519564688205719,0.480435311794281,0.519564688205719,0.480435311794281,0.658924056376637,0.341075943623363,0.9530855417251587,0.5063714426230679,0.4936285573769321,0.23984467996317926,0.4793187347931874,0.5206812652068127,0.051571315242489035,0.2686017657734665,0.2686017657734665,0.12837989628314972,0.016599468886852264,0.7313982342265335,0.2686017657734665,0.15515904128551483,0.030703019350767136,192886
acdc_b1_s42ctl_mit-b1_guard_dense_gap_j9258122,2026-07-11 16:06:14,acdc,val,all,student_skd,/scratch/gautschi/manors/hf_cache/hub/models--nvidia--mit-b1/snapshots/13ddceec4e8bdf401e7cd7acf5aebc526222518c,runs/mit-b1_skd_j9200315/student_skd.ckpt,skd,GOPR0400_frame_000107_rgb_anon,/home/manors/Guardrail-Distillation/data/acdc/rgb_anon/rain/val/GOPR0400/GOPR0400_frame_000107_rgb_anon.png,rain,0.34967511355869035,0.6503248864413096,0.8412734866142273,0.9177649021148682,0.1555810123682022,0.22447673976421356,0.38023641705513,0.8274403214454651,0.533168613910675,-4.992451190948486,4.88681697845459,0.03549204766750336,0.12232904136180878,242984,3.6531795049086213,13.294439704623073,11.838469246868044,0.1940525648133776,0.8059474351866224,70266,0.13023255813953488,0.8697674418604651,215,0.2272430807352066,0.0021986679639667273,11.964962992351502,0.44741135835647583,0.5525886416435242,0.5597438216209412,0.5788569450378418,0.15994183719158173,0.5399004220962524,0.46009957790374756,0.633965015411377,0.7015081644058228,0.48731255531311035,0.5399004220962524,0.46009957790374756,0.5399004220962524,0.46009957790374756,0.5765734268852155,0.4234265731147845,0.9244394302368164,0.5088237082601732,0.4911762917398268,0.3147711434467956,0.6976744186046512,0.3023255813953488,0.5674418604651162,0.2268983133265251,0.2268983133265251,0.100529246032238,0.017363281920552254,0.7731016866734749,0.2268983133265251,0.14252378046512604,0.012881506234407425,187550
acdc_b1_s42ctl_mit-b1_guard_dense_gap_j9258122,2026-07-11 16:06:14,acdc,val,all,student_skd,/scratch/gautschi/manors/hf_cache/hub/models--nvidia--mit-b1/snapshots/13ddceec4e8bdf401e7cd7acf5aebc526222518c,runs/mit-b1_skd_j9200315/student_skd.ckpt,skd,GOPR0400_frame_000114_rgb_anon,/home/manors/Guardrail-Distillation/data/acdc/rgb_anon/rain/val/GOPR0400/GOPR0400_frame_000114_rgb_anon.png,rain,0.4517856238455824,0.5482143761544176,0.842212975025177,0.9225434064865112,0.1449025422334671,0.19126857817173004,0.31086111068725586,0.8437297344207764,0.4596867561340332,-5.530853271484375,5.4339399337768555,0.01955420710146427,0.11598826944828033,243835,3.6531795049086213,13.294439704623073,11.838469246868044,0.31419772199999113,0.6858022780000088,71554,0.3216123499142367,0.6783876500857633,924,0.1936979740858078,0.0018146091606467962,11.964962992351502,0.44841164350509644,0.5515883564949036,0.5708997845649719,0.5842190980911255,0.12001298367977142,0.5299672484397888,0.4700327515602112,0.6019620299339294,0.6450125575065613,0.4852151870727539,0.5299672484397888,0.4700327515602112,0.5299672484397888,0.4700327515602112,0.3982616008881513,0.6017383991118487,0.9165706634521484,0.3009683620945447,0.6990316379054553,0.0,0.13995552776040582,0.8600444722395941,0.0,0.0,0.0,0.08555375784635544,0.011196095496416092,1.0,0.0,0.11198556423187256,0.012045030482113361,189083
acdc_b1_s42ctl_mit-b1_guard_dense_gap_j9258122,2026-07-11 16:06:14,acdc,val,all,student_skd,/scratch/gautschi/manors/hf_cache/hub/models--nvidia--mit-b1/snapshots/13ddceec4e8bdf401e7cd7acf5aebc526222518c,runs/mit-b1_skd_j9200315/student_skd.ckpt,skd,GOPR0400_frame_000125_rgb_anon,/home/manors/Guardrail-Distillation/data/acdc/rgb_anon/rain/val/GOPR0400/GOPR0400_frame_000125_rgb_anon.png,rain,0.33958384382019946,0.6604161561798005,0.9492209553718567,0.9555463194847107,0.10812937468290329,0.1269986778497696,0.2619480788707733,0.8794949650764465,0.41312167048454285,-5.230032444000244,5.1758294105529785,0.009959874674677849,0.054036401212215424,244983,3.6531795049086213,13.294439704623073,11.838469246868044,0.28414973584382713,0.7158502641561728,73355,0.2993492407809111,0.7006507592190889,922,0.12960293889045715,0.0014463242841884494,11.964962992351502,0.46458977460861206,0.5354102253913879,0.5568608641624451,0.5658867955207825,0.07231134921312332,0.5180699825286865,0.4819300174713135,0.5589338541030884,0.5861939787864685,0.49237969517707825,0.5180699825286865,0.4819300174713135,0.5180699825286865,0.4819300174713135,0.4454278220273363,0.5545721779726638,0.9505802392959595,0.3597263742135668,0.6402736257864332,0.0755766383697396,0.9436008676789588,0.05639913232104121,0.6442516268980477,0.10584397820713676,0.10584397820713676,0.02858157455921173,0.027222298085689545,0.8941560217928632,0.10584397820713676,0.059840887784957886,0.006510655861347914,211779
acdc_b1_s42ctl_mit-b1_guard_dense_gap_j9258122,2026-07-11 16:06:14,acdc,val,all,student_skd,/scratch/gautschi/manors/hf_cache/hub/models--nvidia--mit-b1/snapshots/13ddceec4e8bdf401e7cd7acf5aebc526222518c,runs/mit-b1_skd_j9200315/student_skd.ckpt,skd,GOPR0400_frame_000150_rgb_anon,/home/manors/Guardrail-Distillation/data/acdc/rgb_anon/rain/val/GOPR0400/GOPR0400_frame_000150_rgb_anon.png,rain,0.37594039056277767,0.6240596094372224,0.8086193799972534,0.9349547028541565,0.13300824165344238,0.1785248965024948,0.3127177953720093,0.8451840877532959,0.5024967193603516,-4.682906150817871,4.601792335510254,0.019704164937138557,0.08899889886379242,237767,3.7619482027366757,13.253604236524552,11.826284520793706,0.30127582611373155,0.6987241738862684,69208,0.93619268962603,0.06380731037397003,4733,0.18212909996509552,0.002354052849113941,11.949315492529422,0.4543682932853699,0.5456317067146301,0.563906192779541,0.5819242000579834,0.09698747843503952,0.5242278575897217,0.4757721424102783,0.5855511426925659,0.6181601881980896,0.48169463872909546,0.5242278575897217,0.4757721424102783,0.5242278575897217,0.4757721424102783,0.39502640243130216,0.6049735975686978,0.8591141700744629,0.24291805489303914,0.7570819451069608,0.0,0.47295584196070145,0.5270441580392986,0.0,0.019086011868524544,0.019086011868524544,0.061585504561662674,0.011090689338743687,0.9809139881314755,0.019086011868524544,0.08692964166402817,0.008840587921440601,192816
acdc_b1_s42ctl_mit-b1_guard_dense_gap_j9258122,2026-07-11 16:06:14,acdc,val,all,student_skd,/scratch/gautschi/manors/hf_cache/hub/models--nvidia--mit-b1/snapshots/13ddceec4e8bdf401e7cd7acf5aebc526222518c,runs/mit-b1_skd_j9200315/student_skd.ckpt,skd,GOPR0402_frame_000120_rgb_anon,/home/manors/Guardrail-Distillation/data/acdc/rgb_anon/rain/val/GOPR0402/GOPR0402_frame_000120_rgb_anon.png,rain,0.331973548342399,0.668026451657601,0.8748573660850525,0.9264693260192871,0.14872854948043823,0.20688290894031525,0.3630495071411133,0.834682285785675,0.5342512130737305,-5.220518589019775,5.125735282897949,0.03723746910691261,0.1013750284910202,253159,3.7619482027366757,13.253604236524552,11.826284520793706,0.2973139620207273,0.7026860379792728,80311,0.6436577661132783,0.3563422338867217,21255,0.21024011075496674,0.0019628568552434444,11.949315492529422,0.4183509945869446,0.5816490054130554,0.5672675967216492,0.5868465304374695,0.1850784718990326,0.5461379885673523,0.4538620114326477,0.6820017099380493,0.7278448343276978,0.4331299662590027,0.5461379885673523,0.4538620114326477,0.5461379885673523,0.4538620114326477,0.45353225556118615,0.5464677444388139,0.9099894165992737,0.4176819920186682,0.5823180079813318,0.12036802999794094,0.6627205156582344,0.3372794843417656,0.019062749544956126,0.12155870721878714,0.12155870721878714,0.06502237915992737,0.029890308156609535,0.8784412927812129,0.12155870721878714,0.12016164511442184,0.00968166347593069,201993
acdc_b1_s42ctl_mit-b1_guard_dense_gap_j9258122,2026-07-11 16:06:14,acdc,val,all,student_skd,/scratch/gautschi/manors/hf_cache/hub/models--nvidia--mit-b1/snapshots/13ddceec4e8bdf401e7cd7acf5aebc526222518c,runs/mit-b1_skd_j9200315/student_skd.ckpt,skd,GOPR0402_frame_000134_rgb_anon,/home/manors/Guardrail-Distillation/data/acdc/rgb_anon/rain/val/GOPR0402/GOPR0402_frame_000134_rgb_anon.png,rain,0.3383670255902425,0.6616329744097575,0.7041592597961426,0.9116248488426208,0.15312731266021729,0.22762125730514526,0.35091421008110046,0.8216575384140015,0.5175703763961792,-4.964610576629639,4.8528900146484375,0.02760992757976055,0.12710978090763092,249729,3.7619482027366757,13.253604236524552,11.826284520793706,0.23776097814188152,0.7622390218581185,76079,0.4438465138043987,0.5561534861956012,2137,0.23208363354206085,0.0033025769516825676,11.949315492529422,0.4702063500881195,0.5297936499118805,0.5937730669975281,0.6019284129142761,0.17660866677761078,0.5440377593040466,0.45596224069595337,0.6381573677062988,0.6773375868797302,0.45451971888542175,0.5440377593040466,0.45596224069595337,0.5440377593040466,0.45596224069595337,0.5783301365615497,0.42166986343845025,0.9207660555839539,0.4873100145020207,0.5126899854979793,0.24954903636013925,0.9546092653252223,0.04539073467477772,0.5107627515208235,0.2399631109713073,0.2399631109713073,0.24164192378520966,0.025035137310624123,0.7600368890286927,0.2399631109713073,0.2834993004798889,0.14127713441848755,186728
acdc_b1_s42ctl_mit-b1_guard_dense_gap_j9258122,2026-07-11 16:06:14,acdc,val,all,student_skd,/scratch/gautschi/manors/hf_cache/hub/models--nvidia--mit-b1/snapshots/13ddceec4e8bdf401e7cd7acf5aebc526222518c,runs/mit-b1_skd_j9200315/student_skd.ckpt,skd,GOPR0402_frame_000154_rgb_anon,/home/manors/Guardrail-Distillation/data/acdc/rgb_anon/rain/val/GOPR0402/GOPR0402_frame_000154_rgb_anon.png,rain,0.3111515652023952,0.6888484347976048,0.8560193181037903,0.9326377511024475,0.1329464465379715,0.17186155915260315,0.2970656752586365,0.8585326075553894,0.4234117567539215,-5.4013872146606445,5.31815767288208,0.013429227285087109,0.0952058658003807,255562,3.7619482027366757,13.253604236524552,11.826284520793706,0.29087748763044174,0.7091225123695583,83234,0.31889370209930024,0.6811062979006998,3177,0.17477719485759735,0.0024188330862671137,11.949315492529422,0.406085729598999,0.593914270401001,0.5513079762458801,0.5693328976631165,0.06736726313829422,0.5168354511260986,0.48316454887390137,0.5629432201385498,0.5941786766052246,0.4233764410018921,0.5168354511260986,0.48316454887390137,0.5168354511260986,0.48316454887390137,0.42973938160609065,0.5702606183939094,0.9171395301818848,0.4084137549620369,0.5915862450379631,0.11753626733159517,0.4862974669193109,0.513702533080689,0.16740376482001074,0.11858781640369542,0.11858781640369542,0.07746848464012146,0.016348283737897873,0.8814121835963046,0.11858781640369542,0.1254490166902542,0.02087947353720665,203707
acdc_b1_s42ctl_mit-b1_guard_dense_gap_j9258122,2026-07-11 16:06:15,acdc,val,all,student_skd,/scratch/gautschi/manors/hf_cache/hub/models--nvidia--mit-b1/snapshots/13ddceec4e8bdf401e7cd7acf5aebc526222518c,runs/mit-b1_skd_j9200315/student_skd.ckpt,skd,GOPR0402_frame_000186_rgb_anon,/home/manors/Guardrail-Distillation/data/acdc/rgb_anon/rain/val/GOPR0402/GOPR0402_frame_000186_rgb_anon.png,rain,0.35564006649857,0.6443599335014301,0.5203604102134705,0.8821778893470764,0.1474972516298294,0.30648073554039,0.30702412128448486,0.7424906492233276,0.7516915798187256,-3.6319777965545654,3.4890151023864746,0.018684353679418564,0.143907830119133,250584,3.699810244143009,13.318617537152022,11.808611743617803,0.32822819541601905,0.6717718045839809,78943,0.878980496152495,0.12101950384750504,2934,0.3115600049495697,0.0030369884334504604,12.017205997835845,0.45812082290649414,0.5418791770935059,0.5527694225311279,0.569029688835144,0.965594470500946,0.7242404818534851,0.2757595181465149,0.9311122298240662,0.952604353427887,0.5006332397460938,0.7242404818534851,0.2757595181465149,0.7242404818534851,0.2757595181465149,0.4917248727156205,0.5082751272843795,0.8966972827911377,0.4031485344663793,0.5968514655336207,0.07492033905036022,0.9301914573281329,0.06980854267186709,0.05121096117563795,0.13608480621705055,0.13608480621705055,0.41655492782592773,0.0402180477976799,0.8639151937829495,0.13608480621705055,0.4714786112308502,0.23809979856014252,158889
acdc_b1_s42ctl_mit-b1_guard_dense_gap_j9258122,2026-07-11 16:06:15,acdc,val,all,student_skd,/scratch/gautschi/manors/hf_cache/hub/models--nvidia--mit-b1/snapshots/13ddceec4e8bdf401e7cd7acf5aebc526222518c,runs/mit-b1_skd_j9200315/student_skd.ckpt,skd,GOPR0402_frame_000194_rgb_anon,/home/manors/Guardrail-Distillation/data/acdc/rgb_anon/rain/val/GOPR0402/GOPR0402_frame_000194_rgb_anon.png,rain,0.36418715957508174,0.6358128404249183,0.8510761260986328,0.9197127223014832,0.15247635543346405,0.21505358815193176,0.3635845482349396,0.8298962116241455,0.5274533033370972,-5.074668884277344,4.972120761871338,0.03338167071342468,0.12047163397073746,236537,3.699810244143009,13.318617537152022,11.808611743617803,0.21886773143987692,0.7811322685601231,68389,0.3116807478509606,0.6883192521490393,2538,0.21778731048107147,0.001987009309232235,12.017205997835845,0.4587933123111725,0.5412066876888275,0.5552166700363159,0.5811527371406555,0.12617701292037964,0.5315024852752686,0.46849751472473145,0.6160669326782227,0.6844975352287292,0.4898308515548706,0.5315024852752686,0.46849751472473145,0.5315024852752686,0.46849751472473145,0.4380817217945335,0.5619182782054666,0.8545132279396057,0.3304709234887261,0.6695290765112739,0.11160319204884916,0.29500818330605566,0.7049918166939444,0.0,0.07389456221945168,0.07389456221945168,0.0421963594853878,0.0387592650949955,0.9261054377805483,0.07389456221945168,0.14885620772838593,0.004024740308523178,184103
acdc_b1_s42ctl_mit-b1_guard_dense_gap_j9258122,2026-07-11 16:06:15,acdc,val,all,student_skd,/scratch/gautschi/manors/hf_cache/hub/models--nvidia--mit-b1/snapshots/13ddceec4e8bdf401e7cd7acf5aebc526222518c,runs/mit-b1_skd_j9200315/student_skd.ckpt,skd,GOPR0402_frame_000214_rgb_anon,/home/manors/Guardrail-Distillation/data/acdc/rgb_anon/rain/val/GOPR0402/GOPR0402_frame_000214_rgb_anon.png,rain,0.45426442787679283,0.5457355721232071,0.9263910055160522,0.9583714008331299,0.105633944272995,0.11170780658721924,0.23950950801372528,0.89653480052948,0.3327127695083618,-5.6062798500061035,5.555394172668457,0.008617390878498554,0.05127093568444252,256110,3.699810244143009,13.318617537152022,11.808611743617803,0.30871401047437547,0.6912859895256245,82576,0.4895550203005261,0.5104449796994739,42601,0.11343944072723389,0.0012338390806689858,12.017205997835845,0.45702943205833435,0.5429705679416656,0.5328147411346436,0.5423455834388733,0.07044310122728348,0.5176034569740295,0.48239654302597046,0.5595276355743408,0.606293261051178,0.508891224861145,0.5176034569740295,0.48239654302597046,0.5176034569740295,0.48239654302597046,0.4060325928678203,0.5939674071321797,0.9459645748138428,0.2775694566380844,0.7224305433619156,0.0,0.32963355720513726,0.6703664427948628,0.0,0.0,0.0,0.03097887523472309,0.011405255645513535,1.0,0.0,0.050517354160547256,0.006157510448247194,224123
acdc_b1_s42ctl_mit-b1_guard_dense_gap_j9258122,2026-07-11 16:06:15,acdc,val,all,student_skd,/scratch/gautschi/manors/hf_cache/hub/models--nvidia--mit-b1/snapshots/13ddceec4e8bdf401e7cd7acf5aebc526222518c,runs/mit-b1_skd_j9200315/student_skd.ckpt,skd,GOPR0402_frame_000234_rgb_anon,/home/manors/Guardrail-Distillation/data/acdc/rgb_anon/rain/val/GOPR0402/GOPR0402_frame_000234_rgb_anon.png,rain,0.4284605737998584,0.5715394262001416,0.898130476474762,0.9466977715492249,0.12009336799383163,0.13974516093730927,0.27615833282470703,0.8812105059623718,0.36756786704063416,-5.355841636657715,5.290364742279053,0.010164265520870686,0.07564765959978104,260127,3.699810244143009,13.318617537152022,11.808611743617803,0.35529559512635345,0.6447044048736466,85583,0.22647613912105688,0.7735238608789431,25988,0.14217574894428253,0.0016339820576831698,12.017205997835845,0.43196621537208557,0.5680337846279144,0.5334078669548035,0.549423336982727,0.08365529030561447,0.520901620388031,0.479098379611969,0.5904518365859985,0.6301507353782654,0.49188968539237976,0.520901620388031,0.479098379611969,0.520901620388031,0.479098379611969,0.5383707134339122,0.4616292865660878,0.9313257932662964,0.48395265926857584,0.5160473407314241,0.12865706414222244,0.18949859545157194,0.810501404548428,0.0,0.10991013963405383,0.10991013963405383,0.0593133307993412,0.02611801028251648,0.8900898603659462,0.10991013963405383,0.08873357623815536,0.009022515267133713,218050
acdc_b1_s42ctl_mit-b1_guard_dense_gap_j9258122,2026-07-11 16:06:15,acdc,val,all,student_skd,/scratch/gautschi/manors/hf_cache/hub/models--nvidia--mit-b1/snapshots/13ddceec4e8bdf401e7cd7acf5aebc526222518c,runs/mit-b1_skd_j9200315/student_skd.ckpt,skd,GOPR0402_frame_000254_rgb_anon,/home/manors/Guardrail-Distillation/data/acdc/rgb_anon/rain/val/GOPR0402/GOPR0402_frame_000254_rgb_anon.png,rain,0.42336156215004,0.57663843784996,0.9043791890144348,0.9403983950614929,0.13103699684143066,0.16043740510940552,0.30936896800994873,0.8652327656745911,0.4264642298221588,-5.180759429931641,5.105757713317871,0.020315825939178467,0.08214465528726578,246212,3.69409000268206,13.323535036761314,11.820296756923199,0.3601162140659462,0.6398837859340538,81727,0.9912980630239954,0.008701936976004632,34590,0.16280263662338257,0.0014695751015096903,12.015578511636704,0.4787711799144745,0.5212288200855255,0.5556493997573853,0.5732938647270203,0.11203594505786896,0.5279797315597534,0.4720202684402466,0.5777215361595154,0.6799561977386475,0.5212392807006836,0.5279797315597534,0.4720202684402466,0.5279797315597534,0.4720202684402466,0.4838336730376318,0.5161663269623682,0.8669926524162292,0.39708163388973844,0.6029183661102615,0.03696541982379231,0.986267707429893,0.013732292570106996,0.0,0.06047211088759186,0.06047211088759186,0.0310017392039299,0.06838821619749069,0.9395278891124081,0.06047211088759186,0.13032671809196472,0.004475817549973726,204374
acdc_b1_s42ctl_mit-b1_guard_dense_gap_j9258122,2026-07-11 16:06:15,acdc,val,all,student_skd,/scratch/gautschi/manors/hf_cache/hub/models--nvidia--mit-b1/snapshots/13ddceec4e8bdf401e7cd7acf5aebc526222518c,runs/mit-b1_skd_j9200315/student_skd.ckpt,skd,GOPR0402_frame_000294_rgb_anon,/home/manors/Guardrail-Distillation/data/acdc/rgb_anon/rain/val/GOPR0402/GOPR0402_frame_000294_rgb_anon.png,rain,0.35102319730098275,0.6489768026990173,0.8344502449035645,0.9398323893547058,0.13299725949764252,0.1653151512145996,0.3125629723072052,0.8559667468070984,0.47282499074935913,-5.231350421905518,5.155249118804932,0.024048006162047386,0.08370964229106903,249792,3.69409000268206,13.323535036761314,11.820296756923199,0.30034334070463836,0.6996566592953617,76577,0.5466840069451762,0.45331599305482384,10511,0.16826100647449493,0.0017096070805564523,12.015578511636704,0.4333716630935669,0.5666283369064331,0.5578251481056213,0.5765335559844971,0.13718831539154053,0.5342434048652649,0.4657565951347351,0.6224659085273743,0.6759179830551147,0.46207350492477417,0.5342434048652649,0.4657565951347351,0.5342434048652649,0.4657565951347351,0.37220286719742707,0.6277971328025729,0.9027150273323059,0.32170546539399336,0.6782945346060066,0.021362124689355055,0.4858015119209149,0.5141984880790851,0.0,0.021179669896444375,0.021179669896444375,0.07848529517650604,0.010220502503216267,0.9788203301035556,0.021179669896444375,0.10811794549226761,0.04324797913432121,208613
acdc_b1_s42ctl_mit-b1_guard_dense_gap_j9258122,2026-07-11 16:06:15,acdc,val,all,student_skd,/scratch/gautschi/manors/hf_cache/hub/models--nvidia--mit-b1/snapshots/13ddceec4e8bdf401e7cd7acf5aebc526222518c,runs/mit-b1_skd_j9200315/student_skd.ckpt,skd,GOPR0402_frame_000304_rgb_anon,/home/manors/Guardrail-Distillation/data/acdc/rgb_anon/rain/val/GOPR0402/GOPR0402_frame_000304_rgb_anon.png,rain,0.19672699446986153,0.8032730055301385,0.7259066700935364,0.8797279596328735,0.17655004560947418,0.3167865574359894,0.4139988422393799,0.7566652894020081,0.7459155917167664,-4.026435375213623,3.871364116668701,0.05063129588961601,0.18124935030937195,250754,3.69409000268206,13.323535036761314,11.820296756923199,0.11968119588683561,0.8803188041131644,77179,0.03715427918740312,0.9628457208125969,12527,0.32075753808021545,0.0032218892592936754,12.015578511636704,0.4789332449436188,0.5210667550563812,0.5850281119346619,0.5956946611404419,0.17968003451824188,0.5447995662689209,0.4552004337310791,0.6181842684745789,0.6550978422164917,0.48792916536331177,0.5447995662689209,0.4552004337310791,0.5447995662689209,0.4552004337310791,0.24480935508331386,0.7551906449166861,0.8089123368263245,0.15570449499160452,0.8442955050083955,0.03602329910476898,0.21155258219792772,0.7884474178020723,0.1743983030105246,0.04808236061345239,0.04808236061345239,0.12224730849266052,0.03924164921045303,0.9519176393865476,0.04808236061345239,0.2253722846508026,0.0286535806953907,166478
acdc_b1_s42ctl_mit-b1_guard_dense_gap_j9258122,2026-07-11 16:06:15,acdc,val,all,student_skd,/scratch/gautschi/manors/hf_cache/hub/models--nvidia--mit-b1/snapshots/13ddceec4e8bdf401e7cd7acf5aebc526222518c,runs/mit-b1_skd_j9200315/student_skd.ckpt,skd,GOPR0402_frame_000315_rgb_anon,/home/manors/Guardrail-Distillation/data/acdc/rgb_anon/rain/val/GOPR0402/GOPR0402_frame_000315_rgb_anon.png,rain,0.35416093452005754,0.6458390654799424,0.8891971111297607,0.9240917563438416,0.14394709467887878,0.2127855271100998,0.3530424237251282,0.829971969127655,0.5291045904159546,-5.427515029907227,5.331639766693115,0.028564266860485077,0.09993115812540054,251293,3.69409000268206,13.323535036761314,11.820296756923199,0.3124264397759332,0.6875735602240668,78220,0.309106512195927,0.690893487804073,10099,0.21618878841400146,0.0019190447637811303,12.015578511636704,0.4284566640853882,0.5715433359146118,0.5516729354858398,0.5751187205314636,0.12387385964393616,0.530928909778595,0.46907109022140503,0.5970704555511475,0.6752535104751587,0.46846237778663635,0.530928909778595,0.46907109022140503,0.530928909778595,0.46907109022140503,0.43940290498493745,0.5605970950150625,0.8678833246231079,0.35394893998160526,0.6460510600183947,0.04152250020567205,0.9096940291117932,0.0903059708882068,0.6005875169158662,0.08524197046487991,0.08524197046487991,0.03193085640668869,0.05324462056159973,0.9147580295351201,0.08524197046487991,0.12474681437015533,0.0016236028168350458,195768
acdc_b1_s42ctl_mit-b1_guard_dense_gap_j9258122,2026-07-11 16:06:15,acdc,val,all,student_skd,/scratch/gautschi/manors/hf_cache/hub/models--nvidia--mit-b1/snapshots/13ddceec4e8bdf401e7cd7acf5aebc526222518c,runs/mit-b1_skd_j9200315/student_skd.ckpt,skd,GOPR0402_frame_000320_rgb_anon,/home/manors/Guardrail-Distillation/data/acdc/rgb_anon/rain/val/GOPR0402/GOPR0402_frame_000320_rgb_anon.png,rain,0.3316203376820858,0.6683796623179141,0.8569549322128296,0.9170169234275818,0.15477320551872253,0.22271624207496643,0.37500956654548645,0.828815758228302,0.5221903324127197,-5.0980048179626465,4.991250991821289,0.03587832674384117,0.11608604341745377,258429,3.6437922972254455,13.334612478502095,11.845619475934654,0.2800353379722782,0.7199646620277218,83940,0.30723571259676574,0.6927642874032343,3953,0.22566156089305878,0.0018779828678816557,12.01102853519842,0.4520091116428375,0.5479908883571625,0.5460594296455383,0.5599589347839355,0.10441479831933975,0.5260800123214722,0.47391998767852783,0.6008381247520447,0.6352014541625977,0.48703956604003906,0.5260800123214722,0.47391998767852783,0.5260800123214722,0.47391998767852783,0.4164322295258926,0.5835677704741074,0.8964280486106873,0.3696742647938517,0.6303257352061483,0.08963892682157348,0.2997456523724988,0.7002543476275012,0.0,0.08481189184380677,0.08481189184380677,0.07679478824138641,0.03732166439294815,0.9151881081561932,0.08481189184380677,0.13510480523109436,0.019873930141329765,198469
acdc_b1_s42ctl_mit-b1_guard_dense_gap_j9258122,2026-07-11 16:06:15,acdc,val,all,student_skd,/scratch/gautschi/manors/hf_cache/hub/models--nvidia--mit-b1/snapshots/13ddceec4e8bdf401e7cd7acf5aebc526222518c,runs/mit-b1_skd_j9200315/student_skd.ckpt,skd,GOPR0402_frame_000331_rgb_anon,/home/manors/Guardrail-Distillation/data/acdc/rgb_anon/rain/val/GOPR0402/GOPR0402_frame_000331_rgb_anon.png,rain,0.26868527848143287,0.7313147215185671,0.8480082750320435,0.9101826548576355,0.16766023635864258,0.24624250829219818,0.4190904200077057,0.8256133198738098,0.530944287776947,-5.464919090270996,5.346776485443115,0.04907206445932388,0.1358802765607834,252119,3.6437922972254455,13.334612478502095,11.845619475934654,0.16136943030524462,0.8386305696947554,80540,0.1578096443132293,0.8421903556867707,7346,0.2491244524717331,0.0023997819516807795,12.01102853519842,0.4340725541114807,0.5659274458885193,0.5813480615615845,0.5947666168212891,0.15150512754917145,0.5378040075302124,0.4621959924697876,0.6533535122871399,0.6950161457061768,0.4606759548187256,0.5378040075302124,0.4621959924697876,0.5378040075302124,0.4621959924697876,0.36416078515079414,0.6358392148492058,0.8847211003303528,0.29903007821923033,0.7009699217807697,0.1376606479139857,0.10141056281925113,0.8985894371807489,0.0,0.09547550666936133,0.09547550666936133,0.07817737013101578,0.04146454483270645,0.9045244933306387,0.09547550666936133,0.16657213866710663,0.012121260166168213,190561
acdc_b1_s42ctl_mit-b1_guard_dense_gap_j9258122,2026-07-11 16:06:15,acdc,val,all,student_skd,/scratch/gautschi/manors/hf_cache/hub/models--nvidia--mit-b1/snapshots/13ddceec4e8bdf401e7cd7acf5aebc526222518c,runs/mit-b1_skd_j9200315/student_skd.ckpt,skd,GOPR0402_frame_000336_rgb_anon,/home/manors/Guardrail-Distillation/data/acdc/rgb_anon/rain/val/GOPR0402/GOPR0402_frame_000336_rgb_anon.png,rain,0.32348184489695636,0.6765181551030437,0.9122410416603088,0.9516485929489136,0.12212099134922028,0.13277117908000946,0.2977209985256195,0.8889235854148865,0.3618505299091339,-5.637252330780029,5.576139450073242,0.017890093848109245,0.0704151839017868,247120,3.6437922972254455,13.334612478502095,11.845619475934654,0.2182310681033409,0.7817689318966591,73475,0.1718385440970602,0.8281614559029398,4553,0.13463269174098969,0.001329256920143962,12.01102853519842,0.42553138732910156,0.5744686126708984,0.5550976395606995,0.5705065727233887,0.0687713772058487,0.5171860456466675,0.4828139543533325,0.5601763129234314,0.6056663990020752,0.45816564559936523,0.5171860456466675,0.4828139543533325,0.5171860456466675,0.4828139543533325,0.428114392000408,0.571885607999592,0.9397134780883789,0.3066026699502758,0.6933973300497243,0.08837160184693482,0.5522731175409977,0.4477268824590023,0.3804345734439375,0.10463254710345171,0.10463254710345171,0.05424085631966591,0.02676837146282196,0.8953674528965483,0.10463254710345171,0.08803819864988327,0.00759145338088274,213245
acdc_b1_s42ctl_mit-b1_guard_dense_gap_j9258122,2026-07-11 16:06:15,acdc,val,all,student_skd,/scratch/gautschi/manors/hf_cache/hub/models--nvidia--mit-b1/snapshots/13ddceec4e8bdf401e7cd7acf5aebc526222518c,runs/mit-b1_skd_j9200315/student_skd.ckpt,skd,GOPR0402_frame_000351_rgb_anon,/home/manors/Guardrail-Distillation/data/acdc/rgb_anon/rain/val/GOPR0402/GOPR0402_frame_000351_rgb_anon.png,rain,0.4282742161297955,0.5717257838702046,0.8529546856880188,0.9435849785804749,0.12570436298847198,0.15653853118419647,0.29828909039497375,0.8619878888130188,0.44842228293418884,-5.498502254486084,5.428155422210693,0.018279120326042175,0.07617286592721939,253568,3.6437922972254455,13.334612478502095,11.845619475934654,0.28460949177962513,0.7153905082203749,80534,0.0,1.0,44,0.15952852368354797,0.0019147931598126888,12.01102853519842,0.414421945810318,0.585578054189682,0.5665372610092163,0.584952175617218,0.10661464184522629,0.5266284346580505,0.47337156534194946,0.5801570415496826,0.6261736750602722,0.444804310798645,0.5266284346580505,0.47337156534194946,0.5266284346580505,0.47337156534194946,0.498907143357529,0.501092856642471,0.9173831343650818,0.35456562862533336,0.6454343713746666,0.06995613684570823,0.0,1.0,0.0,0.07063292722773351,0.07063292722773351,0.08691554516553879,0.022487064823508263,0.9293670727722665,0.07063292722773351,0.12439661473035812,0.03952391445636749,212482
acdc_b1_s42ctl_mit-b1_guard_dense_gap_j9258122,2026-07-11 16:06:15,acdc,val,all,student_skd,/scratch/gautschi/manors/hf_cache/hub/models--nvidia--mit-b1/snapshots/13ddceec4e8bdf401e7cd7acf5aebc526222518c,runs/mit-b1_skd_j9200315/student_skd.ckpt,skd,GOPR0402_frame_000365_rgb_anon,/home/manors/Guardrail-Distillation/data/acdc/rgb_anon/rain/val/GOPR0402/GOPR0402_frame_000365_rgb_anon.png,rain,0.4577706848000093,0.5422293151999906,0.9074457287788391,0.9433856010437012,0.12871332466602325,0.15262050926685333,0.3059806227684021,0.8763225078582764,0.3799217641353607,-6.1224541664123535,6.051197052001953,0.019258979707956314,0.07873058319091797,259048,3.756293037440628,13.300369726493955,11.823084263596684,0.3565819592923574,0.6434180407076426,84847,0.4689891260571889,0.5310108739428111,5028,0.15501151978969574,0.0012900067958980799,11.967730475589633,0.42231905460357666,0.5776809453964233,0.5487259030342102,0.5667963027954102,0.09201876819133759,0.522988498210907,0.477011501789093,0.5805971622467041,0.6197595596313477,0.47413724660873413,0.522988498210907,0.477011501789093,0.522988498210907,0.477011501789093,0.40064351203827153,0.5993564879617285,0.919123113155365,0.3322065376794213,0.6677934623205787,0.0,0.3092064793930695,0.6907935206069304,0.0,0.0,0.0,0.028689663857221603,0.01701229065656662,1.0,0.0,0.06435486674308777,0.0013395200949162245,216927
acdc_b1_s42ctl_mit-b1_guard_dense_gap_j9258122,2026-07-11 16:06:15,acdc,val,all,student_skd,/scratch/gautschi/manors/hf_cache/hub/models--nvidia--mit-b1/snapshots/13ddceec4e8bdf401e7cd7acf5aebc526222518c,runs/mit-b1_skd_j9200315/student_skd.ckpt,skd,GOPR0402_frame_000369_rgb_anon,/home/manors/Guardrail-Distillation/data/acdc/rgb_anon/rain/val/GOPR0402/GOPR0402_frame_000369_rgb_anon.png,rain,0.3507771474450532,0.6492228525549468,0.9223435521125793,0.9636499881744385,0.10064812749624252,0.09680365771055222,0.23105040192604065,0.9138237833976746,0.2704160809516907,-6.566888332366943,6.522335529327393,0.007645003497600555,0.04686957225203514,256115,3.756293037440628,13.300369726493955,11.823084263596684,0.30734846298299573,0.6926515370170043,81678,0.31901733600487847,0.6809826639951215,11479,0.09831562638282776,0.0008555036038160324,11.967730475589633,0.4040052890777588,0.5959947109222412,0.5260973572731018,0.5423740148544312,0.03861349821090698,0.5096521973609924,0.49034780263900757,0.5389134883880615,0.5655055046081543,0.46313220262527466,0.5096521973609924,0.49034780263900757,0.5096521973609924,0.49034780263900757,0.3559860658890046,0.6440139341109954,0.9297152161598206,0.3191396561950306,0.6808603438049694,0.011791193212034923,0.23394475426978042,0.7660552457302195,0.0,0.005208918443951438,0.005208918443951438,0.019940262660384178,0.012568573467433453,0.9947910815560486,0.005208918443951438,0.03658512979745865,0.0028073329012840986,228459
acdc_b1_s42ctl_mit-b1_guard_dense_gap_j9258122,2026-07-11 16:06:15,acdc,val,all,student_skd,/scratch/gautschi/manors/hf_cache/hub/models--nvidia--mit-b1/snapshots/13ddceec4e8bdf401e7cd7acf5aebc526222518c,runs/mit-b1_skd_j9200315/student_skd.ckpt,skd,GOPR0402_frame_000384_rgb_anon,/home/manors/Guardrail-Distillation/data/acdc/rgb_anon/rain/val/GOPR0402/GOPR0402_frame_000384_rgb_anon.png,rain,0.4098886452023987,0.5901113547976014,0.916884183883667,0.9463487267494202,0.11938653141260147,0.1458519846200943,0.27789604663848877,0.8710625171661377,0.4123755991458893,-5.564721584320068,5.498772621154785,0.012313591316342354,0.06960916519165039,258170,3.756293037440628,13.300369726493955,11.823084263596684,0.3424684046674643,0.6575315953325357,84148,0.10486522024983563,0.8951347797501643,1153,0.14793400466442108,0.0012573421699926257,11.967730475589633,0.42771464586257935,0.5722853541374207,0.5279979109764099,0.5499626994132996,0.08080902695655823,0.5201912522315979,0.4798087477684021,0.5803447365760803,0.6252515316009521,0.4783375859260559,0.5201912522315979,0.4798087477684021,0.5201912522315979,0.4798087477684021,0.5057224960428918,0.49427750395710823,0.9237091541290283,0.4565934974930041,0.5434065025069958,0.11412509282553984,0.2099009900990099,0.7900990099009901,0.10503576984917418,0.09583385084049312,0.09583385084049312,0.03354378789663315,0.026718826964497566,0.9041661491595069,0.09583385084049312,0.06911724805831909,0.004082581028342247,216994
acdc_b1_s42ctl_mit-b1_guard_dense_gap_j9258122,2026-07-11 16:06:15,acdc,val,all,student_skd,/scratch/gautschi/manors/hf_cache/hub/models--nvidia--mit-b1/snapshots/13ddceec4e8bdf401e7cd7acf5aebc526222518c,runs/mit-b1_skd_j9200315/student_skd.ckpt,skd,GOPR0402_frame_000402_rgb_anon,/home/manors/Guardrail-Distillation/data/acdc/rgb_anon/rain/val/GOPR0402/GOPR0402_frame_000402_rgb_anon.png,rain,0.4573202769045712,0.5426797230954288,0.925807774066925,0.9584861397743225,0.11203689873218536,0.11168988794088364,0.2622739374637604,0.9029364585876465,0.3100043535232544,-6.31065034866333,6.258616924285889,0.013673984445631504,0.0573846660554409,251792,3.756293037440628,13.300369726493955,11.823084263596684,0.4242123354520031,0.5757876645479969,78248,0.2804266440630077,0.7195733559369923,4893,0.11332166194915771,0.0010336582781746984,11.967730475589633,0.42316821217536926,0.5768317878246307,0.5401363968849182,0.5555969476699829,0.039942968636751175,0.5099843740463257,0.4900156259536743,0.5341222882270813,0.5695844292640686,0.47469064593315125,0.5099843740463257,0.4900156259536743,0.5099843740463257,0.4900156259536743,0.5652259211562097,0.43477407884379027,0.9387509822845459,0.5317075585263185,0.46829244147368154,0.10749522307431536,0.4042311661506708,0.5957688338493292,0.12380452208766313,0.10790564425163851,0.10790564425163851,0.029039841145277023,0.01609661802649498,0.8920943557483615,0.10790564425163851,0.05829811841249466,0.0064100525341928005,221969
acdc_b1_s42ctl_mit-b1_guard_dense_gap_j9258122,2026-07-11 16:06:15,acdc,val,all,student_skd,/scratch/gautschi/manors/hf_cache/hub/models--nvidia--mit-b1/snapshots/13ddceec4e8bdf401e7cd7acf5aebc526222518c,runs/mit-b1_skd_j9200315/student_skd.ckpt,skd,GOPR0402_frame_000408_rgb_anon,/home/manors/Guardrail-Distillation/data/acdc/rgb_anon/rain/val/GOPR0402/GOPR0402_frame_000408_rgb_anon.png,rain,0.4351916787260989,0.5648083212739011,0.9066503047943115,0.9369292259216309,0.13775283098220825,0.18256229162216187,0.35148581862449646,0.8545758128166199,0.47928693890571594,-5.542794704437256,5.46235466003418,0.02740468457341194,0.08709636330604553,250906,3.747915499843657,13.310712238308042,11.814874247647822,0.2906619069055112,0.7093380930944888,79670,0.5066726353405566,0.4933273646594434,5711,0.18579421937465668,0.0022376952692866325,11.96839049225673,0.40539082884788513,0.5946091711521149,0.5415281653404236,0.570100724697113,0.10210416465997696,0.5255038738250732,0.47449612617492676,0.5825800895690918,0.6148664951324463,0.43082380294799805,0.5255038738250732,0.47449612617492676,0.5255038738250732,0.47449612617492676,0.41834302137046103,0.5816569786295389,0.9201692938804626,0.2861702298238188,0.7138297701761812,0.0,0.2988554046564744,0.7011445953435256,0.0,0.0,0.0,0.03351454436779022,0.019995536655187607,1.0,0.0,0.07338206470012665,0.0033080116845667362,205063
acdc_b1_s42ctl_mit-b1_guard_dense_gap_j9258122,2026-07-11 16:06:15,acdc,val,all,student_skd,/scratch/gautschi/manors/hf_cache/hub/models--nvidia--mit-b1/snapshots/13ddceec4e8bdf401e7cd7acf5aebc526222518c,runs/mit-b1_skd_j9200315/student_skd.ckpt,skd,GOPR0402_frame_000424_rgb_anon,/home/manors/Guardrail-Distillation/data/acdc/rgb_anon/rain/val/GOPR0402/GOPR0402_frame_000424_rgb_anon.png,rain,0.2567971529164035,0.7432028470835965,0.7857759594917297,0.9348897337913513,0.1345447152853012,0.17940565943717957,0.3273454010486603,0.8553236126899719,0.45819610357284546,-5.670310974121094,5.588768005371094,0.020353004336357117,0.0897977277636528,256031,3.747915499843657,13.310712238308042,11.814874247647822,0.20951137825756025,0.7904886217424397,83010,0.11918604651162791,0.8808139534883721,344,0.18194210529327393,0.0018230541609227657,11.96839049225673,0.4045831263065338,0.5954168736934662,0.5820823907852173,0.5967766642570496,0.1101660206913948,0.5275136828422546,0.47248631715774536,0.5964580774307251,0.6268587112426758,0.4266848862171173,0.5275136828422546,0.47248631715774536,0.5275136828422546,0.47248631715774536,0.41383141457423106,0.586168585425769,0.8314735889434814,0.35361682657737975,0.6463831734226202,0.14410544831981953,0.9418604651162791,0.05813953488372092,0.8226744186046512,0.15703426165782752,0.15703426165782752,0.0636133924126625,0.017915800213813782,0.8429657383421725,0.15703426165782752,0.09796860814094543,0.02340732328593731,207719
acdc_b1_s42ctl_mit-b1_guard_dense_gap_j9258122,2026-07-11 16:06:15,acdc,val,all,student_skd,/scratch/gautschi/manors/hf_cache/hub/models--nvidia--mit-b1/snapshots/13ddceec4e8bdf401e7cd7acf5aebc526222518c,runs/mit-b1_skd_j9200315/student_skd.ckpt,skd,GOPR0402_frame_000429_rgb_anon,/home/manors/Guardrail-Distillation/data/acdc/rgb_anon/rain/val/GOPR0402/GOPR0402_frame_000429_rgb_anon.png,rain,0.4765589233609669,0.5234410766390332,0.8740138411521912,0.9182417392730713,0.16796670854091644,0.2190452665090561,0.400402307510376,0.8326994776725769,0.5187765955924988,-5.280624866485596,5.170283794403076,0.058338463306427,0.11942692846059799,254909,3.747915499843657,13.310712238308042,11.814874247647822,0.3501909466304716,0.6498090533695284,81020,0.3050406504065041,0.6949593495934959,1063,0.22153913974761963,0.0017343764193356037,11.96839049225673,0.4249303340911865,0.5750696659088135,0.5517823100090027,0.5692222118377686,0.12317697703838348,0.5307554006576538,0.4692445993423462,0.6079922914505005,0.6696205735206604,0.46646255254745483,0.5307554006576538,0.4692445993423462,0.5307554006576538,0.4692445993423462,0.4598622817818437,0.5401377182181564,0.8676115870475769,0.34383131557831703,0.656168684421683,0.0,0.48167791706846674,0.5183220829315333,0.17663726666196267,0.0,0.0,0.019077396020293236,0.02547967992722988,1.0,0.0,0.09057742357254028,0.0016358778811991215,204118
acdc_b1_s42ctl_mit-b1_guard_dense_gap_j9258122,2026-07-11 16:06:15,acdc,val,all,student_skd,/scratch/gautschi/manors/hf_cache/hub/models--nvidia--mit-b1/snapshots/13ddceec4e8bdf401e7cd7acf5aebc526222518c,runs/mit-b1_skd_j9200315/student_skd.ckpt,skd,GOPR0402_frame_000435_rgb_anon,/home/manors/Guardrail-Distillation/data/acdc/rgb_anon/rain/val/GOPR0402/GOPR0402_frame_000435_rgb_anon.png,rain,0.422275191251276,0.577724808748724,0.8566339015960693,0.9225730895996094,0.15265454351902008,0.20904095470905304,0.3656536340713501,0.8393968939781189,0.4909493625164032,-5.428472518920898,5.328667640686035,0.03598587214946747,0.1129869818687439,256295,3.747915499843657,13.310712238308042,11.814874247647822,0.39234641848360374,0.6076535815163963,82346,0.20082449941107186,0.7991755005889282,1807,0.21257810294628143,0.0024443669244647026,11.96839049225673,0.4348229169845581,0.5651770830154419,0.5472397804260254,0.5730985403060913,0.09726779162883759,0.5242977738380432,0.4757022261619568,0.5967968106269836,0.6448957324028015,0.47809091210365295,0.5242977738380432,0.4757022261619568,0.5242977738380432,0.4757022261619568,0.6358671968199328,0.36413280318006724,0.9474667310714722,0.5433222185025823,0.45667778149741767,0.1509758000189786,0.9403594512248816,0.059640548775118374,0.7395349518138098,0.21359200556865676,0.21359200556865676,0.1041417047381401,0.013308881781995296,0.7864079944313432,0.21359200556865676,0.13495385646820068,0.0250999815762043,202238
acdc_b1_s42ctl_mit-b1_guard_dense_gap_j9258122,2026-07-11 16:06:16,acdc,val,all,student_skd,/scratch/gautschi/manors/hf_cache/hub/models--nvidia--mit-b1/snapshots/13ddceec4e8bdf401e7cd7acf5aebc526222518c,runs/mit-b1_skd_j9200315/student_skd.ckpt,skd,GOPR0402_frame_000441_rgb_anon,/home/manors/Guardrail-Distillation/data/acdc/rgb_anon/rain/val/GOPR0402/GOPR0402_frame_000441_rgb_anon.png,rain,0.3877420504062946,0.6122579495937054,0.856743335723877,0.9109613299369812,0.16482137143611908,0.23863433301448822,0.3973952829837799,0.8178339004516602,0.5630954504013062,-5.1742939949035645,5.057793140411377,0.04539814963936806,0.1336381882429123,253887,3.6531647201627493,13.3238400449045,11.796458973549306,0.315168601257597,0.6848313987424031,81762,0.1342042755344418,0.8657957244655582,1263,0.24207253754138947,0.0022501421626657248,11.993583291769028,0.4539341330528259,0.5460658669471741,0.5592141151428223,0.5798314809799194,0.10949563980102539,0.5273466110229492,0.4726533889770508,0.60369473695755,0.644641101360321,0.4812171459197998,0.5273466110229492,0.4726533889770508,0.5273466110229492,0.4726533889770508,0.4167107647177914,0.5832892352822086,0.8463450074195862,0.2995277486851144,0.7004722513148856,0.0,0.0166270783847981,0.9833729216152018,0.0,0.028968714311496835,0.028968714311496835,0.05298026278614998,0.06337858736515045,0.9710312856885032,0.028968714311496835,0.15977974236011505,0.005569406785070896,194428
acdc_b1_s42ctl_mit-b1_guard_dense_gap_j9258122,2026-07-11 16:06:16,acdc,val,all,student_skd,/scratch/gautschi/manors/hf_cache/hub/models--nvidia--mit-b1/snapshots/13ddceec4e8bdf401e7cd7acf5aebc526222518c,runs/mit-b1_skd_j9200315/student_skd.ckpt,skd,GOPR0402_frame_000457_rgb_anon,/home/manors/Guardrail-Distillation/data/acdc/rgb_anon/rain/val/GOPR0402/GOPR0402_frame_000457_rgb_anon.png,rain,0.5414201267724391,0.4585798732275609,0.8656089305877686,0.939844012260437,0.12247674912214279,0.16602514684200287,0.28137630224227905,0.8506998419761658,0.47598856687545776,-5.332943916320801,5.259509086608887,0.014250656589865685,0.07374617457389832,257532,3.6531647201627493,13.3238400449045,11.796458973549306,0.37821258400321595,0.621787415996784,83650,0.48547948591201184,0.5145205140879882,8100,0.16889183223247528,0.0015284051187336445,11.993583291769028,0.44980210065841675,0.5501978993415833,0.5791150331497192,0.5899131298065186,0.11994373798370361,0.5299500823020935,0.4700499176979065,0.5997939705848694,0.6306925415992737,0.48537737131118774,0.5299500823020935,0.4700499176979065,0.5299500823020935,0.4700499176979065,0.6829467842521364,0.3170532157478636,0.9313910603523254,0.4983614998926971,0.5016385001073029,0.12014891588948107,0.5203695764713495,0.4796304235286505,0.03489009055933767,0.14152665747969728,0.14152665747969728,0.08205970376729965,0.01627758890390396,0.8584733425203027,0.14152665747969728,0.10637512803077698,0.030539894476532936,210542
acdc_b1_s42ctl_mit-b1_guard_dense_gap_j9258122,2026-07-11 16:06:16,acdc,val,all,student_skd,/scratch/gautschi/manors/hf_cache/hub/models--nvidia--mit-b1/snapshots/13ddceec4e8bdf401e7cd7acf5aebc526222518c,runs/mit-b1_skd_j9200315/student_skd.ckpt,skd,GOPR0402_frame_000741_rgb_anon,/home/manors/Guardrail-Distillation/data/acdc/rgb_anon/rain/val/GOPR0402/GOPR0402_frame_000741_rgb_anon.png,rain,0.2666031460671056,0.7333968539328943,0.8270249366760254,0.9421716928482056,0.13798761367797852,0.15995648503303528,0.34652435779571533,0.8758831024169922,0.39892637729644775,-6.003220081329346,5.928166389465332,0.029721226543188095,0.08579908311367035,257089,3.6531647201627493,13.3238400449045,11.796458973549306,0.19148917154946132,0.8085108284505387,83095,0.19152339694246537,0.8084766030575347,1731,0.16233861446380615,0.001524337101727724,11.993583291769028,0.40451961755752563,0.5954803824424744,0.5348605513572693,0.5612151622772217,0.10895700752735138,0.5272123217582703,0.47278767824172974,0.5982427000999451,0.6695694923400879,0.45477357506752014,0.5272123217582703,0.47278767824172974,0.5272123217582703,0.47278767824172974,0.2983990545354152,0.7016009454645848,0.865217924118042,0.2216516068415907,0.7783483931584093,0.030162435292129364,0.20888903559080071,0.7911109644091993,0.017365638648335402,0.031795908468309486,0.031795908468309486,0.05431971326470375,0.016126710921525955,0.9682040915316905,0.031795908468309486,0.07793799042701721,0.011400721967220306,216750
acdc_b1_s42ctl_mit-b1_guard_dense_gap_j9258122,2026-07-11 16:06:16,acdc,val,all,student_skd,/scratch/gautschi/manors/hf_cache/hub/models--nvidia--mit-b1/snapshots/13ddceec4e8bdf401e7cd7acf5aebc526222518c,runs/mit-b1_skd_j9200315/student_skd.ckpt,skd,GOPR0402_frame_000748_rgb_anon,/home/manors/Guardrail-Distillation/data/acdc/rgb_anon/rain/val/GOPR0402/GOPR0402_frame_000748_rgb_anon.png,rain,0.24456354653119244,0.7554364534688076,0.8747929930686951,0.9354387521743774,0.1430964171886444,0.16984358429908752,0.340776652097702,0.866005003452301,0.42154204845428467,-5.8291015625,5.745771408081055,0.025855829939246178,0.09998486936092377,244587,3.6531647201627493,13.3238400449045,11.796458973549306,0.1949832070948524,0.8050167929051476,72107,0.05395204005416043,0.9460479599458396,4698,0.17189538478851318,0.001654247404076159,11.993583291769028,0.389474093914032,0.610525906085968,0.5008403062820435,0.5464012026786804,0.07944589853286743,0.51985102891922,0.48014897108078003,0.574591338634491,0.6161894798278809,0.44540935754776,0.51985102891922,0.48014897108078003,0.51985102891922,0.48014897108078003,0.29164012150577184,0.7083598784942282,0.8744782209396362,0.22771196965092194,0.772288030349078,0.0327287625560696,0.2473612335563277,0.7526387664436723,0.19340919350216723,0.0470765749745794,0.0470765749745794,0.022544125095009804,0.022858941927552223,0.9529234250254206,0.0470765749745794,0.06581298261880875,0.001909341081045568,201600
acdc_b1_s42ctl_mit-b1_guard_dense_gap_j9258122,2026-07-11 16:06:16,acdc,val,all,student_skd,/scratch/gautschi/manors/hf_cache/hub/models--nvidia--mit-b1/snapshots/13ddceec4e8bdf401e7cd7acf5aebc526222518c,runs/mit-b1_skd_j9200315/student_skd.ckpt,skd,GOPR0402_frame_000755_rgb_anon,/home/manors/Guardrail-Distillation/data/acdc/rgb_anon/rain/val/GOPR0402/GOPR0402_frame_000755_rgb_anon.png,rain,0.3632547593245191,0.6367452406754809,0.9101401567459106,0.9615153670310974,0.10365787893533707,0.1162264421582222,0.26633957028388977,0.8921619653701782,0.38086748123168945,-5.381076812744141,5.3337907791137695,0.010755904950201511,0.048068564385175705,250746,3.644241951406002,13.341642508748919,11.84803422074765,0.307318474753463,0.692681525246537,79523,0.21371101526211014,0.7862889847378899,30354,0.11922775208950043,0.0016776418779045343,12.037176231388003,0.42557939887046814,0.5744206011295319,0.5349526405334473,0.538659393787384,0.0539863295853138,0.5134932994842529,0.48650670051574707,0.5547712445259094,0.5788800716400146,0.4615040719509125,0.5134932994842529,0.48650670051574707,0.5134932994842529,0.48650670051574707,0.3107647973362139,0.689235202663786,0.9129797220230103,0.2913470849181474,0.7086529150818526,0.0,0.1912633605523468,0.8087366394476532,0.0,0.0,0.0,0.021463952958583832,0.018624424934387207,1.0,0.0,0.04852719604969025,0.0018345258431509137,221723
acdc_b1_s42ctl_mit-b1_guard_dense_gap_j9258122,2026-07-11 16:06:16,acdc,val,all,student_skd,/scratch/gautschi/manors/hf_cache/hub/models--nvidia--mit-b1/snapshots/13ddceec4e8bdf401e7cd7acf5aebc526222518c,runs/mit-b1_skd_j9200315/student_skd.ckpt,skd,GOPR0402_frame_000761_rgb_anon,/home/manors/Guardrail-Distillation/data/acdc/rgb_anon/rain/val/GOPR0402/GOPR0402_frame_000761_rgb_anon.png,rain,0.34508283517709615,0.6549171648229039,0.9220467209815979,0.9657573699951172,0.10425517708063126,0.09106338769197464,0.24239535629749298,0.9194867610931396,0.2643856406211853,-5.72382926940918,5.680640697479248,0.013230079784989357,0.04694928973913193,251548,3.644241951406002,13.341642508748919,11.84803422074765,0.2797744906231494,0.7202255093768506,83103,0.24919302775984506,0.7508069722401549,9341,0.09261785447597504,0.0011093938956037164,12.037176231388003,0.41208624839782715,0.5879137516021729,0.5143686532974243,0.552713930606842,0.04329225420951843,0.5108214020729065,0.4891785979270935,0.5282873511314392,0.5979079604148865,0.47311413288116455,0.5108214020729065,0.4891785979270935,0.5108214020729065,0.4891785979270935,0.31641294444281653,0.6835870555571835,0.9156105518341064,0.2680107141081719,0.7319892858918281,0.0,0.24706547490846437,0.7529345250915356,0.0,0.0,0.0,0.014359088614583015,0.02079523727297783,1.0,0.0,0.06439328193664551,0.0018525292398408055,227181
acdc_b1_s42ctl_mit-b1_guard_dense_gap_j9258122,2026-07-11 16:06:16,acdc,val,all,student_skd,/scratch/gautschi/manors/hf_cache/hub/models--nvidia--mit-b1/snapshots/13ddceec4e8bdf401e7cd7acf5aebc526222518c,runs/mit-b1_skd_j9200315/student_skd.ckpt,skd,GOPR0571_frame_000232_rgb_anon,/home/manors/Guardrail-Distillation/data/acdc/rgb_anon/rain/val/GOPR0571/GOPR0571_frame_000232_rgb_anon.png,rain,0.4549486429298092,0.5450513570701908,0.9030135869979858,0.9378871321678162,0.1305258572101593,0.16423097252845764,0.3016936779022217,0.8608826398849487,0.4294303059577942,-5.040381908416748,4.9628376960754395,0.01696074940264225,0.08312270790338516,252819,3.644241951406002,13.341642508748919,11.84803422074765,0.3313728090567681,0.668627190943232,81663,0.6153163734231997,0.38468362657680033,24508,0.16708868741989136,0.0020267274230718613,12.037176231388003,0.425759494304657,0.574240505695343,0.5570019483566284,0.5783388018608093,0.06972884386777878,0.5174251198768616,0.4825748801231384,0.5547110438346863,0.5794848203659058,0.4679338037967682,0.5174251198768616,0.4825748801231384,0.5174251198768616,0.4825748801231384,0.6492658609455282,0.3507341390544718,0.9375046491622925,0.5125392377103493,0.48746076228965074,0.18116642865358124,0.7673784588872039,0.2326215411127961,0.15206208546400424,0.194317218015719,0.194317218015719,0.05793077126145363,0.023439694195985794,0.805682781984281,0.194317218015719,0.09068542718887329,0.009168614633381367,206529
acdc_b1_s42ctl_mit-b1_guard_dense_gap_j9258122,2026-07-11 16:06:16,acdc,val,all,student_skd,/scratch/gautschi/manors/hf_cache/hub/models--nvidia--mit-b1/snapshots/13ddceec4e8bdf401e7cd7acf5aebc526222518c,runs/mit-b1_skd_j9200315/student_skd.ckpt,skd,GOPR0571_frame_000275_rgb_anon,/home/manors/Guardrail-Distillation/data/acdc/rgb_anon/rain/val/GOPR0571/GOPR0571_frame_000275_rgb_anon.png,rain,0.4762661222334536,0.5237338777665463,0.8682070970535278,0.9308527112007141,0.14014838635921478,0.17898283898830414,0.3238483965396881,0.8578633069992065,0.42612317204475403,-5.174349784851074,5.087140083312988,0.023898374289274216,0.09753576666116714,248678,3.644241951406002,13.341642508748919,11.84803422074765,0.31484891035360657,0.6851510896463935,79158,0.34870953676027405,0.651290463239726,17265,0.18117457628250122,0.0019242753041908145,12.037176231388003,0.44975563883781433,0.5502443611621857,0.5751222968101501,0.5870872735977173,0.10977081209421158,0.5274151563644409,0.4725848436355591,0.5985691547393799,0.6299314498901367,0.4837403893470764,0.5274151563644409,0.4725848436355591,0.5274151563644409,0.4725848436355591,0.526031667727609,0.473968332272391,0.9101850390434265,0.4069626686858615,0.5930373313141385,0.09211375833225499,0.4555080464476191,0.5444919535523809,0.10679850968734506,0.04976554549415535,0.04976554549415535,0.0640145093202591,0.02203652821481228,0.9502344545058447,0.04976554549415535,0.09960269927978516,0.017174819484353065,198699
acdc_b1_s42ctl_mit-b1_guard_dense_gap_j9258122,2026-07-11 16:06:16,acdc,val,all,student_skd,/scratch/gautschi/manors/hf_cache/hub/models--nvidia--mit-b1/snapshots/13ddceec4e8bdf401e7cd7acf5aebc526222518c,runs/mit-b1_skd_j9200315/student_skd.ckpt,skd,GOPR0572_frame_000736_rgb_anon,/home/manors/Guardrail-Distillation/data/acdc/rgb_anon/rain/val/GOPR0572/GOPR0572_frame_000736_rgb_anon.png,rain,0.35225565069680786,0.6477443493031921,0.8888323307037354,0.9365063309669495,0.1383000761270523,0.17585453391075134,0.33997586369514465,0.8562407493591309,0.4703691303730011,-5.388329982757568,5.307138919830322,0.026165084913372993,0.0867362916469574,243416,3.7562207435257733,13.306859706062824,11.823836772236973,0.2705288225349999,0.7294711774650001,77730,0.002336448598130841,0.9976635514018691,1712,0.17926481366157532,0.0023933264892548323,11.98236073832959,0.43198829889297485,0.5680117011070251,0.5632911920547485,0.5829962491989136,0.07443070411682129,0.5185990929603577,0.48140090703964233,0.5828090906143188,0.6201408505439758,0.4538421034812927,0.5185990929603577,0.48140090703964233,0.5185990929603577,0.48140090703964233,0.4821328705910199,0.51786712940898,0.9083914160728455,0.3825159644358877,0.6174840355641122,0.11198714190088788,0.5630841121495327,0.4369158878504673,0.5607476635514018,0.12987721989421208,0.12987721989421208,0.04206790030002594,0.022508792579174042,0.8701227801057879,0.12987721989421208,0.07312173396348953,0.006421106401830912,199348
acdc_b1_s42ctl_mit-b1_guard_dense_gap_j9258122,2026-07-11 16:06:16,acdc,val,all,student_skd,/scratch/gautschi/manors/hf_cache/hub/models--nvidia--mit-b1/snapshots/13ddceec4e8bdf401e7cd7acf5aebc526222518c,runs/mit-b1_skd_j9200315/student_skd.ckpt,skd,GOPR0572_frame_000740_rgb_anon,/home/manors/Guardrail-Distillation/data/acdc/rgb_anon/rain/val/GOPR0572/GOPR0572_frame_000740_rgb_anon.png,rain,0.3042411035157123,0.6957588964842877,0.8675398230552673,0.9418330788612366,0.13100329041481018,0.16140523552894592,0.3195796608924866,0.861167311668396,0.4604686498641968,-5.407266616821289,5.333594799041748,0.021803194656968117,0.07934293150901794,235837,3.7562207435257733,13.306859706062824,11.823836772236973,0.19882033117279532,0.8011796688272047,69425,0.4506985466593294,0.5493014533406706,3301,0.16463936865329742,0.002564098220318556,11.98236073832959,0.400418758392334,0.599581241607666,0.5598136782646179,0.5856012105941772,0.12122200429439545,0.5302684307098389,0.46973156929016113,0.6088796854019165,0.6449099779129028,0.4269840121269226,0.5302684307098389,0.46973156929016113,0.5302684307098389,0.46973156929016113,0.40111302853454883,0.5988869714654512,0.9042092561721802,0.26216703069864167,0.7378329693013583,0.06334669952584637,0.278466084009461,0.721533915990539,0.0,0.09687192501883646,0.09687192501883646,0.049220435321331024,0.012551041319966316,0.9031280749811635,0.09687192501883646,0.08598311245441437,0.005321471951901913,196964
acdc_b1_s42ctl_mit-b1_guard_dense_gap_j9258122,2026-07-11 16:06:16,acdc,val,all,student_skd,/scratch/gautschi/manors/hf_cache/hub/models--nvidia--mit-b1/snapshots/13ddceec4e8bdf401e7cd7acf5aebc526222518c,runs/mit-b1_skd_j9200315/student_skd.ckpt,skd,GOPR0572_frame_000748_rgb_anon,/home/manors/Guardrail-Distillation/data/acdc/rgb_anon/rain/val/GOPR0572/GOPR0572_frame_000748_rgb_anon.png,rain,0.44507179621587206,0.5549282037841279,0.862618088722229,0.9493247866630554,0.12594398856163025,0.13590353727340698,0.30313020944595337,0.8865062594413757,0.3678654730319977,-5.867773532867432,5.803243160247803,0.018682563677430153,0.07379735261201859,244399,3.7562207435257733,13.306859706062824,11.823836772236973,0.28469694811879603,0.715303051881204,78412,0.5199370409233998,0.48006295907660024,1906,0.13900800049304962,0.0020374502055346966,11.98236073832959,0.3840405344963074,0.6159594655036926,0.5404432415962219,0.5686458945274353,0.06637023389339447,0.5165864825248718,0.4834135174751282,0.5527343153953552,0.5918148756027222,0.4169030785560608,0.5165864825248718,0.4834135174751282,0.5165864825248718,0.4834135174751282,0.35266284377643287,0.6473371562235671,0.8397170305252075,0.33394890609263894,0.6660510939073611,0.049251957973842964,0.7366211962224554,0.26337880377754463,0.2166841552990556,0.0,0.0,0.027729246765375137,0.050630323588848114,1.0,0.0,0.09836374223232269,0.004815895110368729,209785
acdc_b1_s42ctl_mit-b1_guard_dense_gap_j9258122,2026-07-11 16:06:16,acdc,val,all,student_skd,/scratch/gautschi/manors/hf_cache/hub/models--nvidia--mit-b1/snapshots/13ddceec4e8bdf401e7cd7acf5aebc526222518c,runs/mit-b1_skd_j9200315/student_skd.ckpt,skd,GOPR0572_frame_000752_rgb_anon,/home/manors/Guardrail-Distillation/data/acdc/rgb_anon/rain/val/GOPR0572/GOPR0572_frame_000752_rgb_anon.png,rain,0.42782849129448236,0.5721715087055177,0.878125011920929,0.9443261623382568,0.1259772926568985,0.15091219544410706,0.2959374785423279,0.8724695444107056,0.4048290550708771,-6.081440448760986,6.011909008026123,0.01784714125096798,0.0764341950416565,232082,3.7562207435257733,13.306859706062824,11.823836772236973,0.2718605772765769,0.728139422723423,65319,0.0,1.0,257,0.15385769307613373,0.0018302020616829395,11.98236073832959,0.38531842827796936,0.6146815717220306,0.5522506833076477,0.5732309818267822,0.08514036238193512,0.5212722420692444,0.4787277579307556,0.5865205526351929,0.6232271790504456,0.4167023301124573,0.5212722420692444,0.4787277579307556,0.5212722420692444,0.4787277579307556,0.4974496537417875,0.5025503462582125,0.9322998523712158,0.36665350696805077,0.6333464930319492,0.09479292969147379,0.01556420233463035,0.9844357976653697,0.015564202334630295,0.06962116244730521,0.06962116244730521,0.08836101740598679,0.03418619558215141,0.9303788375526948,0.06962116244730521,0.1280280351638794,0.03346662223339081,194811
acdc_b1_s42ctl_mit-b1_guard_dense_gap_j9258122,2026-07-11 16:06:16,acdc,val,all,student_skd,/scratch/gautschi/manors/hf_cache/hub/models--nvidia--mit-b1/snapshots/13ddceec4e8bdf401e7cd7acf5aebc526222518c,runs/mit-b1_skd_j9200315/student_skd.ckpt,skd,GOPR0572_frame_000756_rgb_anon,/home/manors/Guardrail-Distillation/data/acdc/rgb_anon/rain/val/GOPR0572/GOPR0572_frame_000756_rgb_anon.png,rain,0.3105592164787655,0.6894407835212345,0.8936264514923096,0.9450024366378784,0.1361618936061859,0.15629605948925018,0.34552910923957825,0.8746578097343445,0.4210854768753052,-5.825223445892334,5.753454685211182,0.030157558619976044,0.08127720654010773,234137,3.6846649600192904,13.36675020866096,11.8819972849451,0.21977152310389883,0.7802284768961012,63465,0.22697859631657544,0.7730214036834245,2009,0.15939399600028992,0.002701966091990471,12.000933231320232,0.39707151055336,0.60292848944664,0.5642537474632263,0.5787367820739746,0.0960632786154747,0.5239973664283752,0.47600263357162476,0.588040292263031,0.6331444382667542,0.4346286654472351,0.5239973664283752,0.47600263357162476,0.5239973664283752,0.47600263357162476,0.38644760196351474,0.6135523980364852,0.9185178279876709,0.2947109314436805,0.7052890685563196,0.07493940833978163,0.35390741662518665,0.6460925833748133,0.1269288203086112,0.0758883854847493,0.0758883854847493,0.06529510766267776,0.04040369763970375,0.9241116145152507,0.0758883854847493,0.1227102130651474,0.024276386946439743,200245
acdc_b1_s42ctl_mit-b1_guard_dense_gap_j9258122,2026-07-11 16:06:16,acdc,val,all,student_skd,/scratch/gautschi/manors/hf_cache/hub/models--nvidia--mit-b1/snapshots/13ddceec4e8bdf401e7cd7acf5aebc526222518c,runs/mit-b1_skd_j9200315/student_skd.ckpt,skd,GOPR0572_frame_000760_rgb_anon,/home/manors/Guardrail-Distillation/data/acdc/rgb_anon/rain/val/GOPR0572/GOPR0572_frame_000760_rgb_anon.png,rain,0.2584556730181278,0.7415443269818722,0.7658080458641052,0.9283652305603027,0.13728748261928558,0.18456783890724182,0.29713886976242065,0.8414493799209595,0.48167750239372253,-5.338533401489258,5.249627113342285,0.020217644050717354,0.09958736598491669,239197,3.6846649600192904,13.36675020866096,11.8819972849451,0.24847350120947878,0.7515264987905212,76825,0.44406130268199234,0.5559386973180076,2610,0.1874011904001236,0.0024477001279592514,12.000933231320232,0.40381887555122375,0.5961811244487762,0.5662854909896851,0.5848870873451233,0.17020799219608307,0.5424495339393616,0.4575504660606384,0.627621054649353,0.6796711683273315,0.43285325169563293,0.5424495339393616,0.4575504660606384,0.5424495339393616,0.4575504660606384,0.35767410298161084,0.6423258970183892,0.8682424426078796,0.38828497465608824,0.6117150253439118,0.1398114734466095,0.45229885057471264,0.5477011494252874,0.008237547892720243,0.09921842996348307,0.09921842996348307,0.12576662003993988,0.023332230746746063,0.9007815700365169,0.09921842996348307,0.18076731264591217,0.06291466951370239,188897
acdc_b1_s42ctl_mit-b1_guard_dense_gap_j9258122,2026-07-11 16:06:16,acdc,val,all,student_skd,/scratch/gautschi/manors/hf_cache/hub/models--nvidia--mit-b1/snapshots/13ddceec4e8bdf401e7cd7acf5aebc526222518c,runs/mit-b1_skd_j9200315/student_skd.ckpt,skd,GOPR0572_frame_000773_rgb_anon,/home/manors/Guardrail-Distillation/data/acdc/rgb_anon/rain/val/GOPR0572/GOPR0572_frame_000773_rgb_anon.png,rain,0.24584004436297674,0.7541599556370233,0.7898877859115601,0.9072453379631042,0.1544864922761917,0.2502773106098175,0.369142085313797,0.8042738437652588,0.5929698944091797,-4.573847770690918,4.457141876220703,0.03018500842154026,0.13331347703933716,228259,3.6846649600192904,13.36675020866096,11.8819972849451,0.12822575645730003,0.8717742435427,57419,0.0,1.0,538,0.2531265318393707,0.0025125029496848583,12.000933231320232,0.4651115834712982,0.5348884165287018,0.5686963200569153,0.5913931727409363,0.15909425914287567,0.5396898984909058,0.46031010150909424,0.6414231061935425,0.6888739466667175,0.48511698842048645,0.5396898984909058,0.46031010150909424,0.5396898984909058,0.46031010150909424,0.37546650093376144,0.6245334990662386,0.890304446220398,0.27218527228408523,0.7278147277159148,0.14395951582678512,0.30018587360594795,0.699814126394052,0.30018587360594795,0.12962645657078475,0.12962645657078475,0.11830420792102814,0.017887575551867485,0.8703735434292152,0.12962645657078475,0.17601057887077332,0.03944641724228859,167752
acdc_b1_s42ctl_mit-b1_guard_dense_gap_j9258122,2026-07-11 16:06:16,acdc,val,all,student_skd,/scratch/gautschi/manors/hf_cache/hub/models--nvidia--mit-b1/snapshots/13ddceec4e8bdf401e7cd7acf5aebc526222518c,runs/mit-b1_skd_j9200315/student_skd.ckpt,skd,GOPR0572_frame_000778_rgb_anon,/home/manors/Guardrail-Distillation/data/acdc/rgb_anon/rain/val/GOPR0572/GOPR0572_frame_000778_rgb_anon.png,rain,0.39155876614957164,0.6084412338504284,0.7736517190933228,0.9387126564979553,0.12798909842967987,0.16372787952423096,0.29148760437965393,0.8541332483291626,0.4632847309112549,-4.4239606857299805,4.347959995269775,0.016354043036699295,0.08100182563066483,234254,3.6846649600192904,13.36675020866096,11.8819972849451,0.23490708570730595,0.7650929142926941,78607,0.9332386363636364,0.06676136363636365,6336,0.16693328320980072,0.002248970326036215,12.000933231320232,0.4611891806125641,0.5388108193874359,0.5795053243637085,0.5897719264030457,0.09013981372117996,0.5225197076797485,0.47748029232025146,0.5683776140213013,0.6118120551109314,0.46483176946640015,0.5225197076797485,0.47748029232025146,0.5225197076797485,0.47748029232025146,0.3987629204437907,0.6012370795562093,0.8321139216423035,0.28556675756016064,0.7144332424398394,0.05065967185285469,0.4711963383838384,0.5288036616161615,0.0,0.007204154294219056,0.007204154294219056,0.0645880177617073,0.0061258296482264996,0.9927958457057809,0.007204154294219056,0.08304234594106674,0.010932577773928642,192942
acdc_b1_s42ctl_mit-b1_guard_dense_gap_j9258122,2026-07-11 16:06:17,acdc,val,all,student_skd,/scratch/gautschi/manors/hf_cache/hub/models--nvidia--mit-b1/snapshots/13ddceec4e8bdf401e7cd7acf5aebc526222518c,runs/mit-b1_skd_j9200315/student_skd.ckpt,skd,GOPR0572_frame_000820_rgb_anon,/home/manors/Guardrail-Distillation/data/acdc/rgb_anon/rain/val/GOPR0572/GOPR0572_frame_000820_rgb_anon.png,rain,0.3565571323856793,0.6434428676143207,0.8968854546546936,0.9826898574829102,0.06953965872526169,0.04748300462961197,0.15871281921863556,0.9507604241371155,0.17300331592559814,-5.910869121551514,5.889969348907471,0.002955755917355418,0.021131450310349464,249344,3.7566880346275866,13.3192622452043,11.815514008048922,0.2823088217477519,0.7176911782522482,76573,0.2974969474969475,0.7025030525030524,5523,0.04823707416653633,0.0004171297769062221,11.947987775783986,0.4589105546474457,0.5410894453525543,0.5450102686882019,0.5555782914161682,0.013866925612092018,0.5034666657447815,0.4965333342552185,0.516448438167572,0.5350909233093262,0.5153211951255798,0.5034666657447815,0.4965333342552185,0.5034666657447815,0.4965333342552185,0.34430563396232877,0.6556943660376713,0.8793755173683167,0.24485712564502382,0.7551428743549762,0.0,0.3051282051282051,0.6948717948717948,0.007631257631257604,0.0,0.0,0.011065035127103329,0.028574982658028603,1.0,0.0,0.047316160053014755,0.0021977669093757868,236594
acdc_b1_s42ctl_mit-b1_guard_dense_gap_j9258122,2026-07-11 16:06:17,acdc,val,all,student_skd,/scratch/gautschi/manors/hf_cache/hub/models--nvidia--mit-b1/snapshots/13ddceec4e8bdf401e7cd7acf5aebc526222518c,runs/mit-b1_skd_j9200315/student_skd.ckpt,skd,GOPR0572_frame_000825_rgb_anon,/home/manors/Guardrail-Distillation/data/acdc/rgb_anon/rain/val/GOPR0572/GOPR0572_frame_000825_rgb_anon.png,rain,0.48612031584442333,0.5138796841555766,0.881377100944519,0.9699147939682007,0.08420991152524948,0.08400727808475494,0.1892145723104477,0.9168409109115601,0.26978564262390137,-5.582241535186768,5.546700477600098,0.0028353717643767595,0.03199303522706032,254993,3.7566880346275866,13.3192622452043,11.815514008048922,0.32223865990153056,0.6777613400984694,81069,0.17740232312565998,0.82259767687434,954,0.085685133934021,0.0010622674599289894,11.947987775783986,0.4618578255176544,0.5381421744823456,0.5797339081764221,0.5852368474006653,0.040135353803634644,0.5100324749946594,0.4899675250053406,0.5385327935218811,0.5504379272460938,0.48705723881721497,0.5100324749946594,0.4899675250053406,0.5100324749946594,0.4899675250053406,0.48479126620426033,0.5152087337957396,0.9534339904785156,0.37906172005961614,0.6209382799403839,0.05682306015808558,0.38173178458289336,0.6182682154171066,0.2043294614572334,0.0,0.0,0.0800335630774498,0.007976689375936985,1.0,0.0,0.09028875082731247,0.05913103371858597,232072
acdc_b1_s42ctl_mit-b1_guard_dense_gap_j9258122,2026-07-11 16:06:17,acdc,val,all,student_skd,/scratch/gautschi/manors/hf_cache/hub/models--nvidia--mit-b1/snapshots/13ddceec4e8bdf401e7cd7acf5aebc526222518c,runs/mit-b1_skd_j9200315/student_skd.ckpt,skd,GOPR0572_frame_000830_rgb_anon,/home/manors/Guardrail-Distillation/data/acdc/rgb_anon/rain/val/GOPR0572/GOPR0572_frame_000830_rgb_anon.png,rain,0.44666259876169556,0.5533374012383044,0.8795503973960876,0.9515082836151123,0.11447460204362869,0.13272544741630554,0.26842939853668213,0.8815445303916931,0.3818845748901367,-5.492919921875,5.433432102203369,0.011146503500640392,0.0640774741768837,234513,3.7566880346275866,13.3192622452043,11.815514008048922,0.3365147502535299,0.66348524974647,61195,0.5202514525652018,0.4797485474347982,6900,0.13494081795215607,0.001318331342190504,11.947987775783986,0.47448843717575073,0.5255115628242493,0.5566383004188538,0.5760220885276794,0.07416833937168121,0.5185335874557495,0.4814664125442505,0.5664053559303284,0.6124369502067566,0.49007099866867065,0.5185335874557495,0.4814664125442505,0.5185335874557495,0.4814664125442505,0.4448802435163718,0.5551197564836282,0.886611819267273,0.33153207584030514,0.6684679241596949,0.0,0.5804186223628985,0.41958137763710146,0.06016716979769676,0.0,0.0,0.050602737814188004,0.04354129731655121,1.0,0.0,0.10422023385763168,0.009526124224066734,200664
acdc_b1_s42ctl_mit-b1_guard_dense_gap_j9258122,2026-07-11 16:06:17,acdc,val,all,student_skd,/scratch/gautschi/manors/hf_cache/hub/models--nvidia--mit-b1/snapshots/13ddceec4e8bdf401e7cd7acf5aebc526222518c,runs/mit-b1_skd_j9200315/student_skd.ckpt,skd,GOPR0572_frame_000836_rgb_anon,/home/manors/Guardrail-Distillation/data/acdc/rgb_anon/rain/val/GOPR0572/GOPR0572_frame_000836_rgb_anon.png,rain,0.3405601586116061,0.659439841388394,0.86453777551651,0.9558889865875244,0.11183574050664902,0.11704184114933014,0.2541351616382599,0.8946500420570374,0.34085512161254883,-5.197980880737305,5.143552303314209,0.010740195401012897,0.06077992171049118,250461,3.7566880346275866,13.3192622452043,11.815514008048922,0.2673677318986473,0.7326322681013526,77615,0.46887470071827614,0.5311252992817239,1753,0.11886609345674515,0.0010282760486006737,11.947987775783986,0.4698944091796875,0.5301055908203125,0.5594912767410278,0.5788253545761108,0.07213113456964493,0.5180249214172363,0.48197507858276367,0.5561066269874573,0.6117335557937622,0.5097934007644653,0.5180249214172363,0.48197507858276367,0.5180249214172363,0.48197507858276367,0.3804813060521602,0.6195186939478399,0.8836265802383423,0.3263633407814837,0.6736366592185163,0.05899560888283628,0.3437678278952502,0.6562321721047498,0.0,0.03992114744055408,0.03992114744055408,0.030316097661852837,0.01122729666531086,0.9600788525594459,0.03992114744055408,0.0797329768538475,0.007881466299295425,218008
acdc_b1_s42ctl_mit-b1_guard_dense_gap_j9258122,2026-07-11 16:06:17,acdc,val,all,student_skd,/scratch/gautschi/manors/hf_cache/hub/models--nvidia--mit-b1/snapshots/13ddceec4e8bdf401e7cd7acf5aebc526222518c,runs/mit-b1_skd_j9200315/student_skd.ckpt,skd,GOPR0572_frame_000860_rgb_anon,/home/manors/Guardrail-Distillation/data/acdc/rgb_anon/rain/val/GOPR0572/GOPR0572_frame_000860_rgb_anon.png,rain,0.32842770396329146,0.6715722960367085,0.8488374948501587,0.9395569562911987,0.13533595204353333,0.15569348633289337,0.31138548254966736,0.8719592094421387,0.4080814719200134,-3.8535163402557373,3.776923656463623,0.02187933959066868,0.09205331653356552,239861,3.7476305151358247,13.382498000282794,11.806139023974538,0.18218855541419188,0.8178114445858081,69589,0.4691199176531137,0.5308800823468862,3907,0.1584172546863556,0.002195182489231229,11.999470996670425,0.5060754418373108,0.4939245581626892,0.5677490234375,0.5875227451324463,0.09302058070898056,0.5232383608818054,0.4767616391181946,0.5803492069244385,0.639327347278595,0.503290593624115,0.5232383608818054,0.4767616391181946,0.5232383608818054,0.4767616391181946,0.40420002444000097,0.595799975559999,0.9292507171630859,0.2586341778116583,0.7413658221883417,0.07644562239746644,0.4637829536728948,0.5362170463271052,0.0,0.07577232047670956,0.07577232047670956,0.08366929739713669,0.0032560524996370077,0.9242276795232904,0.07577232047670956,0.11572953313589096,0.009417954832315445,198708
acdc_b1_s42ctl_mit-b1_guard_dense_gap_j9258122,2026-07-11 16:06:17,acdc,val,all,student_skd,/scratch/gautschi/manors/hf_cache/hub/models--nvidia--mit-b1/snapshots/13ddceec4e8bdf401e7cd7acf5aebc526222518c,runs/mit-b1_skd_j9200315/student_skd.ckpt,skd,GP010400_frame_000214_rgb_anon,/home/manors/Guardrail-Distillation/data/acdc/rgb_anon/rain/val/GP010400/GP010400_frame_000214_rgb_anon.png,rain,0.464288228745865,0.535711771254135,0.8676689863204956,0.9135786294937134,0.1643921136856079,0.22580315172672272,0.38570061326026917,0.8332339525222778,0.49438971281051636,-5.5505571365356445,5.437274932861328,0.04861665517091751,0.12905952334403992,235372,3.7476305151358247,13.382498000282794,11.806139023974538,0.25922595573578017,0.7407740442642199,66740,0.05215742057847322,0.9478425794215268,1135,0.22882533073425293,0.0021346418652683496,11.999470996670425,0.4210303723812103,0.5789696276187897,0.5551163554191589,0.5784434080123901,0.1581043004989624,0.5394439697265625,0.4605560302734375,0.6356446146965027,0.6711554527282715,0.4665067493915558,0.5394439697265625,0.4605560302734375,0.5394439697265625,0.4605560302734375,0.41749518921978723,0.5825048107802128,0.8603614568710327,0.2765169377151336,0.7234830622848665,0.017290981979353415,0.24031737939210054,0.7596826206078995,0.18815995881362735,0.0,0.0,0.030419928953051567,0.037727512419223785,1.0,0.0,0.10589619725942612,0.003530581248924136,180319
acdc_b1_s42ctl_mit-b1_guard_dense_gap_j9258122,2026-07-11 16:06:17,acdc,val,all,student_skd,/scratch/gautschi/manors/hf_cache/hub/models--nvidia--mit-b1/snapshots/13ddceec4e8bdf401e7cd7acf5aebc526222518c,runs/mit-b1_skd_j9200315/student_skd.ckpt,skd,GP010400_frame_000234_rgb_anon,/home/manors/Guardrail-Distillation/data/acdc/rgb_anon/rain/val/GP010400/GP010400_frame_000234_rgb_anon.png,rain,0.3637447484450416,0.6362552515549584,0.8293353319168091,0.9422348141670227,0.13169027864933014,0.15746577084064484,0.31605932116508484,0.8701860308647156,0.41127437353134155,-5.673546314239502,5.600178241729736,0.021827444434165955,0.08076412975788116,232368,3.7476305151358247,13.382498000282794,11.806139023974538,0.20608470291903652,0.7939152970809635,70161,0.05851358846367166,0.9414864115363284,1411,0.16062098741531372,0.0018526260973885655,11.999470996670425,0.4328984320163727,0.5671015679836273,0.5836371779441833,0.5978273749351501,0.13430163264274597,0.5335250496864319,0.4664749503135681,0.6320077776908875,0.6717708706855774,0.4690631031990051,0.5335250496864319,0.4664749503135681,0.5335250496864319,0.4664749503135681,0.4644420980677476,0.5355579019322524,0.8572393655776978,0.31140708833214664,0.6885929116678533,0.10532238541311023,0.4113203463203463,0.5886796536796537,0.3528067578566747,0.10069734962270604,0.10069734962270604,0.052941884845495224,0.025037869811058044,0.899302650377294,0.10069734962270604,0.14682744443416595,0.024986227974295616,194699
acdc_b1_s42ctl_mit-b1_guard_dense_gap_j9258122,2026-07-11 16:06:17,acdc,val,all,student_skd,/scratch/gautschi/manors/hf_cache/hub/models--nvidia--mit-b1/snapshots/13ddceec4e8bdf401e7cd7acf5aebc526222518c,runs/mit-b1_skd_j9200315/student_skd.ckpt,skd,GP010400_frame_000290_rgb_anon,/home/manors/Guardrail-Distillation/data/acdc/rgb_anon/rain/val/GP010400/GP010400_frame_000290_rgb_anon.png,rain,0.49644471107274435,0.5035552889272557,0.8696669936180115,0.927274763584137,0.14642976224422455,0.19043098390102386,0.3394051194190979,0.8491805791854858,0.45495903491973877,-5.532926559448242,5.4399333000183105,0.029098208993673325,0.10496257245540619,243039,3.7476305151358247,13.382498000282794,11.806139023974538,0.3720621121755056,0.6279378878244943,72059,0.2519243200853448,0.7480756799146552,1720,0.193473219871521,0.002242844086140394,11.999470996670425,0.4359205663204193,0.5640794336795807,0.5558790564537048,0.5737594962120056,0.09945271909236908,0.5248426795005798,0.47515732049942017,0.5951815247535706,0.6300036311149597,0.45720937848091125,0.5248426795005798,0.47515732049942017,0.5248426795005798,0.47515732049942017,0.5203164755172813,0.47968352448271867,0.875365674495697,0.3921214648565972,0.6078785351434028,0.02005935268109149,0.49326269430708064,0.5067373056929194,0.24133837422173576,0.02387176444453698,0.02387176444453698,0.0345335528254509,0.028834877535700798,0.976128235555463,0.02387176444453698,0.08320475369691849,0.0032998817041516304,193502
acdc_b1_s42ctl_mit-b1_guard_dense_gap_j9258122,2026-07-11 16:06:17,acdc,val,all,student_skd,/scratch/gautschi/manors/hf_cache/hub/models--nvidia--mit-b1/snapshots/13ddceec4e8bdf401e7cd7acf5aebc526222518c,runs/mit-b1_skd_j9200315/student_skd.ckpt,skd,GP010400_frame_000350_rgb_anon,/home/manors/Guardrail-Distillation/data/acdc/rgb_anon/rain/val/GP010400/GP010400_frame_000350_rgb_anon.png,rain,0.4723935947778158,0.5276064052221843,0.9144976139068604,0.9398653507232666,0.12600839138031006,0.15801319479942322,0.2764957547187805,0.8620783686637878,0.41909506916999817,-5.441640853881836,5.36747932434082,0.016028841957449913,0.07992872595787048,241315,3.76515049720183,13.325874984730035,11.800269014202058,0.3449890757243255,0.6550109242756745,70983,0.540498974709501,0.45950102529049897,11747,0.16033056378364563,0.0012530704261735082,11.986905767116696,0.45070013403892517,0.5492998659610748,0.5586739182472229,0.57989501953125,0.09549623727798462,0.5238559246063232,0.47614407539367676,0.5691199898719788,0.6065996885299683,0.4998001754283905,0.5238559246063232,0.47614407539367676,0.5238559246063232,0.47614407539367676,0.5542320512012101,0.4457679487987899,0.8973292112350464,0.37893784644708894,0.6210621535529111,0.03394877072276348,0.7326764329729101,0.2673235670270899,0.19217745826340904,0.08183845642339438,0.08183845642339438,0.04815283045172691,0.06532125920057297,0.9181615435766056,0.08183845642339438,0.1242939680814743,0.00525868684053421,199394
acdc_b1_s42ctl_mit-b1_guard_dense_gap_j9258122,2026-07-11 16:06:17,acdc,val,all,student_skd,/scratch/gautschi/manors/hf_cache/hub/models--nvidia--mit-b1/snapshots/13ddceec4e8bdf401e7cd7acf5aebc526222518c,runs/mit-b1_skd_j9200315/student_skd.ckpt,skd,GP010400_frame_000360_rgb_anon,/home/manors/Guardrail-Distillation/data/acdc/rgb_anon/rain/val/GP010400/GP010400_frame_000360_rgb_anon.png,rain,0.31614630775624586,0.6838536922437541,0.8753752708435059,0.9446200132369995,0.12801331281661987,0.14748986065387726,0.2992529571056366,0.8767647743225098,0.3854042589664459,-5.833195209503174,5.763420104980469,0.01955791562795639,0.07794508337974548,212855,3.76515049720183,13.325874984730035,11.800269014202058,0.19887079956432566,0.8011292004356744,42959,0.2030431937172775,0.7969568062827225,7161,0.1500691920518875,0.0017602862790226936,11.986905767116696,0.4065343737602234,0.5934656262397766,0.5552292466163635,0.5663731098175049,0.07945618033409119,0.5198535919189453,0.4801464080810547,0.5698601603507996,0.6022652387619019,0.4484720230102539,0.5198535919189453,0.4801464080810547,0.5198535919189453,0.4801464080810547,0.4130884342622442,0.5869115657377558,0.9344013929367065,0.3181328524641199,0.6818671475358802,0.11926205289979419,0.23922087745839637,0.7607791225416036,0.03617768374111885,0.09694212650599832,0.09694212650599832,0.07251415401697159,0.01348805520683527,0.9030578734940017,0.09694212650599832,0.10384064167737961,0.03069695457816124,178987
acdc_b1_s42ctl_mit-b1_guard_dense_gap_j9258122,2026-07-11 16:06:17,acdc,val,all,student_skd,/scratch/gautschi/manors/hf_cache/hub/models--nvidia--mit-b1/snapshots/13ddceec4e8bdf401e7cd7acf5aebc526222518c,runs/mit-b1_skd_j9200315/student_skd.ckpt,skd,GP010400_frame_000380_rgb_anon,/home/manors/Guardrail-Distillation/data/acdc/rgb_anon/rain/val/GP010400/GP010400_frame_000380_rgb_anon.png,rain,0.38480099130539414,0.6151990086946059,0.8521489500999451,0.9301022887229919,0.13316281139850616,0.1771121323108673,0.2876124083995819,0.8495876789093018,0.45119762420654297,-4.732820510864258,4.646999359130859,0.012608949095010757,0.09766887128353119,212944,3.76515049720183,13.325874984730035,11.800269014202058,0.2817077873765964,0.7182922126234036,58088,0.4111890694239291,0.5888109305760709,4190,0.1803240329027176,0.002600557403638959,11.986905767116696,0.4875650703907013,0.5124349296092987,0.5924053192138672,0.6054023504257202,0.13259899616241455,0.5331012606620789,0.46689873933792114,0.5966680645942688,0.6420800089836121,0.506449818611145,0.5331012606620789,0.46689873933792114,0.5331012606620789,0.46689873933792114,0.42101603374659635,0.5789839662534036,0.903697669506073,0.2977096251209665,0.7022903748790335,0.01600183774437014,0.5259430159954336,0.4740569840045664,0.1147539465715045,0.036215042441202216,0.036215042441202216,0.08241603523492813,0.03086727112531662,0.9637849575587978,0.036215042441202216,0.14385941624641418,0.020817680284380913,167790
acdc_b1_s42ctl_mit-b1_guard_dense_gap_j9258122,2026-07-11 16:06:17,acdc,val,all,student_skd,/scratch/gautschi/manors/hf_cache/hub/models--nvidia--mit-b1/snapshots/13ddceec4e8bdf401e7cd7acf5aebc526222518c,runs/mit-b1_skd_j9200315/student_skd.ckpt,skd,GP020402_frame_000599_rgb_anon,/home/manors/Guardrail-Distillation/data/acdc/rgb_anon/rain/val/GP020402/GP020402_frame_000599_rgb_anon.png,rain,0.3715080228526729,0.6284919771473271,0.7292802333831787,0.9196625351905823,0.15129102766513824,0.21522274613380432,0.35178714990615845,0.823493480682373,0.5596847534179688,-3.9568381309509277,3.8546838760375977,0.03087563067674637,0.12105842679738998,245080,3.76515049720183,13.325874984730035,11.800269014202058,0.2175244585779689,0.7824755414220311,82811,0.511470230385808,0.48852976961419203,5535,0.2208971530199051,0.0048953392542898655,11.986905767116696,0.4242880940437317,0.5757119059562683,0.5781294107437134,0.5886884927749634,0.11161749064922333,0.5278754234313965,0.4721245765686035,0.5684162974357605,0.591782808303833,0.41263696551322937,0.5278754234313965,0.4721245765686035,0.5278754234313965,0.4721245765686035,0.4116035289656721,0.5883964710343279,0.7555818557739258,0.30480456198448697,0.695195438015513,0.08728010340651815,0.48974645786726323,0.5102535421327368,0.0,0.04009550611299917,0.04009550611299917,0.03531091660261154,0.009009302593767643,0.9599044938870008,0.04009550611299917,0.23728986084461212,0.012444915249943733,190081
acdc_b1_s42ctl_mit-b1_guard_dense_gap_j9258122,2026-07-11 16:06:17,acdc,val,all,student_skd,/scratch/gautschi/manors/hf_cache/hub/models--nvidia--mit-b1/snapshots/13ddceec4e8bdf401e7cd7acf5aebc526222518c,runs/mit-b1_skd_j9200315/student_skd.ckpt,skd,GP020402_frame_000615_rgb_anon,/home/manors/Guardrail-Distillation/data/acdc/rgb_anon/rain/val/GP020402/GP020402_frame_000615_rgb_anon.png,rain,0.4863656833114351,0.5136343166885649,0.8597617745399475,0.9519837498664856,0.11714329570531845,0.13056793808937073,0.2700476050376892,0.8792814016342163,0.3990461528301239,-5.52893590927124,5.469166278839111,0.01451529748737812,0.0644848495721817,257797,3.6468819598667324,13.32507748156786,11.82267424883321,0.3625552129821981,0.6374447870178019,83805,0.5732518370609735,0.4267481629390265,5571,0.13310252130031586,0.001744268462061882,12.052023783326149,0.4456154406070709,0.5543845593929291,0.5455607771873474,0.5606862306594849,0.08040326088666916,0.5200899839401245,0.4799100160598755,0.5535575151443481,0.6043719053268433,0.46280616521835327,0.5200899839401245,0.4799100160598755,0.5200899839401245,0.4799100160598755,0.5920256248302919,0.40797437516970814,0.9083349108695984,0.5192165579134748,0.48078344208652524,0.1566613449312767,0.6144975955365726,0.38550240446342743,0.04124575847559908,0.10565994151885671,0.10565994151885671,0.059224896132946014,0.010651792399585247,0.8943400584811433,0.10565994151885671,0.0958700105547905,0.025062356144189835,222205
acdc_b1_s42ctl_mit-b1_guard_dense_gap_j9258122,2026-07-11 16:06:17,acdc,val,all,student_skd,/scratch/gautschi/manors/hf_cache/hub/models--nvidia--mit-b1/snapshots/13ddceec4e8bdf401e7cd7acf5aebc526222518c,runs/mit-b1_skd_j9200315/student_skd.ckpt,skd,GP020402_frame_000624_rgb_anon,/home/manors/Guardrail-Distillation/data/acdc/rgb_anon/rain/val/GP020402/GP020402_frame_000624_rgb_anon.png,rain,0.27062515871253745,0.7293748412874625,0.8413245677947998,0.926102876663208,0.15037307143211365,0.2088232785463333,0.3793519139289856,0.8372743725776672,0.5265089869499207,-5.475995063781738,5.38050651550293,0.03550068289041519,0.10813247412443161,249629,3.6468819598667324,13.32507748156786,11.82267424883321,0.20017799295959193,0.7998220070404081,77270,0.2285974078771744,0.7714025921228256,8911,0.2124498337507248,0.002473823493346572,12.052023783326149,0.39686548709869385,0.6031345129013062,0.5326318740844727,0.5606354475021362,0.12552006542682648,0.5313388705253601,0.4686611294746399,0.6140165328979492,0.6638470888137817,0.4289476275444031,0.5313388705253601,0.4686611294746399,0.5313388705253601,0.4686611294746399,0.4306047133427197,0.5693952866572802,0.9061847925186157,0.3534185201841319,0.6465814798158681,0.15324052722453996,0.5096994440179589,0.49030055598204114,0.28110203614078444,0.15997955463018232,0.15997955463018232,0.07718654721975327,0.01232629269361496,0.8400204453698177,0.15997955463018232,0.13945895433425903,0.007763521280139685,199379
acdc_b1_s42ctl_mit-b1_guard_dense_gap_j9258122,2026-07-11 16:06:17,acdc,val,all,student_skd,/scratch/gautschi/manors/hf_cache/hub/models--nvidia--mit-b1/snapshots/13ddceec4e8bdf401e7cd7acf5aebc526222518c,runs/mit-b1_skd_j9200315/student_skd.ckpt,skd,GP020402_frame_000644_rgb_anon,/home/manors/Guardrail-Distillation/data/acdc/rgb_anon/rain/val/GP020402/GP020402_frame_000644_rgb_anon.png,rain,0.4246166305366736,0.5753833694633264,0.8351224660873413,0.9674887657165527,0.095912866294384,0.09105107933282852,0.2324509471654892,0.9161587953567505,0.281231164932251,-6.473987579345703,6.4341230392456055,0.007918187417089939,0.04078584536910057,257761,3.6468819598667324,13.32507748156786,11.82267424883321,0.2507934372881116,0.7492065627118885,84002,0.726282376841036,0.273717623158964,15091,0.0931633710861206,0.001366772223263979,12.052023783326149,0.3842622935771942,0.6157377064228058,0.5375461578369141,0.5571463108062744,0.032018791884183884,0.5080040097236633,0.49199599027633667,0.5377137064933777,0.5561422109603882,0.433317631483078,0.5080040097236633,0.49199599027633667,0.5080040097236633,0.49199599027633667,0.5506428448896387,0.44935715511036134,0.8758229613304138,0.4098843014047541,0.5901156985952458,0.15909086411664264,0.8381409874199761,0.1618590125800239,0.11185861057894009,0.12602621435296502,0.12602621435296502,0.05910902097821236,0.018408525735139847,0.873973785647035,0.12602621435296502,0.10491889715194702,0.039750002324581146,232361
acdc_b1_s42ctl_mit-b1_guard_dense_gap_j9258122,2026-07-11 16:06:17,acdc,val,all,student_skd,/scratch/gautschi/manors/hf_cache/hub/models--nvidia--mit-b1/snapshots/13ddceec4e8bdf401e7cd7acf5aebc526222518c,runs/mit-b1_skd_j9200315/student_skd.ckpt,skd,GP020402_frame_000723_rgb_anon,/home/manors/Guardrail-Distillation/data/acdc/rgb_anon/rain/val/GP020402/GP020402_frame_000723_rgb_anon.png,rain,0.3146514496498345,0.6853485503501655,0.8000093102455139,0.890881359577179,0.17553982138633728,0.2912474274635315,0.42064258456230164,0.7850956916809082,0.6384451985359192,-4.306638240814209,4.163827419281006,0.0551384761929512,0.15464791655540466,258277,3.6468819598667324,13.32507748156786,11.82267424883321,0.24695242916887858,0.7530475708311214,83929,0.022857142857142857,0.9771428571428571,350,0.2947133481502533,0.0022312095388770103,12.052023783326149,0.48851779103279114,0.5114822089672089,0.5681679844856262,0.5866276025772095,0.14639903604984283,0.5365345478057861,0.46346545219421387,0.6182186603546143,0.667752742767334,0.5209197998046875,0.5365345478057861,0.46346545219421387,0.5365345478057861,0.46346545219421387,0.43136926950495463,0.5686307304950453,0.8353163599967957,0.4150446013114464,0.5849553986885536,0.16809217214256778,0.8914285714285715,0.10857142857142854,0.8685714285714285,0.1167178198551202,0.1167178198551202,0.062107738107442856,0.02680068463087082,0.8832821801448798,0.1167178198551202,0.15685485303401947,0.01880151964724064,181075
acdc_b1_s42ctl_mit-b1_guard_dense_gap_j9258122,2026-07-11 16:06:17,acdc,val,all,student_skd,/scratch/gautschi/manors/hf_cache/hub/models--nvidia--mit-b1/snapshots/13ddceec4e8bdf401e7cd7acf5aebc526222518c,runs/mit-b1_skd_j9200315/student_skd.ckpt,skd,GP020402_frame_000738_rgb_anon,/home/manors/Guardrail-Distillation/data/acdc/rgb_anon/rain/val/GP020402/GP020402_frame_000738_rgb_anon.png,rain,0.3096286162001747,0.6903713837998253,0.7858082056045532,0.903575599193573,0.16930662095546722,0.26282501220703125,0.4097384810447693,0.7940842509269714,0.6407530903816223,-4.417670726776123,4.291121959686279,0.053222570568323135,0.13950364291667938,238940,3.7406954797916114,13.332667469512671,11.856434459332377,0.21304076624345328,0.7869592337565467,70883,0.277895293495505,0.722104706504495,2090,0.2661980986595154,0.0022768054623156786,12.055058788973838,0.4710688591003418,0.5289311408996582,0.5727958083152771,0.5900466442108154,0.19905471801757812,0.5496000647544861,0.4503999352455139,0.6159760355949402,0.722943127155304,0.4936043322086334,0.5496000647544861,0.4503999352455139,0.5496000647544861,0.4503999352455139,0.3203030921937105,0.6796969078062896,0.7865322232246399,0.2432486504807545,0.7567513495192455,0.030207884237301252,0.323974609375,0.676025390625,0.046079315879494986,0.01067447599353577,0.01067447599353577,0.039470162242650986,0.03874612972140312,0.9893255240064642,0.01067447599353577,0.19781535863876343,0.009847660548985004,180534
acdc_b1_s42ctl_mit-b1_guard_dense_gap_j9258122,2026-07-11 16:06:17,acdc,val,all,student_skd,/scratch/gautschi/manors/hf_cache/hub/models--nvidia--mit-b1/snapshots/13ddceec4e8bdf401e7cd7acf5aebc526222518c,runs/mit-b1_skd_j9200315/student_skd.ckpt,skd,GP020402_frame_000748_rgb_anon,/home/manors/Guardrail-Distillation/data/acdc/rgb_anon/rain/val/GP020402/GP020402_frame_000748_rgb_anon.png,rain,0.40860402568834936,0.5913959743116506,0.8866938352584839,0.9232966899871826,0.14692933857440948,0.21042540669441223,0.3619893491268158,0.8369238376617432,0.4988328218460083,-5.232797145843506,5.135349750518799,0.02882111817598343,0.10627000778913498,254258,3.7406954797916114,13.332667469512671,11.856434459332377,0.3471195348343896,0.6528804651656104,80212,0.4737790555355906,0.5262209444644095,4776,0.2133660912513733,0.0018550866516306996,12.055058788973838,0.4400455355644226,0.5599544644355774,0.5601831674575806,0.5733850002288818,0.1029900461435318,0.5257247686386108,0.47427523136138916,0.5936643481254578,0.648865282535553,0.47514429688453674,0.5257247686386108,0.47427523136138916,0.5257247686386108,0.47427523136138916,0.39168209745102506,0.6083179025489749,0.8797717690467834,0.3506641751137727,0.6493358248862273,0.00354464027938306,0.3435641450115543,0.6564358549884457,0.0,0.0,0.0,0.03422114625573158,0.04114324972033501,1.0,0.0,0.12892022728919983,0.002446334110572934,198027
acdc_b1_s42ctl_mit-b1_guard_dense_gap_j9258122,2026-07-11 16:06:17,acdc,val,all,student_skd,/scratch/gautschi/manors/hf_cache/hub/models--nvidia--mit-b1/snapshots/13ddceec4e8bdf401e7cd7acf5aebc526222518c,runs/mit-b1_skd_j9200315/student_skd.ckpt,skd,GP020402_frame_000753_rgb_anon,/home/manors/Guardrail-Distillation/data/acdc/rgb_anon/rain/val/GP020402/GP020402_frame_000753_rgb_anon.png,rain,0.3348661489113954,0.6651338510886047,0.8729743361473083,0.9197766184806824,0.15386290848255157,0.22953340411186218,0.39243757724761963,0.8212772011756897,0.5745776891708374,-4.54138708114624,4.438004970550537,0.03880777209997177,0.11315525323152542,251831,3.7406954797916114,13.332667469512671,11.856434459332377,0.2746209133688521,0.7253790866311479,78014,0.18706047819971872,0.8129395218002813,491,0.2330629676580429,0.0019059220794588327,12.055058788973838,0.45793357491493225,0.5420664250850677,0.535090446472168,0.5557124614715576,0.08476154506206512,0.5211777091026306,0.4788222908973694,0.5824175477027893,0.6263651847839355,0.5095444917678833,0.5211777091026306,0.4788222908973694,0.5211777091026306,0.4788222908973694,0.33117974299715247,0.6688202570028475,0.8562845587730408,0.2687727036758293,0.7312272963241707,0.0,0.1666456692913386,0.8333543307086614,0.0,0.0,0.0,0.0353768989443779,0.05206666514277458,1.0,0.0,0.1484844982624054,0.004721420351415873,196219
acdc_b1_s42ctl_mit-b1_guard_dense_gap_j9258122,2026-07-11 16:06:17,acdc,val,all,student_skd,/scratch/gautschi/manors/hf_cache/hub/models--nvidia--mit-b1/snapshots/13ddceec4e8bdf401e7cd7acf5aebc526222518c,runs/mit-b1_skd_j9200315/student_skd.ckpt,skd,GP020402_frame_000774_rgb_anon,/home/manors/Guardrail-Distillation/data/acdc/rgb_anon/rain/val/GP020402/GP020402_frame_000774_rgb_anon.png,rain,0.4794254271920475,0.5205745728079525,0.8918465375900269,0.9378172755241394,0.13071267306804657,0.16469283401966095,0.3007403016090393,0.8634107708930969,0.417363703250885,-5.116841793060303,5.039446830749512,0.01843300089240074,0.08595868200063705,258124,3.7406954797916114,13.332667469512671,11.856434459332377,0.43557191041996796,0.564428089580032,85033,0.9148393676695563,0.08516063233044369,5883,0.16668938100337982,0.0013532417360693216,12.055058788973838,0.4682122766971588,0.5317877233028412,0.5454838275909424,0.5660699009895325,0.08266561478376389,0.5206546187400818,0.4793453812599182,0.5866493582725525,0.6297319531440735,0.5079495906829834,0.5206546187400818,0.4793453812599182,0.5206546187400818,0.4793453812599182,0.640846426019233,0.35915357398076697,0.9405362606048584,0.5711953509960327,0.4288046490039673,0.13562344057606468,0.9440761516233215,0.05592384837667852,0.029236783953765166,0.16142099882718552,0.16142099882718552,0.06691744923591614,0.018227672204375267,0.8385790011728145,0.16142099882718552,0.10155583918094635,0.0209627915173769,210989
acdc_b1_s42ctl_mit-b1_guard_dense_gap_j9258122,2026-07-11 16:06:18,acdc,val,all,student_skd,/scratch/gautschi/manors/hf_cache/hub/models--nvidia--mit-b1/snapshots/13ddceec4e8bdf401e7cd7acf5aebc526222518c,runs/mit-b1_skd_j9200315/student_skd.ckpt,skd,GP020402_frame_000784_rgb_anon,/home/manors/Guardrail-Distillation/data/acdc/rgb_anon/rain/val/GP020402/GP020402_frame_000784_rgb_anon.png,rain,0.38628359644356325,0.6137164035564368,0.8684507608413696,0.957341730594635,0.10948444902896881,0.12462790310382843,0.26838821172714233,0.882795512676239,0.40317824482917786,-4.865671157836914,4.812807559967041,0.014134581200778484,0.05250928923487663,242738,3.6540119908750057,13.296804740093648,11.890647234395146,0.2797441614257465,0.7202558385742535,69726,0.35225875592549494,0.6477412440745051,2168,0.12687647342681885,0.0012374779907986522,11.98855327675119,0.47011497616767883,0.5298850238323212,0.5309574604034424,0.5551514625549316,0.06693270057439804,0.5167269110679626,0.48327308893203735,0.5582027435302734,0.6039870977401733,0.5228317975997925,0.5167269110679626,0.48327308893203735,0.5167269110679626,0.48327308893203735,0.4540152429412342,0.5459847570587658,0.9148958921432495,0.35147062588048394,0.648529374119516,0.0717264644547374,0.36496266633295793,0.6350373336670421,0.012703910407462993,0.06773164649767094,0.06773164649767094,0.05541365593671799,0.008968517184257507,0.9322683535023291,0.06773164649767094,0.08210086822509766,0.0319603867828846,212992
acdc_b1_s42ctl_mit-b1_guard_dense_gap_j9258122,2026-07-11 16:06:18,acdc,val,all,student_skd,/scratch/gautschi/manors/hf_cache/hub/models--nvidia--mit-b1/snapshots/13ddceec4e8bdf401e7cd7acf5aebc526222518c,runs/mit-b1_skd_j9200315/student_skd.ckpt,skd,GP020402_frame_000795_rgb_anon,/home/manors/Guardrail-Distillation/data/acdc/rgb_anon/rain/val/GP020402/GP020402_frame_000795_rgb_anon.png,rain,0.31177210828701685,0.6882278917129832,0.923655092716217,0.9560636281967163,0.11273552477359772,0.12509894371032715,0.27718913555145264,0.8882561326026917,0.37935715913772583,-5.580200672149658,5.525574207305908,0.013112111948430538,0.05882137268781662,245727,3.6540119908750057,13.296804740093648,11.890647234395146,0.2536833427533812,0.7463166572466188,72210,0.16300164925783397,0.836998350742166,3269,0.12728966772556305,0.0012722110841423273,11.98855327675119,0.40092357993125916,0.5990764200687408,0.5535627603530884,0.572143018245697,0.07384543865919113,0.5184530019760132,0.4815469980239868,0.5700353980064392,0.6095829010009766,0.45579439401626587,0.5184530019760132,0.4815469980239868,0.5184530019760132,0.4815469980239868,0.3909351178891078,0.6090648821108922,0.942293643951416,0.3607745716700798,0.6392254283299201,0.10709122891669864,0.22440944881889763,0.7755905511811023,0.06140779956106368,0.079163009602091,0.079163009602091,0.030773987993597984,0.012135418131947517,0.920836990397909,0.079163009602091,0.05948064103722572,0.003389940829947591,213891
acdc_b1_s42ctl_mit-b1_guard_dense_gap_j9258122,2026-07-11 16:06:18,acdc,val,all,student_skd,/scratch/gautschi/manors/hf_cache/hub/models--nvidia--mit-b1/snapshots/13ddceec4e8bdf401e7cd7acf5aebc526222518c,runs/mit-b1_skd_j9200315/student_skd.ckpt,skd,GP020402_frame_000802_rgb_anon,/home/manors/Guardrail-Distillation/data/acdc/rgb_anon/rain/val/GP020402/GP020402_frame_000802_rgb_anon.png,rain,0.3823492530549984,0.6176507469450017,0.9519256353378296,0.9649242162704468,0.10586293786764145,0.09520477056503296,0.2519802153110504,0.9163128137588501,0.2807542681694031,-5.6217803955078125,5.577458381652832,0.01389455795288086,0.04962047562003136,242541,3.6540119908750057,13.296804740093648,11.890647234395146,0.31594018190441137,0.6840598180955886,70191,0.185641094782257,0.814358905217743,15664,0.09715379774570465,0.00120138144120574,11.98855327675119,0.44782954454421997,0.55217045545578,0.56413334608078,0.5741033554077148,0.034856345504522324,0.5087131857872009,0.4912868142127991,0.5401018857955933,0.5674989223480225,0.47873029112815857,0.5087131857872009,0.4912868142127991,0.5087131857872009,0.4912868142127991,0.4807450529267704,0.5192549470732296,0.9616889357566833,0.3954275759792703,0.6045724240207297,0.07948739407485883,0.5647510308573215,0.4352489691426785,0.3791099360750645,0.09839579987177205,0.09839579987177205,0.015391211956739426,0.00562791433185339,0.901604200128228,0.09839579987177205,0.03469516336917877,0.00031334906816482544,218628
acdc_b1_s42ctl_mit-b1_guard_dense_gap_j9258122,2026-07-11 16:06:18,acdc,val,all,student_skd,/scratch/gautschi/manors/hf_cache/hub/models--nvidia--mit-b1/snapshots/13ddceec4e8bdf401e7cd7acf5aebc526222518c,runs/mit-b1_skd_j9200315/student_skd.ckpt,skd,GP020402_frame_000809_rgb_anon,/home/manors/Guardrail-Distillation/data/acdc/rgb_anon/rain/val/GP020402/GP020402_frame_000809_rgb_anon.png,rain,0.4227021121756236,0.5772978878243764,0.8604868650436401,0.9265339970588684,0.14914897084236145,0.19438347220420837,0.35688653588294983,0.8543917536735535,0.4372346103191376,-5.597728252410889,5.503603935241699,0.032311517745256424,0.11271756887435913,258886,3.6540119908750057,13.296804740093648,11.890647234395146,0.29104222803520574,0.7089577719647943,85671,0.31093318082165666,0.6890668191783433,3721,0.19698718190193176,0.0018620732007548213,11.98855327675119,0.4390251636505127,0.5609748363494873,0.5493963956832886,0.5705752968788147,0.1109660342335701,0.5277130603790283,0.4722869396209717,0.6415220499038696,0.6875852942466736,0.46505293250083923,0.5277130603790283,0.4722869396209717,0.5277130603790283,0.4722869396209717,0.5032200528641808,0.4967799471358192,0.9466985464096069,0.3930969544826414,0.6069030455173585,0.10205472644743574,0.32168229610684856,0.6783177038931514,0.010749115285191957,0.08051794068855722,0.08051794068855722,0.09966549277305603,0.013453798368573189,0.9194820593114428,0.08051794068855722,0.13038557767868042,0.009073492139577866,205510
acdc_b1_s42ctl_mit-b1_guard_dense_gap_j9258122,2026-07-11 16:06:18,acdc,val,all,student_skd,/scratch/gautschi/manors/hf_cache/hub/models--nvidia--mit-b1/snapshots/13ddceec4e8bdf401e7cd7acf5aebc526222518c,runs/mit-b1_skd_j9200315/student_skd.ckpt,skd,GP020402_frame_000830_rgb_anon,/home/manors/Guardrail-Distillation/data/acdc/rgb_anon/rain/val/GP020402/GP020402_frame_000830_rgb_anon.png,rain,0.3978288244575305,0.6021711755424695,0.9330554008483887,0.9499477744102478,0.12575934827327728,0.13528169691562653,0.2992819547653198,0.8866355419158936,0.3635086119174957,-5.5959296226501465,5.531961441040039,0.021118061617016792,0.07145780324935913,259020,3.662819741293788,13.301544706337154,11.857589532155544,0.380556258211752,0.619443741788248,85145,0.03953488372093023,0.9604651162790697,506,0.137137770652771,0.0013770441291853786,11.983190546743572,0.42817163467407227,0.5718283653259277,0.535085916519165,0.564254641532898,0.054589372128248215,0.5136439204216003,0.48635607957839966,0.5578128695487976,0.5968754291534424,0.4716449975967407,0.5136439204216003,0.48635607957839966,0.5136439204216003,0.48635607957839966,0.38452584927962,0.61547415072038,0.9531349539756775,0.3802705808972693,0.6197294191027307,0.0,0.038229376257545265,0.9617706237424547,0.0,0.0,0.0,0.03757239133119583,0.017492858693003654,1.0,0.0,0.059628602117300034,0.0038336808793246746,223453
acdc_b1_s42ctl_mit-b1_guard_dense_gap_j9258122,2026-07-11 16:06:18,acdc,val,all,student_skd,/scratch/gautschi/manors/hf_cache/hub/models--nvidia--mit-b1/snapshots/13ddceec4e8bdf401e7cd7acf5aebc526222518c,runs/mit-b1_skd_j9200315/student_skd.ckpt,skd,GP020402_frame_000835_rgb_anon,/home/manors/Guardrail-Distillation/data/acdc/rgb_anon/rain/val/GP020402/GP020402_frame_000835_rgb_anon.png,rain,0.37120124316480135,0.6287987568351987,0.9325765371322632,0.9444426894187927,0.12659521400928497,0.1536315530538559,0.3055148124694824,0.8730382919311523,0.39710426330566406,-5.941814422607422,5.872113227844238,0.01978052407503128,0.07538191974163055,259346,3.662819741293788,13.301544706337154,11.857589532155544,0.29915635189084494,0.7008436481091551,85390,0.024855907780979826,0.9751440922190202,957,0.15574735403060913,0.0014086903538554907,11.983190546743572,0.4058285653591156,0.5941714346408844,0.5204591155052185,0.5431778430938721,0.07472822070121765,0.5186733603477478,0.4813266396522522,0.5713854432106018,0.6215753555297852,0.4581153690814972,0.5186733603477478,0.4813266396522522,0.5186733603477478,0.4813266396522522,0.3633604994527077,0.6366395005472922,0.9011321067810059,0.3119845437545897,0.6880154562454103,0.012828191863744842,0.28304077455919396,0.716959225440806,0.2581848667782142,0.0,0.0,0.02973248064517975,0.06117695942521095,1.0,0.0,0.10488305240869522,0.0019394939299672842,218533
acdc_b1_s42ctl_mit-b1_guard_dense_gap_j9258122,2026-07-11 16:06:18,acdc,val,all,student_skd,/scratch/gautschi/manors/hf_cache/hub/models--nvidia--mit-b1/snapshots/13ddceec4e8bdf401e7cd7acf5aebc526222518c,runs/mit-b1_skd_j9200315/student_skd.ckpt,skd,GP020402_frame_000843_rgb_anon,/home/manors/Guardrail-Distillation/data/acdc/rgb_anon/rain/val/GP020402/GP020402_frame_000843_rgb_anon.png,rain,0.2906698261126444,0.7093301738873556,0.8815714716911316,0.9348269701004028,0.1418653130531311,0.1802695095539093,0.3489079475402832,0.852980375289917,0.48661109805107117,-4.980409622192383,4.896659851074219,0.027968838810920715,0.09534777700901031,252245,3.662819741293788,13.301544706337154,11.857589532155544,0.14338802134500078,0.8566119786549993,79641,0.18352309080422435,0.8164769091957756,40370,0.1845468282699585,0.0027580391615629196,11.983190546743572,0.40046426653862,0.59953573346138,0.5512217283248901,0.5727932453155518,0.18669217824935913,0.5465379953384399,0.45346200466156006,0.6691066026687622,0.7589956521987915,0.4157734215259552,0.5465379953384399,0.45346200466156006,0.5465379953384399,0.45346200466156006,0.3777838493476951,0.622216150652305,0.8634700179100037,0.2845154067307284,0.7154845932692716,0.14112738538572767,0.2126741521907028,0.7873258478092973,0.029151061386478383,0.08711402323505069,0.08711402323505069,0.06627286970615387,0.0843743160367012,0.9128859767649493,0.08711402323505069,0.17687565088272095,0.004487700294703245,206496
acdc_b1_s42ctl_mit-b1_guard_dense_gap_j9258122,2026-07-11 16:06:18,acdc,val,all,student_skd,/scratch/gautschi/manors/hf_cache/hub/models--nvidia--mit-b1/snapshots/13ddceec4e8bdf401e7cd7acf5aebc526222518c,runs/mit-b1_skd_j9200315/student_skd.ckpt,skd,GP020402_frame_000863_rgb_anon,/home/manors/Guardrail-Distillation/data/acdc/rgb_anon/rain/val/GP020402/GP020402_frame_000863_rgb_anon.png,rain,0.4303143998994999,0.5696856001005002,0.7506158351898193,0.9191383123397827,0.1392044574022293,0.21407361328601837,0.3120958209037781,0.8198108673095703,0.56052565574646,-4.127013206481934,4.02789306640625,0.016315815970301628,0.10929524898529053,260606,3.662819741293788,13.301544706337154,11.857589532155544,0.34460384205681,0.65539615794319,86711,0.6758250406542751,0.32417495934572493,104398,0.22282078862190247,0.006140332203358412,11.983190546743572,0.41788995265960693,0.5821100473403931,0.556198000907898,0.5651800036430359,0.11259537190198898,0.5281191468238831,0.47188085317611694,0.5523288249969482,0.6028112769126892,0.41143086552619934,0.5281191468238831,0.47188085317611694,0.5281191468238831,0.47188085317611694,0.465430796621481,0.534569203378519,0.7998433709144592,0.3313449440980165,0.6686550559019835,0.0,0.5078540516774738,0.4921459483225262,0.0,0.03511639672198119,0.03511639672198119,0.08243094384670258,0.033203378319740295,0.9648836032780188,0.03511639672198119,0.17727142572402954,0.030298609286546707,195484
acdc_b1_s42ctl_mit-b1_guard_dense_gap_j9258122,2026-07-11 16:06:18,acdc,val,all,student_skd,/scratch/gautschi/manors/hf_cache/hub/models--nvidia--mit-b1/snapshots/13ddceec4e8bdf401e7cd7acf5aebc526222518c,runs/mit-b1_skd_j9200315/student_skd.ckpt,skd,GP020402_frame_000883_rgb_anon,/home/manors/Guardrail-Distillation/data/acdc/rgb_anon/rain/val/GP020402/GP020402_frame_000883_rgb_anon.png,rain,0.3965830528222844,0.6034169471777155,0.8844709396362305,0.9401061534881592,0.12967513501644135,0.16461744904518127,0.30646222829818726,0.8594538569450378,0.4506534934043884,-6.012546062469482,5.937732696533203,0.01954963430762291,0.08338397741317749,256680,3.6532022641040385,13.365968014113605,11.820311716292053,0.3039066933057339,0.6960933066942661,82590,0.5290598715790612,0.4709401284209388,42652,0.16809500753879547,0.002035863697528839,12.034698738716543,0.37751585245132446,0.6224841475486755,0.5255028605461121,0.5602846741676331,0.12669894099235535,0.5316324234008789,0.4683675765991211,0.5969284772872925,0.6378956437110901,0.40654677152633667,0.5316324234008789,0.4683675765991211,0.5316324234008789,0.4683675765991211,0.5694804664960914,0.4305195335039086,0.9279453158378601,0.4994579184059688,0.5005420815940311,0.19555122510023493,0.5933578376767573,0.4066421623232427,0.06429796609769611,0.17289741367380695,0.17289741367380695,0.07129110395908356,0.027816737070679665,0.827102586326193,0.17289741367380695,0.10746064782142639,0.025931119918823242,213168
acdc_b1_s42ctl_mit-b1_guard_dense_gap_j9258122,2026-07-11 16:06:18,acdc,val,all,student_skd,/scratch/gautschi/manors/hf_cache/hub/models--nvidia--mit-b1/snapshots/13ddceec4e8bdf401e7cd7acf5aebc526222518c,runs/mit-b1_skd_j9200315/student_skd.ckpt,skd,GP020402_frame_000898_rgb_anon,/home/manors/Guardrail-Distillation/data/acdc/rgb_anon/rain/val/GP020402/GP020402_frame_000898_rgb_anon.png,rain,0.5967487975854963,0.40325120241450374,0.8763339519500732,0.937332272529602,0.13623279333114624,0.15321588516235352,0.2948412597179413,0.8785513639450073,0.35127368569374084,-5.974815845489502,5.895759105682373,0.022769229486584663,0.09334304928779602,259473,3.6532022641040385,13.365968014113605,11.820311716292053,0.5821004722684886,0.4178995277315114,85562,0.9922852869400929,0.007714713059907119,12703,0.1545061469078064,0.001298260991461575,12.034698738716543,0.4309242367744446,0.5690757632255554,0.5491150617599487,0.5837052464485168,0.0943671390414238,0.5235742926597595,0.4764257073402405,0.6028355360031128,0.6425408124923706,0.47805604338645935,0.5235742926597595,0.4764257073402405,0.5235742926597595,0.4764257073402405,0.7287819726429441,0.2712180273570559,0.9191322326660156,0.5892710313808008,0.41072896861919916,0.007170559112312236,0.9820514839014406,0.01794851609855941,0.0,0.13203317505744783,0.13203317505744783,0.08594729006290436,0.04314899817109108,0.8679668249425522,0.13203317505744783,0.13841132819652557,0.03941065073013306,211084
acdc_b1_s42ctl_mit-b1_guard_dense_gap_j9258122,2026-07-11 16:06:18,acdc,val,all,student_skd,/scratch/gautschi/manors/hf_cache/hub/models--nvidia--mit-b1/snapshots/13ddceec4e8bdf401e7cd7acf5aebc526222518c,runs/mit-b1_skd_j9200315/student_skd.ckpt,skd,GP020402_frame_000904_rgb_anon,/home/manors/Guardrail-Distillation/data/acdc/rgb_anon/rain/val/GP020402/GP020402_frame_000904_rgb_anon.png,rain,0.443710837424681,0.556289162575319,0.9106152057647705,0.9507121443748474,0.11814075708389282,0.1300208866596222,0.26673778891563416,0.8836371302604675,0.3738479018211365,-5.531310081481934,5.470208168029785,0.012876751832664013,0.06902637332677841,257829,3.6532022641040385,13.365968014113605,11.820311716292053,0.302290207370918,0.6977097926290821,83695,0.49145550972304064,0.5085444902769594,1991,0.13184577226638794,0.0011281513143330812,12.034698738716543,0.4474911093711853,0.5525088906288147,0.5316999554634094,0.5565422177314758,0.08400348573923111,0.5209885239601135,0.4790114760398865,0.6081293225288391,0.6488046646118164,0.5080742835998535,0.5209885239601135,0.4790114760398865,0.5209885239601135,0.4790114760398865,0.4629949327406697,0.5370050672593303,0.9378153681755066,0.3422939553182165,0.6577060446817835,0.04000374794729855,0.2858269268677311,0.7141730731322689,0.0,0.019284095315988736,0.019284095315988736,0.040026530623435974,0.012826330959796906,0.9807159046840113,0.019284095315988736,0.06445357203483582,0.006306505762040615,221226
acdc_b1_s42ctl_mit-b1_guard_dense_gap_j9258122,2026-07-11 16:06:18,acdc,val,all,student_skd,/scratch/gautschi/manors/hf_cache/hub/models--nvidia--mit-b1/snapshots/13ddceec4e8bdf401e7cd7acf5aebc526222518c,runs/mit-b1_skd_j9200315/student_skd.ckpt,skd,GP020402_frame_000909_rgb_anon,/home/manors/Guardrail-Distillation/data/acdc/rgb_anon/rain/val/GP020402/GP020402_frame_000909_rgb_anon.png,rain,0.4991824248033329,0.500817575196667,0.8601140379905701,0.9408829212188721,0.13198746740818024,0.16199015080928802,0.31035372614860535,0.8543686866760254,0.49150314927101135,-4.941286087036133,4.866696357727051,0.020903995260596275,0.0854649543762207,254736,3.6532022641040385,13.365968014113605,11.820311716292053,0.41306139937951736,0.5869386006204826,83115,0.4381618381618382,0.5618381618381618,5005,0.16428619623184204,0.0011206938652321696,12.034698738716543,0.46062469482421875,0.5393753051757812,0.5555908679962158,0.5705955028533936,0.13723450899124146,0.5342548489570618,0.46574515104293823,0.613446056842804,0.6601727604866028,0.5011494755744934,0.5342548489570618,0.46574515104293823,0.5342548489570618,0.46574515104293823,0.41048903657593644,0.5895109634240636,0.8719262480735779,0.3502935134737184,0.6497064865262816,0.0,0.16663336663336664,0.8333666333666334,0.0,0.0,0.0,0.024782519787549973,0.012970291078090668,1.0,0.0,0.06444711238145828,0.000871490512508899,213539
acdc_b1_s42ctl_mit-b1_guard_dense_gap_j9258122,2026-07-11 16:06:18,acdc,val,all,student_skd,/scratch/gautschi/manors/hf_cache/hub/models--nvidia--mit-b1/snapshots/13ddceec4e8bdf401e7cd7acf5aebc526222518c,runs/mit-b1_skd_j9200315/student_skd.ckpt,skd,GP020402_frame_000914_rgb_anon,/home/manors/Guardrail-Distillation/data/acdc/rgb_anon/rain/val/GP020402/GP020402_frame_000914_rgb_anon.png,rain,0.46033041459136387,0.5396695854086362,0.9106643199920654,0.9248484969139099,0.13967454433441162,0.18326328694820404,0.2938012480735779,0.848744809627533,0.43394020199775696,-5.780911445617676,5.687751293182373,0.014807933941483498,0.1106698215007782,254053,3.882619261275977,13.31009971909225,11.808841489255428,0.43301356831272136,0.5669864316872786,80632,0.46517582792762036,0.5348241720723796,11716,0.1856142282485962,0.0014635779662057757,12.039191205985844,0.4276319146156311,0.5723680853843689,0.5399134755134583,0.5641079545021057,0.12280185520648956,0.530661940574646,0.469338059425354,0.6185854077339172,0.6482149362564087,0.46273744106292725,0.530661940574646,0.469338059425354,0.530661940574646,0.469338059425354,0.48445555863370054,0.5155444413662995,0.965326189994812,0.4712871193792269,0.528712880620773,0.03827355106650554,0.4894161829976101,0.51058381700239,0.024240355069989672,0.024125144042336677,0.024125144042336677,0.06573431938886642,0.01107249315828085,0.9758748559576633,0.024125144042336677,0.08045171946287155,0.007695245090872049,197442
acdc_b1_s42ctl_mit-b1_guard_dense_gap_j9258122,2026-07-11 16:06:18,acdc,val,all,student_skd,/scratch/gautschi/manors/hf_cache/hub/models--nvidia--mit-b1/snapshots/13ddceec4e8bdf401e7cd7acf5aebc526222518c,runs/mit-b1_skd_j9200315/student_skd.ckpt,skd,GP020402_frame_000919_rgb_anon,/home/manors/Guardrail-Distillation/data/acdc/rgb_anon/rain/val/GP020402/GP020402_frame_000919_rgb_anon.png,rain,0.36006929841396734,0.6399307015860327,0.8725453019142151,0.9651292562484741,0.10207190364599228,0.09365048259496689,0.23614740371704102,0.9145976901054382,0.2848306894302368,-5.913810729980469,5.870511531829834,0.010475892573595047,0.04755406081676483,255730,3.882619261275977,13.31009971909225,11.808841489255428,0.31613215906579706,0.6838678409342029,81594,0.464346731409046,0.5356532685909541,11121,0.09515132009983063,0.000889722490683198,12.039191205985844,0.42946332693099976,0.5705366730690002,0.5406110286712646,0.5603716969490051,0.02815362997353077,0.5070379376411438,0.4929620623588562,0.526889979839325,0.5563567280769348,0.47639986872673035,0.5070379376411438,0.4929620623588562,0.5070379376411438,0.4929620623588562,0.4472095568953441,0.552790443104656,0.9105814695358276,0.3954302997480735,0.6045697002519266,0.07929814068227636,0.9690675298983904,0.0309324701016096,0.5047207984893445,0.08714025848137674,0.08714025848137674,0.04601728543639183,0.007981074042618275,0.9128597415186233,0.08714025848137674,0.059699684381484985,0.015958238393068314,229774
acdc_b1_s42ctl_mit-b1_guard_dense_gap_j9258122,2026-07-11 16:06:18,acdc,val,all,student_skd,/scratch/gautschi/manors/hf_cache/hub/models--nvidia--mit-b1/snapshots/13ddceec4e8bdf401e7cd7acf5aebc526222518c,runs/mit-b1_skd_j9200315/student_skd.ckpt,skd,GP020402_frame_000939_rgb_anon,/home/manors/Guardrail-Distillation/data/acdc/rgb_anon/rain/val/GP020402/GP020402_frame_000939_rgb_anon.png,rain,0.3123654354391575,0.6876345645608425,0.815329909324646,0.907501220703125,0.16091284155845642,0.25615978240966797,0.3993884027004242,0.8076009154319763,0.596007227897644,-5.293503761291504,5.174962520599365,0.04045282304286957,0.1350269764661789,247869,3.882619261275977,13.31009971909225,11.808841489255428,0.235021086100604,0.764978913899396,76016,0.2230240047389925,0.7769759952610075,8439,0.26066526770591736,0.0033588504884392023,12.039191205985844,0.4224453866481781,0.5775546133518219,0.5840753316879272,0.5962849259376526,0.16843603551387787,0.5420097708702087,0.45799022912979126,0.6176062822341919,0.6452454328536987,0.434048056602478,0.5420097708702087,0.45799022912979126,0.5420097708702087,0.45799022912979126,0.5494988015282146,0.4505011984717854,0.8999431729316711,0.4285919756230633,0.5714080243769367,0.19357088952245927,0.6454095789995804,0.3545904210004196,0.42238557426058787,0.2371333660890571,0.2371333660890571,0.10562030971050262,0.02100706472992897,0.7628666339109429,0.2371333660890571,0.17712178826332092,0.03529687225818634,182934
acdc_b1_s42ctl_mit-b1_guard_dense_gap_j9258122,2026-07-11 16:06:18,acdc,val,all,student_skd,/scratch/gautschi/manors/hf_cache/hub/models--nvidia--mit-b1/snapshots/13ddceec4e8bdf401e7cd7acf5aebc526222518c,runs/mit-b1_skd_j9200315/student_skd.ckpt,skd,GP020402_frame_000946_rgb_anon,/home/manors/Guardrail-Distillation/data/acdc/rgb_anon/rain/val/GP020402/GP020402_frame_000946_rgb_anon.png,rain,0.3181028617847043,0.6818971382152956,0.7802437543869019,0.9309769868850708,0.13979680836200714,0.1820765882730484,0.32845133543014526,0.8581703305244446,0.42562684416770935,-5.930048942565918,5.843142509460449,0.021840376779437065,0.09980205446481705,223302,3.882619261275977,13.31009971909225,11.808841489255428,0.22546944348739725,0.7745305565126027,86349,0.4936379641485275,0.5063620358514724,12637,0.1853523999452591,0.00195851712487638,12.039191205985844,0.4001505970954895,0.5998494029045105,0.5704180002212524,0.5880336165428162,0.09945262223482132,0.5248426795005798,0.47515732049942017,0.5882574915885925,0.6371535658836365,0.43109041452407837,0.5248426795005798,0.47515732049942017,0.5248426795005798,0.47515732049942017,0.4697176579639136,0.5302823420360864,0.837453305721283,0.3687641655456673,0.6312358344543327,0.14329472205826999,0.48840729822324913,0.5115927017767509,0.0,0.15161479617920925,0.15161479617920925,0.06742437928915024,0.01021486520767212,0.8483852038207907,0.15161479617920925,0.14261850714683533,0.03182237222790718,178043
acdc_b1_s42ctl_mit-b1_guard_dense_gap_j9258122,2026-07-11 16:06:19,acdc,val,all,student_skd,/scratch/gautschi/manors/hf_cache/hub/models--nvidia--mit-b1/snapshots/13ddceec4e8bdf401e7cd7acf5aebc526222518c,runs/mit-b1_skd_j9200315/student_skd.ckpt,skd,GP020402_frame_000951_rgb_anon,/home/manors/Guardrail-Distillation/data/acdc/rgb_anon/rain/val/GP020402/GP020402_frame_000951_rgb_anon.png,rain,0.2863590543778214,0.7136409456221786,0.8609207272529602,0.9203789830207825,0.15663470327854156,0.21329660713672638,0.37774282693862915,0.8388792276382446,0.4923132061958313,-5.544875621795654,5.441187381744385,0.04212578013539314,0.1125246062874794,255473,3.670362464617938,13.307807210367173,11.85906451428309,0.19370292128562067,0.8062970787143793,82251,0.4826637140145524,0.5173362859854476,15847,0.21584263443946838,0.001848402083851397,12.045913725160062,0.42656415700912476,0.5734358429908752,0.5501819252967834,0.5702928304672241,0.11287318170070648,0.5281883478164673,0.4718116521835327,0.5995018482208252,0.6483727693557739,0.4605180025100708,0.5281883478164673,0.4718116521835327,0.5281883478164673,0.4718116521835327,0.3714240964323095,0.6285759035676906,0.9149303436279297,0.28816536909680496,0.7118346309031951,0.09446244781118418,0.48171927383136187,0.5182807261686382,0.0,0.08506504205448806,0.08506504205448806,0.07443839311599731,0.020428773015737534,0.9149349579455119,0.08506504205448806,0.12544181942939758,0.019688967615365982,199982
acdc_b1_s42ctl_mit-b1_guard_dense_gap_j9258122,2026-07-11 16:06:19,acdc,val,all,student_skd,/scratch/gautschi/manors/hf_cache/hub/models--nvidia--mit-b1/snapshots/13ddceec4e8bdf401e7cd7acf5aebc526222518c,runs/mit-b1_skd_j9200315/student_skd.ckpt,skd,GP020402_frame_000966_rgb_anon,/home/manors/Guardrail-Distillation/data/acdc/rgb_anon/rain/val/GP020402/GP020402_frame_000966_rgb_anon.png,rain,0.38956515410152476,0.6104348458984752,0.9318673610687256,0.9561139345169067,0.11547712981700897,0.11740297824144363,0.27826738357543945,0.9034868478775024,0.30359846353530884,-6.321909427642822,6.266645908355713,0.013315594755113125,0.0605795755982399,258569,3.670362464617938,13.307807210367173,11.85906451428309,0.312929223345476,0.687070776654524,84103,0.19601250977326037,0.8039874902267397,7913,0.11908389627933502,0.0011001646053045988,12.045913725160062,0.4159967601299286,0.5840032398700714,0.539614200592041,0.56083744764328,0.054299697279930115,0.5135716199874878,0.4864283800125122,0.559075653553009,0.6036755442619324,0.46616658568382263,0.5135716199874878,0.4864283800125122,0.5135716199874878,0.4864283800125122,0.43907169414846225,0.5609283058515377,0.9596278071403503,0.36555358445823233,0.6344464155417677,0.05262436111275626,0.3211532728589072,0.6788467271410927,0.12514076308564692,0.04950654004693744,0.04950654004693744,0.03808654844760895,0.010326064191758633,0.9504934599530626,0.04950654004693744,0.05677014961838722,0.004695071838796139,225170
acdc_b1_s42ctl_mit-b1_guard_dense_gap_j9258122,2026-07-11 16:06:19,acdc,val,all,student_skd,/scratch/gautschi/manors/hf_cache/hub/models--nvidia--mit-b1/snapshots/13ddceec4e8bdf401e7cd7acf5aebc526222518c,runs/mit-b1_skd_j9200315/student_skd.ckpt,skd,GP020402_frame_000971_rgb_anon,/home/manors/Guardrail-Distillation/data/acdc/rgb_anon/rain/val/GP020402/GP020402_frame_000971_rgb_anon.png,rain,0.36893512405566986,0.6310648759443301,0.8778090476989746,0.9482371807098389,0.12336862087249756,0.14009420573711395,0.29306185245513916,0.8836856484413147,0.3664166033267975,-5.938468933105469,5.873564720153809,0.018287526443600655,0.0705387145280838,255420,3.670362464617938,13.307807210367173,11.85906451428309,0.21380752150884105,0.7861924784911589,81311,0.1158256880733945,0.8841743119266054,6657,0.14222227036952972,0.0014684338821098208,12.045913725160062,0.4321799576282501,0.5678200423717499,0.570741593837738,0.5854895710945129,0.07508382201194763,0.5187621712684631,0.48123782873153687,0.5617735385894775,0.6183575391769409,0.45401066541671753,0.5187621712684631,0.48123782873153687,0.5187621712684631,0.48123782873153687,0.4210246717357392,0.5789753282642608,0.9298253655433655,0.2737818665851726,0.7262181334148274,0.05997434507633148,0.3143490724214398,0.6856509275785603,0.19852338434804517,0.05208954768006935,0.05208954768006935,0.06411009281873703,0.012093805707991123,0.9479104523199307,0.05208954768006935,0.09911126643419266,0.025005871430039406,217296
acdc_b1_s42ctl_mit-b1_guard_dense_gap_j9258122,2026-07-11 16:06:19,acdc,val,all,student_skd,/scratch/gautschi/manors/hf_cache/hub/models--nvidia--mit-b1/snapshots/13ddceec4e8bdf401e7cd7acf5aebc526222518c,runs/mit-b1_skd_j9200315/student_skd.ckpt,skd,GP020402_frame_000976_rgb_anon,/home/manors/Guardrail-Distillation/data/acdc/rgb_anon/rain/val/GP020402/GP020402_frame_000976_rgb_anon.png,rain,0.35241548795567784,0.6475845120443222,0.8922736048698425,0.9524710178375244,0.12057036906480789,0.13330523669719696,0.2965792119503021,0.8896732330322266,0.3533819913864136,-5.979300022125244,5.919238567352295,0.01879260689020157,0.0665147453546524,254515,3.670362464617938,13.307807210367173,11.85906451428309,0.2686362238229144,0.7313637761770856,80719,0.9619181946403385,0.03808180535966155,2836,0.13566122949123383,0.0014171234797686338,12.045913725160062,0.40520721673965454,0.5947927832603455,0.5335779190063477,0.5560042262077332,0.06935641914606094,0.517332136631012,0.48266786336898804,0.5479738712310791,0.613942563533783,0.45898881554603577,0.517332136631012,0.48266786336898804,0.517332136631012,0.48266786336898804,0.41590187844163884,0.5840981215583612,0.9258040189743042,0.35322133860225724,0.6467786613977428,0.08458511477934283,0.9781382228490832,0.02186177715091675,0.016220028208744797,0.06348639048596105,0.06348639048596105,0.05127399414777756,0.01774355210363865,0.936513609514039,0.06348639048596105,0.08466298878192902,0.026945367455482483,220534
acdc_b1_s42ctl_mit-b1_guard_dense_gap_j9258122,2026-07-11 16:06:19,acdc,val,all,student_skd,/scratch/gautschi/manors/hf_cache/hub/models--nvidia--mit-b1/snapshots/13ddceec4e8bdf401e7cd7acf5aebc526222518c,runs/mit-b1_skd_j9200315/student_skd.ckpt,skd,GP020402_frame_000981_rgb_anon,/home/manors/Guardrail-Distillation/data/acdc/rgb_anon/rain/val/GP020402/GP020402_frame_000981_rgb_anon.png,rain,0.4196626400960734,0.5803373599039265,0.9318023920059204,0.9485287070274353,0.1239796131849289,0.1383552849292755,0.296373188495636,0.8859153389930725,0.35893312096595764,-6.082396030426025,6.017561435699463,0.016641993075609207,0.07318078726530075,254657,3.6471172352321446,13.33955000154674,11.867339722812176,0.3657256623974224,0.6342743376025777,80592,0.3248551943198804,0.6751448056801196,14350,0.14027287065982819,0.001275516813620925,11.979352973867208,0.42564594745635986,0.5743540525436401,0.5405377149581909,0.5601511001586914,0.08698282390832901,0.521731972694397,0.478268027305603,0.5735318660736084,0.6378026604652405,0.4745558500289917,0.521731972694397,0.478268027305603,0.521731972694397,0.478268027305603,0.443243508524835,0.556756491475165,0.9359177350997925,0.4105719902243018,0.5894280097756982,0.04484632782687947,0.4914209678548918,0.5085790321451082,0.16656577353501134,0.023580868428761503,0.023580868428761503,0.023380469530820847,0.019265130162239075,0.9764191315712385,0.023580868428761503,0.05898522585630417,0.0019987670239061117,216963
acdc_b1_s42ctl_mit-b1_guard_dense_gap_j9258122,2026-07-11 16:06:19,acdc,val,all,student_skd,/scratch/gautschi/manors/hf_cache/hub/models--nvidia--mit-b1/snapshots/13ddceec4e8bdf401e7cd7acf5aebc526222518c,runs/mit-b1_skd_j9200315/student_skd.ckpt,skd,GP020402_frame_000994_rgb_anon,/home/manors/Guardrail-Distillation/data/acdc/rgb_anon/rain/val/GP020402/GP020402_frame_000994_rgb_anon.png,rain,0.3176356692846394,0.6823643307153606,0.8524962067604065,0.9129746556282043,0.154307559132576,0.24596810340881348,0.3827771842479706,0.8051728010177612,0.6192797422409058,-4.779284477233887,4.668703079223633,0.03576868027448654,0.12226028740406036,250163,3.6471172352321446,13.33955000154674,11.867339722812176,0.2262611129127805,0.7737388870872195,76862,0.26479750778816197,0.7352024922118381,1284,0.24913205206394196,0.002060959581285715,11.979352973867208,0.4473406672477722,0.5526593327522278,0.5404117107391357,0.561124861240387,0.19460026919841766,0.5484971404075623,0.45150285959243774,0.6514650583267212,0.7150244116783142,0.4812016785144806,0.5484971404075623,0.45150285959243774,0.5484971404075623,0.45150285959243774,0.2956151457707826,0.7043848542292175,0.8800622224807739,0.2326162219910341,0.7673837780089658,0.006355109078253651,0.025311526479750778,0.9746884735202492,0.0,0.0,0.0,0.08344559371471405,0.05587956681847572,1.0,0.0,0.1631016582250595,0.03366205468773842,188037
acdc_b1_s42ctl_mit-b1_guard_dense_gap_j9258122,2026-07-11 16:06:19,acdc,val,all,student_skd,/scratch/gautschi/manors/hf_cache/hub/models--nvidia--mit-b1/snapshots/13ddceec4e8bdf401e7cd7acf5aebc526222518c,runs/mit-b1_skd_j9200315/student_skd.ckpt,skd,GP020402_frame_001000_rgb_anon,/home/manors/Guardrail-Distillation/data/acdc/rgb_anon/rain/val/GP020402/GP020402_frame_001000_rgb_anon.png,rain,0.3014584125919833,0.6985415874080168,0.831750214099884,0.9079944491386414,0.1549810916185379,0.24994342029094696,0.36359137296676636,0.7998386025428772,0.6216571927070618,-4.2721076011657715,4.156259536743164,0.033958811312913895,0.13102181255817413,249302,3.6471172352321446,13.33955000154674,11.867339722812176,0.2201093776430277,0.7798906223569723,75990,0.3073299087295977,0.6926700912704022,6302,0.25337180495262146,0.002437056042253971,11.979352973867208,0.4823034405708313,0.5176965594291687,0.5715227723121643,0.5895808935165405,0.18424737453460693,0.5459319949150085,0.45406800508499146,0.6237998008728027,0.6997506618499756,0.5191873908042908,0.5459319949150085,0.45406800508499146,0.5459319949150085,0.45406800508499146,0.32024591745360176,0.6797540825463982,0.8828929662704468,0.26689942214345,0.73310057785655,0.046790044500422234,0.23211361144716203,0.767886388552838,0.0,0.01878750486161851,0.01878750486161851,0.07933349162340164,0.02819070778787136,0.9812124951383815,0.01878750486161851,0.1420084834098816,0.01691121608018875,183183
acdc_b1_s42ctl_mit-b1_guard_dense_gap_j9258122,2026-07-11 16:06:19,acdc,val,all,student_skd,/scratch/gautschi/manors/hf_cache/hub/models--nvidia--mit-b1/snapshots/13ddceec4e8bdf401e7cd7acf5aebc526222518c,runs/mit-b1_skd_j9200315/student_skd.ckpt,skd,GP020402_frame_001020_rgb_anon,/home/manors/Guardrail-Distillation/data/acdc/rgb_anon/rain/val/GP020402/GP020402_frame_001020_rgb_anon.png,rain,0.3572014639926165,0.6427985360073836,0.9083374738693237,0.9503759741783142,0.12654225528240204,0.1440737098455429,0.3219829499721527,0.876166582107544,0.4211231470108032,-5.8666863441467285,5.802714824676514,0.0235932357609272,0.06909778714179993,237229,3.6471172352321446,13.33955000154674,11.867339722812176,0.31285145082692706,0.6871485491730729,68762,0.17902628118114533,0.8209737188188546,4257,0.14689220488071442,0.0019260746194049716,11.979352973867208,0.43077197670936584,0.5692280232906342,0.5303391814231873,0.5560184121131897,0.054094813764095306,0.5135204195976257,0.48647958040237427,0.5444982051849365,0.5717692375183105,0.49012139439582825,0.5135204195976257,0.48647958040237427,0.5135204195976257,0.48647958040237427,0.43583340796664716,0.5641665920333528,0.9260250329971313,0.3535102142159812,0.6464897857840188,0.04065876338905405,0.22884454238608415,0.7711554576139159,0.04981826120493871,0.07863194397403073,0.07863194397403073,0.03570389747619629,0.01801634579896927,0.9213680560259693,0.07863194397403073,0.07073333859443665,0.007435852661728859,205395
acdc_b1_s42ctl_mit-b1_guard_dense_gap_j9258122,2026-07-11 16:06:19,acdc,val,all,student_skd,/scratch/gautschi/manors/hf_cache/hub/models--nvidia--mit-b1/snapshots/13ddceec4e8bdf401e7cd7acf5aebc526222518c,runs/mit-b1_skd_j9200315/student_skd.ckpt,skd,GP030400_frame_000121_rgb_anon,/home/manors/Guardrail-Distillation/data/acdc/rgb_anon/rain/val/GP030400/GP030400_frame_000121_rgb_anon.png,rain,0.42964443130596663,0.5703555686940334,0.8862713575363159,0.9573370218276978,0.1145758181810379,0.11309690773487091,0.2652199864387512,0.9023131728172302,0.3169704079627991,-5.118497371673584,5.064819812774658,0.015569147653877735,0.06011006236076355,247862,3.6534997052513063,13.351830246392637,11.861407198011875,0.3185939717517219,0.6814060282482781,75379,0.7971598877980365,0.20284011220196352,5704,0.11475049704313278,0.0012886426411569118,12.04716379288584,0.45894524455070496,0.541054755449295,0.5576905012130737,0.5743330121040344,0.057046353816986084,0.5142577290534973,0.4857422709465027,0.5567933320999146,0.6036848425865173,0.491502970457077,0.5142577290534973,0.4857422709465027,0.5142577290534973,0.4857422709465027,0.4854921937312071,0.5145078062687929,0.9106276631355286,0.29822758146143596,0.7017724185385641,0.0,0.37955820476858343,0.6204417952314165,0.0,0.05584776242524048,0.05584776242524048,0.03524945303797722,0.010893158614635468,0.9441522375747595,0.05584776242524048,0.06053771823644638,0.0036310527939349413,217314
acdc_b1_s42ctl_mit-b1_guard_dense_gap_j9258122,2026-07-11 16:06:19,acdc,val,all,student_skd,/scratch/gautschi/manors/hf_cache/hub/models--nvidia--mit-b1/snapshots/13ddceec4e8bdf401e7cd7acf5aebc526222518c,runs/mit-b1_skd_j9200315/student_skd.ckpt,skd,GP030400_frame_000129_rgb_anon,/home/manors/Guardrail-Distillation/data/acdc/rgb_anon/rain/val/GP030400/GP030400_frame_000129_rgb_anon.png,rain,0.493396323986025,0.5066036760139749,0.8830376267433167,0.9495711922645569,0.12106450647115707,0.13304132223129272,0.2777661383152008,0.8855100870132446,0.3584343492984772,-5.859102725982666,5.79600715637207,0.01439367700368166,0.07047727704048157,245455,3.6534997052513063,13.351830246392637,11.861407198011875,0.3915531024462886,0.6084468975537114,71835,0.28141135972461273,0.7185886402753873,635,0.13481977581977844,0.001374430488795042,12.04716379288584,0.4321012794971466,0.5678987205028534,0.5248709917068481,0.5545654296875,0.05341058224439621,0.5133494734764099,0.4866505265235901,0.5516073107719421,0.6028839945793152,0.4873858392238617,0.5133494734764099,0.4866505265235901,0.5133494734764099,0.4866505265235901,0.4525577542769971,0.5474422457230028,0.8807031512260437,0.26525422688287603,0.734745773117124,0.0,0.3095667870036101,0.6904332129963899,0.028155427278997336,0.0,0.0,0.026595506817102432,0.028929946944117546,1.0,0.0,0.08298873156309128,0.003878511255607009,209826
acdc_b1_s42ctl_mit-b1_guard_dense_gap_j9258122,2026-07-11 16:06:19,acdc,val,all,student_skd,/scratch/gautschi/manors/hf_cache/hub/models--nvidia--mit-b1/snapshots/13ddceec4e8bdf401e7cd7acf5aebc526222518c,runs/mit-b1_skd_j9200315/student_skd.ckpt,skd,GP030400_frame_000135_rgb_anon,/home/manors/Guardrail-Distillation/data/acdc/rgb_anon/rain/val/GP030400/GP030400_frame_000135_rgb_anon.png,rain,0.34870915031729777,0.6512908496827022,0.9344726204872131,0.9711781740188599,0.09324594587087631,0.08242785930633545,0.2260323017835617,0.9124108552932739,0.32893604040145874,-5.116261005401611,5.080329895019531,0.008750112727284431,0.037134625017642975,243654,3.6534997052513063,13.351830246392637,11.861407198011875,0.2645226007503956,0.7354773992496044,72272,0.7753295120605331,0.22467048793946687,33629,0.08511608093976974,0.001386734889820218,12.04716379288584,0.41611790657043457,0.5838820934295654,0.5180361866950989,0.5322028398513794,0.027829952538013458,0.5069570541381836,0.4930429458618164,0.528592050075531,0.5467950701713562,0.4526059627532959,0.5069570541381836,0.4930429458618164,0.5069570541381836,0.4930429458618164,0.37489974023995193,0.6251002597600481,0.8362431526184082,0.28905086462914165,0.7109491353708584,0.02452826387874607,0.5530460454943513,0.4469539545056487,0.0,0.026190589922654106,0.026190589922654106,0.020377255976200104,0.11860670894384384,0.9738094100773459,0.026190589922654106,0.15934069454669952,0.006833460181951523,224196
acdc_b1_s42ctl_mit-b1_guard_dense_gap_j9258122,2026-07-11 16:06:19,acdc,val,all,student_skd,/scratch/gautschi/manors/hf_cache/hub/models--nvidia--mit-b1/snapshots/13ddceec4e8bdf401e7cd7acf5aebc526222518c,runs/mit-b1_skd_j9200315/student_skd.ckpt,skd,GP030400_frame_000154_rgb_anon,/home/manors/Guardrail-Distillation/data/acdc/rgb_anon/rain/val/GP030400/GP030400_frame_000154_rgb_anon.png,rain,0.19519792132044944,0.8048020786795506,0.6920478343963623,0.9456465244293213,0.11641313880681992,0.14903950691223145,0.27005189657211304,0.8669365048408508,0.4307512938976288,-4.8416748046875,4.775615215301514,0.010739510878920555,0.06563874334096909,251315,3.6534997052513063,13.351830246392637,11.861407198011875,0.09796335341567283,0.9020366465843271,77198,0.11416725992219878,0.8858327400778012,60523,0.15413159132003784,0.0038857890758663416,12.04716379288584,0.4184727072715759,0.5815272927284241,0.5458452701568604,0.5563806891441345,0.031936854124069214,0.5079835653305054,0.49201643466949463,0.5319216251373291,0.5554970502853394,0.42476606369018555,0.5079835653305054,0.49201643466949463,0.5079835653305054,0.49201643466949463,0.31271012038540597,0.6872898796145941,0.6603863835334778,0.19423043826244413,0.8057695617375559,0.09626708484677127,0.28167319544063363,0.7183268045593664,0.16750593551843485,0.11751219906495647,0.11751219906495647,0.05552792549133301,0.08718938380479813,0.8824878009350435,0.11751219906495647,0.17818276584148407,0.03514314815402031,209868
acdc_b1_s42ctl_mit-b1_guard_dense_gap_j9258122,2026-07-11 16:06:19,acdc,val,all,student_skd,/scratch/gautschi/manors/hf_cache/hub/models--nvidia--mit-b1/snapshots/13ddceec4e8bdf401e7cd7acf5aebc526222518c,runs/mit-b1_skd_j9200315/student_skd.ckpt,skd,GP030400_frame_000184_rgb_anon,/home/manors/Guardrail-Distillation/data/acdc/rgb_anon/rain/val/GP030400/GP030400_frame_000184_rgb_anon.png,rain,0.33815387433206606,0.661846125667934,0.8377009630203247,0.9490035176277161,0.11607290059328079,0.13259291648864746,0.25662100315093994,0.8802627921104431,0.38023459911346436,-5.529911994934082,5.467676639556885,0.007904594764113426,0.07063568383455276,247198,3.6499020061455667,13.323189748916775,11.811968986876309,0.22234118510432938,0.7776588148956707,73429,0.4281570176521417,0.5718429823478584,8143,0.13517293334007263,0.001655008178204298,12.064731505233794,0.4280807375907898,0.5719192624092102,0.5371731519699097,0.5581857562065125,0.05266941338777542,0.5131643414497375,0.48683565855026245,0.5508796572685242,0.5832704305648804,0.4734840989112854,0.5131643414497375,0.48683565855026245,0.5131643414497375,0.48683565855026245,0.47839317923949065,0.5216068207605093,0.8881099224090576,0.3630304934128846,0.6369695065871154,0.1406893083085553,0.4204026182536742,0.5795973817463258,0.0,0.14023930490742464,0.14023930490742464,0.058143675327301025,0.007734690327197313,0.8597606950925754,0.14023930490742464,0.10043366253376007,0.022330276668071747,209146
acdc_b1_s42ctl_mit-b1_guard_dense_gap_j9258122,2026-07-11 16:06:19,acdc,val,all,student_skd,/scratch/gautschi/manors/hf_cache/hub/models--nvidia--mit-b1/snapshots/13ddceec4e8bdf401e7cd7acf5aebc526222518c,runs/mit-b1_skd_j9200315/student_skd.ckpt,skd,GP030402_frame_000001_rgb_anon,/home/manors/Guardrail-Distillation/data/acdc/rgb_anon/rain/val/GP030402/GP030402_frame_000001_rgb_anon.png,rain,0.4818744365274061,0.5181255634725939,0.9376630783081055,0.9550631642341614,0.1204601526260376,0.12115069478750229,0.2873218357563019,0.8997325897216797,0.3216042220592499,-6.204145431518555,6.146695613861084,0.02008899115025997,0.06433460861444473,248793,3.6499020061455667,13.323189748916775,11.811968986876309,0.42739420816212403,0.572605791837876,74679,0.8348209926210174,0.1651790073789826,10657,0.12284258753061295,0.0013129812432453036,12.064731505233794,0.4229184687137604,0.5770815312862396,0.5241827964782715,0.5574134588241577,0.03607828915119171,0.50901859998703,0.49098140001296997,0.543780505657196,0.5669064521789551,0.4823493957519531,0.50901859998703,0.49098140001296997,0.50901859998703,0.49098140001296997,0.5172502748273142,0.4827497251726858,0.9496850967407227,0.4713103749358779,0.5286896250641221,0.04391616677375387,0.7833818718582941,0.2166181281417059,0.0,0.03537583829990809,0.03537583829990809,0.028083588927984238,0.01606154628098011,0.9646241617000919,0.03537583829990809,0.05475636571645737,0.0019775477703660727,217885
acdc_b1_s42ctl_mit-b1_guard_dense_gap_j9258122,2026-07-11 16:06:19,acdc,val,all,student_skd,/scratch/gautschi/manors/hf_cache/hub/models--nvidia--mit-b1/snapshots/13ddceec4e8bdf401e7cd7acf5aebc526222518c,runs/mit-b1_skd_j9200315/student_skd.ckpt,skd,GP030402_frame_000022_rgb_anon,/home/manors/Guardrail-Distillation/data/acdc/rgb_anon/rain/val/GP030402/GP030402_frame_000022_rgb_anon.png,rain,0.4590290403495918,0.5409709596504082,0.8910518884658813,0.9496701955795288,0.12116634100675583,0.13396985828876495,0.2810842990875244,0.8877284526824951,0.3565327227115631,-5.200197696685791,5.137353420257568,0.015930937603116035,0.07042514532804489,248008,3.6499020061455667,13.323189748916775,11.811968986876309,0.3814016894045166,0.6185983105954834,74942,0.43672286522178566,0.5632771347782144,4591,0.13571307063102722,0.0012370124459266663,12.064731505233794,0.4584170877933502,0.5415829122066498,0.5596947073936462,0.5821285843849182,0.06930568069219589,0.5173195004463196,0.4826804995536804,0.5701186060905457,0.6126003265380859,0.4835570156574249,0.5173195004463196,0.4826804995536804,0.5173195004463196,0.4826804995536804,0.4586069046374832,0.5413930953625168,0.9408002495765686,0.4129333315418041,0.5870666684581959,0.03153164213728754,0.32615590833683117,0.6738440916631688,0.0,0.0,0.0,0.06677203625440598,0.017023643478751183,1.0,0.0,0.09175509959459305,0.02380165085196495,211568
acdc_b1_s42ctl_mit-b1_guard_dense_gap_j9258122,2026-07-11 16:06:19,acdc,val,all,student_skd,/scratch/gautschi/manors/hf_cache/hub/models--nvidia--mit-b1/snapshots/13ddceec4e8bdf401e7cd7acf5aebc526222518c,runs/mit-b1_skd_j9200315/student_skd.ckpt,skd,GP030402_frame_000094_rgb_anon,/home/manors/Guardrail-Distillation/data/acdc/rgb_anon/rain/val/GP030402/GP030402_frame_000094_rgb_anon.png,rain,0.4306008326457883,0.5693991673542117,0.9250134825706482,0.9597645401954651,0.1142360121011734,0.11308857798576355,0.2885475754737854,0.9048788547515869,0.3221835494041443,-5.800638198852539,5.749269485473633,0.01638215035200119,0.05714353546500206,252592,3.6499020061455667,13.323189748916775,11.811968986876309,0.3390861393223874,0.6609138606776126,79262,0.5341996226248538,0.46580037737514624,10032,0.11524648219347,0.0014312600251287222,12.064731505233794,0.42306381464004517,0.5769361853599548,0.5453466176986694,0.5661925077438354,0.06395246088504791,0.5159826874732971,0.4840173125267029,0.5705098509788513,0.6044502854347229,0.4709758758544922,0.5159826874732971,0.4840173125267029,0.5159826874732971,0.4840173125267029,0.6408864432701056,0.3591135567298944,0.954135537147522,0.5472281918889839,0.45277180811101614,0.20814205256659646,0.8912711997660716,0.10872880023392839,0.35707157714121784,0.21028561062431728,0.21028561062431728,0.03740023449063301,0.00827817153185606,0.7897143893756827,0.21028561062431728,0.054898809641599655,0.009612339548766613,224453
acdc_b1_s42ctl_mit-b1_guard_dense_gap_j9258122,2026-07-11 16:06:19,acdc,val,all,student_skd,/scratch/gautschi/manors/hf_cache/hub/models--nvidia--mit-b1/snapshots/13ddceec4e8bdf401e7cd7acf5aebc526222518c,runs/mit-b1_skd_j9200315/student_skd.ckpt,skd,GP030402_frame_000266_rgb_anon,/home/manors/Guardrail-Distillation/data/acdc/rgb_anon/rain/val/GP030402/GP030402_frame_000266_rgb_anon.png,rain,0.24839207136505875,0.7516079286349413,0.8861384987831116,0.9041987657546997,0.16119976341724396,0.28868550062179565,0.4217413067817688,0.7655825018882751,0.7942454814910889,-3.7527291774749756,3.6299023628234863,0.045365266501903534,0.12992390990257263,257620,3.796823264565319,13.322304759640247,11.854981945361942,0.2019434106679047,0.7980565893320953,84892,0.0,1.0,2596,0.29380571842193604,0.0030386580619961023,12.071049015503377,0.4920996427536011,0.5079003572463989,0.5717869400978088,0.5809968709945679,0.24579529464244843,0.561141312122345,0.43885868787765503,0.6542852520942688,0.7255067825317383,0.47757473587989807,0.561141312122345,0.43885868787765503,0.561141312122345,0.43885868787765503,0.27964124805258317,0.7203587519474168,0.8820006251335144,0.25833144663147345,0.7416685533685266,0.05638803596356878,0.12367149758454106,0.8763285024154589,0.1236714975845411,0.03124917668752447,0.03124917668752447,0.047263409942388535,0.051401287317276,0.9687508233124755,0.03124917668752447,0.1337745487689972,0.0034973991569131613,189487
acdc_b1_s42ctl_mit-b1_guard_dense_gap_j9258122,2026-07-11 16:06:19,acdc,val,all,student_skd,/scratch/gautschi/manors/hf_cache/hub/models--nvidia--mit-b1/snapshots/13ddceec4e8bdf401e7cd7acf5aebc526222518c,runs/mit-b1_skd_j9200315/student_skd.ckpt,skd,GP030402_frame_000428_rgb_anon,/home/manors/Guardrail-Distillation/data/acdc/rgb_anon/rain/val/GP030402/GP030402_frame_000428_rgb_anon.png,rain,0.2850349879751684,0.7149650120248316,0.8235496282577515,0.906887412071228,0.14102047681808472,0.26822248101234436,0.3326839208602905,0.767512857913971,0.7516157031059265,-3.7529940605163574,3.639310121536255,0.02554396726191044,0.10777208209037781,250705,3.796823264565319,13.322304759640247,11.854981945361942,0.2079404783978505,0.7920595216021495,76627,0.16910674573758339,0.8308932542624166,5446,0.2724682688713074,0.002379806013777852,12.071049015503377,0.4746858775615692,0.5253141224384308,0.548896849155426,0.5593571066856384,0.2768348753452301,0.5687701106071472,0.4312298893928528,0.6819673776626587,0.7517126202583313,0.5047688484191895,0.5687701106071472,0.4312298893928528,0.5687701106071472,0.4312298893928528,0.39944498125128014,0.6005550187487199,0.8673102259635925,0.28908968326266077,0.7109103167373392,0.08114920486481036,0.42515190572638556,0.5748480942736145,0.25604515998880206,0.11440999327611179,0.11440999327611179,0.05590634420514107,0.012145749293267727,0.8855900067238882,0.11440999327611179,0.13660278916358948,0.008747332729399204,179544
acdc_b1_s42ctl_mit-b1_guard_dense_gap_j9258122,2026-07-11 16:06:19,acdc,val,all,student_skd,/scratch/gautschi/manors/hf_cache/hub/models--nvidia--mit-b1/snapshots/13ddceec4e8bdf401e7cd7acf5aebc526222518c,runs/mit-b1_skd_j9200315/student_skd.ckpt,skd,GOPR0122_frame_000001_rgb_anon,/home/manors/Guardrail-Distillation/data/acdc/rgb_anon/snow/val/GOPR0122/GOPR0122_frame_000001_rgb_anon.png,snow,0.3001028106925788,0.6998971893074212,0.7477643489837646,0.9238503575325012,0.13288284838199615,0.20312285423278809,0.29231804609298706,0.8194891214370728,0.5554794669151306,-4.448455810546875,4.355696201324463,0.013821130618453026,0.09701241552829742,238186,3.796823264565319,13.322304759640247,11.854981945361942,0.22976616297023297,0.770233837029767,64512,0.35599348339461334,0.6440065166053867,7311,0.20643170177936554,0.0019249289762228727,12.071049015503377,0.5026915669441223,0.4973084330558777,0.5775367021560669,0.5892917513847351,0.1647183746099472,0.541086733341217,0.45891326665878296,0.6026477813720703,0.6332444548606873,0.5269118547439575,0.541086733341217,0.45891326665878296,0.541086733341217,0.45891326665878296,0.4341938868600123,0.5658061131399876,0.8309807777404785,0.35722808202727757,0.6427719179727225,0.12746191905704451,0.42122957369451436,0.5787704263054856,0.06523609029990107,0.13409107616743354,0.13409107616743354,0.09935092180967331,0.01613444834947586,0.8659089238325665,0.13409107616743354,0.12437758594751358,0.04191682115197182,184631
acdc_b1_s42ctl_mit-b1_guard_dense_gap_j9258122,2026-07-11 16:06:20,acdc,val,all,student_skd,/scratch/gautschi/manors/hf_cache/hub/models--nvidia--mit-b1/snapshots/13ddceec4e8bdf401e7cd7acf5aebc526222518c,runs/mit-b1_skd_j9200315/student_skd.ckpt,skd,GOPR0122_frame_000018_rgb_anon,/home/manors/Guardrail-Distillation/data/acdc/rgb_anon/snow/val/GOPR0122/GOPR0122_frame_000018_rgb_anon.png,snow,0.3586873855543768,0.6413126144456232,0.8087949156761169,0.9361289739608765,0.1320728361606598,0.15663865208625793,0.28388044238090515,0.8705147504806519,0.37745627760887146,-4.997499465942383,4.918311595916748,0.01344344299286604,0.0939263179898262,236249,3.796823264565319,13.322304759640247,11.854981945361942,0.2404507530142012,0.7595492469857987,65853,0.23123486682808717,0.7687651331719129,443,0.15843431651592255,0.001247058971785009,12.071049015503377,0.47846657037734985,0.5215334296226501,0.5699355006217957,0.5841346383094788,0.11775247752666473,0.5294041633605957,0.4705958366394043,0.6051437258720398,0.6496075391769409,0.5199596881866455,0.5294041633605957,0.4705958366394043,0.5294041633605957,0.4705958366394043,0.4221936807608982,0.5778063192391019,0.8673475384712219,0.3665978708845493,0.6334021291154507,0.12614711787034805,0.45072115384615385,0.5492788461538461,0.21948628701806672,0.06350629520652129,0.06350629520652129,0.07276644557714462,0.01421381626278162,0.9364937047934787,0.06350629520652129,0.10325969010591507,0.01073443703353405,191342
acdc_b1_s42ctl_mit-b1_guard_dense_gap_j9258122,2026-07-11 16:06:20,acdc,val,all,student_skd,/scratch/gautschi/manors/hf_cache/hub/models--nvidia--mit-b1/snapshots/13ddceec4e8bdf401e7cd7acf5aebc526222518c,runs/mit-b1_skd_j9200315/student_skd.ckpt,skd,GOPR0122_frame_000028_rgb_anon,/home/manors/Guardrail-Distillation/data/acdc/rgb_anon/snow/val/GOPR0122/GOPR0122_frame_000028_rgb_anon.png,snow,0.3672960113927837,0.6327039886072163,0.8313891887664795,0.946344792842865,0.12682312726974487,0.1425473392009735,0.29583480954170227,0.8806313276290894,0.37213602662086487,-5.74353551864624,5.675785064697266,0.01918470300734043,0.07678528130054474,236699,3.6437922390177846,13.296184770297259,11.860732280183583,0.42186169317793404,0.578138306822066,68010,0.19405940594059404,0.805940594059406,1873,0.14509256184101105,0.0015915570547804236,11.976807960309088,0.4315640330314636,0.5684359669685364,0.5414748787879944,0.5647681355476379,0.0756155326962471,0.5188948512077332,0.48110514879226685,0.5534384846687317,0.5974398851394653,0.4890880286693573,0.5188948512077332,0.48110514879226685,0.5188948512077332,0.48110514879226685,0.33795616547531393,0.6620438345246861,0.8477855324745178,0.43615173625506626,0.5638482637449338,0.01429004307713222,0.311787072243346,0.688212927756654,0.117727666302752,0.0,0.0,0.04669221118092537,0.030295860022306442,1.0,0.0,0.08809922635555267,0.009155087172985077,201179
acdc_b1_s42ctl_mit-b1_guard_dense_gap_j9258122,2026-07-11 16:06:20,acdc,val,all,student_skd,/scratch/gautschi/manors/hf_cache/hub/models--nvidia--mit-b1/snapshots/13ddceec4e8bdf401e7cd7acf5aebc526222518c,runs/mit-b1_skd_j9200315/student_skd.ckpt,skd,GOPR0122_frame_000040_rgb_anon,/home/manors/Guardrail-Distillation/data/acdc/rgb_anon/snow/val/GOPR0122/GOPR0122_frame_000040_rgb_anon.png,snow,0.3928196524080305,0.6071803475919695,0.8852041363716125,0.9756121039390564,0.07941360771656036,0.07185905426740646,0.19063282012939453,0.9196648001670837,0.29340291023254395,-5.545712471008301,5.516425132751465,0.004597253631800413,0.026931608095765114,236228,3.6437922390177846,13.296184770297259,11.860732280183583,0.4329707878519269,0.5670292121480731,65296,0.26465672577233434,0.7353432742276657,1624,0.07333330810070038,0.0008134153322316706,11.976807960309088,0.46544575691223145,0.5345542430877686,0.5465427041053772,0.555874764919281,0.0381636843085289,0.509539783000946,0.49046021699905396,0.5296740531921387,0.5488195419311523,0.5177428126335144,0.509539783000946,0.49046021699905396,0.509539783000946,0.49046021699905396,0.36194345904111913,0.6380565409588809,0.9012098908424377,0.35384203383565865,0.6461579661643413,0.0,0.22556341890162693,0.7744365810983731,0.0,0.0,0.0,0.030318167060613632,0.014312444254755974,1.0,0.0,0.048766445368528366,0.016437510028481483,219441
acdc_b1_s42ctl_mit-b1_guard_dense_gap_j9258122,2026-07-11 16:06:20,acdc,val,all,student_skd,/scratch/gautschi/manors/hf_cache/hub/models--nvidia--mit-b1/snapshots/13ddceec4e8bdf401e7cd7acf5aebc526222518c,runs/mit-b1_skd_j9200315/student_skd.ckpt,skd,GOPR0122_frame_000049_rgb_anon,/home/manors/Guardrail-Distillation/data/acdc/rgb_anon/snow/val/GOPR0122/GOPR0122_frame_000049_rgb_anon.png,snow,0.3447804033230044,0.6552195966769956,0.7211210131645203,0.9438567757606506,0.11578048765659332,0.14968998730182648,0.2538352906703949,0.864493727684021,0.41590937972068787,-4.874713897705078,4.807071685791016,0.009159485809504986,0.06805922091007233,230799,3.6437922390177846,13.296184770297259,11.860732280183583,0.29092108370179537,0.7090789162982046,60609,0.7170817757990675,0.2829182242009325,1662,0.15245011448860168,0.0015135073335841298,11.976807960309088,0.49158617854118347,0.5084138214588165,0.5739842653274536,0.5915799736976624,0.12835559248924255,0.5320448875427246,0.4679551124572754,0.6041807532310486,0.6413557529449463,0.5223366022109985,0.5320448875427246,0.4679551124572754,0.5320448875427246,0.4679551124572754,0.31908796890021446,0.6809120310997856,0.8037036657333374,0.32239972250855164,0.6776002774914484,0.031478638806756276,0.4710654668885474,0.5289345331114526,0.0,0.0,0.0,0.09840597212314606,0.01582329347729683,1.0,0.0,0.12338008731603622,0.04119168594479561,191151
acdc_b1_s42ctl_mit-b1_guard_dense_gap_j9258122,2026-07-11 16:06:20,acdc,val,all,student_skd,/scratch/gautschi/manors/hf_cache/hub/models--nvidia--mit-b1/snapshots/13ddceec4e8bdf401e7cd7acf5aebc526222518c,runs/mit-b1_skd_j9200315/student_skd.ckpt,skd,GOPR0122_frame_000057_rgb_anon,/home/manors/Guardrail-Distillation/data/acdc/rgb_anon/snow/val/GOPR0122/GOPR0122_frame_000057_rgb_anon.png,snow,0.28640826405202396,0.713591735947976,0.7495223879814148,0.9474965333938599,0.1303347796201706,0.1427653729915619,0.31239405274391174,0.877068042755127,0.40618783235549927,-5.231601715087891,5.163811206817627,0.024728499352931976,0.07400114089250565,238672,3.6437922390177846,13.296184770297259,11.860732280183583,0.19384984193429305,0.8061501580657069,66763,0.44842053307008883,0.5515794669299112,2135,0.1455603539943695,0.001851691515184939,11.976807960309088,0.4509417414665222,0.5490582585334778,0.5492983460426331,0.5593398213386536,0.0852038711309433,0.5212880969047546,0.47871190309524536,0.5649070143699646,0.6135780811309814,0.5024745464324951,0.5212880969047546,0.47871190309524536,0.5212880969047546,0.47871190309524536,0.38415293037833326,0.6158470696216667,0.8552616238594055,0.4413535596694207,0.5586464403305793,0.24750371773512758,0.45656465942744323,0.5434353405725567,0.008144126357354509,0.09774466632630929,0.09774466632630929,0.12541480362415314,0.019675537943840027,0.9022553336736907,0.09774466632630929,0.16373097896575928,0.09753553569316864,204768
acdc_b1_s42ctl_mit-b1_guard_dense_gap_j9258122,2026-07-11 16:06:20,acdc,val,all,student_skd,/scratch/gautschi/manors/hf_cache/hub/models--nvidia--mit-b1/snapshots/13ddceec4e8bdf401e7cd7acf5aebc526222518c,runs/mit-b1_skd_j9200315/student_skd.ckpt,skd,GOPR0122_frame_000064_rgb_anon,/home/manors/Guardrail-Distillation/data/acdc/rgb_anon/snow/val/GOPR0122/GOPR0122_frame_000064_rgb_anon.png,snow,0.32204967301611026,0.6779503269838898,0.8590543866157532,0.9368050694465637,0.12967634201049805,0.1638888418674469,0.285867840051651,0.8577250838279724,0.4405366778373718,-5.53300666809082,5.454927444458008,0.01606365293264389,0.08617288619279861,239298,3.7869660300202668,13.322402257472277,11.88053225632757,0.36103679174688985,0.6389632082531101,67048,0.5291664676664438,0.4708335323335562,6124,0.1669732630252838,0.0019361063605174422,11.969255516305566,0.4516651928424835,0.5483348071575165,0.5447894930839539,0.5647302865982056,0.09020126610994339,0.5225350260734558,0.4774649739265442,0.5770003199577332,0.6203134059906006,0.49993252754211426,0.5225350260734558,0.4774649739265442,0.5225350260734558,0.4774649739265442,0.37030031387949175,0.6296996861205082,0.894140362739563,0.4699576927387558,0.5300423072612441,0.10892090099186602,0.3124535666146613,0.6875464333853387,0.0,0.0482506408633816,0.0482506408633816,0.0535399354994297,0.01845397800207138,0.9517493591366184,0.0482506408633816,0.0908866748213768,0.009143411181867123,194263
acdc_b1_s42ctl_mit-b1_guard_dense_gap_j9258122,2026-07-11 16:06:20,acdc,val,all,student_skd,/scratch/gautschi/manors/hf_cache/hub/models--nvidia--mit-b1/snapshots/13ddceec4e8bdf401e7cd7acf5aebc526222518c,runs/mit-b1_skd_j9200315/student_skd.ckpt,skd,GOPR0122_frame_000070_rgb_anon,/home/manors/Guardrail-Distillation/data/acdc/rgb_anon/snow/val/GOPR0122/GOPR0122_frame_000070_rgb_anon.png,snow,0.34523850978478504,0.654761490215215,0.8478533625602722,0.9407759308815002,0.12717552483081818,0.16667570173740387,0.3006412982940674,0.8476157784461975,0.5016783475875854,-4.448997974395752,4.375419616699219,0.018487393856048584,0.07939928025007248,240380,3.7869660300202668,13.322402257472277,11.88053225632757,0.33038250139766606,0.669617498602334,68379,0.3689717925386715,0.6310282074613285,1111,0.16929364204406738,0.001554368995130062,11.969255516305566,0.492855042219162,0.507144957780838,0.5665808916091919,0.5793312788009644,0.13337108492851257,0.5332934260368347,0.4667065739631653,0.60076904296875,0.6593607068061829,0.5441845655441284,0.5332934260368347,0.4667065739631653,0.5332934260368347,0.4667065739631653,0.4085096234414119,0.5914903765585882,0.8560861349105835,0.32079548188894175,0.6792045181110582,0.0,0.3707916287534122,0.6292083712465878,0.0018198362147406888,0.06327111365662685,0.06327111365662685,0.032860469073057175,0.024627672508358955,0.9367288863433731,0.06327111365662685,0.12171561270952225,0.007883351296186447,200051
acdc_b1_s42ctl_mit-b1_guard_dense_gap_j9258122,2026-07-11 16:06:20,acdc,val,all,student_skd,/scratch/gautschi/manors/hf_cache/hub/models--nvidia--mit-b1/snapshots/13ddceec4e8bdf401e7cd7acf5aebc526222518c,runs/mit-b1_skd_j9200315/student_skd.ckpt,skd,GOPR0122_frame_000077_rgb_anon,/home/manors/Guardrail-Distillation/data/acdc/rgb_anon/snow/val/GOPR0122/GOPR0122_frame_000077_rgb_anon.png,snow,0.32845830319341685,0.6715416968065832,0.8496109843254089,0.9583977460861206,0.12009652704000473,0.11834261566400528,0.30751296877861023,0.8992494940757751,0.35009539127349854,-5.194216251373291,5.139959335327148,0.02258273959159851,0.060008514672517776,241999,3.7869660300202668,13.322402257472277,11.88053225632757,0.25299776165092297,0.7470022383490771,70409,0.5454429256702906,0.4545570743297094,1188,0.12045247852802277,0.0015181744238361716,11.969255516305566,0.4329911172389984,0.5670088827610016,0.5418931841850281,0.5583506226539612,0.058307990431785583,0.5145728588104248,0.4854271411895752,0.5482820272445679,0.6029496788978577,0.49574974179267883,0.5145728588104248,0.4854271411895752,0.5145728588104248,0.4854271411895752,0.44266292652607936,0.5573370734739207,0.8878260254859924,0.3646443804320697,0.6353556195679303,0.11164661878114679,0.751920256531358,0.24807974346864203,0.20647733086106734,0.11420462333266246,0.11420462333266246,0.05231013521552086,0.014095100574195385,0.8857953766673375,0.11420462333266246,0.0954384133219719,0.024797623977065086,215450
acdc_b1_s42ctl_mit-b1_guard_dense_gap_j9258122,2026-07-11 16:06:20,acdc,val,all,student_skd,/scratch/gautschi/manors/hf_cache/hub/models--nvidia--mit-b1/snapshots/13ddceec4e8bdf401e7cd7acf5aebc526222518c,runs/mit-b1_skd_j9200315/student_skd.ckpt,skd,GOPR0122_frame_000085_rgb_anon,/home/manors/Guardrail-Distillation/data/acdc/rgb_anon/snow/val/GOPR0122/GOPR0122_frame_000085_rgb_anon.png,snow,0.351574874509177,0.648425125490823,0.7674721479415894,0.935267984867096,0.13169115781784058,0.16663745045661926,0.291878342628479,0.8569544553756714,0.44031015038490295,-4.682381629943848,4.602206707000732,0.01641344092786312,0.08969888091087341,243459,3.7869660300202668,13.322402257472277,11.88053225632757,0.19697657615730835,0.8030234238426917,70320,0.3569767441860465,0.6430232558139535,561,0.169965922832489,0.002330936724320054,11.969255516305566,0.4722623825073242,0.5277376174926758,0.571237325668335,0.5884061455726624,0.09400404244661331,0.5234837532043457,0.4765162467956543,0.5852055549621582,0.6169902086257935,0.5069212317466736,0.5234837532043457,0.4765162467956543,0.5234837532043457,0.4765162467956543,0.5292326149902651,0.4707673850097349,0.9080954194068909,0.331007893129546,0.6689921068704541,0.13403131697223758,0.3987654320987654,0.6012345679012345,0.04178868791271895,0.17765774048108807,0.17765774048108807,0.15518012642860413,0.014556865207850933,0.8223422595189119,0.17765774048108807,0.19915467500686646,0.0798163115978241,196274
acdc_b1_s42ctl_mit-b1_guard_dense_gap_j9258122,2026-07-11 16:06:20,acdc,val,all,student_skd,/scratch/gautschi/manors/hf_cache/hub/models--nvidia--mit-b1/snapshots/13ddceec4e8bdf401e7cd7acf5aebc526222518c,runs/mit-b1_skd_j9200315/student_skd.ckpt,skd,GOPR0122_frame_000092_rgb_anon,/home/manors/Guardrail-Distillation/data/acdc/rgb_anon/snow/val/GOPR0122/GOPR0122_frame_000092_rgb_anon.png,snow,0.28605681249689074,0.7139431875031093,0.8650432229042053,0.9581173062324524,0.10405626893043518,0.112528495490551,0.2344752997159958,0.8938875794410706,0.344035267829895,-5.679274082183838,5.62851619720459,0.006758612114936113,0.05112467706203461,236735,3.904099517967552,13.28987197484821,11.841281724628061,0.23391479526878864,0.7660852047312113,66282,0.003898635477582846,0.9961013645224172,507,0.11451028287410736,0.0011075774673372507,12.002600764390081,0.4478541314601898,0.5521458685398102,0.5422808527946472,0.5571013689041138,0.05743385851383209,0.5143545269966125,0.48564547300338745,0.5538106560707092,0.575078010559082,0.5078769326210022,0.5143545269966125,0.48564547300338745,0.5143545269966125,0.48564547300338745,0.3985006408412413,0.6014993591587587,0.9089277386665344,0.3381590132069515,0.6618409867930485,0.10424421793816285,0.41754704654460856,0.5824529534553915,0.41364841106702566,0.11244382834435052,0.11244382834435052,0.05644708499312401,0.012562570162117481,0.8875561716556495,0.11244382834435052,0.07300568372011185,0.01607704907655716,206259
acdc_b1_s42ctl_mit-b1_guard_dense_gap_j9258122,2026-07-11 16:06:20,acdc,val,all,student_skd,/scratch/gautschi/manors/hf_cache/hub/models--nvidia--mit-b1/snapshots/13ddceec4e8bdf401e7cd7acf5aebc526222518c,runs/mit-b1_skd_j9200315/student_skd.ckpt,skd,GOPR0122_frame_000099_rgb_anon,/home/manors/Guardrail-Distillation/data/acdc/rgb_anon/snow/val/GOPR0122/GOPR0122_frame_000099_rgb_anon.png,snow,0.2835527472391787,0.7164472527608212,0.7563706040382385,0.9676142930984497,0.09874247014522552,0.08973615616559982,0.23451584577560425,0.9127793908119202,0.3062230944633484,-5.0786919593811035,5.038374900817871,0.010152094066143036,0.04348098114132881,239852,3.904099517967552,13.28987197484821,11.841281724628061,0.24992654745672738,0.7500734525432726,68717,0.027413587604290825,0.9725864123957092,2334,0.09127859026193619,0.0009368406026624143,12.002600764390081,0.4593402147293091,0.5406597852706909,0.547876238822937,0.5593017339706421,0.0389256477355957,0.5097301602363586,0.49026983976364136,0.5417956113815308,0.5656407475471497,0.5122750997543335,0.5097301602363586,0.49026983976364136,0.5097301602363586,0.49026983976364136,0.3355305873005664,0.6644694126994336,0.8046462535858154,0.26696665364413646,0.7330333463558636,0.017040106187409032,0.4699016339101327,0.5300983660898673,0.44248804630584193,0.051977840061387615,0.051977840061387615,0.06087087094783783,0.012595267966389656,0.9480221599386124,0.051977840061387615,0.08352651447057724,0.04383953660726547,217915
acdc_b1_s42ctl_mit-b1_guard_dense_gap_j9258122,2026-07-11 16:06:20,acdc,val,all,student_skd,/scratch/gautschi/manors/hf_cache/hub/models--nvidia--mit-b1/snapshots/13ddceec4e8bdf401e7cd7acf5aebc526222518c,runs/mit-b1_skd_j9200315/student_skd.ckpt,skd,GOPR0122_frame_000106_rgb_anon,/home/manors/Guardrail-Distillation/data/acdc/rgb_anon/snow/val/GOPR0122/GOPR0122_frame_000106_rgb_anon.png,snow,0.32212297708338383,0.6778770229166162,0.7585397958755493,0.9347769618034363,0.14373920857906342,0.17935515940189362,0.35641732811927795,0.861193835735321,0.439785361289978,-5.26306676864624,5.17880392074585,0.031157763674855232,0.09658657759428024,241224,3.904099517967552,13.28987197484821,11.841281724628061,0.26780687198564435,0.7321931280143557,69766,0.4268647817522841,0.5731352182477158,4814,0.18240900337696075,0.00212676590308547,12.002600764390081,0.45256665349006653,0.5474333465099335,0.5700793266296387,0.5801265835762024,0.0973740816116333,0.5243242979049683,0.47567570209503174,0.5919923782348633,0.6489189863204956,0.48953694105148315,0.5243242979049683,0.47567570209503174,0.5243242979049683,0.47567570209503174,0.32060452634801645,0.6793954736519836,0.8429053425788879,0.22353970869666195,0.776460291303338,0.0,0.13995064669843432,0.8600493533015656,0.0,0.0,0.0,0.09993201494216919,0.015566444955766201,1.0,0.0,0.1427386999130249,0.041048984974622726,198249
acdc_b1_s42ctl_mit-b1_guard_dense_gap_j9258122,2026-07-11 16:06:20,acdc,val,all,student_skd,/scratch/gautschi/manors/hf_cache/hub/models--nvidia--mit-b1/snapshots/13ddceec4e8bdf401e7cd7acf5aebc526222518c,runs/mit-b1_skd_j9200315/student_skd.ckpt,skd,GOPR0122_frame_000113_rgb_anon,/home/manors/Guardrail-Distillation/data/acdc/rgb_anon/snow/val/GOPR0122/GOPR0122_frame_000113_rgb_anon.png,snow,0.26603273434332825,0.7339672656566718,0.8257893919944763,0.9728740453720093,0.09265072643756866,0.0777384415268898,0.2334355264902115,0.9299769401550293,0.24032624065876007,-6.173771858215332,6.139646530151367,0.010113822296261787,0.03613163158297539,237299,3.904099517967552,13.28987197484821,11.841281724628061,0.15268472065684063,0.8473152793431593,67284,0.2741937344740932,0.7258062655259068,3298,0.07942318916320801,0.0009264388354495168,12.002600764390081,0.4105369746685028,0.5894630253314972,0.5381540656089783,0.5529804229736328,0.016577396541833878,0.5041442513465881,0.49585574865341187,0.5261536240577698,0.5533837676048279,0.47483354806900024,0.5041442513465881,0.49585574865341187,0.5041442513465881,0.49585574865341187,0.3906697532139358,0.6093302467860642,0.8872814178466797,0.3112238878960309,0.688776112103969,0.15853916723919026,0.6191679876622997,0.38083201233770025,0.3449742531882065,0.12463701887060763,0.12463701887060763,0.07025314122438431,0.008761098608374596,0.8753629811293924,0.12463701887060763,0.0887150838971138,0.04642244428396225,219448
acdc_b1_s42ctl_mit-b1_guard_dense_gap_j9258122,2026-07-11 16:06:20,acdc,val,all,student_skd,/scratch/gautschi/manors/hf_cache/hub/models--nvidia--mit-b1/snapshots/13ddceec4e8bdf401e7cd7acf5aebc526222518c,runs/mit-b1_skd_j9200315/student_skd.ckpt,skd,GOPR0122_frame_000121_rgb_anon,/home/manors/Guardrail-Distillation/data/acdc/rgb_anon/snow/val/GOPR0122/GOPR0122_frame_000121_rgb_anon.png,snow,0.23721858402211224,0.7627814159778877,0.6808995604515076,0.9662851691246033,0.09767012298107147,0.08944489061832428,0.22114168107509613,0.9174239039421082,0.27014079689979553,-5.214918613433838,5.173698425292969,0.007136068772524595,0.045255374163389206,237806,3.7176927435211837,13.352160283830017,11.842531792353839,0.19284415751475228,0.8071558424852477,66868,0.329122790231214,0.6708772097687861,3017,0.09112052619457245,0.0012065581977367401,12.039598484989256,0.46066322922706604,0.539336770772934,0.564159631729126,0.5760424733161926,0.03932325914502144,0.509829580783844,0.490170419216156,0.5360033512115479,0.5589219927787781,0.5084745287895203,0.509829580783844,0.490170419216156,0.509829580783844,0.490170419216156,0.3237546356129555,0.6762453643870445,0.7511753439903259,0.22801932408821834,0.7719806759117817,0.03517516657346609,0.3311382469184895,0.6688617530815105,0.002015456687275541,0.08653605159084321,0.08653605159084321,0.07732773572206497,0.007051966618746519,0.9134639484091568,0.08653605159084321,0.0976930782198906,0.042770158499479294,213717
acdc_b1_s42ctl_mit-b1_guard_dense_gap_j9258122,2026-07-11 16:06:20,acdc,val,all,student_skd,/scratch/gautschi/manors/hf_cache/hub/models--nvidia--mit-b1/snapshots/13ddceec4e8bdf401e7cd7acf5aebc526222518c,runs/mit-b1_skd_j9200315/student_skd.ckpt,skd,GOPR0122_frame_000306_rgb_anon,/home/manors/Guardrail-Distillation/data/acdc/rgb_anon/snow/val/GOPR0122/GOPR0122_frame_000306_rgb_anon.png,snow,0.2552282359574814,0.7447717640425187,0.5848824381828308,0.9336851835250854,0.13860704004764557,0.17996180057525635,0.33814311027526855,0.8550180196762085,0.4654504060745239,-4.646088123321533,4.56247615814209,0.022727759554982185,0.09905622154474258,233635,3.7176927435211837,13.352160283830017,11.842531792353839,0.16916935631277985,0.8308306436872201,69315,0.3133934767522554,0.6866065232477446,7563,0.1842617690563202,0.003153677098453045,12.039598484989256,0.48657530546188354,0.5134246945381165,0.5883866548538208,0.5989463925361633,0.10286827385425568,0.5256944298744202,0.47430557012557983,0.5846604108810425,0.6067264080047607,0.5025309324264526,0.5256944298744202,0.47430557012557983,0.5256944298744202,0.47430557012557983,0.49979979793507884,0.5002002020649212,0.8217561841011047,0.4271750716591944,0.5728249283408056,0.2580057153464146,0.32136390441082874,0.6786360955891713,0.007970427658573365,0.24457156197759744,0.24457156197759744,0.24209129810333252,0.005217540543526411,0.7554284380224026,0.24457156197759744,0.2692576050758362,0.11768356710672379,189896
acdc_b1_s42ctl_mit-b1_guard_dense_gap_j9258122,2026-07-11 16:06:20,acdc,val,all,student_skd,/scratch/gautschi/manors/hf_cache/hub/models--nvidia--mit-b1/snapshots/13ddceec4e8bdf401e7cd7acf5aebc526222518c,runs/mit-b1_skd_j9200315/student_skd.ckpt,skd,GOPR0122_frame_000312_rgb_anon,/home/manors/Guardrail-Distillation/data/acdc/rgb_anon/snow/val/GOPR0122/GOPR0122_frame_000312_rgb_anon.png,snow,0.32148611709404457,0.6785138829059554,0.795195460319519,0.9556754231452942,0.11474467813968658,0.11269387602806091,0.26098406314849854,0.9028679728507996,0.3047199547290802,-5.091567039489746,5.036306858062744,0.009980245493352413,0.06501270085573196,233862,3.7176927435211837,13.352160283830017,11.842531792353839,0.2554334067121512,0.7445665932878488,62446,0.4298221614227086,0.5701778385772913,3655,0.11449826508760452,0.0012972052209079266,12.039598484989256,0.47850385308265686,0.5214961469173431,0.5719896554946899,0.5837581753730774,0.06254273653030396,0.5156306028366089,0.4843693971633911,0.5691531300544739,0.5922612547874451,0.5133134126663208,0.5156306028366089,0.4843693971633911,0.5156306028366089,0.4843693971633911,0.4258151990085743,0.5741848009914257,0.825803279876709,0.3674678671516999,0.6325321328483001,0.11203446043954868,0.9600547195622435,0.03994528043775647,0.5302325581395348,0.10432908191452972,0.10432908191452972,0.07539061456918716,0.04478282108902931,0.8956709180854703,0.10432908191452972,0.12904618680477142,0.03212578594684601,203872
acdc_b1_s42ctl_mit-b1_guard_dense_gap_j9258122,2026-07-11 16:06:20,acdc,val,all,student_skd,/scratch/gautschi/manors/hf_cache/hub/models--nvidia--mit-b1/snapshots/13ddceec4e8bdf401e7cd7acf5aebc526222518c,runs/mit-b1_skd_j9200315/student_skd.ckpt,skd,GOPR0122_frame_000317_rgb_anon,/home/manors/Guardrail-Distillation/data/acdc/rgb_anon/snow/val/GOPR0122/GOPR0122_frame_000317_rgb_anon.png,snow,0.28764579896404197,0.712354201035958,0.8512334823608398,0.9746578931808472,0.0832870826125145,0.07154938578605652,0.1999633014202118,0.9312608242034912,0.23767106235027313,-5.548691749572754,5.51806116104126,0.004514445085078478,0.031508639454841614,237903,3.7176927435211837,13.352160283830017,11.842531792353839,0.24132766078534215,0.7586723392146578,64704,0.22210779265362168,0.7778922073463783,1399,0.07309728860855103,0.0007664982695132494,12.039598484989256,0.46646878123283386,0.5335312187671661,0.5531145334243774,0.5750315189361572,0.033172063529491425,0.5082922577857971,0.4917077422142029,0.5310080647468567,0.5614672899246216,0.5153905749320984,0.5082922577857971,0.4917077422142029,0.5082922577857971,0.4917077422142029,0.3184008310769582,0.6815991689230418,0.8682782649993896,0.27002875287403866,0.7299712471259614,0.028701092088696423,0.27188465499485065,0.7281153450051494,0.04977686234122891,0.030755032112916192,0.030755032112916192,0.02748599275946617,0.010441230610013008,0.9692449678870838,0.030755032112916192,0.0512099489569664,0.00968882255256176,219774
acdc_b1_s42ctl_mit-b1_guard_dense_gap_j9258122,2026-07-11 16:06:21,acdc,val,all,student_skd,/scratch/gautschi/manors/hf_cache/hub/models--nvidia--mit-b1/snapshots/13ddceec4e8bdf401e7cd7acf5aebc526222518c,runs/mit-b1_skd_j9200315/student_skd.ckpt,skd,GOPR0122_frame_000322_rgb_anon,/home/manors/Guardrail-Distillation/data/acdc/rgb_anon/snow/val/GOPR0122/GOPR0122_frame_000322_rgb_anon.png,snow,0.29573546320171296,0.704264536798287,0.8047962188720703,0.9292790293693542,0.13894231617450714,0.1756870001554489,0.30572739243507385,0.8591172695159912,0.403812974691391,-5.2366251945495605,5.148270606994629,0.018376247957348824,0.09990251809358597,242106,3.64561949390918,13.309279747772962,11.815516510978341,0.19492065211237397,0.805079347887626,68386,0.20842646401430487,0.7915735359856951,2564,0.17761127650737762,0.0013399734161794186,12.02791352989152,0.4653956890106201,0.5346043109893799,0.5606040358543396,0.5678433179855347,0.11151543259620667,0.5278499722480774,0.4721500277519226,0.5966801643371582,0.6583623290061951,0.5131726861000061,0.5278499722480774,0.4721500277519226,0.5278499722480774,0.4721500277519226,0.3913724071359696,0.6086275928640303,0.8457245826721191,0.37973386222221633,0.6202661377777836,0.18481321010984242,0.36037907161502664,0.6396209283849734,0.1519526076007217,0.0956369439342567,0.0956369439342567,0.06427762657403946,0.023349275812506676,0.9043630560657433,0.0956369439342567,0.11980289220809937,0.017814509570598602,191060
acdc_b1_s42ctl_mit-b1_guard_dense_gap_j9258122,2026-07-11 16:06:21,acdc,val,all,student_skd,/scratch/gautschi/manors/hf_cache/hub/models--nvidia--mit-b1/snapshots/13ddceec4e8bdf401e7cd7acf5aebc526222518c,runs/mit-b1_skd_j9200315/student_skd.ckpt,skd,GOPR0122_frame_000327_rgb_anon,/home/manors/Guardrail-Distillation/data/acdc/rgb_anon/snow/val/GOPR0122/GOPR0122_frame_000327_rgb_anon.png,snow,0.34994708185633455,0.6500529181436654,0.843766987323761,0.9607602953910828,0.10655733197927475,0.10511273890733719,0.24321682751178741,0.9055289626121521,0.29894959926605225,-5.591352939605713,5.542610168457031,0.011151086539030075,0.05152643844485283,237645,3.64561949390918,13.309279747772962,11.815516510978341,0.222680651174788,0.777319348825212,65015,0.0,1.0,0,0.10678417980670929,0.001059291884303093,12.02791352989152,0.459337055683136,0.540662944316864,0.5629349946975708,0.5843589305877686,0.05671360343694687,0.5141745805740356,0.48582541942596436,0.5458563566207886,0.5939035415649414,0.5048752427101135,0.5141745805740356,0.48582541942596436,0.5141745805740356,0.48582541942596436,0.5169191543023793,0.48308084569762066,0.8509878516197205,0.34206930615609416,0.6579306938439058,0.11938865498130624,0.0,1.0,0.0,0.16697207244604473,0.16697207244604473,0.033276528120040894,0.026055671274662018,0.8330279275539553,0.16697207244604473,0.06840876489877701,0.013520167209208012,211175
acdc_b1_s42ctl_mit-b1_guard_dense_gap_j9258122,2026-07-11 16:06:21,acdc,val,all,student_skd,/scratch/gautschi/manors/hf_cache/hub/models--nvidia--mit-b1/snapshots/13ddceec4e8bdf401e7cd7acf5aebc526222518c,runs/mit-b1_skd_j9200315/student_skd.ckpt,skd,GOPR0122_frame_000332_rgb_anon,/home/manors/Guardrail-Distillation/data/acdc/rgb_anon/snow/val/GOPR0122/GOPR0122_frame_000332_rgb_anon.png,snow,0.27862292370512937,0.7213770762948706,0.7338373064994812,0.9745084047317505,0.08323194831609726,0.06399930268526077,0.17395347356796265,0.9376747608184814,0.20082709193229675,-5.647388458251953,5.616654872894287,0.002893117954954505,0.03151402249932289,238497,3.64561949390918,13.309279747772962,11.815516510978341,0.1332812243131128,0.8667187756868873,66277,0.0,1.0,186,0.06513757258653641,0.0005984170129522681,12.02791352989152,0.4616037905216217,0.5383962094783783,0.5583298802375793,0.5680371522903442,0.032162297517061234,0.5080398917198181,0.4919601082801819,0.5260195136070251,0.560549795627594,0.5116021037101746,0.5080398917198181,0.4919601082801819,0.5080398917198181,0.4919601082801819,0.34507120844138545,0.6549287915586146,0.7516195178031921,0.246965573688269,0.753034426311731,0.11368434937515626,0.20569620253164558,0.7943037974683544,0.20569620253164556,0.06644828473625597,0.06644828473625597,0.03296058252453804,0.015178387984633446,0.933551715263744,0.06644828473625597,0.0568225160241127,0.015752818435430527,219621
acdc_b1_s42ctl_mit-b1_guard_dense_gap_j9258122,2026-07-11 16:06:21,acdc,val,all,student_skd,/scratch/gautschi/manors/hf_cache/hub/models--nvidia--mit-b1/snapshots/13ddceec4e8bdf401e7cd7acf5aebc526222518c,runs/mit-b1_skd_j9200315/student_skd.ckpt,skd,GOPR0122_frame_000337_rgb_anon,/home/manors/Guardrail-Distillation/data/acdc/rgb_anon/snow/val/GOPR0122/GOPR0122_frame_000337_rgb_anon.png,snow,0.48278716463711646,0.5172128353628835,0.8679238557815552,0.9743292331695557,0.08653297275304794,0.0680292546749115,0.19406136870384216,0.9323790073394775,0.23367756605148315,-5.574061870574951,5.542601108551025,0.0055010681971907616,0.03420082852244377,237772,3.64561949390918,13.309279747772962,11.815516510978341,0.3996568728553177,0.6003431271446823,65116,0.8428367530031342,0.1571632469968658,7804,0.06930077821016312,0.0007414164138026536,12.02791352989152,0.45274657011032104,0.547253429889679,0.5622937083244324,0.576363205909729,0.035255540162324905,0.5088129639625549,0.49118703603744507,0.5312591791152954,0.5593804717063904,0.49961668252944946,0.5088129639625549,0.49118703603744507,0.5088129639625549,0.49118703603744507,0.44283849125123,0.55716150874877,0.8990545272827148,0.3344712542013099,0.66552874579869,0.0,0.6319155588179322,0.36808444118206785,0.0,0.0,0.0,0.03955890238285065,0.008428242057561874,1.0,0.0,0.057029422372579575,0.02009488083422184,219943
acdc_b1_s42ctl_mit-b1_guard_dense_gap_j9258122,2026-07-11 16:06:21,acdc,val,all,student_skd,/scratch/gautschi/manors/hf_cache/hub/models--nvidia--mit-b1/snapshots/13ddceec4e8bdf401e7cd7acf5aebc526222518c,runs/mit-b1_skd_j9200315/student_skd.ckpt,skd,GOPR0122_frame_000344_rgb_anon,/home/manors/Guardrail-Distillation/data/acdc/rgb_anon/snow/val/GOPR0122/GOPR0122_frame_000344_rgb_anon.png,snow,0.33328062756138593,0.666719372438614,0.7751376628875732,0.9512255787849426,0.11646304279565811,0.12772919237613678,0.26375195384025574,0.8908896446228027,0.3373047411441803,-5.639586448669434,5.579383850097656,0.012016079388558865,0.0653543695807457,228860,3.654054773505777,13.348587730433792,11.856117227580398,0.27372636293780017,0.7262736370621998,66898,0.29177365668093197,0.7082263433190681,10604,0.1297825425863266,0.0013405520003288984,12.077174033038318,0.4502013325691223,0.5497986674308777,0.5706064701080322,0.583391547203064,0.10628733038902283,0.526546835899353,0.473453164100647,0.5922764539718628,0.6390535235404968,0.47915178537368774,0.526546835899353,0.473453164100647,0.526546835899353,0.473453164100647,0.36872730217785954,0.6312726978221405,0.8365376591682434,0.23134315350527035,0.7686568464947297,0.0,0.4896338563956253,0.5103661436043747,0.19786019971469337,0.03544667461647355,0.03544667461647355,0.09379970282316208,0.03239972144365311,0.9645533253835264,0.03544667461647355,0.1553613543510437,0.0493139922618866,195399
acdc_b1_s42ctl_mit-b1_guard_dense_gap_j9258122,2026-07-11 16:06:21,acdc,val,all,student_skd,/scratch/gautschi/manors/hf_cache/hub/models--nvidia--mit-b1/snapshots/13ddceec4e8bdf401e7cd7acf5aebc526222518c,runs/mit-b1_skd_j9200315/student_skd.ckpt,skd,GOPR0122_frame_000352_rgb_anon,/home/manors/Guardrail-Distillation/data/acdc/rgb_anon/snow/val/GOPR0122/GOPR0122_frame_000352_rgb_anon.png,snow,0.35476048087235373,0.6452395191276463,0.8291094303131104,0.963036835193634,0.09698081761598587,0.10114994645118713,0.21839778125286102,0.9038388729095459,0.3088991045951843,-5.246163845062256,5.201716423034668,0.005553076975047588,0.04467475414276123,239867,3.654054773505777,13.348587730433792,11.856117227580398,0.23899509115827747,0.7610049088417226,69163,0.3192409655364867,0.6807590344635133,2752,0.10344836860895157,0.001370169804431498,12.077174033038318,0.4591807425022125,0.5408192574977875,0.574001669883728,0.5863613486289978,0.07152140140533447,0.5178727507591248,0.48212724924087524,0.555144727230072,0.591179609298706,0.4956244230270386,0.5178727507591248,0.48212724924087524,0.5178727507591248,0.48212724924087524,0.4134443389580045,0.5865556610419955,0.8671972155570984,0.2502184439639928,0.7497815560360073,0.011223352805715292,0.4768856447688564,0.5231143552311436,0.1576446792323697,0.0586838580856508,0.0586838580856508,0.05058636516332626,0.012498592957854271,0.9413161419143492,0.0586838580856508,0.0706849992275238,0.02408834733068943,213345
acdc_b1_s42ctl_mit-b1_guard_dense_gap_j9258122,2026-07-11 16:06:21,acdc,val,all,student_skd,/scratch/gautschi/manors/hf_cache/hub/models--nvidia--mit-b1/snapshots/13ddceec4e8bdf401e7cd7acf5aebc526222518c,runs/mit-b1_skd_j9200315/student_skd.ckpt,skd,GOPR0122_frame_000358_rgb_anon,/home/manors/Guardrail-Distillation/data/acdc/rgb_anon/snow/val/GOPR0122/GOPR0122_frame_000358_rgb_anon.png,snow,0.34049880154998546,0.6595011984500145,0.6247997283935547,0.9185354709625244,0.1380837857723236,0.20732787251472473,0.2939528524875641,0.8259534239768982,0.5067560076713562,-4.018025875091553,3.9185216426849365,0.015693876892328262,0.10881530493497849,240922,3.654054773505777,13.348587730433792,11.856117227580398,0.23307237278762707,0.766927627212373,68607,0.9393192669028184,0.06068073309718158,6493,0.21307075023651123,0.004635144025087357,12.077174033038318,0.5056984424591064,0.49430155754089355,0.5886101126670837,0.5934053063392639,0.12266365438699722,0.5306275486946106,0.4693724513053894,0.5778380632400513,0.5973691940307617,0.501169741153717,0.5306275486946106,0.4693724513053894,0.5306275486946106,0.4693724513053894,0.4030841111178842,0.5969158888821158,0.8807663917541504,0.3279824461805755,0.6720175538194245,0.09491007339294844,0.9727398737101494,0.02726012628985064,0.033420606807330944,0.06258530956789876,0.06258530956789876,0.26094338297843933,0.0049767144955694675,0.9374146904321012,0.06258530956789876,0.3147740662097931,0.12447182089090347,181348
acdc_b1_s42ctl_mit-b1_guard_dense_gap_j9258122,2026-07-11 16:06:21,acdc,val,all,student_skd,/scratch/gautschi/manors/hf_cache/hub/models--nvidia--mit-b1/snapshots/13ddceec4e8bdf401e7cd7acf5aebc526222518c,runs/mit-b1_skd_j9200315/student_skd.ckpt,skd,GOPR0122_frame_000364_rgb_anon,/home/manors/Guardrail-Distillation/data/acdc/rgb_anon/snow/val/GOPR0122/GOPR0122_frame_000364_rgb_anon.png,snow,0.3911586229667368,0.6088413770332632,0.7939417362213135,0.9469957947731018,0.11546913534402847,0.14284482598304749,0.25701043009757996,0.8700729012489319,0.40639594197273254,-4.870012283325195,4.805587291717529,0.01085797417908907,0.06638852506875992,246639,3.654054773505777,13.348587730433792,11.856117227580398,0.32216852598364576,0.6778314740163542,72770,0.8730525100980958,0.1269474899019042,6932,0.14556971192359924,0.0014717914164066315,12.077174033038318,0.48534858226776123,0.5146514177322388,0.5812599658966064,0.5917238593101501,0.12569694221019745,0.5313829183578491,0.4686170816421509,0.60663241147995,0.6605613231658936,0.5118404626846313,0.5313829183578491,0.4686170816421509,0.5313829183578491,0.4686170816421509,0.48651889835996154,0.5134811016400385,0.8554932475090027,0.4170911870919836,0.5829088129080164,0.0949226611083378,0.9396999422965955,0.06030005770340452,0.06664743219849967,0.09536027539322478,0.09536027539322478,0.07283519208431244,0.011283697560429573,0.9046397246067752,0.09536027539322478,0.09774204343557358,0.037938039749860764,207877
acdc_b1_s42ctl_mit-b1_guard_dense_gap_j9258122,2026-07-11 16:06:21,acdc,val,all,student_skd,/scratch/gautschi/manors/hf_cache/hub/models--nvidia--mit-b1/snapshots/13ddceec4e8bdf401e7cd7acf5aebc526222518c,runs/mit-b1_skd_j9200315/student_skd.ckpt,skd,GOPR0122_frame_000370_rgb_anon,/home/manors/Guardrail-Distillation/data/acdc/rgb_anon/snow/val/GOPR0122/GOPR0122_frame_000370_rgb_anon.png,snow,0.36366544395592454,0.6363345560440754,0.7953924536705017,0.9506872892379761,0.11758525669574738,0.1306713968515396,0.2641521692276001,0.884067952632904,0.3646388649940491,-5.0242390632629395,4.963123798370361,0.013891002163290977,0.06643343716859818,243251,3.745343303307891,13.371617998927832,11.873762239702046,0.3238834313376303,0.6761165686623697,69233,0.4865280985373364,0.5134719014626636,3935,0.1327819973230362,0.0014340121997520328,12.064786511473358,0.47291865944862366,0.5270813405513763,0.5655857920646667,0.5811868906021118,0.07187185436487198,0.5179601907730103,0.48203980922698975,0.5705432891845703,0.6135658621788025,0.5061075687408447,0.5179601907730103,0.48203980922698975,0.5179601907730103,0.48203980922698975,0.46612530966762544,0.5338746903323746,0.8706480264663696,0.42889307107372815,0.5711069289262718,0.10500963973609789,0.4828072876571722,0.5171927123428278,0.0,0.10245986571170085,0.10245986571170085,0.0972411260008812,0.021985521540045738,0.8975401342882992,0.10245986571170085,0.14129027724266052,0.05553112179040909,208913
acdc_b1_s42ctl_mit-b1_guard_dense_gap_j9258122,2026-07-11 16:06:21,acdc,val,all,student_skd,/scratch/gautschi/manors/hf_cache/hub/models--nvidia--mit-b1/snapshots/13ddceec4e8bdf401e7cd7acf5aebc526222518c,runs/mit-b1_skd_j9200315/student_skd.ckpt,skd,GOPR0122_frame_000376_rgb_anon,/home/manors/Guardrail-Distillation/data/acdc/rgb_anon/snow/val/GOPR0122/GOPR0122_frame_000376_rgb_anon.png,snow,0.34141451872955586,0.6585854812704441,0.8005722165107727,0.9470060467720032,0.11516313999891281,0.14425420761108398,0.2634541690349579,0.8691900372505188,0.4123696982860565,-4.994077682495117,4.92966890335083,0.009905078448355198,0.0648396834731102,239776,3.745343303307891,13.371617998927832,11.873762239702046,0.2930091993167602,0.7069908006832397,67242,0.4268292682926829,0.5731707317073171,3076,0.14654359221458435,0.0013251797063276172,12.064786511473358,0.4877307116985321,0.5122692883014679,0.5655965805053711,0.5816898345947266,0.10744129866361618,0.5268345475196838,0.47316545248031616,0.585777759552002,0.6255086064338684,0.529723048210144,0.5268345475196838,0.47316545248031616,0.5268345475196838,0.47316545248031616,0.46047725317380483,0.5395227468261952,0.8899472951889038,0.4369255642223367,0.5630744357776634,0.14391636490557635,0.4896619625861503,0.5103380374138498,0.06283269429346738,0.11906273444424897,0.11906273444424897,0.10258325189352036,0.013208161108195782,0.880937265555751,0.11906273444424897,0.13235686719417572,0.04842853546142578,201267
acdc_b1_s42ctl_mit-b1_guard_dense_gap_j9258122,2026-07-11 16:06:21,acdc,val,all,student_skd,/scratch/gautschi/manors/hf_cache/hub/models--nvidia--mit-b1/snapshots/13ddceec4e8bdf401e7cd7acf5aebc526222518c,runs/mit-b1_skd_j9200315/student_skd.ckpt,skd,GOPR0122_frame_000406_rgb_anon,/home/manors/Guardrail-Distillation/data/acdc/rgb_anon/snow/val/GOPR0122/GOPR0122_frame_000406_rgb_anon.png,snow,0.355167812882999,0.6448321871170011,0.7755300402641296,0.9689760804176331,0.0943390429019928,0.08412320166826248,0.21835118532180786,0.9217481017112732,0.2602068781852722,-5.510152339935303,5.472046852111816,0.007062017917633057,0.04020287096500397,229113,3.745343303307891,13.371617998927832,11.873762239702046,0.30525108826829944,0.6947489117317005,57184,0.48091615249618663,0.5190838475038133,4300,0.08582518249750137,0.0010050444398075342,12.064786511473358,0.4609944224357605,0.5390055775642395,0.5681922435760498,0.5812636613845825,0.061519984155893326,0.5153751373291016,0.48462486267089844,0.5551002025604248,0.5987316966056824,0.49740535020828247,0.5153751373291016,0.48462486267089844,0.5153751373291016,0.48462486267089844,0.4780487060638136,0.5219512939361863,0.817552924156189,0.43553912293732966,0.5644608770626703,0.13028803466903016,0.5816155927282116,0.4183844072717884,0.10069944023202493,0.12288089318081474,0.12288089318081474,0.057822998613119125,0.01580006442964077,0.8771191068191853,0.12288089318081474,0.08274083584547043,0.028173871338367462,208198
acdc_b1_s42ctl_mit-b1_guard_dense_gap_j9258122,2026-07-11 16:06:21,acdc,val,all,student_skd,/scratch/gautschi/manors/hf_cache/hub/models--nvidia--mit-b1/snapshots/13ddceec4e8bdf401e7cd7acf5aebc526222518c,runs/mit-b1_skd_j9200315/student_skd.ckpt,skd,GOPR0122_frame_000413_rgb_anon,/home/manors/Guardrail-Distillation/data/acdc/rgb_anon/snow/val/GOPR0122/GOPR0122_frame_000413_rgb_anon.png,snow,0.35256662860626353,0.6474333713937365,0.8703866004943848,0.9739492535591125,0.08701033890247345,0.07132554054260254,0.20252525806427002,0.9317081570625305,0.2311132252216339,-5.768548965454102,5.7365851402282715,0.006931288167834282,0.033358898013830185,241225,3.745343303307891,13.371617998927832,11.873762239702046,0.2483507681254537,0.7516492318745462,67717,0.230718954248366,0.769281045751634,2053,0.0727662667632103,0.0008761179633438587,12.064786511473358,0.42575785517692566,0.5742421448230743,0.5468498468399048,0.5700801610946655,0.04109010100364685,0.5102710723876953,0.4897289276123047,0.5368812680244446,0.5783647298812866,0.4851681590080261,0.5102710723876953,0.4897289276123047,0.5102710723876953,0.4897289276123047,0.4492071460498679,0.5507928539501321,0.9017887711524963,0.424552602957746,0.575447397042254,0.17620183483229224,0.39833822091886606,0.6016617790811339,0.1676192666705001,0.09664051744360436,0.09664051744360436,0.037309564650058746,0.005907347891479731,0.9033594825563956,0.09664051744360436,0.05319100618362427,0.011528655886650085,222891
acdc_b1_s42ctl_mit-b1_guard_dense_gap_j9258122,2026-07-11 16:06:21,acdc,val,all,student_skd,/scratch/gautschi/manors/hf_cache/hub/models--nvidia--mit-b1/snapshots/13ddceec4e8bdf401e7cd7acf5aebc526222518c,runs/mit-b1_skd_j9200315/student_skd.ckpt,skd,GOPR0122_frame_000419_rgb_anon,/home/manors/Guardrail-Distillation/data/acdc/rgb_anon/snow/val/GOPR0122/GOPR0122_frame_000419_rgb_anon.png,snow,0.23864827950614567,0.7613517204938544,0.8278428316116333,0.9597691297531128,0.09880491346120834,0.10232792049646378,0.2063899040222168,0.9049035906791687,0.2892422080039978,-5.537728786468506,5.489763259887695,0.0027790884487330914,0.04798999801278114,211940,3.6537397536449134,13.333690003491938,11.899324774276465,0.1603695358723798,0.8396304641276202,44873,0.12600459242250286,0.8739954075774972,2186,0.10389737039804459,0.0010883801151067019,12.007873214315623,0.4596450626850128,0.5403549373149872,0.5643468499183655,0.5857774615287781,0.08186201751232147,0.5204540491104126,0.4795459508895874,0.5790460705757141,0.6253013014793396,0.49317285418510437,0.5204540491104126,0.4795459508895874,0.5204540491104126,0.4795459508895874,0.34314475867105343,0.6568552413289466,0.9004907011985779,0.3192482862258734,0.6807517137741266,0.15887875035349364,0.27444992130458506,0.725550078695415,0.14844532888208217,0.10449647916490779,0.10449647916490779,0.07785694301128387,0.005209021735936403,0.8955035208350922,0.10449647916490779,0.08625554293394089,0.03700575605034828,184796
acdc_b1_s42ctl_mit-b1_guard_dense_gap_j9258122,2026-07-11 16:06:21,acdc,val,all,student_skd,/scratch/gautschi/manors/hf_cache/hub/models--nvidia--mit-b1/snapshots/13ddceec4e8bdf401e7cd7acf5aebc526222518c,runs/mit-b1_skd_j9200315/student_skd.ckpt,skd,GOPR0122_frame_000425_rgb_anon,/home/manors/Guardrail-Distillation/data/acdc/rgb_anon/snow/val/GOPR0122/GOPR0122_frame_000425_rgb_anon.png,snow,0.28451983619485455,0.7154801638051455,0.7481656670570374,0.9041422605514526,0.1505327820777893,0.23470687866210938,0.31929051876068115,0.8125448822975159,0.5290409326553345,-4.796079635620117,4.677724361419678,0.017454488202929497,0.13776801526546478,223782,3.6537397536449134,13.333690003491938,11.899324774276465,0.2510441154015438,0.7489558845984562,50376,0.2901200111638292,0.7098799888361709,7238,0.2400975525379181,0.0042559197172522545,12.007873214315623,0.4667147994041443,0.5332852005958557,0.5798965692520142,0.58821040391922,0.1738957166671753,0.5433647036552429,0.4566352963447571,0.6223174929618835,0.6439218521118164,0.46685928106307983,0.5433647036552429,0.4566352963447571,0.5433647036552429,0.4566352963447571,0.46195629033571933,0.5380437096642807,0.8699091672897339,0.505743424138668,0.494256575861332,0.2546993087371242,0.4909445528002229,0.509055447199777,0.20082454163639385,0.17743645414086473,0.17743645414086473,0.1364855170249939,0.01474202610552311,0.8225635458591353,0.17743645414086473,0.2126489281654358,0.04926669970154762,157421
acdc_b1_s42ctl_mit-b1_guard_dense_gap_j9258122,2026-07-11 16:06:21,acdc,val,all,student_skd,/scratch/gautschi/manors/hf_cache/hub/models--nvidia--mit-b1/snapshots/13ddceec4e8bdf401e7cd7acf5aebc526222518c,runs/mit-b1_skd_j9200315/student_skd.ckpt,skd,GOPR0122_frame_000431_rgb_anon,/home/manors/Guardrail-Distillation/data/acdc/rgb_anon/snow/val/GOPR0122/GOPR0122_frame_000431_rgb_anon.png,snow,0.42701944671475167,0.5729805532852483,0.8558240532875061,0.9571440815925598,0.10910984873771667,0.11596138030290604,0.25582194328308105,0.8975429534912109,0.3284962773323059,-5.274129390716553,5.221312999725342,0.009966637007892132,0.05593838170170784,237994,3.6537397536449134,13.333690003491938,11.899324774276465,0.44728752114585635,0.5527124788541437,67468,0.7958405655527867,0.2041594344472133,11601,0.11797357350587845,0.001139699132181704,12.007873214315623,0.4598248600959778,0.5401751399040222,0.5640454292297363,0.5775496363639832,0.09322568774223328,0.5232895612716675,0.4767104387283325,0.591555655002594,0.6220856308937073,0.497138649225235,0.5232895612716675,0.4767104387283325,0.5232895612716675,0.4767104387283325,0.49988155559402475,0.5001184444059752,0.9162163138389587,0.43141775763128615,0.5685822423687139,0.0,0.5764597820081482,0.4235402179918518,0.0,0.07286210887927314,0.07286210887927314,0.09090565145015717,0.030513372272253036,0.9271378911207269,0.07286210887927314,0.1347302794456482,0.060135968029499054,208521
acdc_b1_s42ctl_mit-b1_guard_dense_gap_j9258122,2026-07-11 16:06:21,acdc,val,all,student_skd,/scratch/gautschi/manors/hf_cache/hub/models--nvidia--mit-b1/snapshots/13ddceec4e8bdf401e7cd7acf5aebc526222518c,runs/mit-b1_skd_j9200315/student_skd.ckpt,skd,GOPR0604_frame_000278_rgb_anon,/home/manors/Guardrail-Distillation/data/acdc/rgb_anon/snow/val/GOPR0604/GOPR0604_frame_000278_rgb_anon.png,snow,0.3129063693091346,0.6870936306908654,0.862928569316864,0.9243261218070984,0.1521730124950409,0.20023113489151,0.36013567447662354,0.8422052264213562,0.4846394956111908,-5.707309246063232,5.609438896179199,0.03537223860621452,0.11275704205036163,249235,3.6537397536449134,13.333690003491938,11.899324774276465,0.2429086056488582,0.7570913943511418,76286,0.134789156626506,0.865210843373494,1367,0.2029210329055786,0.001829017186537385,12.007873214315623,0.42900776863098145,0.5709922313690186,0.5453804135322571,0.5671632289886475,0.10732878744602203,0.5268064737319946,0.47319352626800537,0.5913228988647461,0.6445714235305786,0.4618099629878998,0.5268064737319946,0.47319352626800537,0.5268064737319946,0.47319352626800537,0.3794391022232012,0.6205608977767988,0.8613958954811096,0.3506153130105863,0.6493846869894138,0.10770670736172805,0.2575301204819277,0.7424698795180723,0.12274096385542166,0.06653273291406658,0.06653273291406658,0.06730996817350388,0.06884266436100006,0.9334672670859334,0.06653273291406658,0.15941983461380005,0.010885309427976608,199165
acdc_b1_s42ctl_mit-b1_guard_dense_gap_j9258122,2026-07-11 16:06:21,acdc,val,all,student_skd,/scratch/gautschi/manors/hf_cache/hub/models--nvidia--mit-b1/snapshots/13ddceec4e8bdf401e7cd7acf5aebc526222518c,runs/mit-b1_skd_j9200315/student_skd.ckpt,skd,GOPR0604_frame_000284_rgb_anon,/home/manors/Guardrail-Distillation/data/acdc/rgb_anon/snow/val/GOPR0604/GOPR0604_frame_000284_rgb_anon.png,snow,0.27453051508176174,0.7254694849182383,0.8741164207458496,0.9455960392951965,0.11634519696235657,0.15479107201099396,0.2656264901161194,0.8508588075637817,0.49085426330566406,-4.8874592781066895,4.82130241394043,0.012643900699913502,0.06604702025651932,237664,3.780588274821639,13.322612503543496,11.841079278383404,0.20230751473492134,0.7976924852650786,68333,0.2752535778796721,0.7247464221203279,9617,0.1574520468711853,0.001477710553444922,12.001310708001256,0.47942230105400085,0.5205776989459991,0.5581716895103455,0.5707411170005798,0.11988496780395508,0.529935359954834,0.470064640045166,0.5894650816917419,0.6285222768783569,0.5315417647361755,0.529935359954834,0.470064640045166,0.529935359954834,0.470064640045166,0.3035406353187284,0.6964593646812716,0.9115599989891052,0.26072584481033584,0.7392741551896642,0.058418330075414415,0.1704637832204273,0.8295362167795727,0.0,0.029010120236966697,0.029010120236966697,0.05028948560357094,0.01284586638212204,0.9709898797630333,0.029010120236966697,0.09746953845024109,0.026764675974845886,200267
acdc_b1_s42ctl_mit-b1_guard_dense_gap_j9258122,2026-07-11 16:06:21,acdc,val,all,student_skd,/scratch/gautschi/manors/hf_cache/hub/models--nvidia--mit-b1/snapshots/13ddceec4e8bdf401e7cd7acf5aebc526222518c,runs/mit-b1_skd_j9200315/student_skd.ckpt,skd,GOPR0604_frame_000290_rgb_anon,/home/manors/Guardrail-Distillation/data/acdc/rgb_anon/snow/val/GOPR0604/GOPR0604_frame_000290_rgb_anon.png,snow,0.3278486649499261,0.6721513350500739,0.8492074012756348,0.9513087868690491,0.11756719648838043,0.13356877863407135,0.2803594768047333,0.8840861320495605,0.371826708316803,-5.667384624481201,5.606884002685547,0.013790943659842014,0.06515318900346756,252267,3.780588274821639,13.322612503543496,11.841079278383404,0.18578763999513806,0.814212360004862,78802,0.4935946707660774,0.5064053292339226,11709,0.13604049384593964,0.0016410828102380037,12.001310708001256,0.43445563316345215,0.5655443668365479,0.5458577871322632,0.5646565556526184,0.06698251515626907,0.5167393684387207,0.4832606315612793,0.5600097179412842,0.588416576385498,0.4822879433631897,0.5167393684387207,0.4832606315612793,0.5167393684387207,0.4832606315612793,0.4101636110409993,0.5898363889590007,0.9206991195678711,0.26721273758405184,0.7327872624159482,0.08142509758891381,0.49619950465453927,0.5038004953454607,0.0026048338884618882,0.08231494609107315,0.08231494609107315,0.09015052020549774,0.018658801913261414,0.9176850539089269,0.08231494609107315,0.13183650374412537,0.05335220322012901,216160
acdc_b1_s42ctl_mit-b1_guard_dense_gap_j9258122,2026-07-11 16:06:21,acdc,val,all,student_skd,/scratch/gautschi/manors/hf_cache/hub/models--nvidia--mit-b1/snapshots/13ddceec4e8bdf401e7cd7acf5aebc526222518c,runs/mit-b1_skd_j9200315/student_skd.ckpt,skd,GOPR0604_frame_000300_rgb_anon,/home/manors/Guardrail-Distillation/data/acdc/rgb_anon/snow/val/GOPR0604/GOPR0604_frame_000300_rgb_anon.png,snow,0.2696185289390679,0.7303814710609321,0.8429695963859558,0.959222137928009,0.11202132701873779,0.11172746121883392,0.2655203938484192,0.899867832660675,0.33742254972457886,-5.846979141235352,5.795782566070557,0.01564588025212288,0.058136921375989914,253677,3.780588274821639,13.322612503543496,11.841079278383404,0.23043931984208219,0.7695606801579178,80378,0.3305735056542811,0.6694264943457189,6228,0.11405615508556366,0.0014164206804707646,12.001310708001256,0.40273934602737427,0.5972606539726257,0.5724003314971924,0.5851486921310425,0.06423530727624893,0.516053318977356,0.48394668102264404,0.5487197637557983,0.5909719467163086,0.43416455388069153,0.516053318977356,0.48394668102264404,0.516053318977356,0.48394668102264404,0.46617601230436745,0.5338239876956326,0.9500900506973267,0.37253419740163646,0.6274658025983635,0.1420948775595543,0.9288394985164647,0.07116050148353525,0.5982659928621836,0.19655748336529955,0.19655748336529955,0.1227545216679573,0.01563405431807041,0.8034425166347005,0.19655748336529955,0.15003331005573273,0.08799378573894501,224782
acdc_b1_s42ctl_mit-b1_guard_dense_gap_j9258122,2026-07-11 16:06:22,acdc,val,all,student_skd,/scratch/gautschi/manors/hf_cache/hub/models--nvidia--mit-b1/snapshots/13ddceec4e8bdf401e7cd7acf5aebc526222518c,runs/mit-b1_skd_j9200315/student_skd.ckpt,skd,GOPR0604_frame_000305_rgb_anon,/home/manors/Guardrail-Distillation/data/acdc/rgb_anon/snow/val/GOPR0604/GOPR0604_frame_000305_rgb_anon.png,snow,0.3436197388181922,0.6563802611818078,0.8073400259017944,0.9547681212425232,0.10110665112733841,0.13092555105686188,0.2311970740556717,0.8675374388694763,0.4441153109073639,-5.217005252838135,5.163235187530518,0.00729829166084528,0.04694630205631256,253758,3.780588274821639,13.322612503543496,11.841079278383404,0.22936199972640361,0.7706380002735964,80725,0.275569932224276,0.724430067775724,2348,0.13348501920700073,0.0012581456685438752,12.001310708001256,0.42346784472465515,0.5765321552753448,0.5518426299095154,0.5667678713798523,0.10509015619754791,0.5262483954429626,0.47375160455703735,0.5722870826721191,0.6237015724182129,0.46747657656669617,0.5262483954429626,0.47375160455703735,0.5262483954429626,0.47375160455703735,0.39605616564210105,0.6039438343578989,0.8923777341842651,0.2890859024878131,0.7109140975121869,0.059723902761409486,0.2959026494146642,0.7040973505853358,0.020332717190388205,0.05243642682390892,0.05243642682390892,0.10093474388122559,0.015897035598754883,0.9475635731760911,0.05243642682390892,0.13338692486286163,0.06938894093036652,218043
acdc_b1_s42ctl_mit-b1_guard_dense_gap_j9258122,2026-07-11 16:06:22,acdc,val,all,student_skd,/scratch/gautschi/manors/hf_cache/hub/models--nvidia--mit-b1/snapshots/13ddceec4e8bdf401e7cd7acf5aebc526222518c,runs/mit-b1_skd_j9200315/student_skd.ckpt,skd,GOPR0604_frame_000310_rgb_anon,/home/manors/Guardrail-Distillation/data/acdc/rgb_anon/snow/val/GOPR0604/GOPR0604_frame_000310_rgb_anon.png,snow,0.24351324330941382,0.7564867566905862,0.8081355094909668,0.9474511742591858,0.12529966235160828,0.14730142056941986,0.30597731471061707,0.8651256561279297,0.4698595404624939,-5.12069845199585,5.054391384124756,0.020344719290733337,0.07198172807693481,253481,3.771635761950165,13.34137748926878,11.833676719106734,0.16705167067156276,0.8329483293284372,81223,0.0,1.0,1451,0.14973443746566772,0.0011102012358605862,12.026468524709344,0.44054046273231506,0.5594595372676849,0.5642600655555725,0.5787087082862854,0.1852521151304245,0.5461810827255249,0.4538189172744751,0.6520285606384277,0.7678670287132263,0.4837068021297455,0.5461810827255249,0.4538189172744751,0.5461810827255249,0.4538189172744751,0.4057571984418125,0.5942428015581875,0.9279630184173584,0.33562188868547727,0.6643781113145227,0.16857021801391447,0.16157501697216564,0.8384249830278343,0.1615750169721657,0.16224395513239864,0.16224395513239864,0.1276427060365677,0.007815181277692318,0.8377560448676014,0.16224395513239864,0.15826037526130676,0.07536659389734268,215677
acdc_b1_s42ctl_mit-b1_guard_dense_gap_j9258122,2026-07-11 16:06:22,acdc,val,all,student_skd,/scratch/gautschi/manors/hf_cache/hub/models--nvidia--mit-b1/snapshots/13ddceec4e8bdf401e7cd7acf5aebc526222518c,runs/mit-b1_skd_j9200315/student_skd.ckpt,skd,GOPR0604_frame_000316_rgb_anon,/home/manors/Guardrail-Distillation/data/acdc/rgb_anon/snow/val/GOPR0604/GOPR0604_frame_000316_rgb_anon.png,snow,0.3328018384852379,0.6671981615147621,0.872873842716217,0.9439208507537842,0.11964553594589233,0.14285781979560852,0.25067541003227234,0.8730040788650513,0.3734545409679413,-5.903385162353516,5.835047245025635,0.008026261813938618,0.07707513868808746,251923,3.771635761950165,13.34137748926878,11.833676719106734,0.2523931945016708,0.7476068054983291,79834,0.0,1.0,419,0.14482447504997253,0.0011388229904696345,12.026468524709344,0.43763622641563416,0.5623637735843658,0.5439780950546265,0.563733696937561,0.08815818279981613,0.5220252871513367,0.47797471284866333,0.5772212147712708,0.6082649230957031,0.48678725957870483,0.5220252871513367,0.47797471284866333,0.5220252871513367,0.47797471284866333,0.3402521711755375,0.6597478288244625,0.9139816761016846,0.2908793155046584,0.7091206844953416,0.03848612100298754,0.09135925382519389,0.9086407461748061,0.09135925382519394,0.007450332690299599,0.007450332690299599,0.05927208065986633,0.01816428080201149,0.9925496673097004,0.007450332690299599,0.09098812192678452,0.017199700698256493,210795
acdc_b1_s42ctl_mit-b1_guard_dense_gap_j9258122,2026-07-11 16:06:22,acdc,val,all,student_skd,/scratch/gautschi/manors/hf_cache/hub/models--nvidia--mit-b1/snapshots/13ddceec4e8bdf401e7cd7acf5aebc526222518c,runs/mit-b1_skd_j9200315/student_skd.ckpt,skd,GOPR0604_frame_000322_rgb_anon,/home/manors/Guardrail-Distillation/data/acdc/rgb_anon/snow/val/GOPR0604/GOPR0604_frame_000322_rgb_anon.png,snow,0.200694776995534,0.7993052230044659,0.8551762104034424,0.9617645740509033,0.10439106822013855,0.1053837314248085,0.24394798278808594,0.8978383541107178,0.3527236580848694,-5.59149169921875,5.544397830963135,0.00933920405805111,0.05240932106971741,249593,3.771635761950165,13.34137748926878,11.833676719106734,0.14000909412319257,0.8599909058768074,78492,0.05567010309278351,0.9443298969072165,514,0.10776172578334808,0.0012128532398492098,12.026468524709344,0.4181603193283081,0.5818396806716919,0.553277313709259,0.5747345089912415,0.1415521651506424,0.5353291034698486,0.46467089653015137,0.613662838935852,0.7036394476890564,0.45944124460220337,0.5353291034698486,0.46467089653015137,0.5353291034698486,0.46467089653015137,0.39086514846097015,0.6091348515390298,0.9505875110626221,0.28599199569511397,0.714008004304886,0.1459829015719214,0.559402772840384,0.440597227159616,0.5037326697476004,0.19017037146543614,0.19017037146543614,0.11037969589233398,0.014968368224799633,0.8098296285345639,0.19017037146543614,0.13363756239414215,0.06125572323799133,221791
acdc_b1_s42ctl_mit-b1_guard_dense_gap_j9258122,2026-07-11 16:06:22,acdc,val,all,student_skd,/scratch/gautschi/manors/hf_cache/hub/models--nvidia--mit-b1/snapshots/13ddceec4e8bdf401e7cd7acf5aebc526222518c,runs/mit-b1_skd_j9200315/student_skd.ckpt,skd,GOPR0604_frame_000327_rgb_anon,/home/manors/Guardrail-Distillation/data/acdc/rgb_anon/snow/val/GOPR0604/GOPR0604_frame_000327_rgb_anon.png,snow,0.378361093964928,0.621638906035072,0.8804222941398621,0.9470195770263672,0.12862113118171692,0.13622336089611053,0.2967739701271057,0.8851035237312317,0.36628589034080505,-6.0238118171691895,5.956323623657227,0.018035277724266052,0.07957834005355835,247404,3.771635761950165,13.34137748926878,11.833676719106734,0.2983672647623354,0.7016327352376646,77374,0.9172025723472669,0.08279742765273312,2488,0.13828368484973907,0.0012409023474901915,12.026468524709344,0.3766944706439972,0.6233055293560028,0.5386872887611389,0.5578546524047852,0.09635397046804428,0.5240698456764221,0.4759301543235779,0.5896461606025696,0.6510012149810791,0.42767590284347534,0.5240698456764221,0.4759301543235779,0.5240698456764221,0.4759301543235779,0.3501465560563167,0.6498534439436833,0.912871241569519,0.27255395046118336,0.7274460495388166,0.0,0.31511254019292606,0.684887459807074,0.0,0.0,0.0,0.052674975246191025,0.020226027816534042,1.0,0.0,0.09061696380376816,0.022485489025712013,210869
acdc_b1_s42ctl_mit-b1_guard_dense_gap_j9258122,2026-07-11 16:06:22,acdc,val,all,student_skd,/scratch/gautschi/manors/hf_cache/hub/models--nvidia--mit-b1/snapshots/13ddceec4e8bdf401e7cd7acf5aebc526222518c,runs/mit-b1_skd_j9200315/student_skd.ckpt,skd,GOPR0604_frame_000332_rgb_anon,/home/manors/Guardrail-Distillation/data/acdc/rgb_anon/snow/val/GOPR0604/GOPR0604_frame_000332_rgb_anon.png,snow,0.439915155452438,0.560084844547562,0.9000799655914307,0.9519888758659363,0.11942768841981888,0.12507520616054535,0.275900661945343,0.894071102142334,0.33286213874816895,-5.824060440063477,5.763852119445801,0.014733731746673584,0.06677114963531494,245016,3.8104812265373766,13.34161771228537,11.808684270363301,0.3574863771984041,0.642513622801596,71743,0.8887616660905635,0.1112383339094365,2958,0.12743788957595825,0.0014153646770864725,12.002453207969666,0.39921462535858154,0.6007853746414185,0.5293031334877014,0.5536534786224365,0.060419049113988876,0.5151001811027527,0.4848998188972473,0.5543832778930664,0.5981259942054749,0.45419877767562866,0.5151001811027527,0.4848998188972473,0.5151001811027527,0.4848998188972473,0.3972742408389021,0.6027257591610979,0.9071203470230103,0.34985653588228505,0.650143464117715,0.0,0.8105480071259539,0.18945199287404613,0.0,0.0,0.0,0.03199382871389389,0.02495347149670124,1.0,0.0,0.0671996921300888,0.00828517321497202,210709
acdc_b1_s42ctl_mit-b1_guard_dense_gap_j9258122,2026-07-11 16:06:22,acdc,val,all,student_skd,/scratch/gautschi/manors/hf_cache/hub/models--nvidia--mit-b1/snapshots/13ddceec4e8bdf401e7cd7acf5aebc526222518c,runs/mit-b1_skd_j9200315/student_skd.ckpt,skd,GOPR0604_frame_000337_rgb_anon,/home/manors/Guardrail-Distillation/data/acdc/rgb_anon/snow/val/GOPR0604/GOPR0604_frame_000337_rgb_anon.png,snow,0.3594904433774358,0.6405095566225643,0.8862849473953247,0.9560819268226624,0.11282512545585632,0.11705613881349564,0.2620658874511719,0.8959566354751587,0.337558776140213,-6.002066612243652,5.947568416595459,0.011533699929714203,0.060790903866291046,255252,3.8104812265373766,13.34161771228537,11.808684270363301,0.22304490772924487,0.7769550922707551,80898,0.236498010233087,0.763501989766913,3824,0.11925078928470612,0.0014548221370205283,12.002453207969666,0.40865927934646606,0.5913407206535339,0.5621972680091858,0.5827258229255676,0.0676795020699501,0.5169134140014648,0.48308658599853516,0.5572256445884705,0.5975694060325623,0.44674253463745117,0.5169134140014648,0.48308658599853516,0.5169134140014648,0.48308658599853516,0.3828114253491597,0.6171885746508403,0.9066687226295471,0.2684419783251314,0.7315580216748686,0.04539707059588649,0.19948470390120684,0.8005152960987931,0.0,0.023320981971723942,0.023320981971723942,0.06124144047498703,0.04085766151547432,0.9766790180282761,0.023320981971723942,0.11667294055223465,0.022624701261520386,222872
acdc_b1_s42ctl_mit-b1_guard_dense_gap_j9258122,2026-07-11 16:06:22,acdc,val,all,student_skd,/scratch/gautschi/manors/hf_cache/hub/models--nvidia--mit-b1/snapshots/13ddceec4e8bdf401e7cd7acf5aebc526222518c,runs/mit-b1_skd_j9200315/student_skd.ckpt,skd,GOPR0604_frame_000373_rgb_anon,/home/manors/Guardrail-Distillation/data/acdc/rgb_anon/snow/val/GOPR0604/GOPR0604_frame_000373_rgb_anon.png,snow,0.44300156026102594,0.556998439738974,0.9083240628242493,0.9415490627288818,0.13379137217998505,0.1548139601945877,0.3191419243812561,0.8785494565963745,0.3669836223125458,-6.41419792175293,6.3397536277771,0.022709576413035393,0.08498690277338028,254298,3.8104812265373766,13.34161771228537,11.808684270363301,0.3019226927199145,0.6980773072800854,81829,0.316635829964138,0.6833641700358619,29733,0.15742750465869904,0.0019581171218305826,12.002453207969666,0.4169755280017853,0.5830244719982147,0.5411672592163086,0.5570113658905029,0.0791042372584343,0.5197657346725464,0.4802342653274536,0.5635847449302673,0.6014012694358826,0.43987858295440674,0.5197657346725464,0.4802342653274536,0.5197657346725464,0.4802342653274536,0.48112833517808795,0.518871664821912,0.9226065278053284,0.27758547537889283,0.7224145246211071,0.0,0.4229848487324583,0.5770151512675417,0.10634901876832026,0.038126774917061956,0.038126774917061956,0.04382653161883354,0.029544075950980186,0.961873225082938,0.038126774917061956,0.08442457020282745,0.005293002352118492,212493
acdc_b1_s42ctl_mit-b1_guard_dense_gap_j9258122,2026-07-11 16:06:22,acdc,val,all,student_skd,/scratch/gautschi/manors/hf_cache/hub/models--nvidia--mit-b1/snapshots/13ddceec4e8bdf401e7cd7acf5aebc526222518c,runs/mit-b1_skd_j9200315/student_skd.ckpt,skd,GOPR0604_frame_000393_rgb_anon,/home/manors/Guardrail-Distillation/data/acdc/rgb_anon/snow/val/GOPR0604/GOPR0604_frame_000393_rgb_anon.png,snow,0.4435624633266714,0.5564375366733286,0.8760263919830322,0.9382433891296387,0.13466161489486694,0.1650373637676239,0.3196880519390106,0.8680646419525146,0.40387627482414246,-6.180709362030029,6.102568626403809,0.021761208772659302,0.08770223706960678,254030,3.8104812265373766,13.34161771228537,11.808684270363301,0.239842855995447,0.760157144004553,81338,0.09695629871567096,0.9030437012843291,10259,0.16843754053115845,0.002365503692999482,12.002453207969666,0.38791602849960327,0.6120839715003967,0.5488477349281311,0.5634300708770752,0.07585567235946655,0.5189548134803772,0.4810451865196228,0.5708578824996948,0.5954563617706299,0.42648744583129883,0.5189548134803772,0.4810451865196228,0.5189548134803772,0.4810451865196228,0.6594279552526773,0.3405720447473227,0.9319725632667542,0.4052021783132538,0.5947978216867462,0.1653593223178068,0.8430007331302737,0.15699926686972632,0.7460444344146028,0.2158654919260059,0.2158654919260059,0.07354249060153961,0.017596345394849777,0.7841345080739941,0.2158654919260059,0.10198795050382614,0.02240680158138275,209069
acdc_b1_s42ctl_mit-b1_guard_dense_gap_j9258122,2026-07-11 16:06:22,acdc,val,all,student_skd,/scratch/gautschi/manors/hf_cache/hub/models--nvidia--mit-b1/snapshots/13ddceec4e8bdf401e7cd7acf5aebc526222518c,runs/mit-b1_skd_j9200315/student_skd.ckpt,skd,GOPR0604_frame_000413_rgb_anon,/home/manors/Guardrail-Distillation/data/acdc/rgb_anon/snow/val/GOPR0604/GOPR0604_frame_000413_rgb_anon.png,snow,0.5125281029458892,0.48747189705411076,0.9003921747207642,0.9460904598236084,0.1252129077911377,0.14585267007350922,0.29993078112602234,0.8796002268791199,0.378268837928772,-6.077432632446289,6.009939670562744,0.017421379685401917,0.07551661133766174,250382,3.68688500020653,13.362740282900631,11.864107276778668,0.3103948960055786,0.6896051039944213,80067,0.2899156412042411,0.7100843587957588,4704,0.1488076150417328,0.0018842231947928667,12.025203497614712,0.3944321274757385,0.6055678725242615,0.5502141118049622,0.5608333349227905,0.07238351553678513,0.5180879831314087,0.4819120168685913,0.5591291785240173,0.5900359153747559,0.4308129847049713,0.5180879831314087,0.4819120168685913,0.5180879831314087,0.4819120168685913,0.5519602521301136,0.44803974786988643,0.9150617718696594,0.32410738083728535,0.6758926191627146,0.013712484831706728,0.5951309124545634,0.4048690875454366,0.3052152712503222,0.03943214918422433,0.03943214918422433,0.048541828989982605,0.03387224301695824,0.9605678508157757,0.03943214918422433,0.09187561273574829,0.015620131976902485,211032
acdc_b1_s42ctl_mit-b1_guard_dense_gap_j9258122,2026-07-11 16:06:22,acdc,val,all,student_skd,/scratch/gautschi/manors/hf_cache/hub/models--nvidia--mit-b1/snapshots/13ddceec4e8bdf401e7cd7acf5aebc526222518c,runs/mit-b1_skd_j9200315/student_skd.ckpt,skd,GOPR0604_frame_000433_rgb_anon,/home/manors/Guardrail-Distillation/data/acdc/rgb_anon/snow/val/GOPR0604/GOPR0604_frame_000433_rgb_anon.png,snow,0.499702937400612,0.500297062599388,0.9145979881286621,0.9504843354225159,0.1183372512459755,0.12824685871601105,0.2669886648654938,0.8875412344932556,0.35037747025489807,-5.793905735015869,5.7325615882873535,0.010994477197527885,0.06998942792415619,255310,3.68688500020653,13.362740282900631,11.864107276778668,0.42999534637409503,0.5700046536259049,81405,0.5478111012742248,0.45218889872577517,12654,0.13059861958026886,0.0012908454518765211,12.025203497614712,0.4197564125061035,0.5802435874938965,0.5541186928749084,0.5793076157569885,0.09921224415302277,0.5247827172279358,0.4752172827720642,0.5904437899589539,0.6402481198310852,0.47264012694358826,0.5247827172279358,0.4752172827720642,0.5247827172279358,0.4752172827720642,0.4899882585606481,0.5100117414393519,0.8895460963249207,0.42016809257268684,0.5798319074273132,0.0,0.6632908857812303,0.3367091142187697,0.11547978450700547,0.0,0.0,0.016094161197543144,0.04114605858922005,1.0,0.0,0.06857937574386597,0.0022874153219163418,218962
acdc_b1_s42ctl_mit-b1_guard_dense_gap_j9258122,2026-07-11 16:06:22,acdc,val,all,student_skd,/scratch/gautschi/manors/hf_cache/hub/models--nvidia--mit-b1/snapshots/13ddceec4e8bdf401e7cd7acf5aebc526222518c,runs/mit-b1_skd_j9200315/student_skd.ckpt,skd,GOPR0604_frame_000439_rgb_anon,/home/manors/Guardrail-Distillation/data/acdc/rgb_anon/snow/val/GOPR0604/GOPR0604_frame_000439_rgb_anon.png,snow,0.3808010962283022,0.6191989037716978,0.8558931946754456,0.9334768652915955,0.12857018411159515,0.18932609260082245,0.30609068274497986,0.8332600593566895,0.537544846534729,-4.919961929321289,4.838383197784424,0.01782192289829254,0.08385397493839264,254013,3.68688500020653,13.362740282900631,11.864107276778668,0.2899654342206018,0.7100345657793983,81966,0.2889372094920662,0.7110627905079339,21693,0.19344548881053925,0.0023426630068570375,12.025203497614712,0.45833900570869446,0.5416609942913055,0.5608389973640442,0.5730665922164917,0.1320788711309433,0.5329717993736267,0.4670282006263733,0.6086482405662537,0.6370242238044739,0.46146851778030396,0.5329717993736267,0.4670282006263733,0.5329717993736267,0.4670282006263733,0.44198756096635927,0.5580124390336407,0.8801478743553162,0.3704616627598567,0.6295383372401433,0.08049622853925498,0.45101047589841164,0.5489895241015883,0.16207326640634556,0.06118646473805711,0.06118646473805711,0.04365524649620056,0.01940058171749115,0.9388135352619429,0.06118646473805711,0.08163361996412277,0.004428907297551632,204524
acdc_b1_s42ctl_mit-b1_guard_dense_gap_j9258122,2026-07-11 16:06:22,acdc,val,all,student_skd,/scratch/gautschi/manors/hf_cache/hub/models--nvidia--mit-b1/snapshots/13ddceec4e8bdf401e7cd7acf5aebc526222518c,runs/mit-b1_skd_j9200315/student_skd.ckpt,skd,GOPR0604_frame_000445_rgb_anon,/home/manors/Guardrail-Distillation/data/acdc/rgb_anon/snow/val/GOPR0604/GOPR0604_frame_000445_rgb_anon.png,snow,0.35409050295986133,0.6459094970401387,0.8846287727355957,0.9404008388519287,0.12323786318302155,0.14926251769065857,0.25646471977233887,0.8611581325531006,0.42969051003456116,-5.411275386810303,5.338427543640137,0.008199317380785942,0.0816236138343811,246240,3.68688500020653,13.362740282900631,11.864107276778668,0.2824636955411124,0.7175363044588876,77626,0.8843612334801763,0.11563876651982374,908,0.1511072814464569,0.0010968903079628944,12.025203497614712,0.43670493364334106,0.5632950663566589,0.5242859721183777,0.5408270955085754,0.12262458354234695,0.5306178331375122,0.4693821668624878,0.6045250296592712,0.6520397067070007,0.4998335838317871,0.5306178331375122,0.4693821668624878,0.5306178331375122,0.4693821668624878,0.39117652613379406,0.6088234738662059,0.9267462491989136,0.31699209460531635,0.6830079053946836,0.03452839906420402,0.9240088105726872,0.07599118942731276,0.03964757709251099,0.037086023173932725,0.037086023173932725,0.06190301850438118,0.019785573706030846,0.9629139768260673,0.037086023173932725,0.08641162514686584,0.01657732203602791,203101
acdc_b1_s42ctl_mit-b1_guard_dense_gap_j9258122,2026-07-11 16:06:22,acdc,val,all,student_skd,/scratch/gautschi/manors/hf_cache/hub/models--nvidia--mit-b1/snapshots/13ddceec4e8bdf401e7cd7acf5aebc526222518c,runs/mit-b1_skd_j9200315/student_skd.ckpt,skd,GOPR0604_frame_000455_rgb_anon,/home/manors/Guardrail-Distillation/data/acdc/rgb_anon/snow/val/GOPR0604/GOPR0604_frame_000455_rgb_anon.png,snow,0.4133518114269999,0.5866481885730002,0.8642477989196777,0.9438509345054626,0.12172606587409973,0.15078134834766388,0.27980202436447144,0.8658798933029175,0.42270180583000183,-5.48248291015625,5.4132609367370605,0.013650886714458466,0.07061060518026352,255075,3.659484733361751,13.315647491253912,11.832779215183109,0.3157779908867868,0.6842220091132132,81224,0.05415533730251746,0.9458446626974826,718,0.153670534491539,0.0015700421063229442,11.966623016633093,0.44106385111808777,0.5589361488819122,0.5386923551559448,0.5499051213264465,0.09270618855953217,0.5231599807739258,0.4768400192260742,0.5745904445648193,0.6037576794624329,0.48319125175476074,0.5231599807739258,0.4768400192260742,0.5231599807739258,0.4768400192260742,0.3376874940924012,0.6623125059075988,0.8901774287223816,0.2529480880721131,0.7470519119278869,0.0,0.008032128514056226,0.9919678714859438,0.0,0.0,0.0,0.03871018439531326,0.012780554592609406,1.0,0.0,0.06011565402150154,0.01021268218755722,212454
acdc_b1_s42ctl_mit-b1_guard_dense_gap_j9258122,2026-07-11 16:06:22,acdc,val,all,student_skd,/scratch/gautschi/manors/hf_cache/hub/models--nvidia--mit-b1/snapshots/13ddceec4e8bdf401e7cd7acf5aebc526222518c,runs/mit-b1_skd_j9200315/student_skd.ckpt,skd,GOPR0604_frame_000460_rgb_anon,/home/manors/Guardrail-Distillation/data/acdc/rgb_anon/snow/val/GOPR0604/GOPR0604_frame_000460_rgb_anon.png,snow,0.3204676708910374,0.6795323291089626,0.8469916582107544,0.9369564056396484,0.1396574079990387,0.16904869675636292,0.3374159038066864,0.8646940588951111,0.4278891384601593,-5.718948841094971,5.637953758239746,0.026678921654820442,0.09073910862207413,253496,3.659484733361751,13.315647491253912,11.832779215183109,0.1387449277835857,0.8612550722164143,81269,0.03230769230769231,0.9676923076923077,325,0.17110812664031982,0.0015112506225705147,11.966623016633093,0.41598862409591675,0.5840113759040833,0.5439640879631042,0.5602520704269409,0.1039261519908905,0.5259581804275513,0.47404181957244873,0.5908698439598083,0.6430481672286987,0.4700750708580017,0.5259581804275513,0.47404181957244873,0.5259581804275513,0.47404181957244873,0.3196480997605542,0.6803519002394458,0.8553034663200378,0.1850352078981114,0.8149647921018885,0.04629028011452574,0.08307692307692308,0.916923076923077,0.05076923076923079,0.0,0.0,0.08842743188142776,0.0801156610250473,1.0,0.0,0.19703270494937897,0.05254126340150833,209199
acdc_b1_s42ctl_mit-b1_guard_dense_gap_j9258122,2026-07-11 16:06:22,acdc,val,all,student_skd,/scratch/gautschi/manors/hf_cache/hub/models--nvidia--mit-b1/snapshots/13ddceec4e8bdf401e7cd7acf5aebc526222518c,runs/mit-b1_skd_j9200315/student_skd.ckpt,skd,GOPR0604_frame_000465_rgb_anon,/home/manors/Guardrail-Distillation/data/acdc/rgb_anon/snow/val/GOPR0604/GOPR0604_frame_000465_rgb_anon.png,snow,0.3666797581708053,0.6333202418291948,0.8344353437423706,0.9485142827033997,0.11900652199983597,0.13558529317378998,0.27415797114372253,0.886196494102478,0.35035523772239685,-5.729909420013428,5.666394233703613,0.012423168867826462,0.06958000361919403,253478,3.659484733361751,13.315647491253912,11.832779215183109,0.3227655759137844,0.6772344240862156,81756,0.9161894846434149,0.08381051535658512,3842,0.1370759755373001,0.001110239652916789,11.966623016633093,0.44295358657836914,0.5570464134216309,0.5562824606895447,0.5819650888442993,0.09272845089435577,0.5231655240058899,0.4768344759941101,0.5941025614738464,0.633206844329834,0.48107197880744934,0.5231655240058899,0.4768344759941101,0.5231655240058899,0.4768344759941101,0.5369598733819702,0.46304012661802985,0.9004095196723938,0.4018039739532937,0.5981960260467063,0.0790383980395093,0.9836022904737116,0.016397709526288384,0.06741280583029674,0.17028011521116493,0.17028011521116493,0.09743252396583557,0.031458351761102676,0.8297198847888351,0.17028011521116493,0.1364733874797821,0.02907155640423298,214071
acdc_b1_s42ctl_mit-b1_guard_dense_gap_j9258122,2026-07-11 16:06:22,acdc,val,all,student_skd,/scratch/gautschi/manors/hf_cache/hub/models--nvidia--mit-b1/snapshots/13ddceec4e8bdf401e7cd7acf5aebc526222518c,runs/mit-b1_skd_j9200315/student_skd.ckpt,skd,GOPR0604_frame_000470_rgb_anon,/home/manors/Guardrail-Distillation/data/acdc/rgb_anon/snow/val/GOPR0604/GOPR0604_frame_000470_rgb_anon.png,snow,0.3355109946405888,0.6644890053594112,0.8826841711997986,0.974597156047821,0.08834407478570938,0.06965485960245132,0.21005170047283173,0.9339878559112549,0.22834084928035736,-6.007700443267822,5.976104736328125,0.007654663175344467,0.03398311510682106,245210,3.659484733361751,13.315647491253912,11.832779215183109,0.22002243309064748,0.7799775669093525,74667,0.28126110124333925,0.7187388987566607,11384,0.07108863443136215,0.0008162933518178761,11.966623016633093,0.41916289925575256,0.5808371007442474,0.554208517074585,0.5731525421142578,0.04382354021072388,0.5109541416168213,0.4890458583831787,0.5327684879302979,0.5700571537017822,0.4757098853588104,0.5109541416168213,0.4890458583831787,0.5109541416168213,0.4890458583831787,0.47612718857990927,0.5238728114200908,0.9558663368225098,0.38083026359693933,0.6191697364030606,0.16080783050629188,0.6164932744850778,0.38350672551492215,0.3352321732417386,0.14061619393932046,0.14061619393932046,0.0874311774969101,0.014249010942876339,0.8593838060606795,0.14061619393932046,0.10837241262197495,0.06544594466686249,227253
acdc_b1_s42ctl_mit-b1_guard_dense_gap_j9258122,2026-07-11 16:06:23,acdc,val,all,student_skd,/scratch/gautschi/manors/hf_cache/hub/models--nvidia--mit-b1/snapshots/13ddceec4e8bdf401e7cd7acf5aebc526222518c,runs/mit-b1_skd_j9200315/student_skd.ckpt,skd,GOPR0604_frame_000478_rgb_anon,/home/manors/Guardrail-Distillation/data/acdc/rgb_anon/snow/val/GOPR0604/GOPR0604_frame_000478_rgb_anon.png,snow,0.31457865011941716,0.6854213498805828,0.8630945086479187,0.9152258634567261,0.13725244998931885,0.21577510237693787,0.28904199600219727,0.8142197728157043,0.5457097291946411,-4.4799604415893555,4.377012252807617,0.012282115407288074,0.10843512415885925,251911,3.65241477265954,13.343727798201144,11.866939486935735,0.26574817223980196,0.734251827760198,77994,0.2206743651177309,0.7793256348822691,4362,0.21962128579616547,0.0029191679786890745,11.99213572544977,0.4741685092449188,0.5258314907550812,0.575983464717865,0.5854596495628357,0.15684650838375092,0.5391314625740051,0.4608685374259949,0.6108222603797913,0.6407926678657532,0.5041273236274719,0.5391314625740051,0.4608685374259949,0.5391314625740051,0.4608685374259949,0.404005423930316,0.595994576069684,0.9236873388290405,0.31799396253812107,0.6820060374618789,0.052245790298319106,0.26282514782921046,0.7371748521707895,0.04215078271147965,0.08942677381089881,0.08942677381089881,0.08022674918174744,0.01963391900062561,0.9105732261891012,0.08942677381089881,0.10985229164361954,0.008987301029264927,185995
acdc_b1_s42ctl_mit-b1_guard_dense_gap_j9258122,2026-07-11 16:06:23,acdc,val,all,student_skd,/scratch/gautschi/manors/hf_cache/hub/models--nvidia--mit-b1/snapshots/13ddceec4e8bdf401e7cd7acf5aebc526222518c,runs/mit-b1_skd_j9200315/student_skd.ckpt,skd,GOPR0604_frame_000488_rgb_anon,/home/manors/Guardrail-Distillation/data/acdc/rgb_anon/snow/val/GOPR0604/GOPR0604_frame_000488_rgb_anon.png,snow,0.29659170361944864,0.7034082963805514,0.833480179309845,0.9333946108818054,0.14161796867847443,0.16521963477134705,0.32051005959510803,0.8697941303253174,0.3838065266609192,-6.220438003540039,6.135623455047607,0.02140945941209793,0.10296738892793655,248535,3.65241477265954,13.343727798201144,11.866939486935735,0.21895809889606377,0.7810419011039362,75329,0.23088394869369244,0.7691160513063076,5206,0.1668483465909958,0.0017130142077803612,11.99213572544977,0.4271560311317444,0.5728439688682556,0.5509206652641296,0.572494626045227,0.12375970184803009,0.5309004783630371,0.4690995216369629,0.6105006337165833,0.6590227484703064,0.4596256911754608,0.5309004783630371,0.4690995216369629,0.5309004783630371,0.4690995216369629,0.5676635360326209,0.4323364639673791,0.9372361898422241,0.4458307784740091,0.5541692215259909,0.22687267957794532,0.6817938351097755,0.31820616489022446,0.4509098864160831,0.27107183241317223,0.27107183241317223,0.12073148787021637,0.01697547547519207,0.7289281675868278,0.27107183241317223,0.15180155634880066,0.031311485916376114,201676
acdc_b1_s42ctl_mit-b1_guard_dense_gap_j9258122,2026-07-11 16:06:23,acdc,val,all,student_skd,/scratch/gautschi/manors/hf_cache/hub/models--nvidia--mit-b1/snapshots/13ddceec4e8bdf401e7cd7acf5aebc526222518c,runs/mit-b1_skd_j9200315/student_skd.ckpt,skd,GOPR0605_frame_000161_rgb_anon,/home/manors/Guardrail-Distillation/data/acdc/rgb_anon/snow/val/GOPR0605/GOPR0605_frame_000161_rgb_anon.png,snow,0.42975145391765507,0.570248546082345,0.8487276434898376,0.9175196886062622,0.14960028231143951,0.23174181580543518,0.36483779549598694,0.8114358186721802,0.6092177033424377,-3.98960542678833,3.885343313217163,0.03230928257107735,0.11351815611124039,258223,3.65241477265954,13.343727798201144,11.866939486935735,0.3756500982408115,0.6243499017591885,83799,0.4926372155287818,0.5073627844712182,9073,0.23611600697040558,0.0029338770546019077,11.99213572544977,0.5058053135871887,0.4941946864128113,0.5829357504844666,0.5874406695365906,0.2102595716714859,0.5523720979690552,0.4476279020309448,0.6567794680595398,0.7576826214790344,0.509581983089447,0.5523720979690552,0.4476279020309448,0.5523720979690552,0.4476279020309448,0.5471025702475131,0.4528974297524869,0.9153986573219299,0.48359235683644836,0.5164076431635516,0.10794225859563689,0.4879103066324463,0.5120896933675537,0.0,0.11735111632985806,0.11735111632985806,0.08271919935941696,0.016048144549131393,0.8826488836701419,0.11735111632985806,0.1424543857574463,0.013616137206554413,196620
acdc_b1_s42ctl_mit-b1_guard_dense_gap_j9258122,2026-07-11 16:06:23,acdc,val,all,student_skd,/scratch/gautschi/manors/hf_cache/hub/models--nvidia--mit-b1/snapshots/13ddceec4e8bdf401e7cd7acf5aebc526222518c,runs/mit-b1_skd_j9200315/student_skd.ckpt,skd,GOPR0605_frame_000181_rgb_anon,/home/manors/Guardrail-Distillation/data/acdc/rgb_anon/snow/val/GOPR0605/GOPR0605_frame_000181_rgb_anon.png,snow,0.24354967257644972,0.7564503274235503,0.7212450504302979,0.8746645450592041,0.16785964369773865,0.32761716842651367,0.3833971321582794,0.7444248795509338,0.7636059522628784,-3.9975473880767822,3.8402609825134277,0.03692306578159332,0.18341083824634552,257373,3.65241477265954,13.343727798201144,11.866939486935735,0.22186342260258884,0.7781365773974112,84174,0.24450192293209744,0.7554980770679025,10259,0.33176299929618835,0.0025475826114416122,11.99213572544977,0.501483678817749,0.498516321182251,0.5940441489219666,0.6091546416282654,0.31979018449783325,0.5792731046676636,0.4207268953323364,0.7047196626663208,0.7753725051879883,0.5008217096328735,0.5792731046676636,0.4207268953323364,0.5792731046676636,0.4207268953323364,0.37458223391489653,0.6254177660851035,0.8232254385948181,0.24670749656717744,0.7532925034328226,0.024844073964588542,0.23042475228551335,0.7695752477144866,0.0,0.13103256133844687,0.13103256133844687,0.12048272043466568,0.018502328544855118,0.8689674386615531,0.13103256133844687,0.22875748574733734,0.026964755728840828,161325
acdc_b1_s42ctl_mit-b1_guard_dense_gap_j9258122,2026-07-11 16:06:23,acdc,val,all,student_skd,/scratch/gautschi/manors/hf_cache/hub/models--nvidia--mit-b1/snapshots/13ddceec4e8bdf401e7cd7acf5aebc526222518c,runs/mit-b1_skd_j9200315/student_skd.ckpt,skd,GOPR0605_frame_000299_rgb_anon,/home/manors/Guardrail-Distillation/data/acdc/rgb_anon/snow/val/GOPR0605/GOPR0605_frame_000299_rgb_anon.png,snow,0.361681089698054,0.638318910301946,0.8342385292053223,0.9301722645759583,0.12831945717334747,0.18734358251094818,0.28756967186927795,0.8352383971214294,0.5173559188842773,-4.736623287200928,4.651889324188232,0.011094026267528534,0.08822916448116302,254281,3.646547207608819,13.359750213567168,11.82557421270758,0.25207981785209677,0.7479201821479032,80092,0.4490312965722802,0.5509687034277198,3491,0.1901087909936905,0.0018867127364501357,12.001488241367042,0.47201183438301086,0.5279881656169891,0.5765685439109802,0.5895799398422241,0.17502497136592865,0.543644905090332,0.45635509490966797,0.6231817007064819,0.6762827038764954,0.5079980492591858,0.543644905090332,0.45635509490966797,0.543644905090332,0.45635509490966797,0.31682962540844695,0.683170374591553,0.8842147588729858,0.24962226689749392,0.7503777331025061,0.0,0.20121951219512194,0.7987804878048781,0.0,0.0,0.0,0.07975035905838013,0.029774148017168045,1.0,0.0,0.1516943871974945,0.01344575546681881,198349
acdc_b1_s42ctl_mit-b1_guard_dense_gap_j9258122,2026-07-11 16:06:23,acdc,val,all,student_skd,/scratch/gautschi/manors/hf_cache/hub/models--nvidia--mit-b1/snapshots/13ddceec4e8bdf401e7cd7acf5aebc526222518c,runs/mit-b1_skd_j9200315/student_skd.ckpt,skd,GOPR0606_frame_000110_rgb_anon,/home/manors/Guardrail-Distillation/data/acdc/rgb_anon/snow/val/GOPR0606/GOPR0606_frame_000110_rgb_anon.png,snow,0.22019261686427946,0.7798073831357205,0.7492690682411194,0.9124386310577393,0.1469447910785675,0.224127396941185,0.3183925747871399,0.8121662139892578,0.545856237411499,-5.089081287384033,4.980177402496338,0.022120213136076927,0.12028525024652481,256191,3.646547207608819,13.359750213567168,11.82557421270758,0.18785283957133425,0.8121471604286657,81814,0.1390948122952359,0.8609051877047641,1454,0.2274848371744156,0.0024754421319812536,12.001488241367042,0.45028382539749146,0.5497161746025085,0.547890305519104,0.5599492788314819,0.23295138776302338,0.5579758882522583,0.4420241117477417,0.6360085606575012,0.6711142659187317,0.45387011766433716,0.5579758882522583,0.4420241117477417,0.5579758882522583,0.4420241117477417,0.36614192362233666,0.6338580763776633,0.894933819770813,0.34676932853438935,0.6532306714656106,0.1589164889630551,0.24783236994219654,0.7521676300578035,0.10873755764696058,0.14594930675805717,0.14594930675805717,0.18502210080623627,0.03935735300183296,0.8540506932419428,0.14594930675805717,0.2336772084236145,0.08371488004922867,191560
acdc_b1_s42ctl_mit-b1_guard_dense_gap_j9258122,2026-07-11 16:06:23,acdc,val,all,student_skd,/scratch/gautschi/manors/hf_cache/hub/models--nvidia--mit-b1/snapshots/13ddceec4e8bdf401e7cd7acf5aebc526222518c,runs/mit-b1_skd_j9200315/student_skd.ckpt,skd,GOPR0606_frame_000162_rgb_anon,/home/manors/Guardrail-Distillation/data/acdc/rgb_anon/snow/val/GOPR0606/GOPR0606_frame_000162_rgb_anon.png,snow,0.19196988307289078,0.8080301169271092,0.31193333864212036,0.9349549412727356,0.12813901901245117,0.17631573975086212,0.2916319668292999,0.8316990733146667,0.5706555247306824,-3.626953363418579,3.547215223312378,0.014537494629621506,0.0857890173792839,241651,3.646547207608819,13.359750213567168,11.82557421270758,0.17918868024310278,0.8208113197568973,74019,0.6034643724357365,0.3965356275642635,5443,0.17955845594406128,0.0019809501245617867,12.001488241367042,0.3170528709888458,0.6829471290111542,0.54215008020401,0.5574167966842651,3.3956358432769775,0.9675678610801697,0.03243213891983032,0.9995410442352295,0.9997658133506775,0.5295337438583374,0.9675678610801697,0.03243213891983032,0.9675678610801697,0.03243213891983032,0.3677227739069636,0.6322772260930364,0.8702095746994019,0.3009564220037505,0.6990435779962495,0.12176774176064775,0.49123963828183875,0.5087603617181613,0.0,0.17575289083407286,0.17575289083407286,0.569830060005188,0.011553852818906307,0.8242471091659271,0.17575289083407286,0.6047233939170837,0.47738268971443176,195149
acdc_b1_s42ctl_mit-b1_guard_dense_gap_j9258122,2026-07-11 16:06:23,acdc,val,all,student_skd,/scratch/gautschi/manors/hf_cache/hub/models--nvidia--mit-b1/snapshots/13ddceec4e8bdf401e7cd7acf5aebc526222518c,runs/mit-b1_skd_j9200315/student_skd.ckpt,skd,GOPR0606_frame_000182_rgb_anon,/home/manors/Guardrail-Distillation/data/acdc/rgb_anon/snow/val/GOPR0606/GOPR0606_frame_000182_rgb_anon.png,snow,0.3593469455868258,0.6406530544131742,0.7635205388069153,0.8459652066230774,0.16930992901325226,0.34912651777267456,0.3273964822292328,0.7320523858070374,0.6850544810295105,-4.494243144989014,4.303346633911133,0.019407175481319427,0.24373583495616913,258255,3.646547207608819,13.359750213567168,11.82557421270758,0.30286741881016566,0.6971325811898343,84125,0.328648937116428,0.6713510628835719,11325,0.35258573293685913,0.0037070733960717916,12.001488241367042,0.4154951572418213,0.5845048427581787,0.5450602769851685,0.5619023442268372,0.8326573371887207,0.6969165205955505,0.30308347940444946,0.9517828822135925,0.9781696796417236,0.4545838236808777,0.6969165205955505,0.30308347940444946,0.6969165205955505,0.30308347940444946,0.46759557212044284,0.5324044278795572,0.9408607482910156,0.3957395473815731,0.604260452618427,0.09287212857140736,0.6118956402140736,0.3881043597859264,0.28324670309764555,0.108248626533617,0.108248626533617,0.2026136964559555,0.02527347020804882,0.891751373466383,0.108248626533617,0.24024316668510437,0.028429266065359116,137864
acdc_b1_s42ctl_mit-b1_guard_dense_gap_j9258122,2026-07-11 16:06:23,acdc,val,all,student_skd,/scratch/gautschi/manors/hf_cache/hub/models--nvidia--mit-b1/snapshots/13ddceec4e8bdf401e7cd7acf5aebc526222518c,runs/mit-b1_skd_j9200315/student_skd.ckpt,skd,GOPR0606_frame_000196_rgb_anon,/home/manors/Guardrail-Distillation/data/acdc/rgb_anon/snow/val/GOPR0606/GOPR0606_frame_000196_rgb_anon.png,snow,0.30592409578675955,0.6940759042132405,0.7263100147247314,0.9155561923980713,0.14951619505882263,0.23410291969776154,0.35588711500167847,0.8048490881919861,0.6169254779815674,-4.544425964355469,4.438101291656494,0.03140593320131302,0.11688746511936188,250908,3.708717704284936,13.338787772227079,11.828674236312509,0.14867909331308368,0.8513209066869163,77821,0.2624031752128545,0.7375968247871455,6072,0.23740507662296295,0.001963265473023057,12.046456220559776,0.4879986345767975,0.5120013654232025,0.5966622233390808,0.613324761390686,0.27637505531311035,0.5686572790145874,0.4313427209854126,0.6943926811218262,0.7797463536262512,0.4866960942745209,0.5686572790145874,0.4313427209854126,0.5686572790145874,0.4313427209854126,0.4566814211250851,0.5433185788749149,0.8456246852874756,0.2938571770428039,0.7061428229571961,0.1451780837297202,0.37930684916317065,0.6206931508368294,0.11690367395031609,0.15075732533832564,0.15075732533832564,0.1330527514219284,0.013738103210926056,0.8492426746616744,0.15075732533832564,0.1772681623697281,0.04581758752465248,191306
acdc_b1_s42ctl_mit-b1_guard_dense_gap_j9258122,2026-07-11 16:06:23,acdc,val,all,student_skd,/scratch/gautschi/manors/hf_cache/hub/models--nvidia--mit-b1/snapshots/13ddceec4e8bdf401e7cd7acf5aebc526222518c,runs/mit-b1_skd_j9200315/student_skd.ckpt,skd,GOPR0606_frame_000202_rgb_anon,/home/manors/Guardrail-Distillation/data/acdc/rgb_anon/snow/val/GOPR0606/GOPR0606_frame_000202_rgb_anon.png,snow,0.29707429932035734,0.7029257006796427,0.8139464259147644,0.9531736969947815,0.1231137067079544,0.13023753464221954,0.3010760247707367,0.8850364685058594,0.3877381980419159,-5.921601295471191,5.861582279205322,0.02060910314321518,0.06784210354089737,251879,3.708717704284936,13.338787772227079,11.828674236312509,0.19770121885787306,0.8022987811421269,79914,0.23697916666666666,0.7630208333333334,1152,0.13226041197776794,0.0014176411787047982,12.046456220559776,0.40434396266937256,0.5956560373306274,0.5513864755630493,0.5642958879470825,0.11114608496427536,0.5277579426765442,0.4722420573234558,0.5687443017959595,0.62324458360672,0.43570801615715027,0.5277579426765442,0.4722420573234558,0.5277579426765442,0.4722420573234558,0.3115058833824572,0.6884941166175428,0.8211244344711304,0.20977938608534716,0.7902206139146528,0.012078167227474124,0.9774305555555556,0.02256944444444442,0.740451388888889,0.014431584062099878,0.014431584062099878,0.027513211593031883,0.020335162058472633,0.9855684159379001,0.014431584062099878,0.08396889269351959,0.004811834543943405,220437
acdc_b1_s42ctl_mit-b1_guard_dense_gap_j9258122,2026-07-11 16:06:23,acdc,val,all,student_skd,/scratch/gautschi/manors/hf_cache/hub/models--nvidia--mit-b1/snapshots/13ddceec4e8bdf401e7cd7acf5aebc526222518c,runs/mit-b1_skd_j9200315/student_skd.ckpt,skd,GOPR0606_frame_000213_rgb_anon,/home/manors/Guardrail-Distillation/data/acdc/rgb_anon/snow/val/GOPR0606/GOPR0606_frame_000213_rgb_anon.png,snow,0.34242740953938505,0.6575725904606149,0.7558823227882385,0.8656840324401855,0.1596413254737854,0.3450009226799011,0.35217583179473877,0.7335916757583618,0.7397245764732361,-3.9075992107391357,3.742109775543213,0.028425205498933792,0.1759978085756302,252452,3.708717704284936,13.338787772227079,11.828674236312509,0.2709029651280367,0.7290970348719633,79035,0.20294298239215278,0.7970570176078472,8439,0.34932941198349,0.0036838441155850887,12.046456220559776,0.4537774324417114,0.5462225675582886,0.5722714066505432,0.5969008207321167,0.9039875268936157,0.7117682695388794,0.2882317304611206,0.9198604226112366,0.977332592010498,0.48623985052108765,0.7117682695388794,0.2882317304611206,0.7117682695388794,0.2882317304611206,0.3921141388482613,0.6078858611517387,0.8457132577896118,0.25279528917019417,0.7472047108298059,0.0,0.30963572321185484,0.6903642767881452,0.10669274081970204,0.04968672930887619,0.04968672930887619,0.1393730342388153,0.04954209178686142,0.9503132706911238,0.04968672930887619,0.22104400396347046,0.05466385930776596,146158
acdc_b1_s42ctl_mit-b1_guard_dense_gap_j9258122,2026-07-11 16:06:23,acdc,val,all,student_skd,/scratch/gautschi/manors/hf_cache/hub/models--nvidia--mit-b1/snapshots/13ddceec4e8bdf401e7cd7acf5aebc526222518c,runs/mit-b1_skd_j9200315/student_skd.ckpt,skd,GOPR0606_frame_000220_rgb_anon,/home/manors/Guardrail-Distillation/data/acdc/rgb_anon/snow/val/GOPR0606/GOPR0606_frame_000220_rgb_anon.png,snow,0.42163391740642814,0.5783660825935719,0.8515480756759644,0.9525913000106812,0.1094551533460617,0.13436970114707947,0.25355762243270874,0.8717060089111328,0.42655622959136963,-4.533840179443359,4.476273059844971,0.010653919540345669,0.05709688365459442,256056,3.708717704284936,13.338787772227079,11.828674236312509,0.32508797419613444,0.6749120258038656,82482,0.6444362448428077,0.3555637551571923,70699,0.13778804242610931,0.0019493502331897616,12.046456220559776,0.4784034490585327,0.5215965509414673,0.5690364837646484,0.574833869934082,0.11547333002090454,0.5288363099098206,0.47116369009017944,0.5807175636291504,0.6543733477592468,0.4498419761657715,0.5288363099098206,0.47116369009017944,0.5288363099098206,0.47116369009017944,0.532955613644106,0.46704438635589396,0.8190708160400391,0.4674934587753921,0.5325065412246079,0.1424054845792576,0.5237633239734315,0.4762366760265685,0.0,0.11132169623767796,0.11132169623767796,0.07722920179367065,0.10970646888017654,0.888678303762322,0.11132169623767796,0.21229730546474457,0.023897117003798485,221530
acdc_b1_s42ctl_mit-b1_guard_dense_gap_j9258122,2026-07-11 16:06:23,acdc,val,all,student_skd,/scratch/gautschi/manors/hf_cache/hub/models--nvidia--mit-b1/snapshots/13ddceec4e8bdf401e7cd7acf5aebc526222518c,runs/mit-b1_skd_j9200315/student_skd.ckpt,skd,GOPR0606_frame_000229_rgb_anon,/home/manors/Guardrail-Distillation/data/acdc/rgb_anon/snow/val/GOPR0606/GOPR0606_frame_000229_rgb_anon.png,snow,0.4526995181226892,0.5473004818773108,0.8449549078941345,0.89316326379776,0.15531334280967712,0.27207520604133606,0.3407527804374695,0.7859606146812439,0.607743501663208,-4.3756818771362305,4.243161201477051,0.026526983827352524,0.1433073878288269,249708,3.7170802825130522,13.385625497903675,11.87971979379654,0.30553274159826593,0.6944672584017341,76813,0.4166309931506849,0.5833690068493151,4777,0.2755381464958191,0.0028322204016149044,12.03756098402664,0.4790388345718384,0.5209611654281616,0.5638454556465149,0.5737989544868469,0.2656022012233734,0.5660129189491272,0.4339870810508728,0.6696397662162781,0.7311553955078125,0.5007325410842896,0.5660129189491272,0.4339870810508728,0.5660129189491272,0.4339870810508728,0.5410581322909098,0.4589418677090902,0.9185128211975098,0.388179942129757,0.6118200578702431,0.082647200531491,0.4706382978723404,0.5293617021276595,0.0540073047216556,0.08835861416822066,0.08835861416822066,0.09407387673854828,0.020515963435173035,0.9116413858317793,0.08835861416822066,0.13082079589366913,0.025790123268961906,169471
acdc_b1_s42ctl_mit-b1_guard_dense_gap_j9258122,2026-07-11 16:06:23,acdc,val,all,student_skd,/scratch/gautschi/manors/hf_cache/hub/models--nvidia--mit-b1/snapshots/13ddceec4e8bdf401e7cd7acf5aebc526222518c,runs/mit-b1_skd_j9200315/student_skd.ckpt,skd,GOPR0606_frame_000238_rgb_anon,/home/manors/Guardrail-Distillation/data/acdc/rgb_anon/snow/val/GOPR0606/GOPR0606_frame_000238_rgb_anon.png,snow,0.26944974890304635,0.7305502510969537,0.6430305242538452,0.8982694745063782,0.15510079264640808,0.26586589217185974,0.3473112881183624,0.7845121622085571,0.6538512110710144,-3.543769359588623,3.417271137237549,0.028146736323833466,0.14254827797412872,244682,3.7170802825130522,13.385625497903675,11.87971979379654,0.27636769511141834,0.7236323048885817,78582,0.4384273915749292,0.5615726084250707,14754,0.26973187923431396,0.0026590663474053144,12.03756098402664,0.5157264471054077,0.4842735528945923,0.5887117385864258,0.6061978340148926,0.45562654733657837,0.611976146697998,0.38802385330200195,0.7861075401306152,0.8721162676811218,0.5447649955749512,0.611976146697998,0.38802385330200195,0.611976146697998,0.38802385330200195,0.45347218369526937,0.5465278163047307,0.8668597936630249,0.36519672311879264,0.6348032768812073,0.08882902800737436,0.38825129789735424,0.6117487021026458,0.0,0.18402243479222302,0.18402243479222302,0.24228180944919586,0.018452521413564682,0.815977565207777,0.18402243479222302,0.3148699104785919,0.12195011973381042,169449
acdc_b1_s42ctl_mit-b1_guard_dense_gap_j9258122,2026-07-11 16:06:23,acdc,val,all,student_skd,/scratch/gautschi/manors/hf_cache/hub/models--nvidia--mit-b1/snapshots/13ddceec4e8bdf401e7cd7acf5aebc526222518c,runs/mit-b1_skd_j9200315/student_skd.ckpt,skd,GOPR0606_frame_000258_rgb_anon,/home/manors/Guardrail-Distillation/data/acdc/rgb_anon/snow/val/GOPR0606/GOPR0606_frame_000258_rgb_anon.png,snow,0.2391321573348951,0.7608678426651049,0.6215824484825134,0.9139235615730286,0.14238348603248596,0.2236628383398056,0.31220415234565735,0.8085141181945801,0.5865424275398254,-3.9259021282196045,3.8204402923583984,0.015855984762310982,0.12177714705467224,251640,3.7170802825130522,13.385625497903675,11.87971979379654,0.26353129843557094,0.7364687015644291,80116,0.21867013307482153,0.7813298669251785,13245,0.2267754226922989,0.0024197266902774572,12.03756098402664,0.5236895084381104,0.47631049156188965,0.5827121138572693,0.5956120491027832,0.4128534495830536,0.601771891117096,0.39822810888290405,0.7694079875946045,0.8381725549697876,0.54683917760849,0.601771891117096,0.39822810888290405,0.601771891117096,0.39822810888290405,0.4169320790374592,0.5830679209625408,0.8750596642494202,0.3394165728431254,0.6605834271568747,0.07588527440755444,0.17977469288101616,0.8202253071189838,0.0,0.1777999217025641,0.1777999217025641,0.27364885807037354,0.020171673968434334,0.8222000782974359,0.1777999217025641,0.32445159554481506,0.16433396935462952,186164
acdc_b1_s42ctl_mit-b1_guard_dense_gap_j9258122,2026-07-11 16:06:23,acdc,val,all,student_skd,/scratch/gautschi/manors/hf_cache/hub/models--nvidia--mit-b1/snapshots/13ddceec4e8bdf401e7cd7acf5aebc526222518c,runs/mit-b1_skd_j9200315/student_skd.ckpt,skd,GOPR0606_frame_000352_rgb_anon,/home/manors/Guardrail-Distillation/data/acdc/rgb_anon/snow/val/GOPR0606/GOPR0606_frame_000352_rgb_anon.png,snow,0.2972094172845335,0.7027905827154666,0.8536110520362854,0.9121217131614685,0.15309885144233704,0.23460231721401215,0.35618358850479126,0.8122029900550842,0.5681729316711426,-4.581914901733398,4.470882892608643,0.03329715132713318,0.12375802546739578,253325,3.7170802825130522,13.385625497903675,11.87971979379654,0.21974354909372462,0.7802564509062754,79037,0.4158284023668639,0.5841715976331361,27148,0.23813925683498383,0.0021858771797269583,12.03756098402664,0.5043646097183228,0.49563539028167725,0.567682683467865,0.5898112654685974,0.2582837641239166,0.5642143487930298,0.4357856512069702,0.6775156259536743,0.7572087049484253,0.5246134996414185,0.5642143487930298,0.4357856512069702,0.5642143487930298,0.4357856512069702,0.29431095209767644,0.7056890479023236,0.8440698981285095,0.21645191036723138,0.7835480896327687,0.0,0.13423613423613423,0.8657638657638658,0.0,0.0,0.0,0.05222540348768234,0.06176650896668434,1.0,0.0,0.15419718623161316,0.005005428101867437,190396
acdc_b1_s42ctl_mit-b1_guard_dense_gap_j9258122,2026-07-11 16:06:23,acdc,val,all,student_skd,/scratch/gautschi/manors/hf_cache/hub/models--nvidia--mit-b1/snapshots/13ddceec4e8bdf401e7cd7acf5aebc526222518c,runs/mit-b1_skd_j9200315/student_skd.ckpt,skd,GOPR0606_frame_000357_rgb_anon,/home/manors/Guardrail-Distillation/data/acdc/rgb_anon/snow/val/GOPR0606/GOPR0606_frame_000357_rgb_anon.png,snow,0.33969468590228175,0.6603053140977182,0.8860647082328796,0.9559568762779236,0.11649646610021591,0.12243326008319855,0.28493112325668335,0.8949424624443054,0.34916356205940247,-5.988722324371338,5.933061599731445,0.016662273555994034,0.059998780488967896,246605,3.773390781134367,13.320932281203568,11.843692045658827,0.26063667517914996,0.73936332482085,74848,0.3345504609122471,0.6654495390877528,9475,0.12461355328559875,0.0015800505643710494,11.987703270278871,0.41574403643608093,0.5842559635639191,0.5615435242652893,0.579673707485199,0.10774708539247513,0.5269107818603516,0.47308921813964844,0.5928203463554382,0.6409136056900024,0.4357609748840332,0.5269107818603516,0.47308921813964844,0.5269107818603516,0.47308921813964844,0.3384674440716897,0.6615325559283103,0.9288132190704346,0.31044916324242006,0.68955083675758,0.04981248806326999,0.2181357398936828,0.7818642601063173,0.0,0.0,0.0,0.07350621372461319,0.030757687985897064,1.0,0.0,0.128168523311615,0.038210902363061905,215294
acdc_b1_s42ctl_mit-b1_guard_dense_gap_j9258122,2026-07-11 16:06:24,acdc,val,all,student_skd,/scratch/gautschi/manors/hf_cache/hub/models--nvidia--mit-b1/snapshots/13ddceec4e8bdf401e7cd7acf5aebc526222518c,runs/mit-b1_skd_j9200315/student_skd.ckpt,skd,GOPR0606_frame_000377_rgb_anon,/home/manors/Guardrail-Distillation/data/acdc/rgb_anon/snow/val/GOPR0606/GOPR0606_frame_000377_rgb_anon.png,snow,0.25702147976072326,0.7429785202392767,0.5017210841178894,0.8933716416358948,0.15758679807186127,0.2765793204307556,0.34816136956214905,0.7707629799842834,0.7060335278511047,-3.9947896003723145,3.8621208667755127,0.02926184982061386,0.15271173417568207,257400,3.773390781134367,13.320932281203568,11.843692045658827,0.1427087272062734,0.8572912727937266,85037,0.2309840626280489,0.7690159373719511,109605,0.28151002526283264,0.003543107071891427,11.987703270278871,0.4849548935890198,0.5150451064109802,0.596319317817688,0.6063242554664612,0.5336360335350037,0.6303307414054871,0.36966925859451294,0.8021625280380249,0.8572258353233337,0.47001639008522034,0.6303307414054871,0.36966925859451294,0.6303307414054871,0.36966925859451294,0.3561592182771041,0.6438407817228959,0.6152447462081909,0.2652359164707792,0.7347640835292208,0.12252718926450579,0.44444675367861003,0.5555532463213899,0.21346269105056115,0.09913773851638075,0.09913773851638075,0.12902486324310303,0.015501165762543678,0.9008622614836193,0.09913773851638075,0.4443589746952057,0.07173271477222443,177003
acdc_b1_s42ctl_mit-b1_guard_dense_gap_j9258122,2026-07-11 16:06:24,acdc,val,all,student_skd,/scratch/gautschi/manors/hf_cache/hub/models--nvidia--mit-b1/snapshots/13ddceec4e8bdf401e7cd7acf5aebc526222518c,runs/mit-b1_skd_j9200315/student_skd.ckpt,skd,GOPR0606_frame_000397_rgb_anon,/home/manors/Guardrail-Distillation/data/acdc/rgb_anon/snow/val/GOPR0606/GOPR0606_frame_000397_rgb_anon.png,snow,0.481409945025516,0.518590054974484,0.9147260189056396,0.9573585391044617,0.11093974858522415,0.12072855234146118,0.2676239609718323,0.8869340419769287,0.3957482576370239,-5.137627601623535,5.084669589996338,0.013609018176794052,0.05592639744281769,254978,3.773390781134367,13.320932281203568,11.843692045658827,0.3534068508535182,0.6465931491464818,81787,0.8434806086637184,0.15651939133628157,52210,0.12377487123012543,0.0019696427043527365,11.987703270278871,0.42528706789016724,0.5747129321098328,0.5573298931121826,0.5779926776885986,0.12752164900302887,0.5318372845649719,0.4681627154350281,0.6000065207481384,0.6637998223304749,0.4372231662273407,0.5318372845649719,0.4681627154350281,0.5318372845649719,0.4681627154350281,0.3819922890386359,0.6180077109613641,0.7647993564605713,0.29143401023778326,0.7085659897622167,0.0,0.3925384786973009,0.607461521302699,0.0,0.0,0.0,0.021476363763213158,0.17140303552150726,1.0,0.0,0.22534102201461792,0.0022982375230640173,223460
acdc_b1_s42ctl_mit-b1_guard_dense_gap_j9258122,2026-07-11 16:06:24,acdc,val,all,student_skd,/scratch/gautschi/manors/hf_cache/hub/models--nvidia--mit-b1/snapshots/13ddceec4e8bdf401e7cd7acf5aebc526222518c,runs/mit-b1_skd_j9200315/student_skd.ckpt,skd,GOPR0607_frame_000360_rgb_anon,/home/manors/Guardrail-Distillation/data/acdc/rgb_anon/snow/val/GOPR0607/GOPR0607_frame_000360_rgb_anon.png,snow,0.39355502926835506,0.6064449707316449,0.8207700252532959,0.9516599774360657,0.10818226635456085,0.13012021780014038,0.237077996134758,0.8700828552246094,0.4387419819831848,-4.495692729949951,4.437652111053467,0.0047157336957752705,0.05917704850435257,249590,3.773390781134367,13.320932281203568,11.843692045658827,0.29755063215653527,0.7024493678434647,75936,0.9368024132730015,0.06319758672699849,13260,0.13230331242084503,0.0013757621636614203,11.987703270278871,0.46617382764816284,0.5338261723518372,0.5659417510032654,0.5889162421226501,0.2137041538953781,0.5532236099243164,0.4467763900756836,0.6600899696350098,0.7565468549728394,0.5110173225402832,0.5532236099243164,0.4467763900756836,0.5532236099243164,0.4467763900756836,0.44352039994330733,0.5564796000566927,0.8676188588142395,0.3365487716478416,0.6634512283521584,0.03899813949130626,0.47424585218702864,0.5257541478129714,0.0,0.049965370674952214,0.049965370674952214,0.060643453150987625,0.013794622384011745,0.9500346293250478,0.049965370674952214,0.08652990311384201,0.014067069627344608,212076
acdc_b1_s42ctl_mit-b1_guard_dense_gap_j9258122,2026-07-11 16:06:24,acdc,val,all,student_skd,/scratch/gautschi/manors/hf_cache/hub/models--nvidia--mit-b1/snapshots/13ddceec4e8bdf401e7cd7acf5aebc526222518c,runs/mit-b1_skd_j9200315/student_skd.ckpt,skd,GOPR0607_frame_000410_rgb_anon,/home/manors/Guardrail-Distillation/data/acdc/rgb_anon/snow/val/GOPR0607/GOPR0607_frame_000410_rgb_anon.png,snow,0.3261972165753985,0.6738027834246014,0.7185859084129333,0.9017965793609619,0.14666539430618286,0.2535104751586914,0.32058650255203247,0.7920888662338257,0.6049790978431702,-3.856382369995117,3.7363266944885254,0.017893578857183456,0.1306397169828415,259255,3.797188517637551,13.302004779689014,11.838197009637952,0.18203703933049287,0.8179629606695071,85236,0.36527617638447907,0.6347238236155209,10481,0.25942763686180115,0.00484930444508791,12.035323772579432,0.49907028675079346,0.5009297132492065,0.5922092795372009,0.6041834950447083,0.26712021231651306,0.566385805606842,0.43361419439315796,0.6914095282554626,0.788188099861145,0.49885293841362,0.566385805606842,0.43361419439315796,0.566385805606842,0.43361419439315796,0.4334246317292827,0.5665753682707173,0.8471273183822632,0.2959943981740734,0.7040056018259266,0.11395735884358049,0.37951713134964465,0.6204828686503554,0.014240954965165531,0.10722741515388412,0.10722741515388412,0.15483210980892181,0.026290716603398323,0.8927725848461159,0.10722741515388412,0.23200324177742004,0.0403888039290905,179543
acdc_b1_s42ctl_mit-b1_guard_dense_gap_j9258122,2026-07-11 16:06:24,acdc,val,all,student_skd,/scratch/gautschi/manors/hf_cache/hub/models--nvidia--mit-b1/snapshots/13ddceec4e8bdf401e7cd7acf5aebc526222518c,runs/mit-b1_skd_j9200315/student_skd.ckpt,skd,GOPR0607_frame_000474_rgb_anon,/home/manors/Guardrail-Distillation/data/acdc/rgb_anon/snow/val/GOPR0607/GOPR0607_frame_000474_rgb_anon.png,snow,0.19175277169479568,0.8082472283052043,0.8105636239051819,0.9384697675704956,0.1267351657152176,0.15018215775489807,0.26014405488967896,0.8678723573684692,0.39876222610473633,-4.136880874633789,4.061450481414795,0.010356541723012924,0.08954211324453354,229903,3.797188517637551,13.302004779689014,11.838197009637952,0.07108415671329764,0.9289158432867024,56539,0.0,1.0,2830,0.15369567275047302,0.003266742452979088,12.035323772579432,0.4762533903121948,0.5237466096878052,0.5885786414146423,0.5941829085350037,0.14997756481170654,0.5374242663383484,0.4625757336616516,0.5925031304359436,0.6518606543540955,0.46275246143341064,0.5374242663383484,0.4625757336616516,0.5374242663383484,0.4625757336616516,0.3114466382839485,0.6885533617160515,0.9577996134757996,0.28461598317556647,0.7153840168244335,0.21353182646226887,0.0975339143369929,0.9024660856630071,0.09753391433699288,0.11969386658915282,0.11969386658915282,0.15111155807971954,0.003875547554343939,0.8803061334108472,0.11969386658915282,0.1776270866394043,0.06987729668617249,187938
acdc_b1_s42ctl_mit-b1_guard_dense_gap_j9258122,2026-07-11 16:06:24,acdc,val,all,student_skd,/scratch/gautschi/manors/hf_cache/hub/models--nvidia--mit-b1/snapshots/13ddceec4e8bdf401e7cd7acf5aebc526222518c,runs/mit-b1_skd_j9200315/student_skd.ckpt,skd,GP010607_frame_000921_rgb_anon,/home/manors/Guardrail-Distillation/data/acdc/rgb_anon/snow/val/GP010607/GP010607_frame_000921_rgb_anon.png,snow,0.30203543741986993,0.6979645625801301,0.8478204011917114,0.9402002096176147,0.12583886086940765,0.16007477045059204,0.2935926616191864,0.86411452293396,0.4276089370250702,-5.715701580047607,5.642055988311768,0.013107340782880783,0.08132607489824295,254285,3.797188517637551,13.302004779689014,11.838197009637952,0.21437533604928571,0.7856246639507143,82018,0.21210572927311125,0.7878942707268888,9991,0.1626751571893692,0.001480851205997169,12.035323772579432,0.4496630132198334,0.5503369867801666,0.5611867904663086,0.5793840289115906,0.11024907231330872,0.5275343656539917,0.4724656343460083,0.5970799326896667,0.6441885828971863,0.4830801784992218,0.5275343656539917,0.4724656343460083,0.5275343656539917,0.4724656343460083,0.5108263320688102,0.48917366793118977,0.9251077175140381,0.4940214801667034,0.5059785198332967,0.2796461441174176,0.6592942830806908,0.3407057169193092,0.4471885538075796,0.2087908946489403,0.2087908946489403,0.09651768952608109,0.019230391830205917,0.7912091053510597,0.2087908946489403,0.12572507560253143,0.0385158397257328,208444
acdc_b1_s42ctl_mit-b1_guard_dense_gap_j9258122,2026-07-11 16:06:24,acdc,val,all,student_skd,/scratch/gautschi/manors/hf_cache/hub/models--nvidia--mit-b1/snapshots/13ddceec4e8bdf401e7cd7acf5aebc526222518c,runs/mit-b1_skd_j9200315/student_skd.ckpt,skd,GP010607_frame_000926_rgb_anon,/home/manors/Guardrail-Distillation/data/acdc/rgb_anon/snow/val/GP010607/GP010607_frame_000926_rgb_anon.png,snow,0.2991744829787022,0.7008255170212978,0.7426233887672424,0.9260548949241638,0.14693871140480042,0.20101407170295715,0.348293662071228,0.836668074131012,0.5089746713638306,-5.400822162628174,5.306134223937988,0.03220224753022194,0.10128653794527054,244455,3.797188517637551,13.302004779689014,11.838197009637952,0.15050417953404355,0.8494958204659564,80275,0.24224189779321392,0.7577581022067861,2621,0.20454423129558563,0.002564936177805066,12.035323772579432,0.4176296293735504,0.5823703706264496,0.5521591305732727,0.5780408382415771,0.15190953016281128,0.5379045009613037,0.4620954990386963,0.6139714121818542,0.6490304470062256,0.4232848286628723,0.5379045009613037,0.4620954990386963,0.5379045009613037,0.4620954990386963,0.40747044113898107,0.5925295588610189,0.8644945025444031,0.32694858608616445,0.6730514139138355,0.1764444065521209,0.3838633337735627,0.6161366662264374,0.1416214359803487,0.10829595816027893,0.10829595816027893,0.16610828042030334,0.044237181544303894,0.8917040418397211,0.10829595816027893,0.25080689787864685,0.09931889176368713,193840
acdc_b1_s42ctl_mit-b1_guard_dense_gap_j9258122,2026-07-11 16:06:24,acdc,val,all,student_skd,/scratch/gautschi/manors/hf_cache/hub/models--nvidia--mit-b1/snapshots/13ddceec4e8bdf401e7cd7acf5aebc526222518c,runs/mit-b1_skd_j9200315/student_skd.ckpt,skd,GP010607_frame_000931_rgb_anon,/home/manors/Guardrail-Distillation/data/acdc/rgb_anon/snow/val/GP010607/GP010607_frame_000931_rgb_anon.png,snow,0.2925535026214832,0.7074464973785168,0.7554972171783447,0.9002593755722046,0.16930006444454193,0.2690582871437073,0.40297454595565796,0.7930797934532166,0.6415635943412781,-4.9207353591918945,4.791305065155029,0.050750695168972015,0.14906275272369385,258361,3.652562270872295,13.323732477147132,11.870564776472747,0.15772063133343248,0.8422793686665675,84477,0.38316508313539194,0.6168349168646081,3368,0.2726079225540161,0.0024761834647506475,12.02758599538356,0.4342472553253174,0.5657527446746826,0.5937245488166809,0.608822226524353,0.20089754462242126,0.5500561594963074,0.4499438405036926,0.6589716076850891,0.6968610882759094,0.4273475110530853,0.5500561594963074,0.4499438405036926,0.5500561594963074,0.4499438405036926,0.3602822280309367,0.6397177719690633,0.8489362001419067,0.25815917674102884,0.7418408232589712,0.10043854540759634,0.7897862232779097,0.2102137767220903,0.4066211401425178,0.06772872540945352,0.06772872540945352,0.1256226748228073,0.03218365088105202,0.9322712745905465,0.06772872540945352,0.20642822980880737,0.03579874709248543,189443
acdc_b1_s42ctl_mit-b1_guard_dense_gap_j9258122,2026-07-11 16:06:24,acdc,val,all,student_skd,/scratch/gautschi/manors/hf_cache/hub/models--nvidia--mit-b1/snapshots/13ddceec4e8bdf401e7cd7acf5aebc526222518c,runs/mit-b1_skd_j9200315/student_skd.ckpt,skd,GP010607_frame_000936_rgb_anon,/home/manors/Guardrail-Distillation/data/acdc/rgb_anon/snow/val/GP010607/GP010607_frame_000936_rgb_anon.png,snow,0.31203807837557523,0.6879619216244248,0.7645049691200256,0.9483960270881653,0.11429472267627716,0.1522100567817688,0.28422844409942627,0.8604552745819092,0.46450570225715637,-5.3437180519104,5.2808837890625,0.012378808110952377,0.061157576739788055,255275,3.652562270872295,13.323732477147132,11.870564776472747,0.2585131812610903,0.7414868187389096,82907,0.44144987713682066,0.5585501228631793,3708,0.1548839509487152,0.0015143444761633873,12.02758599538356,0.4452471137046814,0.5547528862953186,0.575115442276001,0.592258095741272,0.1756938397884369,0.5438107848167419,0.45618921518325806,0.6068875789642334,0.6812461018562317,0.4802846908569336,0.5438107848167419,0.45618921518325806,0.5438107848167419,0.45618921518325806,0.3882053995800068,0.6117946004199932,0.8705905675888062,0.2692169673649302,0.7307830326350697,0.01070378610383993,0.22406863113376788,0.7759313688662322,0.0,0.07616732120443159,0.07616732120443159,0.13471746444702148,0.028631867840886116,0.9238326787955684,0.07616732120443159,0.19397905468940735,0.10242679715156555,215341
acdc_b1_s42ctl_mit-b1_guard_dense_gap_j9258122,2026-07-11 16:06:24,acdc,val,all,student_skd,/scratch/gautschi/manors/hf_cache/hub/models--nvidia--mit-b1/snapshots/13ddceec4e8bdf401e7cd7acf5aebc526222518c,runs/mit-b1_skd_j9200315/student_skd.ckpt,skd,GP010607_frame_000950_rgb_anon,/home/manors/Guardrail-Distillation/data/acdc/rgb_anon/snow/val/GP010607/GP010607_frame_000950_rgb_anon.png,snow,0.4322600842519566,0.5677399157480434,0.8776671886444092,0.9596763849258423,0.1070408970117569,0.11022699624300003,0.25181636214256287,0.9004751443862915,0.3259418308734894,-6.249025821685791,6.199309825897217,0.009920123033225536,0.054112210869789124,259775,3.652562270872295,13.323732477147132,11.870564776472747,0.34773500946127156,0.6522649905387284,85714,0.31202855603448276,0.6879714439655172,15020,0.11249145120382309,0.0013256951933726668,12.02758599538356,0.4326778054237366,0.5673221945762634,0.561686635017395,0.579641580581665,0.07193928211927414,0.5179770588874817,0.4820229411125183,0.5573045611381531,0.6135607361793518,0.4596359431743622,0.5179770588874817,0.4820229411125183,0.5179770588874817,0.4820229411125183,0.3227115811320711,0.6772884188679289,0.8852506875991821,0.23920452719489008,0.76079547280511,0.0,0.24139611480809303,0.758603885191907,0.0,0.0,0.0,0.03933018818497658,0.03174670413136482,1.0,0.0,0.08401115983724594,0.012826483696699142,229324
acdc_b1_s42ctl_mit-b1_guard_dense_gap_j9258122,2026-07-11 16:06:24,acdc,val,all,student_skd,/scratch/gautschi/manors/hf_cache/hub/models--nvidia--mit-b1/snapshots/13ddceec4e8bdf401e7cd7acf5aebc526222518c,runs/mit-b1_skd_j9200315/student_skd.ckpt,skd,GP010607_frame_000954_rgb_anon,/home/manors/Guardrail-Distillation/data/acdc/rgb_anon/snow/val/GP010607/GP010607_frame_000954_rgb_anon.png,snow,0.3216117262555765,0.6783882737444236,0.8591050505638123,0.9453752636909485,0.12380377948284149,0.14439243078231812,0.2810583710670471,0.8736953735351562,0.398471862077713,-5.520709991455078,5.452605247497559,0.015880996361374855,0.07251818478107452,258611,3.652562270872295,13.323732477147132,11.870564776472747,0.2281068154746252,0.7718931845253748,84442,0.47218421374530245,0.5278157862546975,11056,0.14688079059123993,0.0018972661346197128,12.02758599538356,0.4454163610935211,0.5545836389064789,0.5694067478179932,0.5781698822975159,0.10472813993692398,0.5261581540107727,0.4738418459892273,0.5744535326957703,0.639294445514679,0.4546069800853729,0.5261581540107727,0.4738418459892273,0.5261581540107727,0.4738418459892273,0.3533740329977272,0.6466259670022728,0.8852331042289734,0.2594274248258412,0.7405725751741588,0.031320609351216055,0.5107020905925245,0.48929790940747553,0.038517876847221966,0.03176230674215075,0.03176230674215075,0.043490033596754074,0.01736198551952839,0.9682376932578493,0.03176230674215075,0.08455944061279297,0.017443187534809113,217284
acdc_b1_s42ctl_mit-b1_guard_dense_gap_j9258122,2026-07-11 16:06:24,acdc,val,all,student_skd,/scratch/gautschi/manors/hf_cache/hub/models--nvidia--mit-b1/snapshots/13ddceec4e8bdf401e7cd7acf5aebc526222518c,runs/mit-b1_skd_j9200315/student_skd.ckpt,skd,GP010607_frame_000958_rgb_anon,/home/manors/Guardrail-Distillation/data/acdc/rgb_anon/snow/val/GP010607/GP010607_frame_000958_rgb_anon.png,snow,0.3698433527046567,0.6301566472953433,0.8900164365768433,0.9559748768806458,0.11029981821775436,0.12157628685235977,0.25689947605133057,0.8853669762611389,0.38243934512138367,-5.767563819885254,5.713336944580078,0.010616498067975044,0.05781932547688484,253756,3.6447972524911165,13.312034716363996,11.828752001747489,0.2463501053831386,0.7536498946168614,80418,0.3213349275271118,0.6786650724728882,16281,0.12364187091588974,0.0011166242184117436,12.034133484121412,0.4376034438610077,0.5623965561389923,0.5625874996185303,0.5764544010162354,0.09647992998361588,0.5241013169288635,0.4758986830711365,0.5800469517707825,0.6186815500259399,0.4709171950817108,0.5241013169288635,0.4758986830711365,0.5241013169288635,0.4758986830711365,0.33028588330507136,0.6697141166949286,0.9034939408302307,0.21156435644586594,0.7884356435541341,0.0,0.24440954773869347,0.7555904522613065,0.0,0.0,0.0,0.03194407373666763,0.018466560170054436,1.0,0.0,0.06428616493940353,0.0066757043823599815,221733
acdc_b1_s42ctl_mit-b1_guard_dense_gap_j9258122,2026-07-11 16:06:24,acdc,val,all,student_skd,/scratch/gautschi/manors/hf_cache/hub/models--nvidia--mit-b1/snapshots/13ddceec4e8bdf401e7cd7acf5aebc526222518c,runs/mit-b1_skd_j9200315/student_skd.ckpt,skd,GP010607_frame_000968_rgb_anon,/home/manors/Guardrail-Distillation/data/acdc/rgb_anon/snow/val/GP010607/GP010607_frame_000968_rgb_anon.png,snow,0.338161082514096,0.6618389174859041,0.9054117798805237,0.9447138905525208,0.11277039349079132,0.1534028798341751,0.2522991895675659,0.8548108339309692,0.46406832337379456,-5.15324592590332,5.086982727050781,0.009075084701180458,0.06197657063603401,255645,3.6447972524911165,13.312034716363996,11.828752001747489,0.2268616080122674,0.7731383919877326,81983,0.1865273045400129,0.8134726954599871,22865,0.15664878487586975,0.001779639278538525,12.034133484121412,0.46555471420288086,0.5344452857971191,0.5468384027481079,0.5626277327537537,0.14017021656036377,0.5349853038787842,0.4650146961212158,0.5936744809150696,0.6341020464897156,0.49335476756095886,0.5349853038787842,0.4650146961212158,0.5349853038787842,0.4650146961212158,0.39251962119579165,0.6074803788042084,0.9188796877861023,0.29329687237582025,0.7067031276241797,0.06643526436355285,0.23627731473655444,0.7637226852634456,0.04975001019654157,0.05435853868169571,0.05435853868169571,0.04101390764117241,0.02754601091146469,0.9456414613183043,0.05435853868169571,0.08248939365148544,0.00894208811223507,211934
acdc_b1_s42ctl_mit-b1_guard_dense_gap_j9258122,2026-07-11 16:06:24,acdc,val,all,student_skd,/scratch/gautschi/manors/hf_cache/hub/models--nvidia--mit-b1/snapshots/13ddceec4e8bdf401e7cd7acf5aebc526222518c,runs/mit-b1_skd_j9200315/student_skd.ckpt,skd,GP010607_frame_000995_rgb_anon,/home/manors/Guardrail-Distillation/data/acdc/rgb_anon/snow/val/GP010607/GP010607_frame_000995_rgb_anon.png,snow,0.26853369715283476,0.7314663028471653,0.8788118362426758,0.9172156453132629,0.15519054234027863,0.22785800695419312,0.3790820240974426,0.8160582780838013,0.591236412525177,-4.701465129852295,4.594852447509766,0.03648524731397629,0.11726570129394531,257748,3.6447972524911165,13.312034716363996,11.828752001747489,0.20168527261751287,0.7983147273824871,84813,0.042296918767507,0.957703081232493,3478,0.23137973248958588,0.0019574733451008797,12.034133484121412,0.4766674041748047,0.5233325958251953,0.5523890852928162,0.5650379657745361,0.1972714215517044,0.54915851354599,0.45084148645401,0.6589785218238831,0.7347749471664429,0.5132733583450317,0.54915851354599,0.45084148645401,0.54915851354599,0.45084148645401,0.3739997465654129,0.6260002534345871,0.888262927532196,0.3407961032617601,0.6592038967382399,0.13911083064424723,0.6914945657405317,0.3085054342594683,0.6491976469730247,0.1054660494125782,0.1054660494125782,0.05598103255033493,0.04652994126081467,0.8945339505874218,0.1054660494125782,0.12245681881904602,0.011162064969539642,198920
acdc_b1_s42ctl_mit-b1_guard_dense_gap_j9258122,2026-07-11 16:06:24,acdc,val,all,student_skd,/scratch/gautschi/manors/hf_cache/hub/models--nvidia--mit-b1/snapshots/13ddceec4e8bdf401e7cd7acf5aebc526222518c,runs/mit-b1_skd_j9200315/student_skd.ckpt,skd,GP020607_frame_000001_rgb_anon,/home/manors/Guardrail-Distillation/data/acdc/rgb_anon/snow/val/GP020607/GP020607_frame_000001_rgb_anon.png,snow,0.39546763129475193,0.6045323687052481,0.8633795380592346,0.9456494450569153,0.12391947209835052,0.14991970360279083,0.29554834961891174,0.8699446320533752,0.42668282985687256,-5.682745456695557,5.615116119384766,0.01698113977909088,0.074330173432827,255401,3.6447972524911165,13.312034716363996,11.828752001747489,0.24640175934133618,0.7535982406586639,82521,0.14396456256921372,0.8560354374307863,1537,0.1524306982755661,0.0018307215068489313,12.034133484121412,0.45135414600372314,0.5486458539962769,0.558923602104187,0.5721544623374939,0.09623498469591141,0.5240402221679688,0.47595977783203125,0.5764215588569641,0.6332046389579773,0.47113099694252014,0.5240402221679688,0.47595977783203125,0.5240402221679688,0.47595977783203125,0.46188043745047175,0.5381195625495283,0.9423142671585083,0.34534221129161935,0.6546577887083807,0.09894045195028323,0.33497884344146683,0.6650211565585331,0.19101428087225314,0.06641280615571976,0.06641280615571976,0.08905603736639023,0.010121339000761509,0.9335871938442802,0.06641280615571976,0.12186326831579208,0.019330386072397232,214851
acdc_b1_s42ctl_mit-b1_guard_dense_gap_j9258122,2026-07-11 16:06:24,acdc,val,all,student_skd,/scratch/gautschi/manors/hf_cache/hub/models--nvidia--mit-b1/snapshots/13ddceec4e8bdf401e7cd7acf5aebc526222518c,runs/mit-b1_skd_j9200315/student_skd.ckpt,skd,GP020607_frame_000149_rgb_anon,/home/manors/Guardrail-Distillation/data/acdc/rgb_anon/snow/val/GP020607/GP020607_frame_000149_rgb_anon.png,snow,0.3077971120541421,0.6922028879458579,0.8037673830986023,0.9596993923187256,0.08929868042469025,0.13218045234680176,0.2181413322687149,0.8540457487106323,0.5078229308128357,-5.057494163513184,5.010534286499023,0.00636277487501502,0.036053143441677094,258535,3.7412805249914527,13.383722980506718,11.867404740769416,0.20796620987080838,0.7920337901291916,84293,0.4353967084254483,0.5646032915745517,4094,0.13611705601215363,0.0014187992783263326,12.091811746358871,0.4341494143009186,0.5658505856990814,0.5492223501205444,0.5574883818626404,0.3224323093891144,0.5799168944358826,0.42008310556411743,0.6930062174797058,0.7735838890075684,0.45642125606536865,0.5799168944358826,0.42008310556411743,0.5799168944358826,0.42008310556411743,0.29551627214999093,0.7044837278500091,0.8450035452842712,0.22202353284453152,0.7779764671554685,0.014057322973723085,0.3200817995910021,0.6799182004089979,0.0,0.0,0.0,0.0564720444381237,0.015235847793519497,1.0,0.0,0.08131974190473557,0.0338832251727581,231420
acdc_b1_s42ctl_mit-b1_guard_dense_gap_j9258122,2026-07-11 16:06:24,acdc,val,all,student_skd,/scratch/gautschi/manors/hf_cache/hub/models--nvidia--mit-b1/snapshots/13ddceec4e8bdf401e7cd7acf5aebc526222518c,runs/mit-b1_skd_j9200315/student_skd.ckpt,skd,GP020607_frame_000162_rgb_anon,/home/manors/Guardrail-Distillation/data/acdc/rgb_anon/snow/val/GP020607/GP020607_frame_000162_rgb_anon.png,snow,0.32420701625365406,0.6757929837463459,0.8916718363761902,0.9491943717002869,0.12388605624437332,0.13826750218868256,0.29400888085365295,0.8799934387207031,0.389437198638916,-5.253750324249268,5.189464092254639,0.01939261704683304,0.06954687833786011,257366,3.7412805249914527,13.383722980506718,11.867404740769416,0.2569865787409519,0.7430134212590481,83702,0.1707379134860051,0.8292620865139949,1991,0.1410587579011917,0.0019095634343102574,12.091811746358871,0.4538402855396271,0.5461597144603729,0.5481609106063843,0.5631320476531982,0.09121745079755783,0.5227885842323303,0.4772114157676697,0.5750808715820312,0.6313204765319824,0.48776522278785706,0.5227885842323303,0.4772114157676697,0.5227885842323303,0.4772114157676697,0.3927198555841329,0.6072801444158671,0.9050069451332092,0.33688058963349293,0.663119410366507,0.07989401089254111,0.5358585858585858,0.4641414141414142,0.3651206723725807,0.0685128393304788,0.0685128393304788,0.03833451494574547,0.02499941922724247,0.9314871606695212,0.0685128393304788,0.07928009331226349,0.008684131316840649,220268
acdc_b1_s42ctl_mit-b1_guard_dense_gap_j9258122,2026-07-11 16:06:24,acdc,val,all,student_skd,/scratch/gautschi/manors/hf_cache/hub/models--nvidia--mit-b1/snapshots/13ddceec4e8bdf401e7cd7acf5aebc526222518c,runs/mit-b1_skd_j9200315/student_skd.ckpt,skd,GP020607_frame_000201_rgb_anon,/home/manors/Guardrail-Distillation/data/acdc/rgb_anon/snow/val/GP020607/GP020607_frame_000201_rgb_anon.png,snow,0.12949636365982534,0.8705036363401747,0.4418427646160126,0.9134556651115417,0.15129758417606354,0.23171378672122955,0.3411151170730591,0.7997282147407532,0.6279891729354858,-3.7676479816436768,3.6584880352020264,0.030868180096149445,0.12193850427865982,233995,3.7412805249914527,13.383722980506718,11.867404740769416,0.07753703832891819,0.9224629616710818,66143,0.0,1.0,49,0.2350623607635498,0.0018864828161895275,12.091811746358871,0.42020443081855774,0.5797955691814423,0.5454188585281372,0.5666961073875427,1.67044198513031,0.8416347503662109,0.15836524963378906,0.9980804920196533,0.999169111251831,0.5383524298667908,0.8416347503662109,0.15836524963378906,0.8416347503662109,0.15836524963378906,0.24840408419724613,0.7515959158027539,0.8206841945648193,0.15430184207109462,0.8456981579289053,0.07676480374217642,0.4489795918367347,0.5510204081632653,0.44897959183673475,0.11890772053742082,0.11890772053742082,0.38181155920028687,0.0029701488092541695,0.8810922794625792,0.11890772053742082,0.4335007071495056,0.3056347370147705,177968
acdc_b1_s42ctl_mit-b1_guard_dense_gap_j9258122,2026-07-11 16:06:24,acdc,val,all,student_skd,/scratch/gautschi/manors/hf_cache/hub/models--nvidia--mit-b1/snapshots/13ddceec4e8bdf401e7cd7acf5aebc526222518c,runs/mit-b1_skd_j9200315/student_skd.ckpt,skd,GP020607_frame_000226_rgb_anon,/home/manors/Guardrail-Distillation/data/acdc/rgb_anon/snow/val/GP020607/GP020607_frame_000226_rgb_anon.png,snow,0.249963677248805,0.750036322751195,0.47560441493988037,0.8717883229255676,0.16659967601299286,0.3222382068634033,0.35754168033599854,0.7482057213783264,0.7058537006378174,-3.7790639400482178,3.618736982345581,0.03391291946172714,0.1872086375951767,257424,3.7412805249914527,13.383722980506718,11.867404740769416,0.21178800195955674,0.7882119980404433,84294,0.42665327000365366,0.5733467299963464,5594,0.32690751552581787,0.003756110090762377,12.091811746358871,0.4465838074684143,0.5534161925315857,0.5480062365531921,0.5671404600143433,1.2380996942520142,0.7752330899238586,0.22476691007614136,0.991955578327179,0.9952517747879028,0.5252932906150818,0.7752330899238586,0.22476691007614136,0.7752330899238586,0.22476691007614136,0.3383231815724769,0.661676818427523,0.8178569078445435,0.2237003548673684,0.7762996451326316,0.011912352907811674,0.40269925223417835,0.5973007477658216,0.0,0.08835950432367201,0.08835950432367201,0.37086671590805054,0.028614269569516182,0.911640495676328,0.08835950432367201,0.45189258456230164,0.21050095558166504,160192
acdc_b1_s42ctl_mit-b1_guard_dense_gap_j9258122,2026-07-11 16:06:25,acdc,val,all,student_skd,/scratch/gautschi/manors/hf_cache/hub/models--nvidia--mit-b1/snapshots/13ddceec4e8bdf401e7cd7acf5aebc526222518c,runs/mit-b1_skd_j9200315/student_skd.ckpt,skd,GP030176_frame_000529_rgb_anon,/home/manors/Guardrail-Distillation/data/acdc/rgb_anon/snow/val/GP030176/GP030176_frame_000529_rgb_anon.png,snow,0.4197278559100958,0.5802721440899041,0.9407576322555542,0.9652148485183716,0.10283702611923218,0.09910576790571213,0.2533763349056244,0.9032934904098511,0.3471183776855469,-5.621260166168213,5.577672958374023,0.011141126044094563,0.04598154127597809,256168,3.6568272626027465,13.361835270188749,11.87609473709017,0.33918864722731823,0.6608113527726818,83270,0.3102563148692385,0.6897436851307615,27550,0.10131051391363144,0.001506857224740088,12.018031033221632,0.41839149594306946,0.5816085040569305,0.5498153567314148,0.5587181448936462,0.056888170540332794,0.5142182111740112,0.48578178882598877,0.5483396649360657,0.5715237855911255,0.4633472263813019,0.5142182111740112,0.48578178882598877,0.5142182111740112,0.48578178882598877,0.40597758348744967,0.5940224165125503,0.9401330351829529,0.377109716226109,0.622890283773891,0.037921068998790775,0.33358183773973027,0.6664181622602697,0.02332552287049172,0.0,0.0,0.01951453648507595,0.02013912796974182,1.0,0.0,0.05072452500462532,0.0025022639892995358,231028
acdc_b1_s42ctl_mit-b1_guard_dense_gap_j9258122,2026-07-11 16:06:25,acdc,val,all,student_skd,/scratch/gautschi/manors/hf_cache/hub/models--nvidia--mit-b1/snapshots/13ddceec4e8bdf401e7cd7acf5aebc526222518c,runs/mit-b1_skd_j9200315/student_skd.ckpt,skd,GP030176_frame_000549_rgb_anon,/home/manors/Guardrail-Distillation/data/acdc/rgb_anon/snow/val/GP030176/GP030176_frame_000549_rgb_anon.png,snow,0.39546151911049937,0.6045384808895007,0.9041281342506409,0.9505540132522583,0.11505398899316788,0.13705426454544067,0.26824313402175903,0.8661879301071167,0.4610169529914856,-4.803585529327393,4.742820739746094,0.01113709807395935,0.06336100399494171,256530,3.6568272626027465,13.361835270188749,11.87609473709017,0.2811906713682417,0.7188093286317583,83375,0.25988825730409165,0.7401117426959083,22593,0.13996252417564392,0.0015447370242327452,12.018031033221632,0.4573046863079071,0.5426953136920929,0.5416892766952515,0.5525649189949036,0.12007691711187363,0.5299832224845886,0.4700167775154114,0.5774411559104919,0.6174119114875793,0.5201398730278015,0.5299832224845886,0.4700167775154114,0.5299832224845886,0.4700167775154114,0.4516615727641819,0.548338427235818,0.9478111267089844,0.37205401002065547,0.6279459899793445,0.0908633386524138,0.3274760619070804,0.6725239380929195,0.06758780460298874,0.056200053653682636,0.056200053653682636,0.06194596737623215,0.018262969329953194,0.9437999463463174,0.056200053653682636,0.08714380115270615,0.017982300370931625,219424
acdc_b1_s42ctl_mit-b1_guard_dense_gap_j9258122,2026-07-11 16:06:25,acdc,val,all,student_skd,/scratch/gautschi/manors/hf_cache/hub/models--nvidia--mit-b1/snapshots/13ddceec4e8bdf401e7cd7acf5aebc526222518c,runs/mit-b1_skd_j9200315/student_skd.ckpt,skd,GP030176_frame_000569_rgb_anon,/home/manors/Guardrail-Distillation/data/acdc/rgb_anon/snow/val/GP030176/GP030176_frame_000569_rgb_anon.png,snow,0.39409162929047176,0.6059083707095283,0.7621477842330933,0.923626184463501,0.1362302005290985,0.2081628292798996,0.3104485869407654,0.8196202516555786,0.5658521056175232,-4.412578582763672,4.318886756896973,0.018012287095189095,0.0998898446559906,257824,3.6568272626027465,13.361835270188749,11.87609473709017,0.2890993173631733,0.7109006826368267,83777,0.4811077389984825,0.5188922610015174,13218,0.21171604096889496,0.0023276996798813343,12.018031033221632,0.47427064180374146,0.5257293581962585,0.5578577518463135,0.574937641620636,0.2078404724597931,0.5517738461494446,0.4482261538505554,0.6438577771186829,0.7061778903007507,0.5151445269584656,0.5517738461494446,0.4482261538505554,0.5517738461494446,0.4482261538505554,0.5344733270189364,0.46552667298106365,0.9112650156021118,0.4598077829517335,0.5401922170482665,0.17070846558856023,0.31896361266195195,0.681036387338048,0.0,0.14038169772846465,0.14038169772846465,0.16586895287036896,0.016751736402511597,0.8596183022715354,0.14038169772846465,0.2120942920446396,0.07212671637535095,198712
acdc_b1_s42ctl_mit-b1_guard_dense_gap_j9258122,2026-07-11 16:06:25,acdc,val,all,student_skd,/scratch/gautschi/manors/hf_cache/hub/models--nvidia--mit-b1/snapshots/13ddceec4e8bdf401e7cd7acf5aebc526222518c,runs/mit-b1_skd_j9200315/student_skd.ckpt,skd,GP030176_frame_000589_rgb_anon,/home/manors/Guardrail-Distillation/data/acdc/rgb_anon/snow/val/GP030176/GP030176_frame_000589_rgb_anon.png,snow,0.5049151129229018,0.4950848870770982,0.7080783843994141,0.9301692247390747,0.1358463615179062,0.18277281522750854,0.29764050245285034,0.842982828617096,0.48427507281303406,-3.5502123832702637,3.4635229110717773,0.021591387689113617,0.09363663196563721,256908,3.6568272626027465,13.361835270188749,11.87609473709017,0.2666519426105878,0.7333480573894122,83306,0.6559097978227061,0.3440902021772939,7716,0.18793196976184845,0.004160493146628141,12.018031033221632,0.510583221912384,0.48941677808761597,0.5847315788269043,0.5913200378417969,0.16019390523433685,0.5399630665779114,0.4600369334220886,0.6074289083480835,0.6936333775520325,0.49411895871162415,0.5399630665779114,0.4600369334220886,0.5399630665779114,0.4600369334220886,0.6182536999773431,0.38174630002265686,0.8393822312355042,0.38774782863278934,0.6122521713672107,0.12109588602220156,0.4403836184551581,0.5596163815448418,0.0,0.11333858705444133,0.11333858705444133,0.15083220601081848,0.01952839270234108,0.8866614129455587,0.11333858705444133,0.1895308792591095,0.08494091778993607,203566
acdc_b1_s42ctl_mit-b1_guard_dense_gap_j9258122,2026-07-11 16:06:25,acdc,val,all,student_skd,/scratch/gautschi/manors/hf_cache/hub/models--nvidia--mit-b1/snapshots/13ddceec4e8bdf401e7cd7acf5aebc526222518c,runs/mit-b1_skd_j9200315/student_skd.ckpt,skd,GP030176_frame_000609_rgb_anon,/home/manors/Guardrail-Distillation/data/acdc/rgb_anon/snow/val/GP030176/GP030176_frame_000609_rgb_anon.png,snow,0.36165363535464157,0.6383463646453584,0.7208223342895508,0.9136282801628113,0.1407787948846817,0.22171270847320557,0.29825955629348755,0.8107157945632935,0.5634070038795471,-4.179235458374023,4.073681831359863,0.01516161859035492,0.11554773151874542,257954,3.6486947792582214,13.29914975212887,11.882994731422514,0.21309268412720492,0.786907315872795,83642,0.4637257507307999,0.5362742492692001,11573,0.22581836581230164,0.0028321808204054832,11.990708240773529,0.4839904010295868,0.5160095989704132,0.5741786360740662,0.6044840216636658,0.20695048570632935,0.5515537261962891,0.44844627380371094,0.6654341816902161,0.7182521224021912,0.5076304078102112,0.5515537261962891,0.44844627380371094,0.5515537261962891,0.44844627380371094,0.5103615431318166,0.4896384568681834,0.8954116106033325,0.4079392387458912,0.5920607612541088,0.19484655461868627,0.5035042110109135,0.49649578898908653,0.03977846028011356,0.14870790777717502,0.14870790777717502,0.18333502113819122,0.00874574575573206,0.851292092222825,0.14870790777717502,0.25772812962532043,0.07628492265939713,189721
acdc_b1_s42ctl_mit-b1_guard_dense_gap_j9258122,2026-07-11 16:06:25,acdc,val,all,student_skd,/scratch/gautschi/manors/hf_cache/hub/models--nvidia--mit-b1/snapshots/13ddceec4e8bdf401e7cd7acf5aebc526222518c,runs/mit-b1_skd_j9200315/student_skd.ckpt,skd,GP030176_frame_000629_rgb_anon,/home/manors/Guardrail-Distillation/data/acdc/rgb_anon/snow/val/GP030176/GP030176_frame_000629_rgb_anon.png,snow,0.4821432713094526,0.5178567286905473,0.9030409455299377,0.9358523488044739,0.13589686155319214,0.1793922781944275,0.3184872567653656,0.8351017236709595,0.5592138171195984,-3.941102981567383,3.8600010871887207,0.026290396228432655,0.08818920701742172,259068,3.6486947792582214,13.29914975212887,11.882994731422514,0.4209037552203377,0.5790962447796624,85049,0.33191018342821,0.66808981657179,3164,0.18539178371429443,0.004022826440632343,11.990708240773529,0.4884107708930969,0.5115892291069031,0.5771281123161316,0.5798981189727783,0.11689983308315277,0.5291917324066162,0.4708082675933838,0.5903612375259399,0.6281471252441406,0.4754819869995117,0.5291917324066162,0.4708082675933838,0.5291917324066162,0.4708082675933838,0.5393986586908847,0.46060134130911534,0.9503180980682373,0.4983858689135364,0.5016141310864636,0.0774821136931988,0.44576217583807715,0.5542378241619228,0.11385199240986721,0.05725538738143199,0.05725538738143199,0.058085136115550995,0.010807973332703114,0.942744612618568,0.05725538738143199,0.07960072159767151,0.010255995206534863,213821
acdc_b1_s42ctl_mit-b1_guard_dense_gap_j9258122,2026-07-11 16:06:25,acdc,val,all,student_skd,/scratch/gautschi/manors/hf_cache/hub/models--nvidia--mit-b1/snapshots/13ddceec4e8bdf401e7cd7acf5aebc526222518c,runs/mit-b1_skd_j9200315/student_skd.ckpt,skd,GP030176_frame_000649_rgb_anon,/home/manors/Guardrail-Distillation/data/acdc/rgb_anon/snow/val/GP030176/GP030176_frame_000649_rgb_anon.png,snow,0.33259751105364016,0.6674024889463599,0.8502168655395508,0.9348469376564026,0.13493135571479797,0.17465651035308838,0.32276496291160583,0.8539685606956482,0.4685160219669342,-4.726945400238037,4.645292282104492,0.019685648381710052,0.09067858010530472,252011,3.6486947792582214,13.29914975212887,11.882994731422514,0.2872874145424507,0.7127125854575493,77854,0.47167027084415986,0.5283297291558402,9534,0.17735788226127625,0.001970997080206871,11.990708240773529,0.46187227964401245,0.5381277203559875,0.540747880935669,0.55605149269104,0.15907126665115356,0.5396841764450073,0.4603158235549927,0.6221182942390442,0.6980760097503662,0.5264343619346619,0.5396841764450073,0.4603158235549927,0.5396841764450073,0.4603158235549927,0.3634444862414033,0.6365555137585968,0.8911992311477661,0.38977601861361566,0.6102239813863843,0.102488604071165,0.2995737257312956,0.7004262742687044,0.0,0.030846975187763137,0.030846975187763137,0.05752526596188545,0.01654292829334736,0.9691530248122369,0.030846975187763137,0.09067461639642715,0.020923690870404243,203770
acdc_b1_s42ctl_mit-b1_guard_dense_gap_j9258122,2026-07-11 16:06:25,acdc,val,all,student_skd,/scratch/gautschi/manors/hf_cache/hub/models--nvidia--mit-b1/snapshots/13ddceec4e8bdf401e7cd7acf5aebc526222518c,runs/mit-b1_skd_j9200315/student_skd.ckpt,skd,GP030176_frame_000706_rgb_anon,/home/manors/Guardrail-Distillation/data/acdc/rgb_anon/snow/val/GP030176/GP030176_frame_000706_rgb_anon.png,snow,0.3319301211870145,0.6680698788129855,0.7431210875511169,0.9322888851165771,0.1336919516324997,0.1861535608768463,0.3247191607952118,0.8504813313484192,0.4700446128845215,-4.337674617767334,4.254047870635986,0.01744549535214901,0.09257309883832932,252730,3.6486947792582214,13.29914975212887,11.882994731422514,0.24725657809945936,0.7527434219005407,82215,0.24798655094221597,0.752013449057784,2524,0.19135527312755585,0.0038331507239490747,11.990708240773529,0.49451977014541626,0.5054802298545837,0.5822898149490356,0.5927956700325012,0.10848881304264069,0.5270956158638,0.47290438413619995,0.6030305624008179,0.646927535533905,0.45274245738983154,0.5270956158638,0.47290438413619995,0.5270956158638,0.47290438413619995,0.5275442859151075,0.4724557140848925,0.847944438457489,0.4238364727520865,0.5761635272479135,0.17657989465262713,0.8253929157870045,0.17460708421299553,0.5774063648447885,0.195614164728093,0.195614164728093,0.11012542992830276,0.005302100908011198,0.804385835271907,0.195614164728093,0.1778261363506317,0.04136034473776817,200173
acdc_b1_s42ctl_mit-b1_guard_dense_gap_j9258122,2026-07-11 16:06:26,acdc,val,all,student_skd,/scratch/gautschi/manors/hf_cache/hub/models--nvidia--mit-b1/snapshots/13ddceec4e8bdf401e7cd7acf5aebc526222518c,runs/mit-b1_skd_j9200315/student_skd.ckpt,skd,GP030176_frame_000721_rgb_anon,/home/manors/Guardrail-Distillation/data/acdc/rgb_anon/snow/val/GP030176/GP030176_frame_000721_rgb_anon.png,snow,0.32016781958060475,0.6798321804193952,0.6705141663551331,0.9588932394981384,0.1054159477353096,0.10773833841085434,0.23703263700008392,0.9013475179672241,0.32289838790893555,-4.83527946472168,4.7852911949157715,0.0061685629189014435,0.05516088753938675,255489,339.2415560083464,9.125630487687886,14.366516494192183,0.29735119522927994,0.70264880477072,83161,0.3246749573706154,0.6753250426293846,6059,0.11072619259357452,0.0020752085838466883,11.131427949294448,0.4671348035335541,0.5328651964664459,0.5776467323303223,0.5798131227493286,0.07288816571235657,0.5182139873504639,0.48178601264953613,0.5666213631629944,0.6186309456825256,0.46559658646583557,0.5182139873504639,0.48178601264953613,0.5182139873504639,0.48178601264953613,0.5348815082273279,0.46511849177267206,0.7598017454147339,0.4456477213805228,0.5543522786194772,0.14829652615124278,0.9462429772483791,0.053757022751620864,0.6215680198777638,0.21471368864672313,0.21471368864672313,0.1095898449420929,0.020302243530750275,0.7852863113532769,0.21471368864672313,0.14604151248931885,0.08599195629358292,222698
acdc_b1_s42ctl_mit-b1_guard_dense_gap_j9258122,2026-07-11 16:06:26,acdc,val,all,student_skd,/scratch/gautschi/manors/hf_cache/hub/models--nvidia--mit-b1/snapshots/13ddceec4e8bdf401e7cd7acf5aebc526222518c,runs/mit-b1_skd_j9200315/student_skd.ckpt,skd,GP030176_frame_000736_rgb_anon,/home/manors/Guardrail-Distillation/data/acdc/rgb_anon/snow/val/GP030176/GP030176_frame_000736_rgb_anon.png,snow,0.31408048218865997,0.68591951781134,0.7577738761901855,0.9364010095596313,0.12495842576026917,0.16540640592575073,0.27306249737739563,0.8555359840393066,0.4432232081890106,-4.4450154304504395,4.367525577545166,0.013088746927678585,0.08052684366703033,243186,339.2415560083464,9.125630487687886,14.366516494192183,0.1498654129231838,0.8501345870768162,71527,0.29632289086719993,0.7036771091328,18175,0.16867056488990784,0.002750521060079336,11.131427949294448,0.4689144492149353,0.5310855507850647,0.5838706493377686,0.5913884043693542,0.11946053057909012,0.5298296809196472,0.4701703190803528,0.5879872441291809,0.6065531969070435,0.4772469699382782,0.5298296809196472,0.4701703190803528,0.5298296809196472,0.4701703190803528,0.3984376605866182,0.6015623394133818,0.816917896270752,0.26827311339626164,0.7317268866037383,0.11840770047307791,0.5959524406080998,0.4040475593919002,0.29962954974089984,0.0843571783979582,0.0843571783979582,0.08060908317565918,0.021465051919221878,0.9156428216020418,0.0843571783979582,0.1258583962917328,0.04400746896862984,197205
