run_id,timestamp,dataset_name,split,domain,student_name,student_backbone,student_ckpt,train_method,image_id,image_path,condition,student_miou,student_risk,student_pixel_acc,student_msp,student_msp_std,student_entropy,student_entropy_std,temp_msp,temp_entropy,energy_score,max_logit,low_conf_frac_050,low_conf_frac_070,n_valid_pixels,student_latency_ms,guardrail_latency_ms,teacher_latency_ms,student_miou_near,student_risk_near,n_near_pixels,student_miou_dynamic,student_risk_dynamic,n_dynamic_pixels,mc_entropy,mc_mutual_info,mc_dropout_latency_ms,guardrailpp_utility_dense_bce,guardrailpp_keep_dense_bce,guardrailpp_utility_dense_bce_q90,guardrailpp_utility_dense_bce_q95,guardrailpp_utility_dense_gap_raw,guardrailpp_utility_dense_gap,guardrailpp_keep_dense_gap,guardrailpp_utility_dense_gap_q90,guardrailpp_utility_dense_gap_q95,guardrailpp_utility_scalar,guardrailpp_utility,guardrailpp_keep,guardrail_risk,guardrail_keep,teacher_miou,teacher_risk,teacher_pixel_acc,teacher_miou_near,teacher_risk_near,teacher_benefit_near,teacher_miou_dynamic,teacher_risk_dynamic,teacher_benefit_dynamic,teacher_gain,teacher_benefit,teacher_gap,student_better_gap,oracle_keep,oracle_fail,disagreement_rate,confident_wrong_teacher_right,n_confident_pixels
acdc_b1_mit-b1_guard_gt_risk_s137_j13387384,2026-07-10 23:13:22,acdc,val,all,student_skd,/scratch/gautschi/manors/hf_cache/hub/models--nvidia--mit-b1/snapshots/13ddceec4e8bdf401e7cd7acf5aebc526222518c,runs/mit-b1_skd_j9200315/student_skd.ckpt,skd,GOPR0476_frame_000761_rgb_anon,/home/manors/Guardrail-Distillation/data/acdc/rgb_anon/fog/val/GOPR0476/GOPR0476_frame_000761_rgb_anon.png,fog,0.46474333158695574,0.5352566684130442,0.9648255705833435,0.9870193600654602,0.060587331652641296,0.03910685330629349,0.14990147948265076,0.9571481943130493,0.1614226996898651,-6.8102874755859375,6.794560432434082,0.0030582821927964687,0.015078915283083916,240004,4.088972986210138,13.509645708836615,11.871837719809264,0.3508971410951217,0.6491028589048783,68692,0.9872386641325007,0.01276133586749928,3683,0.04037371650338173,0.0006173282745294273,12.269858969375491,0.4781571924686432,0.5218428075313568,0.5601036548614502,0.5828790664672852,0.080861397087574,0.5202043056488037,0.4797956943511963,0.5817830562591553,0.6133193373680115,0.4829173684120178,0.5202043056488037,0.4797956943511963,0.5202043056488037,0.4797956943511963,0.5375706186848475,0.46242938131515254,0.9719504714012146,0.45436590713144437,0.5456340928685557,0.1034687660363226,0.9945696443117024,0.005430355688297639,0.0073309801792016405,0.07282728709789166,0.07282728709789166,0.018678855150938034,0.011553973890841007,0.9271727129021083,0.07282728709789166,0.03331194445490837,0.01094565074890852,231108
acdc_b1_mit-b1_guard_gt_risk_s137_j13387384,2026-07-10 23:13:22,acdc,val,all,student_skd,/scratch/gautschi/manors/hf_cache/hub/models--nvidia--mit-b1/snapshots/13ddceec4e8bdf401e7cd7acf5aebc526222518c,runs/mit-b1_skd_j9200315/student_skd.ckpt,skd,GOPR0476_frame_000769_rgb_anon,/home/manors/Guardrail-Distillation/data/acdc/rgb_anon/fog/val/GOPR0476/GOPR0476_frame_000769_rgb_anon.png,fog,0.4645142161868513,0.5354857838131487,0.8989671468734741,0.9718812704086304,0.09195508062839508,0.07626473903656006,0.21513709425926208,0.9269479513168335,0.2480994313955307,-6.6236748695373535,6.588806629180908,0.007503229659050703,0.037720780819654465,249226,4.088972986210138,13.509645708836615,11.871837719809264,0.3577632285076239,0.6422367714923761,81531,0.5128662667890901,0.4871337332109099,5294,0.07779388874769211,0.0009498830186203122,12.269858969375491,0.5175602436065674,0.4824397563934326,0.6169075965881348,0.6852613091468811,0.06377359479665756,0.5159379839897156,0.4840620160102844,0.551397979259491,0.596419095993042,0.5035437345504761,0.5159379839897156,0.4840620160102844,0.5159379839897156,0.4840620160102844,0.6853635691051654,0.3146364308948346,0.9608467221260071,0.6232285982148763,0.3767714017851237,0.26546536970725243,0.6755742012034918,0.32442579879650824,0.16270793441440168,0.2208493529183141,0.2208493529183141,0.07146123796701431,0.009581664577126503,0.7791506470816859,0.2208493529183141,0.0860985592007637,0.04695737734436989,229205
acdc_b1_mit-b1_guard_gt_risk_s137_j13387384,2026-07-10 23:13:22,acdc,val,all,student_skd,/scratch/gautschi/manors/hf_cache/hub/models--nvidia--mit-b1/snapshots/13ddceec4e8bdf401e7cd7acf5aebc526222518c,runs/mit-b1_skd_j9200315/student_skd.ckpt,skd,GOPR0476_frame_000775_rgb_anon,/home/manors/Guardrail-Distillation/data/acdc/rgb_anon/fog/val/GOPR0476/GOPR0476_frame_000775_rgb_anon.png,fog,0.5158953249330934,0.4841046750669066,0.9069414138793945,0.9742382764816284,0.08075764030218124,0.0691998079419136,0.17568273842334747,0.9312443137168884,0.22424879670143127,-6.687955379486084,6.657279014587402,0.0024777741637080908,0.030041512101888657,249821,4.088972986210138,13.509645708836615,11.871837719809264,0.5144555217432141,0.4855444782567859,82341,0.3105590062111801,0.68944099378882,905,0.0706116184592247,0.0007452453719452024,12.269858969375491,0.49270936846733093,0.5072906315326691,0.5578984618186951,0.579684317111969,0.05793783813714981,0.5144804120063782,0.4855195879936218,0.5576888918876648,0.6084467172622681,0.4868662357330322,0.5144804120063782,0.4855195879936218,0.5144804120063782,0.4855195879936218,0.6891087084176739,0.3108912915823261,0.9629095196723938,0.6890698008813037,0.31093019911869635,0.17461427913808958,0.6126708074534162,0.3873291925465838,0.30211180124223613,0.17321338348458049,0.17321338348458049,0.06900941580533981,0.013041337952017784,0.8267866165154195,0.17321338348458049,0.0875546932220459,0.05297793447971344,230577
acdc_b1_mit-b1_guard_gt_risk_s137_j13387384,2026-07-10 23:13:22,acdc,val,all,student_skd,/scratch/gautschi/manors/hf_cache/hub/models--nvidia--mit-b1/snapshots/13ddceec4e8bdf401e7cd7acf5aebc526222518c,runs/mit-b1_skd_j9200315/student_skd.ckpt,skd,GOPR0476_frame_000781_rgb_anon,/home/manors/Guardrail-Distillation/data/acdc/rgb_anon/fog/val/GOPR0476/GOPR0476_frame_000781_rgb_anon.png,fog,0.4674217784304775,0.5325782215695225,0.8641480207443237,0.9735042452812195,0.08665288239717484,0.06998764723539352,0.19462841749191284,0.9353254437446594,0.20813313126564026,-6.547832489013672,6.515608787536621,0.0048949322663247585,0.03470451757311821,254549,4.088972986210138,13.509645708836615,11.871837719809264,0.33894592458774814,0.6610540754122518,83034,0.4722513089005236,0.5277486910994764,5730,0.0713171511888504,0.001167016918770969,12.269858969375491,0.5133354067802429,0.4866645932197571,0.6121938824653625,0.6590407490730286,0.0347023606300354,0.5086747407913208,0.4913252592086792,0.536969006061554,0.5666466951370239,0.4976911246776581,0.5086747407913208,0.4913252592086792,0.5086747407913208,0.4913252592086792,0.6402622560907931,0.3597377439092069,0.961158812046051,0.45155990422069303,0.548440095779307,0.11261397963294484,0.3054682955206515,0.6945317044793484,0.0,0.17284047766031563,0.17284047766031563,0.10632137954235077,0.00931058544665575,0.8271595223396844,0.17284047766031563,0.12533541023731232,0.07178579270839691,233696
acdc_b1_mit-b1_guard_gt_risk_s137_j13387384,2026-07-10 23:13:22,acdc,val,all,student_skd,/scratch/gautschi/manors/hf_cache/hub/models--nvidia--mit-b1/snapshots/13ddceec4e8bdf401e7cd7acf5aebc526222518c,runs/mit-b1_skd_j9200315/student_skd.ckpt,skd,GOPR0476_frame_000788_rgb_anon,/home/manors/Guardrail-Distillation/data/acdc/rgb_anon/fog/val/GOPR0476/GOPR0476_frame_000788_rgb_anon.png,fog,0.4178281694441855,0.5821718305558146,0.8777323961257935,0.9670796394348145,0.09816376864910126,0.08765646070241928,0.22567041218280792,0.9210435152053833,0.25380739569664,-6.499698162078857,6.4590253829956055,0.007883545942604542,0.043835580348968506,247858,3.788845264352858,13.33301654085517,11.816369777079672,0.30973083870726714,0.6902691612927329,75477,0.2646268132467274,0.7353731867532727,2978,0.08985661715269089,0.0014374284073710442,11.992759013082832,0.48373520374298096,0.516264796257019,0.5511047840118408,0.5733649730682373,0.06960022449493408,0.5173930525779724,0.4826069474220276,0.5577569603919983,0.6142147183418274,0.49066975712776184,0.5173930525779724,0.4826069474220276,0.5173930525779724,0.4826069474220276,0.5376351220963438,0.4623648779036562,0.9570479393005371,0.36476736959078215,0.6352326304092178,0.05503653088351501,0.23832759280520474,0.7616724071947952,0.0,0.11980695265215835,0.11980695265215835,0.0885426327586174,0.009227056987583637,0.8801930473478417,0.11980695265215835,0.10589127242565155,0.06024416908621788,223497
acdc_b1_mit-b1_guard_gt_risk_s137_j13387384,2026-07-10 23:13:22,acdc,val,all,student_skd,/scratch/gautschi/manors/hf_cache/hub/models--nvidia--mit-b1/snapshots/13ddceec4e8bdf401e7cd7acf5aebc526222518c,runs/mit-b1_skd_j9200315/student_skd.ckpt,skd,GOPR0476_frame_000798_rgb_anon,/home/manors/Guardrail-Distillation/data/acdc/rgb_anon/fog/val/GOPR0476/GOPR0476_frame_000798_rgb_anon.png,fog,0.28022138518264383,0.7197786148173562,0.7824612855911255,0.979312002658844,0.07147713750600815,0.06499625742435455,0.17373673617839813,0.9290911555290222,0.254980206489563,-6.077953338623047,6.053398132324219,0.003739919513463974,0.022349916398525238,256690,3.788845264352858,13.33301654085517,11.816369777079672,0.16369620169190535,0.8363037983080946,83067,0.5256998428623112,0.4743001571376888,26697,0.06733034551143646,0.001065620919689536,11.992759013082832,0.506686270236969,0.493313729763031,0.592116117477417,0.6193546652793884,0.0918622687458992,0.5229494571685791,0.4770505428314209,0.5874426960945129,0.6340644359588623,0.4855302572250366,0.5229494571685791,0.4770505428314209,0.5229494571685791,0.4770505428314209,0.572281397443931,0.42771860255606897,0.9550819993019104,0.48823429841150584,0.5117657015884942,0.32453809671960043,0.6386705380312324,0.3613294619687676,0.11297069516892122,0.2920600122612872,0.2920600122612872,0.17712804675102234,0.004507382400333881,0.7079399877387128,0.2920600122612872,0.20473723113536835,0.1398184597492218,242673
acdc_b1_mit-b1_guard_gt_risk_s137_j13387384,2026-07-10 23:13:23,acdc,val,all,student_skd,/scratch/gautschi/manors/hf_cache/hub/models--nvidia--mit-b1/snapshots/13ddceec4e8bdf401e7cd7acf5aebc526222518c,runs/mit-b1_skd_j9200315/student_skd.ckpt,skd,GOPR0476_frame_000826_rgb_anon,/home/manors/Guardrail-Distillation/data/acdc/rgb_anon/fog/val/GOPR0476/GOPR0476_frame_000826_rgb_anon.png,fog,0.399393219565394,0.600606780434606,0.8751108646392822,0.9619256258010864,0.10341119766235352,0.09858755767345428,0.23089894652366638,0.9150459170341492,0.25437647104263306,-6.199099063873291,6.152379989624023,0.007954129949212074,0.050932932645082474,249053,3.788845264352858,13.33301654085517,11.816369777079672,0.26151160204829954,0.7384883979517005,75219,0.47204591492234976,0.5279540850776503,7582,0.09993191063404083,0.0008706552907824516,11.992759013082832,0.5351680517196655,0.4648319482803345,0.6552069187164307,0.6682063937187195,0.1155867874622345,0.5288645625114441,0.4711354374885559,0.608314037322998,0.6657807230949402,0.527721107006073,0.5288645625114441,0.4711354374885559,0.5288645625114441,0.4711354374885559,0.48622597624958636,0.5137740237504136,0.9565754532814026,0.3975704071161992,0.6024295928838008,0.1360588050678997,0.4854152599594868,0.5145847400405132,0.013369345037137048,0.08683275668419244,0.08683275668419244,0.09257868677377701,0.011114099994301796,0.9131672433158076,0.08683275668419244,0.1085190698504448,0.06099103018641472,221135
acdc_b1_mit-b1_guard_gt_risk_s137_j13387384,2026-07-10 23:13:23,acdc,val,all,student_skd,/scratch/gautschi/manors/hf_cache/hub/models--nvidia--mit-b1/snapshots/13ddceec4e8bdf401e7cd7acf5aebc526222518c,runs/mit-b1_skd_j9200315/student_skd.ckpt,skd,GOPR0476_frame_000834_rgb_anon,/home/manors/Guardrail-Distillation/data/acdc/rgb_anon/fog/val/GOPR0476/GOPR0476_frame_000834_rgb_anon.png,fog,0.4837061501429595,0.5162938498570405,0.8981524705886841,0.930877149105072,0.13382822275161743,0.17295853793621063,0.2869083881378174,0.8554083704948425,0.4193725287914276,-5.302881240844727,5.217678070068359,0.013447712175548077,0.0988161489367485,240487,3.788845264352858,13.33301654085517,11.816369777079672,0.28419472703549403,0.7158052729645059,75237,0.3097465419365156,0.6902534580634845,4169,0.17567172646522522,0.001730190240778029,11.992759013082832,0.5652946829795837,0.43470531702041626,0.7005228996276855,0.7167454361915588,0.20999273657798767,0.5523061156272888,0.4476938843727112,0.6522616744041443,0.6874343752861023,0.5586901903152466,0.5523061156272888,0.4476938843727112,0.5523061156272888,0.4476938843727112,0.6060540181336648,0.3939459818663352,0.9475605487823486,0.4004230299605484,0.5995769700394515,0.11622830292505437,0.4835692012473015,0.5164307987526985,0.173822659310786,0.1223478679907053,0.1223478679907053,0.06195760890841484,0.012549534440040588,0.8776521320092947,0.1223478679907053,0.08343902230262756,0.009073255583643913,191270
acdc_b1_mit-b1_guard_gt_risk_s137_j13387384,2026-07-10 23:13:23,acdc,val,all,student_skd,/scratch/gautschi/manors/hf_cache/hub/models--nvidia--mit-b1/snapshots/13ddceec4e8bdf401e7cd7acf5aebc526222518c,runs/mit-b1_skd_j9200315/student_skd.ckpt,skd,GOPR0476_frame_000840_rgb_anon,/home/manors/Guardrail-Distillation/data/acdc/rgb_anon/fog/val/GOPR0476/GOPR0476_frame_000840_rgb_anon.png,fog,0.3149775645700604,0.6850224354299397,0.8083788752555847,0.9433392286300659,0.1290898323059082,0.15253055095672607,0.3135274350643158,0.8744279742240906,0.39497363567352295,-5.3726959228515625,5.301209926605225,0.017858928069472313,0.07971961796283722,240104,3.653821535408497,13.397824484854937,11.89711078768596,0.1817643775794888,0.8182356224205112,80893,0.29415046536489076,0.7058495346351092,5654,0.1563730686903,0.0021770333405584097,11.994973756372929,0.5270525217056274,0.47294747829437256,0.6707205176353455,0.7229669094085693,0.1727599948644638,0.5430828928947449,0.4569171071052551,0.6287132501602173,0.6832579970359802,0.5345985889434814,0.5430828928947449,0.4569171071052551,0.5430828928947449,0.4569171071052551,0.42235255977976477,0.5776474402202352,0.870131254196167,0.33146888712690853,0.6685311128730915,0.14970450954741965,0.3028951804522129,0.6971048195477871,0.008744715087322108,0.1073749952097045,0.1073749952097045,0.07028204202651978,0.00852963700890541,0.8926250047902955,0.1073749952097045,0.1550869643688202,0.02527238242328167,201313
acdc_b1_mit-b1_guard_gt_risk_s137_j13387384,2026-07-10 23:13:23,acdc,val,all,student_skd,/scratch/gautschi/manors/hf_cache/hub/models--nvidia--mit-b1/snapshots/13ddceec4e8bdf401e7cd7acf5aebc526222518c,runs/mit-b1_skd_j9200315/student_skd.ckpt,skd,GOPR0476_frame_000845_rgb_anon,/home/manors/Guardrail-Distillation/data/acdc/rgb_anon/fog/val/GOPR0476/GOPR0476_frame_000845_rgb_anon.png,fog,0.44504350806855786,0.5549564919314421,0.891786515712738,0.9479717016220093,0.11728287488222122,0.13612040877342224,0.2622053325176239,0.8833605647087097,0.3471825122833252,-6.129336833953857,6.065589427947998,0.010593654587864876,0.06716810911893845,249017,3.653821535408497,13.397824484854937,11.89711078768596,0.3943384526194572,0.6056615473805428,76059,0.4000923799956949,0.5999076200043051,1819,0.13817204535007477,0.0013000394683331251,11.994973756372929,0.5337069630622864,0.4662930369377136,0.6993804574012756,0.7201316952705383,0.17564426362514496,0.543798565864563,0.456201434135437,0.6411998271942139,0.6818844079971313,0.5394943952560425,0.543798565864563,0.456201434135437,0.543798565864563,0.456201434135437,0.5746329057968854,0.4253670942031146,0.9428995251655579,0.5276495561697693,0.4723504438302307,0.13331110355031206,0.4610515982364288,0.5389484017635713,0.0609592182407338,0.12958939772832756,0.12958939772832756,0.06948923319578171,0.01837625540792942,0.8704106022716724,0.12958939772832756,0.09806158393621445,0.03148379549384117,209483
acdc_b1_mit-b1_guard_gt_risk_s137_j13387384,2026-07-10 23:13:23,acdc,val,all,student_skd,/scratch/gautschi/manors/hf_cache/hub/models--nvidia--mit-b1/snapshots/13ddceec4e8bdf401e7cd7acf5aebc526222518c,runs/mit-b1_skd_j9200315/student_skd.ckpt,skd,GOPR0476_frame_000850_rgb_anon,/home/manors/Guardrail-Distillation/data/acdc/rgb_anon/fog/val/GOPR0476/GOPR0476_frame_000850_rgb_anon.png,fog,0.4319867356145287,0.5680132643854713,0.8393946290016174,0.9378294348716736,0.12637220323085785,0.15561705827713013,0.2746916711330414,0.8724581003189087,0.36149537563323975,-5.920886516571045,5.844655513763428,0.011070298962295055,0.08418512344360352,255639,3.653821535408497,13.397824484854937,11.89711078768596,0.3041007488404349,0.6958992511595651,83046,0.849276722939076,0.15072327706092403,11379,0.15781472623348236,0.0015193009749054909,11.994973756372929,0.5385171175003052,0.4614828824996948,0.6594692468643188,0.6898111701011658,0.185172438621521,0.5461612939834595,0.4538387060165405,0.6555970907211304,0.693295419216156,0.5352930426597595,0.5461612939834595,0.4538387060165405,0.5461612939834595,0.4538387060165405,0.6118572120848204,0.38814278791517964,0.9461036920547485,0.503261617770302,0.496738382229698,0.19916086892986706,0.8616065389752289,0.13839346102477112,0.012329816036152907,0.17987047647029164,0.17987047647029164,0.12046284228563309,0.013753769919276237,0.8201295235297084,0.17987047647029164,0.14560768008232117,0.04697249084711075,207050
acdc_b1_mit-b1_guard_gt_risk_s137_j13387384,2026-07-10 23:13:23,acdc,val,all,student_skd,/scratch/gautschi/manors/hf_cache/hub/models--nvidia--mit-b1/snapshots/13ddceec4e8bdf401e7cd7acf5aebc526222518c,runs/mit-b1_skd_j9200315/student_skd.ckpt,skd,GOPR0476_frame_000854_rgb_anon,/home/manors/Guardrail-Distillation/data/acdc/rgb_anon/fog/val/GOPR0476/GOPR0476_frame_000854_rgb_anon.png,fog,0.49062747977504606,0.5093725202249539,0.8700516223907471,0.92779141664505,0.14036335051059723,0.18858249485492706,0.32044869661331177,0.8499942421913147,0.4337388575077057,-5.692147254943848,5.601522445678711,0.023659024387598038,0.09896352142095566,246798,3.653821535408497,13.397824484854937,11.89711078768596,0.37459817493657155,0.6254018250634285,79732,0.0,1.0,165,0.19118282198905945,0.001837780000641942,11.994973756372929,0.5370721817016602,0.46292781829833984,0.6685616970062256,0.694887638092041,0.23876652121543884,0.5594096779823303,0.4405903220176697,0.6756922006607056,0.735397458076477,0.5501115918159485,0.5594096779823303,0.4405903220176697,0.5594096779823303,0.4405903220176697,0.4797662682430324,0.5202337317569676,0.9005826711654663,0.4246809259666495,0.5753190740333505,0.05008275103007798,0.0,1.0,0.0,0.0,0.0,0.05817713215947151,0.02764609083533287,1.0,0.0,0.1045389324426651,0.012309662066400051,195114
acdc_b1_mit-b1_guard_gt_risk_s137_j13387384,2026-07-10 23:13:23,acdc,val,all,student_skd,/scratch/gautschi/manors/hf_cache/hub/models--nvidia--mit-b1/snapshots/13ddceec4e8bdf401e7cd7acf5aebc526222518c,runs/mit-b1_skd_j9200315/student_skd.ckpt,skd,GOPR0476_frame_000859_rgb_anon,/home/manors/Guardrail-Distillation/data/acdc/rgb_anon/fog/val/GOPR0476/GOPR0476_frame_000859_rgb_anon.png,fog,0.38022408231150634,0.6197759176884936,0.7828075885772705,0.9178527593612671,0.14008291065692902,0.20249569416046143,0.29624828696250916,0.8383576273918152,0.4404297471046448,-5.4549360275268555,5.35429048538208,0.01257104892283678,0.11449108272790909,255985,3.7707224837504327,13.349191518500447,11.866707995068282,0.24158315979452002,0.75841684020548,82039,0.6046915725456126,0.39530842745438743,1151,0.20474740862846375,0.0018342789262533188,12.015846732538193,0.5465947985649109,0.4534052014350891,0.6795172095298767,0.7078580260276794,0.24587851762771606,0.5611618161201477,0.4388381838798523,0.6675723195075989,0.6927735805511475,0.5500621795654297,0.5611618161201477,0.4388381838798523,0.5611618161201477,0.4388381838798523,0.5411314485861943,0.45886855141380567,0.9269605875015259,0.41455419918213376,0.5854458008178662,0.1729710393876137,0.7054735013032146,0.2945264986967854,0.10078192875760206,0.16090736627468794,0.16090736627468794,0.16597847640514374,0.021825497969985008,0.8390926337253121,0.16090736627468794,0.19781628251075745,0.076102115213871,191498
acdc_b1_mit-b1_guard_gt_risk_s137_j13387384,2026-07-10 23:13:23,acdc,val,all,student_skd,/scratch/gautschi/manors/hf_cache/hub/models--nvidia--mit-b1/snapshots/13ddceec4e8bdf401e7cd7acf5aebc526222518c,runs/mit-b1_skd_j9200315/student_skd.ckpt,skd,GOPR0476_frame_000864_rgb_anon,/home/manors/Guardrail-Distillation/data/acdc/rgb_anon/fog/val/GOPR0476/GOPR0476_frame_000864_rgb_anon.png,fog,0.48353756355700755,0.5164624364429924,0.8712776899337769,0.9209928512573242,0.14481709897518158,0.20534665882587433,0.32920193672180176,0.8345509171485901,0.487152099609375,-4.972303867340088,4.873292922973633,0.024949468672275543,0.10862132161855698,251829,3.7707224837504327,13.349191518500447,11.866707995068282,0.3690556558816231,0.6309443441183769,79519,0.8202416918429003,0.1797583081570997,662,0.20776548981666565,0.00163062394130975,12.015846732538193,0.4974108934402466,0.5025891065597534,0.5741431713104248,0.5954784154891968,0.3133045434951782,0.5776916742324829,0.4223083257675171,0.7013815641403198,0.7642629742622375,0.5346263647079468,0.5776916742324829,0.4223083257675171,0.5776916742324829,0.4223083257675171,0.5649462074689883,0.43505379253101173,0.9530633687973022,0.46583545731211123,0.5341645426878887,0.09677980143048814,0.6586102719033232,0.3413897280966768,0.0,0.08140864391198066,0.08140864391198066,0.09904339909553528,0.01725774258375168,0.9185913560880193,0.08140864391198066,0.12924246490001678,0.042318396270275116,193771
acdc_b1_mit-b1_guard_gt_risk_s137_j13387384,2026-07-10 23:13:23,acdc,val,all,student_skd,/scratch/gautschi/manors/hf_cache/hub/models--nvidia--mit-b1/snapshots/13ddceec4e8bdf401e7cd7acf5aebc526222518c,runs/mit-b1_skd_j9200315/student_skd.ckpt,skd,GOPR0476_frame_000869_rgb_anon,/home/manors/Guardrail-Distillation/data/acdc/rgb_anon/fog/val/GOPR0476/GOPR0476_frame_000869_rgb_anon.png,fog,0.5694046671891251,0.4305953328108749,0.8811070322990417,0.951797366142273,0.12137240916490555,0.13043026626110077,0.28922444581985474,0.891210675239563,0.3438442349433899,-5.878085136413574,5.81707239151001,0.01775064691901207,0.06718574464321136,255709,3.7707224837504327,13.349191518500447,11.866707995068282,0.3953061632976367,0.6046938367023633,82621,0.459546925566343,0.540453074433657,1700,0.13235843181610107,0.0012286092387512326,12.015846732538193,0.49746525287628174,0.5025347471237183,0.5946578979492188,0.6550241708755493,0.15253902971744537,0.5380609631538391,0.4619390368461609,0.6294132471084595,0.6835883259773254,0.5131775140762329,0.5380609631538391,0.4619390368461609,0.5380609631538391,0.4619390368461609,0.6468633275715808,0.3531366724284192,0.9255286455154419,0.49562800342760194,0.5043719965723981,0.10032184012996526,0.6613031469702042,0.3386968530297958,0.20175622140386118,0.07745866038245575,0.07745866038245575,0.05471453815698624,0.010292950086295605,0.9225413396175443,0.07745866038245575,0.0696885883808136,0.012733223848044872,220807
acdc_b1_mit-b1_guard_gt_risk_s137_j13387384,2026-07-10 23:13:23,acdc,val,all,student_skd,/scratch/gautschi/manors/hf_cache/hub/models--nvidia--mit-b1/snapshots/13ddceec4e8bdf401e7cd7acf5aebc526222518c,runs/mit-b1_skd_j9200315/student_skd.ckpt,skd,GOPR0476_frame_000874_rgb_anon,/home/manors/Guardrail-Distillation/data/acdc/rgb_anon/fog/val/GOPR0476/GOPR0476_frame_000874_rgb_anon.png,fog,0.46781264757593255,0.5321873524240675,0.8707627654075623,0.9436241388320923,0.12421537935733795,0.14772853255271912,0.28264233469963074,0.8752685189247131,0.3805123269557953,-6.174703598022461,6.104913711547852,0.013441539369523525,0.07731900364160538,257039,3.7707224837504327,13.349191518500447,11.866707995068282,0.38166961355025936,0.6183303864497407,82736,0.9235008103727714,0.07649918962722857,3085,0.15001027286052704,0.0013747451594099402,12.015846732538193,0.5173923969268799,0.4826076030731201,0.6429954767227173,0.7015514969825745,0.18636953830718994,0.5464580059051514,0.45354199409484863,0.6512464284896851,0.6968110799789429,0.5224680304527283,0.5464580059051514,0.45354199409484863,0.5464580059051514,0.45354199409484863,0.5425429415117198,0.4574570584882802,0.9091499447822571,0.461068160112209,0.5389318398877909,0.07939854656194978,0.9769854132901135,0.023014586709886542,0.05348460291734203,0.07473029393578723,0.07473029393578723,0.04991849139332771,0.011531323194503784,0.9252697060642128,0.07473029393578723,0.08216262608766556,0.008586245588958263,214288
acdc_b1_mit-b1_guard_gt_risk_s137_j13387384,2026-07-10 23:13:23,acdc,val,all,student_skd,/scratch/gautschi/manors/hf_cache/hub/models--nvidia--mit-b1/snapshots/13ddceec4e8bdf401e7cd7acf5aebc526222518c,runs/mit-b1_skd_j9200315/student_skd.ckpt,skd,GOPR0476_frame_000879_rgb_anon,/home/manors/Guardrail-Distillation/data/acdc/rgb_anon/fog/val/GOPR0476/GOPR0476_frame_000879_rgb_anon.png,fog,0.5019251131627446,0.4980748868372554,0.8660324215888977,0.9425676465034485,0.12976552546024323,0.15020009875297546,0.2984650731086731,0.8776206374168396,0.3655155897140503,-5.959558486938477,5.88694429397583,0.019189296290278435,0.07820276916027069,254569,3.6522287409752607,13.33796395920217,11.868380242958665,0.3435086133544774,0.6564913866455226,81347,0.3759150805270864,0.6240849194729137,1404,0.1522034853696823,0.0015184596413746476,12.050814228132367,0.5394707918167114,0.4605292081832886,0.7218281030654907,0.7544277906417847,0.19575689733028412,0.548783540725708,0.451216459274292,0.6691160798072815,0.7198176980018616,0.5508270263671875,0.548783540725708,0.451216459274292,0.548783540725708,0.451216459274292,0.5173133983338312,0.48268660166616884,0.9336211681365967,0.3917902622807187,0.6082097377192812,0.04828164892624143,0.357890499194847,0.6421095008051529,0.0,0.015388285171086591,0.015388285171086591,0.10145775973796844,0.03386900946497917,0.9846117148289134,0.015388285171086591,0.1496097296476364,0.04856836423277855,212490
acdc_b1_mit-b1_guard_gt_risk_s137_j13387384,2026-07-10 23:13:23,acdc,val,all,student_skd,/scratch/gautschi/manors/hf_cache/hub/models--nvidia--mit-b1/snapshots/13ddceec4e8bdf401e7cd7acf5aebc526222518c,runs/mit-b1_skd_j9200315/student_skd.ckpt,skd,GOPR0476_frame_000884_rgb_anon,/home/manors/Guardrail-Distillation/data/acdc/rgb_anon/fog/val/GOPR0476/GOPR0476_frame_000884_rgb_anon.png,fog,0.38945430699824046,0.6105456930017595,0.8100910782814026,0.9423138499259949,0.12540730834007263,0.1502874344587326,0.2796378433704376,0.8736262321472168,0.3747182786464691,-5.957548141479492,5.886064052581787,0.016822349280118942,0.07674435526132584,254364,3.6522287409752607,13.33796395920217,11.868380242958665,0.3198845273590062,0.6801154726409938,81126,0.5956673866998226,0.40433261330017745,3833,0.15274950861930847,0.001654147868975997,12.050814228132367,0.5092282891273499,0.49077171087265015,0.6169857978820801,0.6669855713844299,0.1603311151266098,0.5399971008300781,0.4600028991699219,0.6239360570907593,0.6752093434333801,0.5182154178619385,0.5399971008300781,0.4600028991699219,0.5399971008300781,0.4600028991699219,0.46674449738365315,0.5332555026163468,0.858871579170227,0.3923611315746568,0.6076388684253432,0.07247660421565061,0.635023572873773,0.364976427126227,0.039356186173950425,0.07729019038541274,0.07729019038541274,0.07259675115346909,0.023816263303160667,0.9227098096145873,0.07729019038541274,0.1103576049208641,0.017459232360124588,211139
acdc_b1_mit-b1_guard_gt_risk_s137_j13387384,2026-07-10 23:13:23,acdc,val,all,student_skd,/scratch/gautschi/manors/hf_cache/hub/models--nvidia--mit-b1/snapshots/13ddceec4e8bdf401e7cd7acf5aebc526222518c,runs/mit-b1_skd_j9200315/student_skd.ckpt,skd,GOPR0476_frame_000889_rgb_anon,/home/manors/Guardrail-Distillation/data/acdc/rgb_anon/fog/val/GOPR0476/GOPR0476_frame_000889_rgb_anon.png,fog,0.28491082335841444,0.7150891766415856,0.7866517305374146,0.9114898443222046,0.15471157431602478,0.2252102494239807,0.35403451323509216,0.8316921591758728,0.47436875104904175,-5.666694641113281,5.554981708526611,0.02876153774559498,0.13151544332504272,251134,3.6522287409752607,13.33796395920217,11.868380242958665,0.1877086039540697,0.8122913960459303,77289,0.0998062015503876,0.9001937984496124,532,0.22784431278705597,0.0019184538396075368,12.050814228132367,0.5197110176086426,0.4802889823913574,0.6226053237915039,0.6489684581756592,0.2849375009536743,0.5707563161849976,0.42924368381500244,0.7122269868850708,0.7791321277618408,0.5328952074050903,0.5707563161849976,0.42924368381500244,0.5707563161849976,0.42924368381500244,0.3598609378955187,0.6401390621044813,0.8660117387771606,0.2440405295055557,0.7559594704944443,0.05633192555148592,0.0007183908045977011,0.9992816091954023,0.0,0.0749501145371042,0.0749501145371042,0.12040185928344727,0.04104183241724968,0.9250498854628958,0.0749501145371042,0.18602816760540009,0.055333007127046585,186438
acdc_b1_mit-b1_guard_gt_risk_s137_j13387384,2026-07-10 23:13:23,acdc,val,all,student_skd,/scratch/gautschi/manors/hf_cache/hub/models--nvidia--mit-b1/snapshots/13ddceec4e8bdf401e7cd7acf5aebc526222518c,runs/mit-b1_skd_j9200315/student_skd.ckpt,skd,GOPR0476_frame_000894_rgb_anon,/home/manors/Guardrail-Distillation/data/acdc/rgb_anon/fog/val/GOPR0476/GOPR0476_frame_000894_rgb_anon.png,fog,0.43595645410651535,0.5640435458934847,0.8736535906791687,0.9481569528579712,0.11927622556686401,0.13786475360393524,0.27087438106536865,0.8822564482688904,0.3557024598121643,-5.813626289367676,5.749507427215576,0.014463027007877827,0.06806061416864395,255963,3.6522287409752607,13.33796395920217,11.868380242958665,0.3177016698860127,0.6822983301139873,82330,0.15846994535519127,0.8415300546448088,366,0.1398182511329651,0.0011655862908810377,12.050814228132367,0.5092239379882812,0.49077606201171875,0.6067796349525452,0.669948399066925,0.16763179004192352,0.5418100953102112,0.4581899046897888,0.638510525226593,0.6856038570404053,0.5237773656845093,0.5418100953102112,0.4581899046897888,0.5418100953102112,0.4581899046897888,0.5947419025161298,0.4052580974838702,0.9483674764633179,0.50702569397184,0.49297430602815995,0.18932402408582738,0.2978142076502732,0.7021857923497268,0.139344262295082,0.1587854484096145,0.1587854484096145,0.09747111797332764,0.022757194936275482,0.8412145515903855,0.1587854484096145,0.12741294503211975,0.06291534006595612,217257
acdc_b1_mit-b1_guard_gt_risk_s137_j13387384,2026-07-10 23:13:23,acdc,val,all,student_skd,/scratch/gautschi/manors/hf_cache/hub/models--nvidia--mit-b1/snapshots/13ddceec4e8bdf401e7cd7acf5aebc526222518c,runs/mit-b1_skd_j9200315/student_skd.ckpt,skd,GOPR0476_frame_000899_rgb_anon,/home/manors/Guardrail-Distillation/data/acdc/rgb_anon/fog/val/GOPR0476/GOPR0476_frame_000899_rgb_anon.png,fog,0.5051407449754302,0.49485925502456984,0.8672047853469849,0.9404826760292053,0.1266966164112091,0.15088793635368347,0.2794342339038849,0.873720645904541,0.36862462759017944,-5.604668140411377,5.53102970123291,0.01370238233357668,0.08182518184185028,251854,3.6518589477054775,13.32947873743251,11.877647950313985,0.42488086022241434,0.5751191397775857,78631,0.9970064859471146,0.002993514052885393,6013,0.1529027819633484,0.0012525884667411447,12.000286485999823,0.5197649002075195,0.48023509979248047,0.6466107964515686,0.701760470867157,0.21431882679462433,0.5533755421638489,0.4466244578361511,0.6640612483024597,0.7131513357162476,0.5349706411361694,0.5533755421638489,0.4466244578361511,0.5533755421638489,0.4466244578361511,0.653735759717643,0.346264240282357,0.9483946561813354,0.6109441627665676,0.3890558372334324,0.18606330254415326,0.9995010809911857,0.0004989190088142692,0.002494595044071124,0.14859501474221282,0.14859501474221282,0.09667902439832687,0.015489132143557072,0.8514049852577872,0.14859501474221282,0.1176236942410469,0.047968264669179916,207585
acdc_b1_mit-b1_guard_gt_risk_s137_j13387384,2026-07-10 23:13:23,acdc,val,all,student_skd,/scratch/gautschi/manors/hf_cache/hub/models--nvidia--mit-b1/snapshots/13ddceec4e8bdf401e7cd7acf5aebc526222518c,runs/mit-b1_skd_j9200315/student_skd.ckpt,skd,GOPR0476_frame_000904_rgb_anon,/home/manors/Guardrail-Distillation/data/acdc/rgb_anon/fog/val/GOPR0476/GOPR0476_frame_000904_rgb_anon.png,fog,0.3715177865642145,0.6284822134357855,0.8432367444038391,0.9475133419036865,0.12074138224124908,0.13407793641090393,0.26389607787132263,0.8838187456130981,0.35110923647880554,-5.629523277282715,5.5645294189453125,0.012765019200742245,0.07194902002811432,249510,3.6518589477054775,13.32947873743251,11.877647950313985,0.324789611345879,0.675210388654121,78614,0.30076511612160606,0.6992348838783939,4923,0.13597431778907776,0.0011447482975199819,12.000286485999823,0.5230481028556824,0.4769518971443176,0.6654561758041382,0.6888066530227661,0.1698601394891739,0.5423632264137268,0.4576367735862732,0.6452794075012207,0.6916490793228149,0.5358029007911682,0.5423632264137268,0.4576367735862732,0.5423632264137268,0.4576367735862732,0.5639204062125327,0.4360795937874673,0.9471844434738159,0.4946475358584135,0.5053524641415865,0.16985792451253445,0.30212996879663545,0.6978700312033645,0.0013648526750293932,0.19240261964831817,0.19240261964831817,0.12324956804513931,0.01930183172225952,0.8075973803516818,0.19240261964831817,0.15072742104530334,0.07268646359443665,211051
acdc_b1_mit-b1_guard_gt_risk_s137_j13387384,2026-07-10 23:13:23,acdc,val,all,student_skd,/scratch/gautschi/manors/hf_cache/hub/models--nvidia--mit-b1/snapshots/13ddceec4e8bdf401e7cd7acf5aebc526222518c,runs/mit-b1_skd_j9200315/student_skd.ckpt,skd,GOPR0476_frame_000910_rgb_anon,/home/manors/Guardrail-Distillation/data/acdc/rgb_anon/fog/val/GOPR0476/GOPR0476_frame_000910_rgb_anon.png,fog,0.40279172149949743,0.5972082785005026,0.8304002285003662,0.9373164176940918,0.12937888503074646,0.1558227688074112,0.27861738204956055,0.8739608526229858,0.35502567887306213,-6.21612024307251,6.138792991638184,0.012738061137497425,0.08869241178035736,248939,3.6518589477054775,13.32947873743251,11.877647950313985,0.33002431342559485,0.6699756865744051,77606,0.21013870713658675,0.7898612928634132,4370,0.1576526015996933,0.0014327149838209152,12.000286485999823,0.5281296372413635,0.4718703627586365,0.6499553918838501,0.6789983510971069,0.25757184624671936,0.5640392899513245,0.43596071004867554,0.6908632516860962,0.773170530796051,0.5404885411262512,0.5640392899513245,0.43596071004867554,0.5640392899513245,0.43596071004867554,0.5565588516442646,0.44344114835573545,0.9322043061256409,0.5072480031900327,0.4927519968099673,0.1772236897644378,0.7636693327267178,0.23633066727328222,0.553530625590131,0.15376713014476717,0.15376713014476717,0.12637634575366974,0.024572284892201424,0.8462328698552328,0.15376713014476717,0.15494157373905182,0.056126199662685394,202244
acdc_b1_mit-b1_guard_gt_risk_s137_j13387384,2026-07-10 23:13:23,acdc,val,all,student_skd,/scratch/gautschi/manors/hf_cache/hub/models--nvidia--mit-b1/snapshots/13ddceec4e8bdf401e7cd7acf5aebc526222518c,runs/mit-b1_skd_j9200315/student_skd.ckpt,skd,GOPR0476_frame_000916_rgb_anon,/home/manors/Guardrail-Distillation/data/acdc/rgb_anon/fog/val/GOPR0476/GOPR0476_frame_000916_rgb_anon.png,fog,0.5278269241275362,0.4721730758724638,0.9027538299560547,0.9388715624809265,0.12722307443618774,0.16118793189525604,0.28418394923210144,0.8584263324737549,0.4372687041759491,-5.577877044677734,5.502470016479492,0.01484581921249628,0.08227624744176865,249902,3.6518589477054775,13.32947873743251,11.877647950313985,0.39953305400798617,0.6004669459920138,78458,0.4455291768360328,0.5544708231639672,5164,0.16414237022399902,0.0018828026950359344,12.000286485999823,0.5138177275657654,0.4861822724342346,0.6162251234054565,0.6743616461753845,0.22299762070178986,0.5555195212364197,0.4444804787635803,0.663133442401886,0.7162458300590515,0.5241044163703918,0.5555195212364197,0.4444804787635803,0.5555195212364197,0.4444804787635803,0.6123368635526403,0.3876631364473597,0.920728862285614,0.5146598502535501,0.4853401497464499,0.11512679624556388,0.62793210780812,0.37206789219187997,0.18240293097208726,0.0845099394251041,0.0845099394251041,0.04863906279206276,0.030664019286632538,0.9154900605748959,0.0845099394251041,0.0858016312122345,0.00791110098361969,205148
acdc_b1_mit-b1_guard_gt_risk_s137_j13387384,2026-07-10 23:13:24,acdc,val,all,student_skd,/scratch/gautschi/manors/hf_cache/hub/models--nvidia--mit-b1/snapshots/13ddceec4e8bdf401e7cd7acf5aebc526222518c,runs/mit-b1_skd_j9200315/student_skd.ckpt,skd,GOPR0476_frame_000921_rgb_anon,/home/manors/Guardrail-Distillation/data/acdc/rgb_anon/fog/val/GOPR0476/GOPR0476_frame_000921_rgb_anon.png,fog,0.4779475150269256,0.5220524849730743,0.9011707305908203,0.9593442678451538,0.10235805064439774,0.10853252559900284,0.23062355816364288,0.9021666646003723,0.3021855354309082,-6.494401931762695,6.44516658782959,0.007299415767192841,0.048654794692993164,250705,3.6627990193665028,13.377531780861318,11.889083019923419,0.3570100755975986,0.6429899244024013,78476,0.9332858257830262,0.06671417421697379,29469,0.11053353548049927,0.0014173437375575304,11.993406515102834,0.5374670624732971,0.4625329375267029,0.6738377213478088,0.6983121037483215,0.15447840094566345,0.5385429859161377,0.4614570140838623,0.6198021769523621,0.6877697110176086,0.5266057848930359,0.5385429859161377,0.4614570140838623,0.5385429859161377,0.4614570140838623,0.5288578670784638,0.47114213292153617,0.9633992314338684,0.38725901490919123,0.6127409850908088,0.03024893931159256,0.32132070989853745,0.6786792901014626,0.0,0.050910352051538155,0.050910352051538155,0.07214056700468063,0.00991204846650362,0.9490896479484618,0.050910352051538155,0.08730579912662506,0.027283063158392906,219225
acdc_b1_mit-b1_guard_gt_risk_s137_j13387384,2026-07-10 23:13:24,acdc,val,all,student_skd,/scratch/gautschi/manors/hf_cache/hub/models--nvidia--mit-b1/snapshots/13ddceec4e8bdf401e7cd7acf5aebc526222518c,runs/mit-b1_skd_j9200315/student_skd.ckpt,skd,GOPR0476_frame_000926_rgb_anon,/home/manors/Guardrail-Distillation/data/acdc/rgb_anon/fog/val/GOPR0476/GOPR0476_frame_000926_rgb_anon.png,fog,0.45221255593834275,0.5477874440616572,0.9316056966781616,0.9612575173377991,0.10406070947647095,0.09958504140377045,0.2323361486196518,0.9139279723167419,0.26435351371765137,-6.63140869140625,6.583924293518066,0.007005759514868259,0.05222657695412636,249509,3.6627990193665028,13.377531780861318,11.889083019923419,0.43439723306465267,0.5656027669353474,75909,0.8192716551304686,0.18072834486953138,7004,0.10083628445863724,0.0008658954757265747,11.993406515102834,0.4991779029369354,0.5008220970630646,0.6182575821876526,0.6621931791305542,0.10410942137241364,0.526003897190094,0.473996102809906,0.5995759963989258,0.6482180953025818,0.5077552795410156,0.526003897190094,0.473996102809906,0.526003897190094,0.473996102809906,0.545937223645297,0.45406277635470305,0.953624963760376,0.5098483177201438,0.49015168227985617,0.07545108465549122,0.974116537319287,0.025883462680712954,0.15484488218881842,0.0937246677069542,0.0937246677069542,0.03548569604754448,0.01346644852310419,0.9062753322930458,0.0937246677069542,0.0519380085170269,0.005330469459295273,220218
acdc_b1_mit-b1_guard_gt_risk_s137_j13387384,2026-07-10 23:13:24,acdc,val,all,student_skd,/scratch/gautschi/manors/hf_cache/hub/models--nvidia--mit-b1/snapshots/13ddceec4e8bdf401e7cd7acf5aebc526222518c,runs/mit-b1_skd_j9200315/student_skd.ckpt,skd,GOPR0476_frame_000931_rgb_anon,/home/manors/Guardrail-Distillation/data/acdc/rgb_anon/fog/val/GOPR0476/GOPR0476_frame_000931_rgb_anon.png,fog,0.34446413549765903,0.655535864502341,0.9239193797111511,0.97294682264328,0.08880561590194702,0.0726936087012291,0.20235580205917358,0.9305120706558228,0.23048631846904755,-6.395716667175293,6.362366199493408,0.006807337980717421,0.03398013114929199,247527,3.6627990193665028,13.377531780861318,11.889083019923419,0.25954550895758866,0.7404544910424113,75609,0.3824835843955195,0.6175164156044806,5268,0.07440920919179916,0.0009081739117391407,11.993406515102834,0.5512049794197083,0.44879502058029175,0.7083828449249268,0.7292846441268921,0.22074618935585022,0.5549635291099548,0.44503647089004517,0.6319780945777893,0.7462673783302307,0.5537059307098389,0.5549635291099548,0.44503647089004517,0.5549635291099548,0.44503647089004517,0.5170500880209575,0.48294991197904247,0.961600124835968,0.44249078656011426,0.5575092134398858,0.18294527760252555,0.4708124114844856,0.5291875885155144,0.08832882708896617,0.17258595252329856,0.17258595252329856,0.0454091876745224,0.007728449534624815,0.8274140474767014,0.17258595252329856,0.05945613980293274,0.015533658675849438,228012
acdc_b1_mit-b1_guard_gt_risk_s137_j13387384,2026-07-10 23:13:24,acdc,val,all,student_skd,/scratch/gautschi/manors/hf_cache/hub/models--nvidia--mit-b1/snapshots/13ddceec4e8bdf401e7cd7acf5aebc526222518c,runs/mit-b1_skd_j9200315/student_skd.ckpt,skd,GOPR0476_frame_000935_rgb_anon,/home/manors/Guardrail-Distillation/data/acdc/rgb_anon/fog/val/GOPR0476/GOPR0476_frame_000935_rgb_anon.png,fog,0.5465059861921966,0.4534940138078034,0.8585659861564636,0.9454927444458008,0.12684084475040436,0.14097648859024048,0.2942124605178833,0.8895542025566101,0.3237323462963104,-6.504508972167969,6.4361724853515625,0.01675775833427906,0.07845839858055115,251764,3.6627990193665028,13.377531780861318,11.889083019923419,0.3874241332539824,0.6125758667460176,79967,0.8575458392101551,0.14245416078984485,1418,0.14286234974861145,0.0016361228190362453,11.993406515102834,0.5278865694999695,0.4721134305000305,0.6780005097389221,0.697454571723938,0.2676774859428406,0.5665225982666016,0.43347740173339844,0.7193706035614014,0.8204378485679626,0.5399951338768005,0.5665225982666016,0.43347740173339844,0.5665225982666016,0.43347740173339844,0.616408987968168,0.383591012031832,0.959720253944397,0.5006602004416084,0.4993397995583916,0.11323606718762602,0.9464033850493653,0.053596614950634724,0.08885754583921013,0.06990300177597142,0.06990300177597142,0.11198583245277405,0.01083157304674387,0.9300969982240286,0.06990300177597142,0.13209593296051025,0.0360138863325119,211455
acdc_b1_mit-b1_guard_gt_risk_s137_j13387384,2026-07-10 23:13:24,acdc,val,all,student_skd,/scratch/gautschi/manors/hf_cache/hub/models--nvidia--mit-b1/snapshots/13ddceec4e8bdf401e7cd7acf5aebc526222518c,runs/mit-b1_skd_j9200315/student_skd.ckpt,skd,GOPR0476_frame_000940_rgb_anon,/home/manors/Guardrail-Distillation/data/acdc/rgb_anon/fog/val/GOPR0476/GOPR0476_frame_000940_rgb_anon.png,fog,0.3609281856634952,0.6390718143365048,0.9139970541000366,0.9578059315681458,0.11172234266996384,0.11024843156337738,0.2559919059276581,0.9075988531112671,0.28056007623672485,-6.86394739151001,6.811416149139404,0.011793076992034912,0.059028640389442444,252945,3.8072402821853757,13.33381625590846,11.857882491312921,0.25599030833325703,0.7440096916667429,81526,0.03574234092694423,0.9642576590730558,1920,0.11216636002063751,0.0013609786983579397,11.97338372003287,0.48330017924308777,0.5166998207569122,0.5687738060951233,0.6075093150138855,0.10970395803451538,0.5273985266685486,0.4726014733314514,0.6016519069671631,0.6595552563667297,0.49429935216903687,0.5273985266685486,0.4726014733314514,0.5273985266685486,0.4726014733314514,0.4783014158414786,0.5216985841585213,0.9437505602836609,0.4132860173877708,0.5867139826122292,0.15729570905451373,0.34767933057497674,0.6523206694250232,0.3119369896480326,0.11737323017798351,0.11737323017798351,0.0446065329015255,0.014853030443191528,0.8826267698220165,0.11737323017798351,0.07709580659866333,0.01116448175162077,222062
acdc_b1_mit-b1_guard_gt_risk_s137_j13387384,2026-07-10 23:13:24,acdc,val,all,student_skd,/scratch/gautschi/manors/hf_cache/hub/models--nvidia--mit-b1/snapshots/13ddceec4e8bdf401e7cd7acf5aebc526222518c,runs/mit-b1_skd_j9200315/student_skd.ckpt,skd,GOPR0476_frame_000944_rgb_anon,/home/manors/Guardrail-Distillation/data/acdc/rgb_anon/fog/val/GOPR0476/GOPR0476_frame_000944_rgb_anon.png,fog,0.41076623800221757,0.5892337619977824,0.8612585067749023,0.9525145888328552,0.12258238345384598,0.12176519632339478,0.28292182087898254,0.9029585123062134,0.29379409551620483,-5.768280029296875,5.7079176902771,0.01787172257900238,0.07106485217809677,253529,3.8072402821853757,13.33381625590846,11.857882491312921,0.4098609158575808,0.5901390841424192,80774,0.5668885345702391,0.43311146542976087,50590,0.12402774393558502,0.0015945950290188193,11.97338372003287,0.5168225765228271,0.48317742347717285,0.6430166363716125,0.6704744696617126,0.15353471040725708,0.5383084416389465,0.46169155836105347,0.6372441649436951,0.7165387868881226,0.5174696445465088,0.5383084416389465,0.46169155836105347,0.5383084416389465,0.46169155836105347,0.5535238421533482,0.44647615784665184,0.9429375529289246,0.4896491704657704,0.5103508295342296,0.07978825460818961,0.5918890996426526,0.40811090035734743,0.02500056507241344,0.1427576041511306,0.1427576041511306,0.09614285081624985,0.01446382887661457,0.8572423958488694,0.1427576041511306,0.12632085382938385,0.03303369879722595,220019
acdc_b1_mit-b1_guard_gt_risk_s137_j13387384,2026-07-10 23:13:24,acdc,val,all,student_skd,/scratch/gautschi/manors/hf_cache/hub/models--nvidia--mit-b1/snapshots/13ddceec4e8bdf401e7cd7acf5aebc526222518c,runs/mit-b1_skd_j9200315/student_skd.ckpt,skd,GOPR0476_frame_000948_rgb_anon,/home/manors/Guardrail-Distillation/data/acdc/rgb_anon/fog/val/GOPR0476/GOPR0476_frame_000948_rgb_anon.png,fog,0.41832569373819223,0.5816743062618077,0.8902495503425598,0.9576518535614014,0.1129203662276268,0.11137475818395615,0.2631899416446686,0.9078071117401123,0.2853245437145233,-6.506486415863037,6.45358943939209,0.0135185020044446,0.0597885400056839,254614,3.8072402821853757,13.33381625590846,11.857882491312921,0.3529878538339931,0.6470121461660069,82090,0.8206967057038708,0.17930329429612923,4738,0.11316627264022827,0.0014455890050157905,11.97338372003287,0.5070227980613708,0.49297720193862915,0.6287637948989868,0.6488111615180969,0.1295030117034912,0.5323305726051331,0.46766942739486694,0.6319277286529541,0.6936599612236023,0.5131855607032776,0.5323305726051331,0.46766942739486694,0.5323305726051331,0.46766942739486694,0.6081035534673556,0.39189644653264444,0.9489226341247559,0.552015585854596,0.447984414145404,0.19902773202060287,0.8318896981200848,0.16811030187991516,0.011192992416214076,0.18977785972916328,0.18977785972916328,0.0709269717335701,0.012253843247890472,0.8102221402708367,0.18977785972916328,0.09164460748434067,0.020827604457736015,222800
acdc_b1_mit-b1_guard_gt_risk_s137_j13387384,2026-07-10 23:13:24,acdc,val,all,student_skd,/scratch/gautschi/manors/hf_cache/hub/models--nvidia--mit-b1/snapshots/13ddceec4e8bdf401e7cd7acf5aebc526222518c,runs/mit-b1_skd_j9200315/student_skd.ckpt,skd,GOPR0476_frame_000952_rgb_anon,/home/manors/Guardrail-Distillation/data/acdc/rgb_anon/fog/val/GOPR0476/GOPR0476_frame_000952_rgb_anon.png,fog,0.47189811760529693,0.528101882394703,0.9369200468063354,0.9582171440124512,0.10649354010820389,0.10902012884616852,0.23632250726222992,0.9006274938583374,0.3155437707901001,-6.117613792419434,6.066680908203125,0.006965375039726496,0.05562411621212959,252822,3.8072402821853757,13.33381625590846,11.857882491312921,0.3960942044211861,0.6039057955788139,82991,0.4796423135464231,0.5203576864535768,2628,0.11100685596466064,0.0014076055958867073,11.97338372003287,0.4724176228046417,0.5275823771953583,0.5495362877845764,0.564404308795929,0.1267695128917694,0.5316500067710876,0.46834999322891235,0.6125718355178833,0.6526592373847961,0.4955863654613495,0.5316500067710876,0.46834999322891235,0.5316500067710876,0.46834999322891235,0.5294835707198685,0.4705164292801315,0.9544541239738464,0.5053684349881111,0.4946315650118889,0.10927423056692498,0.4958143074581431,0.5041856925418569,0.016171993911719973,0.05758545311457153,0.05758545311457153,0.041800159960985184,0.024266084656119347,0.9424145468854285,0.05758545311457153,0.06896156072616577,0.006803205236792564,220732
acdc_b1_mit-b1_guard_gt_risk_s137_j13387384,2026-07-10 23:13:24,acdc,val,all,student_skd,/scratch/gautschi/manors/hf_cache/hub/models--nvidia--mit-b1/snapshots/13ddceec4e8bdf401e7cd7acf5aebc526222518c,runs/mit-b1_skd_j9200315/student_skd.ckpt,skd,GOPR0476_frame_000957_rgb_anon,/home/manors/Guardrail-Distillation/data/acdc/rgb_anon/fog/val/GOPR0476/GOPR0476_frame_000957_rgb_anon.png,fog,0.38743914989369266,0.6125608501063073,0.9091123938560486,0.9481302499771118,0.12010803818702698,0.13813556730747223,0.2787449061870575,0.8840602040290833,0.353348970413208,-6.208975315093994,6.14481782913208,0.013528947718441486,0.07155594974756241,249539,3.7604899844154716,13.363909267354757,11.858792742714286,0.31647667317866085,0.6835233268213392,81438,0.2896797153024911,0.710320284697509,2017,0.14071081578731537,0.0016783003229647875,12.007048993837088,0.4896400272846222,0.5103599727153778,0.5673305988311768,0.5877933502197266,0.2015758752822876,0.5502240657806396,0.44977593421936035,0.6563097834587097,0.7239444255828857,0.5073240399360657,0.5502240657806396,0.44977593421936035,0.5502240657806396,0.44977593421936035,0.4723953000609871,0.5276046999390129,0.9445337057113647,0.357995449476224,0.6420045505237759,0.04151877629756329,0.28750295298842427,0.7124970470115757,0.0,0.08495615016729441,0.08495615016729441,0.06037934124469757,0.024958021938800812,0.9150438498327056,0.08495615016729441,0.09440608322620392,0.016286032274365425,211293
acdc_b1_mit-b1_guard_gt_risk_s137_j13387384,2026-07-10 23:13:24,acdc,val,all,student_skd,/scratch/gautschi/manors/hf_cache/hub/models--nvidia--mit-b1/snapshots/13ddceec4e8bdf401e7cd7acf5aebc526222518c,runs/mit-b1_skd_j9200315/student_skd.ckpt,skd,GOPR0476_frame_000962_rgb_anon,/home/manors/Guardrail-Distillation/data/acdc/rgb_anon/fog/val/GOPR0476/GOPR0476_frame_000962_rgb_anon.png,fog,0.47480037506253014,0.5251996249374699,0.953569769859314,0.9730168581008911,0.08953814953565598,0.0719270184636116,0.20975756645202637,0.9361327886581421,0.20572806894779205,-7.174446105957031,7.141186714172363,0.006167985964566469,0.0359189547598362,237841,3.7604899844154716,13.363909267354757,11.858792742714286,0.35475105657468886,0.6452489434253111,76040,0.407647523081925,0.592352476918075,5693,0.07329129427671432,0.0009928039507940412,12.007048993837088,0.4699369966983795,0.5300630033016205,0.5550199151039124,0.586192786693573,0.08629177510738373,0.5215595960617065,0.47844040393829346,0.5754924416542053,0.6347206830978394,0.49166804552078247,0.5215595960617065,0.47844040393829346,0.5215595960617065,0.47844040393829346,0.5171840395771442,0.4828159604228558,0.969164252281189,0.39090814073156327,0.6090918592684367,0.036157084156874464,0.3717386469804044,0.6282613530195956,0.0,0.04238366451461406,0.04238366451461406,0.02407490648329258,0.008480454795062542,0.9576163354853859,0.04238366451461406,0.03760074824094772,0.006958430167287588,218999
acdc_b1_mit-b1_guard_gt_risk_s137_j13387384,2026-07-10 23:13:24,acdc,val,all,student_skd,/scratch/gautschi/manors/hf_cache/hub/models--nvidia--mit-b1/snapshots/13ddceec4e8bdf401e7cd7acf5aebc526222518c,runs/mit-b1_skd_j9200315/student_skd.ckpt,skd,GOPR0476_frame_000982_rgb_anon,/home/manors/Guardrail-Distillation/data/acdc/rgb_anon/fog/val/GOPR0476/GOPR0476_frame_000982_rgb_anon.png,fog,0.5449479796341601,0.4550520203658399,0.92226243019104,0.9578726887702942,0.11120641231536865,0.10675136744976044,0.24674636125564575,0.9104427695274353,0.26795119047164917,-7.013158798217773,6.960850715637207,0.010410021990537643,0.05946098268032074,241402,3.7604899844154716,13.363909267354757,11.858792742714286,0.31810058395561636,0.6818994160443836,74177,0.6958918004710826,0.30410819952891743,8152,0.10861995816230774,0.0014624901814386249,12.007048993837088,0.49807825684547424,0.5019217431545258,0.5839310884475708,0.6476865410804749,0.1930045634508133,0.5481019616127014,0.4518980383872986,0.6321790814399719,0.7482168674468994,0.5238017439842224,0.5481019616127014,0.4518980383872986,0.5481019616127014,0.4518980383872986,0.6580114462274137,0.3419885537725863,0.9552282094955444,0.46677112544844035,0.5332288745515597,0.148670541492824,0.9856430686172065,0.01435693138279348,0.28975126814612395,0.11306346659325361,0.11306346659325361,0.04773365706205368,0.014767897315323353,0.8869365334067464,0.11306346659325361,0.07021897286176682,0.014084390364587307,211668
acdc_b1_mit-b1_guard_gt_risk_s137_j13387384,2026-07-10 23:13:24,acdc,val,all,student_skd,/scratch/gautschi/manors/hf_cache/hub/models--nvidia--mit-b1/snapshots/13ddceec4e8bdf401e7cd7acf5aebc526222518c,runs/mit-b1_skd_j9200315/student_skd.ckpt,skd,GOPR0476_frame_001002_rgb_anon,/home/manors/Guardrail-Distillation/data/acdc/rgb_anon/fog/val/GOPR0476/GOPR0476_frame_001002_rgb_anon.png,fog,0.4561133535068353,0.5438866464931646,0.8050671219825745,0.9379866123199463,0.12734609842300415,0.15938708186149597,0.2805791199207306,0.8640006184577942,0.4082883298397064,-5.604227066040039,5.52799129486084,0.013706065714359283,0.0838567391037941,254267,3.7604899844154716,13.363909267354757,11.858792742714286,0.3162249654882723,0.6837750345117277,81884,0.33266360505166476,0.6673363949483353,8101,0.16201844811439514,0.001696348306722939,12.007048993837088,0.5303986668586731,0.4696013331413269,0.6899904012680054,0.7220996618270874,0.3428907096385956,0.5848925113677979,0.41510748863220215,0.740017294883728,0.8824612498283386,0.5507336854934692,0.5848925113677979,0.41510748863220215,0.5848925113677979,0.41510748863220215,0.5638643822096044,0.43613561779039556,0.8754183650016785,0.48285676948043493,0.5171432305195651,0.1666318039921626,0.435361488904796,0.564638511095204,0.10269788385313128,0.10775102870276909,0.10775102870276909,0.08519784361124039,0.014846598729491234,0.8922489712972309,0.10775102870276909,0.1130976527929306,0.019149161875247955,206397
acdc_b1_mit-b1_guard_gt_risk_s137_j13387384,2026-07-10 23:13:24,acdc,val,all,student_skd,/scratch/gautschi/manors/hf_cache/hub/models--nvidia--mit-b1/snapshots/13ddceec4e8bdf401e7cd7acf5aebc526222518c,runs/mit-b1_skd_j9200315/student_skd.ckpt,skd,GOPR0476_frame_001007_rgb_anon,/home/manors/Guardrail-Distillation/data/acdc/rgb_anon/fog/val/GOPR0476/GOPR0476_frame_001007_rgb_anon.png,fog,0.5755914085169784,0.42440859148302157,0.9332477450370789,0.9562228322029114,0.1067751944065094,0.11749298870563507,0.24122357368469238,0.8893610835075378,0.3600400686264038,-5.2451982498168945,5.192093372344971,0.007891887798905373,0.05345069617033005,249370,3.6501590511761606,13.321593753062189,11.810369731392711,0.5336842055178415,0.46631579448215854,78880,0.581529131580206,0.418470868419794,67503,0.11964811384677887,0.0012210312997922301,12.039164488669485,0.491636723279953,0.508363276720047,0.5734375715255737,0.5996161699295044,0.18486830592155457,0.5460858941078186,0.4539141058921814,0.6455173492431641,0.7093178033828735,0.5086100101470947,0.5460858941078186,0.4539141058921814,0.5460858941078186,0.4539141058921814,0.6566273521965085,0.3433726478034915,0.9532381296157837,0.5992885626647977,0.4007114373352023,0.06560435714695623,0.6274531537200495,0.3725468462799505,0.04592402213984348,0.08103594367953004,0.08103594367953004,0.0337490476667881,0.013758671469986439,0.91896405632047,0.08103594367953004,0.05412840098142624,0.007992140017449856,215184
acdc_b1_mit-b1_guard_gt_risk_s137_j13387384,2026-07-10 23:13:24,acdc,val,all,student_skd,/scratch/gautschi/manors/hf_cache/hub/models--nvidia--mit-b1/snapshots/13ddceec4e8bdf401e7cd7acf5aebc526222518c,runs/mit-b1_skd_j9200315/student_skd.ckpt,skd,GOPR0476_frame_001011_rgb_anon,/home/manors/Guardrail-Distillation/data/acdc/rgb_anon/fog/val/GOPR0476/GOPR0476_frame_001011_rgb_anon.png,fog,0.40970158476531604,0.590298415234684,0.8871197700500488,0.9592598080635071,0.10734609514474869,0.10303784161806107,0.2347596287727356,0.9088386297225952,0.27848923206329346,-6.238215923309326,6.188060283660889,0.00854822900146246,0.05422472953796387,252099,3.6501590511761606,13.321593753062189,11.810369731392711,0.24981932040162871,0.7501806795983713,79012,0.13302034428794993,0.86697965571205,3553,0.10475578159093857,0.001061418792232871,12.039164488669485,0.4860316514968872,0.5139683485031128,0.5580862164497375,0.6226652264595032,0.11169640719890594,0.5278950929641724,0.47210490703582764,0.5897696018218994,0.6289529204368591,0.5058020949363708,0.5278950929641724,0.47210490703582764,0.5278950929641724,0.47210490703582764,0.48284125319559434,0.5171587468044057,0.9246208667755127,0.38141541929089606,0.6185845807091039,0.13159609888926738,0.05299145299145299,0.947008547008547,0.0,0.0731396684302783,0.0731396684302783,0.04851268604397774,0.011011547408998013,0.9268603315697217,0.0731396684302783,0.06514107435941696,0.013796167448163033,221139
acdc_b1_mit-b1_guard_gt_risk_s137_j13387384,2026-07-10 23:13:24,acdc,val,all,student_skd,/scratch/gautschi/manors/hf_cache/hub/models--nvidia--mit-b1/snapshots/13ddceec4e8bdf401e7cd7acf5aebc526222518c,runs/mit-b1_skd_j9200315/student_skd.ckpt,skd,GOPR0476_frame_001015_rgb_anon,/home/manors/Guardrail-Distillation/data/acdc/rgb_anon/fog/val/GOPR0476/GOPR0476_frame_001015_rgb_anon.png,fog,0.476330015007405,0.523669984992595,0.9031941890716553,0.9660404920578003,0.09891252964735031,0.08985608071088791,0.2251804918050766,0.919882595539093,0.2532089650630951,-6.7514543533325195,6.709665775299072,0.007910341955721378,0.045098040252923965,252960,3.6501590511761606,13.321593753062189,11.810369731392711,0.3180037038259448,0.6819962961740552,79703,0.42545292545292546,0.5745470745470745,3371,0.09121066331863403,0.0008194237598218024,12.039164488669485,0.5195381045341492,0.48046189546585083,0.6858233213424683,0.7221291065216064,0.10931343585252762,0.5273011922836304,0.47269880771636963,0.5976640582084656,0.6681652665138245,0.5212478637695312,0.5273011922836304,0.47269880771636963,0.5273011922836304,0.47269880771636963,0.6500008838741915,0.3499991161258085,0.9568666815757751,0.513337763514276,0.48666223648572404,0.19533405968833117,0.43870871764355845,0.5612912823564415,0.013255792190632998,0.1736708688667865,0.1736708688667865,0.0673149898648262,0.01364247314631939,0.8263291311332135,0.1736708688667865,0.08724304288625717,0.03123023360967636,227466
acdc_b1_mit-b1_guard_gt_risk_s137_j13387384,2026-07-10 23:13:24,acdc,val,all,student_skd,/scratch/gautschi/manors/hf_cache/hub/models--nvidia--mit-b1/snapshots/13ddceec4e8bdf401e7cd7acf5aebc526222518c,runs/mit-b1_skd_j9200315/student_skd.ckpt,skd,GOPR0476_frame_001019_rgb_anon,/home/manors/Guardrail-Distillation/data/acdc/rgb_anon/fog/val/GOPR0476/GOPR0476_frame_001019_rgb_anon.png,fog,0.40028225230972775,0.5997177476902722,0.9198191165924072,0.9667462706565857,0.09983975440263748,0.08534836769104004,0.22228406369686127,0.9256596565246582,0.22702224552631378,-6.747488021850586,6.70610237121582,0.00953463464975357,0.043468132615089417,248987,3.6501590511761606,13.321593753062189,11.810369731392711,0.2735853508119271,0.726414649188073,77246,0.47846232179226067,0.5215376782077393,9820,0.08657325059175491,0.0008023388800211251,12.039164488669485,0.49483639001846313,0.5051636099815369,0.5972467064857483,0.6357380747795105,0.09453775733709335,0.5236168503761292,0.47638314962387085,0.5914323329925537,0.6404359340667725,0.5038673877716064,0.5236168503761292,0.47638314962387085,0.5236168503761292,0.47638314962387085,0.5711881367104258,0.4288118632895742,0.9697654843330383,0.4981413862660068,0.5018586137339932,0.22455603545407976,0.703766475752253,0.29623352424774696,0.22530415395999237,0.17090588440069798,0.17090588440069798,0.060493119060993195,0.010546735487878323,0.829094115599302,0.17090588440069798,0.07483121752738953,0.030218446627259254,224564
acdc_b1_mit-b1_guard_gt_risk_s137_j13387384,2026-07-10 23:13:24,acdc,val,all,student_skd,/scratch/gautschi/manors/hf_cache/hub/models--nvidia--mit-b1/snapshots/13ddceec4e8bdf401e7cd7acf5aebc526222518c,runs/mit-b1_skd_j9200315/student_skd.ckpt,skd,GOPR0476_frame_001024_rgb_anon,/home/manors/Guardrail-Distillation/data/acdc/rgb_anon/fog/val/GOPR0476/GOPR0476_frame_001024_rgb_anon.png,fog,0.4393478647224384,0.5606521352775615,0.8642539381980896,0.9482560157775879,0.11993969976902008,0.1329517364501953,0.26786088943481445,0.8869764804840088,0.338266521692276,-6.092709064483643,6.028666019439697,0.013032494112849236,0.06961189955472946,246998,3.730959491804242,13.349321496207267,11.866265267599374,0.24193652285545184,0.7580634771445481,75938,0.13154991726420298,0.868450082735797,1875,0.13476720452308655,0.0013269656337797642,12.06340198405087,0.5178418159484863,0.48215818405151367,0.6524067521095276,0.703246533870697,0.13885398209095,0.5346578359603882,0.4653421640396118,0.6161901354789734,0.661363422870636,0.5261762738227844,0.5346578359603882,0.4653421640396118,0.5346578359603882,0.4653421640396118,0.5486573164889488,0.4513426835110512,0.9354286193847656,0.4193454099013707,0.5806545900986293,0.17740888704591884,0.37093215664644236,0.6290678433535577,0.23938223938223935,0.1093094517665103,0.1093094517665103,0.08742985874414444,0.016255192458629608,0.8906905482334897,0.1093094517665103,0.1106729581952095,0.026060938835144043,208674
acdc_b1_mit-b1_guard_gt_risk_s137_j13387384,2026-07-10 23:13:25,acdc,val,all,student_skd,/scratch/gautschi/manors/hf_cache/hub/models--nvidia--mit-b1/snapshots/13ddceec4e8bdf401e7cd7acf5aebc526222518c,runs/mit-b1_skd_j9200315/student_skd.ckpt,skd,GOPR0476_frame_001029_rgb_anon,/home/manors/Guardrail-Distillation/data/acdc/rgb_anon/fog/val/GOPR0476/GOPR0476_frame_001029_rgb_anon.png,fog,0.4192235307672898,0.5807764692327102,0.9102189540863037,0.9566694498062134,0.11218179017305374,0.10858560353517532,0.24581682682037354,0.9079899191856384,0.27014070749282837,-6.802408218383789,6.748605251312256,0.009831085801124573,0.060829587280750275,243615,3.730959491804242,13.349321496207267,11.866265267599374,0.2943575265571698,0.7056424734428302,74367,0.6821873308067136,0.31781266919328643,1847,0.10994511842727661,0.0010083293309435248,12.06340198405087,0.503889799118042,0.496110200881958,0.613375723361969,0.6856104731559753,0.13893085718154907,0.5346769690513611,0.4653230309486389,0.6225897073745728,0.6755257844924927,0.5157597661018372,0.5346769690513611,0.4653230309486389,0.5346769690513611,0.4653230309486389,0.48674772805492494,0.5132522719450751,0.9528271555900574,0.3889729537158811,0.611027046284119,0.09461542715871119,0.4168922577152139,0.5831077422847861,0.0,0.06752419728763515,0.06752419728763515,0.05389651656150818,0.011288302950561047,0.9324758027123649,0.06752419728763515,0.07112041115760803,0.012310407124459743,212958
acdc_b1_mit-b1_guard_gt_risk_s137_j13387384,2026-07-10 23:13:25,acdc,val,all,student_skd,/scratch/gautschi/manors/hf_cache/hub/models--nvidia--mit-b1/snapshots/13ddceec4e8bdf401e7cd7acf5aebc526222518c,runs/mit-b1_skd_j9200315/student_skd.ckpt,skd,GOPR0476_frame_001033_rgb_anon,/home/manors/Guardrail-Distillation/data/acdc/rgb_anon/fog/val/GOPR0476/GOPR0476_frame_001033_rgb_anon.png,fog,0.4554706881186961,0.5445293118813039,0.9074340462684631,0.9652023315429688,0.10298840701580048,0.09054452180862427,0.2364313155412674,0.9237895607948303,0.2321852147579193,-7.100164413452148,7.056768417358398,0.00989543553441763,0.048956580460071564,247791,3.730959491804242,13.349321496207267,11.866265267599374,0.32921138861359694,0.670788611386403,76423,0.8786011958688168,0.1213988041311832,5519,0.09201943874359131,0.0009236918995156884,12.06340198405087,0.5090997815132141,0.4909002184867859,0.6488876938819885,0.7060949802398682,0.15491990745067596,0.5386527180671692,0.4613472819328308,0.6453832983970642,0.7218226194381714,0.5225261449813843,0.5386527180671692,0.4613472819328308,0.5386527180671692,0.4613472819328308,0.49000351463798886,0.5099964853620111,0.9289522171020508,0.37354859233612564,0.6264514076638743,0.044337203722528695,0.9932958869360391,0.006704113063960904,0.1146946910672223,0.03453282651929279,0.03453282651929279,0.03510216251015663,0.013584027998149395,0.9654671734807072,0.03453282651929279,0.058831837028265,0.008575775660574436,222896
acdc_b1_mit-b1_guard_gt_risk_s137_j13387384,2026-07-10 23:13:25,acdc,val,all,student_skd,/scratch/gautschi/manors/hf_cache/hub/models--nvidia--mit-b1/snapshots/13ddceec4e8bdf401e7cd7acf5aebc526222518c,runs/mit-b1_skd_j9200315/student_skd.ckpt,skd,GOPR0476_frame_001039_rgb_anon,/home/manors/Guardrail-Distillation/data/acdc/rgb_anon/fog/val/GOPR0476/GOPR0476_frame_001039_rgb_anon.png,fog,0.37866293929564093,0.6213370607043591,0.923410177230835,0.9671329259872437,0.09784707427024841,0.07734976708889008,0.2037995606660843,0.9342158436775208,0.19030846655368805,-6.670242786407471,6.629980564117432,0.0031164188403636217,0.04863062873482704,248362,3.730959491804242,13.349321496207267,11.866265267599374,0.3256165687240928,0.6743834312759072,77688,0.2161404885508471,0.7838595114491529,2551,0.07844371348619461,0.0008119752164930105,12.06340198405087,0.5395761728286743,0.4604238271713257,0.706788182258606,0.7273807525634766,0.1017705574631691,0.5254207253456116,0.4745792746543884,0.5958724617958069,0.6663289666175842,0.5364117622375488,0.5254207253456116,0.4745792746543884,0.5254207253456116,0.4745792746543884,0.5128135500139417,0.4871864499860583,0.970204770565033,0.39612183014335456,0.6038781698566454,0.07050526141926172,0.36063217076250254,0.6393678292374975,0.14449168221165543,0.1341506107183008,0.1341506107183008,0.052032917737960815,0.0052383216097950935,0.8658493892816992,0.1341506107183008,0.060069575905799866,0.013097817078232765,223606
acdc_b1_mit-b1_guard_gt_risk_s137_j13387384,2026-07-10 23:13:25,acdc,val,all,student_skd,/scratch/gautschi/manors/hf_cache/hub/models--nvidia--mit-b1/snapshots/13ddceec4e8bdf401e7cd7acf5aebc526222518c,runs/mit-b1_skd_j9200315/student_skd.ckpt,skd,GOPR0476_frame_001055_rgb_anon,/home/manors/Guardrail-Distillation/data/acdc/rgb_anon/fog/val/GOPR0476/GOPR0476_frame_001055_rgb_anon.png,fog,0.4681193291131263,0.5318806708868737,0.8588910698890686,0.9593400359153748,0.10498078167438507,0.10494201630353928,0.22805505990982056,0.9056430459022522,0.28900015354156494,-6.3301801681518555,6.280611991882324,0.007513994351029396,0.05398736894130707,250466,3.6499437410384417,13.350044027902186,11.882385239005089,0.334527715206876,0.665472284793124,78914,0.5347194469082444,0.46528055309175564,20914,0.10665131360292435,0.0011144895106554031,11.98929629754275,0.5195207595825195,0.48047924041748047,0.6385225057601929,0.6844779849052429,0.12630870938301086,0.531535267829895,0.468464732170105,0.6087341904640198,0.6478946208953857,0.5176624655723572,0.531535267829895,0.468464732170105,0.531535267829895,0.468464732170105,0.4813483246089303,0.5186516753910697,0.9183921813964844,0.368990459610964,0.631009540389036,0.03446274440408803,0.5105688767721785,0.48943112322782145,0.0,0.01322899549580403,0.01322899549580403,0.07658924162387848,0.0170881487429142,0.986771004504196,0.01322899549580403,0.09917114675045013,0.0368553027510643,219724
acdc_b1_mit-b1_guard_gt_risk_s137_j13387384,2026-07-10 23:13:25,acdc,val,all,student_skd,/scratch/gautschi/manors/hf_cache/hub/models--nvidia--mit-b1/snapshots/13ddceec4e8bdf401e7cd7acf5aebc526222518c,runs/mit-b1_skd_j9200315/student_skd.ckpt,skd,GOPR0476_frame_001060_rgb_anon,/home/manors/Guardrail-Distillation/data/acdc/rgb_anon/fog/val/GOPR0476/GOPR0476_frame_001060_rgb_anon.png,fog,0.44048492716213006,0.5595150728378699,0.8852531313896179,0.9633029103279114,0.09900909662246704,0.09070265293121338,0.2063048928976059,0.9198887944221497,0.23263905942440033,-6.848995685577393,6.804603576660156,0.0032618751283735037,0.04910604655742645,252922,3.6499437410384417,13.350044027902186,11.882385239005089,0.3437999784868225,0.6562000215131776,80628,0.328435718809373,0.671564281190627,8159,0.09217055886983871,0.0009149014949798584,11.98929629754275,0.5219058394432068,0.4780941605567932,0.6857686638832092,0.7115399837493896,0.1249602660536766,0.5311995148658752,0.46880048513412476,0.6058186292648315,0.6576157212257385,0.5262944102287292,0.5311995148658752,0.46880048513412476,0.5311995148658752,0.46880048513412476,0.5716948501948514,0.42830514980514856,0.9548318982124329,0.4513808983842895,0.5486191016157105,0.1075809198974671,0.3270251075740485,0.6729748924259515,0.0,0.1312099230327214,0.1312099230327214,0.07529594004154205,0.005717177409678698,0.8687900769672786,0.1312099230327214,0.08492736518383026,0.03165007382631302,224869
acdc_b1_mit-b1_guard_gt_risk_s137_j13387384,2026-07-10 23:13:25,acdc,val,all,student_skd,/scratch/gautschi/manors/hf_cache/hub/models--nvidia--mit-b1/snapshots/13ddceec4e8bdf401e7cd7acf5aebc526222518c,runs/mit-b1_skd_j9200315/student_skd.ckpt,skd,GP010476_frame_000001_rgb_anon,/home/manors/Guardrail-Distillation/data/acdc/rgb_anon/fog/val/GP010476/GP010476_frame_000001_rgb_anon.png,fog,0.3909841430920915,0.6090158569079085,0.8593336939811707,0.9642177820205688,0.09775085002183914,0.09092605859041214,0.21127067506313324,0.9186619520187378,0.2454455941915512,-6.635079383850098,6.591721534729004,0.005303050857037306,0.044881630688905716,254759,3.6499437410384417,13.350044027902186,11.882385239005089,0.32796959939458753,0.6720304006054125,83139,0.4570100143061516,0.5429899856938484,7921,0.09223417937755585,0.0009906536433845758,11.98929629754275,0.5304216146469116,0.4695783853530884,0.6802064180374146,0.7022466063499451,0.12809231877326965,0.5319793820381165,0.46802061796188354,0.6188248991966248,0.6782347559928894,0.5299105048179626,0.5319793820381165,0.46802061796188354,0.5319793820381165,0.46802061796188354,0.674806443697225,0.325193556302775,0.951169490814209,0.5917688717217768,0.40823112827822317,0.26379927232718936,0.8641861613348145,0.13581383866518548,0.4071761470286629,0.28382230060513347,0.28382230060513347,0.1008482500910759,0.009012438356876373,0.7161776993948665,0.28382230060513347,0.11879854649305344,0.05777616798877716,226497
acdc_b1_mit-b1_guard_gt_risk_s137_j13387384,2026-07-10 23:13:25,acdc,val,all,student_skd,/scratch/gautschi/manors/hf_cache/hub/models--nvidia--mit-b1/snapshots/13ddceec4e8bdf401e7cd7acf5aebc526222518c,runs/mit-b1_skd_j9200315/student_skd.ckpt,skd,GP010476_frame_000006_rgb_anon,/home/manors/Guardrail-Distillation/data/acdc/rgb_anon/fog/val/GP010476/GP010476_frame_000006_rgb_anon.png,fog,0.2744627785885055,0.7255372214114946,0.8772891759872437,0.967411994934082,0.09740464389324188,0.07995736598968506,0.20720143616199493,0.9303776621818542,0.20863217115402222,-6.82426643371582,6.784296035766602,0.004489087034016848,0.04716090112924576,255063,3.6499437410384417,13.350044027902186,11.882385239005089,0.2161959683676374,0.7838040316323626,81929,0.2825358531028012,0.7174641468971987,7898,0.08091441541910172,0.0008179027936421335,11.98929629754275,0.5316145420074463,0.4683854579925537,0.6990199685096741,0.719936192035675,0.12362048774957657,0.5308658480644226,0.4691341519355774,0.6075249314308167,0.6928064227104187,0.5291451811790466,0.5308658480644226,0.4691341519355774,0.5308658480644226,0.4691341519355774,0.46341832518670656,0.5365816748132934,0.9481422901153564,0.3337969495913912,0.6662030504086087,0.11760098122375384,0.2814057172829793,0.7185942827170206,0.0,0.18895554659820113,0.18895554659820113,0.08444973081350327,0.013596641831099987,0.8110444534017989,0.18895554659820113,0.11213308572769165,0.04451841488480568,230364
acdc_b1_mit-b1_guard_gt_risk_s137_j13387384,2026-07-10 23:13:25,acdc,val,all,student_skd,/scratch/gautschi/manors/hf_cache/hub/models--nvidia--mit-b1/snapshots/13ddceec4e8bdf401e7cd7acf5aebc526222518c,runs/mit-b1_skd_j9200315/student_skd.ckpt,skd,GP010476_frame_000010_rgb_anon,/home/manors/Guardrail-Distillation/data/acdc/rgb_anon/fog/val/GP010476/GP010476_frame_000010_rgb_anon.png,fog,0.36018890699120243,0.6398110930087976,0.906245231628418,0.9669991731643677,0.09734131395816803,0.08434835821390152,0.21560433506965637,0.9271098971366882,0.21890221536159515,-7.12130880355835,7.08085298538208,0.006727610249072313,0.044345706701278687,254771,3.6648964742198586,13.364806771278381,11.890222958754748,0.24973981139485354,0.7502601886051464,82329,0.4751135841543723,0.5248864158456277,19589,0.08563019335269928,0.0008731447742320597,12.00358651112765,0.5340726375579834,0.4659273624420166,0.6905019283294678,0.7294458150863647,0.11103517562150955,0.5277303457260132,0.4722696542739868,0.6022516489028931,0.6639542579650879,0.5287376046180725,0.5277303457260132,0.4722696542739868,0.5277303457260132,0.4722696542739868,0.4088235158622068,0.5911764841377932,0.9502965211868286,0.3232234697204593,0.6767765302795408,0.07348365832560566,0.47822757670120986,0.5217724232987901,0.0031139925468375296,0.04863460887100435,0.04863460887100435,0.05482963100075722,0.010778306983411312,0.9513653911289957,0.04863460887100435,0.07194696366786957,0.02504602260887623,229656
acdc_b1_mit-b1_guard_gt_risk_s137_j13387384,2026-07-10 23:13:25,acdc,val,all,student_skd,/scratch/gautschi/manors/hf_cache/hub/models--nvidia--mit-b1/snapshots/13ddceec4e8bdf401e7cd7acf5aebc526222518c,runs/mit-b1_skd_j9200315/student_skd.ckpt,skd,GP010476_frame_000014_rgb_anon,/home/manors/Guardrail-Distillation/data/acdc/rgb_anon/fog/val/GP010476/GP010476_frame_000014_rgb_anon.png,fog,0.573362003900537,0.42663799609946296,0.8898077011108398,0.9452360272407532,0.12482775002717972,0.13910049200057983,0.276813268661499,0.8850964307785034,0.3395385146141052,-6.409192085266113,6.341009140014648,0.013205978088080883,0.07893002778291702,255036,3.6648964742198586,13.364806771278381,11.890222958754748,0.45533653596309903,0.544663464036901,81912,0.49043899026409377,0.5095610097359062,34400,0.1413096785545349,0.0014211370144039392,12.00358651112765,0.5307692885398865,0.4692307114601135,0.6675091981887817,0.7167978286743164,0.2447737157344818,0.560889720916748,0.43911027908325195,0.7046489119529724,0.7968496680259705,0.5389794111251831,0.560889720916748,0.43911027908325195,0.560889720916748,0.43911027908325195,0.5574463464374335,0.4425536535625665,0.941349446773529,0.4336363866621409,0.5663636133378591,0.0,0.3309333644260479,0.6690666355739521,0.0,0.0,0.0,0.07015087455511093,0.01860913634300232,1.0,0.0,0.10463620722293854,0.01914631575345993,214599
acdc_b1_mit-b1_guard_gt_risk_s137_j13387384,2026-07-10 23:13:25,acdc,val,all,student_skd,/scratch/gautschi/manors/hf_cache/hub/models--nvidia--mit-b1/snapshots/13ddceec4e8bdf401e7cd7acf5aebc526222518c,runs/mit-b1_skd_j9200315/student_skd.ckpt,skd,GP010476_frame_000018_rgb_anon,/home/manors/Guardrail-Distillation/data/acdc/rgb_anon/fog/val/GP010476/GP010476_frame_000018_rgb_anon.png,fog,0.44368163637085195,0.556318363629148,0.9111667275428772,0.9523779153823853,0.11674898862838745,0.11607462167739868,0.25194934010505676,0.9048764705657959,0.27180448174476624,-6.385899543762207,6.326895236968994,0.00985707063227892,0.06825752556324005,250683,3.6648964742198586,13.364806771278381,11.890222958754748,0.3519354132027761,0.6480645867972239,78450,0.46035259704324455,0.5396474029567555,12649,0.11765415221452713,0.001130551565438509,12.00358651112765,0.5209399461746216,0.4790600538253784,0.6774622797966003,0.7226161956787109,0.2620137333869934,0.5651312470436096,0.4348687529563904,0.6824049949645996,0.7735220193862915,0.5354060530662537,0.5651312470436096,0.4348687529563904,0.5651312470436096,0.4348687529563904,0.6160519255876735,0.3839480744123265,0.9451459050178528,0.48540572756717487,0.5145942724328252,0.1334703143643987,0.9765198829947032,0.02348011700529684,0.5161672859514587,0.17237028921682152,0.17237028921682152,0.05417998135089874,0.020200813189148903,0.8276297107831785,0.17237028921682152,0.07975810766220093,0.015493672341108322,214817
acdc_b1_mit-b1_guard_gt_risk_s137_j13387384,2026-07-10 23:13:25,acdc,val,all,student_skd,/scratch/gautschi/manors/hf_cache/hub/models--nvidia--mit-b1/snapshots/13ddceec4e8bdf401e7cd7acf5aebc526222518c,runs/mit-b1_skd_j9200315/student_skd.ckpt,skd,GP010476_frame_000022_rgb_anon,/home/manors/Guardrail-Distillation/data/acdc/rgb_anon/fog/val/GP010476/GP010476_frame_000022_rgb_anon.png,fog,0.5080892849792933,0.4919107150207067,0.9127927422523499,0.9541024565696716,0.11156465858221054,0.11773083359003067,0.24488049745559692,0.8978617191314697,0.30487310886383057,-6.62037992477417,6.5641679763793945,0.00849410891532898,0.06073540449142456,257708,3.6648964742198586,13.364806771278381,11.890222958754748,0.41305830330882326,0.5869416966911767,83285,0.4750937332619175,0.5249062667380825,9335,0.1192966029047966,0.0011196128325536847,12.00358651112765,0.49613040685653687,0.5038695931434631,0.5873798131942749,0.631508469581604,0.1393929421901703,0.534791886806488,0.46520811319351196,0.6269891262054443,0.6634116172790527,0.5056387782096863,0.534791886806488,0.46520811319351196,0.534791886806488,0.46520811319351196,0.5566279904772126,0.44337200952278744,0.9555193781852722,0.469035956029423,0.530964043970577,0.055977652720599735,0.4742903053026245,0.5257096946973755,0.0,0.04853870549791928,0.04853870549791928,0.058597322553396225,0.015870673581957817,0.9514612945020807,0.04853870549791928,0.07933785021305084,0.025125334039330482,221905
acdc_b1_mit-b1_guard_gt_risk_s137_j13387384,2026-07-10 23:13:25,acdc,val,all,student_skd,/scratch/gautschi/manors/hf_cache/hub/models--nvidia--mit-b1/snapshots/13ddceec4e8bdf401e7cd7acf5aebc526222518c,runs/mit-b1_skd_j9200315/student_skd.ckpt,skd,GP010476_frame_000026_rgb_anon,/home/manors/Guardrail-Distillation/data/acdc/rgb_anon/fog/val/GP010476/GP010476_frame_000026_rgb_anon.png,fog,0.4424083736857762,0.5575916263142238,0.9169741868972778,0.9585486054420471,0.10585875809192657,0.11153268069028854,0.2427971363067627,0.899076521396637,0.32296836376190186,-5.744565486907959,5.6939167976379395,0.00862683355808258,0.05231527239084244,252584,3.7856874987483025,13.345889747142792,11.87061023665592,0.3719888868973822,0.6280111131026178,80056,0.8915710328452711,0.10842896715472894,2527,0.11333128064870834,0.0011490040924400091,12.023872695863247,0.48572030663490295,0.514279693365097,0.5617417693138123,0.5889390110969543,0.13480570912361145,0.5336505174636841,0.4663494825363159,0.6118540167808533,0.6488932967185974,0.5006086230278015,0.5336505174636841,0.4663494825363159,0.5336505174636841,0.4663494825363159,0.43166610345141593,0.568333896548584,0.9046772718429565,0.3474755658192347,0.6525244341807652,0.0,0.8428967154728928,0.1571032845271072,0.0,0.0,0.0,0.018203845247626305,0.0305007454007864,1.0,0.0,0.05769961699843407,0.001995375845581293,220785
acdc_b1_mit-b1_guard_gt_risk_s137_j13387384,2026-07-10 23:13:25,acdc,val,all,student_skd,/scratch/gautschi/manors/hf_cache/hub/models--nvidia--mit-b1/snapshots/13ddceec4e8bdf401e7cd7acf5aebc526222518c,runs/mit-b1_skd_j9200315/student_skd.ckpt,skd,GP010476_frame_000031_rgb_anon,/home/manors/Guardrail-Distillation/data/acdc/rgb_anon/fog/val/GP010476/GP010476_frame_000031_rgb_anon.png,fog,0.5209328343343066,0.4790671656656934,0.8953056335449219,0.9523053765296936,0.10983692109584808,0.11969663947820663,0.23339445888996124,0.8956055045127869,0.30410805344581604,-6.032810688018799,5.975189208984375,0.005696708802133799,0.06040868163108826,246107,3.7856874987483025,13.345889747142792,11.87061023665592,0.33389994444397453,0.6661000555560255,76342,0.6127428994151775,0.38725710058482254,4903,0.12138821929693222,0.0011478192172944546,12.023872695863247,0.49449315667152405,0.505506843328476,0.6196085214614868,0.6669076085090637,0.13582704961299896,0.5339046716690063,0.46609532833099365,0.6152257323265076,0.6685976386070251,0.5218927264213562,0.5339046716690063,0.46609532833099365,0.5339046716690063,0.46609532833099365,0.6055389797917426,0.39446102020825735,0.9356051683425903,0.43779751498000535,0.5622024850199947,0.10389757053603077,0.6407297273157964,0.35927027268420364,0.027986827900618905,0.08460614545743605,0.08460614545743605,0.06322859227657318,0.022929050028324127,0.915393854542564,0.08460614545743605,0.09048502892255783,0.02286403812468052,209096
acdc_b1_mit-b1_guard_gt_risk_s137_j13387384,2026-07-10 23:13:25,acdc,val,all,student_skd,/scratch/gautschi/manors/hf_cache/hub/models--nvidia--mit-b1/snapshots/13ddceec4e8bdf401e7cd7acf5aebc526222518c,runs/mit-b1_skd_j9200315/student_skd.ckpt,skd,GP010476_frame_000051_rgb_anon,/home/manors/Guardrail-Distillation/data/acdc/rgb_anon/fog/val/GP010476/GP010476_frame_000051_rgb_anon.png,fog,0.5455325628239219,0.45446743717607807,0.9456220865249634,0.9635062217712402,0.10538133233785629,0.09905067831277847,0.2536522150039673,0.9162008762359619,0.26636630296707153,-6.839139461517334,6.793489456176758,0.011755033396184444,0.049864429980516434,240833,3.7856874987483025,13.345889747142792,11.87061023665592,0.41886129483818335,0.5811387051618166,76333,0.4519676851703727,0.5480323148296273,13186,0.10116594284772873,0.001172372023575008,12.023872695863247,0.4830777943134308,0.5169222056865692,0.5787839889526367,0.6377673745155334,0.11133787035942078,0.527805745601654,0.47219425439834595,0.6023218035697937,0.6771876811981201,0.4999929666519165,0.527805745601654,0.47219425439834595,0.527805745601654,0.47219425439834595,0.5816831510123585,0.41831684898764154,0.96586012840271,0.43341767570784984,0.5665823242921502,0.014556380869666485,0.46942644967609415,0.5305735503239059,0.01745876450572148,0.03615058818843653,0.03615058818843653,0.02993360534310341,0.009695515036582947,0.9638494118115635,0.03615058818843653,0.04535508155822754,0.005331495311111212,215337
acdc_b1_mit-b1_guard_gt_risk_s137_j13387384,2026-07-10 23:13:25,acdc,val,all,student_skd,/scratch/gautschi/manors/hf_cache/hub/models--nvidia--mit-b1/snapshots/13ddceec4e8bdf401e7cd7acf5aebc526222518c,runs/mit-b1_skd_j9200315/student_skd.ckpt,skd,GP010476_frame_000058_rgb_anon,/home/manors/Guardrail-Distillation/data/acdc/rgb_anon/fog/val/GP010476/GP010476_frame_000058_rgb_anon.png,fog,0.5755475845953916,0.42445241540460843,0.9046251177787781,0.9449505805969238,0.12274716049432755,0.13995903730392456,0.26503971219062805,0.875158965587616,0.3901689350605011,-4.533196449279785,4.465217113494873,0.011940847150981426,0.07736357301473618,250066,3.7856874987483025,13.345889747142792,11.87061023665592,0.4939234916910509,0.5060765083089491,77100,0.8557821773999577,0.14421782260004234,76283,0.14321047067642212,0.002950773574411869,12.023872695863247,0.48893478512763977,0.5110652148723602,0.5998170375823975,0.6656199097633362,0.1935480535030365,0.5482365489006042,0.45176345109939575,0.6687033772468567,0.7157462239265442,0.5186594724655151,0.5482365489006042,0.45176345109939575,0.5482365489006042,0.45176345109939575,0.6980835607260472,0.30191643927395284,0.9751384854316711,0.5104055139476158,0.4895944860523842,0.01648202225656492,0.9411483446501282,0.0588516553498718,0.08536616725017054,0.12253597613065559,0.12253597613065559,0.07603592425584793,0.005522541701793671,0.8774640238693444,0.12253597613065559,0.08620523661375046,0.020426606759428978,209915
acdc_b1_mit-b1_guard_gt_risk_s137_j13387384,2026-07-10 23:13:25,acdc,val,all,student_skd,/scratch/gautschi/manors/hf_cache/hub/models--nvidia--mit-b1/snapshots/13ddceec4e8bdf401e7cd7acf5aebc526222518c,runs/mit-b1_skd_j9200315/student_skd.ckpt,skd,GP010476_frame_000063_rgb_anon,/home/manors/Guardrail-Distillation/data/acdc/rgb_anon/fog/val/GP010476/GP010476_frame_000063_rgb_anon.png,fog,0.41323209215754453,0.5867679078424555,0.8716471195220947,0.9547082185745239,0.11445705592632294,0.12226781994104385,0.2697156071662903,0.8954366445541382,0.3307590186595917,-6.125816345214844,6.069468975067139,0.013025077059864998,0.06039263308048248,249749,3.757002472411841,13.339489989448339,11.81910076411441,0.24873622030072814,0.7512637796992718,77508,0.344525912347942,0.655474087652058,7210,0.12498029321432114,0.0016730043571442366,12.049480457790196,0.535376250743866,0.46462374925613403,0.6692477464675903,0.6920953392982483,0.17057715356349945,0.5425412058830261,0.4574587941169739,0.643783688545227,0.7061535120010376,0.5278604030609131,0.5425412058830261,0.4574587941169739,0.5425412058830261,0.4574587941169739,0.48828486764658663,0.5117151323534134,0.9193310141563416,0.3786036438352955,0.6213963561647045,0.12986742353456737,0.405876204376358,0.594123795623642,0.06135029202841591,0.0750527754890421,0.0750527754890421,0.05596018210053444,0.008276308886706829,0.9249472245109579,0.0750527754890421,0.09389426559209824,0.016352416947484016,216691
acdc_b1_mit-b1_guard_gt_risk_s137_j13387384,2026-07-10 23:13:25,acdc,val,all,student_skd,/scratch/gautschi/manors/hf_cache/hub/models--nvidia--mit-b1/snapshots/13ddceec4e8bdf401e7cd7acf5aebc526222518c,runs/mit-b1_skd_j9200315/student_skd.ckpt,skd,GP010476_frame_000068_rgb_anon,/home/manors/Guardrail-Distillation/data/acdc/rgb_anon/fog/val/GP010476/GP010476_frame_000068_rgb_anon.png,fog,0.4403193707262074,0.5596806292737926,0.9414547085762024,0.9675480723381042,0.09665017575025558,0.08262407034635544,0.21186232566833496,0.9267957806587219,0.226138636469841,-6.789432048797607,6.749668121337891,0.00586361950263381,0.04514670744538307,253086,3.757002472411841,13.339489989448339,11.81910076411441,0.4035225347928733,0.5964774652071267,80252,0.9285188013912844,0.0714811986087156,6220,0.08390923589468002,0.0007727182819508016,12.049480457790196,0.5151865482330322,0.4848134517669678,0.6731702089309692,0.728114128112793,0.08486919850111008,0.5212045311927795,0.47879546880722046,0.5847373604774475,0.6369341611862183,0.5180732607841492,0.5212045311927795,0.47879546880722046,0.5212045311927795,0.47879546880722046,0.5612946485143748,0.4387053514856252,0.965817928314209,0.5252720575610634,0.47472794243893657,0.12174952276819018,0.6135303145569597,0.3864696854430403,0.0,0.12097527778816741,0.12097527778816741,0.034861668944358826,0.010498407296836376,0.8790247222118326,0.12097527778816741,0.0509747676551342,0.005108935292810202,228476
acdc_b1_mit-b1_guard_gt_risk_s137_j13387384,2026-07-10 23:13:25,acdc,val,all,student_skd,/scratch/gautschi/manors/hf_cache/hub/models--nvidia--mit-b1/snapshots/13ddceec4e8bdf401e7cd7acf5aebc526222518c,runs/mit-b1_skd_j9200315/student_skd.ckpt,skd,GP010476_frame_000073_rgb_anon,/home/manors/Guardrail-Distillation/data/acdc/rgb_anon/fog/val/GP010476/GP010476_frame_000073_rgb_anon.png,fog,0.5271997937106828,0.4728002062893172,0.896125853061676,0.9653319716453552,0.09910634905099869,0.08716847002506256,0.2142721563577652,0.9237980246543884,0.22662009298801422,-6.845422744750977,6.803016185760498,0.005121802445501089,0.048300694674253464,242688,3.757002472411841,13.339489989448339,11.81910076411441,0.3919675601219778,0.6080324398780221,75788,0.918648310387985,0.081351689612015,3196,0.08853372931480408,0.0008183843456208706,12.049480457790196,0.5051528215408325,0.4948471784591675,0.6479098796844482,0.7168892025947571,0.09522701054811478,0.5237887501716614,0.4762112498283386,0.5916594862937927,0.640785813331604,0.5095237493515015,0.5237887501716614,0.4762112498283386,0.5237887501716614,0.4762112498283386,0.5430185470378961,0.4569814529621039,0.961180567741394,0.4047538721364356,0.5952461278635643,0.01278631201445779,0.9371088861076345,0.06289111389236546,0.01846057571964954,0.015818753327213275,0.015818753327213275,0.0778241977095604,0.012769481167197227,0.9841812466727867,0.015818753327213275,0.09339562803506851,0.04447273537516594,217589
acdc_b1_mit-b1_guard_gt_risk_s137_j13387384,2026-07-10 23:13:25,acdc,val,all,student_skd,/scratch/gautschi/manors/hf_cache/hub/models--nvidia--mit-b1/snapshots/13ddceec4e8bdf401e7cd7acf5aebc526222518c,runs/mit-b1_skd_j9200315/student_skd.ckpt,skd,GP010476_frame_000078_rgb_anon,/home/manors/Guardrail-Distillation/data/acdc/rgb_anon/fog/val/GP010476/GP010476_frame_000078_rgb_anon.png,fog,0.4531083480376194,0.5468916519623805,0.8794780373573303,0.9583081007003784,0.10855607688426971,0.10512945055961609,0.24003000557422638,0.9112542271614075,0.2609209716320038,-6.428129196166992,6.376737117767334,0.00876291561871767,0.055142637342214584,251058,3.757002472411841,13.339489989448339,11.81910076411441,0.30439517879107103,0.695604821208929,78028,0.48650025471217523,0.5134997452878247,2081,0.10647407919168472,0.00100762490183115,12.049480457790196,0.5011700987815857,0.4988299012184143,0.6240895986557007,0.6668057441711426,0.13087107241153717,0.5326711535453796,0.46732884645462036,0.6279417276382446,0.6859032511711121,0.5140290856361389,0.5326711535453796,0.46732884645462036,0.5326711535453796,0.46732884645462036,0.6459007847970254,0.3540992152029746,0.9458053708076477,0.535131692321056,0.46486830767894405,0.23073651352998492,0.9558203890620548,0.0441796109379452,0.4693201343498795,0.19279243675940594,0.19279243675940594,0.0762254148721695,0.0098981112241745,0.8072075632405941,0.19279243675940594,0.09145297110080719,0.03903878852725029,219205
acdc_b1_mit-b1_guard_gt_risk_s137_j13387384,2026-07-10 23:13:26,acdc,val,all,student_skd,/scratch/gautschi/manors/hf_cache/hub/models--nvidia--mit-b1/snapshots/13ddceec4e8bdf401e7cd7acf5aebc526222518c,runs/mit-b1_skd_j9200315/student_skd.ckpt,skd,GP010476_frame_000084_rgb_anon,/home/manors/Guardrail-Distillation/data/acdc/rgb_anon/fog/val/GP010476/GP010476_frame_000084_rgb_anon.png,fog,0.460448929308965,0.5395510706910349,0.9101800918579102,0.9630239009857178,0.10182967782020569,0.0952819362282753,0.2250514179468155,0.9129915833473206,0.27924177050590515,-6.085854530334473,6.040592670440674,0.007131281774491072,0.049023084342479706,251147,3.7358549889177084,13.347720028832555,11.857738485559821,0.3870673492650696,0.6129326507349304,79633,0.9545263157894737,0.04547368421052633,2375,0.09657694399356842,0.0007765851332806051,12.014645035378635,0.49924832582473755,0.5007516741752625,0.598071813583374,0.6638008952140808,0.12966686487197876,0.5323714017868042,0.4676285982131958,0.6200882196426392,0.6701004505157471,0.5086537003517151,0.5323714017868042,0.4676285982131958,0.5323714017868042,0.4676285982131958,0.5765181983624417,0.42348180163755833,0.9641684293746948,0.501598836461366,0.49840116353863395,0.11453148719629647,0.9587368421052631,0.04126315789473689,0.004210526315789442,0.11606926905347659,0.11606926905347659,0.06156155839562416,0.007573253940790892,0.8839307309465234,0.11606926905347659,0.07427522540092468,0.024029752239584923,222814
acdc_b1_mit-b1_guard_gt_risk_s137_j13387384,2026-07-10 23:13:26,acdc,val,all,student_skd,/scratch/gautschi/manors/hf_cache/hub/models--nvidia--mit-b1/snapshots/13ddceec4e8bdf401e7cd7acf5aebc526222518c,runs/mit-b1_skd_j9200315/student_skd.ckpt,skd,GP010476_frame_000095_rgb_anon,/home/manors/Guardrail-Distillation/data/acdc/rgb_anon/fog/val/GP010476/GP010476_frame_000095_rgb_anon.png,fog,0.5681331962469105,0.4318668037530895,0.8927940130233765,0.9527199268341064,0.11365100741386414,0.12389439344406128,0.2572351098060608,0.8938410878181458,0.3214183747768402,-6.0611748695373535,6.0030364990234375,0.010547451674938202,0.06196780502796173,246031,3.7358549889177084,13.347720028832555,11.857738485559821,0.4391756126456028,0.5608243873543972,76456,0.9501594227219332,0.04984057727806679,5959,0.12595097720623016,0.0015937506686896086,12.014645035378635,0.48705264925956726,0.5129473507404327,0.5865184664726257,0.6212247014045715,0.17821858823299408,0.544437050819397,0.455562949180603,0.6476330161094666,0.71689772605896,0.5166593194007874,0.544437050819397,0.455562949180603,0.544437050819397,0.455562949180603,0.6430934387309687,0.3569065612690313,0.9507379531860352,0.5044712948079773,0.49552870519202274,0.06529568216237447,0.9838899144151704,0.016110085584829625,0.03373049169323716,0.07496024248405819,0.07496024248405819,0.06852389127016068,0.010579967871308327,0.9250397575159418,0.07496024248405819,0.08403412997722626,0.01915205828845501,211293
acdc_b1_mit-b1_guard_gt_risk_s137_j13387384,2026-07-10 23:13:26,acdc,val,all,student_skd,/scratch/gautschi/manors/hf_cache/hub/models--nvidia--mit-b1/snapshots/13ddceec4e8bdf401e7cd7acf5aebc526222518c,runs/mit-b1_skd_j9200315/student_skd.ckpt,skd,GP010476_frame_000102_rgb_anon,/home/manors/Guardrail-Distillation/data/acdc/rgb_anon/fog/val/GP010476/GP010476_frame_000102_rgb_anon.png,fog,0.44475892778424014,0.5552410722157599,0.8158028721809387,0.9387943744659424,0.13318409025669098,0.1553761065006256,0.2915324568748474,0.869673490524292,0.39184796810150146,-6.012345314025879,5.935482025146484,0.020420825108885765,0.08983731269836426,251410,3.7358549889177084,13.347720028832555,11.857738485559821,0.37152030215830273,0.6284796978416973,80125,0.5240502674097413,0.47594973259025875,13958,0.15771476924419403,0.0019958135671913624,12.014645035378635,0.5089711546897888,0.4910288453102112,0.6099379658699036,0.667081892490387,0.23154529929161072,0.5576290488243103,0.4423709511756897,0.6796067357063293,0.729112982749939,0.5275846719741821,0.5576290488243103,0.4423709511756897,0.5576290488243103,0.4423709511756897,0.5386170760432543,0.46138292395674574,0.920798659324646,0.42268998945821884,0.5773100105417812,0.05116968729991611,0.5536319954230402,0.4463680045769598,0.029581728013298947,0.09385814825901417,0.09385814825901417,0.11343223601579666,0.008436418138444424,0.9061418517409858,0.09385814825901417,0.14222584664821625,0.04869336634874344,207655
acdc_b1_mit-b1_guard_gt_risk_s137_j13387384,2026-07-10 23:13:26,acdc,val,all,student_skd,/scratch/gautschi/manors/hf_cache/hub/models--nvidia--mit-b1/snapshots/13ddceec4e8bdf401e7cd7acf5aebc526222518c,runs/mit-b1_skd_j9200315/student_skd.ckpt,skd,GP010476_frame_000108_rgb_anon,/home/manors/Guardrail-Distillation/data/acdc/rgb_anon/fog/val/GP010476/GP010476_frame_000108_rgb_anon.png,fog,0.3943579483022249,0.6056420516977751,0.8463942408561707,0.9601045846939087,0.10577882081270218,0.1024608239531517,0.23807984590530396,0.911587655544281,0.2696133255958557,-6.566898822784424,6.517880916595459,0.007867555133998394,0.05315703526139259,254717,3.7358549889177084,13.347720028832555,11.857738485559821,0.4151786812885752,0.5848213187114248,80542,0.9845841784989858,0.01541582150101417,9860,0.10378949344158173,0.001209061942063272,12.014645035378635,0.5139920711517334,0.4860079288482666,0.6202449798583984,0.6410623788833618,0.13035017251968384,0.5325414538383484,0.4674585461616516,0.6290934085845947,0.6792393326759338,0.511637806892395,0.5325414538383484,0.4674585461616516,0.5325414538383484,0.4674585461616516,0.5905961380484633,0.40940386195153666,0.929419755935669,0.5928692713298258,0.4071307286701742,0.17769059004125065,0.994421906693712,0.005578093306288001,0.00983772819472617,0.1962381897462384,0.1962381897462384,0.09577688574790955,0.012751406989991665,0.8037618102537616,0.1962381897462384,0.1117907389998436,0.05826466530561447,223646
acdc_b1_mit-b1_guard_gt_risk_s137_j13387384,2026-07-10 23:13:26,acdc,val,all,student_skd,/scratch/gautschi/manors/hf_cache/hub/models--nvidia--mit-b1/snapshots/13ddceec4e8bdf401e7cd7acf5aebc526222518c,runs/mit-b1_skd_j9200315/student_skd.ckpt,skd,GP010476_frame_000114_rgb_anon,/home/manors/Guardrail-Distillation/data/acdc/rgb_anon/fog/val/GP010476/GP010476_frame_000114_rgb_anon.png,fog,0.6610123605498648,0.3389876394501352,0.914290189743042,0.9564564824104309,0.10710413753986359,0.11285125464200974,0.23309174180030823,0.8973239064216614,0.31631481647491455,-5.977484226226807,5.9245686531066895,0.007048549130558968,0.05617084354162216,252818,3.664496762212366,13.350660272408277,11.90820150077343,0.6179602179961953,0.38203978200380473,78450,0.9790466212676794,0.020953378732320616,9545,0.11457127332687378,0.0010459056356921792,12.02797278529033,0.5208556056022644,0.4791443943977356,0.653243899345398,0.6714872717857361,0.14577093720436096,0.5363783240318298,0.46362167596817017,0.6211520433425903,0.6565381288528442,0.5262101292610168,0.5363783240318298,0.46362167596817017,0.5363783240318298,0.46362167596817017,0.7042685394142398,0.29573146058576016,0.9481722712516785,0.638875254249567,0.36112474575043296,0.020915036253371766,0.9738082765845992,0.02619172341540077,0.0,0.04325617886437505,0.04325617886437505,0.05481809377670288,0.020936010405421257,0.956743821135625,0.04325617886437505,0.07864946871995926,0.014919823966920376,219354
acdc_b1_mit-b1_guard_gt_risk_s137_j13387384,2026-07-10 23:13:26,acdc,val,all,student_skd,/scratch/gautschi/manors/hf_cache/hub/models--nvidia--mit-b1/snapshots/13ddceec4e8bdf401e7cd7acf5aebc526222518c,runs/mit-b1_skd_j9200315/student_skd.ckpt,skd,GP010476_frame_000120_rgb_anon,/home/manors/Guardrail-Distillation/data/acdc/rgb_anon/fog/val/GP010476/GP010476_frame_000120_rgb_anon.png,fog,0.4924839908839487,0.5075160091160513,0.9141079187393188,0.9595511555671692,0.10634584724903107,0.10235071182250977,0.23069597780704498,0.9084098935127258,0.28299808502197266,-5.883188247680664,5.833591938018799,0.007946583442389965,0.05448973923921585,255204,3.664496762212366,13.350660272408277,11.90820150077343,0.470259534437061,0.529740465562939,82703,0.46775440340124785,0.5322455965987521,18111,0.10424401611089706,0.0011609565699473023,12.02797278529033,0.5218271613121033,0.47817283868789673,0.6373354196548462,0.6497868299484253,0.14636960625648499,0.5365272164344788,0.46347278356552124,0.6194605231285095,0.6680733561515808,0.5240556597709656,0.5365272164344788,0.46347278356552124,0.5365272164344788,0.46347278356552124,0.6279550394740566,0.3720449605259434,0.9424852132797241,0.5192014592004889,0.4807985407995111,0.048941924763427846,0.9676991883385788,0.03230081166142118,0.49994478493733097,0.13547104859010795,0.13547104859010795,0.04220936819911003,0.013832070864737034,0.864528951409892,0.13547104859010795,0.06182112917304039,0.01077177468687296,224270
acdc_b1_mit-b1_guard_gt_risk_s137_j13387384,2026-07-10 23:13:26,acdc,val,all,student_skd,/scratch/gautschi/manors/hf_cache/hub/models--nvidia--mit-b1/snapshots/13ddceec4e8bdf401e7cd7acf5aebc526222518c,runs/mit-b1_skd_j9200315/student_skd.ckpt,skd,GP010476_frame_000125_rgb_anon,/home/manors/Guardrail-Distillation/data/acdc/rgb_anon/fog/val/GP010476/GP010476_frame_000125_rgb_anon.png,fog,0.329411605375622,0.670588394624378,0.8770875334739685,0.9621544480323792,0.10105348378419876,0.09906591475009918,0.2202598601579666,0.9085897207260132,0.2846301198005676,-6.342645645141602,6.296623229980469,0.006805038545280695,0.04872212931513786,246582,3.664496762212366,13.350660272408277,11.90820150077343,0.2524826512606318,0.7475173487393683,75406,0.0014461315979754157,0.9985538684020245,716,0.10076423734426498,0.0010066187242045999,12.02797278529033,0.5273399353027344,0.4726600646972656,0.667915940284729,0.6813696026802063,0.18652956187725067,0.546497642993927,0.453502357006073,0.6496829390525818,0.7212736010551453,0.5349589586257935,0.546497642993927,0.453502357006073,0.546497642993927,0.453502357006073,0.3673229568939792,0.6326770431060208,0.924601137638092,0.3032710478479145,0.6967289521520855,0.050788396587282736,0.0631762652705061,0.9368237347294939,0.06173013367253066,0.03791135151835723,0.03791135151835723,0.060418035835027695,0.012904428876936436,0.9620886484816428,0.03791135151835723,0.09253716468811035,0.026202237233519554,218791
acdc_b1_mit-b1_guard_gt_risk_s137_j13387384,2026-07-10 23:13:26,acdc,val,all,student_skd,/scratch/gautschi/manors/hf_cache/hub/models--nvidia--mit-b1/snapshots/13ddceec4e8bdf401e7cd7acf5aebc526222518c,runs/mit-b1_skd_j9200315/student_skd.ckpt,skd,GP010476_frame_000131_rgb_anon,/home/manors/Guardrail-Distillation/data/acdc/rgb_anon/fog/val/GP010476/GP010476_frame_000131_rgb_anon.png,fog,0.4573731466922153,0.5426268533077847,0.9033105969429016,0.9625433087348938,0.10303719341754913,0.09761330485343933,0.23112182319164276,0.9141789674758911,0.2662270963191986,-6.642724514007568,6.596672534942627,0.008889731951057911,0.049525048583745956,247814,3.664496762212366,13.350660272408277,11.90820150077343,0.3571942210947435,0.6428057789052565,75125,0.4655875299760192,0.5344124700239807,4612,0.09890766441822052,0.0009987318189814687,12.02797278529033,0.508999764919281,0.491000235080719,0.6386480331420898,0.6796037554740906,0.13310544192790985,0.5332273244857788,0.4667726755142212,0.6205741763114929,0.6734623908996582,0.5193859934806824,0.5332273244857788,0.4667726755142212,0.5332273244857788,0.4667726755142212,0.5264046072530436,0.4735953927469564,0.9485663175582886,0.4163751923753971,0.5836248076246029,0.05918097128065358,0.4770983213429257,0.5229016786570744,0.011510791366906359,0.06903146056082832,0.06903146056082832,0.05759965628385544,0.012343935668468475,0.9309685394391717,0.06903146056082832,0.0757463276386261,0.022904276847839355,220477
acdc_b1_mit-b1_guard_gt_risk_s137_j13387384,2026-07-10 23:13:26,acdc,val,all,student_skd,/scratch/gautschi/manors/hf_cache/hub/models--nvidia--mit-b1/snapshots/13ddceec4e8bdf401e7cd7acf5aebc526222518c,runs/mit-b1_skd_j9200315/student_skd.ckpt,skd,GP010476_frame_000137_rgb_anon,/home/manors/Guardrail-Distillation/data/acdc/rgb_anon/fog/val/GP010476/GP010476_frame_000137_rgb_anon.png,fog,0.45217340382899746,0.5478265961710025,0.861565887928009,0.9562616348266602,0.11192666739225388,0.11656098812818527,0.25313833355903625,0.896955668926239,0.3207973837852478,-6.443994522094727,6.389734745025635,0.01305390801280737,0.058242954313755035,252185,3.6519792629405856,13.340192497707903,11.901878984645009,0.33935569372308283,0.6606443062769172,80188,0.9044707680550248,0.0955292319449752,5234,0.11855891346931458,0.0012234800960868597,11.987279751338065,0.52956622838974,0.47043377161026,0.6913768649101257,0.735010027885437,0.16882428526878357,0.5421060919761658,0.45789390802383423,0.6447102427482605,0.6989051103591919,0.5358052849769592,0.5421060919761658,0.45789390802383423,0.5421060919761658,0.45789390802383423,0.7000059160135363,0.29999408398646366,0.9574359655380249,0.6001544923513117,0.3998455076486883,0.26079879862822886,0.9726786396637371,0.027321360336262868,0.06820787160871233,0.24783251218453883,0.24783251218453883,0.10973689705133438,0.013866803608834743,0.7521674878154612,0.24783251218453883,0.1274738758802414,0.07030156254768372,220936
acdc_b1_mit-b1_guard_gt_risk_s137_j13387384,2026-07-10 23:13:26,acdc,val,all,student_skd,/scratch/gautschi/manors/hf_cache/hub/models--nvidia--mit-b1/snapshots/13ddceec4e8bdf401e7cd7acf5aebc526222518c,runs/mit-b1_skd_j9200315/student_skd.ckpt,skd,GP010476_frame_000142_rgb_anon,/home/manors/Guardrail-Distillation/data/acdc/rgb_anon/fog/val/GP010476/GP010476_frame_000142_rgb_anon.png,fog,0.5773732982183591,0.42262670178164086,0.8684472441673279,0.9297427535057068,0.13859102129936218,0.18021371960639954,0.3070598840713501,0.8509146571159363,0.4486006796360016,-5.839148998260498,5.751448631286621,0.020713582634925842,0.101515032351017,243560,3.6519792629405856,13.340192497707903,11.901878984645009,0.4015044926376389,0.5984955073623611,81864,0.0,1.0,94,0.1832304298877716,0.0021211388520896435,11.987279751338065,0.5352199077606201,0.4647800922393799,0.6570620536804199,0.7152924537658691,0.2631843686103821,0.5654188990592957,0.43458110094070435,0.6835606098175049,0.7331118583679199,0.5415812730789185,0.5654188990592957,0.43458110094070435,0.5654188990592957,0.43458110094070435,0.5191038073231617,0.48089619267683825,0.9103547930717468,0.3987365003197647,0.6012634996802353,0.0,0.031914893617021274,0.9680851063829787,0.03191489361702127,0.0,0.0,0.06648464500904083,0.024577107280492783,1.0,0.0,0.10332567244768143,0.009246181696653366,193585
acdc_b1_mit-b1_guard_gt_risk_s137_j13387384,2026-07-10 23:13:26,acdc,val,all,student_skd,/scratch/gautschi/manors/hf_cache/hub/models--nvidia--mit-b1/snapshots/13ddceec4e8bdf401e7cd7acf5aebc526222518c,runs/mit-b1_skd_j9200315/student_skd.ckpt,skd,GP010476_frame_000147_rgb_anon,/home/manors/Guardrail-Distillation/data/acdc/rgb_anon/fog/val/GP010476/GP010476_frame_000147_rgb_anon.png,fog,0.3980801303331635,0.6019198696668365,0.9061498641967773,0.964552640914917,0.09861884266138077,0.09215237945318222,0.2138877660036087,0.9134353995323181,0.2757274806499481,-6.0542893409729,6.0111236572265625,0.00616891123354435,0.047131914645433426,251422,3.6519792629405856,13.340192497707903,11.901878984645009,0.30954447530424056,0.6904555246957594,84350,0.07142857142857142,0.9285714285714286,84,0.09370727092027664,0.0010114772012457252,11.987279751338065,0.47815442085266113,0.5218455791473389,0.5572556853294373,0.5709948539733887,0.13019298017024994,0.5325023531913757,0.46749764680862427,0.6043941974639893,0.6549780368804932,0.49332669377326965,0.5325023531913757,0.46749764680862427,0.5325023531913757,0.46749764680862427,0.36871462460656035,0.6312853753934397,0.9034531712532043,0.2250892523452347,0.7749107476547653,0.0,0.0,1.0,0.0,0.0,0.0,0.01663338951766491,0.01933005079627037,1.0,0.0,0.042398836463689804,0.0016943624941632152,225391
acdc_b1_mit-b1_guard_gt_risk_s137_j13387384,2026-07-10 23:13:26,acdc,val,all,student_skd,/scratch/gautschi/manors/hf_cache/hub/models--nvidia--mit-b1/snapshots/13ddceec4e8bdf401e7cd7acf5aebc526222518c,runs/mit-b1_skd_j9200315/student_skd.ckpt,skd,GP010476_frame_000161_rgb_anon,/home/manors/Guardrail-Distillation/data/acdc/rgb_anon/fog/val/GP010476/GP010476_frame_000161_rgb_anon.png,fog,0.5766589817845986,0.4233410182154014,0.911217212677002,0.9645010828971863,0.09554597735404968,0.09382150322198868,0.21028560400009155,0.9131636023521423,0.27168017625808716,-6.3306684494018555,6.287921905517578,0.005066625773906708,0.043071627616882324,188291,3.6519792629405856,13.340192497707903,11.901878984645009,0.3816757261283901,0.6183242738716099,72286,0.9894786064998831,0.010521393500116938,8554,0.09550358355045319,0.001235755393281579,11.987279751338065,0.4946843385696411,0.5053156614303589,0.5693719983100891,0.5962315797805786,0.10987278819084167,0.52744060754776,0.47255939245224,0.5925260186195374,0.6311335563659668,0.5235083699226379,0.52744060754776,0.47255939245224,0.52744060754776,0.47255939245224,0.6648012328784431,0.33519876712155694,0.9389933943748474,0.49190031366574677,0.5080996863342533,0.11022458753735664,0.9908814589665653,0.00911854103343468,0.0014028524666822584,0.08814225109384444,0.08814225109384444,0.06418787688016891,0.036411724984645844,0.9118577489061556,0.08814225109384444,0.10344095528125763,0.03335794061422348,168081
acdc_b1_mit-b1_guard_gt_risk_s137_j13387384,2026-07-10 23:13:26,acdc,val,all,student_skd,/scratch/gautschi/manors/hf_cache/hub/models--nvidia--mit-b1/snapshots/13ddceec4e8bdf401e7cd7acf5aebc526222518c,runs/mit-b1_skd_j9200315/student_skd.ckpt,skd,GP010476_frame_000181_rgb_anon,/home/manors/Guardrail-Distillation/data/acdc/rgb_anon/fog/val/GP010476/GP010476_frame_000181_rgb_anon.png,fog,0.5038306014274584,0.4961693985725416,0.9384430646896362,0.9651435613632202,0.09612204134464264,0.0962335616350174,0.22553202509880066,0.90969318151474,0.29651790857315063,-6.625223159790039,6.582949161529541,0.00691286800429225,0.040753480046987534,200351,3.811123257037252,13.344595034141093,11.917158961296082,0.3516579182444775,0.6483420817555225,70107,0.17688172043010753,0.8231182795698925,1628,0.09843684732913971,0.0012657202314585447,12.01195502653718,0.49444013833999634,0.5055598616600037,0.5525674819946289,0.5702707767486572,0.10996980965137482,0.5274648070335388,0.4725351929664612,0.6040761470794678,0.6426743865013123,0.5067582130432129,0.5274648070335388,0.4725351929664612,0.5274648070335388,0.4725351929664612,0.549737221816942,0.45026277818305804,0.9369606375694275,0.4029056486608594,0.5970943513391407,0.051247730416381865,0.24829434697855748,0.7517056530214425,0.07141262654844993,0.045906620389483566,0.045906620389483566,0.04071354866027832,0.04219594597816467,0.9540933796105164,0.045906620389483566,0.08716203272342682,0.016341321170330048,178798
acdc_b1_mit-b1_guard_gt_risk_s137_j13387384,2026-07-10 23:13:26,acdc,val,all,student_skd,/scratch/gautschi/manors/hf_cache/hub/models--nvidia--mit-b1/snapshots/13ddceec4e8bdf401e7cd7acf5aebc526222518c,runs/mit-b1_skd_j9200315/student_skd.ckpt,skd,GP010476_frame_000194_rgb_anon,/home/manors/Guardrail-Distillation/data/acdc/rgb_anon/fog/val/GP010476/GP010476_frame_000194_rgb_anon.png,fog,0.27980959638044456,0.7201904036195554,0.7507230043411255,0.9640785455703735,0.10043956339359283,0.09093010425567627,0.21882833540439606,0.9169499278068542,0.2646527886390686,-6.030439853668213,5.986435890197754,0.006778824608772993,0.04677150398492813,251371,3.811123257037252,13.344595034141093,11.917158961296082,0.27229901823291974,0.7277009817670803,77118,0.0,1.0,0,0.09269694238901138,0.0016258984105661511,12.01195502653718,0.49092990159988403,0.509070098400116,0.6063656210899353,0.6450213193893433,0.14449547231197357,0.53606116771698,0.46393883228302,0.5963582992553711,0.6736462116241455,0.5084649324417114,0.53606116771698,0.46393883228302,0.53606116771698,0.46393883228302,0.3154822332363161,0.6845177667636839,0.8058964610099792,0.3119413844800457,0.6880586155199543,0.039642366247126026,0.0,1.0,0.0,0.03567263685587152,0.03567263685587152,0.06232620030641556,0.007152773905545473,0.9643273631441285,0.03567263685587152,0.1386675387620926,0.03202039748430252,223951
acdc_b1_mit-b1_guard_gt_risk_s137_j13387384,2026-07-10 23:13:26,acdc,val,all,student_skd,/scratch/gautschi/manors/hf_cache/hub/models--nvidia--mit-b1/snapshots/13ddceec4e8bdf401e7cd7acf5aebc526222518c,runs/mit-b1_skd_j9200315/student_skd.ckpt,skd,GP010476_frame_000199_rgb_anon,/home/manors/Guardrail-Distillation/data/acdc/rgb_anon/fog/val/GP010476/GP010476_frame_000199_rgb_anon.png,fog,0.28003251060799894,0.7199674893920011,0.863073468208313,0.9508017897605896,0.12574875354766846,0.13110101222991943,0.30691733956336975,0.8997745513916016,0.3081490099430084,-6.675149917602539,6.612206935882568,0.01945403404533863,0.07308275252580643,245913,3.811123257037252,13.344595034141093,11.917158961296082,0.18619199160961683,0.8138080083903831,78787,0.36152324431256183,0.6384767556874382,1221,0.13352926075458527,0.0019693668000400066,12.01195502653718,0.4893013536930084,0.5106986463069916,0.5754253268241882,0.6022142767906189,0.15780030190944672,0.5393683910369873,0.4606316089630127,0.6541521549224854,0.709327220916748,0.4974104166030884,0.5393683910369873,0.4606316089630127,0.5393683910369873,0.4606316089630127,0.3679009826338343,0.6320990173661657,0.8949993848800659,0.29033471610745964,0.7096652838925404,0.10414272449784279,0.3568646543330088,0.6431353456669913,0.0,0.08786847202583536,0.08786847202583536,0.03820456564426422,0.0062786429189145565,0.9121315279741646,0.08786847202583536,0.07232639193534851,0.009861210361123085,212081
acdc_b1_mit-b1_guard_gt_risk_s137_j13387384,2026-07-10 23:13:26,acdc,val,all,student_skd,/scratch/gautschi/manors/hf_cache/hub/models--nvidia--mit-b1/snapshots/13ddceec4e8bdf401e7cd7acf5aebc526222518c,runs/mit-b1_skd_j9200315/student_skd.ckpt,skd,GP010476_frame_000204_rgb_anon,/home/manors/Guardrail-Distillation/data/acdc/rgb_anon/fog/val/GP010476/GP010476_frame_000204_rgb_anon.png,fog,0.3913429434610558,0.6086570565389442,0.9352031946182251,0.972801148891449,0.08778303861618042,0.07225783914327621,0.19704745709896088,0.9296233057975769,0.23620213568210602,-5.979184627532959,5.946022033691406,0.00489161117002368,0.03555532544851303,249611,3.811123257037252,13.344595034141093,11.917158961296082,0.2631219796808068,0.7368780203191931,78713,0.28690036900369004,0.71309963099631,1438,0.07388173043727875,0.0009068453800864518,12.01195502653718,0.4773848354816437,0.5226151645183563,0.5569097995758057,0.5918349027633667,0.08931739628314972,0.5223144888877869,0.47768551111221313,0.5837043523788452,0.6218348145484924,0.4972647726535797,0.5223144888877869,0.47768551111221313,0.5223144888877869,0.47768551111221313,0.3498356059257192,0.6501643940742807,0.9457074999809265,0.2623596648101469,0.7376403351898531,0.0,0.340291281801977,0.659708718198023,0.053390912798287005,0.0,0.0,0.019610513001680374,0.009106169454753399,1.0,0.0,0.03452572226524353,0.0031809494830667973,229484
acdc_b1_mit-b1_guard_gt_risk_s137_j13387384,2026-07-10 23:13:27,acdc,val,all,student_skd,/scratch/gautschi/manors/hf_cache/hub/models--nvidia--mit-b1/snapshots/13ddceec4e8bdf401e7cd7acf5aebc526222518c,runs/mit-b1_skd_j9200315/student_skd.ckpt,skd,GP010476_frame_000242_rgb_anon,/home/manors/Guardrail-Distillation/data/acdc/rgb_anon/fog/val/GP010476/GP010476_frame_000242_rgb_anon.png,fog,0.2036937594254453,0.7963062405745547,0.8873300552368164,0.9754565358161926,0.08743993937969208,0.07157543301582336,0.2279508262872696,0.9349052309989929,0.23271119594573975,-6.305504322052002,6.274870872497559,0.008481563068926334,0.031885575503110886,219535,3.7623652606271207,13.3614027290605,11.87549124006182,0.13103060018743612,0.8689693998125638,73571,0.15735467651736698,0.842645323482633,13082,0.07363525032997131,0.0013871894916519523,12.000320013612509,0.4898435175418854,0.5101564824581146,0.5463980436325073,0.5679187774658203,0.08178390562534332,0.520434558391571,0.47956544160842896,0.5508219599723816,0.6090646982192993,0.48552918434143066,0.520434558391571,0.47956544160842896,0.520434558391571,0.47956544160842896,0.3607526513132702,0.6392473486867298,0.9419727921485901,0.3176047772559929,0.6823952227440071,0.18657417706855672,0.6771543192333982,0.3228456807666018,0.5197996427160312,0.15705889188782485,0.15705889188782485,0.05562666431069374,0.0009838978294283152,0.8429411081121752,0.15705889188782485,0.072881318628788,0.02702074870467186,203779
acdc_b1_mit-b1_guard_gt_risk_s137_j13387384,2026-07-10 23:13:27,acdc,val,all,student_skd,/scratch/gautschi/manors/hf_cache/hub/models--nvidia--mit-b1/snapshots/13ddceec4e8bdf401e7cd7acf5aebc526222518c,runs/mit-b1_skd_j9200315/student_skd.ckpt,skd,GP010476_frame_000255_rgb_anon,/home/manors/Guardrail-Distillation/data/acdc/rgb_anon/fog/val/GP010476/GP010476_frame_000255_rgb_anon.png,fog,0.45546433412520226,0.5445356658747977,0.9406216144561768,0.9666876792907715,0.1045854389667511,0.09149646759033203,0.25501659512519836,0.9249378442764282,0.2448442131280899,-7.099164962768555,7.056842803955078,0.013850606977939606,0.046578146517276764,230387,3.7623652606271207,13.3614027290605,11.87549124006182,0.3434845489616534,0.6565154510383466,80494,0.4808806725432582,0.5191193274567418,24580,0.0932314544916153,0.0015126669313758612,12.000320013612509,0.5076761841773987,0.4923238158226013,0.5991572141647339,0.6212369203567505,0.09326454997062683,0.5232992768287659,0.47670072317123413,0.5945274829864502,0.6585838198661804,0.5021516680717468,0.5232992768287659,0.47670072317123413,0.5232992768287659,0.47670072317123413,0.5348465687472781,0.4651534312527219,0.9631098508834839,0.3567893001464067,0.6432106998535934,0.013304751184753272,0.48409202153695546,0.5159079784630445,0.0032113489936973494,0.07938223462207583,0.07938223462207583,0.03191586211323738,0.009427614510059357,0.9206177653779242,0.07938223462207583,0.04880049452185631,0.005299778189510107,208008
acdc_b1_mit-b1_guard_gt_risk_s137_j13387384,2026-07-10 23:13:27,acdc,val,all,student_skd,/scratch/gautschi/manors/hf_cache/hub/models--nvidia--mit-b1/snapshots/13ddceec4e8bdf401e7cd7acf5aebc526222518c,runs/mit-b1_skd_j9200315/student_skd.ckpt,skd,GP020475_frame_000054_rgb_anon,/home/manors/Guardrail-Distillation/data/acdc/rgb_anon/fog/val/GP020475/GP020475_frame_000054_rgb_anon.png,fog,0.4103221681035831,0.5896778318964169,0.8916073441505432,0.9521520137786865,0.11526211351156235,0.1244356781244278,0.25867486000061035,0.8936898708343506,0.32384249567985535,-5.798627853393555,5.739670276641846,0.011060232296586037,0.06509473919868469,250266,3.7623652606271207,13.3614027290605,11.87549124006182,0.3351294147329525,0.6648705852670476,78239,0.3544423440453686,0.6455576559546314,805,0.12667196989059448,0.0016602189280092716,12.000320013612509,0.4908066689968109,0.5091933310031891,0.5612502098083496,0.5992518663406372,0.1554090678691864,0.5387742519378662,0.4612257480621338,0.6201447248458862,0.6639782190322876,0.5075675845146179,0.5387742519378662,0.4612257480621338,0.5387742519378662,0.4612257480621338,0.46026061431015763,0.5397393856898424,0.9321801662445068,0.40794922151207985,0.5920507784879201,0.07281980677912747,0.6233459357277883,0.3766540642722117,0.26890359168241973,0.049938446206574505,0.049938446206574505,0.05318740755319595,0.012614578008651733,0.9500615537934255,0.049938446206574505,0.08384279161691666,0.01818864792585373,214598
acdc_b1_mit-b1_guard_gt_risk_s137_j13387384,2026-07-10 23:13:27,acdc,val,all,student_skd,/scratch/gautschi/manors/hf_cache/hub/models--nvidia--mit-b1/snapshots/13ddceec4e8bdf401e7cd7acf5aebc526222518c,runs/mit-b1_skd_j9200315/student_skd.ckpt,skd,GP020475_frame_000061_rgb_anon,/home/manors/Guardrail-Distillation/data/acdc/rgb_anon/fog/val/GP020475/GP020475_frame_000061_rgb_anon.png,fog,0.4276031860100762,0.5723968139899238,0.8785669803619385,0.9309151768684387,0.13881927728652954,0.1868089735507965,0.3242076337337494,0.8463142514228821,0.4718132019042969,-5.9425368309021,5.8557820320129395,0.024859817698597908,0.09639257192611694,215971,3.7623652606271207,13.3614027290605,11.87549124006182,0.36537269802094596,0.634627301979054,77996,0.4757399320718098,0.5242600679281901,6381,0.1897093802690506,0.001917931716889143,12.000320013612509,0.5109832286834717,0.4890167713165283,0.6086111664772034,0.6372941136360168,0.2780569791793823,0.5690698027610779,0.4309301972389221,0.7058635354042053,0.7791321277618408,0.5354008674621582,0.5690698027610779,0.4309301972389221,0.5690698027610779,0.4309301972389221,0.4547408924872433,0.5452591075127566,0.8912585377693176,0.3723770140615601,0.6276229859384399,0.007004316040614134,0.4792172084748504,0.5207827915251496,0.003477276403040519,0.02713770647716718,0.02713770647716718,0.03830606862902641,0.025614550337195396,0.9728622935228328,0.02713770647716718,0.09110482037067413,0.005375721491873264,173767
acdc_b1_mit-b1_guard_gt_risk_s137_j13387384,2026-07-10 23:13:27,acdc,val,all,student_skd,/scratch/gautschi/manors/hf_cache/hub/models--nvidia--mit-b1/snapshots/13ddceec4e8bdf401e7cd7acf5aebc526222518c,runs/mit-b1_skd_j9200315/student_skd.ckpt,skd,GP020475_frame_000081_rgb_anon,/home/manors/Guardrail-Distillation/data/acdc/rgb_anon/fog/val/GP020475/GP020475_frame_000081_rgb_anon.png,fog,0.5798434941703117,0.42015650582968833,0.9186006188392639,0.9568415880203247,0.10657858848571777,0.11745376139879227,0.2433008998632431,0.8940965533256531,0.3328268229961395,-6.219088554382324,6.166571140289307,0.00908908061683178,0.0544017069041729,248540,3.8080807426013052,13.344972510822117,11.857118748594075,0.3997046275383571,0.6002953724616429,78520,0.9051015996541288,0.09489840034587116,4626,0.12005992233753204,0.0016060033813118935,12.04349275212735,0.5095968842506409,0.49040311574935913,0.6294054388999939,0.6695207357406616,0.15570324659347534,0.5388473272323608,0.46115267276763916,0.6278035640716553,0.6793512105941772,0.518157422542572,0.5388473272323608,0.46115267276763916,0.5388473272323608,0.46115267276763916,0.6915013815778118,0.3084986184221882,0.9427134394645691,0.4808064538494354,0.5191935461505646,0.08110182631107832,0.9619541720709036,0.03804582792909639,0.05685257241677477,0.11165788740750016,0.11165788740750016,0.03717711567878723,0.01306429598480463,0.8883421125924998,0.11165788740750016,0.054510340094566345,0.009893779642879963,217212
acdc_b1_mit-b1_guard_gt_risk_s137_j13387384,2026-07-10 23:13:27,acdc,val,all,student_skd,/scratch/gautschi/manors/hf_cache/hub/models--nvidia--mit-b1/snapshots/13ddceec4e8bdf401e7cd7acf5aebc526222518c,runs/mit-b1_skd_j9200315/student_skd.ckpt,skd,GP020475_frame_000088_rgb_anon,/home/manors/Guardrail-Distillation/data/acdc/rgb_anon/fog/val/GP020475/GP020475_frame_000088_rgb_anon.png,fog,0.43615341517012496,0.563846584829875,0.948839008808136,0.9762324094772339,0.08091166615486145,0.06333094090223312,0.17804566025733948,0.9340539574623108,0.22785012423992157,-6.043402194976807,6.014694690704346,0.003578420262783766,0.030809717252850533,249272,3.8080807426013052,13.344972510822117,11.857118748594075,0.3239279631546508,0.6760720368453492,78988,0.5914454277286135,0.4085545722713865,2712,0.06471844762563705,0.000670461158733815,12.04349275212735,0.5650132894515991,0.4349867105484009,0.7158860564231873,0.7357430458068848,0.0989682599902153,0.5247218608856201,0.4752781391143799,0.5871313810348511,0.6305379867553711,0.558139443397522,0.5247218608856201,0.4752781391143799,0.5247218608856201,0.4752781391143799,0.5528987983078528,0.4471012016921472,0.9631205797195435,0.49464599559275096,0.5053540044072491,0.17071803243810013,0.9321533923303835,0.06784660766961648,0.34070796460177,0.11674538313772787,0.11674538313772787,0.02320758067071438,0.00892599206417799,0.8832546168622721,0.11674538313772787,0.03581228479743004,0.00516303488984704,231882
acdc_b1_mit-b1_guard_gt_risk_s137_j13387384,2026-07-10 23:13:27,acdc,val,all,student_skd,/scratch/gautschi/manors/hf_cache/hub/models--nvidia--mit-b1/snapshots/13ddceec4e8bdf401e7cd7acf5aebc526222518c,runs/mit-b1_skd_j9200315/student_skd.ckpt,skd,GP020475_frame_000094_rgb_anon,/home/manors/Guardrail-Distillation/data/acdc/rgb_anon/fog/val/GP020475/GP020475_frame_000094_rgb_anon.png,fog,0.5007398219777898,0.49926017802221023,0.9319956302642822,0.9717926979064941,0.08726894110441208,0.06874281167984009,0.1746499389410019,0.9344557523727417,0.20031477510929108,-6.392290115356445,6.358321666717529,0.0015230299904942513,0.03736786171793938,233088,3.8080807426013052,13.344972510822117,11.857118748594075,0.5333194321726081,0.46668056782739187,61041,0.4678787878787879,0.5321212121212121,825,0.06969326734542847,0.0006027891067788005,12.04349275212735,0.5404795408248901,0.45952045917510986,0.6567196846008301,0.674950897693634,0.10799623280763626,0.5269728899002075,0.4730271100997925,0.5962332487106323,0.6465815305709839,0.526302695274353,0.5269728899002075,0.4730271100997925,0.5269728899002075,0.4730271100997925,0.5312754483129112,0.4687245516870888,0.9501518607139587,0.4870484951316455,0.5129515048683545,0.0,0.8909090909090909,0.10909090909090913,0.423030303030303,0.030535626335121413,0.030535626335121413,0.028435612097382545,0.010279379785060883,0.9694643736648786,0.030535626335121413,0.041679538786411285,0.005916220601648092,213501
acdc_b1_mit-b1_guard_gt_risk_s137_j13387384,2026-07-10 23:13:27,acdc,val,all,student_skd,/scratch/gautschi/manors/hf_cache/hub/models--nvidia--mit-b1/snapshots/13ddceec4e8bdf401e7cd7acf5aebc526222518c,runs/mit-b1_skd_j9200315/student_skd.ckpt,skd,GP020475_frame_000100_rgb_anon,/home/manors/Guardrail-Distillation/data/acdc/rgb_anon/fog/val/GP020475/GP020475_frame_000100_rgb_anon.png,fog,0.3863573662967129,0.6136426337032871,0.9433762431144714,0.9736099243164062,0.08528963476419449,0.065947525203228,0.1766853928565979,0.9375576376914978,0.19460761547088623,-5.989368438720703,5.957450866699219,0.0027341777458786964,0.03520466014742851,235537,3.8080807426013052,13.344972510822117,11.857118748594075,0.3291733272369673,0.6708266727630328,63787,0.30055511498810467,0.6994448850118953,1685,0.06708799302577972,0.0006178662879392505,12.04349275212735,0.5345261096954346,0.46547389030456543,0.6320059299468994,0.64812171459198,0.09993915259838104,0.5249640345573425,0.47503596544265747,0.5830458998680115,0.6330804824829102,0.5226019024848938,0.5249640345573425,0.47503596544265747,0.5249640345573425,0.47503596544265747,0.4281430149543626,0.5718569850456374,0.9718940854072571,0.3747846243956034,0.6252153756043966,0.04561129715863621,0.38221714946209207,0.6177828505379079,0.08166203447398734,0.041785648657649666,0.041785648657649666,0.03658873215317726,0.008070919662714005,0.9582143513423503,0.041785648657649666,0.049244917929172516,0.010083341971039772,217086
acdc_b1_mit-b1_guard_gt_risk_s137_j13387384,2026-07-10 23:13:27,acdc,val,all,student_skd,/scratch/gautschi/manors/hf_cache/hub/models--nvidia--mit-b1/snapshots/13ddceec4e8bdf401e7cd7acf5aebc526222518c,runs/mit-b1_skd_j9200315/student_skd.ckpt,skd,GP020475_frame_000109_rgb_anon,/home/manors/Guardrail-Distillation/data/acdc/rgb_anon/fog/val/GP020475/GP020475_frame_000109_rgb_anon.png,fog,0.48214545324899305,0.517854546751007,0.8693988919258118,0.949937105178833,0.11736045032739639,0.13095201551914215,0.2622225880622864,0.8875201940536499,0.34167930483818054,-6.358953952789307,6.297255516052246,0.012392359785735607,0.06750836223363876,231675,3.7743779830634594,13.362985278945416,11.871201277244836,0.34334783465423485,0.6566521653457651,58202,0.9353403389188677,0.0646596610811323,10563,0.1331673264503479,0.0016501604113727808,12.008794990833849,0.5258873105049133,0.47411268949508667,0.6419042348861694,0.671622633934021,0.20760618150234222,0.5517159104347229,0.4482840895652771,0.6658124327659607,0.7150692343711853,0.5257379412651062,0.5517159104347229,0.4482840895652771,0.5517159104347229,0.4482840895652771,0.540177992288332,0.45982200771166803,0.9460882544517517,0.4941601175405325,0.5058398824594674,0.15081228288629767,0.9767111616018177,0.0232888383981823,0.041370822682950004,0.058032539039338915,0.058032539039338915,0.09868565946817398,0.021996330469846725,0.9419674609606611,0.058032539039338915,0.13034206628799438,0.03347793221473694,197190
acdc_b1_mit-b1_guard_gt_risk_s137_j13387384,2026-07-10 23:13:27,acdc,val,all,student_skd,/scratch/gautschi/manors/hf_cache/hub/models--nvidia--mit-b1/snapshots/13ddceec4e8bdf401e7cd7acf5aebc526222518c,runs/mit-b1_skd_j9200315/student_skd.ckpt,skd,GP020475_frame_000119_rgb_anon,/home/manors/Guardrail-Distillation/data/acdc/rgb_anon/fog/val/GP020475/GP020475_frame_000119_rgb_anon.png,fog,0.5109689007240303,0.48903109927596966,0.8974555730819702,0.9495080709457397,0.11708030849695206,0.1279536932706833,0.25939738750457764,0.8920819759368896,0.31785860657691956,-5.882683277130127,5.8205084800720215,0.011417895555496216,0.064873106777668,244616,3.7743779830634594,13.362985278945416,11.871201277244836,0.4149142640462695,0.5850857359537305,72266,0.8173806084207441,0.18261939157925589,2227,0.13001462817192078,0.0013195188948884606,12.008794990833849,0.4978661835193634,0.5021338164806366,0.6104683876037598,0.6672567129135132,0.15698187053203583,0.5391650199890137,0.46083498001098633,0.6250331401824951,0.6643880009651184,0.5145595669746399,0.5391650199890137,0.46083498001098633,0.5391650199890137,0.46083498001098633,0.5296111880964532,0.47038881190354676,0.9286105632781982,0.4032302881462943,0.5967697118537056,0.0,0.7331695035906455,0.2668304964093545,0.0,0.018642287372422905,0.018642287372422905,0.04843100905418396,0.017276056110858917,0.9813577126275771,0.018642287372422905,0.07707181572914124,0.00626696553081274,206134
acdc_b1_mit-b1_guard_gt_risk_s137_j13387384,2026-07-10 23:13:27,acdc,val,all,student_skd,/scratch/gautschi/manors/hf_cache/hub/models--nvidia--mit-b1/snapshots/13ddceec4e8bdf401e7cd7acf5aebc526222518c,runs/mit-b1_skd_j9200315/student_skd.ckpt,skd,GP020475_frame_000125_rgb_anon,/home/manors/Guardrail-Distillation/data/acdc/rgb_anon/fog/val/GP020475/GP020475_frame_000125_rgb_anon.png,fog,0.27496136600429993,0.7250386339957,0.8385310769081116,0.9394146800041199,0.12196224182844162,0.16026395559310913,0.2699577212333679,0.8593904376029968,0.4192296266555786,-5.5777082443237305,5.503914833068848,0.011616271920502186,0.07409179955720901,252835,3.7743779830634594,13.362985278945416,11.871201277244836,0.177021762535759,0.822978237464241,78596,0.12160344363734193,0.8783965563626581,3242,0.16258837282657623,0.001390531426295638,12.008794990833849,0.5167924165725708,0.4832075834274292,0.6033053398132324,0.6528916358947754,0.21406099200248718,0.553311824798584,0.446688175201416,0.6497021913528442,0.6807591915130615,0.5278152823448181,0.553311824798584,0.446688175201416,0.553311824798584,0.446688175201416,0.43774357972951233,0.5622564202704876,0.9373583793640137,0.35202598778722466,0.6479740122127753,0.17500422525146575,0.13935969868173256,0.8606403013182674,0.017756255044390712,0.1627822137252124,0.1627822137252124,0.11815215647220612,0.019324855878949165,0.8372177862747876,0.1627822137252124,0.14354421198368073,0.0677872970700264,206562
acdc_b1_mit-b1_guard_gt_risk_s137_j13387384,2026-07-10 23:13:27,acdc,val,all,student_skd,/scratch/gautschi/manors/hf_cache/hub/models--nvidia--mit-b1/snapshots/13ddceec4e8bdf401e7cd7acf5aebc526222518c,runs/mit-b1_skd_j9200315/student_skd.ckpt,skd,GP020475_frame_000130_rgb_anon,/home/manors/Guardrail-Distillation/data/acdc/rgb_anon/fog/val/GP020475/GP020475_frame_000130_rgb_anon.png,fog,0.26877516838754184,0.7312248316124581,0.8136857151985168,0.9550174474716187,0.11669430881738663,0.11659413576126099,0.26952511072158813,0.9044104814529419,0.29138651490211487,-5.789174556732178,5.7326741218566895,0.013612650334835052,0.06363396346569061,246315,3.7743779830634594,13.362985278945416,11.871201277244836,0.20840180358862317,0.7915981964113769,72129,0.18893184094379642,0.8110681590562036,2888,0.11822851002216339,0.0014224582118913531,12.008794990833849,0.5521198511123657,0.4478801488876343,0.6799754500389099,0.7002233266830444,0.1335780769586563,0.5333449244499207,0.46665507555007935,0.6126139760017395,0.6813021898269653,0.5397505164146423,0.5333449244499207,0.46665507555007935,0.5333449244499207,0.46665507555007935,0.580004524276825,0.41999547572317497,0.9327893257141113,0.4777010913009376,0.5222989086990624,0.2692992877123145,0.8400208441896821,0.15997915581031785,0.6510890032458857,0.31122935588928313,0.31122935588928313,0.13153481483459473,0.012431235983967781,0.6887706441107169,0.31122935588928313,0.1500517576932907,0.0806487649679184,213931
acdc_b1_mit-b1_guard_gt_risk_s137_j13387384,2026-07-10 23:13:27,acdc,val,all,student_skd,/scratch/gautschi/manors/hf_cache/hub/models--nvidia--mit-b1/snapshots/13ddceec4e8bdf401e7cd7acf5aebc526222518c,runs/mit-b1_skd_j9200315/student_skd.ckpt,skd,GP020475_frame_000135_rgb_anon,/home/manors/Guardrail-Distillation/data/acdc/rgb_anon/fog/val/GP020475/GP020475_frame_000135_rgb_anon.png,fog,0.43481852172150964,0.5651814782784903,0.8621894717216492,0.9240568280220032,0.13841292262077332,0.18201133608818054,0.28579553961753845,0.8494079113006592,0.42461761832237244,-5.473402976989746,5.379923343658447,0.013117311522364616,0.10834583640098572,253863,3.848628490231931,13.404503231868148,11.925499245990068,0.34089640375489016,0.6591035962451098,80729,0.9240880709825829,0.07591192901741706,3043,0.1835651695728302,0.0013596605276688933,12.005230237264186,0.5409353971481323,0.4590646028518677,0.6759714484214783,0.7176814079284668,0.2373252809047699,0.559054434299469,0.440945565700531,0.6791283488273621,0.7164379358291626,0.5492888689041138,0.559054434299469,0.440945565700531,0.559054434299469,0.440945565700531,0.5570213495779006,0.4429786504220994,0.9407042264938354,0.47056373097413823,0.5294362690258618,0.129667327219248,0.9434768320736115,0.05652316792638845,0.019388761091028606,0.12220282785639092,0.12220282785639092,0.08856351673603058,0.010048726573586464,0.8777971721436091,0.12220282785639092,0.1040324866771698,0.014586607925593853,195216
acdc_b1_mit-b1_guard_gt_risk_s137_j13387384,2026-07-10 23:13:27,acdc,val,all,student_skd,/scratch/gautschi/manors/hf_cache/hub/models--nvidia--mit-b1/snapshots/13ddceec4e8bdf401e7cd7acf5aebc526222518c,runs/mit-b1_skd_j9200315/student_skd.ckpt,skd,GP020475_frame_000140_rgb_anon,/home/manors/Guardrail-Distillation/data/acdc/rgb_anon/fog/val/GP020475/GP020475_frame_000140_rgb_anon.png,fog,0.2717666596385323,0.7282333403614677,0.8244066834449768,0.9581500291824341,0.11019327491521835,0.10731469839811325,0.245940700173378,0.9058245420455933,0.2914433479309082,-5.99271821975708,5.940762042999268,0.010720651596784592,0.0568850077688694,254742,3.848628490231931,13.404503231868148,11.925499245990068,0.16939248926610015,0.8306075107338998,81837,0.3191489361702128,0.6808510638297872,564,0.10876324027776718,0.0008734100847505033,12.005230237264186,0.5273537039756775,0.4726462960243225,0.6478137373924255,0.6731309294700623,0.13855363428592682,0.5345830917358398,0.46541690826416016,0.623157262802124,0.6680049300193787,0.5273903012275696,0.5345830917358398,0.46541690826416016,0.5345830917358398,0.46541690826416016,0.5405054349201798,0.4594945650798202,0.9428912997245789,0.4679749959856972,0.5320250040143029,0.29858250671959696,0.9148936170212766,0.08510638297872342,0.5957446808510638,0.26873877528164747,0.26873877528164747,0.1324869990348816,0.014002403244376183,0.7312612247183525,0.26873877528164747,0.15979698300361633,0.09413446485996246,223349
acdc_b1_mit-b1_guard_gt_risk_s137_j13387384,2026-07-10 23:13:27,acdc,val,all,student_skd,/scratch/gautschi/manors/hf_cache/hub/models--nvidia--mit-b1/snapshots/13ddceec4e8bdf401e7cd7acf5aebc526222518c,runs/mit-b1_skd_j9200315/student_skd.ckpt,skd,GP020475_frame_000160_rgb_anon,/home/manors/Guardrail-Distillation/data/acdc/rgb_anon/fog/val/GP020475/GP020475_frame_000160_rgb_anon.png,fog,0.4014689509456738,0.5985310490543262,0.8326337337493896,0.9475993514060974,0.12436118721961975,0.13398697972297668,0.2845957279205322,0.8900225758552551,0.33163267374038696,-5.799223899841309,5.733514785766602,0.015295232646167278,0.07620740681886673,253020,3.848628490231931,13.404503231868148,11.925499245990068,0.33577754285300393,0.6642224571469961,79911,0.5628287282892547,0.4371712717107453,6616,0.13576166331768036,0.0011941668344661593,12.005230237264186,0.5355890393257141,0.4644109606742859,0.6729738712310791,0.691176176071167,0.17328399419784546,0.5432129502296448,0.4567870497703552,0.6480036377906799,0.7024349570274353,0.5372225046157837,0.5432129502296448,0.4567870497703552,0.5432129502296448,0.4567870497703552,0.6114783746385157,0.38852162536148427,0.9182435870170593,0.5365646754049191,0.46343532459508086,0.20078713255191527,0.8418045487336658,0.15819545126633416,0.27897582044441116,0.21000942369284192,0.21000942369284192,0.11200694739818573,0.02639712207019329,0.7899905763071581,0.21000942369284192,0.14483043551445007,0.06421231478452682,215001
acdc_b1_mit-b1_guard_gt_risk_s137_j13387384,2026-07-10 23:13:27,acdc,val,all,student_skd,/scratch/gautschi/manors/hf_cache/hub/models--nvidia--mit-b1/snapshots/13ddceec4e8bdf401e7cd7acf5aebc526222518c,runs/mit-b1_skd_j9200315/student_skd.ckpt,skd,GP020475_frame_000173_rgb_anon,/home/manors/Guardrail-Distillation/data/acdc/rgb_anon/fog/val/GP020475/GP020475_frame_000173_rgb_anon.png,fog,0.4055483338733259,0.5944516661266741,0.9031791090965271,0.9628190398216248,0.10448851436376572,0.09664824604988098,0.24204623699188232,0.9179514646530151,0.25914233922958374,-5.843008041381836,5.797015190124512,0.008768076077103615,0.051092348992824554,252621,3.848628490231931,13.404503231868148,11.925499245990068,0.32370278312545,0.67629721687455,79729,0.20751008182132527,0.7924899181786748,2384,0.09888152033090591,0.0019239630782976747,12.005230237264186,0.5227953195571899,0.47720468044281006,0.6497123837471008,0.6643055081367493,0.13044147193431854,0.5325642228126526,0.4674357771873474,0.6111321449279785,0.664602518081665,0.5157768726348877,0.5325642228126526,0.4674357771873474,0.5325642228126526,0.4674357771873474,0.5689466472099842,0.4310533527900158,0.9427720308303833,0.47742093756261056,0.5225790624373894,0.15371815443716064,0.7550311523505864,0.24496884764941362,0.5475210705292611,0.16339831333665833,0.16339831333665833,0.05254511907696724,0.012952209450304508,0.8366016866633417,0.16339831333665833,0.08105423301458359,0.02125714160501957,224367
acdc_b1_mit-b1_guard_gt_risk_s137_j13387384,2026-07-10 23:13:27,acdc,val,all,student_skd,/scratch/gautschi/manors/hf_cache/hub/models--nvidia--mit-b1/snapshots/13ddceec4e8bdf401e7cd7acf5aebc526222518c,runs/mit-b1_skd_j9200315/student_skd.ckpt,skd,GP020475_frame_000179_rgb_anon,/home/manors/Guardrail-Distillation/data/acdc/rgb_anon/fog/val/GP020475/GP020475_frame_000179_rgb_anon.png,fog,0.5710387747267377,0.4289612252732623,0.8987408876419067,0.9503350257873535,0.11781985312700272,0.1320965439081192,0.2709003686904907,0.8851757049560547,0.363832026720047,-4.999892711639404,4.938418865203857,0.013935447670519352,0.06584157794713974,256540,3.6524267634376884,13.338530028704554,11.88902894500643,0.48684445794597675,0.5131555420540233,82197,0.4943109987357775,0.5056890012642226,791,0.13399937748908997,0.001141493790782988,12.000537477433681,0.5143092274665833,0.48569077253341675,0.6362201571464539,0.6629986763000488,0.21411196887493134,0.5533244013786316,0.4466755986213684,0.6742690801620483,0.7488086223602295,0.5328937768936157,0.5533244013786316,0.4466755986213684,0.5533244013786316,0.4466755986213684,0.7389064138718231,0.2610935861281769,0.9627659916877747,0.6713314354910211,0.32866856450897886,0.1844869775450444,0.683944374209861,0.316055625790139,0.18963337547408354,0.1678676391450854,0.1678676391450854,0.07306462526321411,0.009039525873959064,0.8321323608549146,0.1678676391450854,0.08507834374904633,0.032271768897771835,219131
acdc_b1_mit-b1_guard_gt_risk_s137_j13387384,2026-07-10 23:13:27,acdc,val,all,student_skd,/scratch/gautschi/manors/hf_cache/hub/models--nvidia--mit-b1/snapshots/13ddceec4e8bdf401e7cd7acf5aebc526222518c,runs/mit-b1_skd_j9200315/student_skd.ckpt,skd,GP020475_frame_000184_rgb_anon,/home/manors/Guardrail-Distillation/data/acdc/rgb_anon/fog/val/GP020475/GP020475_frame_000184_rgb_anon.png,fog,0.38518045504526977,0.6148195449547302,0.8203391432762146,0.9529754519462585,0.11207850277423859,0.12480207532644272,0.2600494623184204,0.8934246301651001,0.3294166922569275,-5.269676208496094,5.212394714355469,0.007645060773938894,0.06487821042537689,252843,3.6524267634376884,13.338530028704554,11.88902894500643,0.19684923044483202,0.803150769555168,81305,0.4716787630167245,0.5283212369832755,6350,0.12613952159881592,0.0008436845382675529,12.000537477433681,0.5469666719436646,0.45303332805633545,0.6836798191070557,0.7129314541816711,0.22811804711818695,0.5567834973335266,0.4432165026664734,0.6420605182647705,0.7894273400306702,0.5593677163124084,0.5567834973335266,0.4432165026664734,0.5567834973335266,0.4432165026664734,0.5883391279224026,0.4116608720775974,0.9459230303764343,0.5278300492837337,0.47216995071626633,0.3309808188389016,0.6224607576229523,0.3775392423770477,0.15078199460622776,0.20315867287713285,0.20315867287713285,0.13770601153373718,0.012122147716581821,0.7968413271228671,0.20315867287713285,0.153506338596344,0.06210573762655258,216763
acdc_b1_mit-b1_guard_gt_risk_s137_j13387384,2026-07-10 23:13:27,acdc,val,all,student_skd,/scratch/gautschi/manors/hf_cache/hub/models--nvidia--mit-b1/snapshots/13ddceec4e8bdf401e7cd7acf5aebc526222518c,runs/mit-b1_skd_j9200315/student_skd.ckpt,skd,GP020475_frame_000189_rgb_anon,/home/manors/Guardrail-Distillation/data/acdc/rgb_anon/fog/val/GP020475/GP020475_frame_000189_rgb_anon.png,fog,0.4509190684271278,0.5490809315728722,0.9658347964286804,0.9748355746269226,0.07662027329206467,0.06691689044237137,0.16396012902259827,0.9355589747428894,0.19920310378074646,-5.794478893280029,5.76495885848999,0.0010293173836544156,0.0266129020601511,247737,3.6524267634376884,13.338530028704554,11.88902894500643,0.3923773613685024,0.6076226386314976,79402,0.41408532941472515,0.5859146705852749,8051,0.06793777644634247,0.0006666923873126507,12.000537477433681,0.5487544536590576,0.4512455463409424,0.6772648096084595,0.6924279928207397,0.10043661296367645,0.5250880718231201,0.4749119281768799,0.5878753662109375,0.624178409576416,0.5356902480125427,0.5250880718231201,0.4749119281768799,0.5250880718231201,0.4749119281768799,0.4898393216061915,0.5101606783938085,0.9775488376617432,0.39217678536796213,0.6078232146320379,0.0,0.5136050931747373,0.48639490682526265,0.09951976376001226,0.03892025317906367,0.03892025317906367,0.019839588552713394,0.008125552907586098,0.9610797468209363,0.03892025317906367,0.030221566557884216,0.004815591033548117,228789
acdc_b1_mit-b1_guard_gt_risk_s137_j13387384,2026-07-10 23:13:27,acdc,val,all,student_skd,/scratch/gautschi/manors/hf_cache/hub/models--nvidia--mit-b1/snapshots/13ddceec4e8bdf401e7cd7acf5aebc526222518c,runs/mit-b1_skd_j9200315/student_skd.ckpt,skd,GP020475_frame_000194_rgb_anon,/home/manors/Guardrail-Distillation/data/acdc/rgb_anon/fog/val/GP020475/GP020475_frame_000194_rgb_anon.png,fog,0.27297640492878494,0.7270235950712151,0.8118575811386108,0.9221197366714478,0.14717909693717957,0.18866632878780365,0.31884074211120605,0.8533776998519897,0.40811973810195923,-5.2064971923828125,5.108604431152344,0.021933412179350853,0.12069477885961533,245835,3.6524267634376884,13.338530028704554,11.88902894500643,0.1397076754562601,0.8602923245437399,73574,0.0,1.0,453,0.1902799755334854,0.0015607024542987347,12.000537477433681,0.5440112352371216,0.4559887647628784,0.6736593842506409,0.6979124546051025,0.3206373155117035,0.5794795751571655,0.4205204248428345,0.7159510254859924,0.8599955439567566,0.5597531795501709,0.5794795751571655,0.4205204248428345,0.5794795751571655,0.4205204248428345,0.3713421137184875,0.6286578862815124,0.8966990113258362,0.2644538914750641,0.735546108524936,0.12474621601880398,0.18421052631578946,0.8157894736842105,0.1842105263157895,0.09836570878970263,0.09836570878970263,0.11589887738227844,0.031057417392730713,0.9016342912102974,0.09836570878970263,0.18140216171741486,0.025260847061872482,190706
acdc_b1_mit-b1_guard_gt_risk_s137_j13387384,2026-07-10 23:13:28,acdc,val,all,student_skd,/scratch/gautschi/manors/hf_cache/hub/models--nvidia--mit-b1/snapshots/13ddceec4e8bdf401e7cd7acf5aebc526222518c,runs/mit-b1_skd_j9200315/student_skd.ckpt,skd,GP020475_frame_000199_rgb_anon,/home/manors/Guardrail-Distillation/data/acdc/rgb_anon/fog/val/GP020475/GP020475_frame_000199_rgb_anon.png,fog,0.42925023609039137,0.5707497639096086,0.8227400183677673,0.9383758306503296,0.12264308333396912,0.14709991216659546,0.2453177124261856,0.8752299547195435,0.3422260284423828,-5.573962211608887,5.499329090118408,0.005074091721326113,0.08300884813070297,255021,3.654689237009734,13.383580488152802,11.90917898202315,0.2625495163717076,0.7374504836282925,82956,0.14478527607361963,0.8552147239263803,1411,0.14918476343154907,0.001499469275586307,12.039045279379934,0.5233250856399536,0.4766749143600464,0.6245556473731995,0.6499963402748108,0.24771834909915924,0.5616148114204407,0.4383851885795593,0.6794723868370056,0.7308821082115173,0.5318556427955627,0.5616148114204407,0.4383851885795593,0.5616148114204407,0.4383851885795593,0.595278687158421,0.404721312841579,0.9582151770591736,0.4965946123082825,0.5034053876917175,0.23404509593657497,0.18732106339468302,0.812678936605317,0.042535787321063334,0.16602845106802966,0.16602845106802966,0.14668595790863037,0.011210841126739979,0.8339715489319703,0.16602845106802966,0.16230426728725433,0.08544393628835678,206654
acdc_b1_mit-b1_guard_gt_risk_s137_j13387384,2026-07-10 23:13:28,acdc,val,all,student_skd,/scratch/gautschi/manors/hf_cache/hub/models--nvidia--mit-b1/snapshots/13ddceec4e8bdf401e7cd7acf5aebc526222518c,runs/mit-b1_skd_j9200315/student_skd.ckpt,skd,GP020475_frame_000204_rgb_anon,/home/manors/Guardrail-Distillation/data/acdc/rgb_anon/fog/val/GP020475/GP020475_frame_000204_rgb_anon.png,fog,0.3593768614777375,0.6406231385222625,0.8339065909385681,0.9466071128845215,0.11803625524044037,0.14137054979801178,0.2625216245651245,0.8732709288597107,0.39426863193511963,-5.440362930297852,5.375026702880859,0.011645621620118618,0.06862121820449829,254688,3.654689237009734,13.383580488152802,11.90917898202315,0.27227875248074135,0.7277212475192587,81484,0.8144987699876999,0.18550123001230012,13008,0.14345917105674744,0.0012873461237177253,12.039045279379934,0.526657223701477,0.47334277629852295,0.6395411491394043,0.6779919266700745,0.2424807846546173,0.5603249073028564,0.43967509269714355,0.6838864088058472,0.7403196692466736,0.5394492745399475,0.5603249073028564,0.43967509269714355,0.5603249073028564,0.43967509269714355,0.4392356495881044,0.5607643504118955,0.8989430665969849,0.318520766422383,0.681479233577617,0.046242013941641735,0.023575235752357523,0.9764247642476425,0.0,0.07985878811036695,0.07985878811036695,0.12242430448532104,0.05738786235451698,0.920141211889633,0.07985878811036695,0.19117902219295502,0.07513506710529327,214432
acdc_b1_mit-b1_guard_gt_risk_s137_j13387384,2026-07-10 23:13:28,acdc,val,all,student_skd,/scratch/gautschi/manors/hf_cache/hub/models--nvidia--mit-b1/snapshots/13ddceec4e8bdf401e7cd7acf5aebc526222518c,runs/mit-b1_skd_j9200315/student_skd.ckpt,skd,GP020475_frame_000209_rgb_anon,/home/manors/Guardrail-Distillation/data/acdc/rgb_anon/fog/val/GP020475/GP020475_frame_000209_rgb_anon.png,fog,0.4363825730644966,0.5636174269355034,0.8919500708580017,0.9317744970321655,0.13116618990898132,0.17048096656799316,0.28130146861076355,0.8574957847595215,0.4079642593860626,-5.376008987426758,5.292263031005859,0.01105520036071539,0.09433401376008987,252189,3.654689237009734,13.383580488152802,11.90917898202315,0.2788587916096814,0.7211412083903186,81088,0.29662577596041306,0.7033742240395869,4973,0.17271913588047028,0.0014853993197903037,12.039045279379934,0.5323113203048706,0.4676886796951294,0.6614503860473633,0.7492056488990784,0.28867200016975403,0.5716710090637207,0.4283289909362793,0.6892585158348083,0.7610622644424438,0.5492025017738342,0.5716710090637207,0.4283289909362793,0.5716710090637207,0.4283289909362793,0.6927042911108313,0.3072957088891687,0.9612948894500732,0.5237254119518276,0.47627458804817235,0.24486662034214624,0.8047297340199246,0.19527026598007535,0.5081039580595116,0.25632171804633475,0.25632171804633475,0.08373481780290604,0.014390001073479652,0.7436782819536653,0.25632171804633475,0.10566281527280807,0.010662637650966644,199938
acdc_b1_mit-b1_guard_gt_risk_s137_j13387384,2026-07-10 23:13:28,acdc,val,all,student_skd,/scratch/gautschi/manors/hf_cache/hub/models--nvidia--mit-b1/snapshots/13ddceec4e8bdf401e7cd7acf5aebc526222518c,runs/mit-b1_skd_j9200315/student_skd.ckpt,skd,GP020475_frame_000229_rgb_anon,/home/manors/Guardrail-Distillation/data/acdc/rgb_anon/fog/val/GP020475/GP020475_frame_000229_rgb_anon.png,fog,0.41988862076152383,0.5801113792384762,0.8684319257736206,0.9470781087875366,0.11278269439935684,0.13767220079898834,0.2453908920288086,0.8781049847602844,0.36320960521698,-6.071657657623291,6.008081436157227,0.005904433783143759,0.06477417796850204,252014,3.654689237009734,13.383580488152802,11.90917898202315,0.2936110809385236,0.7063889190614764,79183,0.1712971833684614,0.8287028166315387,6500,0.13954658806324005,0.001186588080599904,12.039045279379934,0.5338732600212097,0.4661267399787903,0.6665055751800537,0.6999787092208862,0.2129594087600708,0.55303955078125,0.44696044921875,0.652222216129303,0.6988760828971863,0.5407065749168396,0.55303955078125,0.44696044921875,0.55303955078125,0.44696044921875,0.5518926993081934,0.4481073006918066,0.9460307955741882,0.4446490560331036,0.5553509439668964,0.15103797509457995,0.2111154570316026,0.7888845429683974,0.03981827366314128,0.13200407854666962,0.13200407854666962,0.09088780730962753,0.013288944028317928,0.8679959214533304,0.13200407854666962,0.11250962316989899,0.03416873514652252,210010
acdc_b1_mit-b1_guard_gt_risk_s137_j13387384,2026-07-10 23:13:28,acdc,val,all,student_skd,/scratch/gautschi/manors/hf_cache/hub/models--nvidia--mit-b1/snapshots/13ddceec4e8bdf401e7cd7acf5aebc526222518c,runs/mit-b1_skd_j9200315/student_skd.ckpt,skd,GOPR0351_frame_000033_rgb_anon,/home/manors/Guardrail-Distillation/data/acdc/rgb_anon/night/val/GOPR0351/GOPR0351_frame_000033_rgb_anon.png,night,0.1024569550836242,0.8975430449163758,0.4345102906227112,0.9082669019699097,0.1576351821422577,0.2747763395309448,0.3897310793399811,0.7573447823524475,0.8324992060661316,-3.432769298553467,3.3146722316741943,0.04551389068365097,0.11571996659040451,238213,3.7479899474419653,13.386278005782515,11.879961239174008,0.19760239531907112,0.8023976046809289,87552,0.1301775147928994,0.8698224852071006,169,0.27896618843078613,0.002064337721094489,12.126038724090904,0.6067588925361633,0.39324110746383667,0.6803123354911804,0.6937283277511597,0.543628454208374,0.6326560378074646,0.3673439621925354,0.8500092029571533,0.917452335357666,0.6134464144706726,0.6326560378074646,0.3673439621925354,0.6326560378074646,0.3673439621925354,0.17260660039507955,0.8273933996049204,0.551594614982605,0.3354923446971903,0.6645076553028098,0.13788994937811916,0.03550295857988166,0.9644970414201184,0.0,0.0701496453114554,0.0701496453114554,0.15286318957805634,0.03577890247106552,0.9298503546885446,0.0701496453114554,0.4123452603816986,0.08747214078903198,182791
acdc_b1_mit-b1_guard_gt_risk_s137_j13387384,2026-07-10 23:13:28,acdc,val,all,student_skd,/scratch/gautschi/manors/hf_cache/hub/models--nvidia--mit-b1/snapshots/13ddceec4e8bdf401e7cd7acf5aebc526222518c,runs/mit-b1_skd_j9200315/student_skd.ckpt,skd,GOPR0351_frame_000039_rgb_anon,/home/manors/Guardrail-Distillation/data/acdc/rgb_anon/night/val/GOPR0351/GOPR0351_frame_000039_rgb_anon.png,night,0.2575739271446214,0.7424260728553786,0.7208141088485718,0.909890353679657,0.15149706602096558,0.25412994623184204,0.35774874687194824,0.7837649583816528,0.6921017169952393,-3.6124894618988037,3.499290704727173,0.03157186880707741,0.12467482686042786,227576,3.7479899474419653,13.386278005782515,11.879961239174008,0.2367954893505139,0.7632045106494861,86258,1.0,0.0,122,0.25753486156463623,0.0017579499399289489,12.126038724090904,0.5568227767944336,0.4431772232055664,0.6622846126556396,0.6999832391738892,0.8901754021644592,0.7089263796806335,0.29107362031936646,0.9477432370185852,0.9799204468727112,0.604503870010376,0.7089263796806335,0.29107362031936646,0.7089263796806335,0.29107362031936646,0.23288659783177731,0.7671134021682227,0.6727554798126221,0.2673203605537047,0.7326796394462953,0.030524871203190806,0.0,1.0,0.0,0.0,0.0,0.07584279030561447,0.12390146404504776,1.0,0.0,0.2971886098384857,0.018705839291214943,171523
acdc_b1_mit-b1_guard_gt_risk_s137_j13387384,2026-07-10 23:13:28,acdc,val,all,student_skd,/scratch/gautschi/manors/hf_cache/hub/models--nvidia--mit-b1/snapshots/13ddceec4e8bdf401e7cd7acf5aebc526222518c,runs/mit-b1_skd_j9200315/student_skd.ckpt,skd,GOPR0351_frame_000043_rgb_anon,/home/manors/Guardrail-Distillation/data/acdc/rgb_anon/night/val/GOPR0351/GOPR0351_frame_000043_rgb_anon.png,night,0.20346706188155578,0.7965329381184443,0.5407987833023071,0.8685141801834106,0.17584025859832764,0.30426838994026184,0.3554934561252594,0.7616907954216003,0.6522295475006104,-3.761720657348633,3.595072031021118,0.03114764764904976,0.21625564992427826,231735,3.7479899474419653,13.386278005782515,11.879961239174008,0.270512289190359,0.7294877108096409,87552,0.0,1.0,448,0.306941956281662,0.0023533483035862446,12.126038724090904,0.5673139691352844,0.4326860308647156,0.6765031814575195,0.7314667105674744,1.0622129440307617,0.7431132197380066,0.2568867802619934,0.9726869463920593,0.9953398704528809,0.6267127394676208,0.7431132197380066,0.2568867802619934,0.7431132197380066,0.2568867802619934,0.23812529130785054,0.7618747086921495,0.5802748799324036,0.4262633894708939,0.5737366105291061,0.15575110028053485,0.0,1.0,0.0,0.03465822942629482,0.03465822942629482,0.06573888659477234,0.026262758299708366,0.9653417705737052,0.03465822942629482,0.25549444556236267,0.009424558840692043,147379
acdc_b1_mit-b1_guard_gt_risk_s137_j13387384,2026-07-10 23:13:28,acdc,val,all,student_skd,/scratch/gautschi/manors/hf_cache/hub/models--nvidia--mit-b1/snapshots/13ddceec4e8bdf401e7cd7acf5aebc526222518c,runs/mit-b1_skd_j9200315/student_skd.ckpt,skd,GOPR0351_frame_000047_rgb_anon,/home/manors/Guardrail-Distillation/data/acdc/rgb_anon/night/val/GOPR0351/GOPR0351_frame_000047_rgb_anon.png,night,0.18116793032609288,0.8188320696739071,0.6273342370986938,0.9234461188316345,0.14027737081050873,0.20176945626735687,0.3240492045879364,0.8375794887542725,0.48951539397239685,-4.386669635772705,4.291420936584473,0.02251892350614071,0.10065124183893204,247836,3.7479899474419653,13.386278005782515,11.879961239174008,0.5478002889959667,0.45219971100403333,87552,0.0,1.0,1061,0.20424872636795044,0.0018591388361528516,12.126038724090904,0.5515324473381042,0.44846755266189575,0.7015441656112671,0.7578892111778259,0.9920217394828796,0.7294870615005493,0.2705129384994507,0.9667414426803589,0.9886406660079956,0.6166754364967346,0.7294870615005493,0.2705129384994507,0.7294870615005493,0.2705129384994507,0.21560225199099067,0.7843977480090093,0.6917518377304077,0.5218647184727165,0.47813528152728346,0.0,0.0,1.0,0.0,0.03443432166489779,0.03443432166489779,0.08546377718448639,0.021046176552772522,0.9655656783351022,0.03443432166489779,0.15521958470344543,0.05101760849356651,190659
acdc_b1_mit-b1_guard_gt_risk_s137_j13387384,2026-07-10 23:13:28,acdc,val,all,student_skd,/scratch/gautschi/manors/hf_cache/hub/models--nvidia--mit-b1/snapshots/13ddceec4e8bdf401e7cd7acf5aebc526222518c,runs/mit-b1_skd_j9200315/student_skd.ckpt,skd,GOPR0351_frame_000049_rgb_anon,/home/manors/Guardrail-Distillation/data/acdc/rgb_anon/night/val/GOPR0351/GOPR0351_frame_000049_rgb_anon.png,night,0.18752151958553326,0.8124784804144667,0.5577219128608704,0.9273642301559448,0.1321398764848709,0.2013777643442154,0.31390243768692017,0.8290220499038696,0.5337855815887451,-4.63472843170166,4.545488357543945,0.019260983914136887,0.08491195738315582,245678,3.658261732198298,13.409585750196129,11.918359261471778,0.44695289897076035,0.5530471010292397,87552,1.0,0.0,105,0.2048739641904831,0.001808279543183744,12.038298009429127,0.5750495195388794,0.4249504804611206,0.6941679120063782,0.7123270630836487,0.9244107007980347,0.7159399390220642,0.2840600609779358,0.9463814496994019,0.9647502899169922,0.6271651983261108,0.7159399390220642,0.2840600609779358,0.7159399390220642,0.2840600609779358,0.28089115944808013,0.7191088405519199,0.6512548923492432,0.2556590388331081,0.7443409611668919,0.0,1.0,0.0,0.0,0.09336963986254676,0.09336963986254676,0.11764179170131683,0.02410879172384739,0.9066303601374532,0.09336963986254676,0.20761321485042572,0.03361310437321663,190078
acdc_b1_mit-b1_guard_gt_risk_s137_j13387384,2026-07-10 23:13:28,acdc,val,all,student_skd,/scratch/gautschi/manors/hf_cache/hub/models--nvidia--mit-b1/snapshots/13ddceec4e8bdf401e7cd7acf5aebc526222518c,runs/mit-b1_skd_j9200315/student_skd.ckpt,skd,GOPR0351_frame_000053_rgb_anon,/home/manors/Guardrail-Distillation/data/acdc/rgb_anon/night/val/GOPR0351/GOPR0351_frame_000053_rgb_anon.png,night,0.25310248340705416,0.7468975165929459,0.544499397277832,0.9559982419013977,0.11207543313503265,0.12126239389181137,0.25864192843437195,0.8816297650337219,0.408496230840683,-4.36326265335083,4.308575630187988,0.015320120379328728,0.05535534769296646,246408,3.658261732198298,13.409585750196129,11.918359261471778,0.2291631296540656,0.7708368703459344,87552,0.316,0.6839999999999999,330,0.12334561347961426,0.0009777218801900744,12.038298009429127,0.6012957096099854,0.39870429039001465,0.7354916930198669,0.7548760771751404,0.8752731084823608,0.7058417201042175,0.29415827989578247,0.9489620327949524,0.9860808849334717,0.6460064053535461,0.7058417201042175,0.29415827989578247,0.7058417201042175,0.29415827989578247,0.30167198944041834,0.6983280105595817,0.6474708914756775,0.3416997898391813,0.6583002101608186,0.11253666018511577,0.344,0.656,0.027999999999999914,0.048569506033364185,0.048569506033364185,0.11991088837385178,0.01693938672542572,0.9514304939666358,0.048569506033364185,0.20634882152080536,0.07317538559436798,215395
acdc_b1_mit-b1_guard_gt_risk_s137_j13387384,2026-07-10 23:13:28,acdc,val,all,student_skd,/scratch/gautschi/manors/hf_cache/hub/models--nvidia--mit-b1/snapshots/13ddceec4e8bdf401e7cd7acf5aebc526222518c,runs/mit-b1_skd_j9200315/student_skd.ckpt,skd,GOPR0351_frame_000055_rgb_anon,/home/manors/Guardrail-Distillation/data/acdc/rgb_anon/night/val/GOPR0351/GOPR0351_frame_000055_rgb_anon.png,night,0.35892690641634584,0.6410730935836542,0.6887447237968445,0.9457386136054993,0.1187477633357048,0.15927819907665253,0.29003041982650757,0.8494969010353088,0.5061613917350769,-4.205173492431641,4.1382012367248535,0.017072465270757675,0.061773255467414856,249056,3.658261732198298,13.409585750196129,11.918359261471778,0.5664887842708924,0.43351121572910756,87552,0.44486531986531985,0.5551346801346801,535,0.1623186320066452,0.0012596076121553779,12.038298009429127,0.5624585151672363,0.43754148483276367,0.7345719933509827,0.7893767356872559,0.6689982414245605,0.6612787842750549,0.33872121572494507,0.8380690813064575,0.9852580428123474,0.5893269181251526,0.6612787842750549,0.33872121572494507,0.6612787842750549,0.33872121572494507,0.26576890106207235,0.7342310989379277,0.6991801261901855,0.5787464758211418,0.4212535241788582,0.012257691550249361,0.3135179997925096,0.6864820002074904,0.0,0.0,0.0,0.026740973815321922,0.01630556955933571,1.0,0.0,0.06686046719551086,0.008074489422142506,210156
acdc_b1_mit-b1_guard_gt_risk_s137_j13387384,2026-07-10 23:13:28,acdc,val,all,student_skd,/scratch/gautschi/manors/hf_cache/hub/models--nvidia--mit-b1/snapshots/13ddceec4e8bdf401e7cd7acf5aebc526222518c,runs/mit-b1_skd_j9200315/student_skd.ckpt,skd,GOPR0351_frame_000057_rgb_anon,/home/manors/Guardrail-Distillation/data/acdc/rgb_anon/night/val/GOPR0351/GOPR0351_frame_000057_rgb_anon.png,night,0.13092693228724211,0.8690730677127578,0.5110738277435303,0.8842729926109314,0.17074021697044373,0.29747849702835083,0.3987541198730469,0.7848011255264282,0.6239984035491943,-3.83522629737854,3.6879563331604004,0.041447483003139496,0.1727837324142456,250365,3.658261732198298,13.409585750196129,11.918359261471778,0.12287121131380656,0.8771287886861935,87552,0.05309346204475647,0.9469065379552435,2459,0.3004162013530731,0.0026831331197172403,12.038298009429127,0.5350047945976257,0.46499520540237427,0.6899119019508362,0.7129107713699341,0.5054863691329956,0.6237477660179138,0.3762522339820862,0.8133795857429504,0.8731918334960938,0.5721926689147949,0.6237477660179138,0.3762522339820862,0.6237477660179138,0.3762522339820862,0.29889262207261463,0.7011073779273853,0.7257483601570129,0.3598494085041338,0.6401505914958662,0.2369781971903273,0.4861781483106626,0.5138218516893374,0.4330846862659061,0.16796568978537252,0.16796568978537252,0.22564254701137543,0.010967985726892948,0.8320343102146275,0.16796568978537252,0.2987877428531647,0.033810634166002274,161831
acdc_b1_mit-b1_guard_gt_risk_s137_j13387384,2026-07-10 23:13:28,acdc,val,all,student_skd,/scratch/gautschi/manors/hf_cache/hub/models--nvidia--mit-b1/snapshots/13ddceec4e8bdf401e7cd7acf5aebc526222518c,runs/mit-b1_skd_j9200315/student_skd.ckpt,skd,GOPR0351_frame_000059_rgb_anon,/home/manors/Guardrail-Distillation/data/acdc/rgb_anon/night/val/GOPR0351/GOPR0351_frame_000059_rgb_anon.png,night,0.16280936312511962,0.8371906368748804,0.5475509762763977,0.9259889125823975,0.1450308859348297,0.20491038262844086,0.33925873041152954,0.827998697757721,0.5527355670928955,-4.022844314575195,3.929119110107422,0.03346867114305496,0.1050461009144783,249995,3.6503539886325598,13.370547792874277,11.87431620201096,0.17055221218017874,0.8294477878198212,87552,0.14335060449050085,0.8566493955094991,1158,0.20827502012252808,0.002010147785767913,11.987820034846663,0.5690992474555969,0.4309007525444031,0.7278217077255249,0.7586795091629028,0.9073560833930969,0.7124588489532471,0.28754115104675293,0.9433571100234985,0.9962455630302429,0.6152002811431885,0.7124588489532471,0.28754115104675293,0.7124588489532471,0.28754115104675293,0.330615214250017,0.6693847857499831,0.6859017014503479,0.49877263494889046,0.5012273650511095,0.32822042276871166,0.8488773747841105,0.15112262521588948,0.7055267702936097,0.16780585112489732,0.16780585112489732,0.14507490396499634,0.006724134553223848,0.8321941488751027,0.16780585112489732,0.19688794016838074,0.06147722899913788,198606
acdc_b1_mit-b1_guard_gt_risk_s137_j13387384,2026-07-10 23:13:28,acdc,val,all,student_skd,/scratch/gautschi/manors/hf_cache/hub/models--nvidia--mit-b1/snapshots/13ddceec4e8bdf401e7cd7acf5aebc526222518c,runs/mit-b1_skd_j9200315/student_skd.ckpt,skd,GOPR0351_frame_000061_rgb_anon,/home/manors/Guardrail-Distillation/data/acdc/rgb_anon/night/val/GOPR0351/GOPR0351_frame_000061_rgb_anon.png,night,0.2448088287081144,0.7551911712918856,0.5805495381355286,0.9149814248085022,0.15399901568889618,0.2162429690361023,0.3468535840511322,0.8276187777519226,0.5171810984611511,-4.067958354949951,3.960047721862793,0.026806320995092392,0.128712460398674,237444,3.6503539886325598,13.370547792874277,11.87431620201096,0.3274810343228431,0.6725189656771569,87552,0.3857570806100218,0.6142429193899782,1079,0.21872374415397644,0.001776822260580957,11.987820034846663,0.555674135684967,0.44432586431503296,0.7129868268966675,0.7509366273880005,0.44708946347236633,0.6099470257759094,0.3900529742240906,0.7933358550071716,0.887396514415741,0.5872541069984436,0.6099470257759094,0.3900529742240906,0.6099470257759094,0.3900529742240906,0.2654085691136451,0.7345914308863549,0.6304560303688049,0.3279287494749118,0.6720712505250882,0.00044771515206865065,0.2641946697566628,0.7358053302433372,0.0,0.020599740405530698,0.020599740405530698,0.09030339866876602,0.04039689525961876,0.9794002595944693,0.020599740405530698,0.17448745667934418,0.029855459928512573,179942
acdc_b1_mit-b1_guard_gt_risk_s137_j13387384,2026-07-10 23:13:28,acdc,val,all,student_skd,/scratch/gautschi/manors/hf_cache/hub/models--nvidia--mit-b1/snapshots/13ddceec4e8bdf401e7cd7acf5aebc526222518c,runs/mit-b1_skd_j9200315/student_skd.ckpt,skd,GOPR0351_frame_000063_rgb_anon,/home/manors/Guardrail-Distillation/data/acdc/rgb_anon/night/val/GOPR0351/GOPR0351_frame_000063_rgb_anon.png,night,0.17137161973273612,0.8286283802672638,0.6046947836875916,0.9144124984741211,0.14323440194129944,0.24982592463493347,0.34124094247817993,0.7804280519485474,0.7192939519882202,-2.968388795852661,2.862337589263916,0.02966436743736267,0.10451619327068329,235198,3.6503539886325598,13.370547792874277,11.87431620201096,0.21665011000681145,0.7833498899931886,86689,0.0,1.0,523,0.253783643245697,0.002370985224843025,11.987820034846663,0.576433002948761,0.423566997051239,0.685646116733551,0.7024763226509094,0.5377272963523865,0.6312835216522217,0.3687164783477783,0.8031853437423706,0.8773875832557678,0.5990245342254639,0.6312835216522217,0.3687164783477783,0.6312835216522217,0.3687164783477783,0.3339124119463445,0.6660875880536554,0.7106395363807678,0.351358290577275,0.648641709422725,0.13470818057046352,0.0,1.0,0.0,0.1625407922136084,0.1625407922136084,0.11536237597465515,0.009417597204446793,0.8374592077863916,0.1625407922136084,0.20404084026813507,0.049719810485839844,175511
acdc_b1_mit-b1_guard_gt_risk_s137_j13387384,2026-07-10 23:13:28,acdc,val,all,student_skd,/scratch/gautschi/manors/hf_cache/hub/models--nvidia--mit-b1/snapshots/13ddceec4e8bdf401e7cd7acf5aebc526222518c,runs/mit-b1_skd_j9200315/student_skd.ckpt,skd,GOPR0351_frame_000065_rgb_anon,/home/manors/Guardrail-Distillation/data/acdc/rgb_anon/night/val/GOPR0351/GOPR0351_frame_000065_rgb_anon.png,night,0.24167324333954146,0.7583267566604586,0.6080504059791565,0.9285832643508911,0.1272178292274475,0.2028827965259552,0.3015133738517761,0.8207671642303467,0.5738518834114075,-3.794527292251587,3.708052158355713,0.014059700071811676,0.08361706882715225,229379,3.6503539886325598,13.370547792874277,11.87431620201096,0.25844182422933015,0.7415581757706698,82008,0.4281288723667906,0.5718711276332094,807,0.20630590617656708,0.0018480640137568116,11.987820034846663,0.5104194283485413,0.48958057165145874,0.5867685675621033,0.605555534362793,0.37550386786460876,0.5927882194519043,0.4072117805480957,0.7458844780921936,0.8111075162887573,0.536518931388855,0.5927882194519043,0.4072117805480957,0.5927882194519043,0.4072117805480957,0.3831567614226714,0.6168432385773286,0.705544114112854,0.3225076873677631,0.677492312632237,0.06406586313843288,0.7781908302354399,0.2218091697645601,0.35006195786864924,0.14148351808312998,0.14148351808312998,0.10949563980102539,0.01200196985155344,0.85851648191687,0.14148351808312998,0.16320151090621948,0.04410604014992714,178715
acdc_b1_mit-b1_guard_gt_risk_s137_j13387384,2026-07-10 23:13:29,acdc,val,all,student_skd,/scratch/gautschi/manors/hf_cache/hub/models--nvidia--mit-b1/snapshots/13ddceec4e8bdf401e7cd7acf5aebc526222518c,runs/mit-b1_skd_j9200315/student_skd.ckpt,skd,GOPR0351_frame_000067_rgb_anon,/home/manors/Guardrail-Distillation/data/acdc/rgb_anon/night/val/GOPR0351/GOPR0351_frame_000067_rgb_anon.png,night,0.21991708564740967,0.7800829143525904,0.5661637187004089,0.9286451935768127,0.13654443621635437,0.19493399560451508,0.3195359408855438,0.8315978646278381,0.5334651470184326,-4.073870658874512,3.9852194786071777,0.02157468907535076,0.09657977521419525,245890,3.76425520516932,13.372270273976028,11.954559537116438,0.18476348765749404,0.8152365123425059,87543,0.3333333333333333,0.6666666666666667,430,0.19761812686920166,0.0016081216745078564,12.005472497548908,0.5588828325271606,0.44111716747283936,0.700248122215271,0.7580843567848206,1.1092487573623657,0.7519890666007996,0.24801093339920044,0.9818639755249023,0.9977688789367676,0.6222807168960571,0.7519890666007996,0.24801093339920044,0.7519890666007996,0.24801093339920044,0.2764258534846961,0.7235741465153038,0.6592541337013245,0.43972286765517676,0.5602771323448232,0.2549593799976827,0.0,1.0,0.0,0.05650876783728653,0.05650876783728653,0.11260319501161575,0.01951279118657112,0.9434912321627135,0.05650876783728653,0.33198991417884827,0.07990971952676773,195892
acdc_b1_mit-b1_guard_gt_risk_s137_j13387384,2026-07-10 23:13:29,acdc,val,all,student_skd,/scratch/gautschi/manors/hf_cache/hub/models--nvidia--mit-b1/snapshots/13ddceec4e8bdf401e7cd7acf5aebc526222518c,runs/mit-b1_skd_j9200315/student_skd.ckpt,skd,GOPR0351_frame_000069_rgb_anon,/home/manors/Guardrail-Distillation/data/acdc/rgb_anon/night/val/GOPR0351/GOPR0351_frame_000069_rgb_anon.png,night,0.16240968555997728,0.8375903144400227,0.5583601593971252,0.872528076171875,0.1621103137731552,0.31393948197364807,0.33089005947113037,0.7498156428337097,0.6957945227622986,-3.5020928382873535,3.3439345359802246,0.031375642865896225,0.1748800426721573,246975,3.76425520516932,13.372270273976028,11.954559537116438,0.22314310600114867,0.7768568939988514,87552,0.08455882352941177,0.9154411764705882,371,0.3175778090953827,0.0027512158267199993,12.005472497548908,0.5732985734939575,0.4267014265060425,0.6566072106361389,0.6791586875915527,0.7112088203430176,0.6706681847572327,0.32933181524276733,0.872951865196228,0.9295697808265686,0.591638445854187,0.6706681847572327,0.32933181524276733,0.6706681847572327,0.32933181524276733,0.1798796862534396,0.8201203137465604,0.6935195326805115,0.3166450093183673,0.6833549906816327,0.09350190331721864,0.0,1.0,0.0,0.017470000693462384,0.017470000693462384,0.17166109383106232,0.03650166839361191,0.9825299993065376,0.017470000693462384,0.36658769845962524,0.04717481508851051,151496
acdc_b1_mit-b1_guard_gt_risk_s137_j13387384,2026-07-10 23:13:29,acdc,val,all,student_skd,/scratch/gautschi/manors/hf_cache/hub/models--nvidia--mit-b1/snapshots/13ddceec4e8bdf401e7cd7acf5aebc526222518c,runs/mit-b1_skd_j9200315/student_skd.ckpt,skd,GOPR0351_frame_000071_rgb_anon,/home/manors/Guardrail-Distillation/data/acdc/rgb_anon/night/val/GOPR0351/GOPR0351_frame_000071_rgb_anon.png,night,0.12328185474447016,0.8767181452555298,0.6114352941513062,0.8867435455322266,0.1587810516357422,0.28607359528541565,0.3492148816585541,0.7798323035240173,0.6193137764930725,-4.341885566711426,4.201430320739746,0.02462041564285755,0.16277234256267548,247112,3.76425520516932,13.372270273976028,11.954559537116438,0.18687734024295805,0.813122659757042,87552,0.22362385321100917,0.7763761467889908,1166,0.2889708876609802,0.002268499694764614,12.005472497548908,0.5238721966743469,0.4761278033256531,0.612215518951416,0.6320767402648926,0.4777393341064453,0.6172139048576355,0.3827860951423645,0.7805238366127014,0.8256636261940002,0.5468438267707825,0.6172139048576355,0.3827860951423645,0.6172139048576355,0.3827860951423645,0.19370287719308124,0.8062971228069188,0.6730632185935974,0.28821365484153616,0.7117863451584638,0.10133631459857817,0.5600309099953757,0.43996909000462425,0.33640705678436655,0.07042102244861104,0.07042102244861104,0.07805367559194565,0.01642574928700924,0.929578977551389,0.07042102244861104,0.19066253304481506,0.013026481494307518,161434
acdc_b1_mit-b1_guard_gt_risk_s137_j13387384,2026-07-10 23:13:29,acdc,val,all,student_skd,/scratch/gautschi/manors/hf_cache/hub/models--nvidia--mit-b1/snapshots/13ddceec4e8bdf401e7cd7acf5aebc526222518c,runs/mit-b1_skd_j9200315/student_skd.ckpt,skd,GOPR0351_frame_000079_rgb_anon,/home/manors/Guardrail-Distillation/data/acdc/rgb_anon/night/val/GOPR0351/GOPR0351_frame_000079_rgb_anon.png,night,0.20210208588610026,0.7978979141138998,0.6844502687454224,0.9040454030036926,0.14784552156925201,0.2521895468235016,0.3266846239566803,0.7913308143615723,0.6143591403961182,-3.994089126586914,3.8757848739624023,0.023003408685326576,0.12757040560245514,255310,3.76425520516932,13.372270273976028,11.954559537116438,0.17914800363041392,0.8208519963695861,87552,0.08147632311977716,0.9185236768802229,718,0.2553189992904663,0.0018891750369220972,12.005472497548908,0.5431878566741943,0.45681214332580566,0.6336880326271057,0.6680997014045715,0.6131582856178284,0.6486608982086182,0.35133910179138184,0.8308573365211487,0.8976043462753296,0.5746533274650574,0.6486608982086182,0.35133910179138184,0.6486608982086182,0.35133910179138184,0.334250873725962,0.665749126274038,0.787333071231842,0.5837131051780377,0.41628689482196235,0.4045651015476237,0.059424326833797586,0.9405756731662024,0.0,0.13214878783986173,0.13214878783986173,0.12135051935911179,0.018467744812369347,0.8678512121601383,0.13214878783986173,0.22144843637943268,0.03558027744293213,182945
acdc_b1_mit-b1_guard_gt_risk_s137_j13387384,2026-07-10 23:13:29,acdc,val,all,student_skd,/scratch/gautschi/manors/hf_cache/hub/models--nvidia--mit-b1/snapshots/13ddceec4e8bdf401e7cd7acf5aebc526222518c,runs/mit-b1_skd_j9200315/student_skd.ckpt,skd,GOPR0351_frame_000081_rgb_anon,/home/manors/Guardrail-Distillation/data/acdc/rgb_anon/night/val/GOPR0351/GOPR0351_frame_000081_rgb_anon.png,night,0.1316600450010135,0.8683399549989865,0.40857601165771484,0.8243823051452637,0.1880074441432953,0.41445156931877136,0.39442992210388184,0.6954063773155212,0.8379149436950684,-2.977782964706421,2.7538902759552,0.048326700925827026,0.30198416113853455,255573,3.656939254142344,13.355847739148885,11.93965447600931,0.12337471580553887,0.8766252841944612,87552,0.3113207547169811,0.6886792452830188,191,0.4176780581474304,0.003723199013620615,11.994952510576695,0.5554565787315369,0.44454342126846313,0.6511292457580566,0.6755083203315735,0.8369550704956055,0.6978235244750977,0.30217647552490234,0.9062254428863525,0.9542691707611084,0.590715229511261,0.6978235244750977,0.30217647552490234,0.6978235244750977,0.30217647552490234,0.21973251555361292,0.780267484446387,0.5927268862724304,0.1791349422591162,0.8208650577408838,0.055760226453577366,0.49056603773584906,0.5094339622641509,0.17924528301886788,0.08807247055259948,0.08807247055259948,0.21075387299060822,0.026602966710925102,0.9119275294474005,0.08807247055259948,0.5049281120300293,0.05226295441389084,130277
acdc_b1_mit-b1_guard_gt_risk_s137_j13387384,2026-07-10 23:13:29,acdc,val,all,student_skd,/scratch/gautschi/manors/hf_cache/hub/models--nvidia--mit-b1/snapshots/13ddceec4e8bdf401e7cd7acf5aebc526222518c,runs/mit-b1_skd_j9200315/student_skd.ckpt,skd,GOPR0351_frame_000083_rgb_anon,/home/manors/Guardrail-Distillation/data/acdc/rgb_anon/night/val/GOPR0351/GOPR0351_frame_000083_rgb_anon.png,night,0.181941539710329,0.818058460289671,0.6147464513778687,0.9153625965118408,0.1444324404001236,0.24804355204105377,0.3436724543571472,0.7849171757698059,0.6975156664848328,-3.4539010524749756,3.348261833190918,0.03106173314154148,0.10611404478549957,252304,3.656939254142344,13.355847739148885,11.93965447600931,0.18382212262078035,0.8161778773792197,85707,0.2783018867924528,0.7216981132075472,213,0.2519957423210144,0.002445250516757369,11.994952510576695,0.5511434674263,0.44885653257369995,0.6811165809631348,0.7084802389144897,0.9118865132331848,0.713386058807373,0.28661394119262695,0.9398130774497986,0.9865109920501709,0.5962626338005066,0.713386058807373,0.28661394119262695,0.713386058807373,0.28661394119262695,0.24934799325522145,0.7506520067447786,0.6922680139541626,0.27090558223577554,0.7290944177642245,0.0870834596149952,0.028037383177570093,0.9719626168224299,0.0,0.06740645354489239,0.06740645354489239,0.09637579321861267,0.018854238092899323,0.9325935464551076,0.06740645354489239,0.1945074051618576,0.036788951605558395,194135
acdc_b1_mit-b1_guard_gt_risk_s137_j13387384,2026-07-10 23:13:29,acdc,val,all,student_skd,/scratch/gautschi/manors/hf_cache/hub/models--nvidia--mit-b1/snapshots/13ddceec4e8bdf401e7cd7acf5aebc526222518c,runs/mit-b1_skd_j9200315/student_skd.ckpt,skd,GOPR0351_frame_000085_rgb_anon,/home/manors/Guardrail-Distillation/data/acdc/rgb_anon/night/val/GOPR0351/GOPR0351_frame_000085_rgb_anon.png,night,0.13946807760506766,0.8605319223949324,0.555885910987854,0.8816335201263428,0.1857176572084427,0.32189273834228516,0.4412069618701935,0.760536253452301,0.7362135648727417,-3.3225698471069336,3.1658334732055664,0.07520805299282074,0.1768142282962799,257632,3.656939254142344,13.355847739148885,11.93965447600931,0.13068516841695949,0.8693148315830406,87552,0.0,1.0,469,0.3257950246334076,0.00268749613314867,11.994952510576695,0.5853385329246521,0.4146614670753479,0.7252578735351562,0.7830194234848022,1.0409222841262817,0.7390278577804565,0.26097214221954346,0.9639076590538025,0.989897608757019,0.6227492690086365,0.7390278577804565,0.26097214221954346,0.7390278577804565,0.26097214221954346,0.3010652952222982,0.6989347047777018,0.7285819053649902,0.23436660354736466,0.7656333964526354,0.10368143513040518,0.0,1.0,0.0,0.16159721761723056,0.16159721761723056,0.18491104245185852,0.01221509836614132,0.8384027823827694,0.16159721761723056,0.2912875711917877,0.11199308186769485,179536
acdc_b1_mit-b1_guard_gt_risk_s137_j13387384,2026-07-10 23:13:29,acdc,val,all,student_skd,/scratch/gautschi/manors/hf_cache/hub/models--nvidia--mit-b1/snapshots/13ddceec4e8bdf401e7cd7acf5aebc526222518c,runs/mit-b1_skd_j9200315/student_skd.ckpt,skd,GOPR0351_frame_000087_rgb_anon,/home/manors/Guardrail-Distillation/data/acdc/rgb_anon/night/val/GOPR0351/GOPR0351_frame_000087_rgb_anon.png,night,0.15412323748027815,0.8458767625197219,0.6681074500083923,0.9190782904624939,0.14836405217647552,0.21673516929149628,0.34358298778533936,0.8179106116294861,0.5708485841751099,-4.114462852478027,4.012181282043457,0.028502212837338448,0.1157703623175621,238999,3.656939254142344,13.355847739148885,11.93965447600931,0.27721426450094805,0.7227857354990519,87552,0.2841880341880342,0.7158119658119658,982,0.22000688314437866,0.0018761141691356897,11.994952510576695,0.5426881909370422,0.45731180906295776,0.6475073099136353,0.6590151786804199,1.0561164617538452,0.7419477105140686,0.2580522894859314,0.9676333665847778,0.9817429780960083,0.6166649460792542,0.7419477105140686,0.2580522894859314,0.7419477105140686,0.2580522894859314,0.23803645347107463,0.7619635465289254,0.7588818669319153,0.47102165159927556,0.5289783484007244,0.19380738709832745,0.0,1.0,0.0,0.08391321599079649,0.08391321599079649,0.12157373875379562,0.030799293890595436,0.9160867840092035,0.08391321599079649,0.2584655284881592,0.0760965570807457,185283
acdc_b1_mit-b1_guard_gt_risk_s137_j13387384,2026-07-10 23:13:29,acdc,val,all,student_skd,/scratch/gautschi/manors/hf_cache/hub/models--nvidia--mit-b1/snapshots/13ddceec4e8bdf401e7cd7acf5aebc526222518c,runs/mit-b1_skd_j9200315/student_skd.ckpt,skd,GOPR0351_frame_000089_rgb_anon,/home/manors/Guardrail-Distillation/data/acdc/rgb_anon/night/val/GOPR0351/GOPR0351_frame_000089_rgb_anon.png,night,0.19228957931195673,0.8077104206880432,0.6239944696426392,0.8944359421730042,0.16735079884529114,0.2620161771774292,0.36939314007759094,0.786384642124176,0.6556215286254883,-3.553553581237793,3.418813705444336,0.03689988702535629,0.16315394639968872,230353,3.774850512854755,13.425498269498348,11.918741511180997,0.11384740426822192,0.8861525957317781,87552,0.3263888888888889,0.6736111111111112,341,0.2651413679122925,0.002396616619080305,12.015817512292415,0.5527527928352356,0.4472472071647644,0.6547419428825378,0.6813823580741882,0.8955519795417786,0.7100345492362976,0.2899654507637024,0.9496544003486633,0.9802773594856262,0.6198824048042297,0.7100345492362976,0.2899654507637024,0.7100345492362976,0.2899654507637024,0.27506565994847115,0.7249343400515289,0.7798769474029541,0.3761345567370272,0.6238654432629728,0.2622871524688053,0.21666666666666667,0.7833333333333333,0.0,0.08277608063651432,0.08277608063651432,0.16942258179187775,0.013540088199079037,0.9172239193634857,0.08277608063651432,0.3123510479927063,0.073244109749794,162392
acdc_b1_mit-b1_guard_gt_risk_s137_j13387384,2026-07-10 23:13:29,acdc,val,all,student_skd,/scratch/gautschi/manors/hf_cache/hub/models--nvidia--mit-b1/snapshots/13ddceec4e8bdf401e7cd7acf5aebc526222518c,runs/mit-b1_skd_j9200315/student_skd.ckpt,skd,GOPR0351_frame_000091_rgb_anon,/home/manors/Guardrail-Distillation/data/acdc/rgb_anon/night/val/GOPR0351/GOPR0351_frame_000091_rgb_anon.png,night,0.14647813128892145,0.8535218687110786,0.5769134163856506,0.8868812918663025,0.15108215808868408,0.30991125106811523,0.3348005414009094,0.7403659820556641,0.7876670360565186,-2.851895332336426,2.7129194736480713,0.030995598062872887,0.13398003578186035,242357,3.774850512854755,13.425498269498348,11.918741511180997,0.5355394583844664,0.46446054161553363,87552,0.1986863711001642,0.8013136288998358,389,0.31435224413871765,0.0027017935644835234,12.015817512292415,0.6103954911231995,0.38960450887680054,0.6995835304260254,0.7232868671417236,1.603777527809143,0.8325456976890564,0.1674543023109436,0.9873567819595337,0.9939063191413879,0.6739773750305176,0.8325456976890564,0.1674543023109436,0.8325456976890564,0.1674543023109436,0.35145023296250427,0.6485497670374958,0.7263004779815674,0.8188415527669504,0.18115844723304964,0.283302094382484,0.24463021014745148,0.7553697898525485,0.04594383904728727,0.20497210167358282,0.20497210167358282,0.20192113518714905,0.0525340735912323,0.7950278983264172,0.20497210167358282,0.3620114326477051,0.13834962248802185,158655
acdc_b1_mit-b1_guard_gt_risk_s137_j13387384,2026-07-10 23:13:29,acdc,val,all,student_skd,/scratch/gautschi/manors/hf_cache/hub/models--nvidia--mit-b1/snapshots/13ddceec4e8bdf401e7cd7acf5aebc526222518c,runs/mit-b1_skd_j9200315/student_skd.ckpt,skd,GOPR0351_frame_000093_rgb_anon,/home/manors/Guardrail-Distillation/data/acdc/rgb_anon/night/val/GOPR0351/GOPR0351_frame_000093_rgb_anon.png,night,0.11509912838711683,0.8849008716128832,0.44101524353027344,0.8912157416343689,0.15364085137844086,0.2956191897392273,0.3406026363372803,0.7438518404960632,0.8357685208320618,-3.0293426513671875,2.8952534198760986,0.027391750365495682,0.1445930451154709,248615,3.774850512854755,13.425498269498348,11.918741511180997,0.17108347986268108,0.828916520137319,87552,0.14625522340083574,0.8537447765991643,983,0.30015629529953003,0.0029031827580183744,12.015817512292415,0.5770893096923828,0.4229106903076172,0.6760364174842834,0.6946317553520203,1.1867531538009644,0.7661598920822144,0.23384010791778564,0.9674221873283386,0.980146586894989,0.632732093334198,0.7661598920822144,0.23384010791778564,0.7661598920822144,0.23384010791778564,0.3402559946669286,0.6597440053330714,0.7460491061210632,0.5348088470087704,0.4651911529912296,0.3637253671460894,0.13818937411029986,0.8618106258897001,0.0,0.2251568662798118,0.2251568662798118,0.3133600056171417,0.00832612719386816,0.7748431337201882,0.2251568662798118,0.39372122287750244,0.15519578754901886,167749
acdc_b1_mit-b1_guard_gt_risk_s137_j13387384,2026-07-10 23:13:29,acdc,val,all,student_skd,/scratch/gautschi/manors/hf_cache/hub/models--nvidia--mit-b1/snapshots/13ddceec4e8bdf401e7cd7acf5aebc526222518c,runs/mit-b1_skd_j9200315/student_skd.ckpt,skd,GOPR0351_frame_000095_rgb_anon,/home/manors/Guardrail-Distillation/data/acdc/rgb_anon/night/val/GOPR0351/GOPR0351_frame_000095_rgb_anon.png,night,0.1863380846416178,0.8136619153583822,0.52200847864151,0.886130154132843,0.16699618101119995,0.2863718569278717,0.3693315386772156,0.7756152153015137,0.6597684025764465,-3.5086171627044678,3.364800214767456,0.037973806262016296,0.16893936693668365,230343,3.774850512854755,13.425498269498348,11.918741511180997,0.14565761596643784,0.8543423840335622,87552,0.27039800995024876,0.7296019900497512,1342,0.28906533122062683,0.002424306469038129,12.015817512292415,0.5724384784698486,0.42756152153015137,0.6793472170829773,0.7180436849594116,1.2832942008972168,0.7830100059509277,0.21698999404907227,0.9797719717025757,0.9924505352973938,0.6735880970954895,0.7830100059509277,0.21698999404907227,0.7830100059509277,0.21698999404907227,0.2694869509303999,0.7305130490696001,0.6745592951774597,0.29044321555187086,0.7095567844481292,0.14478559958543302,0.4333084947839046,0.5666915052160955,0.16291048483365578,0.08314886628878204,0.08314886628878204,0.17248626053333282,0.0199354887008667,0.916851133711218,0.08314886628878204,0.358743280172348,0.045844677835702896,153510
acdc_b1_mit-b1_guard_gt_risk_s137_j13387384,2026-07-10 23:13:29,acdc,val,all,student_skd,/scratch/gautschi/manors/hf_cache/hub/models--nvidia--mit-b1/snapshots/13ddceec4e8bdf401e7cd7acf5aebc526222518c,runs/mit-b1_skd_j9200315/student_skd.ckpt,skd,GOPR0351_frame_000099_rgb_anon,/home/manors/Guardrail-Distillation/data/acdc/rgb_anon/night/val/GOPR0351/GOPR0351_frame_000099_rgb_anon.png,night,0.17188882776876796,0.828111172231232,0.5935878753662109,0.8752918243408203,0.16536611318588257,0.28951114416122437,0.33692100644111633,0.7772230505943298,0.5933724641799927,-4.144630432128906,3.9892919063568115,0.02313869819045067,0.18672409653663635,239080,3.7667652359232306,13.368340209126472,11.870431248098612,0.09066351257861148,0.9093364874213885,81984,0.13632189367850214,0.8636781063214979,3563,0.2916692793369293,0.0022273175418376923,12.007577519398183,0.52223801612854,0.47776198387145996,0.6103376150131226,0.6240043044090271,0.5620766282081604,0.636932909488678,0.363067090511322,0.8424545526504517,0.8873099684715271,0.5599484443664551,0.636932909488678,0.363067090511322,0.636932909488678,0.363067090511322,0.19423809710147366,0.8057619028985263,0.7438514232635498,0.19298603776491868,0.8070139622350814,0.10232252518630713,0.08778054862842892,0.9122194513715711,0.0,0.022349269332705646,0.022349269332705646,0.18969382345676422,0.03943031653761864,0.9776507306672944,0.022349269332705646,0.3498786985874176,0.0747113898396492,148149
acdc_b1_mit-b1_guard_gt_risk_s137_j13387384,2026-07-10 23:13:29,acdc,val,all,student_skd,/scratch/gautschi/manors/hf_cache/hub/models--nvidia--mit-b1/snapshots/13ddceec4e8bdf401e7cd7acf5aebc526222518c,runs/mit-b1_skd_j9200315/student_skd.ckpt,skd,GOPR0351_frame_000101_rgb_anon,/home/manors/Guardrail-Distillation/data/acdc/rgb_anon/night/val/GOPR0351/GOPR0351_frame_000101_rgb_anon.png,night,0.17102510911553034,0.8289748908844696,0.5920876264572144,0.928351879119873,0.13389039039611816,0.18742340803146362,0.2968898117542267,0.8392421007156372,0.4805140495300293,-4.075088977813721,3.986886501312256,0.017917118966579437,0.09042526036500931,235808,3.7667652359232306,13.368340209126472,11.870431248098612,0.13435570372094158,0.8656442962790585,87552,0.13712230454311902,0.862877695456881,1626,0.19028085470199585,0.001660486334003508,12.007577519398183,0.562060534954071,0.43793946504592896,0.6676724553108215,0.6970367431640625,1.0456589460372925,0.7399404048919678,0.2600595951080322,0.9521615505218506,0.9836825728416443,0.6413683891296387,0.7399404048919678,0.2600595951080322,0.7399404048919678,0.2600595951080322,0.2961942028879274,0.7038057971120726,0.7334908246994019,0.47929830326465006,0.5207016967353499,0.34494259954370854,0.2291043034767825,0.7708956965232174,0.09198199893366354,0.12516909377239704,0.12516909377239704,0.2706354260444641,0.129232257604599,0.874830906227603,0.12516909377239704,0.518900990486145,0.1850997358560562,184656
acdc_b1_mit-b1_guard_gt_risk_s137_j13387384,2026-07-10 23:13:29,acdc,val,all,student_skd,/scratch/gautschi/manors/hf_cache/hub/models--nvidia--mit-b1/snapshots/13ddceec4e8bdf401e7cd7acf5aebc526222518c,runs/mit-b1_skd_j9200315/student_skd.ckpt,skd,GOPR0351_frame_000105_rgb_anon,/home/manors/Guardrail-Distillation/data/acdc/rgb_anon/night/val/GOPR0351/GOPR0351_frame_000105_rgb_anon.png,night,0.14673800305733675,0.8532619969426632,0.5836582183837891,0.9196215867996216,0.1419696807861328,0.19683219492435455,0.30192944407463074,0.8378221392631531,0.462289422750473,-4.386810302734375,4.287487506866455,0.014198094606399536,0.11544431746006012,250597,3.7667652359232306,13.368340209126472,11.870431248098612,0.18709266853043757,0.8129073314695624,87463,0.20131852536075237,0.7986814746392477,6090,0.1990194469690323,0.0018911634106189013,12.007577519398183,0.5594100952148438,0.44058990478515625,0.6915189027786255,0.720471203327179,0.6178187727928162,0.6497222781181335,0.35027772188186646,0.8900807499885559,0.9436426758766174,0.5871202349662781,0.6497222781181335,0.35027772188186646,0.6497222781181335,0.35027772188186646,0.2088715882892129,0.7911284117107871,0.6675019860267639,0.27360327928286143,0.7263967207171386,0.08651061075242383,0.3463909662174444,0.6536090337825555,0.14507244085669213,0.062133585231876176,0.062133585231876176,0.10702043771743774,0.023176653310656548,0.9378664147681238,0.062133585231876176,0.28281664848327637,0.044693272560834885,190651
acdc_b1_mit-b1_guard_gt_risk_s137_j13387384,2026-07-10 23:13:29,acdc,val,all,student_skd,/scratch/gautschi/manors/hf_cache/hub/models--nvidia--mit-b1/snapshots/13ddceec4e8bdf401e7cd7acf5aebc526222518c,runs/mit-b1_skd_j9200315/student_skd.ckpt,skd,GOPR0351_frame_000111_rgb_anon,/home/manors/Guardrail-Distillation/data/acdc/rgb_anon/night/val/GOPR0351/GOPR0351_frame_000111_rgb_anon.png,night,0.17849863868369006,0.8215013613163099,0.5119335651397705,0.9345343112945557,0.1458587944507599,0.17944984138011932,0.34787437319755554,0.8464050889015198,0.5065726041793823,-3.8521828651428223,3.766841411590576,0.036113277077674866,0.09747439622879028,244813,3.7667652359232306,13.368340209126472,11.870431248098612,0.19939757132169,0.80060242867831,87552,0.5098023589920682,0.49019764100793184,2656,0.18199266493320465,0.0016573366010561585,12.007577519398183,0.5920723080635071,0.4079276919364929,0.694441556930542,0.7162834405899048,0.9193353652954102,0.714906632900238,0.28509336709976196,0.9689202308654785,0.9842994213104248,0.6368257999420166,0.714906632900238,0.28509336709976196,0.714906632900238,0.28509336709976196,0.3182044171872377,0.6817955828127623,0.569757342338562,0.3094113211316966,0.6905886788683033,0.11001374981000667,0.5429701112960036,0.4570298887039964,0.03316775230393543,0.1397057785035476,0.1397057785035476,0.12692953646183014,0.06910580396652222,0.8602942214964524,0.1397057785035476,0.4163095951080322,0.0884961187839508,204633
acdc_b1_mit-b1_guard_gt_risk_s137_j13387384,2026-07-10 23:13:29,acdc,val,all,student_skd,/scratch/gautschi/manors/hf_cache/hub/models--nvidia--mit-b1/snapshots/13ddceec4e8bdf401e7cd7acf5aebc526222518c,runs/mit-b1_skd_j9200315/student_skd.ckpt,skd,GOPR0351_frame_000113_rgb_anon,/home/manors/Guardrail-Distillation/data/acdc/rgb_anon/night/val/GOPR0351/GOPR0351_frame_000113_rgb_anon.png,night,0.26085368643858503,0.7391463135614149,0.627971887588501,0.922583281993866,0.13948972523212433,0.20010040700435638,0.3173331022262573,0.8425846695899963,0.4452269971370697,-4.7983598709106445,4.702483177185059,0.019837692379951477,0.10278715193271637,245089,3.7544199731200933,13.401262986008078,11.885646497830749,0.4685329861111111,0.5314670138888888,87552,0.3890928194282564,0.6109071805717436,4372,0.20277494192123413,0.0021224110387265682,12.05713045783341,0.520953893661499,0.479046106338501,0.666388988494873,0.6882787942886353,0.7152479887008667,0.671559751033783,0.32844024896621704,0.9189467430114746,0.9691790342330933,0.5799299478530884,0.671559751033783,0.32844024896621704,0.671559751033783,0.32844024896621704,0.2790184918464133,0.7209815081535866,0.7154911160469055,0.8354922539509203,0.1645077460490797,0.36695926783980914,0.30193331771629106,0.6980666822837089,0.0,0.018164805407828277,0.018164805407828277,0.10270147025585175,0.015182239934802055,0.9818351945921717,0.018164805407828277,0.22574657201766968,0.047313425689935684,188157
acdc_b1_mit-b1_guard_gt_risk_s137_j13387384,2026-07-10 23:13:29,acdc,val,all,student_skd,/scratch/gautschi/manors/hf_cache/hub/models--nvidia--mit-b1/snapshots/13ddceec4e8bdf401e7cd7acf5aebc526222518c,runs/mit-b1_skd_j9200315/student_skd.ckpt,skd,GOPR0351_frame_000115_rgb_anon,/home/manors/Guardrail-Distillation/data/acdc/rgb_anon/night/val/GOPR0351/GOPR0351_frame_000115_rgb_anon.png,night,0.21834704232112254,0.7816529576788774,0.6876530647277832,0.909345805644989,0.1438312977552414,0.22552485764026642,0.3107184171676636,0.8213644027709961,0.4933393895626068,-4.4948296546936035,4.383777618408203,0.01316025760024786,0.12239080667495728,244904,3.7544199731200933,13.401262986008078,11.885646497830749,0.3453989033679057,0.6546010966320943,87140,0.3558696243124578,0.6441303756875423,5391,0.22828041017055511,0.0020370788406580687,12.05713045783341,0.5293111205101013,0.4706888794898987,0.6359149217605591,0.6583335995674133,0.486697793006897,0.6193282008171082,0.38067179918289185,0.8121644854545593,0.8711623549461365,0.5637184977531433,0.6193282008171082,0.38067179918289185,0.6193282008171082,0.38067179918289185,0.2948071129258391,0.7051928870741608,0.6940147876739502,0.30064520068928285,0.6993547993107172,0.0,0.602639418079391,0.39736058192060897,0.2467697937669333,0.0764600706047166,0.0764600706047166,0.048374053090810776,0.042012378573417664,0.9235399293952834,0.0764600706047166,0.17240223288536072,0.008864698000252247,175409
acdc_b1_mit-b1_guard_gt_risk_s137_j13387384,2026-07-10 23:13:29,acdc,val,all,student_skd,/scratch/gautschi/manors/hf_cache/hub/models--nvidia--mit-b1/snapshots/13ddceec4e8bdf401e7cd7acf5aebc526222518c,runs/mit-b1_skd_j9200315/student_skd.ckpt,skd,GOPR0351_frame_000121_rgb_anon,/home/manors/Guardrail-Distillation/data/acdc/rgb_anon/night/val/GOPR0351/GOPR0351_frame_000121_rgb_anon.png,night,0.20158636678701183,0.7984136332129882,0.7033407688140869,0.9508928656578064,0.1152450367808342,0.13721239566802979,0.2680465281009674,0.8653820157051086,0.4638735353946686,-4.0158467292785645,3.9554443359375,0.011913356371223927,0.06397566199302673,245187,3.7544199731200933,13.401262986008078,11.885646497830749,0.28638687198808044,0.7136131280119196,87552,0.3145424468005113,0.6854575531994886,2737,0.1395215392112732,0.0012467617634683847,12.05713045783341,0.5658833980560303,0.4341166019439697,0.7425674796104431,0.7686315774917603,0.569040060043335,0.6385416388511658,0.36145836114883423,0.8660010099411011,0.9615153670310974,0.5961723923683167,0.6385416388511658,0.36145836114883423,0.6385416388511658,0.36145836114883423,0.33579969312943303,0.664200306870567,0.7780061960220337,0.21299700553802042,0.7870029944619796,0.0,0.3665362615002903,0.6334637384997097,0.05199381469977893,0.13421332634242122,0.13421332634242122,0.09309221804141998,0.01842675358057022,0.8657866736575788,0.13421332634242122,0.19777558743953705,0.0389988049864769,210203
acdc_b1_mit-b1_guard_gt_risk_s137_j13387384,2026-07-10 23:13:29,acdc,val,all,student_skd,/scratch/gautschi/manors/hf_cache/hub/models--nvidia--mit-b1/snapshots/13ddceec4e8bdf401e7cd7acf5aebc526222518c,runs/mit-b1_skd_j9200315/student_skd.ckpt,skd,GOPR0351_frame_000124_rgb_anon,/home/manors/Guardrail-Distillation/data/acdc/rgb_anon/night/val/GOPR0351/GOPR0351_frame_000124_rgb_anon.png,night,0.2450998822732957,0.7549001177267043,0.7273203134536743,0.947636604309082,0.1270568072795868,0.14315643906593323,0.30257248878479004,0.8712185621261597,0.4476020634174347,-3.83738112449646,3.770932197570801,0.020558923482894897,0.07563953101634979,242717,3.7544199731200933,13.401262986008078,11.885646497830749,0.39697836102829687,0.6030216389717031,87552,0.30332491881901885,0.6966750811809812,7352,0.1454833298921585,0.0016532124718651175,12.05713045783341,0.6129589080810547,0.3870410919189453,0.7763723134994507,0.796367347240448,0.9465724229812622,0.7204253077507019,0.2795746922492981,0.9765537977218628,0.9947065711021423,0.6572974920272827,0.7204253077507019,0.2795746922492981,0.7204253077507019,0.2795746922492981,0.3333957546428933,0.6666042453571067,0.833464503288269,0.4026910114288105,0.5973089885711895,0.005712650400513608,0.3320726633283071,0.6679273366716929,0.028747744509288298,0.08829587236959757,0.08829587236959757,0.11914287507534027,0.012998677790164948,0.9117041276304024,0.08829587236959757,0.21007181704044342,0.05281459540128708,206970
acdc_b1_mit-b1_guard_gt_risk_s137_j13387384,2026-07-10 23:13:30,acdc,val,all,student_skd,/scratch/gautschi/manors/hf_cache/hub/models--nvidia--mit-b1/snapshots/13ddceec4e8bdf401e7cd7acf5aebc526222518c,runs/mit-b1_skd_j9200315/student_skd.ckpt,skd,GOPR0351_frame_000128_rgb_anon,/home/manors/Guardrail-Distillation/data/acdc/rgb_anon/night/val/GOPR0351/GOPR0351_frame_000128_rgb_anon.png,night,0.174417411849684,0.825582588150316,0.7952349185943604,0.9660406708717346,0.10655554383993149,0.09116191416978836,0.25100481510162354,0.9173530340194702,0.2840019762516022,-4.931626319885254,4.888278484344482,0.015285172499716282,0.04938016086816788,256196,3.7841180455870926,13.37762299226597,11.89275149954483,0.4990862573099415,0.5009137426900585,87552,0.08203516639519699,0.917964833604803,3249,0.09304288774728775,0.0010237761307507753,12.095375976059586,0.6295192837715149,0.3704807162284851,0.7527358531951904,0.7670192718505859,0.39528462290763855,0.5975542068481445,0.40244579315185547,0.7261024713516235,0.9439429044723511,0.6299712061882019,0.5975542068481445,0.40244579315185547,0.5975542068481445,0.40244579315185547,0.22619995020349895,0.7738000497965011,0.7903323769569397,0.4990862573099415,0.5009137426900585,0.0,0.25884337434347354,0.7411566256565265,0.17680820794827645,0.051782538353814966,0.051782538353814966,0.013903417624533176,0.018805913627147675,0.948217461646185,0.051782538353814966,0.05310777574777603,0.002154600340873003,232337
acdc_b1_mit-b1_guard_gt_risk_s137_j13387384,2026-07-10 23:13:30,acdc,val,all,student_skd,/scratch/gautschi/manors/hf_cache/hub/models--nvidia--mit-b1/snapshots/13ddceec4e8bdf401e7cd7acf5aebc526222518c,runs/mit-b1_skd_j9200315/student_skd.ckpt,skd,GOPR0351_frame_000132_rgb_anon,/home/manors/Guardrail-Distillation/data/acdc/rgb_anon/night/val/GOPR0351/GOPR0351_frame_000132_rgb_anon.png,night,0.26312031735335734,0.7368796826466426,0.8506563901901245,0.95906001329422,0.11194702982902527,0.11067131906747818,0.2657252252101898,0.8991363644599915,0.340549111366272,-4.583894729614258,4.532358169555664,0.014178511686623096,0.05608190596103668,257855,3.7841180455870926,13.37762299226597,11.89275149954483,0.3939396194271465,0.6060603805728535,87552,0.20766723875272386,0.7923327612472761,5694,0.11272310465574265,0.0012965999776497483,12.095375976059586,0.6013652086257935,0.39863479137420654,0.7320733666419983,0.7534935474395752,0.6975238919258118,0.6676385402679443,0.33236145973205566,0.9455663561820984,0.9869616031646729,0.6336379051208496,0.6676385402679443,0.33236145973205566,0.6676385402679443,0.33236145973205566,0.29772562826711646,0.7022743717328835,0.8537821769714355,0.5443180924144868,0.4556819075855132,0.1503784729873403,0.3763771487753788,0.6236228512246211,0.168709910022655,0.03460531091375907,0.03460531091375907,0.01919683627784252,0.016071047633886337,0.9653946890862409,0.03460531091375907,0.09803959727287292,0.0034244051203131676,227800
acdc_b1_mit-b1_guard_gt_risk_s137_j13387384,2026-07-10 23:13:30,acdc,val,all,student_skd,/scratch/gautschi/manors/hf_cache/hub/models--nvidia--mit-b1/snapshots/13ddceec4e8bdf401e7cd7acf5aebc526222518c,runs/mit-b1_skd_j9200315/student_skd.ckpt,skd,GOPR0351_frame_000141_rgb_anon,/home/manors/Guardrail-Distillation/data/acdc/rgb_anon/night/val/GOPR0351/GOPR0351_frame_000141_rgb_anon.png,night,0.16936585451222763,0.8306341454877724,0.6355175971984863,0.9485824704170227,0.12384545803070068,0.14052556455135345,0.2965952754020691,0.8805877566337585,0.3938833773136139,-4.573463439941406,4.508669853210449,0.01829581893980503,0.0708737000823021,248964,3.7841180455870926,13.37762299226597,11.89275149954483,0.10335176326905007,0.89664823673095,87022,0.06068419346398488,0.9393158065360151,19412,0.1429166942834854,0.0012489474611356854,12.095375976059586,0.6386626362800598,0.3613373637199402,0.7533164620399475,0.7726195454597473,0.29922428727149963,0.5742529034614563,0.4257470965385437,0.741996705532074,0.8284744620323181,0.6303524971008301,0.5742529034614563,0.4257470965385437,0.5742529034614563,0.4257470965385437,0.25863306143056947,0.7413669385694306,0.7012459635734558,0.30085303772742555,0.6991469622725744,0.1975012744583755,0.42092035487473245,0.5790796451252676,0.36023616141074755,0.08926720691834178,0.08926720691834178,0.0881010964512825,0.022372713312506676,0.9107327930816582,0.08926720691834178,0.1527208834886551,0.03279189020395279,212409
acdc_b1_mit-b1_guard_gt_risk_s137_j13387384,2026-07-10 23:13:30,acdc,val,all,student_skd,/scratch/gautschi/manors/hf_cache/hub/models--nvidia--mit-b1/snapshots/13ddceec4e8bdf401e7cd7acf5aebc526222518c,runs/mit-b1_skd_j9200315/student_skd.ckpt,skd,GOPR0351_frame_000143_rgb_anon,/home/manors/Guardrail-Distillation/data/acdc/rgb_anon/night/val/GOPR0351/GOPR0351_frame_000143_rgb_anon.png,night,0.10934162147167571,0.8906583785283243,0.5588943958282471,0.9515062570571899,0.11418677866458893,0.14077909290790558,0.27254486083984375,0.8613035678863525,0.488953173160553,-3.869896650314331,3.8102734088897705,0.014731362462043762,0.06091449409723282,257410,3.7841180455870926,13.37762299226597,11.89275149954483,0.13334485799266374,0.8666551420073363,87552,0.11632368329264038,0.8836763167073596,11535,0.1439679116010666,0.0020582606084644794,12.095375976059586,0.6122596263885498,0.3877403736114502,0.7477970719337463,0.7667542695999146,0.43323177099227905,0.6066451072692871,0.3933548927307129,0.7943517565727234,0.8826483488082886,0.6213510036468506,0.6066451072692871,0.3933548927307129,0.6066451072692871,0.3933548927307129,0.2673266556901867,0.7326733443098132,0.7770560383796692,0.61637067523062,0.38362932476938005,0.48302581723795623,0.38746948029298917,0.6125305197070108,0.2711457970003488,0.15798503421851107,0.15798503421851107,0.22792431712150574,0.009762635454535484,0.8420149657814889,0.15798503421851107,0.2720484733581543,0.1773940473794937,222363
acdc_b1_mit-b1_guard_gt_risk_s137_j13387384,2026-07-10 23:13:30,acdc,val,all,student_skd,/scratch/gautschi/manors/hf_cache/hub/models--nvidia--mit-b1/snapshots/13ddceec4e8bdf401e7cd7acf5aebc526222518c,runs/mit-b1_skd_j9200315/student_skd.ckpt,skd,GOPR0351_frame_000651_rgb_anon,/home/manors/Guardrail-Distillation/data/acdc/rgb_anon/night/val/GOPR0351/GOPR0351_frame_000651_rgb_anon.png,night,0.16837794405673534,0.8316220559432647,0.5509270429611206,0.9516850113868713,0.11555525660514832,0.14070956408977509,0.2819601595401764,0.8690211772918701,0.44726747274398804,-4.571594715118408,4.511645317077637,0.017251616343855858,0.057771481573581696,254295,3.660424263216555,13.392165477853268,11.929259228054434,0.17546720322322124,0.8245327967767788,87552,0.3380281690140845,0.6619718309859155,300,0.1433178186416626,0.0012415344826877117,12.055615487042814,0.5918233394622803,0.4081766605377197,0.7185782790184021,0.7404714226722717,0.7646245956420898,0.6823568940162659,0.31764310598373413,0.9321980476379395,0.9762480854988098,0.6221003532409668,0.6823568940162659,0.31764310598373413,0.6823568940162659,0.31764310598373413,0.20023958444598394,0.7997604155540161,0.6312785744667053,0.1446181934581323,0.8553818065418677,0.0,0.12206572769953052,0.8779342723004695,0.0,0.03186164038924855,0.03186164038924855,0.11188185960054398,0.03153030574321747,0.9681383596107515,0.03186164038924855,0.23173478245735168,0.07347371429204941,218846
acdc_b1_mit-b1_guard_gt_risk_s137_j13387384,2026-07-10 23:13:30,acdc,val,all,student_skd,/scratch/gautschi/manors/hf_cache/hub/models--nvidia--mit-b1/snapshots/13ddceec4e8bdf401e7cd7acf5aebc526222518c,runs/mit-b1_skd_j9200315/student_skd.ckpt,skd,GOPR0351_frame_000654_rgb_anon,/home/manors/Guardrail-Distillation/data/acdc/rgb_anon/night/val/GOPR0351/GOPR0351_frame_000654_rgb_anon.png,night,0.15885823641813596,0.8411417635818641,0.5071133375167847,0.941261351108551,0.12691199779510498,0.15267077088356018,0.284531831741333,0.8658748865127563,0.4235970675945282,-4.366555690765381,4.293719291687012,0.01560165360569954,0.07873550057411194,251640,3.660424263216555,13.392165477853268,11.929259228054434,0.3526442245690856,0.6473557754309144,86588,0.22261264718580373,0.7773873528141962,4015,0.1547853946685791,0.0011784951202571392,12.055615487042814,0.6401258111000061,0.3598741888999939,0.7977054715156555,0.8093908429145813,1.5602346658706665,0.8263869881629944,0.17361301183700562,0.9984656572341919,0.9994307160377502,0.7022473216056824,0.8263869881629944,0.17361301183700562,0.8263869881629944,0.17361301183700562,0.29919652032037125,0.7008034796796287,0.7172309756278992,0.45373463554958227,0.5462653644504177,0.10109041098049665,0.47155361050328226,0.5284463894967177,0.2489409633174785,0.14033828390223535,0.14033828390223535,0.23625020682811737,0.026132570579648018,0.8596617160977646,0.14033828390223535,0.32069623470306396,0.1729176640510559,207407
acdc_b1_mit-b1_guard_gt_risk_s137_j13387384,2026-07-10 23:13:30,acdc,val,all,student_skd,/scratch/gautschi/manors/hf_cache/hub/models--nvidia--mit-b1/snapshots/13ddceec4e8bdf401e7cd7acf5aebc526222518c,runs/mit-b1_skd_j9200315/student_skd.ckpt,skd,GOPR0351_frame_000706_rgb_anon,/home/manors/Guardrail-Distillation/data/acdc/rgb_anon/night/val/GOPR0351/GOPR0351_frame_000706_rgb_anon.png,night,0.3384031885392914,0.6615968114607086,0.5702672004699707,0.9070144891738892,0.1533007025718689,0.22405706346035004,0.31318917870521545,0.8110973834991455,0.543744683265686,-4.158901691436768,4.042994976043701,0.017442619428038597,0.14730246365070343,252657,3.660424263216555,13.392165477853268,11.929259228054434,0.41653406368732165,0.5834659363126784,87122,0.4933128569753086,0.5066871430246914,5638,0.22673508524894714,0.001843714970164001,12.055615487042814,0.6268563866615295,0.37314361333847046,0.7607477903366089,0.7932567000389099,1.3647319078445435,0.7965276837348938,0.2034723162651062,0.9923585057258606,0.9960958361625671,0.6681166291236877,0.7965276837348938,0.2034723162651062,0.7965276837348938,0.2034723162651062,0.5143243803065998,0.48567561969340023,0.8027365207672119,0.5527558959917808,0.44724410400821923,0.13622183230445917,0.8414944801824533,0.15850551981754668,0.34818162320714474,0.17592119176730836,0.17592119176730836,0.26979658007621765,0.03732728585600853,0.8240788082326916,0.17592119176730836,0.347316712141037,0.1682557761669159,187146
acdc_b1_mit-b1_guard_gt_risk_s137_j13387384,2026-07-10 23:13:30,acdc,val,all,student_skd,/scratch/gautschi/manors/hf_cache/hub/models--nvidia--mit-b1/snapshots/13ddceec4e8bdf401e7cd7acf5aebc526222518c,runs/mit-b1_skd_j9200315/student_skd.ckpt,skd,GOPR0351_frame_000709_rgb_anon,/home/manors/Guardrail-Distillation/data/acdc/rgb_anon/night/val/GOPR0351/GOPR0351_frame_000709_rgb_anon.png,night,0.28959895459458446,0.7104010454054155,0.665172815322876,0.8650910258293152,0.1666599065065384,0.3207530081272125,0.35038700699806213,0.7571110129356384,0.6459915637969971,-4.122524261474609,3.955014944076538,0.021548902615904808,0.2002248913049698,249015,3.660424263216555,13.392165477853268,11.929259228054434,0.4033009826605054,0.5966990173394946,87552,0.36073619631901843,0.6392638036809816,1630,0.323892205953598,0.0027664650697261095,12.055615487042814,0.5378417372703552,0.4621582627296448,0.6397089958190918,0.6776072382926941,0.6022360920906067,0.6461677551269531,0.3538322448730469,0.8448141813278198,0.9030348062515259,0.5658428072929382,0.6461677551269531,0.3538322448730469,0.6461677551269531,0.3538322448730469,0.3326994551457288,0.6673005448542713,0.742071807384491,0.7352955563751922,0.26470444362480783,0.33199457371468677,0.8177914110429448,0.18220858895705516,0.4570552147239264,0.04310050055114423,0.04310050055114423,0.12410497665405273,0.04720599204301834,0.9568994994488558,0.04310050055114423,0.25928157567977905,0.007485493086278439,146217
acdc_b1_mit-b1_guard_gt_risk_s137_j13387384,2026-07-10 23:13:30,acdc,val,all,student_skd,/scratch/gautschi/manors/hf_cache/hub/models--nvidia--mit-b1/snapshots/13ddceec4e8bdf401e7cd7acf5aebc526222518c,runs/mit-b1_skd_j9200315/student_skd.ckpt,skd,GOPR0351_frame_000712_rgb_anon,/home/manors/Guardrail-Distillation/data/acdc/rgb_anon/night/val/GOPR0351/GOPR0351_frame_000712_rgb_anon.png,night,0.20232444767951446,0.7976755523204855,0.6136252284049988,0.9310691356658936,0.12713730335235596,0.1847323477268219,0.27134835720062256,0.8240370750427246,0.5631024837493896,-3.7798116207122803,3.696070432662964,0.01170780137181282,0.08730538934469223,231555,3.657274239230901,13.38642550399527,11.911131732631475,0.35105597686365775,0.6489440231363423,85567,0.45382585751978893,0.5461741424802111,681,0.18801498413085938,0.001690706587396562,12.004002754110843,0.584373414516449,0.415626585483551,0.6831873059272766,0.7021566033363342,0.41734442114830017,0.6028476357460022,0.3971523642539978,0.763168454170227,0.8436897397041321,0.593422532081604,0.6028476357460022,0.3971523642539978,0.6028476357460022,0.3971523642539978,0.19345894660340468,0.8065410533965953,0.6844896078109741,0.4611571245006697,0.5388428754993303,0.11010114763701195,0.0,1.0,0.0,0.0,0.0,0.14411263167858124,0.0732482522726059,1.0,0.0,0.3769039511680603,0.08805683255195618,185552
acdc_b1_mit-b1_guard_gt_risk_s137_j13387384,2026-07-10 23:13:30,acdc,val,all,student_skd,/scratch/gautschi/manors/hf_cache/hub/models--nvidia--mit-b1/snapshots/13ddceec4e8bdf401e7cd7acf5aebc526222518c,runs/mit-b1_skd_j9200315/student_skd.ckpt,skd,GOPR0351_frame_000718_rgb_anon,/home/manors/Guardrail-Distillation/data/acdc/rgb_anon/night/val/GOPR0351/GOPR0351_frame_000718_rgb_anon.png,night,0.25917888802874095,0.7408211119712591,0.7891755104064941,0.938768744468689,0.13702623546123505,0.1588996797800064,0.3084716200828552,0.8634518384933472,0.44189706444740295,-4.0856032371521,4.007729530334473,0.026258675381541252,0.09234272688627243,242358,3.657274239230901,13.38642550399527,11.911131732631475,0.2972485035386808,0.7027514964613192,87538,0.17164898746383797,0.8283510125361621,2219,0.1608918309211731,0.001494058989919722,12.004002754110843,0.6207878589630127,0.3792121410369873,0.7182356119155884,0.7303517460823059,0.25589415431022644,0.5636267066001892,0.4363732933998108,0.6984013915061951,0.7809794545173645,0.6069774627685547,0.5636267066001892,0.4363732933998108,0.5636267066001892,0.4363732933998108,0.2881774379637609,0.7118225620362391,0.8262033462524414,0.2882760806098968,0.7117239193901033,0.0,0.3811406613927622,0.6188593386072379,0.2094916739289242,0.028998549935020046,0.028998549935020046,0.05940798297524452,0.02238011546432972,0.97100145006498,0.028998549935020046,0.17176243662834167,0.02592858485877514,200977
acdc_b1_mit-b1_guard_gt_risk_s137_j13387384,2026-07-10 23:13:30,acdc,val,all,student_skd,/scratch/gautschi/manors/hf_cache/hub/models--nvidia--mit-b1/snapshots/13ddceec4e8bdf401e7cd7acf5aebc526222518c,runs/mit-b1_skd_j9200315/student_skd.ckpt,skd,GOPR0351_frame_000724_rgb_anon,/home/manors/Guardrail-Distillation/data/acdc/rgb_anon/night/val/GOPR0351/GOPR0351_frame_000724_rgb_anon.png,night,0.21502822332080448,0.7849717766791955,0.5350518822669983,0.8942232131958008,0.16375355422496796,0.25676387548446655,0.35152825713157654,0.7963725328445435,0.588894248008728,-4.33180570602417,4.198512077331543,0.026734821498394012,0.16770409047603607,236321,3.657274239230901,13.38642550399527,11.911131732631475,0.2681439234692797,0.7318560765307203,87523,0.25266704098820886,0.7473329590117912,2054,0.2596692144870758,0.0018588280072435737,12.004002754110843,0.5802211165428162,0.41977888345718384,0.7143096923828125,0.7462315559387207,0.6078951954841614,0.6474605202674866,0.3525394797325134,0.8349522352218628,0.9013298153877258,0.5992867946624756,0.6474605202674866,0.3525394797325134,0.6474605202674866,0.3525394797325134,0.3495872378498094,0.6504127621501906,0.6580371260643005,0.5075669679449081,0.4924330320550919,0.23942304447562834,0.24742554751152065,0.7525744524884793,0.0,0.13455901452900487,0.13455901452900487,0.13829070329666138,0.015305452048778534,0.8654409854709951,0.13455901452900487,0.20173406600952148,0.043864063918590546,164610
acdc_b1_mit-b1_guard_gt_risk_s137_j13387384,2026-07-10 23:13:30,acdc,val,all,student_skd,/scratch/gautschi/manors/hf_cache/hub/models--nvidia--mit-b1/snapshots/13ddceec4e8bdf401e7cd7acf5aebc526222518c,runs/mit-b1_skd_j9200315/student_skd.ckpt,skd,GOPR0351_frame_000727_rgb_anon,/home/manors/Guardrail-Distillation/data/acdc/rgb_anon/night/val/GOPR0351/GOPR0351_frame_000727_rgb_anon.png,night,0.2920999065928519,0.7079000934071481,0.6696818470954895,0.8558943867683411,0.17301055788993835,0.35130688548088074,0.3647826910018921,0.7392281889915466,0.6836224794387817,-4.207618236541748,4.026364803314209,0.04323560744524002,0.20755651593208313,249956,3.657274239230901,13.38642550399527,11.911131732631475,0.3947452276940201,0.6052547723059799,87552,0.4651789927863548,0.5348210072136452,2204,0.354586660861969,0.002893443452194333,12.004002754110843,0.5648753643035889,0.43512463569641113,0.6473506689071655,0.6854262351989746,0.8929051756858826,0.7094893455505371,0.2905106544494629,0.9057669043540955,0.95494145154953,0.5979491472244263,0.7094893455505371,0.2905106544494629,0.7094893455505371,0.2905106544494629,0.38518126193503915,0.6148187380649608,0.7465193271636963,0.44357746010223914,0.5564225398977609,0.04883223240821899,0.486961883001487,0.513038116998513,0.021782890215132245,0.09308135534218731,0.09308135534218731,0.12691833078861237,0.050080813467502594,0.9069186446578127,0.09308135534218731,0.2634183466434479,0.01773912087082863,142413
acdc_b1_mit-b1_guard_gt_risk_s137_j13387384,2026-07-10 23:13:30,acdc,val,all,student_skd,/scratch/gautschi/manors/hf_cache/hub/models--nvidia--mit-b1/snapshots/13ddceec4e8bdf401e7cd7acf5aebc526222518c,runs/mit-b1_skd_j9200315/student_skd.ckpt,skd,GOPR0351_frame_000742_rgb_anon,/home/manors/Guardrail-Distillation/data/acdc/rgb_anon/night/val/GOPR0351/GOPR0351_frame_000742_rgb_anon.png,night,0.26978484360759825,0.7302151563924018,0.6669389009475708,0.8734024167060852,0.17077380418777466,0.3149120509624481,0.36885690689086914,0.7554442882537842,0.696133017539978,-3.661691665649414,3.501565456390381,0.03993929922580719,0.18066488206386566,251056,3.7638602661900222,13.36219278164208,11.893766466528177,0.4413357534982341,0.5586642465017659,87552,0.2484302484302484,0.7515697515697516,1719,0.31767067313194275,0.0019249299075454473,12.011417478788644,0.5418874621391296,0.45811253786087036,0.6212526559829712,0.6449697613716125,0.6236451268196106,0.6510471105575562,0.34895288944244385,0.8762274384498596,0.926207959651947,0.5750251412391663,0.6510471105575562,0.34895288944244385,0.6510471105575562,0.34895288944244385,0.4109813156733576,0.5890186843266424,0.7125900387763977,0.38627571106076036,0.6137242889392396,0.0,0.39403973509933776,0.6059602649006622,0.14560948666908935,0.14119647206575936,0.14119647206575936,0.09172455966472626,0.04607338830828667,0.8588035279342406,0.14119647206575936,0.1822342574596405,0.014387229457497597,157892
acdc_b1_mit-b1_guard_gt_risk_s137_j13387384,2026-07-10 23:13:30,acdc,val,all,student_skd,/scratch/gautschi/manors/hf_cache/hub/models--nvidia--mit-b1/snapshots/13ddceec4e8bdf401e7cd7acf5aebc526222518c,runs/mit-b1_skd_j9200315/student_skd.ckpt,skd,GOPR0351_frame_000745_rgb_anon,/home/manors/Guardrail-Distillation/data/acdc/rgb_anon/night/val/GOPR0351/GOPR0351_frame_000745_rgb_anon.png,night,0.1540799218960148,0.8459200781039852,0.5737614631652832,0.8994364142417908,0.15311141312122345,0.2587292194366455,0.34348154067993164,0.7875409722328186,0.6599428653717041,-3.0664546489715576,2.9420175552368164,0.02357589825987816,0.1416827142238617,241942,3.7638602661900222,13.36219278164208,11.893766466528177,0.24133086622807018,0.7586691337719298,87552,0.3275171624713959,0.672482837528604,2388,0.2630104422569275,0.0030024161096662283,12.011417478788644,0.5354116559028625,0.46458834409713745,0.6298584938049316,0.654705286026001,0.5719929337501526,0.6392229199409485,0.3607770800590515,0.8543226718902588,0.9067845940589905,0.5743356943130493,0.6392229199409485,0.3607770800590515,0.6392229199409485,0.3607770800590515,0.34998011421815106,0.6500198857818489,0.7025361061096191,0.24738941794999575,0.7526105820500042,0.006058551721925598,0.3568665377176016,0.6431334622823984,0.029349375246205622,0.1959001923221363,0.1959001923221363,0.1834530532360077,0.05467839166522026,0.8040998076778637,0.1959001923221363,0.3472939729690552,0.06380454450845718,165847
acdc_b1_mit-b1_guard_gt_risk_s137_j13387384,2026-07-10 23:13:30,acdc,val,all,student_skd,/scratch/gautschi/manors/hf_cache/hub/models--nvidia--mit-b1/snapshots/13ddceec4e8bdf401e7cd7acf5aebc526222518c,runs/mit-b1_skd_j9200315/student_skd.ckpt,skd,GOPR0351_frame_000748_rgb_anon,/home/manors/Guardrail-Distillation/data/acdc/rgb_anon/night/val/GOPR0351/GOPR0351_frame_000748_rgb_anon.png,night,0.13468182603000595,0.865318173969994,0.32737451791763306,0.8824737668037415,0.16438041627407074,0.27966147661209106,0.327122300863266,0.7730535268783569,0.6342862844467163,-3.163846969604492,3.016937732696533,0.026579299941658974,0.17855767905712128,257155,3.7638602661900222,13.36219278164208,11.893766466528177,0.10785155730277209,0.8921484426972279,87552,0.796148738379814,0.20385126162018596,1506,0.2826477289199829,0.0030297075863927603,12.011417478788644,0.5850534439086914,0.4149465560913086,0.6852681636810303,0.7006060481071472,0.635718822479248,0.6537850499153137,0.3462149500846863,0.8391430974006653,0.9174039959907532,0.6003945469856262,0.6537850499153137,0.3462149500846863,0.6537850499153137,0.3462149500846863,0.3271811704178155,0.6728188295821844,0.742855429649353,0.6151890801735427,0.3848109198264573,0.5073375228707706,0.3559096945551129,0.6440903054448871,0.0,0.19249934438780958,0.19249934438780958,0.4524741768836975,0.036993250250816345,0.8075006556121904,0.19249934438780958,0.5448814630508423,0.2597421705722809,170434
acdc_b1_mit-b1_guard_gt_risk_s137_j13387384,2026-07-10 23:13:30,acdc,val,all,student_skd,/scratch/gautschi/manors/hf_cache/hub/models--nvidia--mit-b1/snapshots/13ddceec4e8bdf401e7cd7acf5aebc526222518c,runs/mit-b1_skd_j9200315/student_skd.ckpt,skd,GOPR0351_frame_000754_rgb_anon,/home/manors/Guardrail-Distillation/data/acdc/rgb_anon/night/val/GOPR0351/GOPR0351_frame_000754_rgb_anon.png,night,0.09814267026589232,0.9018573297341077,0.5045028924942017,0.9536044597625732,0.10265124589204788,0.13271929323673248,0.22454670071601868,0.8629382252693176,0.46005192399024963,-3.4640533924102783,3.4086930751800537,0.010871161706745625,0.04667177423834801,251951,3.7638602661900222,13.36219278164208,11.893766466528177,0.34790083101971253,0.6520991689802875,87552,0.15130830489192262,0.8486916951080774,975,0.13442350924015045,0.0009597049211151898,12.011417478788644,0.6482982039451599,0.3517017960548401,0.7794110774993896,0.8035390973091125,1.830076813697815,0.8617708683013916,0.1382291316986084,0.9983628392219543,0.9996693134307861,0.7232475280761719,0.8617708683013916,0.1382291316986084,0.8617708683013916,0.1382291316986084,0.19279897914060326,0.8072010208593967,0.674099326133728,0.40660065757506597,0.593399342424934,0.05869982655535355,0.018297533810660304,0.9817024661893397,0.0,0.09465630887471099,0.09465630887471099,0.1923389881849289,0.022742517292499542,0.905343691125289,0.09465630887471099,0.34044715762138367,0.17240653932094574,218175
acdc_b1_mit-b1_guard_gt_risk_s137_j13387384,2026-07-10 23:13:31,acdc,val,all,student_skd,/scratch/gautschi/manors/hf_cache/hub/models--nvidia--mit-b1/snapshots/13ddceec4e8bdf401e7cd7acf5aebc526222518c,runs/mit-b1_skd_j9200315/student_skd.ckpt,skd,GOPR0351_frame_000761_rgb_anon,/home/manors/Guardrail-Distillation/data/acdc/rgb_anon/night/val/GOPR0351/GOPR0351_frame_000761_rgb_anon.png,night,0.260791677280892,0.739208322719108,0.6847670674324036,0.9291093349456787,0.13765236735343933,0.19721655547618866,0.3240590989589691,0.8274420499801636,0.558463990688324,-3.7151083946228027,3.6262967586517334,0.023855598643422127,0.09300756454467773,245980,3.686244541313499,13.366082741413265,11.885058716870844,0.15949318370681798,0.840506816293182,82842,0.36153523880458055,0.6384647611954195,1429,0.1997332125902176,0.00167458679061383,12.02859275508672,0.5630922317504883,0.4369077682495117,0.6886201500892639,0.7113905549049377,0.5880642533302307,0.6429209113121033,0.35707908868789673,0.8759901523590088,0.9442660212516785,0.5919346809387207,0.6429209113121033,0.35707908868789673,0.6429209113121033,0.35707908868789673,0.2861466032904521,0.713853396709548,0.7399097681045532,0.3155579585090416,0.6844420414909584,0.15606477480222358,0.26405776188384883,0.7359422381161511,0.0,0.02535492600956002,0.02535492600956002,0.06729815900325775,0.012155460193753242,0.97464507399044,0.02535492600956002,0.18546223640441895,0.024794699624180794,196098
acdc_b1_mit-b1_guard_gt_risk_s137_j13387384,2026-07-10 23:13:31,acdc,val,all,student_skd,/scratch/gautschi/manors/hf_cache/hub/models--nvidia--mit-b1/snapshots/13ddceec4e8bdf401e7cd7acf5aebc526222518c,runs/mit-b1_skd_j9200315/student_skd.ckpt,skd,GOPR0351_frame_000770_rgb_anon,/home/manors/Guardrail-Distillation/data/acdc/rgb_anon/night/val/GOPR0351/GOPR0351_frame_000770_rgb_anon.png,night,0.11173214864994001,0.88826785135006,0.21626365184783936,0.8743129372596741,0.17421340942382812,0.3052259683609009,0.36543259024620056,0.7619324326515198,0.6832478642463684,-3.134733200073242,2.9756486415863037,0.0386512465775013,0.20580078661441803,257482,3.686244541313499,13.366082741413265,11.885058716870844,0.16031648648568916,0.8396835135143108,87552,0.01462225832656377,0.9853777416734363,2462,0.30804628133773804,0.002055983990430832,12.02859275508672,0.6432774662971497,0.35672253370285034,0.7299840450286865,0.7583107948303223,1.1517174243927002,0.7598244547843933,0.2401755452156067,0.9561593532562256,0.9806921482086182,0.6736188530921936,0.7598244547843933,0.2401755452156067,0.7598244547843933,0.2401755452156067,0.266596524448141,0.733403475551859,0.5825145244598389,0.4136846970784046,0.5863153029215954,0.2533682105927154,0.0,1.0,0.0,0.154864375798201,0.154864375798201,0.38743290305137634,0.021182062104344368,0.845135624201799,0.154864375798201,0.7510466575622559,0.31620851159095764,165612
acdc_b1_mit-b1_guard_gt_risk_s137_j13387384,2026-07-10 23:13:31,acdc,val,all,student_skd,/scratch/gautschi/manors/hf_cache/hub/models--nvidia--mit-b1/snapshots/13ddceec4e8bdf401e7cd7acf5aebc526222518c,runs/mit-b1_skd_j9200315/student_skd.ckpt,skd,GOPR0351_frame_000774_rgb_anon,/home/manors/Guardrail-Distillation/data/acdc/rgb_anon/night/val/GOPR0351/GOPR0351_frame_000774_rgb_anon.png,night,0.21091304496701357,0.7890869550329864,0.38983994722366333,0.8093367218971252,0.20550614595413208,0.49314814805984497,0.45785945653915405,0.6524132490158081,1.0353593826293945,-2.5814335346221924,2.330223798751831,0.11587949097156525,0.306425541639328,254920,3.686244541313499,13.366082741413265,11.885058716870844,0.12957475275707944,0.8704252472429206,87552,0.46792680474562637,0.5320731952543736,4973,0.49878135323524475,0.004164198879152536,12.02859275508672,0.5499423742294312,0.45005762577056885,0.6143823862075806,0.6320628523826599,0.8149288296699524,0.6931588053703308,0.3068411946296692,0.8614720106124878,0.8897249698638916,0.5757236480712891,0.6931588053703308,0.3068411946296692,0.6931588053703308,0.3068411946296692,0.20834113877337426,0.7916588612266258,0.5083202719688416,0.2993285396989892,0.7006714603010108,0.1697537869419098,0.24864267042026947,0.7513573295797306,0.0,0.0,0.0,0.1302761733531952,0.011795857921242714,1.0,0.0,0.4629530906677246,0.010748470202088356,126177
acdc_b1_mit-b1_guard_gt_risk_s137_j13387384,2026-07-10 23:13:31,acdc,val,all,student_skd,/scratch/gautschi/manors/hf_cache/hub/models--nvidia--mit-b1/snapshots/13ddceec4e8bdf401e7cd7acf5aebc526222518c,runs/mit-b1_skd_j9200315/student_skd.ckpt,skd,GOPR0351_frame_000809_rgb_anon,/home/manors/Guardrail-Distillation/data/acdc/rgb_anon/night/val/GOPR0351/GOPR0351_frame_000809_rgb_anon.png,night,0.23772956665060263,0.7622704333493974,0.551112711429596,0.9295336008071899,0.14034023880958557,0.18531955778598785,0.3160649836063385,0.8459387421607971,0.4681874215602875,-3.899402618408203,3.8105735778808594,0.02497129514813423,0.0977528989315033,249967,3.686244541313499,13.366082741413265,11.885058716870844,0.11806619963114334,0.8819338003688566,84949,0.8483960518198643,0.15160394818013567,6484,0.1878332942724228,0.0017491126200184226,12.02859275508672,0.5943272113800049,0.4056727886199951,0.7160788774490356,0.7542866468429565,0.9565801620483398,0.7224365472793579,0.2775634527206421,0.9567431211471558,0.9955077171325684,0.6478506922721863,0.7224365472793579,0.2775634527206421,0.7224365472793579,0.2775634527206421,0.42029284722263144,0.5797071527773685,0.7802229523658752,0.4418156471387924,0.5581843528612076,0.323749447507649,0.42450647748303516,0.5754935225169648,0.0,0.18256328057202886,0.18256328057202886,0.27827271819114685,0.04916248843073845,0.8174367194279711,0.18256328057202886,0.42448002099990845,0.1868966668844223,200828
acdc_b1_mit-b1_guard_gt_risk_s137_j13387384,2026-07-10 23:13:31,acdc,val,all,student_skd,/scratch/gautschi/manors/hf_cache/hub/models--nvidia--mit-b1/snapshots/13ddceec4e8bdf401e7cd7acf5aebc526222518c,runs/mit-b1_skd_j9200315/student_skd.ckpt,skd,GOPR0351_frame_000814_rgb_anon,/home/manors/Guardrail-Distillation/data/acdc/rgb_anon/night/val/GOPR0351/GOPR0351_frame_000814_rgb_anon.png,night,0.142297705203154,0.857702294796846,0.496293306350708,0.9124122858047485,0.13194312155246735,0.2264767289161682,0.27004796266555786,0.801059365272522,0.584534764289856,-3.794797897338867,3.6899571418762207,0.011381554417312145,0.10277851670980453,246715,3.6636770237237215,13.343994971364737,11.899208999238908,0.15085260176772625,0.8491473982322737,87552,0.26302626094205916,0.7369737390579408,2399,0.22918421030044556,0.0017111590132117271,12.013355211820453,0.5951022505760193,0.4048977494239807,0.7049823999404907,0.7377227544784546,1.0221563577651978,0.7353923916816711,0.26460760831832886,0.9700124859809875,0.9919946193695068,0.6417504549026489,0.7353923916816711,0.26460760831832886,0.7353923916816711,0.26460760831832886,0.21533675662852075,0.7846632433714793,0.6349837183952332,0.2235739049583015,0.7764260950416985,0.07272130319057524,0.14193413922467696,0.8580658607753231,0.0,0.07303905142536671,0.07303905142536671,0.18594735860824585,0.0472569577395916,0.9269609485746333,0.07303905142536671,0.39852869510650635,0.09972235560417175,177738
acdc_b1_mit-b1_guard_gt_risk_s137_j13387384,2026-07-10 23:13:31,acdc,val,all,student_skd,/scratch/gautschi/manors/hf_cache/hub/models--nvidia--mit-b1/snapshots/13ddceec4e8bdf401e7cd7acf5aebc526222518c,runs/mit-b1_skd_j9200315/student_skd.ckpt,skd,GOPR0351_frame_000818_rgb_anon,/home/manors/Guardrail-Distillation/data/acdc/rgb_anon/night/val/GOPR0351/GOPR0351_frame_000818_rgb_anon.png,night,0.23026321193759222,0.7697367880624078,0.5581929683685303,0.956192672252655,0.11431010067462921,0.12774769961833954,0.27117225527763367,0.8719325661659241,0.45770761370658875,-4.012614727020264,3.9575395584106445,0.019005518406629562,0.057676028460264206,235037,3.6636770237237215,13.343994971364737,11.899208999238908,0.3380878312996773,0.6619121687003227,87552,0.4270687237026648,0.5729312762973352,1426,0.1300409734249115,0.0010148984147235751,12.013355211820453,0.6054861545562744,0.3945138454437256,0.712738573551178,0.7218080759048462,0.21011126041412354,0.5523354411125183,0.4476645588874817,0.6694892644882202,0.7623095512390137,0.6042969822883606,0.5523354411125183,0.4476645588874817,0.5523354411125183,0.4476645588874817,0.24967682066041474,0.7503231793395853,0.650476336479187,0.5760530920455418,0.4239469079544582,0.23796526074586444,0.12377279102384292,0.8762272089761571,0.0,0.019413608722822495,0.019413608722822495,0.09783565998077393,0.005552317481487989,0.9805863912771775,0.019413608722822495,0.11846645921468735,0.06006288528442383,208328
acdc_b1_mit-b1_guard_gt_risk_s137_j13387384,2026-07-10 23:13:31,acdc,val,all,student_skd,/scratch/gautschi/manors/hf_cache/hub/models--nvidia--mit-b1/snapshots/13ddceec4e8bdf401e7cd7acf5aebc526222518c,runs/mit-b1_skd_j9200315/student_skd.ckpt,skd,GOPR0351_frame_000822_rgb_anon,/home/manors/Guardrail-Distillation/data/acdc/rgb_anon/night/val/GOPR0351/GOPR0351_frame_000822_rgb_anon.png,night,0.08813252159470662,0.9118674784052934,0.41312676668167114,0.9405509829521179,0.11657629907131195,0.16626964509487152,0.2646842300891876,0.8388260006904602,0.5403609275817871,-3.7268919944763184,3.6558048725128174,0.007047216407954693,0.07151444256305695,168861,3.6636770237237215,13.343994971364737,11.899208999238908,0.1656364541381963,0.8343635458618037,87552,0.0,1.0,1795,0.16888289153575897,0.0014368615811690688,12.013355211820453,0.6022801399230957,0.3977198600769043,0.6826757192611694,0.6962442398071289,0.5741191506385803,0.6397131085395813,0.3602868914604187,0.8638299107551575,0.9117498397827148,0.6097761988639832,0.6397131085395813,0.3602868914604187,0.6397131085395813,0.3602868914604187,0.12755720952659733,0.8724427904734027,0.48375290632247925,0.1223093702883906,0.8776906297116094,0.0,0.0,1.0,0.0,0.03942468793189069,0.03942468793189069,0.07486630976200104,0.004240173846483231,0.9605753120681093,0.03942468793189069,0.2927437424659729,0.04102190583944321,136734
acdc_b1_mit-b1_guard_gt_risk_s137_j13387384,2026-07-10 23:13:31,acdc,val,all,student_skd,/scratch/gautschi/manors/hf_cache/hub/models--nvidia--mit-b1/snapshots/13ddceec4e8bdf401e7cd7acf5aebc526222518c,runs/mit-b1_skd_j9200315/student_skd.ckpt,skd,GOPR0351_frame_000825_rgb_anon,/home/manors/Guardrail-Distillation/data/acdc/rgb_anon/night/val/GOPR0351/GOPR0351_frame_000825_rgb_anon.png,night,0.13969547224706283,0.8603045277529372,0.4000513255596161,0.9183434844017029,0.1450890749692917,0.2063385248184204,0.31613436341285706,0.8267307877540588,0.5308471918106079,-4.1579766273498535,4.056619167327881,0.01963822916150093,0.12317639589309692,194875,3.6636770237237215,13.343994971364737,11.899208999238908,0.12185862033981194,0.878141379660188,87552,0.43185719189838656,0.5681428081016134,2913,0.20838603377342224,0.0012903386959806085,12.013355211820453,0.6153551340103149,0.38464486598968506,0.7165383696556091,0.7332395911216736,0.3664324879646301,0.5905966758728027,0.40940332412719727,0.7579935789108276,0.8564115166664124,0.6189059615135193,0.5905966758728027,0.40940332412719727,0.5905966758728027,0.40940332412719727,0.14037007162426365,0.8596299283757364,0.47603848576545715,0.08552986528682809,0.914470134713172,0.0,0.18142808101613456,0.8185719189838654,0.0,0.0006745993772008241,0.0006745993772008241,0.07971777021884918,0.0037305965088307858,0.9993254006227992,0.0006745993772008241,0.18384093046188354,0.023753687739372253,148396
acdc_b1_mit-b1_guard_gt_risk_s137_j13387384,2026-07-10 23:13:31,acdc,val,all,student_skd,/scratch/gautschi/manors/hf_cache/hub/models--nvidia--mit-b1/snapshots/13ddceec4e8bdf401e7cd7acf5aebc526222518c,runs/mit-b1_skd_j9200315/student_skd.ckpt,skd,GOPR0356_frame_000321_rgb_anon,/home/manors/Guardrail-Distillation/data/acdc/rgb_anon/night/val/GOPR0356/GOPR0356_frame_000321_rgb_anon.png,night,0.15558940205322894,0.8444105979467711,0.7757400274276733,0.9232317805290222,0.13208436965942383,0.2162405103445053,0.30584874749183655,0.8110772371292114,0.595910370349884,-3.623323678970337,3.529867649078369,0.017851443961262703,0.0894264504313469,206818,3.7672927137464285,13.373107765801251,11.90780900651589,0.17454159312388395,0.825458406876116,86530,0.07109004739336493,0.9289099526066351,211,0.21997910737991333,0.0020010194275528193,11.992304993327707,0.525615930557251,0.474384069442749,0.615242063999176,0.6383249163627625,0.5468341708183289,0.6334007978439331,0.3665992021560669,0.8116172552108765,0.8926966786384583,0.5926006436347961,0.6334007978439331,0.3665992021560669,0.6334007978439331,0.3665992021560669,0.2937858938417271,0.706214106158273,0.8716745972633362,0.23980647721272286,0.7601935227872771,0.0652648840888389,0.3033175355450237,0.6966824644549763,0.23222748815165883,0.13819649178849813,0.13819649178849813,0.09955612570047379,0.0036215416621416807,0.8618035082115019,0.13819649178849813,0.14139968156814575,0.034793876111507416,159095
acdc_b1_mit-b1_guard_gt_risk_s137_j13387384,2026-07-10 23:13:31,acdc,val,all,student_skd,/scratch/gautschi/manors/hf_cache/hub/models--nvidia--mit-b1/snapshots/13ddceec4e8bdf401e7cd7acf5aebc526222518c,runs/mit-b1_skd_j9200315/student_skd.ckpt,skd,GOPR0356_frame_000324_rgb_anon,/home/manors/Guardrail-Distillation/data/acdc/rgb_anon/night/val/GOPR0356/GOPR0356_frame_000324_rgb_anon.png,night,0.2151626706407019,0.7848373293592981,0.8072788119316101,0.9169164299964905,0.14464783668518066,0.22187329828739166,0.3283270001411438,0.8070052266120911,0.6182398796081543,-3.788830280303955,3.685230255126953,0.027243712916970253,0.10682562738656998,231246,3.7672927137464285,13.373107765801251,11.90780900651589,0.2963316376271127,0.7036683623728873,84271,0.8936170212765957,0.1063829787234043,141,0.22460326552391052,0.001648911740630865,11.992304993327707,0.5144533514976501,0.48554664850234985,0.5884047746658325,0.6078222990036011,0.45083433389663696,0.6108375787734985,0.38916242122650146,0.7578600645065308,0.8315362930297852,0.5453455448150635,0.6108375787734985,0.38916242122650146,0.6108375787734985,0.38916242122650146,0.2557099348501989,0.7442900651498011,0.8688842058181763,0.34513854066939853,0.6548614593306015,0.048806903042285854,0.8581560283687943,0.14184397163120566,0.0,0.04054726420949695,0.04054726420949695,0.08618094772100449,0.02457555942237377,0.959452735790503,0.04054726420949695,0.14305977523326874,0.03005889803171158,175541
acdc_b1_mit-b1_guard_gt_risk_s137_j13387384,2026-07-10 23:13:31,acdc,val,all,student_skd,/scratch/gautschi/manors/hf_cache/hub/models--nvidia--mit-b1/snapshots/13ddceec4e8bdf401e7cd7acf5aebc526222518c,runs/mit-b1_skd_j9200315/student_skd.ckpt,skd,GOPR0356_frame_000327_rgb_anon,/home/manors/Guardrail-Distillation/data/acdc/rgb_anon/night/val/GOPR0356/GOPR0356_frame_000327_rgb_anon.png,night,0.17709692855308473,0.8229030714469152,0.49946388602256775,0.8719995021820068,0.16675032675266266,0.323918879032135,0.3712102174758911,0.7506664395332336,0.7238348126411438,-3.5243163108825684,3.3639090061187744,0.03504974767565727,0.17990674078464508,200515,3.7672927137464285,13.373107765801251,11.90780900651589,0.1730182599716768,0.8269817400283233,86496,0.5054945054945055,0.4945054945054945,91,0.327531099319458,0.002737116999924183,11.992304993327707,0.5368432402610779,0.4631567597389221,0.6279095411300659,0.6522584557533264,0.9467300772666931,0.720457136631012,0.27954286336898804,0.9347794651985168,0.957267165184021,0.6337874531745911,0.720457136631012,0.27954286336898804,0.720457136631012,0.27954286336898804,0.3511115134967534,0.6488884865032466,0.8099843263626099,0.3870155280199706,0.6129844719800295,0.21399726804829378,0.21978021978021978,0.7802197802197802,0.0,0.17401458494366862,0.17401458494366862,0.3190734088420868,0.00855297688394785,0.8259854150563314,0.17401458494366862,0.42187368869781494,0.11015136539936066,122285
acdc_b1_mit-b1_guard_gt_risk_s137_j13387384,2026-07-10 23:13:31,acdc,val,all,student_skd,/scratch/gautschi/manors/hf_cache/hub/models--nvidia--mit-b1/snapshots/13ddceec4e8bdf401e7cd7acf5aebc526222518c,runs/mit-b1_skd_j9200315/student_skd.ckpt,skd,GOPR0356_frame_000330_rgb_anon,/home/manors/Guardrail-Distillation/data/acdc/rgb_anon/night/val/GOPR0356/GOPR0356_frame_000330_rgb_anon.png,night,0.1527920798625239,0.847207920137476,0.7224301695823669,0.8402823805809021,0.1819303035736084,0.3455670177936554,0.3394157290458679,0.7219720482826233,0.7753082513809204,-3.224102020263672,3.022711992263794,0.018345007672905922,0.29279303550720215,243445,3.7672927137464285,13.373107765801251,11.90780900651589,0.16335412947322742,0.8366458705267725,83012,0.30288461538461536,0.6971153846153846,104,0.34905511140823364,0.0027249481063336134,11.992304993327707,0.5338242650032043,0.46617573499679565,0.604784369468689,0.6198537349700928,0.7503891587257385,0.6792634725570679,0.32073652744293213,0.8616392612457275,0.8909759521484375,0.5777878165245056,0.6792634725570679,0.32073652744293213,0.6792634725570679,0.32073652744293213,0.23927870176364374,0.7607212982363563,0.8941404223442078,0.26575779312788483,0.7342422068721152,0.10240366365465736,0.7307692307692307,0.2692307692307693,0.4278846153846153,0.08648662190111978,0.08648662190111978,0.17575223743915558,0.00404198095202446,0.9135133780988802,0.08648662190111978,0.19992606341838837,0.0005586477927863598,137907
acdc_b1_mit-b1_guard_gt_risk_s137_j13387384,2026-07-10 23:13:31,acdc,val,all,student_skd,/scratch/gautschi/manors/hf_cache/hub/models--nvidia--mit-b1/snapshots/13ddceec4e8bdf401e7cd7acf5aebc526222518c,runs/mit-b1_skd_j9200315/student_skd.ckpt,skd,GOPR0356_frame_000333_rgb_anon,/home/manors/Guardrail-Distillation/data/acdc/rgb_anon/night/val/GOPR0356/GOPR0356_frame_000333_rgb_anon.png,night,0.12474142917183172,0.8752585708281683,0.520908772945404,0.8497639298439026,0.1894756257534027,0.41155171394348145,0.4751713275909424,0.7113668918609619,0.8807770013809204,-3.238833427429199,3.0431017875671387,0.06863380968570709,0.21559765934944153,234112,3.650624246802181,13.39796301908791,11.921961733605713,0.11203885013186235,0.8879611498681377,83274,0.08695652173913043,0.9130434782608696,184,0.41704943776130676,0.004833060782402754,12.008327466901392,0.545958399772644,0.45404160022735596,0.6378004550933838,0.6615729331970215,0.749492347240448,0.6790680885314941,0.32093191146850586,0.854715883731842,0.8949310779571533,0.5906041860580444,0.6790680885314941,0.32093191146850586,0.6790680885314941,0.32093191146850586,0.17658254627190081,0.8234174537280992,0.5855530500411987,0.18911776089791693,0.8108822391020831,0.07707891076605455,0.3804347826086957,0.6195652173913043,0.2934782608695653,0.05184111710006911,0.05184111710006911,0.0726233571767807,0.007979086600244045,0.9481588828999309,0.05184111710006911,0.3508918583393097,0.005595611874014139,131680
acdc_b1_mit-b1_guard_gt_risk_s137_j13387384,2026-07-10 23:13:31,acdc,val,all,student_skd,/scratch/gautschi/manors/hf_cache/hub/models--nvidia--mit-b1/snapshots/13ddceec4e8bdf401e7cd7acf5aebc526222518c,runs/mit-b1_skd_j9200315/student_skd.ckpt,skd,GOPR0356_frame_000336_rgb_anon,/home/manors/Guardrail-Distillation/data/acdc/rgb_anon/night/val/GOPR0356/GOPR0356_frame_000336_rgb_anon.png,night,0.1469914023817548,0.8530085976182452,0.3892113268375397,0.9079242944717407,0.1519472748041153,0.24844442307949066,0.3511836528778076,0.7904766798019409,0.6560114026069641,-3.868748188018799,3.7533369064331055,0.029684297740459442,0.12817123532295227,232244,3.650624246802181,13.39796301908791,11.921961733605713,0.11713849340270258,0.8828615065972975,81628,0.18421052631578946,0.8157894736842105,642,0.25229528546333313,0.002324172528460622,12.008327466901392,0.5851979851722717,0.41480201482772827,0.6902368068695068,0.7162982225418091,1.2910557985305786,0.7843258380889893,0.21567416191101074,0.9779638051986694,0.9858018755912781,0.6540814638137817,0.7843258380889893,0.21567416191101074,0.7843258380889893,0.21567416191101074,0.1938448365698465,0.8061551634301535,0.5664774775505066,0.23382570115341364,0.7661742988465864,0.11668720775071106,0.13137254901960785,0.8686274509803922,0.0,0.046853434188091736,0.046853434188091736,0.19561323523521423,0.018347082659602165,0.9531465658119083,0.046853434188091736,0.35912230610847473,0.10157420486211777,172442
acdc_b1_mit-b1_guard_gt_risk_s137_j13387384,2026-07-10 23:13:31,acdc,val,all,student_skd,/scratch/gautschi/manors/hf_cache/hub/models--nvidia--mit-b1/snapshots/13ddceec4e8bdf401e7cd7acf5aebc526222518c,runs/mit-b1_skd_j9200315/student_skd.ckpt,skd,GOPR0356_frame_000339_rgb_anon,/home/manors/Guardrail-Distillation/data/acdc/rgb_anon/night/val/GOPR0356/GOPR0356_frame_000339_rgb_anon.png,night,0.151358970483795,0.848641029516205,0.3833845257759094,0.9474083185195923,0.11281279474496841,0.15432502329349518,0.2762148976325989,0.8530396819114685,0.49884361028671265,-3.9728574752807617,3.9090840816497803,0.013229930773377419,0.056202881038188934,236358,3.650624246802181,13.39796301908791,11.921961733605713,0.2175346745751459,0.7824653254248541,86713,0.015661753365966608,0.9843382466340334,3219,0.1569792479276657,0.0015719319926574826,12.008327466901392,0.6205474138259888,0.37945258617401123,0.744120180606842,0.7665578126907349,2.1891658306121826,0.8992723822593689,0.1007276177406311,0.9977096319198608,0.9990208148956299,0.7362757921218872,0.8992723822593689,0.1007276177406311,0.8992723822593689,0.1007276177406311,0.1684467400522826,0.8315532599477173,0.4403235912322998,0.16223246093071134,0.8377675390692887,0.0,0.054330065359477125,0.9456699346405228,0.03866831199351051,0.017087769568487676,0.017087769568487676,0.0767606794834137,0.01982162706553936,0.9829122304315123,0.017087769568487676,0.3419981598854065,0.04835038632154465,198949
acdc_b1_mit-b1_guard_gt_risk_s137_j13387384,2026-07-10 23:13:31,acdc,val,all,student_skd,/scratch/gautschi/manors/hf_cache/hub/models--nvidia--mit-b1/snapshots/13ddceec4e8bdf401e7cd7acf5aebc526222518c,runs/mit-b1_skd_j9200315/student_skd.ckpt,skd,GOPR0356_frame_000342_rgb_anon,/home/manors/Guardrail-Distillation/data/acdc/rgb_anon/night/val/GOPR0356/GOPR0356_frame_000342_rgb_anon.png,night,0.24238798912816506,0.7576120108718349,0.46788522601127625,0.9587026834487915,0.10869229584932327,0.1124906912446022,0.2479109764099121,0.8833508491516113,0.4150123596191406,-3.98895263671875,3.9378669261932373,0.0093599334359169,0.05741959065198898,233335,3.650624246802181,13.39796301908791,11.921961733605713,0.4645730844309822,0.5354269155690178,87195,0.25773195876288657,0.7422680412371134,194,0.11444715410470963,0.0008926079026423395,12.008327466901392,0.604320764541626,0.395679235458374,0.7156498432159424,0.7349352836608887,1.378562569618225,0.7987599968910217,0.20124000310897827,0.9894472360610962,0.9953222870826721,0.6871945858001709,0.7987599968910217,0.20124000310897827,0.7987599968910217,0.20124000310897827,0.2947750255840078,0.7052249744159922,0.46506524085998535,0.23345886190774845,0.7665411380922516,0.0,0.8711340206185567,0.12886597938144329,0.6134020618556701,0.05238703645584275,0.05238703645584275,0.07610088586807251,0.0789208635687828,0.9476129635441572,0.05238703645584275,0.454321026802063,0.062279555946588516,206558
acdc_b1_mit-b1_guard_gt_risk_s137_j13387384,2026-07-10 23:13:31,acdc,val,all,student_skd,/scratch/gautschi/manors/hf_cache/hub/models--nvidia--mit-b1/snapshots/13ddceec4e8bdf401e7cd7acf5aebc526222518c,runs/mit-b1_skd_j9200315/student_skd.ckpt,skd,GOPR0356_frame_000345_rgb_anon,/home/manors/Guardrail-Distillation/data/acdc/rgb_anon/night/val/GOPR0356/GOPR0356_frame_000345_rgb_anon.png,night,0.1755195660075174,0.8244804339924826,0.375564306974411,0.9436954259872437,0.130389004945755,0.16176816821098328,0.3237454891204834,0.850043535232544,0.5431849956512451,-3.6264259815216064,3.5552074909210205,0.020967857912182808,0.08349058777093887,233691,3.6516267573460937,13.394028006587178,11.881111247930676,0.1569089369860996,0.8430910630139004,87552,0.09868421052631579,0.9013157894736842,285,0.16482891142368317,0.0018034352688118815,12.035052757710218,0.6149526238441467,0.38504737615585327,0.7132349014282227,0.7258217930793762,0.46760523319244385,0.6148167848587036,0.3851832151412964,0.8196333646774292,0.8847365975379944,0.6293674111366272,0.6148167848587036,0.3851832151412964,0.6148167848587036,0.3851832151412964,0.198942744702633,0.8010572552973669,0.4970538020133972,0.21511979472796555,0.7848802052720345,0.05821085774186585,0.03618421052631579,0.9638157894736842,0.0,0.023423178695115676,0.023423178695115676,0.18693916499614716,0.06544966995716095,0.9765768213048843,0.023423178695115676,0.47929102182388306,0.15650153160095215,197432
acdc_b1_mit-b1_guard_gt_risk_s137_j13387384,2026-07-10 23:13:31,acdc,val,all,student_skd,/scratch/gautschi/manors/hf_cache/hub/models--nvidia--mit-b1/snapshots/13ddceec4e8bdf401e7cd7acf5aebc526222518c,runs/mit-b1_skd_j9200315/student_skd.ckpt,skd,GOPR0356_frame_000348_rgb_anon,/home/manors/Guardrail-Distillation/data/acdc/rgb_anon/night/val/GOPR0356/GOPR0356_frame_000348_rgb_anon.png,night,0.19472901145929208,0.8052709885407079,0.41117632389068604,0.8621569871902466,0.15625089406967163,0.3777448236942291,0.3396354913711548,0.6884772181510925,0.9582878947257996,-2.5722060203552246,2.4036731719970703,0.02544344589114189,0.18012337386608124,234245,3.6516267573460937,13.394028006587178,11.881111247930676,0.23083370371385709,0.769166296286143,86922,0.6571428571428571,0.34285714285714286,70,0.3833674192428589,0.0033331159502267838,12.035052757710218,0.6296972036361694,0.37030279636383057,0.7206143736839294,0.7431632280349731,2.042668342590332,0.8852047324180603,0.1147952675819397,0.9894126057624817,0.9941818118095398,0.7134528756141663,0.8852047324180603,0.1147952675819397,0.8852047324180603,0.1147952675819397,0.21017539156638881,0.7898246084336111,0.4960276484489441,0.2476560683856525,0.7523439316143475,0.01682236467179543,0.36428571428571427,0.6357142857142857,0.0,0.015446380107096758,0.015446380107096758,0.10661059617996216,0.021759267896413803,0.9845536198929032,0.015446380107096758,0.20935772359371185,0.01720420829951763,134663
acdc_b1_mit-b1_guard_gt_risk_s137_j13387384,2026-07-10 23:13:31,acdc,val,all,student_skd,/scratch/gautschi/manors/hf_cache/hub/models--nvidia--mit-b1/snapshots/13ddceec4e8bdf401e7cd7acf5aebc526222518c,runs/mit-b1_skd_j9200315/student_skd.ckpt,skd,GOPR0356_frame_000351_rgb_anon,/home/manors/Guardrail-Distillation/data/acdc/rgb_anon/night/val/GOPR0356/GOPR0356_frame_000351_rgb_anon.png,night,0.21591163900221852,0.7840883609977815,0.31637710332870483,0.9192870259284973,0.12839892506599426,0.22955308854579926,0.2916812598705292,0.7933326363563538,0.6560490131378174,-3.776402711868286,3.6794519424438477,0.015791108831763268,0.08967345207929611,241465,3.6516267573460937,13.394028006587178,11.881111247930676,0.2853304260113223,0.7146695739886777,86013,0.39855072463768115,0.6014492753623188,138,0.23309697210788727,0.0017534047365188599,12.035052757710218,0.5991708040237427,0.4008291959762573,0.6919291615486145,0.7121144533157349,1.7634037733078003,0.8536354303359985,0.14636456966400146,0.9850640892982483,0.9941824078559875,0.6916900277137756,0.8536354303359985,0.14636456966400146,0.8536354303359985,0.14636456966400146,0.21208360913727103,0.7879163908627289,0.40706104040145874,0.45369878336977915,0.5463012166302208,0.1683683573584569,0.1721311475409836,0.8278688524590164,0.0,0.0,0.0,0.11857204884290695,0.027888098731637,1.0,0.0,0.6082744598388672,0.05721325799822807,183870
acdc_b1_mit-b1_guard_gt_risk_s137_j13387384,2026-07-10 23:13:31,acdc,val,all,student_skd,/scratch/gautschi/manors/hf_cache/hub/models--nvidia--mit-b1/snapshots/13ddceec4e8bdf401e7cd7acf5aebc526222518c,runs/mit-b1_skd_j9200315/student_skd.ckpt,skd,GOPR0356_frame_000354_rgb_anon,/home/manors/Guardrail-Distillation/data/acdc/rgb_anon/night/val/GOPR0356/GOPR0356_frame_000354_rgb_anon.png,night,0.1788463785614766,0.8211536214385234,0.39430704712867737,0.9463728070259094,0.12836024165153503,0.14824675023555756,0.3073895573616028,0.8687655329704285,0.4491811692714691,-4.045892238616943,3.9779012203216553,0.021138593554496765,0.07957060635089874,247604,3.6516267573460937,13.394028006587178,11.881111247930676,0.32933269465645365,0.6706673053435463,87403,0.2987551867219917,0.7012448132780082,324,0.15014134347438812,0.001121044741012156,12.035052757710218,0.6630374193191528,0.33696258068084717,0.7913621664047241,0.8050825595855713,1.7200028896331787,0.8481292128562927,0.15187078714370728,0.9968085885047913,0.9987903237342834,0.7231627106666565,0.8481292128562927,0.15187078714370728,0.8481292128562927,0.15187078714370728,0.32944172957467005,0.6705582704253299,0.6897748112678528,0.6125039625281014,0.38749603747189865,0.2831712678716477,0.1939655172413793,0.8060344827586207,0.0,0.15059535101319355,0.15059535101319355,0.32831862568855286,0.03285084292292595,0.8494046489868065,0.15059535101319355,0.5122252106666565,0.2772572338581085,210755
acdc_b1_mit-b1_guard_gt_risk_s137_j13387384,2026-07-10 23:13:32,acdc,val,all,student_skd,/scratch/gautschi/manors/hf_cache/hub/models--nvidia--mit-b1/snapshots/13ddceec4e8bdf401e7cd7acf5aebc526222518c,runs/mit-b1_skd_j9200315/student_skd.ckpt,skd,GOPR0356_frame_000357_rgb_anon,/home/manors/Guardrail-Distillation/data/acdc/rgb_anon/night/val/GOPR0356/GOPR0356_frame_000357_rgb_anon.png,night,0.1696158559720618,0.8303841440279383,0.398578017950058,0.9067817330360413,0.1553402692079544,0.2642754018306732,0.36916470527648926,0.7788546085357666,0.7197842001914978,-3.4594783782958984,3.3416247367858887,0.03908858448266983,0.12263362854719162,240505,3.6601118044927716,13.414183224085718,11.896963987965137,0.24512335268700228,0.7548766473129978,86838,0.36104605776736926,0.6389539422326307,2596,0.2682921886444092,0.0023249085061252117,12.094195757526904,0.6209862232208252,0.3790137767791748,0.7286347150802612,0.7401731610298157,1.8408739566802979,0.8630520701408386,0.13694792985916138,0.9910687208175659,0.9965121150016785,0.708128035068512,0.8630520701408386,0.13694792985916138,0.8630520701408386,0.13694792985916138,0.15153267803473058,0.8484673219652694,0.44783684611320496,0.26579004019640606,0.7342099598035939,0.020666687509403814,0.2323934595081756,0.7676065404918244,0.0,0.0,0.0,0.05075570195913315,0.0014968503965064883,1.0,0.0,0.1563584953546524,0.004943764302879572,175925
acdc_b1_mit-b1_guard_gt_risk_s137_j13387384,2026-07-10 23:13:32,acdc,val,all,student_skd,/scratch/gautschi/manors/hf_cache/hub/models--nvidia--mit-b1/snapshots/13ddceec4e8bdf401e7cd7acf5aebc526222518c,runs/mit-b1_skd_j9200315/student_skd.ckpt,skd,GOPR0356_frame_000360_rgb_anon,/home/manors/Guardrail-Distillation/data/acdc/rgb_anon/night/val/GOPR0356/GOPR0356_frame_000360_rgb_anon.png,night,0.23824913983580837,0.7617508601641916,0.40666112303733826,0.9246677160263062,0.13351045548915863,0.20107434689998627,0.2991876006126404,0.8207836151123047,0.5719713568687439,-4.19672966003418,4.104867935180664,0.014004266820847988,0.09871674329042435,247496,3.6601118044927716,13.414183224085718,11.896963987965137,0.32780838713768545,0.6721916128623145,87464,0.8064067745867459,0.19359322541325408,7328,0.2038777619600296,0.0015487500932067633,12.094195757526904,0.6047894358634949,0.3952105641365051,0.7176593542098999,0.7332630753517151,0.997626006603241,0.7305915951728821,0.2694084048271179,0.9590507745742798,0.9852275848388672,0.6408408880233765,0.7305915951728821,0.2694084048271179,0.7305915951728821,0.2694084048271179,0.3215423844843894,0.6784576155156106,0.49729692935943604,0.5543422819177507,0.4456577180822493,0.22653389478006525,0.9520982458989036,0.04790175410109643,0.14569147131215765,0.08329324464858101,0.08329324464858101,0.14291948080062866,0.052283674478530884,0.916706755351419,0.08329324464858101,0.24188269674777985,0.08469631522893906,192082
acdc_b1_mit-b1_guard_gt_risk_s137_j13387384,2026-07-10 23:13:32,acdc,val,all,student_skd,/scratch/gautschi/manors/hf_cache/hub/models--nvidia--mit-b1/snapshots/13ddceec4e8bdf401e7cd7acf5aebc526222518c,runs/mit-b1_skd_j9200315/student_skd.ckpt,skd,GOPR0356_frame_000363_rgb_anon,/home/manors/Guardrail-Distillation/data/acdc/rgb_anon/night/val/GOPR0356/GOPR0356_frame_000363_rgb_anon.png,night,0.17849439986976887,0.8215056001302311,0.4648200273513794,0.937995195388794,0.14509202539920807,0.16565467417240143,0.35152867436408997,0.8720792531967163,0.4127558469772339,-4.133073329925537,4.051661491394043,0.03200133889913559,0.09510380029678345,251052,3.6601118044927716,13.414183224085718,11.896963987965137,0.2722430997740137,0.7277569002259863,87552,0.0775,0.9225,217,0.16729478538036346,0.0012529297964647412,12.094195757526904,0.671367347240448,0.328632652759552,0.8155625462532043,0.8251469135284424,2.003570079803467,0.8811714053153992,0.11882859468460083,0.997725784778595,0.9995307922363281,0.7499603629112244,0.8811714053153992,0.11882859468460083,0.8811714053153992,0.11882859468460083,0.3297753451919204,0.6702246548080796,0.6506181955337524,0.4775082429462363,0.5224917570537637,0.20526514317222255,0.2275,0.7725,0.15000000000000002,0.15128094532215153,0.15128094532215153,0.19638162851333618,0.010583464987576008,0.8487190546778485,0.15128094532215153,0.3384876251220703,0.12384286522865295,208675
acdc_b1_mit-b1_guard_gt_risk_s137_j13387384,2026-07-10 23:13:32,acdc,val,all,student_skd,/scratch/gautschi/manors/hf_cache/hub/models--nvidia--mit-b1/snapshots/13ddceec4e8bdf401e7cd7acf5aebc526222518c,runs/mit-b1_skd_j9200315/student_skd.ckpt,skd,GOPR0356_frame_000366_rgb_anon,/home/manors/Guardrail-Distillation/data/acdc/rgb_anon/night/val/GOPR0356/GOPR0356_frame_000366_rgb_anon.png,night,0.18767123445813474,0.8123287655418653,0.4917215406894684,0.9514617919921875,0.11106247454881668,0.1497010737657547,0.28566622734069824,0.8525902628898621,0.5270960927009583,-3.7618730068206787,3.702681303024292,0.012828515842556953,0.056915123015642166,235491,3.6601118044927716,13.414183224085718,11.896963987965137,0.20636398122068889,0.7936360187793111,87504,0.13248945147679325,0.8675105485232067,878,0.15242800116539001,0.0012149774702265859,12.094195757526904,0.622805655002594,0.377194344997406,0.7431283593177795,0.763092041015625,1.8750107288360596,0.8670369982719421,0.13296300172805786,0.9951640367507935,0.9978138208389282,0.7193123698234558,0.8670369982719421,0.13296300172805786,0.8670369982719421,0.13296300172805786,0.20876304240519616,0.7912369575948038,0.6325719356536865,0.2129814052097466,0.7870185947902534,0.006617423989057736,0.04791666666666667,0.9520833333333333,0.0,0.021091807947061447,0.021091807947061447,0.16490651667118073,0.024056119844317436,0.9789081920529386,0.021091807947061447,0.41771021485328674,0.12741462886333466,201994
acdc_b1_mit-b1_guard_gt_risk_s137_j13387384,2026-07-10 23:13:32,acdc,val,all,student_skd,/scratch/gautschi/manors/hf_cache/hub/models--nvidia--mit-b1/snapshots/13ddceec4e8bdf401e7cd7acf5aebc526222518c,runs/mit-b1_skd_j9200315/student_skd.ckpt,skd,GOPR0356_frame_000369_rgb_anon,/home/manors/Guardrail-Distillation/data/acdc/rgb_anon/night/val/GOPR0356/GOPR0356_frame_000369_rgb_anon.png,night,0.16300195783647292,0.836998042163527,0.6164404153823853,0.9175284504890442,0.14122213423252106,0.21249978244304657,0.3125726878643036,0.8248316645622253,0.519484281539917,-4.1998209953308105,4.098259925842285,0.017889713868498802,0.11042473465204239,222586,3.7582027725875378,13.346137769985944,11.854518728796393,0.29575524859671204,0.7042447514032879,87375,0.0,1.0,190,0.21487341821193695,0.001738990657031536,11.986654717475176,0.5732719302177429,0.4267280697822571,0.6944776773452759,0.7389059066772461,0.966802179813385,0.7244816422462463,0.27551835775375366,0.9544618725776672,0.9924060702323914,0.6298847198486328,0.7244816422462463,0.27551835775375366,0.7244816422462463,0.27551835775375366,0.23078656909923284,0.7692134309007672,0.6460648775100708,0.4038822007099895,0.5961177992900105,0.10812695211327739,0.025793650793650796,0.9742063492063492,0.025793650793650813,0.06778461126275981,0.06778461126275981,0.0512521006166935,0.021627595648169518,0.9322153887372402,0.06778461126275981,0.27202969789505005,0.012381731532514095,166388
acdc_b1_mit-b1_guard_gt_risk_s137_j13387384,2026-07-10 23:13:32,acdc,val,all,student_skd,/scratch/gautschi/manors/hf_cache/hub/models--nvidia--mit-b1/snapshots/13ddceec4e8bdf401e7cd7acf5aebc526222518c,runs/mit-b1_skd_j9200315/student_skd.ckpt,skd,GOPR0356_frame_000372_rgb_anon,/home/manors/Guardrail-Distillation/data/acdc/rgb_anon/night/val/GOPR0356/GOPR0356_frame_000372_rgb_anon.png,night,0.16517422891610042,0.8348257710838995,0.5129290223121643,0.88910311460495,0.16022759675979614,0.2812867760658264,0.3517439067363739,0.7708429098129272,0.6865107417106628,-3.433727741241455,3.295555830001831,0.0248483344912529,0.17146120965480804,233738,3.7582027725875378,13.346137769985944,11.854518728796393,0.210030211241602,0.789969788758398,85126,0.16900647948164146,0.8309935205183585,485,0.2846759557723999,0.002886183327063918,11.986654717475176,0.5436689853668213,0.4563310146331787,0.6513792276382446,0.6719560027122498,0.730863094329834,0.6749946475028992,0.32500535249710083,0.8882125616073608,0.9342325925827026,0.5883522033691406,0.6749946475028992,0.32500535249710083,0.6749946475028992,0.32500535249710083,0.22182643125923296,0.778173568740767,0.571657121181488,0.25344800432911724,0.7465519956708828,0.043417793087515144,0.17488789237668162,0.8251121076233183,0.005881412895040183,0.05665220234313251,0.05665220234313251,0.07182400673627853,0.013095859438180923,0.9433477976568675,0.05665220234313251,0.3526640832424164,0.01814424619078636,159365
acdc_b1_mit-b1_guard_gt_risk_s137_j13387384,2026-07-10 23:13:32,acdc,val,all,student_skd,/scratch/gautschi/manors/hf_cache/hub/models--nvidia--mit-b1/snapshots/13ddceec4e8bdf401e7cd7acf5aebc526222518c,runs/mit-b1_skd_j9200315/student_skd.ckpt,skd,GOPR0356_frame_000375_rgb_anon,/home/manors/Guardrail-Distillation/data/acdc/rgb_anon/night/val/GOPR0356/GOPR0356_frame_000375_rgb_anon.png,night,0.11800640725840128,0.8819935927415987,0.45685404539108276,0.9435004591941833,0.1261850744485855,0.15235458314418793,0.29291608929634094,0.8597314953804016,0.4787595868110657,-3.96431040763855,3.8940911293029785,0.015558160841464996,0.08150089532136917,239617,3.7582027725875378,13.346137769985944,11.854518728796393,0.20222109056528897,0.797778909434711,87544,0.06242774566473988,0.9375722543352601,1839,0.15465494990348816,0.0013043362414464355,11.986654717475176,0.6179051995277405,0.3820948004722595,0.7559120655059814,0.7820691466331482,1.5815863609313965,0.829429030418396,0.170570969581604,0.9981042146682739,0.9993234872817993,0.6980370879173279,0.829429030418396,0.170570969581604,0.829429030418396,0.170570969581604,0.14494868208158748,0.8550513179184125,0.48475274443626404,0.26521456966448603,0.7347854303355139,0.06299347909919706,0.06280053856510867,0.9371994614348913,0.0003727929003688457,0.02694227482318623,0.02694227482318623,0.06276682764291763,0.03486814349889755,0.9730577251768138,0.02694227482318623,0.24270814657211304,0.04199201241135597,199729
acdc_b1_mit-b1_guard_gt_risk_s137_j13387384,2026-07-10 23:13:32,acdc,val,all,student_skd,/scratch/gautschi/manors/hf_cache/hub/models--nvidia--mit-b1/snapshots/13ddceec4e8bdf401e7cd7acf5aebc526222518c,runs/mit-b1_skd_j9200315/student_skd.ckpt,skd,GOPR0356_frame_000378_rgb_anon,/home/manors/Guardrail-Distillation/data/acdc/rgb_anon/night/val/GOPR0356/GOPR0356_frame_000378_rgb_anon.png,night,0.104808579089394,0.895191420910606,0.2891604006290436,0.9009806513786316,0.15464062988758087,0.280285120010376,0.3619391620159149,0.7654097676277161,0.7430229187011719,-3.2838737964630127,3.1596715450286865,0.037228431552648544,0.12577299773693085,233182,3.7582027725875378,13.346137769985944,11.854518728796393,0.185818013044888,0.814181986955112,87552,0.08793669752164825,0.9120633024783518,7019,0.2844088077545166,0.002610010327771306,11.986654717475176,0.6082489490509033,0.3917510509490967,0.728668212890625,0.7571085095405579,2.0916390419006348,0.8900878429412842,0.10991215705871582,0.9963188171386719,0.9982622265815735,0.7013658881187439,0.8900878429412842,0.10991215705871582,0.8900878429412842,0.10991215705871582,0.1335980336930197,0.8664019663069803,0.3840562403202057,0.2537426364267922,0.7462573635732078,0.06792462338190419,0.19611534438966086,0.8038846556103392,0.1081786468680126,0.028789454603625697,0.028789454603625697,0.13564512133598328,0.040749285370111465,0.9712105453963743,0.028789454603625697,0.5534346699714661,0.07467557489871979,166303
acdc_b1_mit-b1_guard_gt_risk_s137_j13387384,2026-07-10 23:13:32,acdc,val,all,student_skd,/scratch/gautschi/manors/hf_cache/hub/models--nvidia--mit-b1/snapshots/13ddceec4e8bdf401e7cd7acf5aebc526222518c,runs/mit-b1_skd_j9200315/student_skd.ckpt,skd,GOPR0356_frame_000382_rgb_anon,/home/manors/Guardrail-Distillation/data/acdc/rgb_anon/night/val/GOPR0356/GOPR0356_frame_000382_rgb_anon.png,night,0.1802769648851445,0.8197230351148554,0.49042370915412903,0.8849425911903381,0.1733422875404358,0.293527215719223,0.4029841423034668,0.7756223678588867,0.6622453331947327,-3.4088809490203857,3.26059627532959,0.04265390709042549,0.1697005331516266,233859,3.7786055472679436,13.412173255346715,11.939944291952997,0.19258540308213493,0.8074145969178651,87447,0.29072204229377024,0.7092779577062298,10740,0.2974711060523987,0.0031600550282746553,12.129913724493235,0.5866747498512268,0.4133252501487732,0.7279163599014282,0.7492312788963318,1.142169713973999,0.7580777406692505,0.2419222593307495,0.975155770778656,0.9939461350440979,0.6518465280532837,0.7580777406692505,0.2419222593307495,0.7580777406692505,0.2419222593307495,0.29303440889687177,0.7069655911031283,0.643515944480896,0.25427892719870293,0.7457210728012971,0.06169352411656803,0.22628119641836542,0.7737188035816346,0.0,0.11275744401172716,0.11275744401172716,0.16611291468143463,0.013020666316151619,0.8872425559882728,0.11275744401172716,0.3167763352394104,0.05274118110537529,158133
acdc_b1_mit-b1_guard_gt_risk_s137_j13387384,2026-07-10 23:13:32,acdc,val,all,student_skd,/scratch/gautschi/manors/hf_cache/hub/models--nvidia--mit-b1/snapshots/13ddceec4e8bdf401e7cd7acf5aebc526222518c,runs/mit-b1_skd_j9200315/student_skd.ckpt,skd,GOPR0356_frame_000386_rgb_anon,/home/manors/Guardrail-Distillation/data/acdc/rgb_anon/night/val/GOPR0356/GOPR0356_frame_000386_rgb_anon.png,night,0.2281097413722154,0.7718902586277846,0.5185672044754028,0.9257360100746155,0.14331096410751343,0.1970876157283783,0.32459884881973267,0.8306770324707031,0.5380361080169678,-4.2306318283081055,4.137104511260986,0.02689782716333866,0.10504040122032166,242659,3.7786055472679436,13.412173255346715,11.939944291952997,0.17739868565304842,0.8226013143469516,86406,0.17199175470239628,0.8280082452976038,3976,0.20060589909553528,0.0023388462141156197,12.129913724493235,0.581164538860321,0.41883546113967896,0.7205195426940918,0.7467672824859619,1.500723958015442,0.8176824450492859,0.1823175549507141,0.993682861328125,0.9969731569290161,0.6644277572631836,0.8176824450492859,0.1823175549507141,0.8176824450492859,0.1823175549507141,0.3086322574990584,0.6913677425009416,0.5501341223716736,0.22698058816788352,0.7730194118321165,0.049581902514835074,0.3013511202325979,0.6986488797674021,0.12935936553020166,0.08052251612684302,0.08052251612684302,0.05263352766633034,0.02106659859418869,0.919477483873157,0.08052251612684302,0.14291660487651825,0.0076568350195884705,192851
acdc_b1_mit-b1_guard_gt_risk_s137_j13387384,2026-07-10 23:13:32,acdc,val,all,student_skd,/scratch/gautschi/manors/hf_cache/hub/models--nvidia--mit-b1/snapshots/13ddceec4e8bdf401e7cd7acf5aebc526222518c,runs/mit-b1_skd_j9200315/student_skd.ckpt,skd,GOPR0356_frame_000391_rgb_anon,/home/manors/Guardrail-Distillation/data/acdc/rgb_anon/night/val/GOPR0356/GOPR0356_frame_000391_rgb_anon.png,night,0.15800031533488335,0.8419996846651167,0.46976369619369507,0.8101166486740112,0.20399688184261322,0.4829506278038025,0.4528670012950897,0.6598345637321472,0.9835637807846069,-2.4007766246795654,2.1508350372314453,0.09400196373462677,0.32123881578445435,235644,3.7786055472679436,13.412173255346715,11.939944291952997,0.21691871224766016,0.7830812877523399,87552,0.0,1.0,0,0.4878987669944763,0.004686929285526276,12.129913724493235,0.5691854357719421,0.43081456422805786,0.6609836220741272,0.6772742867469788,0.9729331731796265,0.725703775882721,0.27429622411727905,0.9178633093833923,0.9457294344902039,0.6078418493270874,0.725703775882721,0.27429622411727905,0.725703775882721,0.27429622411727905,0.26929876337703845,0.7307012366229615,0.6301836371421814,0.5325890685944793,0.4674109314055207,0.31567035634681917,0.0,1.0,0.0,0.11129844804215516,0.11129844804215516,0.22302711009979248,0.06260715425014496,0.8887015519578448,0.11129844804215516,0.4393661618232727,0.06856529414653778,118011
acdc_b1_mit-b1_guard_gt_risk_s137_j13387384,2026-07-10 23:13:32,acdc,val,all,student_skd,/scratch/gautschi/manors/hf_cache/hub/models--nvidia--mit-b1/snapshots/13ddceec4e8bdf401e7cd7acf5aebc526222518c,runs/mit-b1_skd_j9200315/student_skd.ckpt,skd,GOPR0356_frame_000395_rgb_anon,/home/manors/Guardrail-Distillation/data/acdc/rgb_anon/night/val/GOPR0356/GOPR0356_frame_000395_rgb_anon.png,night,0.07877820010497122,0.9212217998950287,0.29586485028266907,0.8471524715423584,0.178562730550766,0.4151350259780884,0.39580023288726807,0.6791732311248779,0.9718955755233765,-2.3072092533111572,2.1137425899505615,0.05987820774316788,0.22979021072387695,224322,3.7786055472679436,13.412173255346715,11.939944291952997,0.2993249725877193,0.7006750274122807,87552,0.0,1.0,0,0.41993221640586853,0.003964916802942753,12.129913724493235,0.577687680721283,0.42231231927871704,0.6726276278495789,0.6973556280136108,1.0330805778503418,0.7375127077102661,0.2624872922897339,0.9637129902839661,0.9831505417823792,0.60783851146698,0.7375127077102661,0.2624872922897339,0.7375127077102661,0.2624872922897339,0.16433746677046093,0.8356625332295391,0.5007399916648865,0.23719781020997682,0.7628021897900232,0.0,0.0,1.0,0.0,0.08555926666548963,0.08555926666548963,0.23772522807121277,0.03285009786486626,0.9144407333345104,0.08555926666548963,0.5467185378074646,0.11286453902721405,128544
acdc_b1_mit-b1_guard_gt_risk_s137_j13387384,2026-07-10 23:13:32,acdc,val,all,student_skd,/scratch/gautschi/manors/hf_cache/hub/models--nvidia--mit-b1/snapshots/13ddceec4e8bdf401e7cd7acf5aebc526222518c,runs/mit-b1_skd_j9200315/student_skd.ckpt,skd,GOPR0356_frame_000398_rgb_anon,/home/manors/Guardrail-Distillation/data/acdc/rgb_anon/night/val/GOPR0356/GOPR0356_frame_000398_rgb_anon.png,night,0.09419129865845509,0.9058087013415449,0.32785212993621826,0.797419011592865,0.19402116537094116,0.5382457971572876,0.425612211227417,0.6216279864311218,1.0862127542495728,-1.9659851789474487,1.7024006843566895,0.10814155638217926,0.28495004773139954,220572,3.792490519117564,13.393210479989648,11.912719230167568,0.19184214969406485,0.8081578503059351,87552,0.0,1.0,136,0.5447707176208496,0.005021912045776844,11.998575006145984,0.5948297381401062,0.4051702618598938,0.6754026412963867,0.6979891061782837,1.8218801021575928,0.8607915043830872,0.13920849561691284,0.986971914768219,0.9935803413391113,0.694632887840271,0.8607915043830872,0.13920849561691284,0.8607915043830872,0.13920849561691284,0.19765088910068343,0.8023491108993166,0.6381090879440308,0.1696062707146111,0.8303937292853889,0.0,0.0,1.0,0.0,0.1034595904422283,0.1034595904422283,0.37047311663627625,0.060216162353754044,0.8965404095577717,0.1034595904422283,0.6894256472587585,0.058148812502622604,90014
acdc_b1_mit-b1_guard_gt_risk_s137_j13387384,2026-07-10 23:13:32,acdc,val,all,student_skd,/scratch/gautschi/manors/hf_cache/hub/models--nvidia--mit-b1/snapshots/13ddceec4e8bdf401e7cd7acf5aebc526222518c,runs/mit-b1_skd_j9200315/student_skd.ckpt,skd,GOPR0356_frame_000401_rgb_anon,/home/manors/Guardrail-Distillation/data/acdc/rgb_anon/night/val/GOPR0356/GOPR0356_frame_000401_rgb_anon.png,night,0.11127784000213041,0.8887221599978696,0.5675463080406189,0.9661829471588135,0.09593109786510468,0.09238986670970917,0.2194574475288391,0.9045780897140503,0.3403741121292114,-3.70735764503479,3.6662609577178955,0.009407330304384232,0.03958186134696007,250443,3.792490519117564,13.393210479989648,11.912719230167568,0.07824355714543005,0.9217564428545699,87462,0.0,1.0,418,0.09365704655647278,0.0005880287499167025,11.998575006145984,0.6103218793869019,0.38967812061309814,0.6848614811897278,0.7002485990524292,0.4526134431362152,0.6112604141235352,0.38873958587646484,0.8145031929016113,0.9041677713394165,0.6082668304443359,0.6112604141235352,0.38873958587646484,0.6112604141235352,0.38873958587646484,0.3173232655875401,0.6826767344124599,0.6885279417037964,0.3415835970025645,0.6584164029974355,0.2633400398571344,0.05466666666666667,0.9453333333333334,0.05466666666666664,0.20604542558540972,0.20604542558540972,0.1328246295452118,0.011843014508485794,0.7939545744145903,0.20604542558540972,0.19536182284355164,0.054060205817222595,223311
acdc_b1_mit-b1_guard_gt_risk_s137_j13387384,2026-07-10 23:13:32,acdc,val,all,student_skd,/scratch/gautschi/manors/hf_cache/hub/models--nvidia--mit-b1/snapshots/13ddceec4e8bdf401e7cd7acf5aebc526222518c,runs/mit-b1_skd_j9200315/student_skd.ckpt,skd,GOPR0356_frame_000404_rgb_anon,/home/manors/Guardrail-Distillation/data/acdc/rgb_anon/night/val/GOPR0356/GOPR0356_frame_000404_rgb_anon.png,night,0.14704299166642013,0.8529570083335799,0.7078378796577454,0.9719632863998413,0.08237713575363159,0.08303757756948471,0.20101894438266754,0.9151464700698853,0.30130019783973694,-4.179894924163818,4.146609783172607,0.005490459967404604,0.026799144223332405,252620,3.792490519117564,13.393210479989648,11.912719230167568,0.14889369927036686,0.8511063007296331,87249,0.0,1.0,1534,0.08445408195257187,0.000589468632824719,11.998575006145984,0.6296609044075012,0.3703390955924988,0.71816486120224,0.7367216348648071,0.6460855007171631,0.6561277508735657,0.3438722491264343,0.9157314896583557,0.9639915227890015,0.6380491852760315,0.6561277508735657,0.3438722491264343,0.6561277508735657,0.3438722491264343,0.22662666474768609,0.7733733352523139,0.7127543091773987,0.2616820441409516,0.7383179558590485,0.11278834487058464,0.1604180867984549,0.8395819132015451,0.16041808679845493,0.07958367308126602,0.07958367308126602,0.03493389114737511,0.030017416924238205,0.920416326918734,0.07958367308126602,0.150930255651474,0.017611432820558548,228821
acdc_b1_mit-b1_guard_gt_risk_s137_j13387384,2026-07-10 23:13:32,acdc,val,all,student_skd,/scratch/gautschi/manors/hf_cache/hub/models--nvidia--mit-b1/snapshots/13ddceec4e8bdf401e7cd7acf5aebc526222518c,runs/mit-b1_skd_j9200315/student_skd.ckpt,skd,GOPR0356_frame_000408_rgb_anon,/home/manors/Guardrail-Distillation/data/acdc/rgb_anon/night/val/GOPR0356/GOPR0356_frame_000408_rgb_anon.png,night,0.21710202618064092,0.7828979738193591,0.6738566160202026,0.9128308892250061,0.14228883385658264,0.2278335690498352,0.3085639774799347,0.7961585521697998,0.6404456496238708,-3.548863410949707,3.4419519901275635,0.016061434522271156,0.11928961426019669,239082,3.792490519117564,13.393210479989648,11.912719230167568,0.16521812878076406,0.834781871219236,87226,0.006060606060606061,0.9939393939393939,1061,0.23121315240859985,0.0019750064238905907,11.998575006145984,0.5564486980438232,0.44355130195617676,0.6597524285316467,0.6877137422561646,0.5227367877960205,0.6277874708175659,0.3722125291824341,0.8207688927650452,0.8914862275123596,0.5628244280815125,0.6277874708175659,0.3722125291824341,0.6277874708175659,0.3722125291824341,0.32053870669935364,0.6794612933006463,0.7317907214164734,0.31136360272911456,0.6886363972708854,0.14614547394835053,0.11004273504273504,0.8899572649572649,0.103982128982129,0.1034366805187128,0.1034366805187128,0.08584502339363098,0.027910925447940826,0.8965633194812872,0.1034366805187128,0.15940973162651062,0.008055812679231167,178000
acdc_b1_mit-b1_guard_gt_risk_s137_j13387384,2026-07-10 23:13:33,acdc,val,all,student_skd,/scratch/gautschi/manors/hf_cache/hub/models--nvidia--mit-b1/snapshots/13ddceec4e8bdf401e7cd7acf5aebc526222518c,runs/mit-b1_skd_j9200315/student_skd.ckpt,skd,GOPR0356_frame_000414_rgb_anon,/home/manors/Guardrail-Distillation/data/acdc/rgb_anon/night/val/GOPR0356/GOPR0356_frame_000414_rgb_anon.png,night,0.16261624235444125,0.8373837576455587,0.568321943283081,0.9171030521392822,0.1431778073310852,0.21825990080833435,0.3205386698246002,0.8174034953117371,0.560023307800293,-3.8655474185943604,3.7630231380462646,0.02107919566333294,0.1122758612036705,254801,3.6587892682291567,13.378130504861474,11.954647197853774,0.1693483683463212,0.8306516316536788,87223,0.007071547420965058,0.992928452579035,1202,0.221612349152565,0.0019521492067724466,12.006597477011383,0.6101835370063782,0.3898164629936218,0.7189509272575378,0.7423460483551025,1.033974528312683,0.7376857399940491,0.2623142600059509,0.9710258841514587,0.9889973402023315,0.6576662659645081,0.7376857399940491,0.2623142600059509,0.7376857399940491,0.2623142600059509,0.20228439955999358,0.7977156004400064,0.5542756915092468,0.23670361017530644,0.7632963898246936,0.06735524182898522,0.17512479201331116,0.8248752079866888,0.16805324459234616,0.03966815720555228,0.03966815720555228,0.021397091448307037,0.035443346947431564,0.9603318427944477,0.03966815720555228,0.1803799867630005,0.0041875820606946945,191335
acdc_b1_mit-b1_guard_gt_risk_s137_j13387384,2026-07-10 23:13:33,acdc,val,all,student_skd,/scratch/gautschi/manors/hf_cache/hub/models--nvidia--mit-b1/snapshots/13ddceec4e8bdf401e7cd7acf5aebc526222518c,runs/mit-b1_skd_j9200315/student_skd.ckpt,skd,GOPR0356_frame_000418_rgb_anon,/home/manors/Guardrail-Distillation/data/acdc/rgb_anon/night/val/GOPR0356/GOPR0356_frame_000418_rgb_anon.png,night,0.2121084282407699,0.7878915717592301,0.6575402021408081,0.9477941989898682,0.11858508735895157,0.1418297290802002,0.2771817147731781,0.8724109530448914,0.41963332891464233,-3.932777166366577,3.8686203956604004,0.011407075449824333,0.06963551044464111,246426,3.6587892682291567,13.378130504861474,11.954647197853774,0.2296424088302685,0.7703575911697315,86906,0.2106983418367347,0.7893016581632653,6314,0.1439550518989563,0.001460384693928063,12.006597477011383,0.6343908905982971,0.3656091094017029,0.7801508903503418,0.7999526858329773,1.1784080266952515,0.764661431312561,0.23533856868743896,0.9910538792610168,0.9974884986877441,0.6746472120285034,0.764661431312561,0.23533856868743896,0.764661431312561,0.23533856868743896,0.3911668701438236,0.6088331298561764,0.8290440440177917,0.43339484298326614,0.5666051570167339,0.2037524341529976,0.2816283372984404,0.7183716627015596,0.07092999546170564,0.17905844190305364,0.17905844190305364,0.18899792432785034,0.017494095489382744,0.8209415580969464,0.17905844190305364,0.2280806452035904,0.12665872275829315,208211
acdc_b1_mit-b1_guard_gt_risk_s137_j13387384,2026-07-10 23:13:33,acdc,val,all,student_skd,/scratch/gautschi/manors/hf_cache/hub/models--nvidia--mit-b1/snapshots/13ddceec4e8bdf401e7cd7acf5aebc526222518c,runs/mit-b1_skd_j9200315/student_skd.ckpt,skd,GOPR0356_frame_000421_rgb_anon,/home/manors/Guardrail-Distillation/data/acdc/rgb_anon/night/val/GOPR0356/GOPR0356_frame_000421_rgb_anon.png,night,0.19150153025709118,0.8084984697429088,0.7176944613456726,0.9658249616622925,0.09690241515636444,0.09872458130121231,0.23554271459579468,0.8986803293228149,0.3680764436721802,-4.211320400238037,4.169656753540039,0.0075754630379378796,0.044411104172468185,257278,3.6587892682291567,13.378130504861474,11.954647197853774,0.41417569545009175,0.5858243045499083,87552,0.3490347293179972,0.6509652706820028,9710,0.10055885463953018,0.0008806853438727558,12.006597477011383,0.637459397315979,0.362540602684021,0.7361763119697571,0.7598551511764526,0.9072694778442383,0.712441086769104,0.287558913230896,0.9795459508895874,0.992872953414917,0.6589179635047913,0.712441086769104,0.287558913230896,0.712441086769104,0.287558913230896,0.26477381302875597,0.735226186971244,0.7771710157394409,0.503894017685294,0.49610598231470604,0.08971832223520226,0.2923694709835384,0.7076305290164616,0.0,0.07327228277166487,0.07327228277166487,0.06701700389385223,0.007540481630712748,0.9267277172283351,0.07327228277166487,0.09769587963819504,0.04717853665351868,231911
acdc_b1_mit-b1_guard_gt_risk_s137_j13387384,2026-07-10 23:13:33,acdc,val,all,student_skd,/scratch/gautschi/manors/hf_cache/hub/models--nvidia--mit-b1/snapshots/13ddceec4e8bdf401e7cd7acf5aebc526222518c,runs/mit-b1_skd_j9200315/student_skd.ckpt,skd,GOPR0356_frame_000424_rgb_anon,/home/manors/Guardrail-Distillation/data/acdc/rgb_anon/night/val/GOPR0356/GOPR0356_frame_000424_rgb_anon.png,night,0.20758502101822948,0.7924149789817705,0.6640594005584717,0.9683905243873596,0.0943528339266777,0.10073965042829514,0.2443525642156601,0.8873952627182007,0.43623992800712585,-4.2140984535217285,4.175027370452881,0.011523091234266758,0.0355091392993927,257483,3.6587892682291567,13.378130504861474,11.954647197853774,0.26073706003602204,0.739262939963978,86776,0.24590401623894445,0.7540959837610556,11561,0.10286139696836472,0.0008764629601500928,12.006597477011383,0.6383129954338074,0.3616870045661926,0.7267197966575623,0.7402118444442749,0.3961481750011444,0.597761869430542,0.402238130569458,0.8071560263633728,0.8891253471374512,0.6360517144203186,0.597761869430542,0.402238130569458,0.597761869430542,0.402238130569458,0.27018565755865365,0.7298143424413464,0.6894357800483704,0.3733383412981264,0.6266616587018736,0.11260128126210434,0.2775989560678556,0.7224010439321444,0.03169493982891114,0.06260063654042414,0.06260063654042414,0.03586256131529808,0.01048612967133522,0.9373993634595759,0.06260063654042414,0.08864274621009827,0.011091994121670723,235876
acdc_b1_mit-b1_guard_gt_risk_s137_j13387384,2026-07-10 23:13:33,acdc,val,all,student_skd,/scratch/gautschi/manors/hf_cache/hub/models--nvidia--mit-b1/snapshots/13ddceec4e8bdf401e7cd7acf5aebc526222518c,runs/mit-b1_skd_j9200315/student_skd.ckpt,skd,GOPR0356_frame_000427_rgb_anon,/home/manors/Guardrail-Distillation/data/acdc/rgb_anon/night/val/GOPR0356/GOPR0356_frame_000427_rgb_anon.png,night,0.20629670523265844,0.7937032947673416,0.6601045727729797,0.9697751998901367,0.08723165094852448,0.09195442497730255,0.21176409721374512,0.9040387868881226,0.3412611484527588,-4.079973220825195,4.0436248779296875,0.008069033734500408,0.0313735231757164,257032,3.6588742514140904,13.438493246212602,11.911849025636911,0.2691667370928339,0.7308332629071661,87492,0.27350081037277146,0.7264991896272286,3648,0.09343164414167404,0.0006437941337935627,12.049605255015194,0.647221028804779,0.35277897119522095,0.7132957577705383,0.7218794822692871,0.542485773563385,0.6323904991149902,0.36760950088500977,0.8755620718002319,0.9756357669830322,0.643395721912384,0.6323904991149902,0.36760950088500977,0.6323904991149902,0.36760950088500977,0.2389655933678673,0.7610344066321327,0.649724543094635,0.32854135731852374,0.6714586426814763,0.059374620225689845,0.4208124250668821,0.5791875749331179,0.1473116146941107,0.03266888813520885,0.03266888813520885,0.018040554597973824,0.02842058427631855,0.9673311118647911,0.03266888813520885,0.1518915891647339,0.006839614827185869,235737
acdc_b1_mit-b1_guard_gt_risk_s137_j13387384,2026-07-10 23:13:33,acdc,val,all,student_skd,/scratch/gautschi/manors/hf_cache/hub/models--nvidia--mit-b1/snapshots/13ddceec4e8bdf401e7cd7acf5aebc526222518c,runs/mit-b1_skd_j9200315/student_skd.ckpt,skd,GOPR0356_frame_000430_rgb_anon,/home/manors/Guardrail-Distillation/data/acdc/rgb_anon/night/val/GOPR0356/GOPR0356_frame_000430_rgb_anon.png,night,0.14127256367826127,0.8587274363217388,0.6106558442115784,0.9484712481498718,0.12660062313079834,0.1455882042646408,0.3084956109523773,0.8699447512626648,0.44061630964279175,-4.180970191955566,4.115091800689697,0.023188328370451927,0.06959225237369537,256724,3.6588742514140904,13.438493246212602,11.911849025636911,0.23054073898602173,0.7694592610139783,87552,0.022598870056497175,0.9774011299435028,161,0.14777541160583496,0.001263392623513937,12.049605255015194,0.6360905766487122,0.36390942335128784,0.7278520464897156,0.7460451126098633,1.1691653728485107,0.7629941701889038,0.2370058298110962,0.9862318634986877,0.9961915016174316,0.6740210652351379,0.7629941701889038,0.2370058298110962,0.7629941701889038,0.2370058298110962,0.23492695059352312,0.7650730494064769,0.6838589310646057,0.39426670663531016,0.6057332933646898,0.16372596764928848,0.041666666666666664,0.9583333333333334,0.01906779661016944,0.09365438691526184,0.09365438691526184,0.08804397284984589,0.014840841293334961,0.9063456130847382,0.09365438691526184,0.13507892191410065,0.030464624986052513,221072
acdc_b1_mit-b1_guard_gt_risk_s137_j13387384,2026-07-10 23:13:33,acdc,val,all,student_skd,/scratch/gautschi/manors/hf_cache/hub/models--nvidia--mit-b1/snapshots/13ddceec4e8bdf401e7cd7acf5aebc526222518c,runs/mit-b1_skd_j9200315/student_skd.ckpt,skd,GOPR0356_frame_000433_rgb_anon,/home/manors/Guardrail-Distillation/data/acdc/rgb_anon/night/val/GOPR0356/GOPR0356_frame_000433_rgb_anon.png,night,0.18435973238497017,0.8156402676150298,0.6528058648109436,0.9553446769714355,0.10422014445066452,0.12980034947395325,0.24241052567958832,0.8684031963348389,0.44813358783721924,-3.961386203765869,3.90767502784729,0.008823323994874954,0.05130857974290848,258066,3.6588742514140904,13.438493246212602,11.911849025636911,0.19985465184988244,0.8001453481501175,87520,0.16209119631116045,0.8379088036888396,1129,0.13251464068889618,0.0011181088630110025,12.049605255015194,0.6542587280273438,0.34574127197265625,0.7671692967414856,0.7871124744415283,1.6550688743591309,0.839574933052063,0.160425066947937,0.9978479146957397,0.9986775517463684,0.7217657566070557,0.839574933052063,0.160425066947937,0.839574933052063,0.160425066947937,0.20628953945333708,0.7937104605466629,0.6557663679122925,0.29496551874638477,0.7050344812536152,0.09511086689650228,0.4088867067049972,0.5911132932950027,0.24679551039383685,0.02192980706836689,0.02192980706836689,0.042566630989313126,0.03960614651441574,0.9780701929316331,0.02192980706836689,0.1282540112733841,0.018324770033359528,224423
acdc_b1_mit-b1_guard_gt_risk_s137_j13387384,2026-07-10 23:13:33,acdc,val,all,student_skd,/scratch/gautschi/manors/hf_cache/hub/models--nvidia--mit-b1/snapshots/13ddceec4e8bdf401e7cd7acf5aebc526222518c,runs/mit-b1_skd_j9200315/student_skd.ckpt,skd,GOPR0356_frame_000437_rgb_anon,/home/manors/Guardrail-Distillation/data/acdc/rgb_anon/night/val/GOPR0356/GOPR0356_frame_000437_rgb_anon.png,night,0.11770677920536228,0.8822932207946377,0.6060107946395874,0.9463645815849304,0.11671914160251617,0.14400476217269897,0.25775447487831116,0.8645090460777283,0.44032299518585205,-3.63383412361145,3.568507194519043,0.010040012188255787,0.07062869518995285,258167,3.6588742514140904,13.438493246212602,11.911849025636911,0.15511359260172072,0.8448864073982792,86555,0.05124223602484472,0.9487577639751553,2674,0.14645043015480042,0.0013340021250769496,12.049605255015194,0.6387186050415039,0.3612813949584961,0.730330765247345,0.7463275194168091,1.3143867254257202,0.7882462739944458,0.2117537260055542,0.9902864694595337,0.9946770668029785,0.6839691996574402,0.7882462739944458,0.2117537260055542,0.7882462739944458,0.2117537260055542,0.17193949485145027,0.8280605051485497,0.6002897024154663,0.2066202897526042,0.7933797102473958,0.05150669715088341,0.2418478260869565,0.7581521739130435,0.19060559006211186,0.054232715646088,0.054232715646088,0.0556771345436573,0.06139823794364929,0.945767284353912,0.054232715646088,0.15941230952739716,0.02531307190656662,218730
acdc_b1_mit-b1_guard_gt_risk_s137_j13387384,2026-07-10 23:13:33,acdc,val,all,student_skd,/scratch/gautschi/manors/hf_cache/hub/models--nvidia--mit-b1/snapshots/13ddceec4e8bdf401e7cd7acf5aebc526222518c,runs/mit-b1_skd_j9200315/student_skd.ckpt,skd,GOPR0356_frame_000448_rgb_anon,/home/manors/Guardrail-Distillation/data/acdc/rgb_anon/night/val/GOPR0356/GOPR0356_frame_000448_rgb_anon.png,night,0.14028120469426583,0.8597187953057341,0.6631813049316406,0.9492045640945435,0.12632344663143158,0.1338179111480713,0.29420584440231323,0.8862245082855225,0.365624338388443,-4.144331455230713,4.0793776512146,0.02127908729016781,0.0717710480093956,256120,3.653641790151596,13.363392790779471,11.85968128265813,0.2381975892463824,0.7618024107536177,85516,0.0,1.0,263,0.13564631342887878,0.0009741903049871325,12.046758027281612,0.6399855017662048,0.36001449823379517,0.7341330647468567,0.7517808079719543,0.812204897403717,0.6925791501998901,0.30742084980010986,0.952253520488739,0.9880819320678711,0.6603135466575623,0.6925791501998901,0.30742084980010986,0.6925791501998901,0.30742084980010986,0.26182575818065124,0.7381742418193488,0.6917890310287476,0.35778094655298137,0.6422190534470187,0.11958335730659897,0.04449152542372881,0.9555084745762712,0.044491525423728806,0.12154455348638538,0.12154455348638538,0.07815477252006531,0.04954708740115166,0.8784554465136146,0.12154455348638538,0.1506754606962204,0.025156177580356598,220491
acdc_b1_mit-b1_guard_gt_risk_s137_j13387384,2026-07-10 23:13:33,acdc,val,all,student_skd,/scratch/gautschi/manors/hf_cache/hub/models--nvidia--mit-b1/snapshots/13ddceec4e8bdf401e7cd7acf5aebc526222518c,runs/mit-b1_skd_j9200315/student_skd.ckpt,skd,GOPR0356_frame_000452_rgb_anon,/home/manors/Guardrail-Distillation/data/acdc/rgb_anon/night/val/GOPR0356/GOPR0356_frame_000452_rgb_anon.png,night,0.11572951374476759,0.8842704862552324,0.5166938900947571,0.8777912855148315,0.16613098978996277,0.33429595828056335,0.3794797658920288,0.7314648032188416,0.8202251195907593,-2.7435107231140137,2.5895800590515137,0.04113345593214035,0.1688579022884369,228257,3.653641790151596,13.363392790779471,11.85968128265813,0.15981697772456652,0.8401830222754335,87552,0.0,1.0,6530,0.33913499116897583,0.0031104988884180784,12.046758027281612,0.6213623285293579,0.3786376714706421,0.7437014579772949,0.7588195204734802,1.5325480699539185,0.8223788738250732,0.17762112617492676,0.991600751876831,0.996052622795105,0.6941158771514893,0.8223788738250732,0.17762112617492676,0.8223788738250732,0.17762112617492676,0.18112140846220315,0.8188785915377969,0.45991578698158264,0.23005745265048655,0.7699425473495134,0.07024047492592012,0.0,1.0,0.0,0.06539189471743556,0.06539189471743556,0.04656593129038811,0.10334403067827225,0.9346081052825644,0.06539189471743556,0.4508514404296875,0.008599954657256603,148597
acdc_b1_mit-b1_guard_gt_risk_s137_j13387384,2026-07-10 23:13:33,acdc,val,all,student_skd,/scratch/gautschi/manors/hf_cache/hub/models--nvidia--mit-b1/snapshots/13ddceec4e8bdf401e7cd7acf5aebc526222518c,runs/mit-b1_skd_j9200315/student_skd.ckpt,skd,GOPR0356_frame_000455_rgb_anon,/home/manors/Guardrail-Distillation/data/acdc/rgb_anon/night/val/GOPR0356/GOPR0356_frame_000455_rgb_anon.png,night,0.2044708425338376,0.7955291574661624,0.7290167212486267,0.9349614381790161,0.1290718913078308,0.16917502880096436,0.27993717789649963,0.8464568853378296,0.4836803674697876,-3.6057002544403076,3.5257229804992676,0.015940656885504723,0.08373893797397614,252499,3.653641790151596,13.363392790779471,11.85968128265813,0.16372877348913795,0.836271226510862,87052,0.0,1.0,2951,0.17183853685855865,0.0015328382141888142,12.046758027281612,0.6155093312263489,0.3844906687736511,0.7025591135025024,0.7239963412284851,0.8792732357978821,0.7066715955734253,0.2933284044265747,0.9713318347930908,0.9894313812255859,0.6459874510765076,0.7066715955734253,0.2933284044265747,0.7066715955734253,0.2933284044265747,0.35739361425035426,0.6426063857496458,0.7342483997344971,0.40155286987421823,0.5984471301257818,0.23782409638508029,0.20919443272880642,0.7908055672711936,0.20919443272880645,0.15292277171651658,0.15292277171651658,0.06988541781902313,0.06465371698141098,0.8470772282834834,0.15292277171651658,0.24383461475372314,0.012166384607553482,203790
acdc_b1_mit-b1_guard_gt_risk_s137_j13387384,2026-07-10 23:13:33,acdc,val,all,student_skd,/scratch/gautschi/manors/hf_cache/hub/models--nvidia--mit-b1/snapshots/13ddceec4e8bdf401e7cd7acf5aebc526222518c,runs/mit-b1_skd_j9200315/student_skd.ckpt,skd,GOPR0356_frame_000458_rgb_anon,/home/manors/Guardrail-Distillation/data/acdc/rgb_anon/night/val/GOPR0356/GOPR0356_frame_000458_rgb_anon.png,night,0.1838396116601411,0.8161603883398589,0.7322960495948792,0.931520938873291,0.12425143271684647,0.19143785536289215,0.27908486127853394,0.8275441527366638,0.5427502393722534,-3.102757215499878,3.019932985305786,0.017682937905192375,0.07545547187328339,250015,3.653641790151596,13.363392790779471,11.85968128265813,0.15647590398302796,0.8435240960169721,86344,0.0,1.0,9104,0.19450418651103973,0.0016014333814382553,12.046758027281612,0.6057769060134888,0.39422309398651123,0.6724362969398499,0.6895798444747925,0.6695747375488281,0.6614079475402832,0.3385920524597168,0.8827283382415771,0.9460709691047668,0.6173484921455383,0.6614079475402832,0.3385920524597168,0.6614079475402832,0.3385920524597168,0.2610357523690662,0.7389642476309338,0.691418468952179,0.2886434371277394,0.7113565628722607,0.1321675331447114,0.1880103316113981,0.8119896683886019,0.18801033161139813,0.07719614070892511,0.07719614070892511,0.07334759831428528,0.11422514170408249,0.9228038592910749,0.07719614070892511,0.3197208046913147,0.035069894045591354,197685
acdc_b1_mit-b1_guard_gt_risk_s137_j13387384,2026-07-10 23:13:33,acdc,val,all,student_skd,/scratch/gautschi/manors/hf_cache/hub/models--nvidia--mit-b1/snapshots/13ddceec4e8bdf401e7cd7acf5aebc526222518c,runs/mit-b1_skd_j9200315/student_skd.ckpt,skd,GOPR0356_frame_000461_rgb_anon,/home/manors/Guardrail-Distillation/data/acdc/rgb_anon/night/val/GOPR0356/GOPR0356_frame_000461_rgb_anon.png,night,0.1698845761173903,0.8301154238826097,0.7143251895904541,0.9459725618362427,0.12045242637395859,0.13703744113445282,0.25216609239578247,0.8682171106338501,0.4305047392845154,-3.517145872116089,3.450761318206787,0.011618316173553467,0.07558614760637283,253393,3.8075807387940586,13.344197534024715,11.902901460416615,0.17018905619423072,0.8298109438057693,86498,0.008522727272727272,0.9914772727272727,576,0.1389816254377365,0.0011410550214350224,12.024377763736993,0.6416516304016113,0.35834836959838867,0.7646795511245728,0.7857171297073364,1.3320354223251343,0.7911770939826965,0.20882290601730347,0.9887673258781433,0.9971098303794861,0.7006491422653198,0.7911770939826965,0.20882290601730347,0.7911770939826965,0.20882290601730347,0.32165111341711383,0.6783488865828862,0.8245491981506348,0.4126235835218298,0.5873764164781702,0.24243452732759907,0.05587121212121212,0.9441287878787878,0.04734848484848486,0.15176653729972356,0.15176653729972356,0.13342516124248505,0.023201115429401398,0.8482334627002764,0.15176653729972356,0.2415970414876938,0.05208510160446167,213437
acdc_b1_mit-b1_guard_gt_risk_s137_j13387384,2026-07-10 23:13:33,acdc,val,all,student_skd,/scratch/gautschi/manors/hf_cache/hub/models--nvidia--mit-b1/snapshots/13ddceec4e8bdf401e7cd7acf5aebc526222518c,runs/mit-b1_skd_j9200315/student_skd.ckpt,skd,GOPR0356_frame_000464_rgb_anon,/home/manors/Guardrail-Distillation/data/acdc/rgb_anon/night/val/GOPR0356/GOPR0356_frame_000464_rgb_anon.png,night,0.19845327941266414,0.8015467205873359,0.7035285234451294,0.9208799004554749,0.13644742965698242,0.2070561796426773,0.29970601201057434,0.8230776786804199,0.533577024936676,-3.8442764282226562,3.7474753856658936,0.019098393619060516,0.1002829521894455,244209,3.8075807387940586,13.344197534024715,11.902901460416615,0.15349719183478217,0.8465028081652178,85425,0.230727913506748,0.769272086493252,10807,0.20977266132831573,0.0018936224514618516,12.024377763736993,0.5913185477256775,0.4086814522743225,0.6820175051689148,0.7020588517189026,0.3229091167449951,0.5800330638885498,0.4199669361114502,0.7077054381370544,0.7896831035614014,0.5790663361549377,0.5800330638885498,0.4199669361114502,0.5800330638885498,0.4199669361114502,0.3000060452547861,0.6999939547452139,0.7551113963127136,0.2772687918735976,0.7227312081264023,0.12377160003881549,0.4025727436197438,0.5974272563802562,0.17184483011299578,0.10155276584212203,0.10155276584212203,0.07697504758834839,0.025392184033989906,0.898447234157878,0.10155276584212203,0.25671452283859253,0.02519563026726246,185163
acdc_b1_mit-b1_guard_gt_risk_s137_j13387384,2026-07-10 23:13:33,acdc,val,all,student_skd,/scratch/gautschi/manors/hf_cache/hub/models--nvidia--mit-b1/snapshots/13ddceec4e8bdf401e7cd7acf5aebc526222518c,runs/mit-b1_skd_j9200315/student_skd.ckpt,skd,GOPR0356_frame_000467_rgb_anon,/home/manors/Guardrail-Distillation/data/acdc/rgb_anon/night/val/GOPR0356/GOPR0356_frame_000467_rgb_anon.png,night,0.17744370100407791,0.8225562989959221,0.7771156430244446,0.9609526991844177,0.10062497854232788,0.10509301722049713,0.22373411059379578,0.8982134461402893,0.34194594621658325,-3.795699119567871,3.748497247695923,0.008385269902646542,0.04732412472367287,256402,3.8075807387940586,13.344197534024715,11.902901460416615,0.21023001355995738,0.7897699864400426,87545,0.0,1.0,3483,0.10665532201528549,0.0006383151048794389,12.024377763736993,0.6281439065933228,0.37185609340667725,0.690775454044342,0.708619236946106,0.7556533813476562,0.6804092526435852,0.3195907473564148,0.9390636682510376,0.9886244535446167,0.6400343775749207,0.6804092526435852,0.3195907473564148,0.6804092526435852,0.3195907473564148,0.27637177880453784,0.7236282211954621,0.7969282865524292,0.342747357524968,0.657252642475032,0.13251734396501058,0.05916305916305917,0.9408369408369408,0.059163059163059195,0.09892807780045998,0.09892807780045998,0.08386050164699554,0.06404786556959152,0.90107192219954,0.09892807780045998,0.26217424869537354,0.04872037097811699,225252
acdc_b1_mit-b1_guard_gt_risk_s137_j13387384,2026-07-10 23:13:33,acdc,val,all,student_skd,/scratch/gautschi/manors/hf_cache/hub/models--nvidia--mit-b1/snapshots/13ddceec4e8bdf401e7cd7acf5aebc526222518c,runs/mit-b1_skd_j9200315/student_skd.ckpt,skd,GOPR0356_frame_000470_rgb_anon,/home/manors/Guardrail-Distillation/data/acdc/rgb_anon/night/val/GOPR0356/GOPR0356_frame_000470_rgb_anon.png,night,0.1782368634325052,0.8217631365674948,0.7318313717842102,0.9492071270942688,0.12232135236263275,0.13676869869232178,0.2790769934654236,0.8757803440093994,0.4166916012763977,-3.415278196334839,3.3514444828033447,0.01945645920932293,0.06862635910511017,242079,3.8075807387940586,13.344197534024715,11.902901460416615,0.21332402043659007,0.78667597956341,84501,0.02317165703612911,0.9768283429638709,6178,0.13866573572158813,0.0010890804696828127,12.024377763736993,0.618588924407959,0.381411075592041,0.6954619884490967,0.7071906924247742,0.7077104449272156,0.6698950529098511,0.3301049470901489,0.9214164018630981,0.9767125248908997,0.6345304250717163,0.6698950529098511,0.3301049470901489,0.6698950529098511,0.3301049470901489,0.3496375628223129,0.650362437177687,0.8197985291481018,0.44836618246787435,0.5516338175321256,0.23504216203128436,0.5911636428490361,0.4088363571509639,0.567991985812907,0.17140069938980773,0.17140069938980773,0.110463947057724,0.022496789693832397,0.8285993006101923,0.17140069938980773,0.15640349686145782,0.052458085119724274,208456
acdc_b1_mit-b1_guard_gt_risk_s137_j13387384,2026-07-10 23:13:33,acdc,val,all,student_skd,/scratch/gautschi/manors/hf_cache/hub/models--nvidia--mit-b1/snapshots/13ddceec4e8bdf401e7cd7acf5aebc526222518c,runs/mit-b1_skd_j9200315/student_skd.ckpt,skd,GOPR0356_frame_000473_rgb_anon,/home/manors/Guardrail-Distillation/data/acdc/rgb_anon/night/val/GOPR0356/GOPR0356_frame_000473_rgb_anon.png,night,0.11139361158759764,0.8886063884124024,0.48740968108177185,0.9253028631210327,0.13914184272289276,0.19437523186206818,0.3074575662612915,0.8256431818008423,0.5581368207931519,-3.270522117614746,3.177638053894043,0.0191943421959877,0.10160256922245026,230693,3.663661773316562,13.443183503113687,11.947029503062367,0.12920218092422278,0.8707978190757772,84929,0.0,1.0,0,0.19764162600040436,0.0019583837129175663,12.034625222440809,0.6344683766365051,0.3655316233634949,0.7609978914260864,0.7839118242263794,2.124891519546509,0.8932990431785583,0.10670095682144165,0.9986924529075623,0.9995101690292358,0.7635782361030579,0.8932990431785583,0.10670095682144165,0.8932990431785583,0.10670095682144165,0.21329945585279744,0.7867005441472026,0.595956563949585,0.12268396645747633,0.8773160335425236,0.0,0.0,1.0,0.0,0.10190584426519977,0.10190584426519977,0.13441240787506104,0.025865545496344566,0.8980941557348002,0.10190584426519977,0.4166403114795685,0.07797376066446304,181623
acdc_b1_mit-b1_guard_gt_risk_s137_j13387384,2026-07-10 23:13:33,acdc,val,all,student_skd,/scratch/gautschi/manors/hf_cache/hub/models--nvidia--mit-b1/snapshots/13ddceec4e8bdf401e7cd7acf5aebc526222518c,runs/mit-b1_skd_j9200315/student_skd.ckpt,skd,GOPR0356_frame_000476_rgb_anon,/home/manors/Guardrail-Distillation/data/acdc/rgb_anon/night/val/GOPR0356/GOPR0356_frame_000476_rgb_anon.png,night,0.12315068057002933,0.8768493194299707,0.47649288177490234,0.8804380297660828,0.16421698033809662,0.3185674846172333,0.36589011549949646,0.7377385497093201,0.8064650297164917,-3.1659462451934814,3.015624761581421,0.04557260870933533,0.1566057950258255,230994,3.663661773316562,13.443183503113687,11.947029503062367,0.08599090423446991,0.9140090957655301,84749,0.02631578947368421,0.9736842105263158,2584,0.3225349485874176,0.002530401572585106,12.034625222440809,0.5850733518600464,0.4149266481399536,0.6547999978065491,0.6651816964149475,1.359923005104065,0.7957472205162048,0.20425277948379517,0.9695972204208374,0.9806618690490723,0.6485517024993896,0.7957472205162048,0.20425277948379517,0.7957472205162048,0.20425277948379517,0.3708715429941859,0.6291284570058141,0.6539996266365051,0.3301047925480699,0.6698952074519301,0.24411388831360004,0.8800309597523219,0.11996904024767807,0.8537151702786377,0.24772086242415658,0.24772086242415658,0.18719099462032318,0.00968423392623663,0.7522791375758434,0.24772086242415658,0.3182333707809448,0.02725611813366413,151115
acdc_b1_mit-b1_guard_gt_risk_s137_j13387384,2026-07-10 23:13:33,acdc,val,all,student_skd,/scratch/gautschi/manors/hf_cache/hub/models--nvidia--mit-b1/snapshots/13ddceec4e8bdf401e7cd7acf5aebc526222518c,runs/mit-b1_skd_j9200315/student_skd.ckpt,skd,GOPR0356_frame_000479_rgb_anon,/home/manors/Guardrail-Distillation/data/acdc/rgb_anon/night/val/GOPR0356/GOPR0356_frame_000479_rgb_anon.png,night,0.14279024842070956,0.8572097515792905,0.285635769367218,0.8678261041641235,0.17804433405399323,0.3572877049446106,0.41824233531951904,0.7189027667045593,0.8832806348800659,-3.1791584491729736,3.0095930099487305,0.055551234632730484,0.19778302311897278,205594,3.663661773316562,13.443183503113687,11.947029503062367,0.15819977237982577,0.8418002276201743,77546,0.0,1.0,0,0.36194536089897156,0.0028089191764593124,12.034625222440809,0.577581524848938,0.422418475151062,0.6312987208366394,0.6460614204406738,1.4170842170715332,0.8048809170722961,0.19511908292770386,0.9524796009063721,0.9597062468528748,0.6429977416992188,0.8048809170722961,0.19511908292770386,0.8048809170722961,0.19511908292770386,0.25508908619387743,0.7449109138061225,0.7314902544021606,0.23408655819099775,0.7659134418090022,0.07588678581117203,0.0,1.0,0.0,0.11229883777316796,0.11229883777316796,0.45586448907852173,0.01001001987606287,0.887701162226832,0.11229883777316796,0.6164333820343018,0.21515706181526184,133723
acdc_b1_mit-b1_guard_gt_risk_s137_j13387384,2026-07-10 23:13:33,acdc,val,all,student_skd,/scratch/gautschi/manors/hf_cache/hub/models--nvidia--mit-b1/snapshots/13ddceec4e8bdf401e7cd7acf5aebc526222518c,runs/mit-b1_skd_j9200315/student_skd.ckpt,skd,GOPR0356_frame_000482_rgb_anon,/home/manors/Guardrail-Distillation/data/acdc/rgb_anon/night/val/GOPR0356/GOPR0356_frame_000482_rgb_anon.png,night,0.06815604896537437,0.9318439510346256,0.2214525192975998,0.9326590895652771,0.10744896531105042,0.21995091438293457,0.2569009065628052,0.7791895866394043,0.7394420504570007,-2.8273022174835205,2.7489054203033447,0.011243894696235657,0.05349177122116089,222165,3.663661773316562,13.443183503113687,11.947029503062367,0.100162074646005,0.899837925353995,83516,0.0,1.0,0,0.2246261090040207,0.0020064101554453373,12.034625222440809,0.6399836540222168,0.3600163459777832,0.7658311128616333,0.7948083281517029,2.9775447845458984,0.951549232006073,0.048450767993927,0.9985925555229187,0.9993719458580017,0.768552303314209,0.951549232006073,0.048450767993927,0.951549232006073,0.048450767993927,0.19212881832924414,0.8078711816707559,0.7026534080505371,0.12209915792343273,0.8779008420765673,0.021937083277427716,0.0,1.0,0.0,0.1239727693638697,0.1239727693638697,0.48696237802505493,0.00576148321852088,0.8760272306361303,0.1239727693638697,0.6608376502990723,0.3746134340763092,177181
acdc_b1_mit-b1_guard_gt_risk_s137_j13387384,2026-07-10 23:13:34,acdc,val,all,student_skd,/scratch/gautschi/manors/hf_cache/hub/models--nvidia--mit-b1/snapshots/13ddceec4e8bdf401e7cd7acf5aebc526222518c,runs/mit-b1_skd_j9200315/student_skd.ckpt,skd,GOPR0356_frame_000485_rgb_anon,/home/manors/Guardrail-Distillation/data/acdc/rgb_anon/night/val/GOPR0356/GOPR0356_frame_000485_rgb_anon.png,night,0.14995501381385865,0.8500449861861413,0.48505160212516785,0.9427887797355652,0.11335565149784088,0.15690691769123077,0.2621580958366394,0.8576469421386719,0.4540026783943176,-3.544053792953491,3.4756686687469482,0.01029165368527174,0.05892184376716614,235142,3.762960259336978,13.385080499574542,11.932061752304435,0.14890044212350131,0.8510995578764987,86086,0.0,1.0,1785,0.15899071097373962,0.0012100804597139359,11.99968229047954,0.6613374948501587,0.3386625051498413,0.789223313331604,0.8039917349815369,2.176400661468506,0.8981102108955383,0.10188978910446167,0.9992423057556152,0.9996356964111328,0.7676267027854919,0.8981102108955383,0.10188978910446167,0.8981102108955383,0.10188978910446167,0.49064794998136074,0.5093520500186393,0.775761067867279,0.5522632895331983,0.44773671046680175,0.40336284740969697,0.9008403361344538,0.0991596638655462,0.9008403361344538,0.34069293616750207,0.34069293616750207,0.31005945801734924,0.01935001090168953,0.6593070638324979,0.34069293616750207,0.4887174665927887,0.21777905523777008,189106
acdc_b1_mit-b1_guard_gt_risk_s137_j13387384,2026-07-10 23:13:34,acdc,val,all,student_skd,/scratch/gautschi/manors/hf_cache/hub/models--nvidia--mit-b1/snapshots/13ddceec4e8bdf401e7cd7acf5aebc526222518c,runs/mit-b1_skd_j9200315/student_skd.ckpt,skd,GOPR0356_frame_000488_rgb_anon,/home/manors/Guardrail-Distillation/data/acdc/rgb_anon/night/val/GOPR0356/GOPR0356_frame_000488_rgb_anon.png,night,0.15739812080451163,0.8426018791954883,0.6261112689971924,0.8065786957740784,0.18433162569999695,0.4632093906402588,0.4020039737224579,0.6727769374847412,0.8690779209136963,-3.2701377868652344,3.0246222019195557,0.05071810260415077,0.312041699886322,227335,3.762960259336978,13.385080499574542,11.932061752304435,0.1244505255834324,0.8755494744165676,84120,0.0,1.0,0,0.4664124846458435,0.0034751559142023325,11.99968229047954,0.5693211555480957,0.4306788444519043,0.6597274541854858,0.6776673793792725,1.1536705493927002,0.7601807117462158,0.23981928825378418,0.9434110522270203,0.9636096954345703,0.6356663107872009,0.7601807117462158,0.23981928825378418,0.7601807117462158,0.23981928825378418,0.2450554513620854,0.7549445486379146,0.7454549670219421,0.3415518544107818,0.6584481455892182,0.21710132882734945,0.0,1.0,0.0,0.08765733055757374,0.08765733055757374,0.1680251657962799,0.048681460320949554,0.9123426694424263,0.08765733055757374,0.3556601405143738,0.007433963008224964,98877
acdc_b1_mit-b1_guard_gt_risk_s137_j13387384,2026-07-10 23:13:34,acdc,val,all,student_skd,/scratch/gautschi/manors/hf_cache/hub/models--nvidia--mit-b1/snapshots/13ddceec4e8bdf401e7cd7acf5aebc526222518c,runs/mit-b1_skd_j9200315/student_skd.ckpt,skd,GOPR0400_frame_000058_rgb_anon,/home/manors/Guardrail-Distillation/data/acdc/rgb_anon/rain/val/GOPR0400/GOPR0400_frame_000058_rgb_anon.png,rain,0.4607015531396905,0.5392984468603095,0.8826996088027954,0.9032149910926819,0.15401606261730194,0.24742494523525238,0.3391721248626709,0.7998659014701843,0.5957881808280945,-4.850462913513184,4.729887008666992,0.025659069418907166,0.13919271528720856,245839,3.762960259336978,13.385080499574542,11.932061752304435,0.3202214353246565,0.6797785646753435,74413,0.9966132723112128,0.0033867276887872277,21850,0.2511288523674011,0.002923638094216585,11.99968229047954,0.5339431762695312,0.46605682373046875,0.6185542941093445,0.6692197322845459,0.29557740688323975,0.5733610391616821,0.42663896083831787,0.6916868686676025,0.7460945248603821,0.5354115962982178,0.5733610391616821,0.42663896083831787,0.5733610391616821,0.42663896083831787,0.46949167214255527,0.5305083278574447,0.9214200973510742,0.3147076985612542,0.6852923014387458,0.0,0.9949656750572082,0.005034324942791768,0.0,0.008790119002864749,0.008790119002864749,0.0578671395778656,0.01914667710661888,0.9912098809971353,0.008790119002864749,0.09803976863622665,0.0052514043636620045,175212
acdc_b1_mit-b1_guard_gt_risk_s137_j13387384,2026-07-10 23:13:34,acdc,val,all,student_skd,/scratch/gautschi/manors/hf_cache/hub/models--nvidia--mit-b1/snapshots/13ddceec4e8bdf401e7cd7acf5aebc526222518c,runs/mit-b1_skd_j9200315/student_skd.ckpt,skd,GOPR0400_frame_000087_rgb_anon,/home/manors/Guardrail-Distillation/data/acdc/rgb_anon/rain/val/GOPR0400/GOPR0400_frame_000087_rgb_anon.png,rain,0.433459934135834,0.5665400658641659,0.8753160238265991,0.9392419457435608,0.12934231758117676,0.16889403760433197,0.3073946535587311,0.8525912761688232,0.47321149706840515,-5.523015975952148,5.44718599319458,0.018738804385066032,0.08105722069740295,233366,3.762960259336978,13.385080499574542,11.932061752304435,0.35199466081038683,0.6480053391896132,67717,0.0,1.0,161,0.17232239246368408,0.0017989791231229901,11.99968229047954,0.5262067914009094,0.4737932085990906,0.6161064505577087,0.650015652179718,0.2598530352115631,0.5646001696586609,0.4353998303413391,0.6871001124382019,0.736275851726532,0.5221726894378662,0.5646001696586609,0.4353998303413391,0.5646001696586609,0.4353998303413391,0.5272620567914735,0.47273794320852647,0.9049947261810303,0.41187829556102973,0.5881217044389703,0.059883634750642956,0.2422360248447205,0.7577639751552795,0.2422360248447205,0.09380212265563947,0.09380212265563947,0.05363249033689499,0.023953789845108986,0.9061978773443605,0.09380212265563947,0.10591088235378265,0.018044617027044296,192943
acdc_b1_mit-b1_guard_gt_risk_s137_j13387384,2026-07-10 23:13:34,acdc,val,all,student_skd,/scratch/gautschi/manors/hf_cache/hub/models--nvidia--mit-b1/snapshots/13ddceec4e8bdf401e7cd7acf5aebc526222518c,runs/mit-b1_skd_j9200315/student_skd.ckpt,skd,GOPR0400_frame_000094_rgb_anon,/home/manors/Guardrail-Distillation/data/acdc/rgb_anon/rain/val/GOPR0400/GOPR0400_frame_000094_rgb_anon.png,rain,0.39032229060317053,0.6096777093968295,0.841305136680603,0.9232168197631836,0.13963186740875244,0.19648291170597076,0.30492010712623596,0.833935558795929,0.5022444128990173,-5.454896926879883,5.360057830810547,0.015627501532435417,0.10966049879789352,250008,3.8252759841270745,13.37478298228234,11.937709234189242,0.2665267626598886,0.7334732373401114,76512,0.4277474195506982,0.5722525804493017,3327,0.1995258778333664,0.0022662710398435593,12.040978006552905,0.49866604804992676,0.5013339519500732,0.5866296887397766,0.608741044998169,0.19811078906059265,0.5493663549423218,0.4506336450576782,0.6455445289611816,0.6936087012290955,0.5023179054260254,0.5493663549423218,0.4506336450576782,0.5493663549423218,0.4506336450576782,0.658924056376637,0.341075943623363,0.9530855417251587,0.5063714426230679,0.4936285573769321,0.23984467996317926,0.4793187347931874,0.5206812652068127,0.051571315242489035,0.2686017657734665,0.2686017657734665,0.12837989628314972,0.016599468886852264,0.7313982342265335,0.2686017657734665,0.15515904128551483,0.030703019350767136,192886
acdc_b1_mit-b1_guard_gt_risk_s137_j13387384,2026-07-10 23:13:34,acdc,val,all,student_skd,/scratch/gautschi/manors/hf_cache/hub/models--nvidia--mit-b1/snapshots/13ddceec4e8bdf401e7cd7acf5aebc526222518c,runs/mit-b1_skd_j9200315/student_skd.ckpt,skd,GOPR0400_frame_000107_rgb_anon,/home/manors/Guardrail-Distillation/data/acdc/rgb_anon/rain/val/GOPR0400/GOPR0400_frame_000107_rgb_anon.png,rain,0.34967511355869035,0.6503248864413096,0.8412734866142273,0.9177649021148682,0.1555810123682022,0.22447673976421356,0.38023641705513,0.8274403214454651,0.533168613910675,-4.992451190948486,4.88681697845459,0.03549204766750336,0.12232904136180878,242984,3.8252759841270745,13.37478298228234,11.937709234189242,0.1940525648133776,0.8059474351866224,70266,0.13023255813953488,0.8697674418604651,215,0.2272430807352066,0.0021986679639667273,12.040978006552905,0.5467018485069275,0.4532981514930725,0.6769312024116516,0.7241176962852478,0.4242803752422333,0.6045070886611938,0.39549291133880615,0.7844471335411072,0.8717935681343079,0.55568927526474,0.6045070886611938,0.39549291133880615,0.6045070886611938,0.39549291133880615,0.5765734268852155,0.4234265731147845,0.9244394302368164,0.5088237082601732,0.4911762917398268,0.3147711434467956,0.6976744186046512,0.3023255813953488,0.5674418604651162,0.2268983133265251,0.2268983133265251,0.100529246032238,0.017363281920552254,0.7731016866734749,0.2268983133265251,0.14252378046512604,0.012881506234407425,187550
acdc_b1_mit-b1_guard_gt_risk_s137_j13387384,2026-07-10 23:13:34,acdc,val,all,student_skd,/scratch/gautschi/manors/hf_cache/hub/models--nvidia--mit-b1/snapshots/13ddceec4e8bdf401e7cd7acf5aebc526222518c,runs/mit-b1_skd_j9200315/student_skd.ckpt,skd,GOPR0400_frame_000114_rgb_anon,/home/manors/Guardrail-Distillation/data/acdc/rgb_anon/rain/val/GOPR0400/GOPR0400_frame_000114_rgb_anon.png,rain,0.4517856238455824,0.5482143761544176,0.842212975025177,0.9225434064865112,0.1449025422334671,0.19126857817173004,0.31086111068725586,0.8437297344207764,0.4596867561340332,-5.530853271484375,5.4339399337768555,0.01955420710146427,0.11598826944828033,243835,3.8252759841270745,13.37478298228234,11.937709234189242,0.31419772199999113,0.6858022780000088,71554,0.3216123499142367,0.6783876500857633,924,0.1936979740858078,0.0018146091606467962,12.040978006552905,0.5550525784492493,0.44494742155075073,0.6746416091918945,0.7021341919898987,0.22830326855182648,0.5568291544914246,0.44317084550857544,0.6723051071166992,0.7395351529121399,0.5406623482704163,0.5568291544914246,0.44317084550857544,0.5568291544914246,0.44317084550857544,0.3982616008881513,0.6017383991118487,0.9165706634521484,0.3009683620945447,0.6990316379054553,0.0,0.13995552776040582,0.8600444722395941,0.0,0.0,0.0,0.08555375784635544,0.011196095496416092,1.0,0.0,0.11198556423187256,0.012045030482113361,189083
acdc_b1_mit-b1_guard_gt_risk_s137_j13387384,2026-07-10 23:13:34,acdc,val,all,student_skd,/scratch/gautschi/manors/hf_cache/hub/models--nvidia--mit-b1/snapshots/13ddceec4e8bdf401e7cd7acf5aebc526222518c,runs/mit-b1_skd_j9200315/student_skd.ckpt,skd,GOPR0400_frame_000125_rgb_anon,/home/manors/Guardrail-Distillation/data/acdc/rgb_anon/rain/val/GOPR0400/GOPR0400_frame_000125_rgb_anon.png,rain,0.33958384382019946,0.6604161561798005,0.9492209553718567,0.9555463194847107,0.10812937468290329,0.1269986778497696,0.2619480788707733,0.8794949650764465,0.41312167048454285,-5.230032444000244,5.1758294105529785,0.009959874674677849,0.054036401212215424,244983,3.8252759841270745,13.37478298228234,11.937709234189242,0.28414973584382713,0.7158502641561728,73355,0.2993492407809111,0.7006507592190889,922,0.12960293889045715,0.0014463242841884494,12.040978006552905,0.531392514705658,0.46860748529434204,0.6389895677566528,0.6704280972480774,0.22734977304935455,0.5565938949584961,0.4434061050415039,0.6862713694572449,0.7426409125328064,0.5353301763534546,0.5565938949584961,0.4434061050415039,0.5565938949584961,0.4434061050415039,0.4454278220273363,0.5545721779726638,0.9505802392959595,0.3597263742135668,0.6402736257864332,0.0755766383697396,0.9436008676789588,0.05639913232104121,0.6442516268980477,0.10584397820713676,0.10584397820713676,0.02858157455921173,0.027222298085689545,0.8941560217928632,0.10584397820713676,0.059840887784957886,0.006510655861347914,211779
acdc_b1_mit-b1_guard_gt_risk_s137_j13387384,2026-07-10 23:13:34,acdc,val,all,student_skd,/scratch/gautschi/manors/hf_cache/hub/models--nvidia--mit-b1/snapshots/13ddceec4e8bdf401e7cd7acf5aebc526222518c,runs/mit-b1_skd_j9200315/student_skd.ckpt,skd,GOPR0400_frame_000150_rgb_anon,/home/manors/Guardrail-Distillation/data/acdc/rgb_anon/rain/val/GOPR0400/GOPR0400_frame_000150_rgb_anon.png,rain,0.37594039056277767,0.6240596094372224,0.8086193799972534,0.9349547028541565,0.13300824165344238,0.1785248965024948,0.3127177953720093,0.8451840877532959,0.5024967193603516,-4.682906150817871,4.601792335510254,0.019704164937138557,0.08899889886379242,237767,3.655396751128137,13.335359981283545,11.906071740668267,0.30127582611373155,0.6987241738862684,69208,0.93619268962603,0.06380731037397003,4733,0.18212909996509552,0.002354052849113941,12.027307762764394,0.4977080523967743,0.5022919476032257,0.5862683057785034,0.609824538230896,0.26080790162086487,0.5648348927497864,0.4351651072502136,0.6864421963691711,0.7247271537780762,0.5173587799072266,0.5648348927497864,0.4351651072502136,0.5648348927497864,0.4351651072502136,0.39502640243130216,0.6049735975686978,0.8591141700744629,0.24291805489303914,0.7570819451069608,0.0,0.47295584196070145,0.5270441580392986,0.0,0.019086011868524544,0.019086011868524544,0.061585504561662674,0.011090689338743687,0.9809139881314755,0.019086011868524544,0.08692964166402817,0.008840587921440601,192816
acdc_b1_mit-b1_guard_gt_risk_s137_j13387384,2026-07-10 23:13:34,acdc,val,all,student_skd,/scratch/gautschi/manors/hf_cache/hub/models--nvidia--mit-b1/snapshots/13ddceec4e8bdf401e7cd7acf5aebc526222518c,runs/mit-b1_skd_j9200315/student_skd.ckpt,skd,GOPR0402_frame_000120_rgb_anon,/home/manors/Guardrail-Distillation/data/acdc/rgb_anon/rain/val/GOPR0402/GOPR0402_frame_000120_rgb_anon.png,rain,0.331973548342399,0.668026451657601,0.8748573660850525,0.9264693260192871,0.14872854948043823,0.20688290894031525,0.3630495071411133,0.834682285785675,0.5342512130737305,-5.220518589019775,5.125735282897949,0.03723746910691261,0.1013750284910202,253159,3.655396751128137,13.335359981283545,11.906071740668267,0.2973139620207273,0.7026860379792728,80311,0.6436577661132783,0.3563422338867217,21255,0.21024011075496674,0.0019628568552434444,12.027307762764394,0.515211820602417,0.484788179397583,0.6198861598968506,0.6512523889541626,0.33471864461898804,0.5829070210456848,0.4170929789543152,0.7711949348449707,0.8288347125053406,0.5184013843536377,0.5829070210456848,0.4170929789543152,0.5829070210456848,0.4170929789543152,0.45353225556118615,0.5464677444388139,0.9099894165992737,0.4176819920186682,0.5823180079813318,0.12036802999794094,0.6627205156582344,0.3372794843417656,0.019062749544956126,0.12155870721878714,0.12155870721878714,0.06502237915992737,0.029890308156609535,0.8784412927812129,0.12155870721878714,0.12016164511442184,0.00968166347593069,201993
acdc_b1_mit-b1_guard_gt_risk_s137_j13387384,2026-07-10 23:13:34,acdc,val,all,student_skd,/scratch/gautschi/manors/hf_cache/hub/models--nvidia--mit-b1/snapshots/13ddceec4e8bdf401e7cd7acf5aebc526222518c,runs/mit-b1_skd_j9200315/student_skd.ckpt,skd,GOPR0402_frame_000134_rgb_anon,/home/manors/Guardrail-Distillation/data/acdc/rgb_anon/rain/val/GOPR0402/GOPR0402_frame_000134_rgb_anon.png,rain,0.3383670255902425,0.6616329744097575,0.7041592597961426,0.9116248488426208,0.15312731266021729,0.22762125730514526,0.35091421008110046,0.8216575384140015,0.5175703763961792,-4.964610576629639,4.8528900146484375,0.02760992757976055,0.12710978090763092,249729,3.655396751128137,13.335359981283545,11.906071740668267,0.23776097814188152,0.7622390218581185,76079,0.4438465138043987,0.5561534861956012,2137,0.23208363354206085,0.0033025769516825676,12.027307762764394,0.5173614025115967,0.4826385974884033,0.5994113683700562,0.6259485483169556,0.2834368050098419,0.5703886151313782,0.4296113848686218,0.6911033391952515,0.7428844571113586,0.5194421410560608,0.5703886151313782,0.4296113848686218,0.5703886151313782,0.4296113848686218,0.5783301365615497,0.42166986343845025,0.9207660555839539,0.4873100145020207,0.5126899854979793,0.24954903636013925,0.9546092653252223,0.04539073467477772,0.5107627515208235,0.2399631109713073,0.2399631109713073,0.24164192378520966,0.025035137310624123,0.7600368890286927,0.2399631109713073,0.2834993004798889,0.14127713441848755,186728
acdc_b1_mit-b1_guard_gt_risk_s137_j13387384,2026-07-10 23:13:34,acdc,val,all,student_skd,/scratch/gautschi/manors/hf_cache/hub/models--nvidia--mit-b1/snapshots/13ddceec4e8bdf401e7cd7acf5aebc526222518c,runs/mit-b1_skd_j9200315/student_skd.ckpt,skd,GOPR0402_frame_000154_rgb_anon,/home/manors/Guardrail-Distillation/data/acdc/rgb_anon/rain/val/GOPR0402/GOPR0402_frame_000154_rgb_anon.png,rain,0.3111515652023952,0.6888484347976048,0.8560193181037903,0.9326377511024475,0.1329464465379715,0.17186155915260315,0.2970656752586365,0.8585326075553894,0.4234117567539215,-5.4013872146606445,5.31815767288208,0.013429227285087109,0.0952058658003807,255562,3.655396751128137,13.335359981283545,11.906071740668267,0.29087748763044174,0.7091225123695583,83234,0.31889370209930024,0.6811062979006998,3177,0.17477719485759735,0.0024188330862671137,12.027307762764394,0.48970505595207214,0.5102949440479279,0.5651413798332214,0.5837458372116089,0.17211861908435822,0.5429237484931946,0.4570762515068054,0.6407613754272461,0.6915057897567749,0.4958857595920563,0.5429237484931946,0.4570762515068054,0.5429237484931946,0.4570762515068054,0.42973938160609065,0.5702606183939094,0.9171395301818848,0.4084137549620369,0.5915862450379631,0.11753626733159517,0.4862974669193109,0.513702533080689,0.16740376482001074,0.11858781640369542,0.11858781640369542,0.07746848464012146,0.016348283737897873,0.8814121835963046,0.11858781640369542,0.1254490166902542,0.02087947353720665,203707
acdc_b1_mit-b1_guard_gt_risk_s137_j13387384,2026-07-10 23:13:34,acdc,val,all,student_skd,/scratch/gautschi/manors/hf_cache/hub/models--nvidia--mit-b1/snapshots/13ddceec4e8bdf401e7cd7acf5aebc526222518c,runs/mit-b1_skd_j9200315/student_skd.ckpt,skd,GOPR0402_frame_000186_rgb_anon,/home/manors/Guardrail-Distillation/data/acdc/rgb_anon/rain/val/GOPR0402/GOPR0402_frame_000186_rgb_anon.png,rain,0.35564006649857,0.6443599335014301,0.5203604102134705,0.8821778893470764,0.1474972516298294,0.30648073554039,0.30702412128448486,0.7424906492233276,0.7516915798187256,-3.6319777965545654,3.4890151023864746,0.018684353679418564,0.143907830119133,250584,3.8287434726953506,13.390820473432541,11.93244446767494,0.32822819541601905,0.6717718045839809,78943,0.878980496152495,0.12101950384750504,2934,0.3115600049495697,0.0030369884334504604,12.123518448788673,0.6031462550163269,0.3968537449836731,0.6942793130874634,0.7134031653404236,1.691799521446228,0.844460666179657,0.15553933382034302,0.9846341013908386,0.9911825656890869,0.68692946434021,0.844460666179657,0.15553933382034302,0.844460666179657,0.15553933382034302,0.4917248727156205,0.5082751272843795,0.8966972827911377,0.4031485344663793,0.5968514655336207,0.07492033905036022,0.9301914573281329,0.06980854267186709,0.05121096117563795,0.13608480621705055,0.13608480621705055,0.41655492782592773,0.0402180477976799,0.8639151937829495,0.13608480621705055,0.4714786112308502,0.23809979856014252,158889
acdc_b1_mit-b1_guard_gt_risk_s137_j13387384,2026-07-10 23:13:34,acdc,val,all,student_skd,/scratch/gautschi/manors/hf_cache/hub/models--nvidia--mit-b1/snapshots/13ddceec4e8bdf401e7cd7acf5aebc526222518c,runs/mit-b1_skd_j9200315/student_skd.ckpt,skd,GOPR0402_frame_000194_rgb_anon,/home/manors/Guardrail-Distillation/data/acdc/rgb_anon/rain/val/GOPR0402/GOPR0402_frame_000194_rgb_anon.png,rain,0.36418715957508174,0.6358128404249183,0.8510761260986328,0.9197127223014832,0.15247635543346405,0.21505358815193176,0.3635845482349396,0.8298962116241455,0.5274533033370972,-5.074668884277344,4.972120761871338,0.03338167071342468,0.12047163397073746,236537,3.8287434726953506,13.390820473432541,11.93244446767494,0.21886773143987692,0.7811322685601231,68389,0.3116807478509606,0.6883192521490393,2538,0.21778731048107147,0.001987009309232235,12.123518448788673,0.5121016502380371,0.4878983497619629,0.6222010850906372,0.6595625281333923,0.3061704635620117,0.5759502053260803,0.4240497946739197,0.70802903175354,0.8239612579345703,0.5371137857437134,0.5759502053260803,0.4240497946739197,0.5759502053260803,0.4240497946739197,0.4380817217945335,0.5619182782054666,0.8545132279396057,0.3304709234887261,0.6695290765112739,0.11160319204884916,0.29500818330605566,0.7049918166939444,0.0,0.07389456221945168,0.07389456221945168,0.0421963594853878,0.0387592650949955,0.9261054377805483,0.07389456221945168,0.14885620772838593,0.004024740308523178,184103
acdc_b1_mit-b1_guard_gt_risk_s137_j13387384,2026-07-10 23:13:34,acdc,val,all,student_skd,/scratch/gautschi/manors/hf_cache/hub/models--nvidia--mit-b1/snapshots/13ddceec4e8bdf401e7cd7acf5aebc526222518c,runs/mit-b1_skd_j9200315/student_skd.ckpt,skd,GOPR0402_frame_000214_rgb_anon,/home/manors/Guardrail-Distillation/data/acdc/rgb_anon/rain/val/GOPR0402/GOPR0402_frame_000214_rgb_anon.png,rain,0.45426442787679283,0.5457355721232071,0.9263910055160522,0.9583714008331299,0.105633944272995,0.11170780658721924,0.23950950801372528,0.89653480052948,0.3327127695083618,-5.6062798500061035,5.555394172668457,0.008617390878498554,0.05127093568444252,256110,3.8287434726953506,13.390820473432541,11.93244446767494,0.30871401047437547,0.6912859895256245,82576,0.4895550203005261,0.5104449796994739,42601,0.11343944072723389,0.0012338390806689858,12.123518448788673,0.5295114517211914,0.4704885482788086,0.6200191974639893,0.6875025629997253,0.1319725215435028,0.5329453349113464,0.46705466508865356,0.6112357378005981,0.6465001106262207,0.5155277848243713,0.5329453349113464,0.46705466508865356,0.5329453349113464,0.46705466508865356,0.4060325928678203,0.5939674071321797,0.9459645748138428,0.2775694566380844,0.7224305433619156,0.0,0.32963355720513726,0.6703664427948628,0.0,0.0,0.0,0.03097887523472309,0.011405255645513535,1.0,0.0,0.050517354160547256,0.006157510448247194,224123
acdc_b1_mit-b1_guard_gt_risk_s137_j13387384,2026-07-10 23:13:34,acdc,val,all,student_skd,/scratch/gautschi/manors/hf_cache/hub/models--nvidia--mit-b1/snapshots/13ddceec4e8bdf401e7cd7acf5aebc526222518c,runs/mit-b1_skd_j9200315/student_skd.ckpt,skd,GOPR0402_frame_000234_rgb_anon,/home/manors/Guardrail-Distillation/data/acdc/rgb_anon/rain/val/GOPR0402/GOPR0402_frame_000234_rgb_anon.png,rain,0.4284605737998584,0.5715394262001416,0.898130476474762,0.9466977715492249,0.12009336799383163,0.13974516093730927,0.27615833282470703,0.8812105059623718,0.36756786704063416,-5.355841636657715,5.290364742279053,0.010164265520870686,0.07564765959978104,260127,3.8287434726953506,13.390820473432541,11.93244446767494,0.35529559512635345,0.6447044048736466,85583,0.22647613912105688,0.7735238608789431,25988,0.14217574894428253,0.0016339820576831698,12.123518448788673,0.5328652858734131,0.4671347141265869,0.6777041554450989,0.7128859758377075,0.15405085682868958,0.5384367108345032,0.4615632891654968,0.6378687620162964,0.6867119669914246,0.5273029804229736,0.5384367108345032,0.4615632891654968,0.5384367108345032,0.4615632891654968,0.5383707134339122,0.4616292865660878,0.9313257932662964,0.48395265926857584,0.5160473407314241,0.12865706414222244,0.18949859545157194,0.810501404548428,0.0,0.10991013963405383,0.10991013963405383,0.0593133307993412,0.02611801028251648,0.8900898603659462,0.10991013963405383,0.08873357623815536,0.009022515267133713,218050
acdc_b1_mit-b1_guard_gt_risk_s137_j13387384,2026-07-10 23:13:35,acdc,val,all,student_skd,/scratch/gautschi/manors/hf_cache/hub/models--nvidia--mit-b1/snapshots/13ddceec4e8bdf401e7cd7acf5aebc526222518c,runs/mit-b1_skd_j9200315/student_skd.ckpt,skd,GOPR0402_frame_000254_rgb_anon,/home/manors/Guardrail-Distillation/data/acdc/rgb_anon/rain/val/GOPR0402/GOPR0402_frame_000254_rgb_anon.png,rain,0.42336156215004,0.57663843784996,0.9043791890144348,0.9403983950614929,0.13103699684143066,0.16043740510940552,0.30936896800994873,0.8652327656745911,0.4264642298221588,-5.180759429931641,5.105757713317871,0.020315825939178467,0.08214465528726578,246212,3.696974483318627,13.351265050005168,11.943067016545683,0.3601162140659462,0.6398837859340538,81727,0.9912980630239954,0.008701936976004632,34590,0.16280263662338257,0.0014695751015096903,12.008047488052398,0.5166868567466736,0.4833131432533264,0.6079103946685791,0.6299352645874023,0.18775667250156403,0.546801745891571,0.45319825410842896,0.6542177796363831,0.6969431042671204,0.5222916007041931,0.546801745891571,0.45319825410842896,0.546801745891571,0.45319825410842896,0.4838336730376318,0.5161663269623682,0.8669926524162292,0.39708163388973844,0.6029183661102615,0.03696541982379231,0.986267707429893,0.013732292570106996,0.0,0.06047211088759186,0.06047211088759186,0.0310017392039299,0.06838821619749069,0.9395278891124081,0.06047211088759186,0.13032671809196472,0.004475817549973726,204374
acdc_b1_mit-b1_guard_gt_risk_s137_j13387384,2026-07-10 23:13:35,acdc,val,all,student_skd,/scratch/gautschi/manors/hf_cache/hub/models--nvidia--mit-b1/snapshots/13ddceec4e8bdf401e7cd7acf5aebc526222518c,runs/mit-b1_skd_j9200315/student_skd.ckpt,skd,GOPR0402_frame_000294_rgb_anon,/home/manors/Guardrail-Distillation/data/acdc/rgb_anon/rain/val/GOPR0402/GOPR0402_frame_000294_rgb_anon.png,rain,0.35102319730098275,0.6489768026990173,0.8344502449035645,0.9398323893547058,0.13299725949764252,0.1653151512145996,0.3125629723072052,0.8559667468070984,0.47282499074935913,-5.231350421905518,5.155249118804932,0.024048006162047386,0.08370964229106903,249792,3.696974483318627,13.351265050005168,11.943067016545683,0.30034334070463836,0.6996566592953617,76577,0.5466840069451762,0.45331599305482384,10511,0.16826100647449493,0.0017096070805564523,12.008047488052398,0.5089187026023865,0.4910812973976135,0.6201469898223877,0.658125638961792,0.33490845561027527,0.5829532146453857,0.41704678535461426,0.7566912174224854,0.8452429175376892,0.5321575999259949,0.5829532146453857,0.41704678535461426,0.5829532146453857,0.41704678535461426,0.37220286719742707,0.6277971328025729,0.9027150273323059,0.32170546539399336,0.6782945346060066,0.021362124689355055,0.4858015119209149,0.5141984880790851,0.0,0.021179669896444375,0.021179669896444375,0.07848529517650604,0.010220502503216267,0.9788203301035556,0.021179669896444375,0.10811794549226761,0.04324797913432121,208613
acdc_b1_mit-b1_guard_gt_risk_s137_j13387384,2026-07-10 23:13:35,acdc,val,all,student_skd,/scratch/gautschi/manors/hf_cache/hub/models--nvidia--mit-b1/snapshots/13ddceec4e8bdf401e7cd7acf5aebc526222518c,runs/mit-b1_skd_j9200315/student_skd.ckpt,skd,GOPR0402_frame_000304_rgb_anon,/home/manors/Guardrail-Distillation/data/acdc/rgb_anon/rain/val/GOPR0402/GOPR0402_frame_000304_rgb_anon.png,rain,0.19672699446986153,0.8032730055301385,0.7259066700935364,0.8797279596328735,0.17655004560947418,0.3167865574359894,0.4139988422393799,0.7566652894020081,0.7459155917167664,-4.026435375213623,3.871364116668701,0.05063129588961601,0.18124935030937195,250754,3.696974483318627,13.351265050005168,11.943067016545683,0.11968119588683561,0.8803188041131644,77179,0.03715427918740312,0.9628457208125969,12527,0.32075753808021545,0.0032218892592936754,12.008047488052398,0.5407061576843262,0.45929384231567383,0.6249634027481079,0.6591081619262695,0.36856579780578613,0.5911123752593994,0.4088876247406006,0.7088590860366821,0.7634384036064148,0.5476813912391663,0.5911123752593994,0.4088876247406006,0.5911123752593994,0.4088876247406006,0.24480935508331386,0.7551906449166861,0.8089123368263245,0.15570449499160452,0.8442955050083955,0.03602329910476898,0.21155258219792772,0.7884474178020723,0.1743983030105246,0.04808236061345239,0.04808236061345239,0.12224730849266052,0.03924164921045303,0.9519176393865476,0.04808236061345239,0.2253722846508026,0.0286535806953907,166478
acdc_b1_mit-b1_guard_gt_risk_s137_j13387384,2026-07-10 23:13:35,acdc,val,all,student_skd,/scratch/gautschi/manors/hf_cache/hub/models--nvidia--mit-b1/snapshots/13ddceec4e8bdf401e7cd7acf5aebc526222518c,runs/mit-b1_skd_j9200315/student_skd.ckpt,skd,GOPR0402_frame_000315_rgb_anon,/home/manors/Guardrail-Distillation/data/acdc/rgb_anon/rain/val/GOPR0402/GOPR0402_frame_000315_rgb_anon.png,rain,0.35416093452005754,0.6458390654799424,0.8891971111297607,0.9240917563438416,0.14394709467887878,0.2127855271100998,0.3530424237251282,0.829971969127655,0.5291045904159546,-5.427515029907227,5.331639766693115,0.028564266860485077,0.09993115812540054,251293,3.696974483318627,13.351265050005168,11.943067016545683,0.3124264397759332,0.6875735602240668,78220,0.309106512195927,0.690893487804073,10099,0.21618878841400146,0.0019190447637811303,12.008047488052398,0.5239332914352417,0.4760667085647583,0.6296824812889099,0.6598855257034302,0.280863881111145,0.5697579979896545,0.43024200201034546,0.7056016325950623,0.787743330001831,0.5262079834938049,0.5697579979896545,0.43024200201034546,0.5697579979896545,0.43024200201034546,0.43940290498493745,0.5605970950150625,0.8678833246231079,0.35394893998160526,0.6460510600183947,0.04152250020567205,0.9096940291117932,0.0903059708882068,0.6005875169158662,0.08524197046487991,0.08524197046487991,0.03193085640668869,0.05324462056159973,0.9147580295351201,0.08524197046487991,0.12474681437015533,0.0016236028168350458,195768
acdc_b1_mit-b1_guard_gt_risk_s137_j13387384,2026-07-10 23:13:35,acdc,val,all,student_skd,/scratch/gautschi/manors/hf_cache/hub/models--nvidia--mit-b1/snapshots/13ddceec4e8bdf401e7cd7acf5aebc526222518c,runs/mit-b1_skd_j9200315/student_skd.ckpt,skd,GOPR0402_frame_000320_rgb_anon,/home/manors/Guardrail-Distillation/data/acdc/rgb_anon/rain/val/GOPR0402/GOPR0402_frame_000320_rgb_anon.png,rain,0.3316203376820858,0.6683796623179141,0.8569549322128296,0.9170169234275818,0.15477320551872253,0.22271624207496643,0.37500956654548645,0.828815758228302,0.5221903324127197,-5.0980048179626465,4.991250991821289,0.03587832674384117,0.11608604341745377,258429,3.6561417509801686,13.385750527959317,11.970589752309024,0.2800353379722782,0.7199646620277218,83940,0.30723571259676574,0.6927642874032343,3953,0.22566156089305878,0.0018779828678816557,12.010300008114427,0.5441814661026001,0.4558185338973999,0.6705403923988342,0.7057461142539978,0.25208568572998047,0.5626897811889648,0.43731021881103516,0.6943285465240479,0.7373150587081909,0.5424491167068481,0.5626897811889648,0.43731021881103516,0.5626897811889648,0.43731021881103516,0.4164322295258926,0.5835677704741074,0.8964280486106873,0.3696742647938517,0.6303257352061483,0.08963892682157348,0.2997456523724988,0.7002543476275012,0.0,0.08481189184380677,0.08481189184380677,0.07679478824138641,0.03732166439294815,0.9151881081561932,0.08481189184380677,0.13510480523109436,0.019873930141329765,198469
acdc_b1_mit-b1_guard_gt_risk_s137_j13387384,2026-07-10 23:13:35,acdc,val,all,student_skd,/scratch/gautschi/manors/hf_cache/hub/models--nvidia--mit-b1/snapshots/13ddceec4e8bdf401e7cd7acf5aebc526222518c,runs/mit-b1_skd_j9200315/student_skd.ckpt,skd,GOPR0402_frame_000331_rgb_anon,/home/manors/Guardrail-Distillation/data/acdc/rgb_anon/rain/val/GOPR0402/GOPR0402_frame_000331_rgb_anon.png,rain,0.26868527848143287,0.7313147215185671,0.8480082750320435,0.9101826548576355,0.16766023635864258,0.24624250829219818,0.4190904200077057,0.8256133198738098,0.530944287776947,-5.464919090270996,5.346776485443115,0.04907206445932388,0.1358802765607834,252119,3.6561417509801686,13.385750527959317,11.970589752309024,0.16136943030524462,0.8386305696947554,80540,0.1578096443132293,0.8421903556867707,7346,0.2491244524717331,0.0023997819516807795,12.010300008114427,0.5545684695243835,0.44543153047561646,0.6889086365699768,0.7087482810020447,0.306535542011261,0.5760393738746643,0.4239606261253357,0.760860800743103,0.8267663717269897,0.553508996963501,0.5760393738746643,0.4239606261253357,0.5760393738746643,0.4239606261253357,0.36416078515079414,0.6358392148492058,0.8847211003303528,0.29903007821923033,0.7009699217807697,0.1376606479139857,0.10141056281925113,0.8985894371807489,0.0,0.09547550666936133,0.09547550666936133,0.07817737013101578,0.04146454483270645,0.9045244933306387,0.09547550666936133,0.16657213866710663,0.012121260166168213,190561
acdc_b1_mit-b1_guard_gt_risk_s137_j13387384,2026-07-10 23:13:35,acdc,val,all,student_skd,/scratch/gautschi/manors/hf_cache/hub/models--nvidia--mit-b1/snapshots/13ddceec4e8bdf401e7cd7acf5aebc526222518c,runs/mit-b1_skd_j9200315/student_skd.ckpt,skd,GOPR0402_frame_000336_rgb_anon,/home/manors/Guardrail-Distillation/data/acdc/rgb_anon/rain/val/GOPR0402/GOPR0402_frame_000336_rgb_anon.png,rain,0.32348184489695636,0.6765181551030437,0.9122410416603088,0.9516485929489136,0.12212099134922028,0.13277117908000946,0.2977209985256195,0.8889235854148865,0.3618505299091339,-5.637252330780029,5.576139450073242,0.017890093848109245,0.0704151839017868,247120,3.6561417509801686,13.385750527959317,11.970589752309024,0.2182310681033409,0.7817689318966591,73475,0.1718385440970602,0.8281614559029398,4553,0.13463269174098969,0.001329256920143962,12.010300008114427,0.5517575740814209,0.4482424259185791,0.672258198261261,0.6868478655815125,0.15731282532215118,0.5392472743988037,0.4607527256011963,0.6269938349723816,0.7004259824752808,0.5341793894767761,0.5392472743988037,0.4607527256011963,0.5392472743988037,0.4607527256011963,0.428114392000408,0.571885607999592,0.9397134780883789,0.3066026699502758,0.6933973300497243,0.08837160184693482,0.5522731175409977,0.4477268824590023,0.3804345734439375,0.10463254710345171,0.10463254710345171,0.05424085631966591,0.02676837146282196,0.8953674528965483,0.10463254710345171,0.08803819864988327,0.00759145338088274,213245
acdc_b1_mit-b1_guard_gt_risk_s137_j13387384,2026-07-10 23:13:35,acdc,val,all,student_skd,/scratch/gautschi/manors/hf_cache/hub/models--nvidia--mit-b1/snapshots/13ddceec4e8bdf401e7cd7acf5aebc526222518c,runs/mit-b1_skd_j9200315/student_skd.ckpt,skd,GOPR0402_frame_000351_rgb_anon,/home/manors/Guardrail-Distillation/data/acdc/rgb_anon/rain/val/GOPR0402/GOPR0402_frame_000351_rgb_anon.png,rain,0.4282742161297955,0.5717257838702046,0.8529546856880188,0.9435849785804749,0.12570436298847198,0.15653853118419647,0.29828909039497375,0.8619878888130188,0.44842228293418884,-5.498502254486084,5.428155422210693,0.018279120326042175,0.07617286592721939,253568,3.6561417509801686,13.385750527959317,11.970589752309024,0.28460949177962513,0.7153905082203749,80534,0.0,1.0,44,0.15952852368354797,0.0019147931598126888,12.010300008114427,0.5471698045730591,0.4528301954269409,0.6738697290420532,0.7120662331581116,0.22528643906116486,0.5560846328735352,0.44391536712646484,0.6658870577812195,0.7287582755088806,0.5391368269920349,0.5560846328735352,0.44391536712646484,0.5560846328735352,0.44391536712646484,0.498907143357529,0.501092856642471,0.9173831343650818,0.35456562862533336,0.6454343713746666,0.06995613684570823,0.0,1.0,0.0,0.07063292722773351,0.07063292722773351,0.08691554516553879,0.022487064823508263,0.9293670727722665,0.07063292722773351,0.12439661473035812,0.03952391445636749,212482
acdc_b1_mit-b1_guard_gt_risk_s137_j13387384,2026-07-10 23:13:35,acdc,val,all,student_skd,/scratch/gautschi/manors/hf_cache/hub/models--nvidia--mit-b1/snapshots/13ddceec4e8bdf401e7cd7acf5aebc526222518c,runs/mit-b1_skd_j9200315/student_skd.ckpt,skd,GOPR0402_frame_000365_rgb_anon,/home/manors/Guardrail-Distillation/data/acdc/rgb_anon/rain/val/GOPR0402/GOPR0402_frame_000365_rgb_anon.png,rain,0.4577706848000093,0.5422293151999906,0.9074457287788391,0.9433856010437012,0.12871332466602325,0.15262050926685333,0.3059806227684021,0.8763225078582764,0.3799217641353607,-6.1224541664123535,6.051197052001953,0.019258979707956314,0.07873058319091797,259048,3.7761504645459354,13.424693490378559,11.884603998623788,0.3565819592923574,0.6434180407076426,84847,0.4689891260571889,0.5310108739428111,5028,0.15501151978969574,0.0012900067958980799,12.042432732414454,0.5090984106063843,0.4909015893936157,0.6077549457550049,0.652119517326355,0.1859794706106186,0.5463613271713257,0.4536386728286743,0.6533734202384949,0.7146246433258057,0.5136736035346985,0.5463613271713257,0.4536386728286743,0.5463613271713257,0.4536386728286743,0.40064351203827153,0.5993564879617285,0.919123113155365,0.3322065376794213,0.6677934623205787,0.0,0.3092064793930695,0.6907935206069304,0.0,0.0,0.0,0.028689663857221603,0.01701229065656662,1.0,0.0,0.06435486674308777,0.0013395200949162245,216927
acdc_b1_mit-b1_guard_gt_risk_s137_j13387384,2026-07-10 23:13:35,acdc,val,all,student_skd,/scratch/gautschi/manors/hf_cache/hub/models--nvidia--mit-b1/snapshots/13ddceec4e8bdf401e7cd7acf5aebc526222518c,runs/mit-b1_skd_j9200315/student_skd.ckpt,skd,GOPR0402_frame_000369_rgb_anon,/home/manors/Guardrail-Distillation/data/acdc/rgb_anon/rain/val/GOPR0402/GOPR0402_frame_000369_rgb_anon.png,rain,0.3507771474450532,0.6492228525549468,0.9223435521125793,0.9636499881744385,0.10064812749624252,0.09680365771055222,0.23105040192604065,0.9138237833976746,0.2704160809516907,-6.566888332366943,6.522335529327393,0.007645003497600555,0.04686957225203514,256115,3.7761504645459354,13.424693490378559,11.884603998623788,0.30734846298299573,0.6926515370170043,81678,0.31901733600487847,0.6809826639951215,11479,0.09831562638282776,0.0008555036038160324,12.042432732414454,0.5088533759117126,0.49114662408828735,0.6104328036308289,0.6928805708885193,0.10880165547132492,0.527173638343811,0.47282636165618896,0.6014213562011719,0.6402008533477783,0.5063073039054871,0.527173638343811,0.47282636165618896,0.527173638343811,0.47282636165618896,0.3559860658890046,0.6440139341109954,0.9297152161598206,0.3191396561950306,0.6808603438049694,0.011791193212034923,0.23394475426978042,0.7660552457302195,0.0,0.005208918443951438,0.005208918443951438,0.019940262660384178,0.012568573467433453,0.9947910815560486,0.005208918443951438,0.03658512979745865,0.0028073329012840986,228459
acdc_b1_mit-b1_guard_gt_risk_s137_j13387384,2026-07-10 23:13:35,acdc,val,all,student_skd,/scratch/gautschi/manors/hf_cache/hub/models--nvidia--mit-b1/snapshots/13ddceec4e8bdf401e7cd7acf5aebc526222518c,runs/mit-b1_skd_j9200315/student_skd.ckpt,skd,GOPR0402_frame_000384_rgb_anon,/home/manors/Guardrail-Distillation/data/acdc/rgb_anon/rain/val/GOPR0402/GOPR0402_frame_000384_rgb_anon.png,rain,0.4098886452023987,0.5901113547976014,0.916884183883667,0.9463487267494202,0.11938653141260147,0.1458519846200943,0.27789604663848877,0.8710625171661377,0.4123755991458893,-5.564721584320068,5.498772621154785,0.012313591316342354,0.06960916519165039,258170,3.7761504645459354,13.424693490378559,11.884603998623788,0.3424684046674643,0.6575315953325357,84148,0.10486522024983563,0.8951347797501643,1153,0.14793400466442108,0.0012573421699926257,12.042432732414454,0.49989235401153564,0.5001076459884644,0.5736386775970459,0.5909301042556763,0.17324526607990265,0.5432032942771912,0.45679670572280884,0.6441584229469299,0.690313458442688,0.49983280897140503,0.5432032942771912,0.45679670572280884,0.5432032942771912,0.45679670572280884,0.5057224960428918,0.49427750395710823,0.9237091541290283,0.4565934974930041,0.5434065025069958,0.11412509282553984,0.2099009900990099,0.7900990099009901,0.10503576984917418,0.09583385084049312,0.09583385084049312,0.03354378789663315,0.026718826964497566,0.9041661491595069,0.09583385084049312,0.06911724805831909,0.004082581028342247,216994
acdc_b1_mit-b1_guard_gt_risk_s137_j13387384,2026-07-10 23:13:35,acdc,val,all,student_skd,/scratch/gautschi/manors/hf_cache/hub/models--nvidia--mit-b1/snapshots/13ddceec4e8bdf401e7cd7acf5aebc526222518c,runs/mit-b1_skd_j9200315/student_skd.ckpt,skd,GOPR0402_frame_000402_rgb_anon,/home/manors/Guardrail-Distillation/data/acdc/rgb_anon/rain/val/GOPR0402/GOPR0402_frame_000402_rgb_anon.png,rain,0.4573202769045712,0.5426797230954288,0.925807774066925,0.9584861397743225,0.11203689873218536,0.11168988794088364,0.2622739374637604,0.9029364585876465,0.3100043535232544,-6.31065034866333,6.258616924285889,0.013673984445631504,0.0573846660554409,251792,3.7761504645459354,13.424693490378559,11.884603998623788,0.4242123354520031,0.5757876645479969,78248,0.2804266440630077,0.7195733559369923,4893,0.11332166194915771,0.0010336582781746984,12.042432732414454,0.5073930621147156,0.4926069378852844,0.6193704009056091,0.690421462059021,0.11173746734857559,0.5279053449630737,0.47209465503692627,0.6074307560920715,0.6580412983894348,0.5109683871269226,0.5279053449630737,0.47209465503692627,0.5279053449630737,0.47209465503692627,0.5652259211562097,0.43477407884379027,0.9387509822845459,0.5317075585263185,0.46829244147368154,0.10749522307431536,0.4042311661506708,0.5957688338493292,0.12380452208766313,0.10790564425163851,0.10790564425163851,0.029039841145277023,0.01609661802649498,0.8920943557483615,0.10790564425163851,0.05829811841249466,0.0064100525341928005,221969
acdc_b1_mit-b1_guard_gt_risk_s137_j13387384,2026-07-10 23:13:35,acdc,val,all,student_skd,/scratch/gautschi/manors/hf_cache/hub/models--nvidia--mit-b1/snapshots/13ddceec4e8bdf401e7cd7acf5aebc526222518c,runs/mit-b1_skd_j9200315/student_skd.ckpt,skd,GOPR0402_frame_000408_rgb_anon,/home/manors/Guardrail-Distillation/data/acdc/rgb_anon/rain/val/GOPR0402/GOPR0402_frame_000408_rgb_anon.png,rain,0.4351916787260989,0.5648083212739011,0.9066503047943115,0.9369292259216309,0.13775283098220825,0.18256229162216187,0.35148581862449646,0.8545758128166199,0.47928693890571594,-5.542794704437256,5.46235466003418,0.02740468457341194,0.08709636330604553,250906,3.79680551122874,13.314314768649638,11.853368545416743,0.2906619069055112,0.7093380930944888,79670,0.5066726353405566,0.4933273646594434,5711,0.18579421937465668,0.0022376952692866325,12.071013043168932,0.5081412196159363,0.4918587803840637,0.6089085936546326,0.654269278049469,0.2142259031534195,0.5533525943756104,0.44664740562438965,0.673367977142334,0.7269314527511597,0.5148051381111145,0.5533525943756104,0.44664740562438965,0.5533525943756104,0.44664740562438965,0.41834302137046103,0.5816569786295389,0.9201692938804626,0.2861702298238188,0.7138297701761812,0.0,0.2988554046564744,0.7011445953435256,0.0,0.0,0.0,0.03351454436779022,0.019995536655187607,1.0,0.0,0.07338206470012665,0.0033080116845667362,205063
acdc_b1_mit-b1_guard_gt_risk_s137_j13387384,2026-07-10 23:13:35,acdc,val,all,student_skd,/scratch/gautschi/manors/hf_cache/hub/models--nvidia--mit-b1/snapshots/13ddceec4e8bdf401e7cd7acf5aebc526222518c,runs/mit-b1_skd_j9200315/student_skd.ckpt,skd,GOPR0402_frame_000424_rgb_anon,/home/manors/Guardrail-Distillation/data/acdc/rgb_anon/rain/val/GOPR0402/GOPR0402_frame_000424_rgb_anon.png,rain,0.2567971529164035,0.7432028470835965,0.7857759594917297,0.9348897337913513,0.1345447152853012,0.17940565943717957,0.3273454010486603,0.8553236126899719,0.45819610357284546,-5.670310974121094,5.588768005371094,0.020353004336357117,0.0897977277636528,256031,3.79680551122874,13.314314768649638,11.853368545416743,0.20951137825756025,0.7904886217424397,83010,0.11918604651162791,0.8808139534883721,344,0.18194210529327393,0.0018230541609227657,12.071013043168932,0.505896806716919,0.49410319328308105,0.5873880982398987,0.610837459564209,0.23015210032463074,0.5572853684425354,0.4427146315574646,0.6842660903930664,0.7426736354827881,0.5071507096290588,0.5572853684425354,0.4427146315574646,0.5572853684425354,0.4427146315574646,0.41383141457423106,0.586168585425769,0.8314735889434814,0.35361682657737975,0.6463831734226202,0.14410544831981953,0.9418604651162791,0.05813953488372092,0.8226744186046512,0.15703426165782752,0.15703426165782752,0.0636133924126625,0.017915800213813782,0.8429657383421725,0.15703426165782752,0.09796860814094543,0.02340732328593731,207719
acdc_b1_mit-b1_guard_gt_risk_s137_j13387384,2026-07-10 23:13:35,acdc,val,all,student_skd,/scratch/gautschi/manors/hf_cache/hub/models--nvidia--mit-b1/snapshots/13ddceec4e8bdf401e7cd7acf5aebc526222518c,runs/mit-b1_skd_j9200315/student_skd.ckpt,skd,GOPR0402_frame_000429_rgb_anon,/home/manors/Guardrail-Distillation/data/acdc/rgb_anon/rain/val/GOPR0402/GOPR0402_frame_000429_rgb_anon.png,rain,0.4765589233609669,0.5234410766390332,0.8740138411521912,0.9182417392730713,0.16796670854091644,0.2190452665090561,0.400402307510376,0.8326994776725769,0.5187765955924988,-5.280624866485596,5.170283794403076,0.058338463306427,0.11942692846059799,254909,3.79680551122874,13.314314768649638,11.853368545416743,0.3501909466304716,0.6498090533695284,81020,0.3050406504065041,0.6949593495934959,1063,0.22153913974761963,0.0017343764193356037,12.071013043168932,0.5218661427497864,0.4781338572502136,0.6160377264022827,0.641350269317627,0.2505294978618622,0.562306821346283,0.43769317865371704,0.6761561036109924,0.7578297257423401,0.521628201007843,0.562306821346283,0.43769317865371704,0.562306821346283,0.43769317865371704,0.4598622817818437,0.5401377182181564,0.8676115870475769,0.34383131557831703,0.656168684421683,0.0,0.48167791706846674,0.5183220829315333,0.17663726666196267,0.0,0.0,0.019077396020293236,0.02547967992722988,1.0,0.0,0.09057742357254028,0.0016358778811991215,204118
acdc_b1_mit-b1_guard_gt_risk_s137_j13387384,2026-07-10 23:13:35,acdc,val,all,student_skd,/scratch/gautschi/manors/hf_cache/hub/models--nvidia--mit-b1/snapshots/13ddceec4e8bdf401e7cd7acf5aebc526222518c,runs/mit-b1_skd_j9200315/student_skd.ckpt,skd,GOPR0402_frame_000435_rgb_anon,/home/manors/Guardrail-Distillation/data/acdc/rgb_anon/rain/val/GOPR0402/GOPR0402_frame_000435_rgb_anon.png,rain,0.422275191251276,0.577724808748724,0.8566339015960693,0.9225730895996094,0.15265454351902008,0.20904095470905304,0.3656536340713501,0.8393968939781189,0.4909493625164032,-5.428472518920898,5.328667640686035,0.03598587214946747,0.1129869818687439,256295,3.79680551122874,13.314314768649638,11.853368545416743,0.39234641848360374,0.6076535815163963,82346,0.20082449941107186,0.7991755005889282,1807,0.21257810294628143,0.0024443669244647026,12.071013043168932,0.5036023855209351,0.49639761447906494,0.5924468040466309,0.6143323183059692,0.220387265086174,0.5548748970031738,0.44512510299682617,0.6721630692481995,0.7273160815238953,0.5079662799835205,0.5548748970031738,0.44512510299682617,0.5548748970031738,0.44512510299682617,0.6358671968199328,0.36413280318006724,0.9474667310714722,0.5433222185025823,0.45667778149741767,0.1509758000189786,0.9403594512248816,0.059640548775118374,0.7395349518138098,0.21359200556865676,0.21359200556865676,0.1041417047381401,0.013308881781995296,0.7864079944313432,0.21359200556865676,0.13495385646820068,0.0250999815762043,202238
acdc_b1_mit-b1_guard_gt_risk_s137_j13387384,2026-07-10 23:13:35,acdc,val,all,student_skd,/scratch/gautschi/manors/hf_cache/hub/models--nvidia--mit-b1/snapshots/13ddceec4e8bdf401e7cd7acf5aebc526222518c,runs/mit-b1_skd_j9200315/student_skd.ckpt,skd,GOPR0402_frame_000441_rgb_anon,/home/manors/Guardrail-Distillation/data/acdc/rgb_anon/rain/val/GOPR0402/GOPR0402_frame_000441_rgb_anon.png,rain,0.3877420504062946,0.6122579495937054,0.856743335723877,0.9109613299369812,0.16482137143611908,0.23863433301448822,0.3973952829837799,0.8178339004516602,0.5630954504013062,-5.1742939949035645,5.057793140411377,0.04539814963936806,0.1336381882429123,253887,3.6766044795513153,13.365225517190993,11.935364280361682,0.315168601257597,0.6848313987424031,81762,0.1342042755344418,0.8657957244655582,1263,0.24207253754138947,0.0022501421626657248,12.01765751466155,0.5192350745201111,0.4807649254798889,0.6109193563461304,0.6372489929199219,0.2345888614654541,0.5583797097206116,0.4416202902793884,0.6795431971549988,0.7436546087265015,0.5197546482086182,0.5583797097206116,0.4416202902793884,0.5583797097206116,0.4416202902793884,0.4167107647177914,0.5832892352822086,0.8463450074195862,0.2995277486851144,0.7004722513148856,0.0,0.0166270783847981,0.9833729216152018,0.0,0.028968714311496835,0.028968714311496835,0.05298026278614998,0.06337858736515045,0.9710312856885032,0.028968714311496835,0.15977974236011505,0.005569406785070896,194428
acdc_b1_mit-b1_guard_gt_risk_s137_j13387384,2026-07-10 23:13:35,acdc,val,all,student_skd,/scratch/gautschi/manors/hf_cache/hub/models--nvidia--mit-b1/snapshots/13ddceec4e8bdf401e7cd7acf5aebc526222518c,runs/mit-b1_skd_j9200315/student_skd.ckpt,skd,GOPR0402_frame_000457_rgb_anon,/home/manors/Guardrail-Distillation/data/acdc/rgb_anon/rain/val/GOPR0402/GOPR0402_frame_000457_rgb_anon.png,rain,0.5414201267724391,0.4585798732275609,0.8656089305877686,0.939844012260437,0.12247674912214279,0.16602514684200287,0.28137630224227905,0.8506998419761658,0.47598856687545776,-5.332943916320801,5.259509086608887,0.014250656589865685,0.07374617457389832,257532,3.6766044795513153,13.365225517190993,11.935364280361682,0.37821258400321595,0.621787415996784,83650,0.48547948591201184,0.5145205140879882,8100,0.16889183223247528,0.0015284051187336445,12.01765751466155,0.5300047993659973,0.4699952006340027,0.619623064994812,0.65566486120224,0.22205562889575958,0.5552868843078613,0.44471311569213867,0.6635711193084717,0.7070462107658386,0.5257368087768555,0.5552868843078613,0.44471311569213867,0.5552868843078613,0.44471311569213867,0.6829467842521364,0.3170532157478636,0.9313910603523254,0.4983614998926971,0.5016385001073029,0.12014891588948107,0.5203695764713495,0.4796304235286505,0.03489009055933767,0.14152665747969728,0.14152665747969728,0.08205970376729965,0.01627758890390396,0.8584733425203027,0.14152665747969728,0.10637512803077698,0.030539894476532936,210542
acdc_b1_mit-b1_guard_gt_risk_s137_j13387384,2026-07-10 23:13:35,acdc,val,all,student_skd,/scratch/gautschi/manors/hf_cache/hub/models--nvidia--mit-b1/snapshots/13ddceec4e8bdf401e7cd7acf5aebc526222518c,runs/mit-b1_skd_j9200315/student_skd.ckpt,skd,GOPR0402_frame_000741_rgb_anon,/home/manors/Guardrail-Distillation/data/acdc/rgb_anon/rain/val/GOPR0402/GOPR0402_frame_000741_rgb_anon.png,rain,0.2666031460671056,0.7333968539328943,0.8270249366760254,0.9421716928482056,0.13798761367797852,0.15995648503303528,0.34652435779571533,0.8758831024169922,0.39892637729644775,-6.003220081329346,5.928166389465332,0.029721226543188095,0.08579908311367035,257089,3.6766044795513153,13.365225517190993,11.935364280361682,0.19148917154946132,0.8085108284505387,83095,0.19152339694246537,0.8084766030575347,1731,0.16233861446380615,0.001524337101727724,12.01765751466155,0.49530360102653503,0.504696398973465,0.5801233649253845,0.6148513555526733,0.22279557585716248,0.5554696321487427,0.4445303678512573,0.6919546723365784,0.7756409645080566,0.5047736167907715,0.5554696321487427,0.4445303678512573,0.5554696321487427,0.4445303678512573,0.2983990545354152,0.7016009454645848,0.865217924118042,0.2216516068415907,0.7783483931584093,0.030162435292129364,0.20888903559080071,0.7911109644091993,0.017365638648335402,0.031795908468309486,0.031795908468309486,0.05431971326470375,0.016126710921525955,0.9682040915316905,0.031795908468309486,0.07793799042701721,0.011400721967220306,216750
acdc_b1_mit-b1_guard_gt_risk_s137_j13387384,2026-07-10 23:13:35,acdc,val,all,student_skd,/scratch/gautschi/manors/hf_cache/hub/models--nvidia--mit-b1/snapshots/13ddceec4e8bdf401e7cd7acf5aebc526222518c,runs/mit-b1_skd_j9200315/student_skd.ckpt,skd,GOPR0402_frame_000748_rgb_anon,/home/manors/Guardrail-Distillation/data/acdc/rgb_anon/rain/val/GOPR0402/GOPR0402_frame_000748_rgb_anon.png,rain,0.24456354653119244,0.7554364534688076,0.8747929930686951,0.9354387521743774,0.1430964171886444,0.16984358429908752,0.340776652097702,0.866005003452301,0.42154204845428467,-5.8291015625,5.745771408081055,0.025855829939246178,0.09998486936092377,244587,3.6766044795513153,13.365225517190993,11.935364280361682,0.1949832070948524,0.8050167929051476,72107,0.05395204005416043,0.9460479599458396,4698,0.17189538478851318,0.001654247404076159,12.01765751466155,0.5006915926933289,0.49930840730667114,0.6029046177864075,0.6246155500411987,0.18371491134166718,0.545799970626831,0.45420002937316895,0.6683589816093445,0.7345287203788757,0.5073787569999695,0.545799970626831,0.45420002937316895,0.545799970626831,0.45420002937316895,0.29164012150577184,0.7083598784942282,0.8744782209396362,0.22771196965092194,0.772288030349078,0.0327287625560696,0.2473612335563277,0.7526387664436723,0.19340919350216723,0.0470765749745794,0.0470765749745794,0.022544125095009804,0.022858941927552223,0.9529234250254206,0.0470765749745794,0.06581298261880875,0.001909341081045568,201600
acdc_b1_mit-b1_guard_gt_risk_s137_j13387384,2026-07-10 23:13:36,acdc,val,all,student_skd,/scratch/gautschi/manors/hf_cache/hub/models--nvidia--mit-b1/snapshots/13ddceec4e8bdf401e7cd7acf5aebc526222518c,runs/mit-b1_skd_j9200315/student_skd.ckpt,skd,GOPR0402_frame_000755_rgb_anon,/home/manors/Guardrail-Distillation/data/acdc/rgb_anon/rain/val/GOPR0402/GOPR0402_frame_000755_rgb_anon.png,rain,0.3632547593245191,0.6367452406754809,0.9101401567459106,0.9615153670310974,0.10365787893533707,0.1162264421582222,0.26633957028388977,0.8921619653701782,0.38086748123168945,-5.381076812744141,5.3337907791137695,0.010755904950201511,0.048068564385175705,250746,3.6539415013976395,13.403438206296414,11.97650225367397,0.307318474753463,0.692681525246537,79523,0.21371101526211014,0.7862889847378899,30354,0.11922775208950043,0.0016776418779045343,12.029202771373093,0.5528631806373596,0.4471368193626404,0.653713583946228,0.6748195886611938,0.10093095153570175,0.5252113342285156,0.4747886657714844,0.5909668803215027,0.6367170214653015,0.5274765491485596,0.5252113342285156,0.4747886657714844,0.5252113342285156,0.4747886657714844,0.3107647973362139,0.689235202663786,0.9129797220230103,0.2913470849181474,0.7086529150818526,0.0,0.1912633605523468,0.8087366394476532,0.0,0.0,0.0,0.021463952958583832,0.018624424934387207,1.0,0.0,0.04852719604969025,0.0018345258431509137,221723
acdc_b1_mit-b1_guard_gt_risk_s137_j13387384,2026-07-10 23:13:36,acdc,val,all,student_skd,/scratch/gautschi/manors/hf_cache/hub/models--nvidia--mit-b1/snapshots/13ddceec4e8bdf401e7cd7acf5aebc526222518c,runs/mit-b1_skd_j9200315/student_skd.ckpt,skd,GOPR0402_frame_000761_rgb_anon,/home/manors/Guardrail-Distillation/data/acdc/rgb_anon/rain/val/GOPR0402/GOPR0402_frame_000761_rgb_anon.png,rain,0.34508283517709615,0.6549171648229039,0.9220467209815979,0.9657573699951172,0.10425517708063126,0.09106338769197464,0.24239535629749298,0.9194867610931396,0.2643856406211853,-5.72382926940918,5.680640697479248,0.013230079784989357,0.04694928973913193,251548,3.6539415013976395,13.403438206296414,11.97650225367397,0.2797744906231494,0.7202255093768506,83103,0.24919302775984506,0.7508069722401549,9341,0.09261785447597504,0.0011093938956037164,12.029202771373093,0.483768492937088,0.516231507062912,0.5603548288345337,0.5860341191291809,0.08581798523664474,0.5214413404464722,0.47855865955352783,0.5840665102005005,0.6325350999832153,0.4890494644641876,0.5214413404464722,0.47855865955352783,0.5214413404464722,0.47855865955352783,0.31641294444281653,0.6835870555571835,0.9156105518341064,0.2680107141081719,0.7319892858918281,0.0,0.24706547490846437,0.7529345250915356,0.0,0.0,0.0,0.014359088614583015,0.02079523727297783,1.0,0.0,0.06439328193664551,0.0018525292398408055,227181
acdc_b1_mit-b1_guard_gt_risk_s137_j13387384,2026-07-10 23:13:36,acdc,val,all,student_skd,/scratch/gautschi/manors/hf_cache/hub/models--nvidia--mit-b1/snapshots/13ddceec4e8bdf401e7cd7acf5aebc526222518c,runs/mit-b1_skd_j9200315/student_skd.ckpt,skd,GOPR0571_frame_000232_rgb_anon,/home/manors/Guardrail-Distillation/data/acdc/rgb_anon/rain/val/GOPR0571/GOPR0571_frame_000232_rgb_anon.png,rain,0.4549486429298092,0.5450513570701908,0.9030135869979858,0.9378871321678162,0.1305258572101593,0.16423097252845764,0.3016936779022217,0.8608826398849487,0.4294303059577942,-5.040381908416748,4.9628376960754395,0.01696074940264225,0.08312270790338516,252819,3.6539415013976395,13.403438206296414,11.97650225367397,0.3313728090567681,0.668627190943232,81663,0.6153163734231997,0.38468362657680033,24508,0.16708868741989136,0.0020267274230718613,12.029202771373093,0.5146641135215759,0.4853358864784241,0.6104817986488342,0.6335822939872742,0.1697801798582077,0.5423433780670166,0.4576566219329834,0.6257367134094238,0.6689596176147461,0.509105384349823,0.5423433780670166,0.4576566219329834,0.5423433780670166,0.4576566219329834,0.6492658609455282,0.3507341390544718,0.9375046491622925,0.5125392377103493,0.48746076228965074,0.18116642865358124,0.7673784588872039,0.2326215411127961,0.15206208546400424,0.194317218015719,0.194317218015719,0.05793077126145363,0.023439694195985794,0.805682781984281,0.194317218015719,0.09068542718887329,0.009168614633381367,206529
acdc_b1_mit-b1_guard_gt_risk_s137_j13387384,2026-07-10 23:13:36,acdc,val,all,student_skd,/scratch/gautschi/manors/hf_cache/hub/models--nvidia--mit-b1/snapshots/13ddceec4e8bdf401e7cd7acf5aebc526222518c,runs/mit-b1_skd_j9200315/student_skd.ckpt,skd,GOPR0571_frame_000275_rgb_anon,/home/manors/Guardrail-Distillation/data/acdc/rgb_anon/rain/val/GOPR0571/GOPR0571_frame_000275_rgb_anon.png,rain,0.4762661222334536,0.5237338777665463,0.8682070970535278,0.9308527112007141,0.14014838635921478,0.17898283898830414,0.3238483965396881,0.8578633069992065,0.42612317204475403,-5.174349784851074,5.087140083312988,0.023898374289274216,0.09753576666116714,248678,3.6539415013976395,13.403438206296414,11.97650225367397,0.31484891035360657,0.6851510896463935,79158,0.34870953676027405,0.651290463239726,17265,0.18117457628250122,0.0019242753041908145,12.029202771373093,0.5273160338401794,0.47268396615982056,0.6246373057365417,0.6468021869659424,0.18571892380714417,0.5462967157363892,0.45370328426361084,0.636057436466217,0.6825932860374451,0.5164650678634644,0.5462967157363892,0.45370328426361084,0.5462967157363892,0.45370328426361084,0.526031667727609,0.473968332272391,0.9101850390434265,0.4069626686858615,0.5930373313141385,0.09211375833225499,0.4555080464476191,0.5444919535523809,0.10679850968734506,0.04976554549415535,0.04976554549415535,0.0640145093202591,0.02203652821481228,0.9502344545058447,0.04976554549415535,0.09960269927978516,0.017174819484353065,198699
acdc_b1_mit-b1_guard_gt_risk_s137_j13387384,2026-07-10 23:13:36,acdc,val,all,student_skd,/scratch/gautschi/manors/hf_cache/hub/models--nvidia--mit-b1/snapshots/13ddceec4e8bdf401e7cd7acf5aebc526222518c,runs/mit-b1_skd_j9200315/student_skd.ckpt,skd,GOPR0572_frame_000736_rgb_anon,/home/manors/Guardrail-Distillation/data/acdc/rgb_anon/rain/val/GOPR0572/GOPR0572_frame_000736_rgb_anon.png,rain,0.35225565069680786,0.6477443493031921,0.8888323307037354,0.9365063309669495,0.1383000761270523,0.17585453391075134,0.33997586369514465,0.8562407493591309,0.4703691303730011,-5.388329982757568,5.307138919830322,0.026165084913372993,0.0867362916469574,243416,3.6557517014443874,13.374827743973583,11.920056771486998,0.2705288225349999,0.7294711774650001,77730,0.002336448598130841,0.9976635514018691,1712,0.17926481366157532,0.0023933264892548323,12.01055001001805,0.5131574869155884,0.4868425130844116,0.5996391773223877,0.6234488487243652,0.21184825897216797,0.5527648329734802,0.4472351670265198,0.6638802886009216,0.7333664298057556,0.507861316204071,0.5527648329734802,0.4472351670265198,0.5527648329734802,0.4472351670265198,0.4821328705910199,0.51786712940898,0.9083914160728455,0.3825159644358877,0.6174840355641122,0.11198714190088788,0.5630841121495327,0.4369158878504673,0.5607476635514018,0.12987721989421208,0.12987721989421208,0.04206790030002594,0.022508792579174042,0.8701227801057879,0.12987721989421208,0.07312173396348953,0.006421106401830912,199348
acdc_b1_mit-b1_guard_gt_risk_s137_j13387384,2026-07-10 23:13:36,acdc,val,all,student_skd,/scratch/gautschi/manors/hf_cache/hub/models--nvidia--mit-b1/snapshots/13ddceec4e8bdf401e7cd7acf5aebc526222518c,runs/mit-b1_skd_j9200315/student_skd.ckpt,skd,GOPR0572_frame_000740_rgb_anon,/home/manors/Guardrail-Distillation/data/acdc/rgb_anon/rain/val/GOPR0572/GOPR0572_frame_000740_rgb_anon.png,rain,0.3042411035157123,0.6957588964842877,0.8675398230552673,0.9418330788612366,0.13100329041481018,0.16140523552894592,0.3195796608924866,0.861167311668396,0.4604686498641968,-5.407266616821289,5.333594799041748,0.021803194656968117,0.07934293150901794,235837,3.6557517014443874,13.374827743973583,11.920056771486998,0.19882033117279532,0.8011796688272047,69425,0.4506985466593294,0.5493014533406706,3301,0.16463936865329742,0.002564098220318556,12.01055001001805,0.5358736515045166,0.4641263484954834,0.6335081458091736,0.6777744889259338,0.24715520441532135,0.5614761710166931,0.4385238289833069,0.6916059851646423,0.766680121421814,0.5288556218147278,0.5614761710166931,0.4385238289833069,0.5614761710166931,0.4385238289833069,0.40111302853454883,0.5988869714654512,0.9042092561721802,0.26216703069864167,0.7378329693013583,0.06334669952584637,0.278466084009461,0.721533915990539,0.0,0.09687192501883646,0.09687192501883646,0.049220435321331024,0.012551041319966316,0.9031280749811635,0.09687192501883646,0.08598311245441437,0.005321471951901913,196964
acdc_b1_mit-b1_guard_gt_risk_s137_j13387384,2026-07-10 23:13:36,acdc,val,all,student_skd,/scratch/gautschi/manors/hf_cache/hub/models--nvidia--mit-b1/snapshots/13ddceec4e8bdf401e7cd7acf5aebc526222518c,runs/mit-b1_skd_j9200315/student_skd.ckpt,skd,GOPR0572_frame_000748_rgb_anon,/home/manors/Guardrail-Distillation/data/acdc/rgb_anon/rain/val/GOPR0572/GOPR0572_frame_000748_rgb_anon.png,rain,0.44507179621587206,0.5549282037841279,0.862618088722229,0.9493247866630554,0.12594398856163025,0.13590353727340698,0.30313020944595337,0.8865062594413757,0.3678654730319977,-5.867773532867432,5.803243160247803,0.018682563677430153,0.07379735261201859,244399,3.6557517014443874,13.374827743973583,11.920056771486998,0.28469694811879603,0.715303051881204,78412,0.5199370409233998,0.48006295907660024,1906,0.13900800049304962,0.0020374502055346966,12.01055001001805,0.5001164674758911,0.4998835325241089,0.5723062753677368,0.600105345249176,0.12183350324630737,0.5304207801818848,0.46957921981811523,0.606433093547821,0.666235625743866,0.4963740408420563,0.5304207801818848,0.46957921981811523,0.5304207801818848,0.46957921981811523,0.35266284377643287,0.6473371562235671,0.8397170305252075,0.33394890609263894,0.6660510939073611,0.049251957973842964,0.7366211962224554,0.26337880377754463,0.2166841552990556,0.0,0.0,0.027729246765375137,0.050630323588848114,1.0,0.0,0.09836374223232269,0.004815895110368729,209785
acdc_b1_mit-b1_guard_gt_risk_s137_j13387384,2026-07-10 23:13:36,acdc,val,all,student_skd,/scratch/gautschi/manors/hf_cache/hub/models--nvidia--mit-b1/snapshots/13ddceec4e8bdf401e7cd7acf5aebc526222518c,runs/mit-b1_skd_j9200315/student_skd.ckpt,skd,GOPR0572_frame_000752_rgb_anon,/home/manors/Guardrail-Distillation/data/acdc/rgb_anon/rain/val/GOPR0572/GOPR0572_frame_000752_rgb_anon.png,rain,0.42782849129448236,0.5721715087055177,0.878125011920929,0.9443261623382568,0.1259772926568985,0.15091219544410706,0.2959374785423279,0.8724695444107056,0.4048290550708771,-6.081440448760986,6.011909008026123,0.01784714125096798,0.0764341950416565,232082,3.6557517014443874,13.374827743973583,11.920056771486998,0.2718605772765769,0.728139422723423,65319,0.0,1.0,257,0.15385769307613373,0.0018302020616829395,12.01055001001805,0.4968041479587555,0.5031958520412445,0.5691258907318115,0.5871842503547668,0.18180254101753235,0.5453258752822876,0.4546741247177124,0.6477620601654053,0.7058440446853638,0.505561888217926,0.5453258752822876,0.4546741247177124,0.5453258752822876,0.4546741247177124,0.4974496537417875,0.5025503462582125,0.9322998523712158,0.36665350696805077,0.6333464930319492,0.09479292969147379,0.01556420233463035,0.9844357976653697,0.015564202334630295,0.06962116244730521,0.06962116244730521,0.08836101740598679,0.03418619558215141,0.9303788375526948,0.06962116244730521,0.1280280351638794,0.03346662223339081,194811
acdc_b1_mit-b1_guard_gt_risk_s137_j13387384,2026-07-10 23:13:36,acdc,val,all,student_skd,/scratch/gautschi/manors/hf_cache/hub/models--nvidia--mit-b1/snapshots/13ddceec4e8bdf401e7cd7acf5aebc526222518c,runs/mit-b1_skd_j9200315/student_skd.ckpt,skd,GOPR0572_frame_000756_rgb_anon,/home/manors/Guardrail-Distillation/data/acdc/rgb_anon/rain/val/GOPR0572/GOPR0572_frame_000756_rgb_anon.png,rain,0.3105592164787655,0.6894407835212345,0.8936264514923096,0.9450024366378784,0.1361618936061859,0.15629605948925018,0.34552910923957825,0.8746578097343445,0.4210854768753052,-5.825223445892334,5.753454685211182,0.030157558619976044,0.08127720654010773,234137,3.6632342380471528,13.387125509325415,11.917189229279757,0.21977152310389883,0.7802284768961012,63465,0.22697859631657544,0.7730214036834245,2009,0.15939399600028992,0.002701966091990471,12.063728005159646,0.5205838084220886,0.4794161915779114,0.6390833258628845,0.6672137379646301,0.21836309134960175,0.5543748736381531,0.4456251263618469,0.6751181483268738,0.7599581480026245,0.5290206074714661,0.5543748736381531,0.4456251263618469,0.5543748736381531,0.4456251263618469,0.38644760196351474,0.6135523980364852,0.9185178279876709,0.2947109314436805,0.7052890685563196,0.07493940833978163,0.35390741662518665,0.6460925833748133,0.1269288203086112,0.0758883854847493,0.0758883854847493,0.06529510766267776,0.04040369763970375,0.9241116145152507,0.0758883854847493,0.1227102130651474,0.024276386946439743,200245
acdc_b1_mit-b1_guard_gt_risk_s137_j13387384,2026-07-10 23:13:36,acdc,val,all,student_skd,/scratch/gautschi/manors/hf_cache/hub/models--nvidia--mit-b1/snapshots/13ddceec4e8bdf401e7cd7acf5aebc526222518c,runs/mit-b1_skd_j9200315/student_skd.ckpt,skd,GOPR0572_frame_000760_rgb_anon,/home/manors/Guardrail-Distillation/data/acdc/rgb_anon/rain/val/GOPR0572/GOPR0572_frame_000760_rgb_anon.png,rain,0.2584556730181278,0.7415443269818722,0.7658080458641052,0.9283652305603027,0.13728748261928558,0.18456783890724182,0.29713886976242065,0.8414493799209595,0.48167750239372253,-5.338533401489258,5.249627113342285,0.020217644050717354,0.09958736598491669,239197,3.6632342380471528,13.387125509325415,11.917189229279757,0.24847350120947878,0.7515264987905212,76825,0.44406130268199234,0.5559386973180076,2610,0.1874011904001236,0.0024477001279592514,12.063728005159646,0.5207502841949463,0.4792497158050537,0.6100026965141296,0.6376668810844421,0.22517788410186768,0.5560578107833862,0.44394218921661377,0.6618924736976624,0.7316878437995911,0.5164242386817932,0.5560578107833862,0.44394218921661377,0.5560578107833862,0.44394218921661377,0.35767410298161084,0.6423258970183892,0.8682424426078796,0.38828497465608824,0.6117150253439118,0.1398114734466095,0.45229885057471264,0.5477011494252874,0.008237547892720243,0.09921842996348307,0.09921842996348307,0.12576662003993988,0.023332230746746063,0.9007815700365169,0.09921842996348307,0.18076731264591217,0.06291466951370239,188897
acdc_b1_mit-b1_guard_gt_risk_s137_j13387384,2026-07-10 23:13:36,acdc,val,all,student_skd,/scratch/gautschi/manors/hf_cache/hub/models--nvidia--mit-b1/snapshots/13ddceec4e8bdf401e7cd7acf5aebc526222518c,runs/mit-b1_skd_j9200315/student_skd.ckpt,skd,GOPR0572_frame_000773_rgb_anon,/home/manors/Guardrail-Distillation/data/acdc/rgb_anon/rain/val/GOPR0572/GOPR0572_frame_000773_rgb_anon.png,rain,0.24584004436297674,0.7541599556370233,0.7898877859115601,0.9072453379631042,0.1544864922761917,0.2502773106098175,0.369142085313797,0.8042738437652588,0.5929698944091797,-4.573847770690918,4.457141876220703,0.03018500842154026,0.13331347703933716,228259,3.6632342380471528,13.387125509325415,11.917189229279757,0.12822575645730003,0.8717742435427,57419,0.0,1.0,538,0.2531265318393707,0.0025125029496848583,12.063728005159646,0.5257154107093811,0.4742845892906189,0.6299545764923096,0.6558061242103577,0.3111400008201599,0.5771635174751282,0.4228364825248718,0.7011622190475464,0.7641597390174866,0.5457715392112732,0.5771635174751282,0.4228364825248718,0.5771635174751282,0.4228364825248718,0.37546650093376144,0.6245334990662386,0.890304446220398,0.27218527228408523,0.7278147277159148,0.14395951582678512,0.30018587360594795,0.699814126394052,0.30018587360594795,0.12962645657078475,0.12962645657078475,0.11830420792102814,0.017887575551867485,0.8703735434292152,0.12962645657078475,0.17601057887077332,0.03944641724228859,167752
acdc_b1_mit-b1_guard_gt_risk_s137_j13387384,2026-07-10 23:13:36,acdc,val,all,student_skd,/scratch/gautschi/manors/hf_cache/hub/models--nvidia--mit-b1/snapshots/13ddceec4e8bdf401e7cd7acf5aebc526222518c,runs/mit-b1_skd_j9200315/student_skd.ckpt,skd,GOPR0572_frame_000778_rgb_anon,/home/manors/Guardrail-Distillation/data/acdc/rgb_anon/rain/val/GOPR0572/GOPR0572_frame_000778_rgb_anon.png,rain,0.39155876614957164,0.6084412338504284,0.7736517190933228,0.9387126564979553,0.12798909842967987,0.16372787952423096,0.29148760437965393,0.8541332483291626,0.4632847309112549,-4.4239606857299805,4.347959995269775,0.016354043036699295,0.08100182563066483,234254,3.6632342380471528,13.387125509325415,11.917189229279757,0.23490708570730595,0.7650929142926941,78607,0.9332386363636364,0.06676136363636365,6336,0.16693328320980072,0.002248970326036215,12.063728005159646,0.5237407684326172,0.4762592315673828,0.6140173673629761,0.6381590962409973,0.18362511694431305,0.5457777380943298,0.45422226190567017,0.6345505714416504,0.7098191976547241,0.5178018808364868,0.5457777380943298,0.45422226190567017,0.5457777380943298,0.45422226190567017,0.3987629204437907,0.6012370795562093,0.8321139216423035,0.28556675756016064,0.7144332424398394,0.05065967185285469,0.4711963383838384,0.5288036616161615,0.0,0.007204154294219056,0.007204154294219056,0.0645880177617073,0.0061258296482264996,0.9927958457057809,0.007204154294219056,0.08304234594106674,0.010932577773928642,192942
acdc_b1_mit-b1_guard_gt_risk_s137_j13387384,2026-07-10 23:13:36,acdc,val,all,student_skd,/scratch/gautschi/manors/hf_cache/hub/models--nvidia--mit-b1/snapshots/13ddceec4e8bdf401e7cd7acf5aebc526222518c,runs/mit-b1_skd_j9200315/student_skd.ckpt,skd,GOPR0572_frame_000820_rgb_anon,/home/manors/Guardrail-Distillation/data/acdc/rgb_anon/rain/val/GOPR0572/GOPR0572_frame_000820_rgb_anon.png,rain,0.3565571323856793,0.6434428676143207,0.8968854546546936,0.9826898574829102,0.06953965872526169,0.04748300462961197,0.15871281921863556,0.9507604241371155,0.17300331592559814,-5.910869121551514,5.889969348907471,0.002955755917355418,0.021131450310349464,249344,3.776227997150272,13.352535257581621,11.874431511387229,0.2823088217477519,0.7176911782522482,76573,0.2974969474969475,0.7025030525030524,5523,0.04823707416653633,0.0004171297769062221,12.058937980327755,0.5568394064903259,0.4431605935096741,0.6760876774787903,0.6992730498313904,0.05442401021718979,0.513602614402771,0.486397385597229,0.5459359884262085,0.5818923711776733,0.5384413599967957,0.513602614402771,0.486397385597229,0.513602614402771,0.486397385597229,0.34430563396232877,0.6556943660376713,0.8793755173683167,0.24485712564502382,0.7551428743549762,0.0,0.3051282051282051,0.6948717948717948,0.007631257631257604,0.0,0.0,0.011065035127103329,0.028574982658028603,1.0,0.0,0.047316160053014755,0.0021977669093757868,236594
acdc_b1_mit-b1_guard_gt_risk_s137_j13387384,2026-07-10 23:13:36,acdc,val,all,student_skd,/scratch/gautschi/manors/hf_cache/hub/models--nvidia--mit-b1/snapshots/13ddceec4e8bdf401e7cd7acf5aebc526222518c,runs/mit-b1_skd_j9200315/student_skd.ckpt,skd,GOPR0572_frame_000825_rgb_anon,/home/manors/Guardrail-Distillation/data/acdc/rgb_anon/rain/val/GOPR0572/GOPR0572_frame_000825_rgb_anon.png,rain,0.48612031584442333,0.5138796841555766,0.881377100944519,0.9699147939682007,0.08420991152524948,0.08400727808475494,0.1892145723104477,0.9168409109115601,0.26978564262390137,-5.582241535186768,5.546700477600098,0.0028353717643767595,0.03199303522706032,254993,3.776227997150272,13.352535257581621,11.874431511387229,0.32223865990153056,0.6777613400984694,81069,0.17740232312565998,0.82259767687434,954,0.085685133934021,0.0010622674599289894,12.058937980327755,0.5189324617385864,0.4810675382614136,0.6175218820571899,0.661784291267395,0.10248315334320068,0.525598406791687,0.474401593208313,0.5855259895324707,0.616351306438446,0.5079851746559143,0.525598406791687,0.474401593208313,0.525598406791687,0.474401593208313,0.48479126620426033,0.5152087337957396,0.9534339904785156,0.37906172005961614,0.6209382799403839,0.05682306015808558,0.38173178458289336,0.6182682154171066,0.2043294614572334,0.0,0.0,0.0800335630774498,0.007976689375936985,1.0,0.0,0.09028875082731247,0.05913103371858597,232072
acdc_b1_mit-b1_guard_gt_risk_s137_j13387384,2026-07-10 23:13:36,acdc,val,all,student_skd,/scratch/gautschi/manors/hf_cache/hub/models--nvidia--mit-b1/snapshots/13ddceec4e8bdf401e7cd7acf5aebc526222518c,runs/mit-b1_skd_j9200315/student_skd.ckpt,skd,GOPR0572_frame_000830_rgb_anon,/home/manors/Guardrail-Distillation/data/acdc/rgb_anon/rain/val/GOPR0572/GOPR0572_frame_000830_rgb_anon.png,rain,0.44666259876169556,0.5533374012383044,0.8795503973960876,0.9515082836151123,0.11447460204362869,0.13272544741630554,0.26842939853668213,0.8815445303916931,0.3818845748901367,-5.492919921875,5.433432102203369,0.011146503500640392,0.0640774741768837,234513,3.776227997150272,13.352535257581621,11.874431511387229,0.3365147502535299,0.66348524974647,61195,0.5202514525652018,0.4797485474347982,6900,0.13494081795215607,0.001318331342190504,12.058937980327755,0.5631199479103088,0.43688005208969116,0.6779440641403198,0.7069133520126343,0.17214366793632507,0.5429299473762512,0.4570700526237488,0.6382691264152527,0.6961448192596436,0.5490524172782898,0.5429299473762512,0.4570700526237488,0.5429299473762512,0.4570700526237488,0.4448802435163718,0.5551197564836282,0.886611819267273,0.33153207584030514,0.6684679241596949,0.0,0.5804186223628985,0.41958137763710146,0.06016716979769676,0.0,0.0,0.050602737814188004,0.04354129731655121,1.0,0.0,0.10422023385763168,0.009526124224066734,200664
acdc_b1_mit-b1_guard_gt_risk_s137_j13387384,2026-07-10 23:13:36,acdc,val,all,student_skd,/scratch/gautschi/manors/hf_cache/hub/models--nvidia--mit-b1/snapshots/13ddceec4e8bdf401e7cd7acf5aebc526222518c,runs/mit-b1_skd_j9200315/student_skd.ckpt,skd,GOPR0572_frame_000836_rgb_anon,/home/manors/Guardrail-Distillation/data/acdc/rgb_anon/rain/val/GOPR0572/GOPR0572_frame_000836_rgb_anon.png,rain,0.3405601586116061,0.659439841388394,0.86453777551651,0.9558889865875244,0.11183574050664902,0.11704184114933014,0.2541351616382599,0.8946500420570374,0.34085512161254883,-5.197980880737305,5.143552303314209,0.010740195401012897,0.06077992171049118,250461,3.776227997150272,13.352535257581621,11.874431511387229,0.2673677318986473,0.7326322681013526,77615,0.46887470071827614,0.5311252992817239,1753,0.11886609345674515,0.0010282760486006737,12.058937980327755,0.5714169144630432,0.4285830855369568,0.6955801248550415,0.7155200839042664,0.17599381506443024,0.5438852310180664,0.4561147689819336,0.6333468556404114,0.7108323574066162,0.5613698363304138,0.5438852310180664,0.4561147689819336,0.5438852310180664,0.4561147689819336,0.3804813060521602,0.6195186939478399,0.8836265802383423,0.3263633407814837,0.6736366592185163,0.05899560888283628,0.3437678278952502,0.6562321721047498,0.0,0.03992114744055408,0.03992114744055408,0.030316097661852837,0.01122729666531086,0.9600788525594459,0.03992114744055408,0.0797329768538475,0.007881466299295425,218008
acdc_b1_mit-b1_guard_gt_risk_s137_j13387384,2026-07-10 23:13:37,acdc,val,all,student_skd,/scratch/gautschi/manors/hf_cache/hub/models--nvidia--mit-b1/snapshots/13ddceec4e8bdf401e7cd7acf5aebc526222518c,runs/mit-b1_skd_j9200315/student_skd.ckpt,skd,GOPR0572_frame_000860_rgb_anon,/home/manors/Guardrail-Distillation/data/acdc/rgb_anon/rain/val/GOPR0572/GOPR0572_frame_000860_rgb_anon.png,rain,0.32842770396329146,0.6715722960367085,0.8488374948501587,0.9395569562911987,0.13533595204353333,0.15569348633289337,0.31138548254966736,0.8719592094421387,0.4080814719200134,-3.8535163402557373,3.776923656463623,0.02187933959066868,0.09205331653356552,239861,3.6593267577700317,13.389105501119047,11.905929015483707,0.18218855541419188,0.8178114445858081,69589,0.4691199176531137,0.5308800823468862,3907,0.1584172546863556,0.002195182489231229,12.131341034546494,0.5495339035987854,0.4504660964012146,0.628299355506897,0.6466400623321533,0.12047892808914185,0.5300833582878113,0.4699166417121887,0.6033264994621277,0.6509748697280884,0.5333379507064819,0.5300833582878113,0.4699166417121887,0.5300833582878113,0.4699166417121887,0.40420002444000097,0.595799975559999,0.9292507171630859,0.2586341778116583,0.7413658221883417,0.07644562239746644,0.4637829536728948,0.5362170463271052,0.0,0.07577232047670956,0.07577232047670956,0.08366929739713669,0.0032560524996370077,0.9242276795232904,0.07577232047670956,0.11572953313589096,0.009417954832315445,198708
acdc_b1_mit-b1_guard_gt_risk_s137_j13387384,2026-07-10 23:13:37,acdc,val,all,student_skd,/scratch/gautschi/manors/hf_cache/hub/models--nvidia--mit-b1/snapshots/13ddceec4e8bdf401e7cd7acf5aebc526222518c,runs/mit-b1_skd_j9200315/student_skd.ckpt,skd,GP010400_frame_000214_rgb_anon,/home/manors/Guardrail-Distillation/data/acdc/rgb_anon/rain/val/GP010400/GP010400_frame_000214_rgb_anon.png,rain,0.464288228745865,0.535711771254135,0.8676689863204956,0.9135786294937134,0.1643921136856079,0.22580315172672272,0.38570061326026917,0.8332339525222778,0.49438971281051636,-5.5505571365356445,5.437274932861328,0.04861665517091751,0.12905952334403992,235372,3.6593267577700317,13.389105501119047,11.905929015483707,0.25922595573578017,0.7407740442642199,66740,0.05215742057847322,0.9478425794215268,1135,0.22882533073425293,0.0021346418652683496,12.131341034546494,0.5458517074584961,0.4541482925415039,0.6720046997070312,0.7081950306892395,0.26577335596084595,0.5660549998283386,0.4339450001716614,0.7103077173233032,0.7778193354606628,0.546991229057312,0.5660549998283386,0.4339450001716614,0.5660549998283386,0.4339450001716614,0.41749518921978723,0.5825048107802128,0.8603614568710327,0.2765169377151336,0.7234830622848665,0.017290981979353415,0.24031737939210054,0.7596826206078995,0.18815995881362735,0.0,0.0,0.030419928953051567,0.037727512419223785,1.0,0.0,0.10589619725942612,0.003530581248924136,180319
acdc_b1_mit-b1_guard_gt_risk_s137_j13387384,2026-07-10 23:13:37,acdc,val,all,student_skd,/scratch/gautschi/manors/hf_cache/hub/models--nvidia--mit-b1/snapshots/13ddceec4e8bdf401e7cd7acf5aebc526222518c,runs/mit-b1_skd_j9200315/student_skd.ckpt,skd,GP010400_frame_000234_rgb_anon,/home/manors/Guardrail-Distillation/data/acdc/rgb_anon/rain/val/GP010400/GP010400_frame_000234_rgb_anon.png,rain,0.3637447484450416,0.6362552515549584,0.8293353319168091,0.9422348141670227,0.13169027864933014,0.15746577084064484,0.31605932116508484,0.8701860308647156,0.41127437353134155,-5.673546314239502,5.600178241729736,0.021827444434165955,0.08076412975788116,232368,3.6593267577700317,13.389105501119047,11.905929015483707,0.20608470291903652,0.7939152970809635,70161,0.05851358846367166,0.9414864115363284,1411,0.16062098741531372,0.0018526260973885655,12.131341034546494,0.5456705689430237,0.4543294310569763,0.6901713013648987,0.7243866920471191,0.2540077567100525,0.5631626844406128,0.4368373155593872,0.7093394994735718,0.759397566318512,0.5479338765144348,0.5631626844406128,0.4368373155593872,0.5631626844406128,0.4368373155593872,0.4644420980677476,0.5355579019322524,0.8572393655776978,0.31140708833214664,0.6885929116678533,0.10532238541311023,0.4113203463203463,0.5886796536796537,0.3528067578566747,0.10069734962270604,0.10069734962270604,0.052941884845495224,0.025037869811058044,0.899302650377294,0.10069734962270604,0.14682744443416595,0.024986227974295616,194699
acdc_b1_mit-b1_guard_gt_risk_s137_j13387384,2026-07-10 23:13:37,acdc,val,all,student_skd,/scratch/gautschi/manors/hf_cache/hub/models--nvidia--mit-b1/snapshots/13ddceec4e8bdf401e7cd7acf5aebc526222518c,runs/mit-b1_skd_j9200315/student_skd.ckpt,skd,GP010400_frame_000290_rgb_anon,/home/manors/Guardrail-Distillation/data/acdc/rgb_anon/rain/val/GP010400/GP010400_frame_000290_rgb_anon.png,rain,0.49644471107274435,0.5035552889272557,0.8696669936180115,0.927274763584137,0.14642976224422455,0.19043098390102386,0.3394051194190979,0.8491805791854858,0.45495903491973877,-5.532926559448242,5.4399333000183105,0.029098208993673325,0.10496257245540619,243039,3.6593267577700317,13.389105501119047,11.905929015483707,0.3720621121755056,0.6279378878244943,72059,0.2519243200853448,0.7480756799146552,1720,0.193473219871521,0.002242844086140394,12.131341034546494,0.5272783041000366,0.4727216958999634,0.6448116898536682,0.6932933330535889,0.2041124850511551,0.5508517026901245,0.4491482973098755,0.662868320941925,0.7001375555992126,0.5228956341743469,0.5508517026901245,0.4491482973098755,0.5508517026901245,0.4491482973098755,0.5203164755172813,0.47968352448271867,0.875365674495697,0.3921214648565972,0.6078785351434028,0.02005935268109149,0.49326269430708064,0.5067373056929194,0.24133837422173576,0.02387176444453698,0.02387176444453698,0.0345335528254509,0.028834877535700798,0.976128235555463,0.02387176444453698,0.08320475369691849,0.0032998817041516304,193502
acdc_b1_mit-b1_guard_gt_risk_s137_j13387384,2026-07-10 23:13:37,acdc,val,all,student_skd,/scratch/gautschi/manors/hf_cache/hub/models--nvidia--mit-b1/snapshots/13ddceec4e8bdf401e7cd7acf5aebc526222518c,runs/mit-b1_skd_j9200315/student_skd.ckpt,skd,GP010400_frame_000350_rgb_anon,/home/manors/Guardrail-Distillation/data/acdc/rgb_anon/rain/val/GP010400/GP010400_frame_000350_rgb_anon.png,rain,0.4723935947778158,0.5276064052221843,0.9144976139068604,0.9398653507232666,0.12600839138031006,0.15801319479942322,0.2764957547187805,0.8620783686637878,0.41909506916999817,-5.441640853881836,5.36747932434082,0.016028841957449913,0.07992872595787048,241315,3.8173107313923538,13.390937994699925,11.92862173775211,0.3449890757243255,0.6550109242756745,70983,0.540498974709501,0.45950102529049897,11747,0.16033056378364563,0.0012530704261735082,11.992402491159737,0.5341383814811707,0.46586161851882935,0.6518089771270752,0.704797625541687,0.1908024102449417,0.5475564002990723,0.45244359970092773,0.6363942623138428,0.6776400208473206,0.527757465839386,0.5475564002990723,0.45244359970092773,0.5475564002990723,0.45244359970092773,0.5542320512012101,0.4457679487987899,0.8973292112350464,0.37893784644708894,0.6210621535529111,0.03394877072276348,0.7326764329729101,0.2673235670270899,0.19217745826340904,0.08183845642339438,0.08183845642339438,0.04815283045172691,0.06532125920057297,0.9181615435766056,0.08183845642339438,0.1242939680814743,0.00525868684053421,199394
acdc_b1_mit-b1_guard_gt_risk_s137_j13387384,2026-07-10 23:13:37,acdc,val,all,student_skd,/scratch/gautschi/manors/hf_cache/hub/models--nvidia--mit-b1/snapshots/13ddceec4e8bdf401e7cd7acf5aebc526222518c,runs/mit-b1_skd_j9200315/student_skd.ckpt,skd,GP010400_frame_000360_rgb_anon,/home/manors/Guardrail-Distillation/data/acdc/rgb_anon/rain/val/GP010400/GP010400_frame_000360_rgb_anon.png,rain,0.31614630775624586,0.6838536922437541,0.8753752708435059,0.9446200132369995,0.12801331281661987,0.14748986065387726,0.2992529571056366,0.8767647743225098,0.3854042589664459,-5.833195209503174,5.763420104980469,0.01955791562795639,0.07794508337974548,212855,3.8173107313923538,13.390937994699925,11.92862173775211,0.19887079956432566,0.8011292004356744,42959,0.2030431937172775,0.7969568062827225,7161,0.1500691920518875,0.0017602862790226936,11.992402491159737,0.5253175497055054,0.47468245029449463,0.6548710465431213,0.6808950901031494,0.19147245585918427,0.5477223992347717,0.45227760076522827,0.6538724303245544,0.7021034359931946,0.522817850112915,0.5477223992347717,0.45227760076522827,0.5477223992347717,0.45227760076522827,0.4130884342622442,0.5869115657377558,0.9344013929367065,0.3181328524641199,0.6818671475358802,0.11926205289979419,0.23922087745839637,0.7607791225416036,0.03617768374111885,0.09694212650599832,0.09694212650599832,0.07251415401697159,0.01348805520683527,0.9030578734940017,0.09694212650599832,0.10384064167737961,0.03069695457816124,178987
acdc_b1_mit-b1_guard_gt_risk_s137_j13387384,2026-07-10 23:13:37,acdc,val,all,student_skd,/scratch/gautschi/manors/hf_cache/hub/models--nvidia--mit-b1/snapshots/13ddceec4e8bdf401e7cd7acf5aebc526222518c,runs/mit-b1_skd_j9200315/student_skd.ckpt,skd,GP010400_frame_000380_rgb_anon,/home/manors/Guardrail-Distillation/data/acdc/rgb_anon/rain/val/GP010400/GP010400_frame_000380_rgb_anon.png,rain,0.38480099130539414,0.6151990086946059,0.8521489500999451,0.9301022887229919,0.13316281139850616,0.1771121323108673,0.2876124083995819,0.8495876789093018,0.45119762420654297,-4.732820510864258,4.646999359130859,0.012608949095010757,0.09766887128353119,212944,3.8173107313923538,13.390937994699925,11.92862173775211,0.2817077873765964,0.7182922126234036,58088,0.4111890694239291,0.5888109305760709,4190,0.1803240329027176,0.002600557403638959,11.992402491159737,0.5856930017471313,0.41430699825286865,0.7009214162826538,0.7151849269866943,0.25671693682670593,0.5638290643692017,0.43617093563079834,0.6744059324264526,0.7411379814147949,0.5729249119758606,0.5638290643692017,0.43617093563079834,0.5638290643692017,0.43617093563079834,0.42101603374659635,0.5789839662534036,0.903697669506073,0.2977096251209665,0.7022903748790335,0.01600183774437014,0.5259430159954336,0.4740569840045664,0.1147539465715045,0.036215042441202216,0.036215042441202216,0.08241603523492813,0.03086727112531662,0.9637849575587978,0.036215042441202216,0.14385941624641418,0.020817680284380913,167790
acdc_b1_mit-b1_guard_gt_risk_s137_j13387384,2026-07-10 23:13:37,acdc,val,all,student_skd,/scratch/gautschi/manors/hf_cache/hub/models--nvidia--mit-b1/snapshots/13ddceec4e8bdf401e7cd7acf5aebc526222518c,runs/mit-b1_skd_j9200315/student_skd.ckpt,skd,GP020402_frame_000599_rgb_anon,/home/manors/Guardrail-Distillation/data/acdc/rgb_anon/rain/val/GP020402/GP020402_frame_000599_rgb_anon.png,rain,0.3715080228526729,0.6284919771473271,0.7292802333831787,0.9196625351905823,0.15129102766513824,0.21522274613380432,0.35178714990615845,0.823493480682373,0.5596847534179688,-3.9568381309509277,3.8546838760375977,0.03087563067674637,0.12105842679738998,245080,3.8173107313923538,13.390937994699925,11.92862173775211,0.2175244585779689,0.7824755414220311,82811,0.511470230385808,0.48852976961419203,5535,0.2208971530199051,0.0048953392542898655,11.992402491159737,0.4931506812572479,0.5068493187427521,0.574707567691803,0.6008824706077576,0.17287497222423553,0.5431114435195923,0.4568885564804077,0.6326882839202881,0.6816760897636414,0.4968397617340088,0.5431114435195923,0.4568885564804077,0.5431114435195923,0.4568885564804077,0.4116035289656721,0.5883964710343279,0.7555818557739258,0.30480456198448697,0.695195438015513,0.08728010340651815,0.48974645786726323,0.5102535421327368,0.0,0.04009550611299917,0.04009550611299917,0.03531091660261154,0.009009302593767643,0.9599044938870008,0.04009550611299917,0.23728986084461212,0.012444915249943733,190081
acdc_b1_mit-b1_guard_gt_risk_s137_j13387384,2026-07-10 23:13:37,acdc,val,all,student_skd,/scratch/gautschi/manors/hf_cache/hub/models--nvidia--mit-b1/snapshots/13ddceec4e8bdf401e7cd7acf5aebc526222518c,runs/mit-b1_skd_j9200315/student_skd.ckpt,skd,GP020402_frame_000615_rgb_anon,/home/manors/Guardrail-Distillation/data/acdc/rgb_anon/rain/val/GP020402/GP020402_frame_000615_rgb_anon.png,rain,0.4863656833114351,0.5136343166885649,0.8597617745399475,0.9519837498664856,0.11714329570531845,0.13056793808937073,0.2700476050376892,0.8792814016342163,0.3990461528301239,-5.52893590927124,5.469166278839111,0.01451529748737812,0.0644848495721817,257797,3.6563017638400197,13.37793777929619,11.951491993386298,0.3625552129821981,0.6374447870178019,83805,0.5732518370609735,0.4267481629390265,5571,0.13310252130031586,0.001744268462061882,12.060323206242174,0.5235109925270081,0.47648900747299194,0.6451478600502014,0.672425389289856,0.13318434357643127,0.5332469344139099,0.4667530655860901,0.6152676343917847,0.683728039264679,0.517059326171875,0.5332469344139099,0.4667530655860901,0.5332469344139099,0.4667530655860901,0.5920256248302919,0.40797437516970814,0.9083349108695984,0.5192165579134748,0.48078344208652524,0.1566613449312767,0.6144975955365726,0.38550240446342743,0.04124575847559908,0.10565994151885671,0.10565994151885671,0.059224896132946014,0.010651792399585247,0.8943400584811433,0.10565994151885671,0.0958700105547905,0.025062356144189835,222205
acdc_b1_mit-b1_guard_gt_risk_s137_j13387384,2026-07-10 23:13:37,acdc,val,all,student_skd,/scratch/gautschi/manors/hf_cache/hub/models--nvidia--mit-b1/snapshots/13ddceec4e8bdf401e7cd7acf5aebc526222518c,runs/mit-b1_skd_j9200315/student_skd.ckpt,skd,GP020402_frame_000624_rgb_anon,/home/manors/Guardrail-Distillation/data/acdc/rgb_anon/rain/val/GP020402/GP020402_frame_000624_rgb_anon.png,rain,0.27062515871253745,0.7293748412874625,0.8413245677947998,0.926102876663208,0.15037307143211365,0.2088232785463333,0.3793519139289856,0.8372743725776672,0.5265089869499207,-5.475995063781738,5.38050651550293,0.03550068289041519,0.10813247412443161,249629,3.6563017638400197,13.37793777929619,11.951491993386298,0.20017799295959193,0.7998220070404081,77270,0.2285974078771744,0.7714025921228256,8911,0.2124498337507248,0.002473823493346572,12.060323206242174,0.510378360748291,0.489621639251709,0.600450873374939,0.6277192234992981,0.2253483533859253,0.5560998916625977,0.44390010833740234,0.6947189569473267,0.7567903399467468,0.5120956897735596,0.5560998916625977,0.44390010833740234,0.5560998916625977,0.44390010833740234,0.4306047133427197,0.5693952866572802,0.9061847925186157,0.3534185201841319,0.6465814798158681,0.15324052722453996,0.5096994440179589,0.49030055598204114,0.28110203614078444,0.15997955463018232,0.15997955463018232,0.07718654721975327,0.01232629269361496,0.8400204453698177,0.15997955463018232,0.13945895433425903,0.007763521280139685,199379
acdc_b1_mit-b1_guard_gt_risk_s137_j13387384,2026-07-10 23:13:37,acdc,val,all,student_skd,/scratch/gautschi/manors/hf_cache/hub/models--nvidia--mit-b1/snapshots/13ddceec4e8bdf401e7cd7acf5aebc526222518c,runs/mit-b1_skd_j9200315/student_skd.ckpt,skd,GP020402_frame_000644_rgb_anon,/home/manors/Guardrail-Distillation/data/acdc/rgb_anon/rain/val/GP020402/GP020402_frame_000644_rgb_anon.png,rain,0.4246166305366736,0.5753833694633264,0.8351224660873413,0.9674887657165527,0.095912866294384,0.09105107933282852,0.2324509471654892,0.9161587953567505,0.281231164932251,-6.473987579345703,6.4341230392456055,0.007918187417089939,0.04078584536910057,257761,3.6563017638400197,13.37793777929619,11.951491993386298,0.2507934372881116,0.7492065627118885,84002,0.726282376841036,0.273717623158964,15091,0.0931633710861206,0.001366772223263979,12.060323206242174,0.5018532276153564,0.49814677238464355,0.5752174258232117,0.6065314412117004,0.09383006393909454,0.5234403014183044,0.47655969858169556,0.5810890197753906,0.6245302557945251,0.49174660444259644,0.5234403014183044,0.47655969858169556,0.5234403014183044,0.47655969858169556,0.5506428448896387,0.44935715511036134,0.8758229613304138,0.4098843014047541,0.5901156985952458,0.15909086411664264,0.8381409874199761,0.1618590125800239,0.11185861057894009,0.12602621435296502,0.12602621435296502,0.05910902097821236,0.018408525735139847,0.873973785647035,0.12602621435296502,0.10491889715194702,0.039750002324581146,232361
acdc_b1_mit-b1_guard_gt_risk_s137_j13387384,2026-07-10 23:13:37,acdc,val,all,student_skd,/scratch/gautschi/manors/hf_cache/hub/models--nvidia--mit-b1/snapshots/13ddceec4e8bdf401e7cd7acf5aebc526222518c,runs/mit-b1_skd_j9200315/student_skd.ckpt,skd,GP020402_frame_000723_rgb_anon,/home/manors/Guardrail-Distillation/data/acdc/rgb_anon/rain/val/GP020402/GP020402_frame_000723_rgb_anon.png,rain,0.3146514496498345,0.6853485503501655,0.8000093102455139,0.890881359577179,0.17553982138633728,0.2912474274635315,0.42064258456230164,0.7850956916809082,0.6384451985359192,-4.306638240814209,4.163827419281006,0.0551384761929512,0.15464791655540466,258277,3.6563017638400197,13.37793777929619,11.951491993386298,0.24695242916887858,0.7530475708311214,83929,0.022857142857142857,0.9771428571428571,350,0.2947133481502533,0.0022312095388770103,12.060323206242174,0.539997398853302,0.460002601146698,0.6471177339553833,0.6634805202484131,0.3126356303691864,0.5775284767150879,0.4224715232849121,0.7040369510650635,0.7733582258224487,0.549907386302948,0.5775284767150879,0.4224715232849121,0.5775284767150879,0.4224715232849121,0.43136926950495463,0.5686307304950453,0.8353163599967957,0.4150446013114464,0.5849553986885536,0.16809217214256778,0.8914285714285715,0.10857142857142854,0.8685714285714285,0.1167178198551202,0.1167178198551202,0.062107738107442856,0.02680068463087082,0.8832821801448798,0.1167178198551202,0.15685485303401947,0.01880151964724064,181075
acdc_b1_mit-b1_guard_gt_risk_s137_j13387384,2026-07-10 23:13:37,acdc,val,all,student_skd,/scratch/gautschi/manors/hf_cache/hub/models--nvidia--mit-b1/snapshots/13ddceec4e8bdf401e7cd7acf5aebc526222518c,runs/mit-b1_skd_j9200315/student_skd.ckpt,skd,GP020402_frame_000738_rgb_anon,/home/manors/Guardrail-Distillation/data/acdc/rgb_anon/rain/val/GP020402/GP020402_frame_000738_rgb_anon.png,rain,0.3096286162001747,0.6903713837998253,0.7858082056045532,0.903575599193573,0.16930662095546722,0.26282501220703125,0.4097384810447693,0.7940842509269714,0.6407530903816223,-4.417670726776123,4.291121959686279,0.053222570568323135,0.13950364291667938,238940,3.650481521617621,13.399293238762766,11.924604244995862,0.21304076624345328,0.7869592337565467,70883,0.277895293495505,0.722104706504495,2090,0.2661980986595154,0.0022768054623156786,12.054058024659753,0.5412932634353638,0.45870673656463623,0.6502680778503418,0.6813784837722778,0.39779800176620483,0.5981584787368774,0.40184152126312256,0.7510527968406677,0.8889685869216919,0.558534562587738,0.5981584787368774,0.40184152126312256,0.5981584787368774,0.40184152126312256,0.3203030921937105,0.6796969078062896,0.7865322232246399,0.2432486504807545,0.7567513495192455,0.030207884237301252,0.323974609375,0.676025390625,0.046079315879494986,0.01067447599353577,0.01067447599353577,0.039470162242650986,0.03874612972140312,0.9893255240064642,0.01067447599353577,0.19781535863876343,0.009847660548985004,180534
acdc_b1_mit-b1_guard_gt_risk_s137_j13387384,2026-07-10 23:13:37,acdc,val,all,student_skd,/scratch/gautschi/manors/hf_cache/hub/models--nvidia--mit-b1/snapshots/13ddceec4e8bdf401e7cd7acf5aebc526222518c,runs/mit-b1_skd_j9200315/student_skd.ckpt,skd,GP020402_frame_000748_rgb_anon,/home/manors/Guardrail-Distillation/data/acdc/rgb_anon/rain/val/GP020402/GP020402_frame_000748_rgb_anon.png,rain,0.40860402568834936,0.5913959743116506,0.8866938352584839,0.9232966899871826,0.14692933857440948,0.21042540669441223,0.3619893491268158,0.8369238376617432,0.4988328218460083,-5.232797145843506,5.135349750518799,0.02882111817598343,0.10627000778913498,254258,3.650481521617621,13.399293238762766,11.924604244995862,0.3471195348343896,0.6528804651656104,80212,0.4737790555355906,0.5262209444644095,4776,0.2133660912513733,0.0018550866516306996,12.054058024659753,0.5440636873245239,0.4559363126754761,0.700870931148529,0.7325733304023743,0.20280297100543976,0.5505276918411255,0.4494723081588745,0.6564270257949829,0.7079542875289917,0.5389099717140198,0.5505276918411255,0.4494723081588745,0.5505276918411255,0.4494723081588745,0.39168209745102506,0.6083179025489749,0.8797717690467834,0.3506641751137727,0.6493358248862273,0.00354464027938306,0.3435641450115543,0.6564358549884457,0.0,0.0,0.0,0.03422114625573158,0.04114324972033501,1.0,0.0,0.12892022728919983,0.002446334110572934,198027
acdc_b1_mit-b1_guard_gt_risk_s137_j13387384,2026-07-10 23:13:37,acdc,val,all,student_skd,/scratch/gautschi/manors/hf_cache/hub/models--nvidia--mit-b1/snapshots/13ddceec4e8bdf401e7cd7acf5aebc526222518c,runs/mit-b1_skd_j9200315/student_skd.ckpt,skd,GP020402_frame_000753_rgb_anon,/home/manors/Guardrail-Distillation/data/acdc/rgb_anon/rain/val/GP020402/GP020402_frame_000753_rgb_anon.png,rain,0.3348661489113954,0.6651338510886047,0.8729743361473083,0.9197766184806824,0.15386290848255157,0.22953340411186218,0.39243757724761963,0.8212772011756897,0.5745776891708374,-4.54138708114624,4.438004970550537,0.03880777209997177,0.11315525323152542,251831,3.650481521617621,13.399293238762766,11.924604244995862,0.2746209133688521,0.7253790866311479,78014,0.18706047819971872,0.8129395218002813,491,0.2330629676580429,0.0019059220794588327,12.054058024659753,0.5218793749809265,0.4781206250190735,0.6335127949714661,0.688015878200531,0.25392311811447144,0.5631418824195862,0.4368581175804138,0.6830522418022156,0.7648387551307678,0.5345160365104675,0.5631418824195862,0.4368581175804138,0.5631418824195862,0.4368581175804138,0.33117974299715247,0.6688202570028475,0.8562845587730408,0.2687727036758293,0.7312272963241707,0.0,0.1666456692913386,0.8333543307086614,0.0,0.0,0.0,0.0353768989443779,0.05206666514277458,1.0,0.0,0.1484844982624054,0.004721420351415873,196219
acdc_b1_mit-b1_guard_gt_risk_s137_j13387384,2026-07-10 23:13:37,acdc,val,all,student_skd,/scratch/gautschi/manors/hf_cache/hub/models--nvidia--mit-b1/snapshots/13ddceec4e8bdf401e7cd7acf5aebc526222518c,runs/mit-b1_skd_j9200315/student_skd.ckpt,skd,GP020402_frame_000774_rgb_anon,/home/manors/Guardrail-Distillation/data/acdc/rgb_anon/rain/val/GP020402/GP020402_frame_000774_rgb_anon.png,rain,0.4794254271920475,0.5205745728079525,0.8918465375900269,0.9378172755241394,0.13071267306804657,0.16469283401966095,0.3007403016090393,0.8634107708930969,0.417363703250885,-5.116841793060303,5.039446830749512,0.01843300089240074,0.08595868200063705,258124,3.650481521617621,13.399293238762766,11.924604244995862,0.43557191041996796,0.564428089580032,85033,0.9148393676695563,0.08516063233044369,5883,0.16668938100337982,0.0013532417360693216,12.054058024659753,0.5199562311172485,0.48004376888275146,0.6388389468193054,0.6872718334197998,0.1936957687139511,0.5482730865478516,0.45172691345214844,0.6478030681610107,0.696258008480072,0.5284874439239502,0.5482730865478516,0.45172691345214844,0.5482730865478516,0.45172691345214844,0.640846426019233,0.35915357398076697,0.9405362606048584,0.5711953509960327,0.4288046490039673,0.13562344057606468,0.9440761516233215,0.05592384837667852,0.029236783953765166,0.16142099882718552,0.16142099882718552,0.06691744923591614,0.018227672204375267,0.8385790011728145,0.16142099882718552,0.10155583918094635,0.0209627915173769,210989
acdc_b1_mit-b1_guard_gt_risk_s137_j13387384,2026-07-10 23:13:37,acdc,val,all,student_skd,/scratch/gautschi/manors/hf_cache/hub/models--nvidia--mit-b1/snapshots/13ddceec4e8bdf401e7cd7acf5aebc526222518c,runs/mit-b1_skd_j9200315/student_skd.ckpt,skd,GP020402_frame_000784_rgb_anon,/home/manors/Guardrail-Distillation/data/acdc/rgb_anon/rain/val/GP020402/GP020402_frame_000784_rgb_anon.png,rain,0.38628359644356325,0.6137164035564368,0.8684507608413696,0.957341730594635,0.10948444902896881,0.12462790310382843,0.26838821172714233,0.882795512676239,0.40317824482917786,-4.865671157836914,4.812807559967041,0.014134581200778484,0.05250928923487663,242738,3.7986230454407632,13.355510251130909,11.893931485246867,0.2797441614257465,0.7202558385742535,69726,0.35225875592549494,0.6477412440745051,2168,0.12687647342681885,0.0012374779907986522,12.087115726899356,0.5008994340896606,0.49910056591033936,0.5881228446960449,0.6322183609008789,0.17740292847156525,0.5442348122596741,0.4557651877403259,0.6364447474479675,0.6987190246582031,0.5201339721679688,0.5442348122596741,0.4557651877403259,0.5442348122596741,0.4557651877403259,0.4540152429412342,0.5459847570587658,0.9148958921432495,0.35147062588048394,0.648529374119516,0.0717264644547374,0.36496266633295793,0.6350373336670421,0.012703910407462993,0.06773164649767094,0.06773164649767094,0.05541365593671799,0.008968517184257507,0.9322683535023291,0.06773164649767094,0.08210086822509766,0.0319603867828846,212992
acdc_b1_mit-b1_guard_gt_risk_s137_j13387384,2026-07-10 23:13:37,acdc,val,all,student_skd,/scratch/gautschi/manors/hf_cache/hub/models--nvidia--mit-b1/snapshots/13ddceec4e8bdf401e7cd7acf5aebc526222518c,runs/mit-b1_skd_j9200315/student_skd.ckpt,skd,GP020402_frame_000795_rgb_anon,/home/manors/Guardrail-Distillation/data/acdc/rgb_anon/rain/val/GP020402/GP020402_frame_000795_rgb_anon.png,rain,0.31177210828701685,0.6882278917129832,0.923655092716217,0.9560636281967163,0.11273552477359772,0.12509894371032715,0.27718913555145264,0.8882561326026917,0.37935715913772583,-5.580200672149658,5.525574207305908,0.013112111948430538,0.05882137268781662,245727,3.7986230454407632,13.355510251130909,11.893931485246867,0.2536833427533812,0.7463166572466188,72210,0.16300164925783397,0.836998350742166,3269,0.12728966772556305,0.0012722110841423273,12.087115726899356,0.5105072855949402,0.4894927144050598,0.6003232598304749,0.6304305195808411,0.1847085803747177,0.5460463166236877,0.45395368337631226,0.6515263915061951,0.7260233759880066,0.5103443264961243,0.5460463166236877,0.45395368337631226,0.5460463166236877,0.45395368337631226,0.3909351178891078,0.6090648821108922,0.942293643951416,0.3607745716700798,0.6392254283299201,0.10709122891669864,0.22440944881889763,0.7755905511811023,0.06140779956106368,0.079163009602091,0.079163009602091,0.030773987993597984,0.012135418131947517,0.920836990397909,0.079163009602091,0.05948064103722572,0.003389940829947591,213891
acdc_b1_mit-b1_guard_gt_risk_s137_j13387384,2026-07-10 23:13:37,acdc,val,all,student_skd,/scratch/gautschi/manors/hf_cache/hub/models--nvidia--mit-b1/snapshots/13ddceec4e8bdf401e7cd7acf5aebc526222518c,runs/mit-b1_skd_j9200315/student_skd.ckpt,skd,GP020402_frame_000802_rgb_anon,/home/manors/Guardrail-Distillation/data/acdc/rgb_anon/rain/val/GP020402/GP020402_frame_000802_rgb_anon.png,rain,0.3823492530549984,0.6176507469450017,0.9519256353378296,0.9649242162704468,0.10586293786764145,0.09520477056503296,0.2519802153110504,0.9163128137588501,0.2807542681694031,-5.6217803955078125,5.577458381652832,0.01389455795288086,0.04962047562003136,242541,3.7986230454407632,13.355510251130909,11.893931485246867,0.31594018190441137,0.6840598180955886,70191,0.185641094782257,0.814358905217743,15664,0.09715379774570465,0.00120138144120574,12.087115726899356,0.5519734621047974,0.44802653789520264,0.6826100945472717,0.7028794288635254,0.0908994972705841,0.5227092504501343,0.4772907495498657,0.5821014046669006,0.6208562850952148,0.5333220362663269,0.5227092504501343,0.4772907495498657,0.5227092504501343,0.4772907495498657,0.4807450529267704,0.5192549470732296,0.9616889357566833,0.3954275759792703,0.6045724240207297,0.07948739407485883,0.5647510308573215,0.4352489691426785,0.3791099360750645,0.09839579987177205,0.09839579987177205,0.015391211956739426,0.00562791433185339,0.901604200128228,0.09839579987177205,0.03469516336917877,0.00031334906816482544,218628
acdc_b1_mit-b1_guard_gt_risk_s137_j13387384,2026-07-10 23:13:37,acdc,val,all,student_skd,/scratch/gautschi/manors/hf_cache/hub/models--nvidia--mit-b1/snapshots/13ddceec4e8bdf401e7cd7acf5aebc526222518c,runs/mit-b1_skd_j9200315/student_skd.ckpt,skd,GP020402_frame_000809_rgb_anon,/home/manors/Guardrail-Distillation/data/acdc/rgb_anon/rain/val/GP020402/GP020402_frame_000809_rgb_anon.png,rain,0.4227021121756236,0.5772978878243764,0.8604868650436401,0.9265339970588684,0.14914897084236145,0.19438347220420837,0.35688653588294983,0.8543917536735535,0.4372346103191376,-5.597728252410889,5.503603935241699,0.032311517745256424,0.11271756887435913,258886,3.7986230454407632,13.355510251130909,11.893931485246867,0.29104222803520574,0.7089577719647943,85671,0.31093318082165666,0.6890668191783433,3721,0.19698718190193176,0.0018620732007548213,12.087115726899356,0.5309559106826782,0.4690440893173218,0.6570156812667847,0.6849281191825867,0.20893897116184235,0.5520455241203308,0.4479544758796692,0.7007976174354553,0.7504122853279114,0.5256428718566895,0.5520455241203308,0.4479544758796692,0.5520455241203308,0.4479544758796692,0.5032200528641808,0.4967799471358192,0.9466985464096069,0.3930969544826414,0.6069030455173585,0.10205472644743574,0.32168229610684856,0.6783177038931514,0.010749115285191957,0.08051794068855722,0.08051794068855722,0.09966549277305603,0.013453798368573189,0.9194820593114428,0.08051794068855722,0.13038557767868042,0.009073492139577866,205510
acdc_b1_mit-b1_guard_gt_risk_s137_j13387384,2026-07-10 23:13:38,acdc,val,all,student_skd,/scratch/gautschi/manors/hf_cache/hub/models--nvidia--mit-b1/snapshots/13ddceec4e8bdf401e7cd7acf5aebc526222518c,runs/mit-b1_skd_j9200315/student_skd.ckpt,skd,GP020402_frame_000830_rgb_anon,/home/manors/Guardrail-Distillation/data/acdc/rgb_anon/rain/val/GP020402/GP020402_frame_000830_rgb_anon.png,rain,0.3978288244575305,0.6021711755424695,0.9330554008483887,0.9499477744102478,0.12575934827327728,0.13528169691562653,0.2992819547653198,0.8866355419158936,0.3635086119174957,-5.5959296226501465,5.531961441040039,0.021118061617016792,0.07145780324935913,259020,3.652911458630115,13.382965291384608,11.959547002334148,0.380556258211752,0.619443741788248,85145,0.03953488372093023,0.9604651162790697,506,0.137137770652771,0.0013770441291853786,12.131260999012738,0.4904871881008148,0.5095128118991852,0.5588213205337524,0.5759088397026062,0.13964521884918213,0.5348547101020813,0.4651452898979187,0.6110108494758606,0.660620927810669,0.49727725982666016,0.5348547101020813,0.4651452898979187,0.5348547101020813,0.4651452898979187,0.38452584927962,0.61547415072038,0.9531349539756775,0.3802705808972693,0.6197294191027307,0.0,0.038229376257545265,0.9617706237424547,0.0,0.0,0.0,0.03757239133119583,0.017492858693003654,1.0,0.0,0.059628602117300034,0.0038336808793246746,223453
acdc_b1_mit-b1_guard_gt_risk_s137_j13387384,2026-07-10 23:13:38,acdc,val,all,student_skd,/scratch/gautschi/manors/hf_cache/hub/models--nvidia--mit-b1/snapshots/13ddceec4e8bdf401e7cd7acf5aebc526222518c,runs/mit-b1_skd_j9200315/student_skd.ckpt,skd,GP020402_frame_000835_rgb_anon,/home/manors/Guardrail-Distillation/data/acdc/rgb_anon/rain/val/GP020402/GP020402_frame_000835_rgb_anon.png,rain,0.37120124316480135,0.6287987568351987,0.9325765371322632,0.9444426894187927,0.12659521400928497,0.1536315530538559,0.3055148124694824,0.8730382919311523,0.39710426330566406,-5.941814422607422,5.872113227844238,0.01978052407503128,0.07538191974163055,259346,3.652911458630115,13.382965291384608,11.959547002334148,0.29915635189084494,0.7008436481091551,85390,0.024855907780979826,0.9751440922190202,957,0.15574735403060913,0.0014086903538554907,12.131260999012738,0.5009896755218506,0.4990103244781494,0.5793195962905884,0.5994305610656738,0.1697685867547989,0.5423404574394226,0.4576595425605774,0.6389403343200684,0.6925987601280212,0.5052554607391357,0.5423404574394226,0.4576595425605774,0.5423404574394226,0.4576595425605774,0.3633604994527077,0.6366395005472922,0.9011321067810059,0.3119845437545897,0.6880154562454103,0.012828191863744842,0.28304077455919396,0.716959225440806,0.2581848667782142,0.0,0.0,0.02973248064517975,0.06117695942521095,1.0,0.0,0.10488305240869522,0.0019394939299672842,218533
acdc_b1_mit-b1_guard_gt_risk_s137_j13387384,2026-07-10 23:13:38,acdc,val,all,student_skd,/scratch/gautschi/manors/hf_cache/hub/models--nvidia--mit-b1/snapshots/13ddceec4e8bdf401e7cd7acf5aebc526222518c,runs/mit-b1_skd_j9200315/student_skd.ckpt,skd,GP020402_frame_000843_rgb_anon,/home/manors/Guardrail-Distillation/data/acdc/rgb_anon/rain/val/GP020402/GP020402_frame_000843_rgb_anon.png,rain,0.2906698261126444,0.7093301738873556,0.8815714716911316,0.9348269701004028,0.1418653130531311,0.1802695095539093,0.3489079475402832,0.852980375289917,0.48661109805107117,-4.980409622192383,4.896659851074219,0.027968838810920715,0.09534777700901031,252245,3.652911458630115,13.382965291384608,11.959547002334148,0.14338802134500078,0.8566119786549993,79641,0.18352309080422435,0.8164769091957756,40370,0.1845468282699585,0.0027580391615629196,12.131260999012738,0.5163198113441467,0.48368018865585327,0.6384507417678833,0.6763366460800171,0.463927298784256,0.6139454245567322,0.3860545754432678,0.8408726453781128,0.9289610981941223,0.5404087901115417,0.6139454245567322,0.3860545754432678,0.6139454245567322,0.3860545754432678,0.3777838493476951,0.622216150652305,0.8634700179100037,0.2845154067307284,0.7154845932692716,0.14112738538572767,0.2126741521907028,0.7873258478092973,0.029151061386478383,0.08711402323505069,0.08711402323505069,0.06627286970615387,0.0843743160367012,0.9128859767649493,0.08711402323505069,0.17687565088272095,0.004487700294703245,206496
acdc_b1_mit-b1_guard_gt_risk_s137_j13387384,2026-07-10 23:13:38,acdc,val,all,student_skd,/scratch/gautschi/manors/hf_cache/hub/models--nvidia--mit-b1/snapshots/13ddceec4e8bdf401e7cd7acf5aebc526222518c,runs/mit-b1_skd_j9200315/student_skd.ckpt,skd,GP020402_frame_000863_rgb_anon,/home/manors/Guardrail-Distillation/data/acdc/rgb_anon/rain/val/GP020402/GP020402_frame_000863_rgb_anon.png,rain,0.4303143998994999,0.5696856001005002,0.7506158351898193,0.9191383123397827,0.1392044574022293,0.21407361328601837,0.3120958209037781,0.8198108673095703,0.56052565574646,-4.127013206481934,4.02789306640625,0.016315815970301628,0.10929524898529053,260606,3.652911458630115,13.382965291384608,11.959547002334148,0.34460384205681,0.65539615794319,86711,0.6758250406542751,0.32417495934572493,104398,0.22282078862190247,0.006140332203358412,12.131260999012738,0.5126162171363831,0.48738378286361694,0.6001639366149902,0.6297458410263062,0.2014627903699875,0.5501960515975952,0.4498039484024048,0.6058096289634705,0.7222908735275269,0.5030285120010376,0.5501960515975952,0.4498039484024048,0.5501960515975952,0.4498039484024048,0.465430796621481,0.534569203378519,0.7998433709144592,0.3313449440980165,0.6686550559019835,0.0,0.5078540516774738,0.4921459483225262,0.0,0.03511639672198119,0.03511639672198119,0.08243094384670258,0.033203378319740295,0.9648836032780188,0.03511639672198119,0.17727142572402954,0.030298609286546707,195484
acdc_b1_mit-b1_guard_gt_risk_s137_j13387384,2026-07-10 23:13:38,acdc,val,all,student_skd,/scratch/gautschi/manors/hf_cache/hub/models--nvidia--mit-b1/snapshots/13ddceec4e8bdf401e7cd7acf5aebc526222518c,runs/mit-b1_skd_j9200315/student_skd.ckpt,skd,GP020402_frame_000883_rgb_anon,/home/manors/Guardrail-Distillation/data/acdc/rgb_anon/rain/val/GP020402/GP020402_frame_000883_rgb_anon.png,rain,0.3965830528222844,0.6034169471777155,0.8844709396362305,0.9401061534881592,0.12967513501644135,0.16461744904518127,0.30646222829818726,0.8594538569450378,0.4506534934043884,-6.012546062469482,5.937732696533203,0.01954963430762291,0.08338397741317749,256680,3.66011424921453,13.356687733903527,11.926319217309356,0.3039066933057339,0.6960933066942661,82590,0.5290598715790612,0.4709401284209388,42652,0.16809500753879547,0.002035863697528839,12.044417962897569,0.5227745771408081,0.4772254228591919,0.6250779032707214,0.6499772071838379,0.19885511696338654,0.5495505928993225,0.4504494071006775,0.6523303389549255,0.717542827129364,0.5122016668319702,0.5495505928993225,0.4504494071006775,0.5495505928993225,0.4504494071006775,0.5694804664960914,0.4305195335039086,0.9279453158378601,0.4994579184059688,0.5005420815940311,0.19555122510023493,0.5933578376767573,0.4066421623232427,0.06429796609769611,0.17289741367380695,0.17289741367380695,0.07129110395908356,0.027816737070679665,0.827102586326193,0.17289741367380695,0.10746064782142639,0.025931119918823242,213168
acdc_b1_mit-b1_guard_gt_risk_s137_j13387384,2026-07-10 23:13:38,acdc,val,all,student_skd,/scratch/gautschi/manors/hf_cache/hub/models--nvidia--mit-b1/snapshots/13ddceec4e8bdf401e7cd7acf5aebc526222518c,runs/mit-b1_skd_j9200315/student_skd.ckpt,skd,GP020402_frame_000898_rgb_anon,/home/manors/Guardrail-Distillation/data/acdc/rgb_anon/rain/val/GP020402/GP020402_frame_000898_rgb_anon.png,rain,0.5967487975854963,0.40325120241450374,0.8763339519500732,0.937332272529602,0.13623279333114624,0.15321588516235352,0.2948412597179413,0.8785513639450073,0.35127368569374084,-5.974815845489502,5.895759105682373,0.022769229486584663,0.09334304928779602,259473,3.66011424921453,13.356687733903527,11.926319217309356,0.5821004722684886,0.4178995277315114,85562,0.9922852869400929,0.007714713059907119,12703,0.1545061469078064,0.001298260991461575,12.044417962897569,0.5100729465484619,0.4899270534515381,0.5975399017333984,0.6246993541717529,0.15607208013534546,0.5389389991760254,0.4610610008239746,0.6386141180992126,0.6742113828659058,0.5048871636390686,0.5389389991760254,0.4610610008239746,0.5389389991760254,0.4610610008239746,0.7287819726429441,0.2712180273570559,0.9191322326660156,0.5892710313808008,0.41072896861919916,0.007170559112312236,0.9820514839014406,0.01794851609855941,0.0,0.13203317505744783,0.13203317505744783,0.08594729006290436,0.04314899817109108,0.8679668249425522,0.13203317505744783,0.13841132819652557,0.03941065073013306,211084
acdc_b1_mit-b1_guard_gt_risk_s137_j13387384,2026-07-10 23:13:38,acdc,val,all,student_skd,/scratch/gautschi/manors/hf_cache/hub/models--nvidia--mit-b1/snapshots/13ddceec4e8bdf401e7cd7acf5aebc526222518c,runs/mit-b1_skd_j9200315/student_skd.ckpt,skd,GP020402_frame_000904_rgb_anon,/home/manors/Guardrail-Distillation/data/acdc/rgb_anon/rain/val/GP020402/GP020402_frame_000904_rgb_anon.png,rain,0.443710837424681,0.556289162575319,0.9106152057647705,0.9507121443748474,0.11814075708389282,0.1300208866596222,0.26673778891563416,0.8836371302604675,0.3738479018211365,-5.531310081481934,5.470208168029785,0.012876751832664013,0.06902637332677841,257829,3.66011424921453,13.356687733903527,11.926319217309356,0.302290207370918,0.6977097926290821,83695,0.49145550972304064,0.5085444902769594,1991,0.13184577226638794,0.0011281513143330812,12.044417962897569,0.49348166584968567,0.5065183341503143,0.5765684247016907,0.5911750197410583,0.17595899105072021,0.543876588344574,0.456123411655426,0.6419873833656311,0.7045084834098816,0.504993736743927,0.543876588344574,0.456123411655426,0.543876588344574,0.456123411655426,0.4629949327406697,0.5370050672593303,0.9378153681755066,0.3422939553182165,0.6577060446817835,0.04000374794729855,0.2858269268677311,0.7141730731322689,0.0,0.019284095315988736,0.019284095315988736,0.040026530623435974,0.012826330959796906,0.9807159046840113,0.019284095315988736,0.06445357203483582,0.006306505762040615,221226
acdc_b1_mit-b1_guard_gt_risk_s137_j13387384,2026-07-10 23:13:38,acdc,val,all,student_skd,/scratch/gautschi/manors/hf_cache/hub/models--nvidia--mit-b1/snapshots/13ddceec4e8bdf401e7cd7acf5aebc526222518c,runs/mit-b1_skd_j9200315/student_skd.ckpt,skd,GP020402_frame_000909_rgb_anon,/home/manors/Guardrail-Distillation/data/acdc/rgb_anon/rain/val/GP020402/GP020402_frame_000909_rgb_anon.png,rain,0.4991824248033329,0.500817575196667,0.8601140379905701,0.9408829212188721,0.13198746740818024,0.16199015080928802,0.31035372614860535,0.8543686866760254,0.49150314927101135,-4.941286087036133,4.866696357727051,0.020903995260596275,0.0854649543762207,254736,3.66011424921453,13.356687733903527,11.926319217309356,0.41306139937951736,0.5869386006204826,83115,0.4381618381618382,0.5618381618381618,5005,0.16428619623184204,0.0011206938652321696,12.044417962897569,0.5032706260681152,0.49672937393188477,0.5854695439338684,0.6048813462257385,0.24467982351779938,0.5608665943145752,0.4391334056854248,0.683818519115448,0.7482880353927612,0.5187183618545532,0.5608665943145752,0.4391334056854248,0.5608665943145752,0.4391334056854248,0.41048903657593644,0.5895109634240636,0.8719262480735779,0.3502935134737184,0.6497064865262816,0.0,0.16663336663336664,0.8333666333666334,0.0,0.0,0.0,0.024782519787549973,0.012970291078090668,1.0,0.0,0.06444711238145828,0.000871490512508899,213539
acdc_b1_mit-b1_guard_gt_risk_s137_j13387384,2026-07-10 23:13:38,acdc,val,all,student_skd,/scratch/gautschi/manors/hf_cache/hub/models--nvidia--mit-b1/snapshots/13ddceec4e8bdf401e7cd7acf5aebc526222518c,runs/mit-b1_skd_j9200315/student_skd.ckpt,skd,GP020402_frame_000914_rgb_anon,/home/manors/Guardrail-Distillation/data/acdc/rgb_anon/rain/val/GP020402/GP020402_frame_000914_rgb_anon.png,rain,0.46033041459136387,0.5396695854086362,0.9106643199920654,0.9248484969139099,0.13967454433441162,0.18326328694820404,0.2938012480735779,0.848744809627533,0.43394020199775696,-5.780911445617676,5.687751293182373,0.014807933941483498,0.1106698215007782,254053,3.6938394769094884,13.364322774577886,11.902341502718627,0.43301356831272136,0.5669864316872786,80632,0.46517582792762036,0.5348241720723796,11716,0.1856142282485962,0.0014635779662057757,12.03978550620377,0.5184562802314758,0.48154371976852417,0.6044265031814575,0.6239182353019714,0.22539763152599335,0.5561120510101318,0.44388794898986816,0.6736502647399902,0.7163181304931641,0.5163384079933167,0.5561120510101318,0.44388794898986816,0.5561120510101318,0.44388794898986816,0.48445555863370054,0.5155444413662995,0.965326189994812,0.4712871193792269,0.528712880620773,0.03827355106650554,0.4894161829976101,0.51058381700239,0.024240355069989672,0.024125144042336677,0.024125144042336677,0.06573431938886642,0.01107249315828085,0.9758748559576633,0.024125144042336677,0.08045171946287155,0.007695245090872049,197442
acdc_b1_mit-b1_guard_gt_risk_s137_j13387384,2026-07-10 23:13:38,acdc,val,all,student_skd,/scratch/gautschi/manors/hf_cache/hub/models--nvidia--mit-b1/snapshots/13ddceec4e8bdf401e7cd7acf5aebc526222518c,runs/mit-b1_skd_j9200315/student_skd.ckpt,skd,GP020402_frame_000919_rgb_anon,/home/manors/Guardrail-Distillation/data/acdc/rgb_anon/rain/val/GP020402/GP020402_frame_000919_rgb_anon.png,rain,0.36006929841396734,0.6399307015860327,0.8725453019142151,0.9651292562484741,0.10207190364599228,0.09365048259496689,0.23614740371704102,0.9145976901054382,0.2848306894302368,-5.913810729980469,5.870511531829834,0.010475892573595047,0.04755406081676483,255730,3.6938394769094884,13.364322774577886,11.902341502718627,0.31613215906579706,0.6838678409342029,81594,0.464346731409046,0.5356532685909541,11121,0.09515132009983063,0.000889722490683198,12.03978550620377,0.5333167910575867,0.46668320894241333,0.6877138018608093,0.7078257203102112,0.10087968409061432,0.5251985788345337,0.4748014211654663,0.5872448086738586,0.6312509179115295,0.5235824584960938,0.5251985788345337,0.4748014211654663,0.5251985788345337,0.4748014211654663,0.4472095568953441,0.552790443104656,0.9105814695358276,0.3954302997480735,0.6045697002519266,0.07929814068227636,0.9690675298983904,0.0309324701016096,0.5047207984893445,0.08714025848137674,0.08714025848137674,0.04601728543639183,0.007981074042618275,0.9128597415186233,0.08714025848137674,0.059699684381484985,0.015958238393068314,229774
acdc_b1_mit-b1_guard_gt_risk_s137_j13387384,2026-07-10 23:13:38,acdc,val,all,student_skd,/scratch/gautschi/manors/hf_cache/hub/models--nvidia--mit-b1/snapshots/13ddceec4e8bdf401e7cd7acf5aebc526222518c,runs/mit-b1_skd_j9200315/student_skd.ckpt,skd,GP020402_frame_000939_rgb_anon,/home/manors/Guardrail-Distillation/data/acdc/rgb_anon/rain/val/GP020402/GP020402_frame_000939_rgb_anon.png,rain,0.3123654354391575,0.6876345645608425,0.815329909324646,0.907501220703125,0.16091284155845642,0.25615978240966797,0.3993884027004242,0.8076009154319763,0.596007227897644,-5.293503761291504,5.174962520599365,0.04045282304286957,0.1350269764661789,247869,3.6938394769094884,13.364322774577886,11.902341502718627,0.235021086100604,0.764978913899396,76016,0.2230240047389925,0.7769759952610075,8439,0.26066526770591736,0.0033588504884392023,12.03978550620377,0.5314705967903137,0.4685294032096863,0.6252590417861938,0.6483786702156067,0.34010571241378784,0.5842161774635315,0.4157838225364685,0.7138090133666992,0.7572644948959351,0.5288809537887573,0.5842161774635315,0.4157838225364685,0.5842161774635315,0.4157838225364685,0.5494988015282146,0.4505011984717854,0.8999431729316711,0.4285919756230633,0.5714080243769367,0.19357088952245927,0.6454095789995804,0.3545904210004196,0.42238557426058787,0.2371333660890571,0.2371333660890571,0.10562030971050262,0.02100706472992897,0.7628666339109429,0.2371333660890571,0.17712178826332092,0.03529687225818634,182934
acdc_b1_mit-b1_guard_gt_risk_s137_j13387384,2026-07-10 23:13:38,acdc,val,all,student_skd,/scratch/gautschi/manors/hf_cache/hub/models--nvidia--mit-b1/snapshots/13ddceec4e8bdf401e7cd7acf5aebc526222518c,runs/mit-b1_skd_j9200315/student_skd.ckpt,skd,GP020402_frame_000946_rgb_anon,/home/manors/Guardrail-Distillation/data/acdc/rgb_anon/rain/val/GP020402/GP020402_frame_000946_rgb_anon.png,rain,0.3181028617847043,0.6818971382152956,0.7802437543869019,0.9309769868850708,0.13979680836200714,0.1820765882730484,0.32845133543014526,0.8581703305244446,0.42562684416770935,-5.930048942565918,5.843142509460449,0.021840376779437065,0.09980205446481705,223302,3.6938394769094884,13.364322774577886,11.902341502718627,0.22546944348739725,0.7745305565126027,86349,0.4936379641485275,0.5063620358514724,12637,0.1853523999452591,0.00195851712487638,12.03978550620377,0.5221704244613647,0.47782957553863525,0.6059508919715881,0.627458393573761,0.20444481074810028,0.5509338974952698,0.4490661025047302,0.6852371692657471,0.7356345057487488,0.5168576240539551,0.5509338974952698,0.4490661025047302,0.5509338974952698,0.4490661025047302,0.4697176579639136,0.5302823420360864,0.837453305721283,0.3687641655456673,0.6312358344543327,0.14329472205826999,0.48840729822324913,0.5115927017767509,0.0,0.15161479617920925,0.15161479617920925,0.06742437928915024,0.01021486520767212,0.8483852038207907,0.15161479617920925,0.14261850714683533,0.03182237222790718,178043
acdc_b1_mit-b1_guard_gt_risk_s137_j13387384,2026-07-10 23:13:38,acdc,val,all,student_skd,/scratch/gautschi/manors/hf_cache/hub/models--nvidia--mit-b1/snapshots/13ddceec4e8bdf401e7cd7acf5aebc526222518c,runs/mit-b1_skd_j9200315/student_skd.ckpt,skd,GP020402_frame_000951_rgb_anon,/home/manors/Guardrail-Distillation/data/acdc/rgb_anon/rain/val/GP020402/GP020402_frame_000951_rgb_anon.png,rain,0.2863590543778214,0.7136409456221786,0.8609207272529602,0.9203789830207825,0.15663470327854156,0.21329660713672638,0.37774282693862915,0.8388792276382446,0.4923132061958313,-5.544875621795654,5.441187381744385,0.04212578013539314,0.1125246062874794,255473,3.8165682344697416,13.410828250925988,11.931982007808983,0.19370292128562067,0.8062970787143793,82251,0.4826637140145524,0.5173362859854476,15847,0.21584263443946838,0.001848402083851397,12.116211000829935,0.5554755330085754,0.44452446699142456,0.6963996291160583,0.7202924489974976,0.269342839717865,0.5669315457344055,0.4330684542655945,0.7057318687438965,0.771104633808136,0.5446168184280396,0.5669315457344055,0.4330684542655945,0.5669315457344055,0.4330684542655945,0.3714240964323095,0.6285759035676906,0.9149303436279297,0.28816536909680496,0.7118346309031951,0.09446244781118418,0.48171927383136187,0.5182807261686382,0.0,0.08506504205448806,0.08506504205448806,0.07443839311599731,0.020428773015737534,0.9149349579455119,0.08506504205448806,0.12544181942939758,0.019688967615365982,199982
acdc_b1_mit-b1_guard_gt_risk_s137_j13387384,2026-07-10 23:13:38,acdc,val,all,student_skd,/scratch/gautschi/manors/hf_cache/hub/models--nvidia--mit-b1/snapshots/13ddceec4e8bdf401e7cd7acf5aebc526222518c,runs/mit-b1_skd_j9200315/student_skd.ckpt,skd,GP020402_frame_000966_rgb_anon,/home/manors/Guardrail-Distillation/data/acdc/rgb_anon/rain/val/GP020402/GP020402_frame_000966_rgb_anon.png,rain,0.38956515410152476,0.6104348458984752,0.9318673610687256,0.9561139345169067,0.11547712981700897,0.11740297824144363,0.27826738357543945,0.9034868478775024,0.30359846353530884,-6.321909427642822,6.266645908355713,0.013315594755113125,0.0605795755982399,258569,3.8165682344697416,13.410828250925988,11.931982007808983,0.312929223345476,0.687070776654524,84103,0.19601250977326037,0.8039874902267397,7913,0.11908389627933502,0.0011001646053045988,12.116211000829935,0.5211923718452454,0.47880762815475464,0.652849555015564,0.7024022936820984,0.132817342877388,0.533155620098114,0.466844379901886,0.6250477433204651,0.6967688798904419,0.5148156881332397,0.533155620098114,0.466844379901886,0.533155620098114,0.466844379901886,0.43907169414846225,0.5609283058515377,0.9596278071403503,0.36555358445823233,0.6344464155417677,0.05262436111275626,0.3211532728589072,0.6788467271410927,0.12514076308564692,0.04950654004693744,0.04950654004693744,0.03808654844760895,0.010326064191758633,0.9504934599530626,0.04950654004693744,0.05677014961838722,0.004695071838796139,225170
acdc_b1_mit-b1_guard_gt_risk_s137_j13387384,2026-07-10 23:13:38,acdc,val,all,student_skd,/scratch/gautschi/manors/hf_cache/hub/models--nvidia--mit-b1/snapshots/13ddceec4e8bdf401e7cd7acf5aebc526222518c,runs/mit-b1_skd_j9200315/student_skd.ckpt,skd,GP020402_frame_000971_rgb_anon,/home/manors/Guardrail-Distillation/data/acdc/rgb_anon/rain/val/GP020402/GP020402_frame_000971_rgb_anon.png,rain,0.36893512405566986,0.6310648759443301,0.8778090476989746,0.9482371807098389,0.12336862087249756,0.14009420573711395,0.29306185245513916,0.8836856484413147,0.3664166033267975,-5.938468933105469,5.873564720153809,0.018287526443600655,0.0705387145280838,255420,3.8165682344697416,13.410828250925988,11.931982007808983,0.21380752150884105,0.7861924784911589,81311,0.1158256880733945,0.8841743119266054,6657,0.14222227036952972,0.0014684338821098208,12.116211000829935,0.5175316333770752,0.4824683666229248,0.627426028251648,0.6523914337158203,0.15268956124782562,0.5380983948707581,0.46190160512924194,0.6325591802597046,0.7043963074684143,0.5092899203300476,0.5380983948707581,0.46190160512924194,0.5380983948707581,0.46190160512924194,0.4210246717357392,0.5789753282642608,0.9298253655433655,0.2737818665851726,0.7262181334148274,0.05997434507633148,0.3143490724214398,0.6856509275785603,0.19852338434804517,0.05208954768006935,0.05208954768006935,0.06411009281873703,0.012093805707991123,0.9479104523199307,0.05208954768006935,0.09911126643419266,0.025005871430039406,217296
acdc_b1_mit-b1_guard_gt_risk_s137_j13387384,2026-07-10 23:13:38,acdc,val,all,student_skd,/scratch/gautschi/manors/hf_cache/hub/models--nvidia--mit-b1/snapshots/13ddceec4e8bdf401e7cd7acf5aebc526222518c,runs/mit-b1_skd_j9200315/student_skd.ckpt,skd,GP020402_frame_000976_rgb_anon,/home/manors/Guardrail-Distillation/data/acdc/rgb_anon/rain/val/GP020402/GP020402_frame_000976_rgb_anon.png,rain,0.35241548795567784,0.6475845120443222,0.8922736048698425,0.9524710178375244,0.12057036906480789,0.13330523669719696,0.2965792119503021,0.8896732330322266,0.3533819913864136,-5.979300022125244,5.919238567352295,0.01879260689020157,0.0665147453546524,254515,3.8165682344697416,13.410828250925988,11.931982007808983,0.2686362238229144,0.7313637761770856,80719,0.9619181946403385,0.03808180535966155,2836,0.13566122949123383,0.0014171234797686338,12.116211000829935,0.5293135046958923,0.47068649530410767,0.6691645979881287,0.7115036845207214,0.1658775806427002,0.5413746237754822,0.4586253762245178,0.6203119158744812,0.7173498868942261,0.5200831294059753,0.5413746237754822,0.4586253762245178,0.5413746237754822,0.4586253762245178,0.41590187844163884,0.5840981215583612,0.9258040189743042,0.35322133860225724,0.6467786613977428,0.08458511477934283,0.9781382228490832,0.02186177715091675,0.016220028208744797,0.06348639048596105,0.06348639048596105,0.05127399414777756,0.01774355210363865,0.936513609514039,0.06348639048596105,0.08466298878192902,0.026945367455482483,220534
acdc_b1_mit-b1_guard_gt_risk_s137_j13387384,2026-07-10 23:13:39,acdc,val,all,student_skd,/scratch/gautschi/manors/hf_cache/hub/models--nvidia--mit-b1/snapshots/13ddceec4e8bdf401e7cd7acf5aebc526222518c,runs/mit-b1_skd_j9200315/student_skd.ckpt,skd,GP020402_frame_000981_rgb_anon,/home/manors/Guardrail-Distillation/data/acdc/rgb_anon/rain/val/GP020402/GP020402_frame_000981_rgb_anon.png,rain,0.4196626400960734,0.5803373599039265,0.9318023920059204,0.9485287070274353,0.1239796131849289,0.1383552849292755,0.296373188495636,0.8859153389930725,0.35893312096595764,-6.082396030426025,6.017561435699463,0.016641993075609207,0.07318078726530075,254657,3.6586595233529806,13.355140283238143,11.960557254496962,0.3657256623974224,0.6342743376025777,80592,0.3248551943198804,0.6751448056801196,14350,0.14027287065982819,0.001275516813620925,12.012232735287398,0.5218111872673035,0.47818881273269653,0.6391053199768066,0.6910272240638733,0.19513845443725586,0.54863041639328,0.45136958360671997,0.6470295786857605,0.7468934655189514,0.525439441204071,0.54863041639328,0.45136958360671997,0.54863041639328,0.45136958360671997,0.443243508524835,0.556756491475165,0.9359177350997925,0.4105719902243018,0.5894280097756982,0.04484632782687947,0.4914209678548918,0.5085790321451082,0.16656577353501134,0.023580868428761503,0.023580868428761503,0.023380469530820847,0.019265130162239075,0.9764191315712385,0.023580868428761503,0.05898522585630417,0.0019987670239061117,216963
acdc_b1_mit-b1_guard_gt_risk_s137_j13387384,2026-07-10 23:13:39,acdc,val,all,student_skd,/scratch/gautschi/manors/hf_cache/hub/models--nvidia--mit-b1/snapshots/13ddceec4e8bdf401e7cd7acf5aebc526222518c,runs/mit-b1_skd_j9200315/student_skd.ckpt,skd,GP020402_frame_000994_rgb_anon,/home/manors/Guardrail-Distillation/data/acdc/rgb_anon/rain/val/GP020402/GP020402_frame_000994_rgb_anon.png,rain,0.3176356692846394,0.6823643307153606,0.8524962067604065,0.9129746556282043,0.154307559132576,0.24596810340881348,0.3827771842479706,0.8051728010177612,0.6192797422409058,-4.779284477233887,4.668703079223633,0.03576868027448654,0.12226028740406036,250163,3.6586595233529806,13.355140283238143,11.960557254496962,0.2262611129127805,0.7737388870872195,76862,0.26479750778816197,0.7352024922118381,1284,0.24913205206394196,0.002060959581285715,12.012232735287398,0.5033999085426331,0.49660009145736694,0.5874912142753601,0.6068349480628967,0.3079237639904022,0.5763784050941467,0.42362159490585327,0.7095062732696533,0.777854323387146,0.5193935036659241,0.5763784050941467,0.42362159490585327,0.5763784050941467,0.42362159490585327,0.2956151457707826,0.7043848542292175,0.8800622224807739,0.2326162219910341,0.7673837780089658,0.006355109078253651,0.025311526479750778,0.9746884735202492,0.0,0.0,0.0,0.08344559371471405,0.05587956681847572,1.0,0.0,0.1631016582250595,0.03366205468773842,188037
acdc_b1_mit-b1_guard_gt_risk_s137_j13387384,2026-07-10 23:13:39,acdc,val,all,student_skd,/scratch/gautschi/manors/hf_cache/hub/models--nvidia--mit-b1/snapshots/13ddceec4e8bdf401e7cd7acf5aebc526222518c,runs/mit-b1_skd_j9200315/student_skd.ckpt,skd,GP020402_frame_001000_rgb_anon,/home/manors/Guardrail-Distillation/data/acdc/rgb_anon/rain/val/GP020402/GP020402_frame_001000_rgb_anon.png,rain,0.3014584125919833,0.6985415874080168,0.831750214099884,0.9079944491386414,0.1549810916185379,0.24994342029094696,0.36359137296676636,0.7998386025428772,0.6216571927070618,-4.2721076011657715,4.156259536743164,0.033958811312913895,0.13102181255817413,249302,3.6586595233529806,13.355140283238143,11.960557254496962,0.2201093776430277,0.7798906223569723,75990,0.3073299087295977,0.6926700912704022,6302,0.25337180495262146,0.002437056042253971,12.012232735287398,0.5309516787528992,0.46904832124710083,0.6546812653541565,0.6839679479598999,0.368926078081131,0.5911994576454163,0.40880054235458374,0.7312548756599426,0.8295742273330688,0.5503857731819153,0.5911994576454163,0.40880054235458374,0.5911994576454163,0.40880054235458374,0.32024591745360176,0.6797540825463982,0.8828929662704468,0.26689942214345,0.73310057785655,0.046790044500422234,0.23211361144716203,0.767886388552838,0.0,0.01878750486161851,0.01878750486161851,0.07933349162340164,0.02819070778787136,0.9812124951383815,0.01878750486161851,0.1420084834098816,0.01691121608018875,183183
acdc_b1_mit-b1_guard_gt_risk_s137_j13387384,2026-07-10 23:13:39,acdc,val,all,student_skd,/scratch/gautschi/manors/hf_cache/hub/models--nvidia--mit-b1/snapshots/13ddceec4e8bdf401e7cd7acf5aebc526222518c,runs/mit-b1_skd_j9200315/student_skd.ckpt,skd,GP020402_frame_001020_rgb_anon,/home/manors/Guardrail-Distillation/data/acdc/rgb_anon/rain/val/GP020402/GP020402_frame_001020_rgb_anon.png,rain,0.3572014639926165,0.6427985360073836,0.9083374738693237,0.9503759741783142,0.12654225528240204,0.1440737098455429,0.3219829499721527,0.876166582107544,0.4211231470108032,-5.8666863441467285,5.802714824676514,0.0235932357609272,0.06909778714179993,237229,3.6586595233529806,13.355140283238143,11.960557254496962,0.31285145082692706,0.6871485491730729,68762,0.17902628118114533,0.8209737188188546,4257,0.14689220488071442,0.0019260746194049716,12.012232735287398,0.5037330985069275,0.4962669014930725,0.584129273891449,0.6161813139915466,0.14603376388549805,0.5364436507225037,0.46355634927749634,0.6198377013206482,0.683093249797821,0.5128009915351868,0.5364436507225037,0.46355634927749634,0.5364436507225037,0.46355634927749634,0.43583340796664716,0.5641665920333528,0.9260250329971313,0.3535102142159812,0.6464897857840188,0.04065876338905405,0.22884454238608415,0.7711554576139159,0.04981826120493871,0.07863194397403073,0.07863194397403073,0.03570389747619629,0.01801634579896927,0.9213680560259693,0.07863194397403073,0.07073333859443665,0.007435852661728859,205395
acdc_b1_mit-b1_guard_gt_risk_s137_j13387384,2026-07-10 23:13:39,acdc,val,all,student_skd,/scratch/gautschi/manors/hf_cache/hub/models--nvidia--mit-b1/snapshots/13ddceec4e8bdf401e7cd7acf5aebc526222518c,runs/mit-b1_skd_j9200315/student_skd.ckpt,skd,GP030400_frame_000121_rgb_anon,/home/manors/Guardrail-Distillation/data/acdc/rgb_anon/rain/val/GP030400/GP030400_frame_000121_rgb_anon.png,rain,0.42964443130596663,0.5703555686940334,0.8862713575363159,0.9573370218276978,0.1145758181810379,0.11309690773487091,0.2652199864387512,0.9023131728172302,0.3169704079627991,-5.118497371673584,5.064819812774658,0.015569147653877735,0.06011006236076355,247862,3.751352720428258,13.374250207562,11.94035675143823,0.3185939717517219,0.6814060282482781,75379,0.7971598877980365,0.20284011220196352,5704,0.11475049704313278,0.0012886426411569118,12.023454997688532,0.5520737171173096,0.44792628288269043,0.6446554064750671,0.6687548160552979,0.1344785839319229,0.5335690379142761,0.4664309620857239,0.618595540523529,0.6831839680671692,0.5234786868095398,0.5335690379142761,0.4664309620857239,0.5335690379142761,0.4664309620857239,0.4854921937312071,0.5145078062687929,0.9106276631355286,0.29822758146143596,0.7017724185385641,0.0,0.37955820476858343,0.6204417952314165,0.0,0.05584776242524048,0.05584776242524048,0.03524945303797722,0.010893158614635468,0.9441522375747595,0.05584776242524048,0.06053771823644638,0.0036310527939349413,217314
acdc_b1_mit-b1_guard_gt_risk_s137_j13387384,2026-07-10 23:13:39,acdc,val,all,student_skd,/scratch/gautschi/manors/hf_cache/hub/models--nvidia--mit-b1/snapshots/13ddceec4e8bdf401e7cd7acf5aebc526222518c,runs/mit-b1_skd_j9200315/student_skd.ckpt,skd,GP030400_frame_000129_rgb_anon,/home/manors/Guardrail-Distillation/data/acdc/rgb_anon/rain/val/GP030400/GP030400_frame_000129_rgb_anon.png,rain,0.493396323986025,0.5066036760139749,0.8830376267433167,0.9495711922645569,0.12106450647115707,0.13304132223129272,0.2777661383152008,0.8855100870132446,0.3584343492984772,-5.859102725982666,5.79600715637207,0.01439367700368166,0.07047727704048157,245455,3.751352720428258,13.374250207562,11.94035675143823,0.3915531024462886,0.6084468975537114,71835,0.28141135972461273,0.7185886402753873,635,0.13481977581977844,0.001374430488795042,12.023454997688532,0.49236544966697693,0.5076345503330231,0.5708937644958496,0.5866732597351074,0.138614684343338,0.5345982909202576,0.46540170907974243,0.6165528893470764,0.6716987490653992,0.49806085228919983,0.5345982909202576,0.46540170907974243,0.5345982909202576,0.46540170907974243,0.4525577542769971,0.5474422457230028,0.8807031512260437,0.26525422688287603,0.734745773117124,0.0,0.3095667870036101,0.6904332129963899,0.028155427278997336,0.0,0.0,0.026595506817102432,0.028929946944117546,1.0,0.0,0.08298873156309128,0.003878511255607009,209826
acdc_b1_mit-b1_guard_gt_risk_s137_j13387384,2026-07-10 23:13:39,acdc,val,all,student_skd,/scratch/gautschi/manors/hf_cache/hub/models--nvidia--mit-b1/snapshots/13ddceec4e8bdf401e7cd7acf5aebc526222518c,runs/mit-b1_skd_j9200315/student_skd.ckpt,skd,GP030400_frame_000135_rgb_anon,/home/manors/Guardrail-Distillation/data/acdc/rgb_anon/rain/val/GP030400/GP030400_frame_000135_rgb_anon.png,rain,0.34870915031729777,0.6512908496827022,0.9344726204872131,0.9711781740188599,0.09324594587087631,0.08242785930633545,0.2260323017835617,0.9124108552932739,0.32893604040145874,-5.116261005401611,5.080329895019531,0.008750112727284431,0.037134625017642975,243654,3.751352720428258,13.374250207562,11.94035675143823,0.2645226007503956,0.7354773992496044,72272,0.7753295120605331,0.22467048793946687,33629,0.08511608093976974,0.001386734889820218,12.023454997688532,0.49742060899734497,0.502579391002655,0.5718590021133423,0.5915582180023193,0.10737712681293488,0.5268185138702393,0.47318148612976074,0.5747551321983337,0.6177526712417603,0.4946591556072235,0.5268185138702393,0.47318148612976074,0.5268185138702393,0.47318148612976074,0.37489974023995193,0.6251002597600481,0.8362431526184082,0.28905086462914165,0.7109491353708584,0.02452826387874607,0.5530460454943513,0.4469539545056487,0.0,0.026190589922654106,0.026190589922654106,0.020377255976200104,0.11860670894384384,0.9738094100773459,0.026190589922654106,0.15934069454669952,0.006833460181951523,224196
acdc_b1_mit-b1_guard_gt_risk_s137_j13387384,2026-07-10 23:13:39,acdc,val,all,student_skd,/scratch/gautschi/manors/hf_cache/hub/models--nvidia--mit-b1/snapshots/13ddceec4e8bdf401e7cd7acf5aebc526222518c,runs/mit-b1_skd_j9200315/student_skd.ckpt,skd,GP030400_frame_000154_rgb_anon,/home/manors/Guardrail-Distillation/data/acdc/rgb_anon/rain/val/GP030400/GP030400_frame_000154_rgb_anon.png,rain,0.19519792132044944,0.8048020786795506,0.6920478343963623,0.9456465244293213,0.11641313880681992,0.14903950691223145,0.27005189657211304,0.8669365048408508,0.4307512938976288,-4.8416748046875,4.775615215301514,0.010739510878920555,0.06563874334096909,251315,3.751352720428258,13.374250207562,11.94035675143823,0.09796335341567283,0.9020366465843271,77198,0.11416725992219878,0.8858327400778012,60523,0.15413159132003784,0.0038857890758663416,12.023454997688532,0.501268208026886,0.498731791973114,0.5596331357955933,0.5860365629196167,0.12019718438386917,0.5300131440162659,0.46998685598373413,0.6072840094566345,0.639580249786377,0.4853413999080658,0.5300131440162659,0.46998685598373413,0.5300131440162659,0.46998685598373413,0.31271012038540597,0.6872898796145941,0.6603863835334778,0.19423043826244413,0.8057695617375559,0.09626708484677127,0.28167319544063363,0.7183268045593664,0.16750593551843485,0.11751219906495647,0.11751219906495647,0.05552792549133301,0.08718938380479813,0.8824878009350435,0.11751219906495647,0.17818276584148407,0.03514314815402031,209868
acdc_b1_mit-b1_guard_gt_risk_s137_j13387384,2026-07-10 23:13:39,acdc,val,all,student_skd,/scratch/gautschi/manors/hf_cache/hub/models--nvidia--mit-b1/snapshots/13ddceec4e8bdf401e7cd7acf5aebc526222518c,runs/mit-b1_skd_j9200315/student_skd.ckpt,skd,GP030400_frame_000184_rgb_anon,/home/manors/Guardrail-Distillation/data/acdc/rgb_anon/rain/val/GP030400/GP030400_frame_000184_rgb_anon.png,rain,0.33815387433206606,0.661846125667934,0.8377009630203247,0.9490035176277161,0.11607290059328079,0.13259291648864746,0.25662100315093994,0.8802627921104431,0.38023459911346436,-5.529911994934082,5.467676639556885,0.007904594764113426,0.07063568383455276,247198,3.6653292481787503,13.382722972892225,11.895428993739188,0.22234118510432938,0.7776588148956707,73429,0.4281570176521417,0.5718429823478584,8143,0.13517293334007263,0.001655008178204298,12.049582961481065,0.5176663994789124,0.48233360052108765,0.6232908964157104,0.684461772441864,0.1417388617992401,0.5353754758834839,0.4646245241165161,0.6064391136169434,0.6549426913261414,0.5124009251594543,0.5353754758834839,0.4646245241165161,0.5353754758834839,0.4646245241165161,0.47839317923949065,0.5216068207605093,0.8881099224090576,0.3630304934128846,0.6369695065871154,0.1406893083085553,0.4204026182536742,0.5795973817463258,0.0,0.14023930490742464,0.14023930490742464,0.058143675327301025,0.007734690327197313,0.8597606950925754,0.14023930490742464,0.10043366253376007,0.022330276668071747,209146
acdc_b1_mit-b1_guard_gt_risk_s137_j13387384,2026-07-10 23:13:39,acdc,val,all,student_skd,/scratch/gautschi/manors/hf_cache/hub/models--nvidia--mit-b1/snapshots/13ddceec4e8bdf401e7cd7acf5aebc526222518c,runs/mit-b1_skd_j9200315/student_skd.ckpt,skd,GP030402_frame_000001_rgb_anon,/home/manors/Guardrail-Distillation/data/acdc/rgb_anon/rain/val/GP030402/GP030402_frame_000001_rgb_anon.png,rain,0.4818744365274061,0.5181255634725939,0.9376630783081055,0.9550631642341614,0.1204601526260376,0.12115069478750229,0.2873218357563019,0.8997325897216797,0.3216042220592499,-6.204145431518555,6.146695613861084,0.02008899115025997,0.06433460861444473,248793,3.6653292481787503,13.382722972892225,11.895428993739188,0.42739420816212403,0.572605791837876,74679,0.8348209926210174,0.1651790073789826,10657,0.12284258753061295,0.0013129812432453036,12.049582961481065,0.4944664239883423,0.5055335760116577,0.5910172462463379,0.6116667985916138,0.12309650331735611,0.5307353138923645,0.4692646861076355,0.6123655438423157,0.6648091077804565,0.5044644474983215,0.5307353138923645,0.4692646861076355,0.5307353138923645,0.4692646861076355,0.5172502748273142,0.4827497251726858,0.9496850967407227,0.4713103749358779,0.5286896250641221,0.04391616677375387,0.7833818718582941,0.2166181281417059,0.0,0.03537583829990809,0.03537583829990809,0.028083588927984238,0.01606154628098011,0.9646241617000919,0.03537583829990809,0.05475636571645737,0.0019775477703660727,217885
acdc_b1_mit-b1_guard_gt_risk_s137_j13387384,2026-07-10 23:13:39,acdc,val,all,student_skd,/scratch/gautschi/manors/hf_cache/hub/models--nvidia--mit-b1/snapshots/13ddceec4e8bdf401e7cd7acf5aebc526222518c,runs/mit-b1_skd_j9200315/student_skd.ckpt,skd,GP030402_frame_000022_rgb_anon,/home/manors/Guardrail-Distillation/data/acdc/rgb_anon/rain/val/GP030402/GP030402_frame_000022_rgb_anon.png,rain,0.4590290403495918,0.5409709596504082,0.8910518884658813,0.9496701955795288,0.12116634100675583,0.13396985828876495,0.2810842990875244,0.8877284526824951,0.3565327227115631,-5.200197696685791,5.137353420257568,0.015930937603116035,0.07042514532804489,248008,3.6653292481787503,13.382722972892225,11.895428993739188,0.3814016894045166,0.6185983105954834,74942,0.43672286522178566,0.5632771347782144,4591,0.13571307063102722,0.0012370124459266663,12.049582961481065,0.5517181158065796,0.4482818841934204,0.6637475490570068,0.6959299445152283,0.14465411007404327,0.5361005663871765,0.4638994336128235,0.6251316070556641,0.6872126460075378,0.5352467894554138,0.5361005663871765,0.4638994336128235,0.5361005663871765,0.4638994336128235,0.4586069046374832,0.5413930953625168,0.9408002495765686,0.4129333315418041,0.5870666684581959,0.03153164213728754,0.32615590833683117,0.6738440916631688,0.0,0.0,0.0,0.06677203625440598,0.017023643478751183,1.0,0.0,0.09175509959459305,0.02380165085196495,211568
acdc_b1_mit-b1_guard_gt_risk_s137_j13387384,2026-07-10 23:13:39,acdc,val,all,student_skd,/scratch/gautschi/manors/hf_cache/hub/models--nvidia--mit-b1/snapshots/13ddceec4e8bdf401e7cd7acf5aebc526222518c,runs/mit-b1_skd_j9200315/student_skd.ckpt,skd,GP030402_frame_000094_rgb_anon,/home/manors/Guardrail-Distillation/data/acdc/rgb_anon/rain/val/GP030402/GP030402_frame_000094_rgb_anon.png,rain,0.4306008326457883,0.5693991673542117,0.9250134825706482,0.9597645401954651,0.1142360121011734,0.11308857798576355,0.2885475754737854,0.9048788547515869,0.3221835494041443,-5.800638198852539,5.749269485473633,0.01638215035200119,0.05714353546500206,252592,3.6653292481787503,13.382722972892225,11.895428993739188,0.3390861393223874,0.6609138606776126,79262,0.5341996226248538,0.46580037737514624,10032,0.11524648219347,0.0014312600251287222,12.049582961481065,0.4877765476703644,0.5122234523296356,0.5698432326316833,0.5868403315544128,0.11720235645771027,0.5292670726776123,0.4707329273223877,0.6047499775886536,0.663463294506073,0.49360641837120056,0.5292670726776123,0.4707329273223877,0.5292670726776123,0.4707329273223877,0.6408864432701056,0.3591135567298944,0.954135537147522,0.5472281918889839,0.45277180811101614,0.20814205256659646,0.8912711997660716,0.10872880023392839,0.35707157714121784,0.21028561062431728,0.21028561062431728,0.03740023449063301,0.00827817153185606,0.7897143893756827,0.21028561062431728,0.054898809641599655,0.009612339548766613,224453
acdc_b1_mit-b1_guard_gt_risk_s137_j13387384,2026-07-10 23:13:39,acdc,val,all,student_skd,/scratch/gautschi/manors/hf_cache/hub/models--nvidia--mit-b1/snapshots/13ddceec4e8bdf401e7cd7acf5aebc526222518c,runs/mit-b1_skd_j9200315/student_skd.ckpt,skd,GP030402_frame_000266_rgb_anon,/home/manors/Guardrail-Distillation/data/acdc/rgb_anon/rain/val/GP030402/GP030402_frame_000266_rgb_anon.png,rain,0.24839207136505875,0.7516079286349413,0.8861384987831116,0.9041987657546997,0.16119976341724396,0.28868550062179565,0.4217413067817688,0.7655825018882751,0.7942454814910889,-3.7527291774749756,3.6299023628234863,0.045365266501903534,0.12992390990257263,257620,3.7366250180639327,13.41659075114876,11.9168542441912,0.2019434106679047,0.7980565893320953,84892,0.0,1.0,2596,0.29380571842193604,0.0030386580619961023,12.189024244435132,0.5345410704612732,0.4654589295387268,0.6216211318969727,0.6464381217956543,0.5109751224517822,0.6250350475311279,0.37496495246887207,0.7917344570159912,0.8629350662231445,0.5449780821800232,0.6250350475311279,0.37496495246887207,0.6250350475311279,0.37496495246887207,0.27964124805258317,0.7203587519474168,0.8820006251335144,0.25833144663147345,0.7416685533685266,0.05638803596356878,0.12367149758454106,0.8763285024154589,0.1236714975845411,0.03124917668752447,0.03124917668752447,0.047263409942388535,0.051401287317276,0.9687508233124755,0.03124917668752447,0.1337745487689972,0.0034973991569131613,189487
acdc_b1_mit-b1_guard_gt_risk_s137_j13387384,2026-07-10 23:13:39,acdc,val,all,student_skd,/scratch/gautschi/manors/hf_cache/hub/models--nvidia--mit-b1/snapshots/13ddceec4e8bdf401e7cd7acf5aebc526222518c,runs/mit-b1_skd_j9200315/student_skd.ckpt,skd,GP030402_frame_000428_rgb_anon,/home/manors/Guardrail-Distillation/data/acdc/rgb_anon/rain/val/GP030402/GP030402_frame_000428_rgb_anon.png,rain,0.2850349879751684,0.7149650120248316,0.8235496282577515,0.906887412071228,0.14102047681808472,0.26822248101234436,0.3326839208602905,0.767512857913971,0.7516157031059265,-3.7529940605163574,3.639310121536255,0.02554396726191044,0.10777208209037781,250705,3.7366250180639327,13.41659075114876,11.9168542441912,0.2079404783978505,0.7920595216021495,76627,0.16910674573758339,0.8308932542624166,5446,0.2724682688713074,0.002379806013777852,12.189024244435132,0.5251121520996094,0.4748878479003906,0.596735954284668,0.618962287902832,0.5669757723808289,0.6380650401115417,0.36193495988845825,0.8196513652801514,0.8735553622245789,0.5562140345573425,0.6380650401115417,0.36193495988845825,0.6380650401115417,0.36193495988845825,0.39944498125128014,0.6005550187487199,0.8673102259635925,0.28908968326266077,0.7109103167373392,0.08114920486481036,0.42515190572638556,0.5748480942736145,0.25604515998880206,0.11440999327611179,0.11440999327611179,0.05590634420514107,0.012145749293267727,0.8855900067238882,0.11440999327611179,0.13660278916358948,0.008747332729399204,179544
acdc_b1_mit-b1_guard_gt_risk_s137_j13387384,2026-07-10 23:13:39,acdc,val,all,student_skd,/scratch/gautschi/manors/hf_cache/hub/models--nvidia--mit-b1/snapshots/13ddceec4e8bdf401e7cd7acf5aebc526222518c,runs/mit-b1_skd_j9200315/student_skd.ckpt,skd,GOPR0122_frame_000001_rgb_anon,/home/manors/Guardrail-Distillation/data/acdc/rgb_anon/snow/val/GOPR0122/GOPR0122_frame_000001_rgb_anon.png,snow,0.3001028106925788,0.6998971893074212,0.7477643489837646,0.9238503575325012,0.13288284838199615,0.20312285423278809,0.29231804609298706,0.8194891214370728,0.5554794669151306,-4.448455810546875,4.355696201324463,0.013821130618453026,0.09701241552829742,238186,3.7366250180639327,13.41659075114876,11.9168542441912,0.22976616297023297,0.770233837029767,64512,0.35599348339461334,0.6440065166053867,7311,0.20643170177936554,0.0019249289762228727,12.189024244435132,0.5544896125793457,0.4455103874206543,0.6591073870658875,0.6848630309104919,0.29674726724624634,0.5736472010612488,0.4263527989387512,0.6734341382980347,0.7229520678520203,0.5565160512924194,0.5736472010612488,0.4263527989387512,0.5736472010612488,0.4263527989387512,0.4341938868600123,0.5658061131399876,0.8309807777404785,0.35722808202727757,0.6427719179727225,0.12746191905704451,0.42122957369451436,0.5787704263054856,0.06523609029990107,0.13409107616743354,0.13409107616743354,0.09935092180967331,0.01613444834947586,0.8659089238325665,0.13409107616743354,0.12437758594751358,0.04191682115197182,184631
acdc_b1_mit-b1_guard_gt_risk_s137_j13387384,2026-07-10 23:13:39,acdc,val,all,student_skd,/scratch/gautschi/manors/hf_cache/hub/models--nvidia--mit-b1/snapshots/13ddceec4e8bdf401e7cd7acf5aebc526222518c,runs/mit-b1_skd_j9200315/student_skd.ckpt,skd,GOPR0122_frame_000018_rgb_anon,/home/manors/Guardrail-Distillation/data/acdc/rgb_anon/snow/val/GOPR0122/GOPR0122_frame_000018_rgb_anon.png,snow,0.3586873855543768,0.6413126144456232,0.8087949156761169,0.9361289739608765,0.1320728361606598,0.15663865208625793,0.28388044238090515,0.8705147504806519,0.37745627760887146,-4.997499465942383,4.918311595916748,0.01344344299286604,0.0939263179898262,236249,3.7366250180639327,13.41659075114876,11.9168542441912,0.2404507530142012,0.7595492469857987,65853,0.23123486682808717,0.7687651331719129,443,0.15843431651592255,0.001247058971785009,12.189024244435132,0.5475217700004578,0.45247822999954224,0.670153021812439,0.6857141852378845,0.20907270908355713,0.5520786046981812,0.44792139530181885,0.6585370898246765,0.7120971083641052,0.5533648133277893,0.5520786046981812,0.44792139530181885,0.5520786046981812,0.44792139530181885,0.4221936807608982,0.5778063192391019,0.8673475384712219,0.3665978708845493,0.6334021291154507,0.12614711787034805,0.45072115384615385,0.5492788461538461,0.21948628701806672,0.06350629520652129,0.06350629520652129,0.07276644557714462,0.01421381626278162,0.9364937047934787,0.06350629520652129,0.10325969010591507,0.01073443703353405,191342
acdc_b1_mit-b1_guard_gt_risk_s137_j13387384,2026-07-10 23:13:39,acdc,val,all,student_skd,/scratch/gautschi/manors/hf_cache/hub/models--nvidia--mit-b1/snapshots/13ddceec4e8bdf401e7cd7acf5aebc526222518c,runs/mit-b1_skd_j9200315/student_skd.ckpt,skd,GOPR0122_frame_000028_rgb_anon,/home/manors/Guardrail-Distillation/data/acdc/rgb_anon/snow/val/GOPR0122/GOPR0122_frame_000028_rgb_anon.png,snow,0.3672960113927837,0.6327039886072163,0.8313891887664795,0.946344792842865,0.12682312726974487,0.1425473392009735,0.29583480954170227,0.8806313276290894,0.37213602662086487,-5.74353551864624,5.675785064697266,0.01918470300734043,0.07678528130054474,236699,3.6605042405426502,13.450486003421247,11.949486972298473,0.42186169317793404,0.578138306822066,68010,0.19405940594059404,0.805940594059406,1873,0.14509256184101105,0.0015915570547804236,12.022255221381783,0.5351437926292419,0.46485620737075806,0.6693787574768066,0.6901028752326965,0.1783696711063385,0.5444745421409607,0.4555254578590393,0.6522321105003357,0.7016178369522095,0.5331494808197021,0.5444745421409607,0.4555254578590393,0.5444745421409607,0.4555254578590393,0.33795616547531393,0.6620438345246861,0.8477855324745178,0.43615173625506626,0.5638482637449338,0.01429004307713222,0.311787072243346,0.688212927756654,0.117727666302752,0.0,0.0,0.04669221118092537,0.030295860022306442,1.0,0.0,0.08809922635555267,0.009155087172985077,201179
acdc_b1_mit-b1_guard_gt_risk_s137_j13387384,2026-07-10 23:13:39,acdc,val,all,student_skd,/scratch/gautschi/manors/hf_cache/hub/models--nvidia--mit-b1/snapshots/13ddceec4e8bdf401e7cd7acf5aebc526222518c,runs/mit-b1_skd_j9200315/student_skd.ckpt,skd,GOPR0122_frame_000040_rgb_anon,/home/manors/Guardrail-Distillation/data/acdc/rgb_anon/snow/val/GOPR0122/GOPR0122_frame_000040_rgb_anon.png,snow,0.3928196524080305,0.6071803475919695,0.8852041363716125,0.9756121039390564,0.07941360771656036,0.07185905426740646,0.19063282012939453,0.9196648001670837,0.29340291023254395,-5.545712471008301,5.516425132751465,0.004597253631800413,0.026931608095765114,236228,3.6605042405426502,13.450486003421247,11.949486972298473,0.4329707878519269,0.5670292121480731,65296,0.26465672577233434,0.7353432742276657,1624,0.07333330810070038,0.0008134153322316706,12.022255221381783,0.5165606737136841,0.4834393262863159,0.6607086658477783,0.6932799816131592,0.08880046755075455,0.5221855640411377,0.4778144359588623,0.5764252543449402,0.6140424013137817,0.5192198753356934,0.5221855640411377,0.4778144359588623,0.5221855640411377,0.4778144359588623,0.36194345904111913,0.6380565409588809,0.9012098908424377,0.35384203383565865,0.6461579661643413,0.0,0.22556341890162693,0.7744365810983731,0.0,0.0,0.0,0.030318167060613632,0.014312444254755974,1.0,0.0,0.048766445368528366,0.016437510028481483,219441
acdc_b1_mit-b1_guard_gt_risk_s137_j13387384,2026-07-10 23:13:39,acdc,val,all,student_skd,/scratch/gautschi/manors/hf_cache/hub/models--nvidia--mit-b1/snapshots/13ddceec4e8bdf401e7cd7acf5aebc526222518c,runs/mit-b1_skd_j9200315/student_skd.ckpt,skd,GOPR0122_frame_000049_rgb_anon,/home/manors/Guardrail-Distillation/data/acdc/rgb_anon/snow/val/GOPR0122/GOPR0122_frame_000049_rgb_anon.png,snow,0.3447804033230044,0.6552195966769956,0.7211210131645203,0.9438567757606506,0.11578048765659332,0.14968998730182648,0.2538352906703949,0.864493727684021,0.41590937972068787,-4.874713897705078,4.807071685791016,0.009159485809504986,0.06805922091007233,230799,3.6605042405426502,13.450486003421247,11.949486972298473,0.29092108370179537,0.7090789162982046,60609,0.7170817757990675,0.2829182242009325,1662,0.15245011448860168,0.0015135073335841298,12.022255221381783,0.536804735660553,0.463195264339447,0.6662771701812744,0.6947690844535828,0.22216559946537018,0.5553140640258789,0.4446859359741211,0.6702322363853455,0.7156357169151306,0.5438427925109863,0.5553140640258789,0.4446859359741211,0.5553140640258789,0.4446859359741211,0.31908796890021446,0.6809120310997856,0.8037036657333374,0.32239972250855164,0.6776002774914484,0.031478638806756276,0.4710654668885474,0.5289345331114526,0.0,0.0,0.0,0.09840597212314606,0.01582329347729683,1.0,0.0,0.12338008731603622,0.04119168594479561,191151
acdc_b1_mit-b1_guard_gt_risk_s137_j13387384,2026-07-10 23:13:40,acdc,val,all,student_skd,/scratch/gautschi/manors/hf_cache/hub/models--nvidia--mit-b1/snapshots/13ddceec4e8bdf401e7cd7acf5aebc526222518c,runs/mit-b1_skd_j9200315/student_skd.ckpt,skd,GOPR0122_frame_000057_rgb_anon,/home/manors/Guardrail-Distillation/data/acdc/rgb_anon/snow/val/GOPR0122/GOPR0122_frame_000057_rgb_anon.png,snow,0.28640826405202396,0.713591735947976,0.7495223879814148,0.9474965333938599,0.1303347796201706,0.1427653729915619,0.31239405274391174,0.877068042755127,0.40618783235549927,-5.231601715087891,5.163811206817627,0.024728499352931976,0.07400114089250565,238672,3.6605042405426502,13.450486003421247,11.949486972298473,0.19384984193429305,0.8061501580657069,66763,0.44842053307008883,0.5515794669299112,2135,0.1455603539943695,0.001851691515184939,12.022255221381783,0.5128320455551147,0.48716795444488525,0.6343114376068115,0.6634551286697388,0.23562636971473694,0.5586355924606323,0.4413644075393677,0.6965529918670654,0.7603273391723633,0.5220049619674683,0.5586355924606323,0.4413644075393677,0.5586355924606323,0.4413644075393677,0.38415293037833326,0.6158470696216667,0.8552616238594055,0.4413535596694207,0.5586464403305793,0.24750371773512758,0.45656465942744323,0.5434353405725567,0.008144126357354509,0.09774466632630929,0.09774466632630929,0.12541480362415314,0.019675537943840027,0.9022553336736907,0.09774466632630929,0.16373097896575928,0.09753553569316864,204768
acdc_b1_mit-b1_guard_gt_risk_s137_j13387384,2026-07-10 23:13:40,acdc,val,all,student_skd,/scratch/gautschi/manors/hf_cache/hub/models--nvidia--mit-b1/snapshots/13ddceec4e8bdf401e7cd7acf5aebc526222518c,runs/mit-b1_skd_j9200315/student_skd.ckpt,skd,GOPR0122_frame_000064_rgb_anon,/home/manors/Guardrail-Distillation/data/acdc/rgb_anon/snow/val/GOPR0122/GOPR0122_frame_000064_rgb_anon.png,snow,0.32204967301611026,0.6779503269838898,0.8590543866157532,0.9368050694465637,0.12967634201049805,0.1638888418674469,0.285867840051651,0.8577250838279724,0.4405366778373718,-5.53300666809082,5.454927444458008,0.01606365293264389,0.08617288619279861,239298,3.703512018546462,13.390795502346009,11.968372273258865,0.36103679174688985,0.6389632082531101,67048,0.5291664676664438,0.4708335323335562,6124,0.1669732630252838,0.0019361063605174422,12.031547783408314,0.5003756284713745,0.4996243715286255,0.5762983560562134,0.5971355438232422,0.21424442529678345,0.5533571839332581,0.44664281606674194,0.6693398356437683,0.7155482769012451,0.5090051889419556,0.5533571839332581,0.44664281606674194,0.5533571839332581,0.44664281606674194,0.37030031387949175,0.6296996861205082,0.894140362739563,0.4699576927387558,0.5300423072612441,0.10892090099186602,0.3124535666146613,0.6875464333853387,0.0,0.0482506408633816,0.0482506408633816,0.0535399354994297,0.01845397800207138,0.9517493591366184,0.0482506408633816,0.0908866748213768,0.009143411181867123,194263
acdc_b1_mit-b1_guard_gt_risk_s137_j13387384,2026-07-10 23:13:40,acdc,val,all,student_skd,/scratch/gautschi/manors/hf_cache/hub/models--nvidia--mit-b1/snapshots/13ddceec4e8bdf401e7cd7acf5aebc526222518c,runs/mit-b1_skd_j9200315/student_skd.ckpt,skd,GOPR0122_frame_000070_rgb_anon,/home/manors/Guardrail-Distillation/data/acdc/rgb_anon/snow/val/GOPR0122/GOPR0122_frame_000070_rgb_anon.png,snow,0.34523850978478504,0.654761490215215,0.8478533625602722,0.9407759308815002,0.12717552483081818,0.16667570173740387,0.3006412982940674,0.8476157784461975,0.5016783475875854,-4.448997974395752,4.375419616699219,0.018487393856048584,0.07939928025007248,240380,3.703512018546462,13.390795502346009,11.968372273258865,0.33038250139766606,0.669617498602334,68379,0.3689717925386715,0.6310282074613285,1111,0.16929364204406738,0.001554368995130062,12.031547783408314,0.510773777961731,0.48922622203826904,0.5984590649604797,0.6379560828208923,0.2156657725572586,0.5537084341049194,0.44629156589508057,0.6579970121383667,0.6981673836708069,0.5288103818893433,0.5537084341049194,0.44629156589508057,0.5537084341049194,0.44629156589508057,0.4085096234414119,0.5914903765585882,0.8560861349105835,0.32079548188894175,0.6792045181110582,0.0,0.3707916287534122,0.6292083712465878,0.0018198362147406888,0.06327111365662685,0.06327111365662685,0.032860469073057175,0.024627672508358955,0.9367288863433731,0.06327111365662685,0.12171561270952225,0.007883351296186447,200051
acdc_b1_mit-b1_guard_gt_risk_s137_j13387384,2026-07-10 23:13:40,acdc,val,all,student_skd,/scratch/gautschi/manors/hf_cache/hub/models--nvidia--mit-b1/snapshots/13ddceec4e8bdf401e7cd7acf5aebc526222518c,runs/mit-b1_skd_j9200315/student_skd.ckpt,skd,GOPR0122_frame_000077_rgb_anon,/home/manors/Guardrail-Distillation/data/acdc/rgb_anon/snow/val/GOPR0122/GOPR0122_frame_000077_rgb_anon.png,snow,0.32845830319341685,0.6715416968065832,0.8496109843254089,0.9583977460861206,0.12009652704000473,0.11834261566400528,0.30751296877861023,0.8992494940757751,0.35009539127349854,-5.194216251373291,5.139959335327148,0.02258273959159851,0.060008514672517776,241999,3.703512018546462,13.390795502346009,11.968372273258865,0.25299776165092297,0.7470022383490771,70409,0.5454429256702906,0.4545570743297094,1188,0.12045247852802277,0.0015181744238361716,12.031547783408314,0.49482548236846924,0.5051745176315308,0.5941109657287598,0.6490941643714905,0.12874358892440796,0.5321415066719055,0.4678584933280945,0.6013179421424866,0.6821486353874207,0.5023006200790405,0.5321415066719055,0.4678584933280945,0.5321415066719055,0.4678584933280945,0.44266292652607936,0.5573370734739207,0.8878260254859924,0.3646443804320697,0.6353556195679303,0.11164661878114679,0.751920256531358,0.24807974346864203,0.20647733086106734,0.11420462333266246,0.11420462333266246,0.05231013521552086,0.014095100574195385,0.8857953766673375,0.11420462333266246,0.0954384133219719,0.024797623977065086,215450
acdc_b1_mit-b1_guard_gt_risk_s137_j13387384,2026-07-10 23:13:40,acdc,val,all,student_skd,/scratch/gautschi/manors/hf_cache/hub/models--nvidia--mit-b1/snapshots/13ddceec4e8bdf401e7cd7acf5aebc526222518c,runs/mit-b1_skd_j9200315/student_skd.ckpt,skd,GOPR0122_frame_000085_rgb_anon,/home/manors/Guardrail-Distillation/data/acdc/rgb_anon/snow/val/GOPR0122/GOPR0122_frame_000085_rgb_anon.png,snow,0.351574874509177,0.648425125490823,0.7674721479415894,0.935267984867096,0.13169115781784058,0.16663745045661926,0.291878342628479,0.8569544553756714,0.44031015038490295,-4.682381629943848,4.602206707000732,0.01641344092786312,0.08969888091087341,243459,3.703512018546462,13.390795502346009,11.968372273258865,0.19697657615730835,0.8030234238426917,70320,0.3569767441860465,0.6430232558139535,561,0.169965922832489,0.002330936724320054,12.031547783408314,0.5550863742828369,0.4449136257171631,0.700544536113739,0.7200276255607605,0.20059552788734436,0.549981415271759,0.45001858472824097,0.6483042240142822,0.7135607600212097,0.5533220767974854,0.549981415271759,0.45001858472824097,0.549981415271759,0.45001858472824097,0.5292326149902651,0.4707673850097349,0.9080954194068909,0.331007893129546,0.6689921068704541,0.13403131697223758,0.3987654320987654,0.6012345679012345,0.04178868791271895,0.17765774048108807,0.17765774048108807,0.15518012642860413,0.014556865207850933,0.8223422595189119,0.17765774048108807,0.19915467500686646,0.0798163115978241,196274
acdc_b1_mit-b1_guard_gt_risk_s137_j13387384,2026-07-10 23:13:40,acdc,val,all,student_skd,/scratch/gautschi/manors/hf_cache/hub/models--nvidia--mit-b1/snapshots/13ddceec4e8bdf401e7cd7acf5aebc526222518c,runs/mit-b1_skd_j9200315/student_skd.ckpt,skd,GOPR0122_frame_000092_rgb_anon,/home/manors/Guardrail-Distillation/data/acdc/rgb_anon/snow/val/GOPR0122/GOPR0122_frame_000092_rgb_anon.png,snow,0.28605681249689074,0.7139431875031093,0.8650432229042053,0.9581173062324524,0.10405626893043518,0.112528495490551,0.2344752997159958,0.8938875794410706,0.344035267829895,-5.679274082183838,5.62851619720459,0.006758612114936113,0.05112467706203461,236735,3.6554992548190057,13.370572763960809,11.930889275390655,0.23391479526878864,0.7660852047312113,66282,0.003898635477582846,0.9961013645224172,507,0.11451028287410736,0.0011075774673372507,12.013620289508253,0.4959110915660858,0.5040889084339142,0.5709598660469055,0.595122754573822,0.16290558874607086,0.5406365990638733,0.4593634009361267,0.6298863291740417,0.6651478409767151,0.5094749331474304,0.5406365990638733,0.4593634009361267,0.5406365990638733,0.4593634009361267,0.3985006408412413,0.6014993591587587,0.9089277386665344,0.3381590132069515,0.6618409867930485,0.10424421793816285,0.41754704654460856,0.5824529534553915,0.41364841106702566,0.11244382834435052,0.11244382834435052,0.05644708499312401,0.012562570162117481,0.8875561716556495,0.11244382834435052,0.07300568372011185,0.01607704907655716,206259
acdc_b1_mit-b1_guard_gt_risk_s137_j13387384,2026-07-10 23:13:40,acdc,val,all,student_skd,/scratch/gautschi/manors/hf_cache/hub/models--nvidia--mit-b1/snapshots/13ddceec4e8bdf401e7cd7acf5aebc526222518c,runs/mit-b1_skd_j9200315/student_skd.ckpt,skd,GOPR0122_frame_000099_rgb_anon,/home/manors/Guardrail-Distillation/data/acdc/rgb_anon/snow/val/GOPR0122/GOPR0122_frame_000099_rgb_anon.png,snow,0.2835527472391787,0.7164472527608212,0.7563706040382385,0.9676142930984497,0.09874247014522552,0.08973615616559982,0.23451584577560425,0.9127793908119202,0.3062230944633484,-5.0786919593811035,5.038374900817871,0.010152094066143036,0.04348098114132881,239852,3.6554992548190057,13.370572763960809,11.930889275390655,0.24992654745672738,0.7500734525432726,68717,0.027413587604290825,0.9725864123957092,2334,0.09127859026193619,0.0009368406026624143,12.013620289508253,0.5453963875770569,0.4546036124229431,0.6434678435325623,0.6561172604560852,0.12296458333730698,0.5307024717330933,0.46929752826690674,0.6023581027984619,0.661175012588501,0.5405910611152649,0.5307024717330933,0.46929752826690674,0.5307024717330933,0.46929752826690674,0.3355305873005664,0.6644694126994336,0.8046462535858154,0.26696665364413646,0.7330333463558636,0.017040106187409032,0.4699016339101327,0.5300983660898673,0.44248804630584193,0.051977840061387615,0.051977840061387615,0.06087087094783783,0.012595267966389656,0.9480221599386124,0.051977840061387615,0.08352651447057724,0.04383953660726547,217915
acdc_b1_mit-b1_guard_gt_risk_s137_j13387384,2026-07-10 23:13:40,acdc,val,all,student_skd,/scratch/gautschi/manors/hf_cache/hub/models--nvidia--mit-b1/snapshots/13ddceec4e8bdf401e7cd7acf5aebc526222518c,runs/mit-b1_skd_j9200315/student_skd.ckpt,skd,GOPR0122_frame_000106_rgb_anon,/home/manors/Guardrail-Distillation/data/acdc/rgb_anon/snow/val/GOPR0122/GOPR0122_frame_000106_rgb_anon.png,snow,0.32212297708338383,0.6778770229166162,0.7585397958755493,0.9347769618034363,0.14373920857906342,0.17935515940189362,0.35641732811927795,0.861193835735321,0.439785361289978,-5.26306676864624,5.17880392074585,0.031157763674855232,0.09658657759428024,241224,3.6554992548190057,13.370572763960809,11.930889275390655,0.26780687198564435,0.7321931280143557,69766,0.4268647817522841,0.5731352182477158,4814,0.18240900337696075,0.00212676590308547,12.013620289508253,0.5445191860198975,0.45548081398010254,0.6718582510948181,0.6880527138710022,0.2043522447347641,0.550911009311676,0.449088990688324,0.6722405552864075,0.7338258028030396,0.5382910966873169,0.550911009311676,0.449088990688324,0.550911009311676,0.449088990688324,0.32060452634801645,0.6793954736519836,0.8429053425788879,0.22353970869666195,0.776460291303338,0.0,0.13995064669843432,0.8600493533015656,0.0,0.0,0.0,0.09993201494216919,0.015566444955766201,1.0,0.0,0.1427386999130249,0.041048984974622726,198249
acdc_b1_mit-b1_guard_gt_risk_s137_j13387384,2026-07-10 23:13:40,acdc,val,all,student_skd,/scratch/gautschi/manors/hf_cache/hub/models--nvidia--mit-b1/snapshots/13ddceec4e8bdf401e7cd7acf5aebc526222518c,runs/mit-b1_skd_j9200315/student_skd.ckpt,skd,GOPR0122_frame_000113_rgb_anon,/home/manors/Guardrail-Distillation/data/acdc/rgb_anon/snow/val/GOPR0122/GOPR0122_frame_000113_rgb_anon.png,snow,0.26603273434332825,0.7339672656566718,0.8257893919944763,0.9728740453720093,0.09265072643756866,0.0777384415268898,0.2334355264902115,0.9299769401550293,0.24032624065876007,-6.173771858215332,6.139646530151367,0.010113822296261787,0.03613163158297539,237299,3.6554992548190057,13.370572763960809,11.930889275390655,0.15268472065684063,0.8473152793431593,67284,0.2741937344740932,0.7258062655259068,3298,0.07942318916320801,0.0009264388354495168,12.013620289508253,0.5415052175521851,0.45849478244781494,0.6868557929992676,0.7105169892311096,0.08959169685840607,0.522382915019989,0.477617084980011,0.575131356716156,0.6407065391540527,0.5301761627197266,0.522382915019989,0.477617084980011,0.522382915019989,0.477617084980011,0.3906697532139358,0.6093302467860642,0.8872814178466797,0.3112238878960309,0.688776112103969,0.15853916723919026,0.6191679876622997,0.38083201233770025,0.3449742531882065,0.12463701887060763,0.12463701887060763,0.07025314122438431,0.008761098608374596,0.8753629811293924,0.12463701887060763,0.0887150838971138,0.04642244428396225,219448
acdc_b1_mit-b1_guard_gt_risk_s137_j13387384,2026-07-10 23:13:40,acdc,val,all,student_skd,/scratch/gautschi/manors/hf_cache/hub/models--nvidia--mit-b1/snapshots/13ddceec4e8bdf401e7cd7acf5aebc526222518c,runs/mit-b1_skd_j9200315/student_skd.ckpt,skd,GOPR0122_frame_000121_rgb_anon,/home/manors/Guardrail-Distillation/data/acdc/rgb_anon/snow/val/GOPR0122/GOPR0122_frame_000121_rgb_anon.png,snow,0.23721858402211224,0.7627814159778877,0.6808995604515076,0.9662851691246033,0.09767012298107147,0.08944489061832428,0.22114168107509613,0.9174239039421082,0.27014079689979553,-5.214918613433838,5.173698425292969,0.007136068772524595,0.045255374163389206,237806,3.7494527641683817,13.387360493652523,11.940279451664537,0.19284415751475228,0.8071558424852477,66868,0.329122790231214,0.6708772097687861,3017,0.09112052619457245,0.0012065581977367401,12.066345487255603,0.5666539669036865,0.4333460330963135,0.6474612355232239,0.6740114688873291,0.12183035165071487,0.5304200053215027,0.4695799946784973,0.5987023711204529,0.6488945484161377,0.5477374196052551,0.5304200053215027,0.4695799946784973,0.5304200053215027,0.4695799946784973,0.3237546356129555,0.6762453643870445,0.7511753439903259,0.22801932408821834,0.7719806759117817,0.03517516657346609,0.3311382469184895,0.6688617530815105,0.002015456687275541,0.08653605159084321,0.08653605159084321,0.07732773572206497,0.007051966618746519,0.9134639484091568,0.08653605159084321,0.0976930782198906,0.042770158499479294,213717
acdc_b1_mit-b1_guard_gt_risk_s137_j13387384,2026-07-10 23:13:40,acdc,val,all,student_skd,/scratch/gautschi/manors/hf_cache/hub/models--nvidia--mit-b1/snapshots/13ddceec4e8bdf401e7cd7acf5aebc526222518c,runs/mit-b1_skd_j9200315/student_skd.ckpt,skd,GOPR0122_frame_000306_rgb_anon,/home/manors/Guardrail-Distillation/data/acdc/rgb_anon/snow/val/GOPR0122/GOPR0122_frame_000306_rgb_anon.png,snow,0.2552282359574814,0.7447717640425187,0.5848824381828308,0.9336851835250854,0.13860704004764557,0.17996180057525635,0.33814311027526855,0.8550180196762085,0.4654504060745239,-4.646088123321533,4.56247615814209,0.022727759554982185,0.09905622154474258,233635,3.7494527641683817,13.387360493652523,11.940279451664537,0.16916935631277985,0.8308306436872201,69315,0.3133934767522554,0.6866065232477446,7563,0.1842617690563202,0.003153677098453045,12.066345487255603,0.5782352685928345,0.4217647314071655,0.7021127939224243,0.7332749962806702,0.25336915254592896,0.5630056262016296,0.43699437379837036,0.6674574017524719,0.7356460690498352,0.5681888461112976,0.5630056262016296,0.43699437379837036,0.5630056262016296,0.43699437379837036,0.49979979793507884,0.5002002020649212,0.8217561841011047,0.4271750716591944,0.5728249283408056,0.2580057153464146,0.32136390441082874,0.6786360955891713,0.007970427658573365,0.24457156197759744,0.24457156197759744,0.24209129810333252,0.005217540543526411,0.7554284380224026,0.24457156197759744,0.2692576050758362,0.11768356710672379,189896
acdc_b1_mit-b1_guard_gt_risk_s137_j13387384,2026-07-10 23:13:40,acdc,val,all,student_skd,/scratch/gautschi/manors/hf_cache/hub/models--nvidia--mit-b1/snapshots/13ddceec4e8bdf401e7cd7acf5aebc526222518c,runs/mit-b1_skd_j9200315/student_skd.ckpt,skd,GOPR0122_frame_000312_rgb_anon,/home/manors/Guardrail-Distillation/data/acdc/rgb_anon/snow/val/GOPR0122/GOPR0122_frame_000312_rgb_anon.png,snow,0.32148611709404457,0.6785138829059554,0.795195460319519,0.9556754231452942,0.11474467813968658,0.11269387602806091,0.26098406314849854,0.9028679728507996,0.3047199547290802,-5.091567039489746,5.036306858062744,0.009980245493352413,0.06501270085573196,233862,3.7494527641683817,13.387360493652523,11.940279451664537,0.2554334067121512,0.7445665932878488,62446,0.4298221614227086,0.5701778385772913,3655,0.11449826508760452,0.0012972052209079266,12.066345487255603,0.5658316016197205,0.43416839838027954,0.6820258498191833,0.6959493160247803,0.15356284379959106,0.5383154153823853,0.46168458461761475,0.6267278790473938,0.6653414368629456,0.5531650185585022,0.5383154153823853,0.46168458461761475,0.5383154153823853,0.46168458461761475,0.4258151990085743,0.5741848009914257,0.825803279876709,0.3674678671516999,0.6325321328483001,0.11203446043954868,0.9600547195622435,0.03994528043775647,0.5302325581395348,0.10432908191452972,0.10432908191452972,0.07539061456918716,0.04478282108902931,0.8956709180854703,0.10432908191452972,0.12904618680477142,0.03212578594684601,203872
acdc_b1_mit-b1_guard_gt_risk_s137_j13387384,2026-07-10 23:13:40,acdc,val,all,student_skd,/scratch/gautschi/manors/hf_cache/hub/models--nvidia--mit-b1/snapshots/13ddceec4e8bdf401e7cd7acf5aebc526222518c,runs/mit-b1_skd_j9200315/student_skd.ckpt,skd,GOPR0122_frame_000317_rgb_anon,/home/manors/Guardrail-Distillation/data/acdc/rgb_anon/snow/val/GOPR0122/GOPR0122_frame_000317_rgb_anon.png,snow,0.28764579896404197,0.712354201035958,0.8512334823608398,0.9746578931808472,0.0832870826125145,0.07154938578605652,0.1999633014202118,0.9312608242034912,0.23767106235027313,-5.548691749572754,5.51806116104126,0.004514445085078478,0.031508639454841614,237903,3.7494527641683817,13.387360493652523,11.940279451664537,0.24132766078534215,0.7586723392146578,64704,0.22210779265362168,0.7778922073463783,1399,0.07309728860855103,0.0007664982695132494,12.066345487255603,0.5724700689315796,0.4275299310684204,0.682991087436676,0.7009708881378174,0.10291768610477448,0.5257067680358887,0.47429323196411133,0.5751778483390808,0.6259831786155701,0.5528548359870911,0.5257067680358887,0.47429323196411133,0.5257067680358887,0.47429323196411133,0.3184008310769582,0.6815991689230418,0.8682782649993896,0.27002875287403866,0.7299712471259614,0.028701092088696423,0.27188465499485065,0.7281153450051494,0.04977686234122891,0.030755032112916192,0.030755032112916192,0.02748599275946617,0.010441230610013008,0.9692449678870838,0.030755032112916192,0.0512099489569664,0.00968882255256176,219774
acdc_b1_mit-b1_guard_gt_risk_s137_j13387384,2026-07-10 23:13:40,acdc,val,all,student_skd,/scratch/gautschi/manors/hf_cache/hub/models--nvidia--mit-b1/snapshots/13ddceec4e8bdf401e7cd7acf5aebc526222518c,runs/mit-b1_skd_j9200315/student_skd.ckpt,skd,GOPR0122_frame_000322_rgb_anon,/home/manors/Guardrail-Distillation/data/acdc/rgb_anon/snow/val/GOPR0122/GOPR0122_frame_000322_rgb_anon.png,snow,0.29573546320171296,0.704264536798287,0.8047962188720703,0.9292790293693542,0.13894231617450714,0.1756870001554489,0.30572739243507385,0.8591172695159912,0.403812974691391,-5.2366251945495605,5.148270606994629,0.018376247957348824,0.09990251809358597,242106,3.6614345153793693,13.445103541016579,11.922924255486578,0.19492065211237397,0.805079347887626,68386,0.20842646401430487,0.7915735359856951,2564,0.17761127650737762,0.0013399734161794186,12.153769028373063,0.5521837472915649,0.44781625270843506,0.6593735218048096,0.6794343590736389,0.20198412239551544,0.5503250360488892,0.44967496395111084,0.6566563844680786,0.7158169746398926,0.5368109941482544,0.5503250360488892,0.44967496395111084,0.5503250360488892,0.44967496395111084,0.3913724071359696,0.6086275928640303,0.8457245826721191,0.37973386222221633,0.6202661377777836,0.18481321010984242,0.36037907161502664,0.6396209283849734,0.1519526076007217,0.0956369439342567,0.0956369439342567,0.06427762657403946,0.023349275812506676,0.9043630560657433,0.0956369439342567,0.11980289220809937,0.017814509570598602,191060
acdc_b1_mit-b1_guard_gt_risk_s137_j13387384,2026-07-10 23:13:40,acdc,val,all,student_skd,/scratch/gautschi/manors/hf_cache/hub/models--nvidia--mit-b1/snapshots/13ddceec4e8bdf401e7cd7acf5aebc526222518c,runs/mit-b1_skd_j9200315/student_skd.ckpt,skd,GOPR0122_frame_000327_rgb_anon,/home/manors/Guardrail-Distillation/data/acdc/rgb_anon/snow/val/GOPR0122/GOPR0122_frame_000327_rgb_anon.png,snow,0.34994708185633455,0.6500529181436654,0.843766987323761,0.9607602953910828,0.10655733197927475,0.10511273890733719,0.24321682751178741,0.9055289626121521,0.29894959926605225,-5.591352939605713,5.542610168457031,0.011151086539030075,0.05152643844485283,237645,3.6614345153793693,13.445103541016579,11.922924255486578,0.222680651174788,0.777319348825212,65015,0.0,1.0,0,0.10678417980670929,0.001059291884303093,12.153769028373063,0.5688111782073975,0.43118882179260254,0.6713547706604004,0.6889625787734985,0.10422815382480621,0.5260334610939026,0.4739665389060974,0.5924462080001831,0.6379944682121277,0.5442373156547546,0.5260334610939026,0.4739665389060974,0.5260334610939026,0.4739665389060974,0.5169191543023793,0.48308084569762066,0.8509878516197205,0.34206930615609416,0.6579306938439058,0.11938865498130624,0.0,1.0,0.0,0.16697207244604473,0.16697207244604473,0.033276528120040894,0.026055671274662018,0.8330279275539553,0.16697207244604473,0.06840876489877701,0.013520167209208012,211175
acdc_b1_mit-b1_guard_gt_risk_s137_j13387384,2026-07-10 23:13:40,acdc,val,all,student_skd,/scratch/gautschi/manors/hf_cache/hub/models--nvidia--mit-b1/snapshots/13ddceec4e8bdf401e7cd7acf5aebc526222518c,runs/mit-b1_skd_j9200315/student_skd.ckpt,skd,GOPR0122_frame_000332_rgb_anon,/home/manors/Guardrail-Distillation/data/acdc/rgb_anon/snow/val/GOPR0122/GOPR0122_frame_000332_rgb_anon.png,snow,0.27862292370512937,0.7213770762948706,0.7338373064994812,0.9745084047317505,0.08323194831609726,0.06399930268526077,0.17395347356796265,0.9376747608184814,0.20082709193229675,-5.647388458251953,5.616654872894287,0.002893117954954505,0.03151402249932289,238497,3.6614345153793693,13.445103541016579,11.922924255486578,0.1332812243131128,0.8667187756868873,66277,0.0,1.0,186,0.06513757258653641,0.0005984170129522681,12.153769028373063,0.5807239413261414,0.41927605867385864,0.6921778321266174,0.7057960629463196,0.08341723680496216,0.5208422541618347,0.4791577458381653,0.558447539806366,0.6054590344429016,0.5562607645988464,0.5208422541618347,0.4791577458381653,0.5208422541618347,0.4791577458381653,0.34507120844138545,0.6549287915586146,0.7516195178031921,0.246965573688269,0.753034426311731,0.11368434937515626,0.20569620253164558,0.7943037974683544,0.20569620253164556,0.06644828473625597,0.06644828473625597,0.03296058252453804,0.015178387984633446,0.933551715263744,0.06644828473625597,0.0568225160241127,0.015752818435430527,219621
acdc_b1_mit-b1_guard_gt_risk_s137_j13387384,2026-07-10 23:13:40,acdc,val,all,student_skd,/scratch/gautschi/manors/hf_cache/hub/models--nvidia--mit-b1/snapshots/13ddceec4e8bdf401e7cd7acf5aebc526222518c,runs/mit-b1_skd_j9200315/student_skd.ckpt,skd,GOPR0122_frame_000337_rgb_anon,/home/manors/Guardrail-Distillation/data/acdc/rgb_anon/snow/val/GOPR0122/GOPR0122_frame_000337_rgb_anon.png,snow,0.48278716463711646,0.5172128353628835,0.8679238557815552,0.9743292331695557,0.08653297275304794,0.0680292546749115,0.19406136870384216,0.9323790073394775,0.23367756605148315,-5.574061870574951,5.542601108551025,0.0055010681971907616,0.03420082852244377,237772,3.6614345153793693,13.445103541016579,11.922924255486578,0.3996568728553177,0.6003431271446823,65116,0.8428367530031342,0.1571632469968658,7804,0.06930077821016312,0.0007414164138026536,12.153769028373063,0.5735595226287842,0.4264404773712158,0.7028886675834656,0.7186595797538757,0.09727033227682114,0.5242984294891357,0.47570157051086426,0.5811142325401306,0.6217013597488403,0.553939938545227,0.5242984294891357,0.47570157051086426,0.5242984294891357,0.47570157051086426,0.44283849125123,0.55716150874877,0.8990545272827148,0.3344712542013099,0.66552874579869,0.0,0.6319155588179322,0.36808444118206785,0.0,0.0,0.0,0.03955890238285065,0.008428242057561874,1.0,0.0,0.057029422372579575,0.02009488083422184,219943
acdc_b1_mit-b1_guard_gt_risk_s137_j13387384,2026-07-10 23:13:41,acdc,val,all,student_skd,/scratch/gautschi/manors/hf_cache/hub/models--nvidia--mit-b1/snapshots/13ddceec4e8bdf401e7cd7acf5aebc526222518c,runs/mit-b1_skd_j9200315/student_skd.ckpt,skd,GOPR0122_frame_000344_rgb_anon,/home/manors/Guardrail-Distillation/data/acdc/rgb_anon/snow/val/GOPR0122/GOPR0122_frame_000344_rgb_anon.png,snow,0.33328062756138593,0.666719372438614,0.7751376628875732,0.9512255787849426,0.11646304279565811,0.12772919237613678,0.26375195384025574,0.8908896446228027,0.3373047411441803,-5.639586448669434,5.579383850097656,0.012016079388558865,0.0653543695807457,228860,3.662261995486915,13.434968248475343,11.970499763265252,0.27372636293780017,0.7262736370621998,66898,0.29177365668093197,0.7082263433190681,10604,0.1297825425863266,0.0013405520003288984,12.068670766893774,0.5482687950134277,0.45173120498657227,0.6632503271102905,0.6817675828933716,0.23174220323562622,0.557677686214447,0.442322313785553,0.6770676374435425,0.7836623191833496,0.5396909713745117,0.557677686214447,0.442322313785553,0.557677686214447,0.442322313785553,0.36872730217785954,0.6312726978221405,0.8365376591682434,0.23134315350527035,0.7686568464947297,0.0,0.4896338563956253,0.5103661436043747,0.19786019971469337,0.03544667461647355,0.03544667461647355,0.09379970282316208,0.03239972144365311,0.9645533253835264,0.03544667461647355,0.1553613543510437,0.0493139922618866,195399
acdc_b1_mit-b1_guard_gt_risk_s137_j13387384,2026-07-10 23:13:41,acdc,val,all,student_skd,/scratch/gautschi/manors/hf_cache/hub/models--nvidia--mit-b1/snapshots/13ddceec4e8bdf401e7cd7acf5aebc526222518c,runs/mit-b1_skd_j9200315/student_skd.ckpt,skd,GOPR0122_frame_000352_rgb_anon,/home/manors/Guardrail-Distillation/data/acdc/rgb_anon/snow/val/GOPR0122/GOPR0122_frame_000352_rgb_anon.png,snow,0.35476048087235373,0.6452395191276463,0.8291094303131104,0.963036835193634,0.09698081761598587,0.10114994645118713,0.21839778125286102,0.9038388729095459,0.3088991045951843,-5.246163845062256,5.201716423034668,0.005553076975047588,0.04467475414276123,239867,3.662261995486915,13.434968248475343,11.970499763265252,0.23899509115827747,0.7610049088417226,69163,0.3192409655364867,0.6807590344635133,2752,0.10344836860895157,0.001370169804431498,12.068670766893774,0.558264434337616,0.44173556566238403,0.6629041433334351,0.6869308352470398,0.15431630611419678,0.5385026931762695,0.46149730682373047,0.6085026264190674,0.6774777173995972,0.5352987051010132,0.5385026931762695,0.46149730682373047,0.5385026931762695,0.46149730682373047,0.4134443389580045,0.5865556610419955,0.8671972155570984,0.2502184439639928,0.7497815560360073,0.011223352805715292,0.4768856447688564,0.5231143552311436,0.1576446792323697,0.0586838580856508,0.0586838580856508,0.05058636516332626,0.012498592957854271,0.9413161419143492,0.0586838580856508,0.0706849992275238,0.02408834733068943,213345
acdc_b1_mit-b1_guard_gt_risk_s137_j13387384,2026-07-10 23:13:41,acdc,val,all,student_skd,/scratch/gautschi/manors/hf_cache/hub/models--nvidia--mit-b1/snapshots/13ddceec4e8bdf401e7cd7acf5aebc526222518c,runs/mit-b1_skd_j9200315/student_skd.ckpt,skd,GOPR0122_frame_000358_rgb_anon,/home/manors/Guardrail-Distillation/data/acdc/rgb_anon/snow/val/GOPR0122/GOPR0122_frame_000358_rgb_anon.png,snow,0.34049880154998546,0.6595011984500145,0.6247997283935547,0.9185354709625244,0.1380837857723236,0.20732787251472473,0.2939528524875641,0.8259534239768982,0.5067560076713562,-4.018025875091553,3.9185216426849365,0.015693876892328262,0.10881530493497849,240922,3.662261995486915,13.434968248475343,11.970499763265252,0.23307237278762707,0.766927627212373,68607,0.9393192669028184,0.06068073309718158,6493,0.21307075023651123,0.004635144025087357,12.068670766893774,0.544110119342804,0.45588988065719604,0.6560903787612915,0.7084836959838867,0.16372951865196228,0.5408411622047424,0.45915883779525757,0.6155489683151245,0.649398922920227,0.5229163765907288,0.5408411622047424,0.45915883779525757,0.5408411622047424,0.45915883779525757,0.4030841111178842,0.5969158888821158,0.8807663917541504,0.3279824461805755,0.6720175538194245,0.09491007339294844,0.9727398737101494,0.02726012628985064,0.033420606807330944,0.06258530956789876,0.06258530956789876,0.26094338297843933,0.0049767144955694675,0.9374146904321012,0.06258530956789876,0.3147740662097931,0.12447182089090347,181348
acdc_b1_mit-b1_guard_gt_risk_s137_j13387384,2026-07-10 23:13:41,acdc,val,all,student_skd,/scratch/gautschi/manors/hf_cache/hub/models--nvidia--mit-b1/snapshots/13ddceec4e8bdf401e7cd7acf5aebc526222518c,runs/mit-b1_skd_j9200315/student_skd.ckpt,skd,GOPR0122_frame_000364_rgb_anon,/home/manors/Guardrail-Distillation/data/acdc/rgb_anon/snow/val/GOPR0122/GOPR0122_frame_000364_rgb_anon.png,snow,0.3911586229667368,0.6088413770332632,0.7939417362213135,0.9469957947731018,0.11546913534402847,0.14284482598304749,0.25701043009757996,0.8700729012489319,0.40639594197273254,-4.870012283325195,4.805587291717529,0.01085797417908907,0.06638852506875992,246639,3.662261995486915,13.434968248475343,11.970499763265252,0.32216852598364576,0.6778314740163542,72770,0.8730525100980958,0.1269474899019042,6932,0.14556971192359924,0.0014717914164066315,12.068670766893774,0.5582010746002197,0.4417989253997803,0.6858940124511719,0.7018010020256042,0.1997886449098587,0.5497816801071167,0.4502183198928833,0.6502823233604431,0.7090005874633789,0.552478551864624,0.5497816801071167,0.4502183198928833,0.5497816801071167,0.4502183198928833,0.48651889835996154,0.5134811016400385,0.8554932475090027,0.4170911870919836,0.5829088129080164,0.0949226611083378,0.9396999422965955,0.06030005770340452,0.06664743219849967,0.09536027539322478,0.09536027539322478,0.07283519208431244,0.011283697560429573,0.9046397246067752,0.09536027539322478,0.09774204343557358,0.037938039749860764,207877
acdc_b1_mit-b1_guard_gt_risk_s137_j13387384,2026-07-10 23:13:41,acdc,val,all,student_skd,/scratch/gautschi/manors/hf_cache/hub/models--nvidia--mit-b1/snapshots/13ddceec4e8bdf401e7cd7acf5aebc526222518c,runs/mit-b1_skd_j9200315/student_skd.ckpt,skd,GOPR0122_frame_000370_rgb_anon,/home/manors/Guardrail-Distillation/data/acdc/rgb_anon/snow/val/GOPR0122/GOPR0122_frame_000370_rgb_anon.png,snow,0.36366544395592454,0.6363345560440754,0.7953924536705017,0.9506872892379761,0.11758525669574738,0.1306713968515396,0.2641521692276001,0.884067952632904,0.3646388649940491,-5.0242390632629395,4.963123798370361,0.013891002163290977,0.06643343716859818,243251,3.6569617805071175,13.367750507313758,11.936604510992765,0.3238834313376303,0.6761165686623697,69233,0.4865280985373364,0.5134719014626636,3935,0.1327819973230362,0.0014340121997520328,12.02407997334376,0.5642919540405273,0.43570804595947266,0.6867035031318665,0.7102470397949219,0.15397484600543976,0.5384178161621094,0.4615821838378906,0.6143438816070557,0.6753487586975098,0.5484498143196106,0.5384178161621094,0.4615821838378906,0.5384178161621094,0.4615821838378906,0.46612530966762544,0.5338746903323746,0.8706480264663696,0.42889307107372815,0.5711069289262718,0.10500963973609789,0.4828072876571722,0.5171927123428278,0.0,0.10245986571170085,0.10245986571170085,0.0972411260008812,0.021985521540045738,0.8975401342882992,0.10245986571170085,0.14129027724266052,0.05553112179040909,208913
acdc_b1_mit-b1_guard_gt_risk_s137_j13387384,2026-07-10 23:13:41,acdc,val,all,student_skd,/scratch/gautschi/manors/hf_cache/hub/models--nvidia--mit-b1/snapshots/13ddceec4e8bdf401e7cd7acf5aebc526222518c,runs/mit-b1_skd_j9200315/student_skd.ckpt,skd,GOPR0122_frame_000376_rgb_anon,/home/manors/Guardrail-Distillation/data/acdc/rgb_anon/snow/val/GOPR0122/GOPR0122_frame_000376_rgb_anon.png,snow,0.34141451872955586,0.6585854812704441,0.8005722165107727,0.9470060467720032,0.11516313999891281,0.14425420761108398,0.2634541690349579,0.8691900372505188,0.4123696982860565,-4.994077682495117,4.92966890335083,0.009905078448355198,0.0648396834731102,239776,3.6569617805071175,13.367750507313758,11.936604510992765,0.2930091993167602,0.7069908006832397,67242,0.4268292682926829,0.5731707317073171,3076,0.14654359221458435,0.0013251797063276172,12.02407997334376,0.5683509111404419,0.4316490888595581,0.7026228308677673,0.7167544364929199,0.20516337454319,0.5511116981506348,0.44888830184936523,0.6491163969039917,0.703536868095398,0.5606404542922974,0.5511116981506348,0.44888830184936523,0.5511116981506348,0.44888830184936523,0.46047725317380483,0.5395227468261952,0.8899472951889038,0.4369255642223367,0.5630744357776634,0.14391636490557635,0.4896619625861503,0.5103380374138498,0.06283269429346738,0.11906273444424897,0.11906273444424897,0.10258325189352036,0.013208161108195782,0.880937265555751,0.11906273444424897,0.13235686719417572,0.04842853546142578,201267
acdc_b1_mit-b1_guard_gt_risk_s137_j13387384,2026-07-10 23:13:41,acdc,val,all,student_skd,/scratch/gautschi/manors/hf_cache/hub/models--nvidia--mit-b1/snapshots/13ddceec4e8bdf401e7cd7acf5aebc526222518c,runs/mit-b1_skd_j9200315/student_skd.ckpt,skd,GOPR0122_frame_000406_rgb_anon,/home/manors/Guardrail-Distillation/data/acdc/rgb_anon/snow/val/GOPR0122/GOPR0122_frame_000406_rgb_anon.png,snow,0.355167812882999,0.6448321871170011,0.7755300402641296,0.9689760804176331,0.0943390429019928,0.08412320166826248,0.21835118532180786,0.9217481017112732,0.2602068781852722,-5.510152339935303,5.472046852111816,0.007062017917633057,0.04020287096500397,229113,3.6569617805071175,13.367750507313758,11.936604510992765,0.30525108826829944,0.6947489117317005,57184,0.48091615249618663,0.5190838475038133,4300,0.08582518249750137,0.0010050444398075342,12.02407997334376,0.5535702109336853,0.4464297890663147,0.6639729142189026,0.6819690465927124,0.129887655377388,0.5324263572692871,0.4675736427307129,0.6075751781463623,0.6705920696258545,0.5347982048988342,0.5324263572692871,0.4675736427307129,0.5324263572692871,0.4675736427307129,0.4780487060638136,0.5219512939361863,0.817552924156189,0.43553912293732966,0.5644608770626703,0.13028803466903016,0.5816155927282116,0.4183844072717884,0.10069944023202493,0.12288089318081474,0.12288089318081474,0.057822998613119125,0.01580006442964077,0.8771191068191853,0.12288089318081474,0.08274083584547043,0.028173871338367462,208198
acdc_b1_mit-b1_guard_gt_risk_s137_j13387384,2026-07-10 23:13:41,acdc,val,all,student_skd,/scratch/gautschi/manors/hf_cache/hub/models--nvidia--mit-b1/snapshots/13ddceec4e8bdf401e7cd7acf5aebc526222518c,runs/mit-b1_skd_j9200315/student_skd.ckpt,skd,GOPR0122_frame_000413_rgb_anon,/home/manors/Guardrail-Distillation/data/acdc/rgb_anon/snow/val/GOPR0122/GOPR0122_frame_000413_rgb_anon.png,snow,0.35256662860626353,0.6474333713937365,0.8703866004943848,0.9739492535591125,0.08701033890247345,0.07132554054260254,0.20252525806427002,0.9317081570625305,0.2311132252216339,-5.768548965454102,5.7365851402282715,0.006931288167834282,0.033358898013830185,241225,3.6569617805071175,13.367750507313758,11.936604510992765,0.2483507681254537,0.7516492318745462,67717,0.230718954248366,0.769281045751634,2053,0.0727662667632103,0.0008761179633438587,12.02407997334376,0.5464081764221191,0.45359182357788086,0.6551324725151062,0.6725360751152039,0.1080077737569809,0.526975691318512,0.47302430868148804,0.5709108710289001,0.6560491323471069,0.519767165184021,0.526975691318512,0.47302430868148804,0.526975691318512,0.47302430868148804,0.4492071460498679,0.5507928539501321,0.9017887711524963,0.424552602957746,0.575447397042254,0.17620183483229224,0.39833822091886606,0.6016617790811339,0.1676192666705001,0.09664051744360436,0.09664051744360436,0.037309564650058746,0.005907347891479731,0.9033594825563956,0.09664051744360436,0.05319100618362427,0.011528655886650085,222891
acdc_b1_mit-b1_guard_gt_risk_s137_j13387384,2026-07-10 23:13:41,acdc,val,all,student_skd,/scratch/gautschi/manors/hf_cache/hub/models--nvidia--mit-b1/snapshots/13ddceec4e8bdf401e7cd7acf5aebc526222518c,runs/mit-b1_skd_j9200315/student_skd.ckpt,skd,GOPR0122_frame_000419_rgb_anon,/home/manors/Guardrail-Distillation/data/acdc/rgb_anon/snow/val/GOPR0122/GOPR0122_frame_000419_rgb_anon.png,snow,0.23864827950614567,0.7613517204938544,0.8278428316116333,0.9597691297531128,0.09880491346120834,0.10232792049646378,0.2063899040222168,0.9049035906791687,0.2892422080039978,-5.537728786468506,5.489763259887695,0.0027790884487330914,0.04798999801278114,211940,3.7001397577114403,13.392493012361228,11.95275702048093,0.1603695358723798,0.8396304641276202,44873,0.12600459242250286,0.8739954075774972,2186,0.10389737039804459,0.0010883801151067019,12.058227963279933,0.5411888957023621,0.45881110429763794,0.6727389097213745,0.6958795189857483,0.16795170307159424,0.5418895483016968,0.4581104516983032,0.6386167407035828,0.7061124444007874,0.5384575724601746,0.5418895483016968,0.4581104516983032,0.5418895483016968,0.4581104516983032,0.34314475867105343,0.6568552413289466,0.9004907011985779,0.3192482862258734,0.6807517137741266,0.15887875035349364,0.27444992130458506,0.725550078695415,0.14844532888208217,0.10449647916490779,0.10449647916490779,0.07785694301128387,0.005209021735936403,0.8955035208350922,0.10449647916490779,0.08625554293394089,0.03700575605034828,184796
acdc_b1_mit-b1_guard_gt_risk_s137_j13387384,2026-07-10 23:13:41,acdc,val,all,student_skd,/scratch/gautschi/manors/hf_cache/hub/models--nvidia--mit-b1/snapshots/13ddceec4e8bdf401e7cd7acf5aebc526222518c,runs/mit-b1_skd_j9200315/student_skd.ckpt,skd,GOPR0122_frame_000425_rgb_anon,/home/manors/Guardrail-Distillation/data/acdc/rgb_anon/snow/val/GOPR0122/GOPR0122_frame_000425_rgb_anon.png,snow,0.28451983619485455,0.7154801638051455,0.7481656670570374,0.9041422605514526,0.1505327820777893,0.23470687866210938,0.31929051876068115,0.8125448822975159,0.5290409326553345,-4.796079635620117,4.677724361419678,0.017454488202929497,0.13776801526546478,223782,3.7001397577114403,13.392493012361228,11.95275702048093,0.2510441154015438,0.7489558845984562,50376,0.2901200111638292,0.7098799888361709,7238,0.2400975525379181,0.0042559197172522545,12.058227963279933,0.5159947276115417,0.48400527238845825,0.5892543792724609,0.6077494025230408,0.23606596887111664,0.5587438941001892,0.4412561058998108,0.659232497215271,0.6988433599472046,0.5099656581878662,0.5587438941001892,0.4412561058998108,0.5587438941001892,0.4412561058998108,0.46195629033571933,0.5380437096642807,0.8699091672897339,0.505743424138668,0.494256575861332,0.2546993087371242,0.4909445528002229,0.509055447199777,0.20082454163639385,0.17743645414086473,0.17743645414086473,0.1364855170249939,0.01474202610552311,0.8225635458591353,0.17743645414086473,0.2126489281654358,0.04926669970154762,157421
acdc_b1_mit-b1_guard_gt_risk_s137_j13387384,2026-07-10 23:13:41,acdc,val,all,student_skd,/scratch/gautschi/manors/hf_cache/hub/models--nvidia--mit-b1/snapshots/13ddceec4e8bdf401e7cd7acf5aebc526222518c,runs/mit-b1_skd_j9200315/student_skd.ckpt,skd,GOPR0122_frame_000431_rgb_anon,/home/manors/Guardrail-Distillation/data/acdc/rgb_anon/snow/val/GOPR0122/GOPR0122_frame_000431_rgb_anon.png,snow,0.42701944671475167,0.5729805532852483,0.8558240532875061,0.9571440815925598,0.10910984873771667,0.11596138030290604,0.25582194328308105,0.8975429534912109,0.3284962773323059,-5.274129390716553,5.221312999725342,0.009966637007892132,0.05593838170170784,237994,3.7001397577114403,13.392493012361228,11.95275702048093,0.44728752114585635,0.5527124788541437,67468,0.7958405655527867,0.2041594344472133,11601,0.11797357350587845,0.001139699132181704,12.058227963279933,0.5689470171928406,0.4310529828071594,0.695401132106781,0.7151505947113037,0.1925153136253357,0.5479807257652283,0.45201927423477173,0.6404517889022827,0.7091062068939209,0.5526666045188904,0.5479807257652283,0.45201927423477173,0.5479807257652283,0.45201927423477173,0.49988155559402475,0.5001184444059752,0.9162163138389587,0.43141775763128615,0.5685822423687139,0.0,0.5764597820081482,0.4235402179918518,0.0,0.07286210887927314,0.07286210887927314,0.09090565145015717,0.030513372272253036,0.9271378911207269,0.07286210887927314,0.1347302794456482,0.060135968029499054,208521
acdc_b1_mit-b1_guard_gt_risk_s137_j13387384,2026-07-10 23:13:41,acdc,val,all,student_skd,/scratch/gautschi/manors/hf_cache/hub/models--nvidia--mit-b1/snapshots/13ddceec4e8bdf401e7cd7acf5aebc526222518c,runs/mit-b1_skd_j9200315/student_skd.ckpt,skd,GOPR0604_frame_000278_rgb_anon,/home/manors/Guardrail-Distillation/data/acdc/rgb_anon/snow/val/GOPR0604/GOPR0604_frame_000278_rgb_anon.png,snow,0.3129063693091346,0.6870936306908654,0.862928569316864,0.9243261218070984,0.1521730124950409,0.20023113489151,0.36013567447662354,0.8422052264213562,0.4846394956111908,-5.707309246063232,5.609438896179199,0.03537223860621452,0.11275704205036163,249235,3.7001397577114403,13.392493012361228,11.95275702048093,0.2429086056488582,0.7570913943511418,76286,0.134789156626506,0.865210843373494,1367,0.2029210329055786,0.001829017186537385,12.058227963279933,0.527874767780304,0.47212523221969604,0.6376315951347351,0.672863781452179,0.2353733479976654,0.5585731267929077,0.4414268732070923,0.6809042692184448,0.7703197002410889,0.5286254286766052,0.5585731267929077,0.4414268732070923,0.5585731267929077,0.4414268732070923,0.3794391022232012,0.6205608977767988,0.8613958954811096,0.3506153130105863,0.6493846869894138,0.10770670736172805,0.2575301204819277,0.7424698795180723,0.12274096385542166,0.06653273291406658,0.06653273291406658,0.06730996817350388,0.06884266436100006,0.9334672670859334,0.06653273291406658,0.15941983461380005,0.010885309427976608,199165
acdc_b1_mit-b1_guard_gt_risk_s137_j13387384,2026-07-10 23:13:41,acdc,val,all,student_skd,/scratch/gautschi/manors/hf_cache/hub/models--nvidia--mit-b1/snapshots/13ddceec4e8bdf401e7cd7acf5aebc526222518c,runs/mit-b1_skd_j9200315/student_skd.ckpt,skd,GOPR0604_frame_000284_rgb_anon,/home/manors/Guardrail-Distillation/data/acdc/rgb_anon/snow/val/GOPR0604/GOPR0604_frame_000284_rgb_anon.png,snow,0.27453051508176174,0.7254694849182383,0.8741164207458496,0.9455960392951965,0.11634519696235657,0.15479107201099396,0.2656264901161194,0.8508588075637817,0.49085426330566406,-4.8874592781066895,4.82130241394043,0.012643900699913502,0.06604702025651932,237664,3.6568842479027808,13.397600501775742,11.913649039343,0.20230751473492134,0.7976924852650786,68333,0.2752535778796721,0.7247464221203279,9617,0.1574520468711853,0.001477710553444922,12.062870722729713,0.5117022395133972,0.4882977604866028,0.6020458936691284,0.6329433917999268,0.2153061330318451,0.5536195635795593,0.4463804364204407,0.6556330323219299,0.6993980407714844,0.525813102722168,0.5536195635795593,0.4463804364204407,0.5536195635795593,0.4463804364204407,0.3035406353187284,0.6964593646812716,0.9115599989891052,0.26072584481033584,0.7392741551896642,0.058418330075414415,0.1704637832204273,0.8295362167795727,0.0,0.029010120236966697,0.029010120236966697,0.05028948560357094,0.01284586638212204,0.9709898797630333,0.029010120236966697,0.09746953845024109,0.026764675974845886,200267
acdc_b1_mit-b1_guard_gt_risk_s137_j13387384,2026-07-10 23:13:41,acdc,val,all,student_skd,/scratch/gautschi/manors/hf_cache/hub/models--nvidia--mit-b1/snapshots/13ddceec4e8bdf401e7cd7acf5aebc526222518c,runs/mit-b1_skd_j9200315/student_skd.ckpt,skd,GOPR0604_frame_000290_rgb_anon,/home/manors/Guardrail-Distillation/data/acdc/rgb_anon/snow/val/GOPR0604/GOPR0604_frame_000290_rgb_anon.png,snow,0.3278486649499261,0.6721513350500739,0.8492074012756348,0.9513087868690491,0.11756719648838043,0.13356877863407135,0.2803594768047333,0.8840861320495605,0.371826708316803,-5.667384624481201,5.606884002685547,0.013790943659842014,0.06515318900346756,252267,3.6568842479027808,13.397600501775742,11.913649039343,0.18578763999513806,0.814212360004862,78802,0.4935946707660774,0.5064053292339226,11709,0.13604049384593964,0.0016410828102380037,12.062870722729713,0.5474835634231567,0.45251643657684326,0.7045763731002808,0.7255562543869019,0.16389545798301697,0.540882408618927,0.459117591381073,0.6345726847648621,0.6898307204246521,0.5445739030838013,0.540882408618927,0.459117591381073,0.540882408618927,0.459117591381073,0.4101636110409993,0.5898363889590007,0.9206991195678711,0.26721273758405184,0.7327872624159482,0.08142509758891381,0.49619950465453927,0.5038004953454607,0.0026048338884618882,0.08231494609107315,0.08231494609107315,0.09015052020549774,0.018658801913261414,0.9176850539089269,0.08231494609107315,0.13183650374412537,0.05335220322012901,216160
acdc_b1_mit-b1_guard_gt_risk_s137_j13387384,2026-07-10 23:13:41,acdc,val,all,student_skd,/scratch/gautschi/manors/hf_cache/hub/models--nvidia--mit-b1/snapshots/13ddceec4e8bdf401e7cd7acf5aebc526222518c,runs/mit-b1_skd_j9200315/student_skd.ckpt,skd,GOPR0604_frame_000300_rgb_anon,/home/manors/Guardrail-Distillation/data/acdc/rgb_anon/snow/val/GOPR0604/GOPR0604_frame_000300_rgb_anon.png,snow,0.2696185289390679,0.7303814710609321,0.8429695963859558,0.959222137928009,0.11202132701873779,0.11172746121883392,0.2655203938484192,0.899867832660675,0.33742254972457886,-5.846979141235352,5.795782566070557,0.01564588025212288,0.058136921375989914,253677,3.6568842479027808,13.397600501775742,11.913649039343,0.23043931984208219,0.7695606801579178,80378,0.3305735056542811,0.6694264943457189,6228,0.11405615508556366,0.0014164206804707646,12.062870722729713,0.5302699208259583,0.46973007917404175,0.6655147671699524,0.7068926692008972,0.13696788251399994,0.5341885089874268,0.46581149101257324,0.6134481430053711,0.7023143172264099,0.5199394226074219,0.5341885089874268,0.46581149101257324,0.5341885089874268,0.46581149101257324,0.46617601230436745,0.5338239876956326,0.9500900506973267,0.37253419740163646,0.6274658025983635,0.1420948775595543,0.9288394985164647,0.07116050148353525,0.5982659928621836,0.19655748336529955,0.19655748336529955,0.1227545216679573,0.01563405431807041,0.8034425166347005,0.19655748336529955,0.15003331005573273,0.08799378573894501,224782
acdc_b1_mit-b1_guard_gt_risk_s137_j13387384,2026-07-10 23:13:41,acdc,val,all,student_skd,/scratch/gautschi/manors/hf_cache/hub/models--nvidia--mit-b1/snapshots/13ddceec4e8bdf401e7cd7acf5aebc526222518c,runs/mit-b1_skd_j9200315/student_skd.ckpt,skd,GOPR0604_frame_000305_rgb_anon,/home/manors/Guardrail-Distillation/data/acdc/rgb_anon/snow/val/GOPR0604/GOPR0604_frame_000305_rgb_anon.png,snow,0.3436197388181922,0.6563802611818078,0.8073400259017944,0.9547681212425232,0.10110665112733841,0.13092555105686188,0.2311970740556717,0.8675374388694763,0.4441153109073639,-5.217005252838135,5.163235187530518,0.00729829166084528,0.04694630205631256,253758,3.6568842479027808,13.397600501775742,11.913649039343,0.22936199972640361,0.7706380002735964,80725,0.275569932224276,0.724430067775724,2348,0.13348501920700073,0.0012581456685438752,12.062870722729713,0.5299440622329712,0.4700559377670288,0.6590465903282166,0.6943212151527405,0.252469539642334,0.5627842545509338,0.43721574544906616,0.6605585217475891,0.7762765884399414,0.5354568958282471,0.5627842545509338,0.43721574544906616,0.5627842545509338,0.43721574544906616,0.39605616564210105,0.6039438343578989,0.8923777341842651,0.2890859024878131,0.7109140975121869,0.059723902761409486,0.2959026494146642,0.7040973505853358,0.020332717190388205,0.05243642682390892,0.05243642682390892,0.10093474388122559,0.015897035598754883,0.9475635731760911,0.05243642682390892,0.13338692486286163,0.06938894093036652,218043
acdc_b1_mit-b1_guard_gt_risk_s137_j13387384,2026-07-10 23:13:41,acdc,val,all,student_skd,/scratch/gautschi/manors/hf_cache/hub/models--nvidia--mit-b1/snapshots/13ddceec4e8bdf401e7cd7acf5aebc526222518c,runs/mit-b1_skd_j9200315/student_skd.ckpt,skd,GOPR0604_frame_000310_rgb_anon,/home/manors/Guardrail-Distillation/data/acdc/rgb_anon/snow/val/GOPR0604/GOPR0604_frame_000310_rgb_anon.png,snow,0.24351324330941382,0.7564867566905862,0.8081355094909668,0.9474511742591858,0.12529966235160828,0.14730142056941986,0.30597731471061707,0.8651256561279297,0.4698595404624939,-5.12069845199585,5.054391384124756,0.020344719290733337,0.07198172807693481,253481,3.659046778921038,13.46240850398317,11.902819038368762,0.16705167067156276,0.8329483293284372,81223,0.0,1.0,1451,0.14973443746566772,0.0011102012358605862,12.100440741050988,0.5310830473899841,0.46891695261001587,0.640520453453064,0.6640803217887878,0.3173364996910095,0.5786749720573425,0.42132502794265747,0.7754552364349365,0.8622777462005615,0.5454142689704895,0.5786749720573425,0.42132502794265747,0.5786749720573425,0.42132502794265747,0.4057571984418125,0.5942428015581875,0.9279630184173584,0.33562188868547727,0.6643781113145227,0.16857021801391447,0.16157501697216564,0.8384249830278343,0.1615750169721657,0.16224395513239864,0.16224395513239864,0.1276427060365677,0.007815181277692318,0.8377560448676014,0.16224395513239864,0.15826037526130676,0.07536659389734268,215677
acdc_b1_mit-b1_guard_gt_risk_s137_j13387384,2026-07-10 23:13:42,acdc,val,all,student_skd,/scratch/gautschi/manors/hf_cache/hub/models--nvidia--mit-b1/snapshots/13ddceec4e8bdf401e7cd7acf5aebc526222518c,runs/mit-b1_skd_j9200315/student_skd.ckpt,skd,GOPR0604_frame_000316_rgb_anon,/home/manors/Guardrail-Distillation/data/acdc/rgb_anon/snow/val/GOPR0604/GOPR0604_frame_000316_rgb_anon.png,snow,0.3328018384852379,0.6671981615147621,0.872873842716217,0.9439208507537842,0.11964553594589233,0.14285781979560852,0.25067541003227234,0.8730040788650513,0.3734545409679413,-5.903385162353516,5.835047245025635,0.008026261813938618,0.07707513868808746,251923,3.659046778921038,13.46240850398317,11.902819038368762,0.2523931945016708,0.7476068054983291,79834,0.0,1.0,419,0.14482447504997253,0.0011388229904696345,12.100440741050988,0.5601049065589905,0.4398950934410095,0.7151253819465637,0.7296493649482727,0.1983659565448761,0.5494295358657837,0.4505704641342163,0.6501477956771851,0.7113102078437805,0.5587920546531677,0.5494295358657837,0.4505704641342163,0.5494295358657837,0.4505704641342163,0.3402521711755375,0.6597478288244625,0.9139816761016846,0.2908793155046584,0.7091206844953416,0.03848612100298754,0.09135925382519389,0.9086407461748061,0.09135925382519394,0.007450332690299599,0.007450332690299599,0.05927208065986633,0.01816428080201149,0.9925496673097004,0.007450332690299599,0.09098812192678452,0.017199700698256493,210795
acdc_b1_mit-b1_guard_gt_risk_s137_j13387384,2026-07-10 23:13:42,acdc,val,all,student_skd,/scratch/gautschi/manors/hf_cache/hub/models--nvidia--mit-b1/snapshots/13ddceec4e8bdf401e7cd7acf5aebc526222518c,runs/mit-b1_skd_j9200315/student_skd.ckpt,skd,GOPR0604_frame_000322_rgb_anon,/home/manors/Guardrail-Distillation/data/acdc/rgb_anon/snow/val/GOPR0604/GOPR0604_frame_000322_rgb_anon.png,snow,0.200694776995534,0.7993052230044659,0.8551762104034424,0.9617645740509033,0.10439106822013855,0.1053837314248085,0.24394798278808594,0.8978383541107178,0.3527236580848694,-5.59149169921875,5.544397830963135,0.00933920405805111,0.05240932106971741,249593,3.659046778921038,13.46240850398317,11.902819038368762,0.14000909412319257,0.8599909058768074,78492,0.05567010309278351,0.9443298969072165,514,0.10776172578334808,0.0012128532398492098,12.100440741050988,0.555347204208374,0.444652795791626,0.6798389554023743,0.7065813541412354,0.2711828351020813,0.5673832297325134,0.4326167702674866,0.7130652070045471,0.8344841599464417,0.5484756827354431,0.5673832297325134,0.4326167702674866,0.5673832297325134,0.4326167702674866,0.39086514846097015,0.6091348515390298,0.9505875110626221,0.28599199569511397,0.714008004304886,0.1459829015719214,0.559402772840384,0.440597227159616,0.5037326697476004,0.19017037146543614,0.19017037146543614,0.11037969589233398,0.014968368224799633,0.8098296285345639,0.19017037146543614,0.13363756239414215,0.06125572323799133,221791
acdc_b1_mit-b1_guard_gt_risk_s137_j13387384,2026-07-10 23:13:42,acdc,val,all,student_skd,/scratch/gautschi/manors/hf_cache/hub/models--nvidia--mit-b1/snapshots/13ddceec4e8bdf401e7cd7acf5aebc526222518c,runs/mit-b1_skd_j9200315/student_skd.ckpt,skd,GOPR0604_frame_000327_rgb_anon,/home/manors/Guardrail-Distillation/data/acdc/rgb_anon/snow/val/GOPR0604/GOPR0604_frame_000327_rgb_anon.png,snow,0.378361093964928,0.621638906035072,0.8804222941398621,0.9470195770263672,0.12862113118171692,0.13622336089611053,0.2967739701271057,0.8851035237312317,0.36628589034080505,-6.0238118171691895,5.956323623657227,0.018035277724266052,0.07957834005355835,247404,3.659046778921038,13.46240850398317,11.902819038368762,0.2983672647623354,0.7016327352376646,77374,0.9172025723472669,0.08279742765273312,2488,0.13828368484973907,0.0012409023474901915,12.100440741050988,0.5302295088768005,0.46977049112319946,0.6477310657501221,0.7169132232666016,0.18204961717128754,0.5453870892524719,0.4546129107475281,0.6710333228111267,0.7470569014549255,0.5204477906227112,0.5453870892524719,0.4546129107475281,0.5453870892524719,0.4546129107475281,0.3501465560563167,0.6498534439436833,0.912871241569519,0.27255395046118336,0.7274460495388166,0.0,0.31511254019292606,0.684887459807074,0.0,0.0,0.0,0.052674975246191025,0.020226027816534042,1.0,0.0,0.09061696380376816,0.022485489025712013,210869
acdc_b1_mit-b1_guard_gt_risk_s137_j13387384,2026-07-10 23:13:42,acdc,val,all,student_skd,/scratch/gautschi/manors/hf_cache/hub/models--nvidia--mit-b1/snapshots/13ddceec4e8bdf401e7cd7acf5aebc526222518c,runs/mit-b1_skd_j9200315/student_skd.ckpt,skd,GOPR0604_frame_000332_rgb_anon,/home/manors/Guardrail-Distillation/data/acdc/rgb_anon/snow/val/GOPR0604/GOPR0604_frame_000332_rgb_anon.png,snow,0.439915155452438,0.560084844547562,0.9000799655914307,0.9519888758659363,0.11942768841981888,0.12507520616054535,0.275900661945343,0.894071102142334,0.33286213874816895,-5.824060440063477,5.763852119445801,0.014733731746673584,0.06677114963531494,245016,3.8015307509340346,13.39620299404487,11.928384250495583,0.3574863771984041,0.642513622801596,71743,0.8887616660905635,0.1112383339094365,2958,0.12743788957595825,0.0014153646770864725,12.098768493160605,0.4975946545600891,0.5024053454399109,0.5789692997932434,0.6254667043685913,0.12737935781478882,0.5318018198013306,0.46819818019866943,0.6163894534111023,0.6691474914550781,0.5029413104057312,0.5318018198013306,0.46819818019866943,0.5318018198013306,0.46819818019866943,0.3972742408389021,0.6027257591610979,0.9071203470230103,0.34985653588228505,0.650143464117715,0.0,0.8105480071259539,0.18945199287404613,0.0,0.0,0.0,0.03199382871389389,0.02495347149670124,1.0,0.0,0.0671996921300888,0.00828517321497202,210709
acdc_b1_mit-b1_guard_gt_risk_s137_j13387384,2026-07-10 23:13:42,acdc,val,all,student_skd,/scratch/gautschi/manors/hf_cache/hub/models--nvidia--mit-b1/snapshots/13ddceec4e8bdf401e7cd7acf5aebc526222518c,runs/mit-b1_skd_j9200315/student_skd.ckpt,skd,GOPR0604_frame_000337_rgb_anon,/home/manors/Guardrail-Distillation/data/acdc/rgb_anon/snow/val/GOPR0604/GOPR0604_frame_000337_rgb_anon.png,snow,0.3594904433774358,0.6405095566225643,0.8862849473953247,0.9560819268226624,0.11282512545585632,0.11705613881349564,0.2620658874511719,0.8959566354751587,0.337558776140213,-6.002066612243652,5.947568416595459,0.011533699929714203,0.060790903866291046,255252,3.8015307509340346,13.39620299404487,11.928384250495583,0.22304490772924487,0.7769550922707551,80898,0.236498010233087,0.763501989766913,3824,0.11925078928470612,0.0014548221370205283,12.098768493160605,0.5375220775604248,0.4624779224395752,0.6804431676864624,0.7145946025848389,0.14000923931598663,0.5349452495574951,0.4650547504425049,0.6211301684379578,0.6889774799346924,0.5247507095336914,0.5349452495574951,0.4650547504425049,0.5349452495574951,0.4650547504425049,0.3828114253491597,0.6171885746508403,0.9066687226295471,0.2684419783251314,0.7315580216748686,0.04539707059588649,0.19948470390120684,0.8005152960987931,0.0,0.023320981971723942,0.023320981971723942,0.06124144047498703,0.04085766151547432,0.9766790180282761,0.023320981971723942,0.11667294055223465,0.022624701261520386,222872
acdc_b1_mit-b1_guard_gt_risk_s137_j13387384,2026-07-10 23:13:42,acdc,val,all,student_skd,/scratch/gautschi/manors/hf_cache/hub/models--nvidia--mit-b1/snapshots/13ddceec4e8bdf401e7cd7acf5aebc526222518c,runs/mit-b1_skd_j9200315/student_skd.ckpt,skd,GOPR0604_frame_000373_rgb_anon,/home/manors/Guardrail-Distillation/data/acdc/rgb_anon/snow/val/GOPR0604/GOPR0604_frame_000373_rgb_anon.png,snow,0.44300156026102594,0.556998439738974,0.9083240628242493,0.9415490627288818,0.13379137217998505,0.1548139601945877,0.3191419243812561,0.8785494565963745,0.3669836223125458,-6.41419792175293,6.3397536277771,0.022709576413035393,0.08498690277338028,254298,3.8015307509340346,13.39620299404487,11.928384250495583,0.3019226927199145,0.6980773072800854,81829,0.316635829964138,0.6833641700358619,29733,0.15742750465869904,0.0019581171218305826,12.098768493160605,0.5067698955535889,0.49323010444641113,0.5813475847244263,0.6156481504440308,0.2052566558122635,0.5511347651481628,0.44886523485183716,0.6773797273635864,0.7370026111602783,0.5068026781082153,0.5511347651481628,0.44886523485183716,0.5511347651481628,0.44886523485183716,0.48112833517808795,0.518871664821912,0.9226065278053284,0.27758547537889283,0.7224145246211071,0.0,0.4229848487324583,0.5770151512675417,0.10634901876832026,0.038126774917061956,0.038126774917061956,0.04382653161883354,0.029544075950980186,0.961873225082938,0.038126774917061956,0.08442457020282745,0.005293002352118492,212493
acdc_b1_mit-b1_guard_gt_risk_s137_j13387384,2026-07-10 23:13:42,acdc,val,all,student_skd,/scratch/gautschi/manors/hf_cache/hub/models--nvidia--mit-b1/snapshots/13ddceec4e8bdf401e7cd7acf5aebc526222518c,runs/mit-b1_skd_j9200315/student_skd.ckpt,skd,GOPR0604_frame_000393_rgb_anon,/home/manors/Guardrail-Distillation/data/acdc/rgb_anon/snow/val/GOPR0604/GOPR0604_frame_000393_rgb_anon.png,snow,0.4435624633266714,0.5564375366733286,0.8760263919830322,0.9382433891296387,0.13466161489486694,0.1650373637676239,0.3196880519390106,0.8680646419525146,0.40387627482414246,-6.180709362030029,6.102568626403809,0.021761208772659302,0.08770223706960678,254030,3.8015307509340346,13.39620299404487,11.928384250495583,0.239842855995447,0.760157144004553,81338,0.09695629871567096,0.9030437012843291,10259,0.16843754053115845,0.002365503692999482,12.098768493160605,0.507286787033081,0.49271321296691895,0.5845571160316467,0.6334602236747742,0.1610795110464096,0.5401830077171326,0.45981699228286743,0.6436846256256104,0.6910498738288879,0.5049973130226135,0.5401830077171326,0.45981699228286743,0.5401830077171326,0.45981699228286743,0.6594279552526773,0.3405720447473227,0.9319725632667542,0.4052021783132538,0.5947978216867462,0.1653593223178068,0.8430007331302737,0.15699926686972632,0.7460444344146028,0.2158654919260059,0.2158654919260059,0.07354249060153961,0.017596345394849777,0.7841345080739941,0.2158654919260059,0.10198795050382614,0.02240680158138275,209069
acdc_b1_mit-b1_guard_gt_risk_s137_j13387384,2026-07-10 23:13:42,acdc,val,all,student_skd,/scratch/gautschi/manors/hf_cache/hub/models--nvidia--mit-b1/snapshots/13ddceec4e8bdf401e7cd7acf5aebc526222518c,runs/mit-b1_skd_j9200315/student_skd.ckpt,skd,GOPR0604_frame_000413_rgb_anon,/home/manors/Guardrail-Distillation/data/acdc/rgb_anon/snow/val/GOPR0604/GOPR0604_frame_000413_rgb_anon.png,snow,0.5125281029458892,0.48747189705411076,0.9003921747207642,0.9460904598236084,0.1252129077911377,0.14585267007350922,0.29993078112602234,0.8796002268791199,0.378268837928772,-6.077432632446289,6.009939670562744,0.017421379685401917,0.07551661133766174,250382,3.660567046608776,13.404110737610608,11.940229509491473,0.3103948960055786,0.6896051039944213,80067,0.2899156412042411,0.7100843587957588,4704,0.1488076150417328,0.0018842231947928667,12.012547755148262,0.5063624978065491,0.4936375021934509,0.589215874671936,0.6347097158432007,0.15058065950870514,0.5375742316246033,0.46242576837539673,0.6398611664772034,0.6880582571029663,0.5045021176338196,0.5375742316246033,0.46242576837539673,0.5375742316246033,0.46242576837539673,0.5519602521301136,0.44803974786988643,0.9150617718696594,0.32410738083728535,0.6758926191627146,0.013712484831706728,0.5951309124545634,0.4048690875454366,0.3052152712503222,0.03943214918422433,0.03943214918422433,0.048541828989982605,0.03387224301695824,0.9605678508157757,0.03943214918422433,0.09187561273574829,0.015620131976902485,211032
acdc_b1_mit-b1_guard_gt_risk_s137_j13387384,2026-07-10 23:13:42,acdc,val,all,student_skd,/scratch/gautschi/manors/hf_cache/hub/models--nvidia--mit-b1/snapshots/13ddceec4e8bdf401e7cd7acf5aebc526222518c,runs/mit-b1_skd_j9200315/student_skd.ckpt,skd,GOPR0604_frame_000433_rgb_anon,/home/manors/Guardrail-Distillation/data/acdc/rgb_anon/snow/val/GOPR0604/GOPR0604_frame_000433_rgb_anon.png,snow,0.499702937400612,0.500297062599388,0.9145979881286621,0.9504843354225159,0.1183372512459755,0.12824685871601105,0.2669886648654938,0.8875412344932556,0.35037747025489807,-5.793905735015869,5.7325615882873535,0.010994477197527885,0.06998942792415619,255310,3.660567046608776,13.404110737610608,11.940229509491473,0.42999534637409503,0.5700046536259049,81405,0.5478111012742248,0.45218889872577517,12654,0.13059861958026886,0.0012908454518765211,12.012547755148262,0.4994339346885681,0.5005660653114319,0.590960681438446,0.6362357139587402,0.1648329198360443,0.5411151647567749,0.4588848352432251,0.6368284821510315,0.6815211176872253,0.5062071681022644,0.5411151647567749,0.4588848352432251,0.5411151647567749,0.4588848352432251,0.4899882585606481,0.5100117414393519,0.8895460963249207,0.42016809257268684,0.5798319074273132,0.0,0.6632908857812303,0.3367091142187697,0.11547978450700547,0.0,0.0,0.016094161197543144,0.04114605858922005,1.0,0.0,0.06857937574386597,0.0022874153219163418,218962
acdc_b1_mit-b1_guard_gt_risk_s137_j13387384,2026-07-10 23:13:42,acdc,val,all,student_skd,/scratch/gautschi/manors/hf_cache/hub/models--nvidia--mit-b1/snapshots/13ddceec4e8bdf401e7cd7acf5aebc526222518c,runs/mit-b1_skd_j9200315/student_skd.ckpt,skd,GOPR0604_frame_000439_rgb_anon,/home/manors/Guardrail-Distillation/data/acdc/rgb_anon/snow/val/GOPR0604/GOPR0604_frame_000439_rgb_anon.png,snow,0.3808010962283022,0.6191989037716978,0.8558931946754456,0.9334768652915955,0.12857018411159515,0.18932609260082245,0.30609068274497986,0.8332600593566895,0.537544846534729,-4.919961929321289,4.838383197784424,0.01782192289829254,0.08385397493839264,254013,3.660567046608776,13.404110737610608,11.940229509491473,0.2899654342206018,0.7100345657793983,81966,0.2889372094920662,0.7110627905079339,21693,0.19344548881053925,0.0023426630068570375,12.012547755148262,0.5053529739379883,0.4946470260620117,0.5817340016365051,0.5948348045349121,0.3043312430381775,0.5755009651184082,0.4244990348815918,0.691914439201355,0.7334219813346863,0.5223559141159058,0.5755009651184082,0.4244990348815918,0.5755009651184082,0.4244990348815918,0.44198756096635927,0.5580124390336407,0.8801478743553162,0.3704616627598567,0.6295383372401433,0.08049622853925498,0.45101047589841164,0.5489895241015883,0.16207326640634556,0.06118646473805711,0.06118646473805711,0.04365524649620056,0.01940058171749115,0.9388135352619429,0.06118646473805711,0.08163361996412277,0.004428907297551632,204524
acdc_b1_mit-b1_guard_gt_risk_s137_j13387384,2026-07-10 23:13:42,acdc,val,all,student_skd,/scratch/gautschi/manors/hf_cache/hub/models--nvidia--mit-b1/snapshots/13ddceec4e8bdf401e7cd7acf5aebc526222518c,runs/mit-b1_skd_j9200315/student_skd.ckpt,skd,GOPR0604_frame_000445_rgb_anon,/home/manors/Guardrail-Distillation/data/acdc/rgb_anon/snow/val/GOPR0604/GOPR0604_frame_000445_rgb_anon.png,snow,0.35409050295986133,0.6459094970401387,0.8846287727355957,0.9404008388519287,0.12323786318302155,0.14926251769065857,0.25646471977233887,0.8611581325531006,0.42969051003456116,-5.411275386810303,5.338427543640137,0.008199317380785942,0.0816236138343811,246240,3.660567046608776,13.404110737610608,11.940229509491473,0.2824636955411124,0.7175363044588876,77626,0.8843612334801763,0.11563876651982374,908,0.1511072814464569,0.0010968903079628944,12.012547755148262,0.5041314363479614,0.4958685636520386,0.5709898471832275,0.5880576968193054,0.26904353499412537,0.5668581128120422,0.43314188718795776,0.6945505738258362,0.7517279982566833,0.5280255079269409,0.5668581128120422,0.43314188718795776,0.5668581128120422,0.43314188718795776,0.39117652613379406,0.6088234738662059,0.9267462491989136,0.31699209460531635,0.6830079053946836,0.03452839906420402,0.9240088105726872,0.07599118942731276,0.03964757709251099,0.037086023173932725,0.037086023173932725,0.06190301850438118,0.019785573706030846,0.9629139768260673,0.037086023173932725,0.08641162514686584,0.01657732203602791,203101
acdc_b1_mit-b1_guard_gt_risk_s137_j13387384,2026-07-10 23:13:42,acdc,val,all,student_skd,/scratch/gautschi/manors/hf_cache/hub/models--nvidia--mit-b1/snapshots/13ddceec4e8bdf401e7cd7acf5aebc526222518c,runs/mit-b1_skd_j9200315/student_skd.ckpt,skd,GOPR0604_frame_000455_rgb_anon,/home/manors/Guardrail-Distillation/data/acdc/rgb_anon/snow/val/GOPR0604/GOPR0604_frame_000455_rgb_anon.png,snow,0.4133518114269999,0.5866481885730002,0.8642477989196777,0.9438509345054626,0.12172606587409973,0.15078134834766388,0.27980202436447144,0.8658798933029175,0.42270180583000183,-5.48248291015625,5.4132609367370605,0.013650886714458466,0.07061060518026352,255075,3.6490242346189916,13.381803000811487,11.934621725231409,0.3157779908867868,0.6842220091132132,81224,0.05415533730251746,0.9458446626974826,718,0.153670534491539,0.0015700421063229442,12.030472746118903,0.5128974914550781,0.4871025085449219,0.5941444039344788,0.675332248210907,0.19253410398960114,0.5479853749275208,0.45201462507247925,0.6410675048828125,0.6872292757034302,0.5190863609313965,0.5479853749275208,0.45201462507247925,0.5479853749275208,0.45201462507247925,0.3376874940924012,0.6623125059075988,0.8901774287223816,0.2529480880721131,0.7470519119278869,0.0,0.008032128514056226,0.9919678714859438,0.0,0.0,0.0,0.03871018439531326,0.012780554592609406,1.0,0.0,0.06011565402150154,0.01021268218755722,212454
acdc_b1_mit-b1_guard_gt_risk_s137_j13387384,2026-07-10 23:13:42,acdc,val,all,student_skd,/scratch/gautschi/manors/hf_cache/hub/models--nvidia--mit-b1/snapshots/13ddceec4e8bdf401e7cd7acf5aebc526222518c,runs/mit-b1_skd_j9200315/student_skd.ckpt,skd,GOPR0604_frame_000460_rgb_anon,/home/manors/Guardrail-Distillation/data/acdc/rgb_anon/snow/val/GOPR0604/GOPR0604_frame_000460_rgb_anon.png,snow,0.3204676708910374,0.6795323291089626,0.8469916582107544,0.9369564056396484,0.1396574079990387,0.16904869675636292,0.3374159038066864,0.8646940588951111,0.4278891384601593,-5.718948841094971,5.637953758239746,0.026678921654820442,0.09073910862207413,253496,3.6490242346189916,13.381803000811487,11.934621725231409,0.1387449277835857,0.8612550722164143,81269,0.03230769230769231,0.9676923076923077,325,0.17110812664031982,0.0015112506225705147,12.030472746118903,0.5054787993431091,0.49452120065689087,0.5885759592056274,0.6088206768035889,0.23478083312511444,0.558427095413208,0.441572904586792,0.687214195728302,0.775147557258606,0.5194038152694702,0.558427095413208,0.441572904586792,0.558427095413208,0.441572904586792,0.3196480997605542,0.6803519002394458,0.8553034663200378,0.1850352078981114,0.8149647921018885,0.04629028011452574,0.08307692307692308,0.916923076923077,0.05076923076923079,0.0,0.0,0.08842743188142776,0.0801156610250473,1.0,0.0,0.19703270494937897,0.05254126340150833,209199
acdc_b1_mit-b1_guard_gt_risk_s137_j13387384,2026-07-10 23:13:42,acdc,val,all,student_skd,/scratch/gautschi/manors/hf_cache/hub/models--nvidia--mit-b1/snapshots/13ddceec4e8bdf401e7cd7acf5aebc526222518c,runs/mit-b1_skd_j9200315/student_skd.ckpt,skd,GOPR0604_frame_000465_rgb_anon,/home/manors/Guardrail-Distillation/data/acdc/rgb_anon/snow/val/GOPR0604/GOPR0604_frame_000465_rgb_anon.png,snow,0.3666797581708053,0.6333202418291948,0.8344353437423706,0.9485142827033997,0.11900652199983597,0.13558529317378998,0.27415797114372253,0.886196494102478,0.35035523772239685,-5.729909420013428,5.666394233703613,0.012423168867826462,0.06958000361919403,253478,3.6490242346189916,13.381803000811487,11.934621725231409,0.3227655759137844,0.6772344240862156,81756,0.9161894846434149,0.08381051535658512,3842,0.1370759755373001,0.001110239652916789,12.030472746118903,0.5540632605552673,0.44593673944473267,0.6628172397613525,0.6782920360565186,0.14309924840927124,0.5357139110565186,0.46428608894348145,0.6263296604156494,0.6964378356933594,0.5347536206245422,0.5357139110565186,0.46428608894348145,0.5357139110565186,0.46428608894348145,0.5369598733819702,0.46304012661802985,0.9004095196723938,0.4018039739532937,0.5981960260467063,0.0790383980395093,0.9836022904737116,0.016397709526288384,0.06741280583029674,0.17028011521116493,0.17028011521116493,0.09743252396583557,0.031458351761102676,0.8297198847888351,0.17028011521116493,0.1364733874797821,0.02907155640423298,214071
acdc_b1_mit-b1_guard_gt_risk_s137_j13387384,2026-07-10 23:13:42,acdc,val,all,student_skd,/scratch/gautschi/manors/hf_cache/hub/models--nvidia--mit-b1/snapshots/13ddceec4e8bdf401e7cd7acf5aebc526222518c,runs/mit-b1_skd_j9200315/student_skd.ckpt,skd,GOPR0604_frame_000470_rgb_anon,/home/manors/Guardrail-Distillation/data/acdc/rgb_anon/snow/val/GOPR0604/GOPR0604_frame_000470_rgb_anon.png,snow,0.3355109946405888,0.6644890053594112,0.8826841711997986,0.974597156047821,0.08834407478570938,0.06965485960245132,0.21005170047283173,0.9339878559112549,0.22834084928035736,-6.007700443267822,5.976104736328125,0.007654663175344467,0.03398311510682106,245210,3.6490242346189916,13.381803000811487,11.934621725231409,0.22002243309064748,0.7799775669093525,74667,0.28126110124333925,0.7187388987566607,11384,0.07108863443136215,0.0008162933518178761,12.030472746118903,0.5440586805343628,0.4559413194656372,0.6630809307098389,0.6874291300773621,0.08502021431922913,0.5212422609329224,0.47875773906707764,0.5775130987167358,0.6439356803894043,0.5261960029602051,0.5212422609329224,0.47875773906707764,0.5212422609329224,0.47875773906707764,0.47612718857990927,0.5238728114200908,0.9558663368225098,0.38083026359693933,0.6191697364030606,0.16080783050629188,0.6164932744850778,0.38350672551492215,0.3352321732417386,0.14061619393932046,0.14061619393932046,0.0874311774969101,0.014249010942876339,0.8593838060606795,0.14061619393932046,0.10837241262197495,0.06544594466686249,227253
acdc_b1_mit-b1_guard_gt_risk_s137_j13387384,2026-07-10 23:13:42,acdc,val,all,student_skd,/scratch/gautschi/manors/hf_cache/hub/models--nvidia--mit-b1/snapshots/13ddceec4e8bdf401e7cd7acf5aebc526222518c,runs/mit-b1_skd_j9200315/student_skd.ckpt,skd,GOPR0604_frame_000478_rgb_anon,/home/manors/Guardrail-Distillation/data/acdc/rgb_anon/snow/val/GOPR0604/GOPR0604_frame_000478_rgb_anon.png,snow,0.31457865011941716,0.6854213498805828,0.8630945086479187,0.9152258634567261,0.13725244998931885,0.21577510237693787,0.28904199600219727,0.8142197728157043,0.5457097291946411,-4.4799604415893555,4.377012252807617,0.012282115407288074,0.10843512415885925,251911,3.6636419827118516,13.405273261014372,11.934039241168648,0.26574817223980196,0.734251827760198,77994,0.2206743651177309,0.7793256348822691,4362,0.21962128579616547,0.0029191679786890745,12.061800458468497,0.5249941349029541,0.4750058650970459,0.608495831489563,0.6554757952690125,0.3382672071456909,0.5837695002555847,0.4162304997444153,0.7015498280525208,0.7925576567649841,0.5427823066711426,0.5837695002555847,0.4162304997444153,0.5837695002555847,0.4162304997444153,0.404005423930316,0.595994576069684,0.9236873388290405,0.31799396253812107,0.6820060374618789,0.052245790298319106,0.26282514782921046,0.7371748521707895,0.04215078271147965,0.08942677381089881,0.08942677381089881,0.08022674918174744,0.01963391900062561,0.9105732261891012,0.08942677381089881,0.10985229164361954,0.008987301029264927,185995
acdc_b1_mit-b1_guard_gt_risk_s137_j13387384,2026-07-10 23:13:42,acdc,val,all,student_skd,/scratch/gautschi/manors/hf_cache/hub/models--nvidia--mit-b1/snapshots/13ddceec4e8bdf401e7cd7acf5aebc526222518c,runs/mit-b1_skd_j9200315/student_skd.ckpt,skd,GOPR0604_frame_000488_rgb_anon,/home/manors/Guardrail-Distillation/data/acdc/rgb_anon/snow/val/GOPR0604/GOPR0604_frame_000488_rgb_anon.png,snow,0.29659170361944864,0.7034082963805514,0.833480179309845,0.9333946108818054,0.14161796867847443,0.16521963477134705,0.32051005959510803,0.8697941303253174,0.3838065266609192,-6.220438003540039,6.135623455047607,0.02140945941209793,0.10296738892793655,248535,3.6636419827118516,13.405273261014372,11.934039241168648,0.21895809889606377,0.7810419011039362,75329,0.23088394869369244,0.7691160513063076,5206,0.1668483465909958,0.0017130142077803612,12.061800458468497,0.5405340194702148,0.45946598052978516,0.6841667294502258,0.7082683444023132,0.2275422364473343,0.5566413998603821,0.4433586001396179,0.6758701205253601,0.7564641237258911,0.5393427610397339,0.5566413998603821,0.4433586001396179,0.5566413998603821,0.4433586001396179,0.5676635360326209,0.4323364639673791,0.9372361898422241,0.4458307784740091,0.5541692215259909,0.22687267957794532,0.6817938351097755,0.31820616489022446,0.4509098864160831,0.27107183241317223,0.27107183241317223,0.12073148787021637,0.01697547547519207,0.7289281675868278,0.27107183241317223,0.15180155634880066,0.031311485916376114,201676
acdc_b1_mit-b1_guard_gt_risk_s137_j13387384,2026-07-10 23:13:42,acdc,val,all,student_skd,/scratch/gautschi/manors/hf_cache/hub/models--nvidia--mit-b1/snapshots/13ddceec4e8bdf401e7cd7acf5aebc526222518c,runs/mit-b1_skd_j9200315/student_skd.ckpt,skd,GOPR0605_frame_000161_rgb_anon,/home/manors/Guardrail-Distillation/data/acdc/rgb_anon/snow/val/GOPR0605/GOPR0605_frame_000161_rgb_anon.png,snow,0.42975145391765507,0.570248546082345,0.8487276434898376,0.9175196886062622,0.14960028231143951,0.23174181580543518,0.36483779549598694,0.8114358186721802,0.6092177033424377,-3.98960542678833,3.885343313217163,0.03230928257107735,0.11351815611124039,258223,3.6636419827118516,13.405273261014372,11.934039241168648,0.3756500982408115,0.6243499017591885,83799,0.4926372155287818,0.5073627844712182,9073,0.23611600697040558,0.0029338770546019077,12.061800458468497,0.517083466053009,0.48291653394699097,0.6318027377128601,0.6767978668212891,0.3627578318119049,0.5897078514099121,0.4102921485900879,0.7508116960525513,0.847267210483551,0.5273452401161194,0.5897078514099121,0.4102921485900879,0.5897078514099121,0.4102921485900879,0.5471025702475131,0.4528974297524869,0.9153986573219299,0.48359235683644836,0.5164076431635516,0.10794225859563689,0.4879103066324463,0.5120896933675537,0.0,0.11735111632985806,0.11735111632985806,0.08271919935941696,0.016048144549131393,0.8826488836701419,0.11735111632985806,0.1424543857574463,0.013616137206554413,196620
acdc_b1_mit-b1_guard_gt_risk_s137_j13387384,2026-07-10 23:13:42,acdc,val,all,student_skd,/scratch/gautschi/manors/hf_cache/hub/models--nvidia--mit-b1/snapshots/13ddceec4e8bdf401e7cd7acf5aebc526222518c,runs/mit-b1_skd_j9200315/student_skd.ckpt,skd,GOPR0605_frame_000181_rgb_anon,/home/manors/Guardrail-Distillation/data/acdc/rgb_anon/snow/val/GOPR0605/GOPR0605_frame_000181_rgb_anon.png,snow,0.24354967257644972,0.7564503274235503,0.7212450504302979,0.8746645450592041,0.16785964369773865,0.32761716842651367,0.3833971321582794,0.7444248795509338,0.7636059522628784,-3.9975473880767822,3.8402609825134277,0.03692306578159332,0.18341083824634552,257373,3.6636419827118516,13.405273261014372,11.934039241168648,0.22186342260258884,0.7781365773974112,84174,0.24450192293209744,0.7554980770679025,10259,0.33176299929618835,0.0025475826114416122,12.061800458468497,0.5490360260009766,0.45096397399902344,0.658201277256012,0.6804169416427612,0.598962128162384,0.6454188227653503,0.35458117723464966,0.8184981942176819,0.8791744709014893,0.5818325877189636,0.6454188227653503,0.35458117723464966,0.6454188227653503,0.35458117723464966,0.37458223391489653,0.6254177660851035,0.8232254385948181,0.24670749656717744,0.7532925034328226,0.024844073964588542,0.23042475228551335,0.7695752477144866,0.0,0.13103256133844687,0.13103256133844687,0.12048272043466568,0.018502328544855118,0.8689674386615531,0.13103256133844687,0.22875748574733734,0.026964755728840828,161325
acdc_b1_mit-b1_guard_gt_risk_s137_j13387384,2026-07-10 23:13:43,acdc,val,all,student_skd,/scratch/gautschi/manors/hf_cache/hub/models--nvidia--mit-b1/snapshots/13ddceec4e8bdf401e7cd7acf5aebc526222518c,runs/mit-b1_skd_j9200315/student_skd.ckpt,skd,GOPR0605_frame_000299_rgb_anon,/home/manors/Guardrail-Distillation/data/acdc/rgb_anon/snow/val/GOPR0605/GOPR0605_frame_000299_rgb_anon.png,snow,0.361681089698054,0.638318910301946,0.8342385292053223,0.9301722645759583,0.12831945717334747,0.18734358251094818,0.28756967186927795,0.8352383971214294,0.5173559188842773,-4.736623287200928,4.651889324188232,0.011094026267528534,0.08822916448116302,254281,3.7536200252361596,13.380740478169173,11.909629276487976,0.25207981785209677,0.7479201821479032,80092,0.4490312965722802,0.5509687034277198,3491,0.1901087909936905,0.0018867127364501357,12.127971218433231,0.5208836793899536,0.4791163206100464,0.6313625574111938,0.6581399440765381,0.3681354224681854,0.5910083055496216,0.4089916944503784,0.7415724992752075,0.8330361247062683,0.5360510349273682,0.5910083055496216,0.4089916944503784,0.5910083055496216,0.4089916944503784,0.31682962540844695,0.683170374591553,0.8842147588729858,0.24962226689749392,0.7503777331025061,0.0,0.20121951219512194,0.7987804878048781,0.0,0.0,0.0,0.07975035905838013,0.029774148017168045,1.0,0.0,0.1516943871974945,0.01344575546681881,198349
acdc_b1_mit-b1_guard_gt_risk_s137_j13387384,2026-07-10 23:13:43,acdc,val,all,student_skd,/scratch/gautschi/manors/hf_cache/hub/models--nvidia--mit-b1/snapshots/13ddceec4e8bdf401e7cd7acf5aebc526222518c,runs/mit-b1_skd_j9200315/student_skd.ckpt,skd,GOPR0606_frame_000110_rgb_anon,/home/manors/Guardrail-Distillation/data/acdc/rgb_anon/snow/val/GOPR0606/GOPR0606_frame_000110_rgb_anon.png,snow,0.22019261686427946,0.7798073831357205,0.7492690682411194,0.9124386310577393,0.1469447910785675,0.224127396941185,0.3183925747871399,0.8121662139892578,0.545856237411499,-5.089081287384033,4.980177402496338,0.022120213136076927,0.12028525024652481,256191,3.7536200252361596,13.380740478169173,11.909629276487976,0.18785283957133425,0.8121471604286657,81814,0.1390948122952359,0.8609051877047641,1454,0.2274848371744156,0.0024754421319812536,12.127971218433231,0.524593710899353,0.475406289100647,0.6096818447113037,0.6385586857795715,0.401427298784256,0.5990305542945862,0.4009694457054138,0.7279729843139648,0.7970090508460999,0.540951669216156,0.5990305542945862,0.4009694457054138,0.5990305542945862,0.4009694457054138,0.36614192362233666,0.6338580763776633,0.894933819770813,0.34676932853438935,0.6532306714656106,0.1589164889630551,0.24783236994219654,0.7521676300578035,0.10873755764696058,0.14594930675805717,0.14594930675805717,0.18502210080623627,0.03935735300183296,0.8540506932419428,0.14594930675805717,0.2336772084236145,0.08371488004922867,191560
acdc_b1_mit-b1_guard_gt_risk_s137_j13387384,2026-07-10 23:13:43,acdc,val,all,student_skd,/scratch/gautschi/manors/hf_cache/hub/models--nvidia--mit-b1/snapshots/13ddceec4e8bdf401e7cd7acf5aebc526222518c,runs/mit-b1_skd_j9200315/student_skd.ckpt,skd,GOPR0606_frame_000162_rgb_anon,/home/manors/Guardrail-Distillation/data/acdc/rgb_anon/snow/val/GOPR0606/GOPR0606_frame_000162_rgb_anon.png,snow,0.19196988307289078,0.8080301169271092,0.31193333864212036,0.9349549412727356,0.12813901901245117,0.17631573975086212,0.2916319668292999,0.8316990733146667,0.5706555247306824,-3.626953363418579,3.547215223312378,0.014537494629621506,0.0857890173792839,241651,3.7536200252361596,13.380740478169173,11.909629276487976,0.17918868024310278,0.8208113197568973,74019,0.6034643724357365,0.3965356275642635,5443,0.17955845594406128,0.0019809501245617867,12.127971218433231,0.7012549638748169,0.2987450361251831,0.8471305966377258,0.8629923462867737,4.623605728149414,0.9902780652046204,0.009721934795379639,0.9999630451202393,0.9999828338623047,0.8682223558425903,0.9902780652046204,0.009721934795379639,0.9902780652046204,0.009721934795379639,0.3677227739069636,0.6322772260930364,0.8702095746994019,0.3009564220037505,0.6990435779962495,0.12176774176064775,0.49123963828183875,0.5087603617181613,0.0,0.17575289083407286,0.17575289083407286,0.569830060005188,0.011553852818906307,0.8242471091659271,0.17575289083407286,0.6047233939170837,0.47738268971443176,195149
acdc_b1_mit-b1_guard_gt_risk_s137_j13387384,2026-07-10 23:13:43,acdc,val,all,student_skd,/scratch/gautschi/manors/hf_cache/hub/models--nvidia--mit-b1/snapshots/13ddceec4e8bdf401e7cd7acf5aebc526222518c,runs/mit-b1_skd_j9200315/student_skd.ckpt,skd,GOPR0606_frame_000182_rgb_anon,/home/manors/Guardrail-Distillation/data/acdc/rgb_anon/snow/val/GOPR0606/GOPR0606_frame_000182_rgb_anon.png,snow,0.3593469455868258,0.6406530544131742,0.7635205388069153,0.8459652066230774,0.16930992901325226,0.34912651777267456,0.3273964822292328,0.7320523858070374,0.6850544810295105,-4.494243144989014,4.303346633911133,0.019407175481319427,0.24373583495616913,258255,3.7536200252361596,13.380740478169173,11.909629276487976,0.30286741881016566,0.6971325811898343,84125,0.328648937116428,0.6713510628835719,11325,0.35258573293685913,0.0037070733960717916,12.127971218433231,0.5677650570869446,0.4322349429130554,0.6740460395812988,0.7037563920021057,1.3181407451629639,0.7888721823692322,0.21112781763076782,0.9820148944854736,0.9920768737792969,0.6300103664398193,0.7888721823692322,0.21112781763076782,0.7888721823692322,0.21112781763076782,0.46759557212044284,0.5324044278795572,0.9408607482910156,0.3957395473815731,0.604260452618427,0.09287212857140736,0.6118956402140736,0.3881043597859264,0.28324670309764555,0.108248626533617,0.108248626533617,0.2026136964559555,0.02527347020804882,0.891751373466383,0.108248626533617,0.24024316668510437,0.028429266065359116,137864
acdc_b1_mit-b1_guard_gt_risk_s137_j13387384,2026-07-10 23:13:43,acdc,val,all,student_skd,/scratch/gautschi/manors/hf_cache/hub/models--nvidia--mit-b1/snapshots/13ddceec4e8bdf401e7cd7acf5aebc526222518c,runs/mit-b1_skd_j9200315/student_skd.ckpt,skd,GOPR0606_frame_000196_rgb_anon,/home/manors/Guardrail-Distillation/data/acdc/rgb_anon/snow/val/GOPR0606/GOPR0606_frame_000196_rgb_anon.png,snow,0.30592409578675955,0.6940759042132405,0.7263100147247314,0.9155561923980713,0.14951619505882263,0.23410291969776154,0.35588711500167847,0.8048490881919861,0.6169254779815674,-4.544425964355469,4.438101291656494,0.03140593320131302,0.11688746511936188,250908,3.669496742077172,13.465771218761802,11.956346977967769,0.14867909331308368,0.8513209066869163,77821,0.2624031752128545,0.7375968247871455,6072,0.23740507662296295,0.001963265473023057,12.077795516233891,0.5743085741996765,0.4256914258003235,0.7045969367027283,0.7209862470626831,0.45996609330177307,0.6130061745643616,0.3869938254356384,0.785956621170044,0.9184455871582031,0.5981488823890686,0.6130061745643616,0.3869938254356384,0.6130061745643616,0.3869938254356384,0.4566814211250851,0.5433185788749149,0.8456246852874756,0.2938571770428039,0.7061428229571961,0.1451780837297202,0.37930684916317065,0.6206931508368294,0.11690367395031609,0.15075732533832564,0.15075732533832564,0.1330527514219284,0.013738103210926056,0.8492426746616744,0.15075732533832564,0.1772681623697281,0.04581758752465248,191306
acdc_b1_mit-b1_guard_gt_risk_s137_j13387384,2026-07-10 23:13:43,acdc,val,all,student_skd,/scratch/gautschi/manors/hf_cache/hub/models--nvidia--mit-b1/snapshots/13ddceec4e8bdf401e7cd7acf5aebc526222518c,runs/mit-b1_skd_j9200315/student_skd.ckpt,skd,GOPR0606_frame_000202_rgb_anon,/home/manors/Guardrail-Distillation/data/acdc/rgb_anon/snow/val/GOPR0606/GOPR0606_frame_000202_rgb_anon.png,snow,0.29707429932035734,0.7029257006796427,0.8139464259147644,0.9531736969947815,0.1231137067079544,0.13023753464221954,0.3010760247707367,0.8850364685058594,0.3877381980419159,-5.921601295471191,5.861582279205322,0.02060910314321518,0.06784210354089737,251879,3.669496742077172,13.465771218761802,11.956346977967769,0.19770121885787306,0.8022987811421269,79914,0.23697916666666666,0.7630208333333334,1152,0.13226041197776794,0.0014176411787047982,12.077795516233891,0.5164364576339722,0.48356354236602783,0.6238293051719666,0.6700802445411682,0.19117479026317596,0.5476486682891846,0.45235133171081543,0.6297165751457214,0.7591054439544678,0.5132096409797668,0.5476486682891846,0.45235133171081543,0.5476486682891846,0.45235133171081543,0.3115058833824572,0.6884941166175428,0.8211244344711304,0.20977938608534716,0.7902206139146528,0.012078167227474124,0.9774305555555556,0.02256944444444442,0.740451388888889,0.014431584062099878,0.014431584062099878,0.027513211593031883,0.020335162058472633,0.9855684159379001,0.014431584062099878,0.08396889269351959,0.004811834543943405,220437
acdc_b1_mit-b1_guard_gt_risk_s137_j13387384,2026-07-10 23:13:43,acdc,val,all,student_skd,/scratch/gautschi/manors/hf_cache/hub/models--nvidia--mit-b1/snapshots/13ddceec4e8bdf401e7cd7acf5aebc526222518c,runs/mit-b1_skd_j9200315/student_skd.ckpt,skd,GOPR0606_frame_000213_rgb_anon,/home/manors/Guardrail-Distillation/data/acdc/rgb_anon/snow/val/GOPR0606/GOPR0606_frame_000213_rgb_anon.png,snow,0.34242740953938505,0.6575725904606149,0.7558823227882385,0.8656840324401855,0.1596413254737854,0.3450009226799011,0.35217583179473877,0.7335916757583618,0.7397245764732361,-3.9075992107391357,3.742109775543213,0.028425205498933792,0.1759978085756302,252452,3.669496742077172,13.465771218761802,11.956346977967769,0.2709029651280367,0.7290970348719633,79035,0.20294298239215278,0.7970570176078472,8439,0.34932941198349,0.0036838441155850887,12.077795516233891,0.585968554019928,0.414031445980072,0.6967402100563049,0.7473165988922119,1.2966712713241577,0.7852742075920105,0.2147257924079895,0.9552730321884155,0.9947919249534607,0.6397175788879395,0.7852742075920105,0.2147257924079895,0.7852742075920105,0.2147257924079895,0.3921141388482613,0.6078858611517387,0.8457132577896118,0.25279528917019417,0.7472047108298059,0.0,0.30963572321185484,0.6903642767881452,0.10669274081970204,0.04968672930887619,0.04968672930887619,0.1393730342388153,0.04954209178686142,0.9503132706911238,0.04968672930887619,0.22104400396347046,0.05466385930776596,146158
acdc_b1_mit-b1_guard_gt_risk_s137_j13387384,2026-07-10 23:13:43,acdc,val,all,student_skd,/scratch/gautschi/manors/hf_cache/hub/models--nvidia--mit-b1/snapshots/13ddceec4e8bdf401e7cd7acf5aebc526222518c,runs/mit-b1_skd_j9200315/student_skd.ckpt,skd,GOPR0606_frame_000220_rgb_anon,/home/manors/Guardrail-Distillation/data/acdc/rgb_anon/snow/val/GOPR0606/GOPR0606_frame_000220_rgb_anon.png,snow,0.42163391740642814,0.5783660825935719,0.8515480756759644,0.9525913000106812,0.1094551533460617,0.13436970114707947,0.25355762243270874,0.8717060089111328,0.42655622959136963,-4.533840179443359,4.476273059844971,0.010653919540345669,0.05709688365459442,256056,3.669496742077172,13.465771218761802,11.956346977967769,0.32508797419613444,0.6749120258038656,82482,0.6444362448428077,0.3555637551571923,70699,0.13778804242610931,0.0019493502331897616,12.077795516233891,0.49899613857269287,0.5010038614273071,0.5875832438468933,0.6466975212097168,0.27637800574302673,0.5686580538749695,0.4313419461250305,0.6981844902038574,0.8049152493476868,0.517284631729126,0.5686580538749695,0.4313419461250305,0.5686580538749695,0.4313419461250305,0.532955613644106,0.46704438635589396,0.8190708160400391,0.4674934587753921,0.5325065412246079,0.1424054845792576,0.5237633239734315,0.4762366760265685,0.0,0.11132169623767796,0.11132169623767796,0.07722920179367065,0.10970646888017654,0.888678303762322,0.11132169623767796,0.21229730546474457,0.023897117003798485,221530
acdc_b1_mit-b1_guard_gt_risk_s137_j13387384,2026-07-10 23:13:43,acdc,val,all,student_skd,/scratch/gautschi/manors/hf_cache/hub/models--nvidia--mit-b1/snapshots/13ddceec4e8bdf401e7cd7acf5aebc526222518c,runs/mit-b1_skd_j9200315/student_skd.ckpt,skd,GOPR0606_frame_000229_rgb_anon,/home/manors/Guardrail-Distillation/data/acdc/rgb_anon/snow/val/GOPR0606/GOPR0606_frame_000229_rgb_anon.png,snow,0.4526995181226892,0.5473004818773108,0.8449549078941345,0.89316326379776,0.15531334280967712,0.27207520604133606,0.3407527804374695,0.7859606146812439,0.607743501663208,-4.3756818771362305,4.243161201477051,0.026526983827352524,0.1433073878288269,249708,3.75444523524493,13.37770523969084,11.960079486016184,0.30553274159826593,0.6944672584017341,76813,0.4166309931506849,0.5833690068493151,4777,0.2755381464958191,0.0028322204016149044,12.022337759844959,0.5718160271644592,0.42818397283554077,0.7096542716026306,0.7414831519126892,0.486124187707901,0.6191929578781128,0.3808070421218872,0.7885240912437439,0.8465219140052795,0.584348738193512,0.6191929578781128,0.3808070421218872,0.6191929578781128,0.3808070421218872,0.5410581322909098,0.4589418677090902,0.9185128211975098,0.388179942129757,0.6118200578702431,0.082647200531491,0.4706382978723404,0.5293617021276595,0.0540073047216556,0.08835861416822066,0.08835861416822066,0.09407387673854828,0.020515963435173035,0.9116413858317793,0.08835861416822066,0.13082079589366913,0.025790123268961906,169471
acdc_b1_mit-b1_guard_gt_risk_s137_j13387384,2026-07-10 23:13:43,acdc,val,all,student_skd,/scratch/gautschi/manors/hf_cache/hub/models--nvidia--mit-b1/snapshots/13ddceec4e8bdf401e7cd7acf5aebc526222518c,runs/mit-b1_skd_j9200315/student_skd.ckpt,skd,GOPR0606_frame_000238_rgb_anon,/home/manors/Guardrail-Distillation/data/acdc/rgb_anon/snow/val/GOPR0606/GOPR0606_frame_000238_rgb_anon.png,snow,0.26944974890304635,0.7305502510969537,0.6430305242538452,0.8982694745063782,0.15510079264640808,0.26586589217185974,0.3473112881183624,0.7845121622085571,0.6538512110710144,-3.543769359588623,3.417271137237549,0.028146736323833466,0.14254827797412872,244682,3.75444523524493,13.37770523969084,11.960079486016184,0.27636769511141834,0.7236323048885817,78582,0.4384273915749292,0.5615726084250707,14754,0.26973187923431396,0.0026590663474053144,12.022337759844959,0.5655921101570129,0.43440788984298706,0.6774091124534607,0.7064851522445679,0.8324554562568665,0.6968738436698914,0.30312615633010864,0.9305675029754639,0.9757819175720215,0.6029213666915894,0.6968738436698914,0.30312615633010864,0.6968738436698914,0.30312615633010864,0.45347218369526937,0.5465278163047307,0.8668597936630249,0.36519672311879264,0.6348032768812073,0.08882902800737436,0.38825129789735424,0.6117487021026458,0.0,0.18402243479222302,0.18402243479222302,0.24228180944919586,0.018452521413564682,0.815977565207777,0.18402243479222302,0.3148699104785919,0.12195011973381042,169449
acdc_b1_mit-b1_guard_gt_risk_s137_j13387384,2026-07-10 23:13:43,acdc,val,all,student_skd,/scratch/gautschi/manors/hf_cache/hub/models--nvidia--mit-b1/snapshots/13ddceec4e8bdf401e7cd7acf5aebc526222518c,runs/mit-b1_skd_j9200315/student_skd.ckpt,skd,GOPR0606_frame_000258_rgb_anon,/home/manors/Guardrail-Distillation/data/acdc/rgb_anon/snow/val/GOPR0606/GOPR0606_frame_000258_rgb_anon.png,snow,0.2391321573348951,0.7608678426651049,0.6215824484825134,0.9139235615730286,0.14238348603248596,0.2236628383398056,0.31220415234565735,0.8085141181945801,0.5865424275398254,-3.9259021282196045,3.8204402923583984,0.015855984762310982,0.12177714705467224,251640,3.75444523524493,13.37770523969084,11.960079486016184,0.26353129843557094,0.7364687015644291,80116,0.21867013307482153,0.7813298669251785,13245,0.2267754226922989,0.0024197266902774572,12.022337759844959,0.5820802450180054,0.41791975498199463,0.7399482727050781,0.7555727362632751,0.8723198175430298,0.7052281498908997,0.29477185010910034,0.9439834356307983,0.9755050539970398,0.6238664388656616,0.7052281498908997,0.29477185010910034,0.7052281498908997,0.29477185010910034,0.4169320790374592,0.5830679209625408,0.8750596642494202,0.3394165728431254,0.6605834271568747,0.07588527440755444,0.17977469288101616,0.8202253071189838,0.0,0.1777999217025641,0.1777999217025641,0.27364885807037354,0.020171673968434334,0.8222000782974359,0.1777999217025641,0.32445159554481506,0.16433396935462952,186164
acdc_b1_mit-b1_guard_gt_risk_s137_j13387384,2026-07-10 23:13:43,acdc,val,all,student_skd,/scratch/gautschi/manors/hf_cache/hub/models--nvidia--mit-b1/snapshots/13ddceec4e8bdf401e7cd7acf5aebc526222518c,runs/mit-b1_skd_j9200315/student_skd.ckpt,skd,GOPR0606_frame_000352_rgb_anon,/home/manors/Guardrail-Distillation/data/acdc/rgb_anon/snow/val/GOPR0606/GOPR0606_frame_000352_rgb_anon.png,snow,0.2972094172845335,0.7027905827154666,0.8536110520362854,0.9121217131614685,0.15309885144233704,0.23460231721401215,0.35618358850479126,0.8122029900550842,0.5681729316711426,-4.581914901733398,4.470882892608643,0.03329715132713318,0.12375802546739578,253325,3.75444523524493,13.37770523969084,11.960079486016184,0.21974354909372462,0.7802564509062754,79037,0.4158284023668639,0.5841715976331361,27148,0.23813925683498383,0.0021858771797269583,12.022337759844959,0.5305377244949341,0.4694622755050659,0.6232887506484985,0.6431745886802673,0.49409788846969604,0.6210713386535645,0.37892866134643555,0.8024035692214966,0.8867231011390686,0.5537886023521423,0.6210713386535645,0.37892866134643555,0.6210713386535645,0.37892866134643555,0.29431095209767644,0.7056890479023236,0.8440698981285095,0.21645191036723138,0.7835480896327687,0.0,0.13423613423613423,0.8657638657638658,0.0,0.0,0.0,0.05222540348768234,0.06176650896668434,1.0,0.0,0.15419718623161316,0.005005428101867437,190396
acdc_b1_mit-b1_guard_gt_risk_s137_j13387384,2026-07-10 23:13:43,acdc,val,all,student_skd,/scratch/gautschi/manors/hf_cache/hub/models--nvidia--mit-b1/snapshots/13ddceec4e8bdf401e7cd7acf5aebc526222518c,runs/mit-b1_skd_j9200315/student_skd.ckpt,skd,GOPR0606_frame_000357_rgb_anon,/home/manors/Guardrail-Distillation/data/acdc/rgb_anon/snow/val/GOPR0606/GOPR0606_frame_000357_rgb_anon.png,snow,0.33969468590228175,0.6603053140977182,0.8860647082328796,0.9559568762779236,0.11649646610021591,0.12243326008319855,0.28493112325668335,0.8949424624443054,0.34916356205940247,-5.988722324371338,5.933061599731445,0.016662273555994034,0.059998780488967896,246605,3.770670504309237,13.368182757403702,11.925581959076226,0.26063667517914996,0.73936332482085,74848,0.3345504609122471,0.6654495390877528,9475,0.12461355328559875,0.0015800505643710494,12.029568024445325,0.5224920511245728,0.47750794887542725,0.6725358366966248,0.6968864798545837,0.2405909150838852,0.5598592758178711,0.4401407241821289,0.6852639317512512,0.7889045476913452,0.5391313433647156,0.5598592758178711,0.4401407241821289,0.5598592758178711,0.4401407241821289,0.3384674440716897,0.6615325559283103,0.9288132190704346,0.31044916324242006,0.68955083675758,0.04981248806326999,0.2181357398936828,0.7818642601063173,0.0,0.0,0.0,0.07350621372461319,0.030757687985897064,1.0,0.0,0.128168523311615,0.038210902363061905,215294
acdc_b1_mit-b1_guard_gt_risk_s137_j13387384,2026-07-10 23:13:43,acdc,val,all,student_skd,/scratch/gautschi/manors/hf_cache/hub/models--nvidia--mit-b1/snapshots/13ddceec4e8bdf401e7cd7acf5aebc526222518c,runs/mit-b1_skd_j9200315/student_skd.ckpt,skd,GOPR0606_frame_000377_rgb_anon,/home/manors/Guardrail-Distillation/data/acdc/rgb_anon/snow/val/GOPR0606/GOPR0606_frame_000377_rgb_anon.png,snow,0.25702147976072326,0.7429785202392767,0.5017210841178894,0.8933716416358948,0.15758679807186127,0.2765793204307556,0.34816136956214905,0.7707629799842834,0.7060335278511047,-3.9947896003723145,3.8621208667755127,0.02926184982061386,0.15271173417568207,257400,3.770670504309237,13.368182757403702,11.925581959076226,0.1427087272062734,0.8572912727937266,85037,0.2309840626280489,0.7690159373719511,109605,0.28151002526283264,0.003543107071891427,12.029568024445325,0.5886444449424744,0.41135555505752563,0.6967294216156006,0.7391328811645508,1.3335601091384888,0.7914288640022278,0.20857113599777222,0.9856894016265869,0.9960241317749023,0.6423175930976868,0.7914288640022278,0.20857113599777222,0.7914288640022278,0.20857113599777222,0.3561592182771041,0.6438407817228959,0.6152447462081909,0.2652359164707792,0.7347640835292208,0.12252718926450579,0.44444675367861003,0.5555532463213899,0.21346269105056115,0.09913773851638075,0.09913773851638075,0.12902486324310303,0.015501165762543678,0.9008622614836193,0.09913773851638075,0.4443589746952057,0.07173271477222443,177003
acdc_b1_mit-b1_guard_gt_risk_s137_j13387384,2026-07-10 23:13:43,acdc,val,all,student_skd,/scratch/gautschi/manors/hf_cache/hub/models--nvidia--mit-b1/snapshots/13ddceec4e8bdf401e7cd7acf5aebc526222518c,runs/mit-b1_skd_j9200315/student_skd.ckpt,skd,GOPR0606_frame_000397_rgb_anon,/home/manors/Guardrail-Distillation/data/acdc/rgb_anon/snow/val/GOPR0606/GOPR0606_frame_000397_rgb_anon.png,snow,0.481409945025516,0.518590054974484,0.9147260189056396,0.9573585391044617,0.11093974858522415,0.12072855234146118,0.2676239609718323,0.8869340419769287,0.3957482576370239,-5.137627601623535,5.084669589996338,0.013609018176794052,0.05592639744281769,254978,3.770670504309237,13.368182757403702,11.925581959076226,0.3534068508535182,0.6465931491464818,81787,0.8434806086637184,0.15651939133628157,52210,0.12377487123012543,0.0019696427043527365,12.029568024445325,0.5291716456413269,0.4708283543586731,0.6603047251701355,0.7072389125823975,0.26279911398887634,0.5653242468833923,0.43467575311660767,0.6939942240715027,0.7892271876335144,0.5284528136253357,0.5653242468833923,0.43467575311660767,0.5653242468833923,0.43467575311660767,0.3819922890386359,0.6180077109613641,0.7647993564605713,0.29143401023778326,0.7085659897622167,0.0,0.3925384786973009,0.607461521302699,0.0,0.0,0.0,0.021476363763213158,0.17140303552150726,1.0,0.0,0.22534102201461792,0.0022982375230640173,223460
acdc_b1_mit-b1_guard_gt_risk_s137_j13387384,2026-07-10 23:13:43,acdc,val,all,student_skd,/scratch/gautschi/manors/hf_cache/hub/models--nvidia--mit-b1/snapshots/13ddceec4e8bdf401e7cd7acf5aebc526222518c,runs/mit-b1_skd_j9200315/student_skd.ckpt,skd,GOPR0607_frame_000360_rgb_anon,/home/manors/Guardrail-Distillation/data/acdc/rgb_anon/snow/val/GOPR0607/GOPR0607_frame_000360_rgb_anon.png,snow,0.39355502926835506,0.6064449707316449,0.8207700252532959,0.9516599774360657,0.10818226635456085,0.13012021780014038,0.237077996134758,0.8700828552246094,0.4387419819831848,-4.495692729949951,4.437652111053467,0.0047157336957752705,0.05917704850435257,249590,3.770670504309237,13.368182757403702,11.925581959076226,0.29755063215653527,0.7024493678434647,75936,0.9368024132730015,0.06319758672699849,13260,0.13230331242084503,0.0013757621636614203,12.029568024445325,0.555267870426178,0.444732129573822,0.6821272969245911,0.7039526700973511,0.4466400146484375,0.6098400354385376,0.3901599645614624,0.8077257871627808,0.9350517988204956,0.5708028078079224,0.6098400354385376,0.3901599645614624,0.6098400354385376,0.3901599645614624,0.44352039994330733,0.5564796000566927,0.8676188588142395,0.3365487716478416,0.6634512283521584,0.03899813949130626,0.47424585218702864,0.5257541478129714,0.0,0.049965370674952214,0.049965370674952214,0.060643453150987625,0.013794622384011745,0.9500346293250478,0.049965370674952214,0.08652990311384201,0.014067069627344608,212076
acdc_b1_mit-b1_guard_gt_risk_s137_j13387384,2026-07-10 23:13:44,acdc,val,all,student_skd,/scratch/gautschi/manors/hf_cache/hub/models--nvidia--mit-b1/snapshots/13ddceec4e8bdf401e7cd7acf5aebc526222518c,runs/mit-b1_skd_j9200315/student_skd.ckpt,skd,GOPR0607_frame_000410_rgb_anon,/home/manors/Guardrail-Distillation/data/acdc/rgb_anon/snow/val/GOPR0607/GOPR0607_frame_000410_rgb_anon.png,snow,0.3261972165753985,0.6738027834246014,0.7185859084129333,0.9017965793609619,0.14666539430618286,0.2535104751586914,0.32058650255203247,0.7920888662338257,0.6049790978431702,-3.856382369995117,3.7363266944885254,0.017893578857183456,0.1306397169828415,259255,3.656656772363931,13.407353253569454,11.889401474036276,0.18203703933049287,0.8179629606695071,85236,0.36527617638447907,0.6347238236155209,10481,0.25942763686180115,0.00484930444508791,12.036665284540504,0.5427354574203491,0.4572645425796509,0.6437715888023376,0.6758552193641663,0.3828256130218506,0.5945544242858887,0.40544557571411133,0.752016007900238,0.8467777371406555,0.5451457500457764,0.5945544242858887,0.40544557571411133,0.5945544242858887,0.40544557571411133,0.4334246317292827,0.5665753682707173,0.8471273183822632,0.2959943981740734,0.7040056018259266,0.11395735884358049,0.37951713134964465,0.6204828686503554,0.014240954965165531,0.10722741515388412,0.10722741515388412,0.15483210980892181,0.026290716603398323,0.8927725848461159,0.10722741515388412,0.23200324177742004,0.0403888039290905,179543
acdc_b1_mit-b1_guard_gt_risk_s137_j13387384,2026-07-10 23:13:44,acdc,val,all,student_skd,/scratch/gautschi/manors/hf_cache/hub/models--nvidia--mit-b1/snapshots/13ddceec4e8bdf401e7cd7acf5aebc526222518c,runs/mit-b1_skd_j9200315/student_skd.ckpt,skd,GOPR0607_frame_000474_rgb_anon,/home/manors/Guardrail-Distillation/data/acdc/rgb_anon/snow/val/GOPR0607/GOPR0607_frame_000474_rgb_anon.png,snow,0.19175277169479568,0.8082472283052043,0.8105636239051819,0.9384697675704956,0.1267351657152176,0.15018215775489807,0.26014405488967896,0.8678723573684692,0.39876222610473633,-4.136880874633789,4.061450481414795,0.010356541723012924,0.08954211324453354,229903,3.656656772363931,13.407353253569454,11.889401474036276,0.07108415671329764,0.9289158432867024,56539,0.0,1.0,2830,0.15369567275047302,0.003266742452979088,12.036665284540504,0.5456011891365051,0.4543988108634949,0.6558228731155396,0.6689254641532898,0.2703169584274292,0.5671707391738892,0.43282926082611084,0.6592340469360352,0.7626838088035583,0.5445111393928528,0.5671707391738892,0.43282926082611084,0.5671707391738892,0.43282926082611084,0.3114466382839485,0.6885533617160515,0.9577996134757996,0.28461598317556647,0.7153840168244335,0.21353182646226887,0.0975339143369929,0.9024660856630071,0.09753391433699288,0.11969386658915282,0.11969386658915282,0.15111155807971954,0.003875547554343939,0.8803061334108472,0.11969386658915282,0.1776270866394043,0.06987729668617249,187938
acdc_b1_mit-b1_guard_gt_risk_s137_j13387384,2026-07-10 23:13:44,acdc,val,all,student_skd,/scratch/gautschi/manors/hf_cache/hub/models--nvidia--mit-b1/snapshots/13ddceec4e8bdf401e7cd7acf5aebc526222518c,runs/mit-b1_skd_j9200315/student_skd.ckpt,skd,GP010607_frame_000921_rgb_anon,/home/manors/Guardrail-Distillation/data/acdc/rgb_anon/snow/val/GP010607/GP010607_frame_000921_rgb_anon.png,snow,0.30203543741986993,0.6979645625801301,0.8478204011917114,0.9402002096176147,0.12583886086940765,0.16007477045059204,0.2935926616191864,0.86411452293396,0.4276089370250702,-5.715701580047607,5.642055988311768,0.013107340782880783,0.08132607489824295,254285,3.656656772363931,13.407353253569454,11.889401474036276,0.21437533604928571,0.7856246639507143,82018,0.21210572927311125,0.7878942707268888,9991,0.1626751571893692,0.001480851205997169,12.036665284540504,0.5335770845413208,0.4664229154586792,0.7032361626625061,0.7331173419952393,0.23815537989139557,0.5592589974403381,0.44074100255966187,0.6802228689193726,0.7706650495529175,0.5440472364425659,0.5592589974403381,0.44074100255966187,0.5592589974403381,0.44074100255966187,0.5108263320688102,0.48917366793118977,0.9251077175140381,0.4940214801667034,0.5059785198332967,0.2796461441174176,0.6592942830806908,0.3407057169193092,0.4471885538075796,0.2087908946489403,0.2087908946489403,0.09651768952608109,0.019230391830205917,0.7912091053510597,0.2087908946489403,0.12572507560253143,0.0385158397257328,208444
acdc_b1_mit-b1_guard_gt_risk_s137_j13387384,2026-07-10 23:13:44,acdc,val,all,student_skd,/scratch/gautschi/manors/hf_cache/hub/models--nvidia--mit-b1/snapshots/13ddceec4e8bdf401e7cd7acf5aebc526222518c,runs/mit-b1_skd_j9200315/student_skd.ckpt,skd,GP010607_frame_000926_rgb_anon,/home/manors/Guardrail-Distillation/data/acdc/rgb_anon/snow/val/GP010607/GP010607_frame_000926_rgb_anon.png,snow,0.2991744829787022,0.7008255170212978,0.7426233887672424,0.9260548949241638,0.14693871140480042,0.20101407170295715,0.348293662071228,0.836668074131012,0.5089746713638306,-5.400822162628174,5.306134223937988,0.03220224753022194,0.10128653794527054,244455,3.656656772363931,13.407353253569454,11.889401474036276,0.15050417953404355,0.8494958204659564,80275,0.24224189779321392,0.7577581022067861,2621,0.20454423129558563,0.002564936177805066,12.036665284540504,0.5302649140357971,0.4697350859642029,0.6251986622810364,0.6565004587173462,0.27216318249702454,0.5676239132881165,0.43237608671188354,0.6944969892501831,0.7536715269088745,0.5258998870849609,0.5676239132881165,0.43237608671188354,0.5676239132881165,0.43237608671188354,0.40747044113898107,0.5925295588610189,0.8644945025444031,0.32694858608616445,0.6730514139138355,0.1764444065521209,0.3838633337735627,0.6161366662264374,0.1416214359803487,0.10829595816027893,0.10829595816027893,0.16610828042030334,0.044237181544303894,0.8917040418397211,0.10829595816027893,0.25080689787864685,0.09931889176368713,193840
acdc_b1_mit-b1_guard_gt_risk_s137_j13387384,2026-07-10 23:13:44,acdc,val,all,student_skd,/scratch/gautschi/manors/hf_cache/hub/models--nvidia--mit-b1/snapshots/13ddceec4e8bdf401e7cd7acf5aebc526222518c,runs/mit-b1_skd_j9200315/student_skd.ckpt,skd,GP010607_frame_000931_rgb_anon,/home/manors/Guardrail-Distillation/data/acdc/rgb_anon/snow/val/GP010607/GP010607_frame_000931_rgb_anon.png,snow,0.2925535026214832,0.7074464973785168,0.7554972171783447,0.9002593755722046,0.16930006444454193,0.2690582871437073,0.40297454595565796,0.7930797934532166,0.6415635943412781,-4.9207353591918945,4.791305065155029,0.050750695168972015,0.14906275272369385,258361,3.7666852003894746,13.38110025972128,11.956029513385147,0.15772063133343248,0.8422793686665675,84477,0.38316508313539194,0.6168349168646081,3368,0.2726079225540161,0.0024761834647506475,12.095535756088793,0.5387757420539856,0.4612242579460144,0.647896945476532,0.6699222326278687,0.40232497453689575,0.5992461442947388,0.40075385570526123,0.7609646320343018,0.811004638671875,0.5498955845832825,0.5992461442947388,0.40075385570526123,0.5992461442947388,0.40075385570526123,0.3602822280309367,0.6397177719690633,0.8489362001419067,0.25815917674102884,0.7418408232589712,0.10043854540759634,0.7897862232779097,0.2102137767220903,0.4066211401425178,0.06772872540945352,0.06772872540945352,0.1256226748228073,0.03218365088105202,0.9322712745905465,0.06772872540945352,0.20642822980880737,0.03579874709248543,189443
acdc_b1_mit-b1_guard_gt_risk_s137_j13387384,2026-07-10 23:13:44,acdc,val,all,student_skd,/scratch/gautschi/manors/hf_cache/hub/models--nvidia--mit-b1/snapshots/13ddceec4e8bdf401e7cd7acf5aebc526222518c,runs/mit-b1_skd_j9200315/student_skd.ckpt,skd,GP010607_frame_000936_rgb_anon,/home/manors/Guardrail-Distillation/data/acdc/rgb_anon/snow/val/GP010607/GP010607_frame_000936_rgb_anon.png,snow,0.31203807837557523,0.6879619216244248,0.7645049691200256,0.9483960270881653,0.11429472267627716,0.1522100567817688,0.28422844409942627,0.8604552745819092,0.46450570225715637,-5.3437180519104,5.2808837890625,0.012378808110952377,0.061157576739788055,255275,3.7666852003894746,13.38110025972128,11.956029513385147,0.2585131812610903,0.7414868187389096,82907,0.44144987713682066,0.5585501228631793,3708,0.1548839509487152,0.0015143444761633873,12.095535756088793,0.5709705352783203,0.4290294647216797,0.7002409100532532,0.7292963266372681,0.3550098240375519,0.5878319144248962,0.41216808557510376,0.7084089517593384,0.851897656917572,0.5694615244865417,0.5878319144248962,0.41216808557510376,0.5878319144248962,0.41216808557510376,0.3882053995800068,0.6117946004199932,0.8705905675888062,0.2692169673649302,0.7307830326350697,0.01070378610383993,0.22406863113376788,0.7759313688662322,0.0,0.07616732120443159,0.07616732120443159,0.13471746444702148,0.028631867840886116,0.9238326787955684,0.07616732120443159,0.19397905468940735,0.10242679715156555,215341
acdc_b1_mit-b1_guard_gt_risk_s137_j13387384,2026-07-10 23:13:44,acdc,val,all,student_skd,/scratch/gautschi/manors/hf_cache/hub/models--nvidia--mit-b1/snapshots/13ddceec4e8bdf401e7cd7acf5aebc526222518c,runs/mit-b1_skd_j9200315/student_skd.ckpt,skd,GP010607_frame_000950_rgb_anon,/home/manors/Guardrail-Distillation/data/acdc/rgb_anon/snow/val/GP010607/GP010607_frame_000950_rgb_anon.png,snow,0.4322600842519566,0.5677399157480434,0.8776671886444092,0.9596763849258423,0.1070408970117569,0.11022699624300003,0.25181636214256287,0.9004751443862915,0.3259418308734894,-6.249025821685791,6.199309825897217,0.009920123033225536,0.054112210869789124,259775,3.7666852003894746,13.38110025972128,11.956029513385147,0.34773500946127156,0.6522649905387284,85714,0.31202855603448276,0.6879714439655172,15020,0.11249145120382309,0.0013256951933726668,12.095535756088793,0.5384231209754944,0.4615768790245056,0.680217444896698,0.7071062922477722,0.1864558309316635,0.546479344367981,0.45352065563201904,0.633948028087616,0.7221161723136902,0.5258283615112305,0.546479344367981,0.45352065563201904,0.546479344367981,0.45352065563201904,0.3227115811320711,0.6772884188679289,0.8852506875991821,0.23920452719489008,0.76079547280511,0.0,0.24139611480809303,0.758603885191907,0.0,0.0,0.0,0.03933018818497658,0.03174670413136482,1.0,0.0,0.08401115983724594,0.012826483696699142,229324
acdc_b1_mit-b1_guard_gt_risk_s137_j13387384,2026-07-10 23:13:44,acdc,val,all,student_skd,/scratch/gautschi/manors/hf_cache/hub/models--nvidia--mit-b1/snapshots/13ddceec4e8bdf401e7cd7acf5aebc526222518c,runs/mit-b1_skd_j9200315/student_skd.ckpt,skd,GP010607_frame_000954_rgb_anon,/home/manors/Guardrail-Distillation/data/acdc/rgb_anon/snow/val/GP010607/GP010607_frame_000954_rgb_anon.png,snow,0.3216117262555765,0.6783882737444236,0.8591050505638123,0.9453752636909485,0.12380377948284149,0.14439243078231812,0.2810583710670471,0.8736953735351562,0.398471862077713,-5.520709991455078,5.452605247497559,0.015880996361374855,0.07251818478107452,258611,3.7666852003894746,13.38110025972128,11.956029513385147,0.2281068154746252,0.7718931845253748,84442,0.47218421374530245,0.5278157862546975,11056,0.14688079059123993,0.0018972661346197128,12.095535756088793,0.5258954763412476,0.47410452365875244,0.6432570219039917,0.6809753179550171,0.2408376932144165,0.559920072555542,0.440079927444458,0.6812512874603271,0.7830227613449097,0.5264965295791626,0.559920072555542,0.440079927444458,0.559920072555542,0.440079927444458,0.3533740329977272,0.6466259670022728,0.8852331042289734,0.2594274248258412,0.7405725751741588,0.031320609351216055,0.5107020905925245,0.48929790940747553,0.038517876847221966,0.03176230674215075,0.03176230674215075,0.043490033596754074,0.01736198551952839,0.9682376932578493,0.03176230674215075,0.08455944061279297,0.017443187534809113,217284
acdc_b1_mit-b1_guard_gt_risk_s137_j13387384,2026-07-10 23:13:44,acdc,val,all,student_skd,/scratch/gautschi/manors/hf_cache/hub/models--nvidia--mit-b1/snapshots/13ddceec4e8bdf401e7cd7acf5aebc526222518c,runs/mit-b1_skd_j9200315/student_skd.ckpt,skd,GP010607_frame_000958_rgb_anon,/home/manors/Guardrail-Distillation/data/acdc/rgb_anon/snow/val/GP010607/GP010607_frame_000958_rgb_anon.png,snow,0.3698433527046567,0.6301566472953433,0.8900164365768433,0.9559748768806458,0.11029981821775436,0.12157628685235977,0.25689947605133057,0.8853669762611389,0.38243934512138367,-5.767563819885254,5.713336944580078,0.010616498067975044,0.05781932547688484,253756,3.6459817201830447,13.405580481048673,11.949209496378899,0.2463501053831386,0.7536498946168614,80418,0.3213349275271118,0.6786650724728882,16281,0.12364187091588974,0.0011166242184117436,12.07444298779592,0.5397828221321106,0.4602171778678894,0.6721107959747314,0.7227674722671509,0.20458470284938812,0.5509685277938843,0.4490314722061157,0.6618300676345825,0.7225008010864258,0.5332316160202026,0.5509685277938843,0.4490314722061157,0.5509685277938843,0.4490314722061157,0.33028588330507136,0.6697141166949286,0.9034939408302307,0.21156435644586594,0.7884356435541341,0.0,0.24440954773869347,0.7555904522613065,0.0,0.0,0.0,0.03194407373666763,0.018466560170054436,1.0,0.0,0.06428616493940353,0.0066757043823599815,221733
acdc_b1_mit-b1_guard_gt_risk_s137_j13387384,2026-07-10 23:13:44,acdc,val,all,student_skd,/scratch/gautschi/manors/hf_cache/hub/models--nvidia--mit-b1/snapshots/13ddceec4e8bdf401e7cd7acf5aebc526222518c,runs/mit-b1_skd_j9200315/student_skd.ckpt,skd,GP010607_frame_000968_rgb_anon,/home/manors/Guardrail-Distillation/data/acdc/rgb_anon/snow/val/GP010607/GP010607_frame_000968_rgb_anon.png,snow,0.338161082514096,0.6618389174859041,0.9054117798805237,0.9447138905525208,0.11277039349079132,0.1534028798341751,0.2522991895675659,0.8548108339309692,0.46406832337379456,-5.15324592590332,5.086982727050781,0.009075084701180458,0.06197657063603401,255645,3.6459817201830447,13.405580481048673,11.949209496378899,0.2268616080122674,0.7731383919877326,81983,0.1865273045400129,0.8134726954599871,22865,0.15664878487586975,0.001779639278538525,12.07444298779592,0.528651773929596,0.47134822607040405,0.6380927562713623,0.7093777656555176,0.2930184006690979,0.5727349519729614,0.4272650480270386,0.6902130246162415,0.7455624341964722,0.5397008657455444,0.5727349519729614,0.4272650480270386,0.5727349519729614,0.4272650480270386,0.39251962119579165,0.6074803788042084,0.9188796877861023,0.29329687237582025,0.7067031276241797,0.06643526436355285,0.23627731473655444,0.7637226852634456,0.04975001019654157,0.05435853868169571,0.05435853868169571,0.04101390764117241,0.02754601091146469,0.9456414613183043,0.05435853868169571,0.08248939365148544,0.00894208811223507,211934
acdc_b1_mit-b1_guard_gt_risk_s137_j13387384,2026-07-10 23:13:44,acdc,val,all,student_skd,/scratch/gautschi/manors/hf_cache/hub/models--nvidia--mit-b1/snapshots/13ddceec4e8bdf401e7cd7acf5aebc526222518c,runs/mit-b1_skd_j9200315/student_skd.ckpt,skd,GP010607_frame_000995_rgb_anon,/home/manors/Guardrail-Distillation/data/acdc/rgb_anon/snow/val/GP010607/GP010607_frame_000995_rgb_anon.png,snow,0.26853369715283476,0.7314663028471653,0.8788118362426758,0.9172156453132629,0.15519054234027863,0.22785800695419312,0.3790820240974426,0.8160582780838013,0.591236412525177,-4.701465129852295,4.594852447509766,0.03648524731397629,0.11726570129394531,257748,3.6459817201830447,13.405580481048673,11.949209496378899,0.20168527261751287,0.7983147273824871,84813,0.042296918767507,0.957703081232493,3478,0.23137973248958588,0.0019574733451008797,12.07444298779592,0.5129080414772034,0.48709195852279663,0.6074152588844299,0.6320706009864807,0.3999563157558441,0.5986771583557129,0.4013228416442871,0.7712876796722412,0.8632806539535522,0.5376040935516357,0.5986771583557129,0.4013228416442871,0.5986771583557129,0.4013228416442871,0.3739997465654129,0.6260002534345871,0.888262927532196,0.3407961032617601,0.6592038967382399,0.13911083064424723,0.6914945657405317,0.3085054342594683,0.6491976469730247,0.1054660494125782,0.1054660494125782,0.05598103255033493,0.04652994126081467,0.8945339505874218,0.1054660494125782,0.12245681881904602,0.011162064969539642,198920
acdc_b1_mit-b1_guard_gt_risk_s137_j13387384,2026-07-10 23:13:44,acdc,val,all,student_skd,/scratch/gautschi/manors/hf_cache/hub/models--nvidia--mit-b1/snapshots/13ddceec4e8bdf401e7cd7acf5aebc526222518c,runs/mit-b1_skd_j9200315/student_skd.ckpt,skd,GP020607_frame_000001_rgb_anon,/home/manors/Guardrail-Distillation/data/acdc/rgb_anon/snow/val/GP020607/GP020607_frame_000001_rgb_anon.png,snow,0.39546763129475193,0.6045323687052481,0.8633795380592346,0.9456494450569153,0.12391947209835052,0.14991970360279083,0.29554834961891174,0.8699446320533752,0.42668282985687256,-5.682745456695557,5.615116119384766,0.01698113977909088,0.074330173432827,255401,3.6459817201830447,13.405580481048673,11.949209496378899,0.24640175934133618,0.7535982406586639,82521,0.14396456256921372,0.8560354374307863,1537,0.1524306982755661,0.0018307215068489313,12.07444298779592,0.5305147767066956,0.46948522329330444,0.6545773148536682,0.6828130483627319,0.20166969299316406,0.5502471923828125,0.4497528076171875,0.6574804782867432,0.749512255191803,0.5228610634803772,0.5502471923828125,0.4497528076171875,0.5502471923828125,0.4497528076171875,0.46188043745047175,0.5381195625495283,0.9423142671585083,0.34534221129161935,0.6546577887083807,0.09894045195028323,0.33497884344146683,0.6650211565585331,0.19101428087225314,0.06641280615571976,0.06641280615571976,0.08905603736639023,0.010121339000761509,0.9335871938442802,0.06641280615571976,0.12186326831579208,0.019330386072397232,214851
acdc_b1_mit-b1_guard_gt_risk_s137_j13387384,2026-07-10 23:13:44,acdc,val,all,student_skd,/scratch/gautschi/manors/hf_cache/hub/models--nvidia--mit-b1/snapshots/13ddceec4e8bdf401e7cd7acf5aebc526222518c,runs/mit-b1_skd_j9200315/student_skd.ckpt,skd,GP020607_frame_000149_rgb_anon,/home/manors/Guardrail-Distillation/data/acdc/rgb_anon/snow/val/GP020607/GP020607_frame_000149_rgb_anon.png,snow,0.3077971120541421,0.6922028879458579,0.8037673830986023,0.9596993923187256,0.08929868042469025,0.13218045234680176,0.2181413322687149,0.8540457487106323,0.5078229308128357,-5.057494163513184,5.010534286499023,0.00636277487501502,0.036053143441677094,258535,3.8423709920607507,13.429758488200605,11.96092227473855,0.20796620987080838,0.7920337901291916,84293,0.4353967084254483,0.5646032915745517,4094,0.13611705601215363,0.0014187992783263326,12.032625207211822,0.532401978969574,0.467598021030426,0.6174584627151489,0.6614890694618225,0.40701329708099365,0.6003714799880981,0.39962852001190186,0.7361729145050049,0.8202369809150696,0.5394389033317566,0.6003714799880981,0.39962852001190186,0.6003714799880981,0.39962852001190186,0.29551627214999093,0.7044837278500091,0.8450035452842712,0.22202353284453152,0.7779764671554685,0.014057322973723085,0.3200817995910021,0.6799182004089979,0.0,0.0,0.0,0.0564720444381237,0.015235847793519497,1.0,0.0,0.08131974190473557,0.0338832251727581,231420
acdc_b1_mit-b1_guard_gt_risk_s137_j13387384,2026-07-10 23:13:44,acdc,val,all,student_skd,/scratch/gautschi/manors/hf_cache/hub/models--nvidia--mit-b1/snapshots/13ddceec4e8bdf401e7cd7acf5aebc526222518c,runs/mit-b1_skd_j9200315/student_skd.ckpt,skd,GP020607_frame_000162_rgb_anon,/home/manors/Guardrail-Distillation/data/acdc/rgb_anon/snow/val/GP020607/GP020607_frame_000162_rgb_anon.png,snow,0.32420701625365406,0.6757929837463459,0.8916718363761902,0.9491943717002869,0.12388605624437332,0.13826750218868256,0.29400888085365295,0.8799934387207031,0.389437198638916,-5.253750324249268,5.189464092254639,0.01939261704683304,0.06954687833786011,257366,3.8423709920607507,13.429758488200605,11.96092227473855,0.2569865787409519,0.7430134212590481,83702,0.1707379134860051,0.8292620865139949,1991,0.1410587579011917,0.0019095634343102574,12.032625207211822,0.4912398159503937,0.5087601840496063,0.5672658681869507,0.5920491814613342,0.21316494047641754,0.5530903339385986,0.44690966606140137,0.6649107336997986,0.7210416197776794,0.5095788836479187,0.5530903339385986,0.44690966606140137,0.5530903339385986,0.44690966606140137,0.3927198555841329,0.6072801444158671,0.9050069451332092,0.33688058963349293,0.663119410366507,0.07989401089254111,0.5358585858585858,0.4641414141414142,0.3651206723725807,0.0685128393304788,0.0685128393304788,0.03833451494574547,0.02499941922724247,0.9314871606695212,0.0685128393304788,0.07928009331226349,0.008684131316840649,220268
acdc_b1_mit-b1_guard_gt_risk_s137_j13387384,2026-07-10 23:13:44,acdc,val,all,student_skd,/scratch/gautschi/manors/hf_cache/hub/models--nvidia--mit-b1/snapshots/13ddceec4e8bdf401e7cd7acf5aebc526222518c,runs/mit-b1_skd_j9200315/student_skd.ckpt,skd,GP020607_frame_000201_rgb_anon,/home/manors/Guardrail-Distillation/data/acdc/rgb_anon/snow/val/GP020607/GP020607_frame_000201_rgb_anon.png,snow,0.12949636365982534,0.8705036363401747,0.4418427646160126,0.9134556651115417,0.15129758417606354,0.23171378672122955,0.3411151170730591,0.7997282147407532,0.6279891729354858,-3.7676479816436768,3.6584880352020264,0.030868180096149445,0.12193850427865982,233995,3.8423709920607507,13.429758488200605,11.96092227473855,0.07753703832891819,0.9224629616710818,66143,0.0,1.0,49,0.2350623607635498,0.0018864828161895275,12.032625207211822,0.6038881540298462,0.3961118459701538,0.8180241584777832,0.832273542881012,2.5381951332092285,0.9267764687538147,0.0732235312461853,0.9998051524162292,0.9998898506164551,0.738955020904541,0.9267764687538147,0.0732235312461853,0.9267764687538147,0.0732235312461853,0.24840408419724613,0.7515959158027539,0.8206841945648193,0.15430184207109462,0.8456981579289053,0.07676480374217642,0.4489795918367347,0.5510204081632653,0.44897959183673475,0.11890772053742082,0.11890772053742082,0.38181155920028687,0.0029701488092541695,0.8810922794625792,0.11890772053742082,0.4335007071495056,0.3056347370147705,177968
acdc_b1_mit-b1_guard_gt_risk_s137_j13387384,2026-07-10 23:13:44,acdc,val,all,student_skd,/scratch/gautschi/manors/hf_cache/hub/models--nvidia--mit-b1/snapshots/13ddceec4e8bdf401e7cd7acf5aebc526222518c,runs/mit-b1_skd_j9200315/student_skd.ckpt,skd,GP020607_frame_000226_rgb_anon,/home/manors/Guardrail-Distillation/data/acdc/rgb_anon/snow/val/GP020607/GP020607_frame_000226_rgb_anon.png,snow,0.249963677248805,0.750036322751195,0.47560441493988037,0.8717883229255676,0.16659967601299286,0.3222382068634033,0.35754168033599854,0.7482057213783264,0.7058537006378174,-3.7790639400482178,3.618736982345581,0.03391291946172714,0.1872086375951767,257424,3.8423709920607507,13.429758488200605,11.96092227473855,0.21178800195955674,0.7882119980404433,84294,0.42665327000365366,0.5733467299963464,5594,0.32690751552581787,0.003756110090762377,12.032625207211822,0.5966285467147827,0.4033714532852173,0.7386091351509094,0.750152051448822,1.7518465518951416,0.8521855473518372,0.14781445264816284,0.9973684549331665,0.9983394145965576,0.6884127855300903,0.8521855473518372,0.14781445264816284,0.8521855473518372,0.14781445264816284,0.3383231815724769,0.661676818427523,0.8178569078445435,0.2237003548673684,0.7762996451326316,0.011912352907811674,0.40269925223417835,0.5973007477658216,0.0,0.08835950432367201,0.08835950432367201,0.37086671590805054,0.028614269569516182,0.911640495676328,0.08835950432367201,0.45189258456230164,0.21050095558166504,160192
acdc_b1_mit-b1_guard_gt_risk_s137_j13387384,2026-07-10 23:13:44,acdc,val,all,student_skd,/scratch/gautschi/manors/hf_cache/hub/models--nvidia--mit-b1/snapshots/13ddceec4e8bdf401e7cd7acf5aebc526222518c,runs/mit-b1_skd_j9200315/student_skd.ckpt,skd,GP030176_frame_000529_rgb_anon,/home/manors/Guardrail-Distillation/data/acdc/rgb_anon/snow/val/GP030176/GP030176_frame_000529_rgb_anon.png,snow,0.4197278559100958,0.5802721440899041,0.9407576322555542,0.9652148485183716,0.10283702611923218,0.09910576790571213,0.2533763349056244,0.9032934904098511,0.3471183776855469,-5.621260166168213,5.577672958374023,0.011141126044094563,0.04598154127597809,256168,3.657581750303507,13.401435513515025,11.941191973164678,0.33918864722731823,0.6608113527726818,83270,0.3102563148692385,0.6897436851307615,27550,0.10131051391363144,0.001506857224740088,12.00528023764491,0.5007461309432983,0.49925386905670166,0.5656771063804626,0.5811918377876282,0.13106872141361237,0.5327203869819641,0.4672796130180359,0.6150763630867004,0.6588046550750732,0.4932650923728943,0.5327203869819641,0.4672796130180359,0.5327203869819641,0.4672796130180359,0.40597758348744967,0.5940224165125503,0.9401330351829529,0.377109716226109,0.622890283773891,0.037921068998790775,0.33358183773973027,0.6664181622602697,0.02332552287049172,0.0,0.0,0.01951453648507595,0.02013912796974182,1.0,0.0,0.05072452500462532,0.0025022639892995358,231028
acdc_b1_mit-b1_guard_gt_risk_s137_j13387384,2026-07-10 23:13:44,acdc,val,all,student_skd,/scratch/gautschi/manors/hf_cache/hub/models--nvidia--mit-b1/snapshots/13ddceec4e8bdf401e7cd7acf5aebc526222518c,runs/mit-b1_skd_j9200315/student_skd.ckpt,skd,GP030176_frame_000549_rgb_anon,/home/manors/Guardrail-Distillation/data/acdc/rgb_anon/snow/val/GP030176/GP030176_frame_000549_rgb_anon.png,snow,0.39546151911049937,0.6045384808895007,0.9041281342506409,0.9505540132522583,0.11505398899316788,0.13705426454544067,0.26824313402175903,0.8661879301071167,0.4610169529914856,-4.803585529327393,4.742820739746094,0.01113709807395935,0.06336100399494171,256530,3.657581750303507,13.401435513515025,11.941191973164678,0.2811906713682417,0.7188093286317583,83375,0.25988825730409165,0.7401117426959083,22593,0.13996252417564392,0.0015447370242327452,12.00528023764491,0.5150282979011536,0.48497170209884644,0.5913968086242676,0.6215628981590271,0.2583475112915039,0.5642300844192505,0.4357699155807495,0.6583503484725952,0.7380908727645874,0.5249840021133423,0.5642300844192505,0.4357699155807495,0.5642300844192505,0.4357699155807495,0.4516615727641819,0.548338427235818,0.9478111267089844,0.37205401002065547,0.6279459899793445,0.0908633386524138,0.3274760619070804,0.6725239380929195,0.06758780460298874,0.056200053653682636,0.056200053653682636,0.06194596737623215,0.018262969329953194,0.9437999463463174,0.056200053653682636,0.08714380115270615,0.017982300370931625,219424
acdc_b1_mit-b1_guard_gt_risk_s137_j13387384,2026-07-10 23:13:44,acdc,val,all,student_skd,/scratch/gautschi/manors/hf_cache/hub/models--nvidia--mit-b1/snapshots/13ddceec4e8bdf401e7cd7acf5aebc526222518c,runs/mit-b1_skd_j9200315/student_skd.ckpt,skd,GP030176_frame_000569_rgb_anon,/home/manors/Guardrail-Distillation/data/acdc/rgb_anon/snow/val/GP030176/GP030176_frame_000569_rgb_anon.png,snow,0.39409162929047176,0.6059083707095283,0.7621477842330933,0.923626184463501,0.1362302005290985,0.2081628292798996,0.3104485869407654,0.8196202516555786,0.5658521056175232,-4.412578582763672,4.318886756896973,0.018012287095189095,0.0998898446559906,257824,3.657581750303507,13.401435513515025,11.941191973164678,0.2890993173631733,0.7109006826368267,83777,0.4811077389984825,0.5188922610015174,13218,0.21171604096889496,0.0023276996798813343,12.00528023764491,0.5515852570533752,0.44841474294662476,0.6738761067390442,0.7213549613952637,0.36495521664619446,0.5902394652366638,0.4097605347633362,0.7287771701812744,0.8172948360443115,0.5620020627975464,0.5902394652366638,0.4097605347633362,0.5902394652366638,0.4097605347633362,0.5344733270189364,0.46552667298106365,0.9112650156021118,0.4598077829517335,0.5401922170482665,0.17070846558856023,0.31896361266195195,0.681036387338048,0.0,0.14038169772846465,0.14038169772846465,0.16586895287036896,0.016751736402511597,0.8596183022715354,0.14038169772846465,0.2120942920446396,0.07212671637535095,198712
acdc_b1_mit-b1_guard_gt_risk_s137_j13387384,2026-07-10 23:13:44,acdc,val,all,student_skd,/scratch/gautschi/manors/hf_cache/hub/models--nvidia--mit-b1/snapshots/13ddceec4e8bdf401e7cd7acf5aebc526222518c,runs/mit-b1_skd_j9200315/student_skd.ckpt,skd,GP030176_frame_000589_rgb_anon,/home/manors/Guardrail-Distillation/data/acdc/rgb_anon/snow/val/GP030176/GP030176_frame_000589_rgb_anon.png,snow,0.5049151129229018,0.4950848870770982,0.7080783843994141,0.9301692247390747,0.1358463615179062,0.18277281522750854,0.29764050245285034,0.842982828617096,0.48427507281303406,-3.5502123832702637,3.4635229110717773,0.021591387689113617,0.09363663196563721,256908,3.657581750303507,13.401435513515025,11.941191973164678,0.2666519426105878,0.7333480573894122,83306,0.6559097978227061,0.3440902021772939,7716,0.18793196976184845,0.004160493146628141,12.00528023764491,0.530178427696228,0.469821572303772,0.6596964001655579,0.7016783952713013,0.22723394632339478,0.5565652847290039,0.4434347152709961,0.6363993287086487,0.7522759437561035,0.5261825323104858,0.5565652847290039,0.4434347152709961,0.5565652847290039,0.4434347152709961,0.6182536999773431,0.38174630002265686,0.8393822312355042,0.38774782863278934,0.6122521713672107,0.12109588602220156,0.4403836184551581,0.5596163815448418,0.0,0.11333858705444133,0.11333858705444133,0.15083220601081848,0.01952839270234108,0.8866614129455587,0.11333858705444133,0.1895308792591095,0.08494091778993607,203566
acdc_b1_mit-b1_guard_gt_risk_s137_j13387384,2026-07-10 23:13:45,acdc,val,all,student_skd,/scratch/gautschi/manors/hf_cache/hub/models--nvidia--mit-b1/snapshots/13ddceec4e8bdf401e7cd7acf5aebc526222518c,runs/mit-b1_skd_j9200315/student_skd.ckpt,skd,GP030176_frame_000609_rgb_anon,/home/manors/Guardrail-Distillation/data/acdc/rgb_anon/snow/val/GP030176/GP030176_frame_000609_rgb_anon.png,snow,0.36165363535464157,0.6383463646453584,0.7208223342895508,0.9136282801628113,0.1407787948846817,0.22171270847320557,0.29825955629348755,0.8107157945632935,0.5634070038795471,-4.179235458374023,4.073681831359863,0.01516161859035492,0.11554773151874542,257954,3.6562217283062637,13.381930242758244,11.944251717068255,0.21309268412720492,0.786907315872795,83642,0.4637257507307999,0.5362742492692001,11573,0.22581836581230164,0.0028321808204054832,12.09108327748254,0.5358859896659851,0.4641140103340149,0.6534436345100403,0.683856189250946,0.32359468936920166,0.5802000761032104,0.41979992389678955,0.7050331830978394,0.7728679180145264,0.5373520851135254,0.5802000761032104,0.41979992389678955,0.5802000761032104,0.41979992389678955,0.5103615431318166,0.4896384568681834,0.8954116106033325,0.4079392387458912,0.5920607612541088,0.19484655461868627,0.5035042110109135,0.49649578898908653,0.03977846028011356,0.14870790777717502,0.14870790777717502,0.18333502113819122,0.00874574575573206,0.851292092222825,0.14870790777717502,0.25772812962532043,0.07628492265939713,189721
acdc_b1_mit-b1_guard_gt_risk_s137_j13387384,2026-07-10 23:13:45,acdc,val,all,student_skd,/scratch/gautschi/manors/hf_cache/hub/models--nvidia--mit-b1/snapshots/13ddceec4e8bdf401e7cd7acf5aebc526222518c,runs/mit-b1_skd_j9200315/student_skd.ckpt,skd,GP030176_frame_000629_rgb_anon,/home/manors/Guardrail-Distillation/data/acdc/rgb_anon/snow/val/GP030176/GP030176_frame_000629_rgb_anon.png,snow,0.4821432713094526,0.5178567286905473,0.9030409455299377,0.9358523488044739,0.13589686155319214,0.1793922781944275,0.3184872567653656,0.8351017236709595,0.5592138171195984,-3.941102981567383,3.8600010871887207,0.026290396228432655,0.08818920701742172,259068,3.6562217283062637,13.381930242758244,11.944251717068255,0.4209037552203377,0.5790962447796624,85049,0.33191018342821,0.66808981657179,3164,0.18539178371429443,0.004022826440632343,12.09108327748254,0.49984171986579895,0.500158280134201,0.567427396774292,0.5798471570014954,0.2112313210964203,0.5526123642921448,0.4473876357078552,0.6390660405158997,0.6793322563171387,0.49940934777259827,0.5526123642921448,0.4473876357078552,0.5526123642921448,0.4473876357078552,0.5393986586908847,0.46060134130911534,0.9503180980682373,0.4983858689135364,0.5016141310864636,0.0774821136931988,0.44576217583807715,0.5542378241619228,0.11385199240986721,0.05725538738143199,0.05725538738143199,0.058085136115550995,0.010807973332703114,0.942744612618568,0.05725538738143199,0.07960072159767151,0.010255995206534863,213821
acdc_b1_mit-b1_guard_gt_risk_s137_j13387384,2026-07-10 23:13:45,acdc,val,all,student_skd,/scratch/gautschi/manors/hf_cache/hub/models--nvidia--mit-b1/snapshots/13ddceec4e8bdf401e7cd7acf5aebc526222518c,runs/mit-b1_skd_j9200315/student_skd.ckpt,skd,GP030176_frame_000649_rgb_anon,/home/manors/Guardrail-Distillation/data/acdc/rgb_anon/snow/val/GP030176/GP030176_frame_000649_rgb_anon.png,snow,0.33259751105364016,0.6674024889463599,0.8502168655395508,0.9348469376564026,0.13493135571479797,0.17465651035308838,0.32276496291160583,0.8539685606956482,0.4685160219669342,-4.726945400238037,4.645292282104492,0.019685648381710052,0.09067858010530472,252011,3.6562217283062637,13.381930242758244,11.944251717068255,0.2872874145424507,0.7127125854575493,77854,0.47167027084415986,0.5283297291558402,9534,0.17735788226127625,0.001970997080206871,12.09108327748254,0.5103061199188232,0.48969388008117676,0.6119439005851746,0.6446373462677002,0.32624492049217224,0.5808454155921936,0.4191545844078064,0.7259178161621094,0.8420235514640808,0.5316463708877563,0.5808454155921936,0.4191545844078064,0.5808454155921936,0.4191545844078064,0.3634444862414033,0.6365555137585968,0.8911992311477661,0.38977601861361566,0.6102239813863843,0.102488604071165,0.2995737257312956,0.7004262742687044,0.0,0.030846975187763137,0.030846975187763137,0.05752526596188545,0.01654292829334736,0.9691530248122369,0.030846975187763137,0.09067461639642715,0.020923690870404243,203770
acdc_b1_mit-b1_guard_gt_risk_s137_j13387384,2026-07-10 23:13:45,acdc,val,all,student_skd,/scratch/gautschi/manors/hf_cache/hub/models--nvidia--mit-b1/snapshots/13ddceec4e8bdf401e7cd7acf5aebc526222518c,runs/mit-b1_skd_j9200315/student_skd.ckpt,skd,GP030176_frame_000706_rgb_anon,/home/manors/Guardrail-Distillation/data/acdc/rgb_anon/snow/val/GP030176/GP030176_frame_000706_rgb_anon.png,snow,0.3319301211870145,0.6680698788129855,0.7431210875511169,0.9322888851165771,0.1336919516324997,0.1861535608768463,0.3247191607952118,0.8504813313484192,0.4700446128845215,-4.337674617767334,4.254047870635986,0.01744549535214901,0.09257309883832932,252730,3.6562217283062637,13.381930242758244,11.944251717068255,0.24725657809945936,0.7527434219005407,82215,0.24798655094221597,0.752013449057784,2524,0.19135527312755585,0.0038331507239490747,12.09108327748254,0.5149935483932495,0.4850064516067505,0.6215001344680786,0.6426317691802979,0.23423123359680176,0.5582915544509888,0.44170844554901123,0.7028106451034546,0.7545290589332581,0.5102983713150024,0.5582915544509888,0.44170844554901123,0.5582915544509888,0.44170844554901123,0.5275442859151075,0.4724557140848925,0.847944438457489,0.4238364727520865,0.5761635272479135,0.17657989465262713,0.8253929157870045,0.17460708421299553,0.5774063648447885,0.195614164728093,0.195614164728093,0.11012542992830276,0.005302100908011198,0.804385835271907,0.195614164728093,0.1778261363506317,0.04136034473776817,200173
acdc_b1_mit-b1_guard_gt_risk_s137_j13387384,2026-07-10 23:13:45,acdc,val,all,student_skd,/scratch/gautschi/manors/hf_cache/hub/models--nvidia--mit-b1/snapshots/13ddceec4e8bdf401e7cd7acf5aebc526222518c,runs/mit-b1_skd_j9200315/student_skd.ckpt,skd,GP030176_frame_000721_rgb_anon,/home/manors/Guardrail-Distillation/data/acdc/rgb_anon/snow/val/GP030176/GP030176_frame_000721_rgb_anon.png,snow,0.32016781958060475,0.6798321804193952,0.6705141663551331,0.9588932394981384,0.1054159477353096,0.10773833841085434,0.23703263700008392,0.9013475179672241,0.32289838790893555,-4.83527946472168,4.7852911949157715,0.0061685629189014435,0.05516088753938675,255489,330.7224945165217,9.119955473579466,13.696243520826101,0.29735119522927994,0.70264880477072,83161,0.3246749573706154,0.6753250426293846,6059,0.11072619259357452,0.0020752085838466883,11.19461003690958,0.5383910536766052,0.4616089463233948,0.6529580354690552,0.6771529912948608,0.15972036123275757,0.5398454070091248,0.46015459299087524,0.6231379508972168,0.7030096650123596,0.5309672951698303,0.5398454070091248,0.46015459299087524,0.5398454070091248,0.46015459299087524,0.5348815082273279,0.46511849177267206,0.7598017454147339,0.4456477213805228,0.5543522786194772,0.14829652615124278,0.9462429772483791,0.053757022751620864,0.6215680198777638,0.21471368864672313,0.21471368864672313,0.1095898449420929,0.020302243530750275,0.7852863113532769,0.21471368864672313,0.14604151248931885,0.08599195629358292,222698
acdc_b1_mit-b1_guard_gt_risk_s137_j13387384,2026-07-10 23:13:45,acdc,val,all,student_skd,/scratch/gautschi/manors/hf_cache/hub/models--nvidia--mit-b1/snapshots/13ddceec4e8bdf401e7cd7acf5aebc526222518c,runs/mit-b1_skd_j9200315/student_skd.ckpt,skd,GP030176_frame_000736_rgb_anon,/home/manors/Guardrail-Distillation/data/acdc/rgb_anon/snow/val/GP030176/GP030176_frame_000736_rgb_anon.png,snow,0.31408048218865997,0.68591951781134,0.7577738761901855,0.9364010095596313,0.12495842576026917,0.16540640592575073,0.27306249737739563,0.8555359840393066,0.4432232081890106,-4.4450154304504395,4.367525577545166,0.013088746927678585,0.08052684366703033,243186,330.7224945165217,9.119955473579466,13.696243520826101,0.1498654129231838,0.8501345870768162,71527,0.29632289086719993,0.7036771091328,18175,0.16867056488990784,0.002750521060079336,11.19461003690958,0.5387279987335205,0.4612720012664795,0.6260846853256226,0.6452872157096863,0.19497963786125183,0.5485910773277283,0.45140892267227173,0.6358676552772522,0.6791852712631226,0.5283088088035583,0.5485910773277283,0.45140892267227173,0.5485910773277283,0.45140892267227173,0.3984376605866182,0.6015623394133818,0.816917896270752,0.26827311339626164,0.7317268866037383,0.11840770047307791,0.5959524406080998,0.4040475593919002,0.29962954974089984,0.0843571783979582,0.0843571783979582,0.08060908317565918,0.021465051919221878,0.9156428216020418,0.0843571783979582,0.1258583962917328,0.04400746896862984,197205
