run_id,timestamp,dataset_name,split,domain,student_name,student_backbone,student_ckpt,train_method,image_id,image_path,condition,student_miou,student_risk,student_pixel_acc,student_msp,student_msp_std,student_entropy,student_entropy_std,temp_msp,temp_entropy,energy_score,max_logit,low_conf_frac_050,low_conf_frac_070,n_valid_pixels,student_latency_ms,guardrail_latency_ms,teacher_latency_ms,student_miou_near,student_risk_near,n_near_pixels,student_miou_dynamic,student_risk_dynamic,n_dynamic_pixels,mc_entropy,mc_mutual_info,mc_dropout_latency_ms,guardrailpp_utility_dense_bce,guardrailpp_keep_dense_bce,guardrailpp_utility_dense_bce_q90,guardrailpp_utility_dense_bce_q95,guardrailpp_utility_dense_gap_raw,guardrailpp_utility_dense_gap,guardrailpp_keep_dense_gap,guardrailpp_utility_dense_gap_q90,guardrailpp_utility_dense_gap_q95,guardrailpp_utility_scalar,guardrailpp_utility,guardrailpp_keep,guardrail_risk,guardrail_keep,teacher_miou,teacher_risk,teacher_pixel_acc,teacher_miou_near,teacher_risk_near,teacher_benefit_near,teacher_miou_dynamic,teacher_risk_dynamic,teacher_benefit_dynamic,teacher_gain,teacher_benefit,teacher_gap,student_better_gap,oracle_keep,oracle_fail,disagreement_rate,confident_wrong_teacher_right,n_confident_pixels
b1_cityscapes_val,2026-07-07 05:27:21,cityscapes,val,all,student_skd,/scratch/gautschi/manors/hf_cache/hub/models--nvidia--mit-b1/snapshots/13ddceec4e8bdf401e7cd7acf5aebc526222518c,runs/mit-b1_skd_j9200315/student_skd.ckpt,skd,img_000000,/home/manors/Guardrail-Distillation/data/cityscapes/leftImg8bit/val/frankfurt/frankfurt_000000_000294_leftImg8bit.png,,0.6639311229208825,0.3360688770791175,0.9721254706382751,0.9756650924682617,0.0808546394109726,0.06434962898492813,0.17885272204875946,0.9392490386962891,0.19228632748126984,-6.362570762634277,6.333293437957764,0.003108195960521698,0.029638946056365967,463613,4.39120200007892,7.427505749546981,16.259529749731882,0.6600097315873431,0.3399902684126569,126850,0.9338789785729145,0.06612102142708554,30532,0.06536772847175598,0.0005946443998254836,14.756648750335444,0.03504195436835289,0.9649580456316471,0.12409365177154541,0.2424347996711731,0.030896108597517014,0.5077233910560608,0.4922766089439392,0.5327938795089722,0.5584845542907715,0.26274681091308594,0.5077233910560608,0.4922766089439392,0.5077233910560608,0.4922766089439392,0.7775342271072859,0.22246577289271408,0.9754946827888489,0.713467159456291,0.286532840543709,0.053457427868947915,0.9715798793768795,0.028420120623120493,0.03770090080396504,0.1136031041864034,0.1136031041864034,0.011621762067079544,0.008252573199570179,0.8863968958135966,0.1136031041864034,0.020793205127120018,0.001311438623815775,429236
b1_cityscapes_val,2026-07-07 05:27:22,cityscapes,val,all,student_skd,/scratch/gautschi/manors/hf_cache/hub/models--nvidia--mit-b1/snapshots/13ddceec4e8bdf401e7cd7acf5aebc526222518c,runs/mit-b1_skd_j9200315/student_skd.ckpt,skd,img_000001,/home/manors/Guardrail-Distillation/data/cityscapes/leftImg8bit/val/frankfurt/frankfurt_000000_000576_leftImg8bit.png,,0.5445703362289598,0.4554296637710402,0.9679130911827087,0.9801621437072754,0.07321491837501526,0.05199434608221054,0.1589857041835785,0.9499910473823547,0.15904013812541962,-6.8828630447387695,6.859062671661377,0.0022392189130187035,0.02424319088459015,466234,4.39120200007892,7.427505749546981,16.259529749731882,0.8371590849466607,0.1628409150533393,126850,0.7174185998680498,0.2825814001319502,80334,0.0527859665453434,0.000491753569804132,14.756648750335444,0.024230699986219406,0.9757693000137806,0.06157552823424339,0.18293973803520203,0.02323165163397789,0.505807638168335,0.49419236183166504,0.5156274437904358,0.5393625497817993,0.25803422927856445,0.505807638168335,0.49419236183166504,0.505807638168335,0.49419236183166504,0.7724517457884459,0.2275482542115541,0.9788260459899902,0.827367586025526,0.17263241397447404,0.0,0.6931513775224106,0.3068486224775894,0.0,0.2278814095594861,0.2278814095594861,0.017004337161779404,0.006091361865401268,0.7721185904405139,0.2278814095594861,0.023994388058781624,0.00542002497240901,438036
b1_cityscapes_val,2026-07-07 05:27:22,cityscapes,val,all,student_skd,/scratch/gautschi/manors/hf_cache/hub/models--nvidia--mit-b1/snapshots/13ddceec4e8bdf401e7cd7acf5aebc526222518c,runs/mit-b1_skd_j9200315/student_skd.ckpt,skd,img_000002,/home/manors/Guardrail-Distillation/data/cityscapes/leftImg8bit/val/frankfurt/frankfurt_000000_001016_leftImg8bit.png,,0.6541033522461989,0.34589664775380113,0.9688870310783386,0.9792286157608032,0.0768696665763855,0.05526047572493553,0.17432017624378204,0.9482852220535278,0.1687542349100113,-6.340120315551758,6.31490421295166,0.003611607477068901,0.02645229548215866,467105,4.39120200007892,7.427505749546981,16.259529749731882,0.6748513125528731,0.3251486874471269,126850,0.8509683570486715,0.14903164295132854,76048,0.05641533061861992,0.0006974543211981654,14.756648750335444,0.027060680091381073,0.9729393199086189,0.07608067989349365,0.20013472437858582,0.025295380502939224,0.506323516368866,0.49367648363113403,0.5178733468055725,0.5435765981674194,0.25913816690444946,0.506323516368866,0.49367648363113403,0.506323516368866,0.49367648363113403,0.7402578611625877,0.25974213883741226,0.9740678668022156,0.6416814367425555,0.3583185632574445,0.0,0.8681351336251246,0.13186486637487538,0.017166776576453158,0.08615450891638887,0.08615450891638887,0.011134540662169456,0.005953693296760321,0.9138454910836111,0.08615450891638887,0.019044967368245125,0.0012374090729281306,437546
b1_cityscapes_val,2026-07-07 05:27:22,cityscapes,val,all,student_skd,/scratch/gautschi/manors/hf_cache/hub/models--nvidia--mit-b1/snapshots/13ddceec4e8bdf401e7cd7acf5aebc526222518c,runs/mit-b1_skd_j9200315/student_skd.ckpt,skd,img_000003,/home/manors/Guardrail-Distillation/data/cityscapes/leftImg8bit/val/frankfurt/frankfurt_000000_001236_leftImg8bit.png,,0.5434765193894707,0.4565234806105293,0.9546248912811279,0.9654685258865356,0.10270129144191742,0.09112962335348129,0.24126580357551575,0.9245252013206482,0.23275986313819885,-6.929503440856934,6.8864336013793945,0.010051100514829159,0.04801782965660095,461641,4.39120200007892,7.427505749546981,16.259529749731882,0.878064123093188,0.12193587690681196,126850,0.41465509760542174,0.5853449023945783,75713,0.09239879250526428,0.0009261770755983889,14.756648750335444,0.037606608122587204,0.9623933918774128,0.13732512295246124,0.29979515075683594,0.029566925019025803,0.5073911547660828,0.49260884523391724,0.530116617679596,0.5675951838493347,0.2948795557022095,0.5073911547660828,0.49260884523391724,0.5073911547660828,0.49260884523391724,0.5254695799846971,0.4745304200153029,0.9640954732894897,0.9602670308592824,0.039732969140717556,0.0822029077660944,0.42759150381700584,0.5724084961829942,0.012936406211584095,0.0,0.0,0.018146134912967682,0.008675572462379932,1.0,0.0,0.03182559460401535,0.001917074085213244,414723
b1_cityscapes_val,2026-07-07 05:27:22,cityscapes,val,all,student_skd,/scratch/gautschi/manors/hf_cache/hub/models--nvidia--mit-b1/snapshots/13ddceec4e8bdf401e7cd7acf5aebc526222518c,runs/mit-b1_skd_j9200315/student_skd.ckpt,skd,img_000004,/home/manors/Guardrail-Distillation/data/cityscapes/leftImg8bit/val/frankfurt/frankfurt_000000_001751_leftImg8bit.png,,0.5205241885302618,0.47947581146973817,0.9555191993713379,0.9761139750480652,0.08187903463840485,0.06373225897550583,0.18398994207382202,0.9399722814559937,0.19449682533740997,-6.893467426300049,6.864480972290039,0.004224271047860384,0.030503608286380768,420901,4.375036250166886,7.43430550028279,16.26808874971175,0.8806664742082388,0.11933352579176115,126850,0.4464697055975374,0.5535302944024626,49218,0.06499812752008438,0.0006919910665601492,14.710599499267119,0.03140978142619133,0.9685902185738087,0.10152709484100342,0.23310455679893494,0.030979780480265617,0.507744312286377,0.49225568771362305,0.5262985229492188,0.5587812066078186,0.281429260969162,0.507744312286377,0.49225568771362305,0.507744312286377,0.49225568771362305,0.5481876204156252,0.4518123795843748,0.9697576761245728,0.8592515496132345,0.14074845038676553,0.0,0.47549951038015237,0.5245004896198476,0.029029804782614965,0.027663431885363354,0.027663431885363354,0.021845990791916847,0.007607489358633757,0.9723365681146366,0.027663431885363354,0.031045304611325264,0.005234009586274624,390894
b1_cityscapes_val,2026-07-07 05:27:22,cityscapes,val,all,student_skd,/scratch/gautschi/manors/hf_cache/hub/models--nvidia--mit-b1/snapshots/13ddceec4e8bdf401e7cd7acf5aebc526222518c,runs/mit-b1_skd_j9200315/student_skd.ckpt,skd,img_000005,/home/manors/Guardrail-Distillation/data/cityscapes/leftImg8bit/val/frankfurt/frankfurt_000000_002196_leftImg8bit.png,,0.664524667727475,0.335475332272525,0.955167829990387,0.9746221303939819,0.08377878367900848,0.06407275050878525,0.17812876403331757,0.9415940642356873,0.1783028244972229,-6.888878345489502,6.858212471008301,0.0030088697094470263,0.03275743126869202,458644,4.375036250166886,7.43430550028279,16.26808874971175,0.49176586519511234,0.5082341348048877,126850,0.9811138004501939,0.018886199549806082,48371,0.06504011899232864,0.0005494129727594554,14.710599499267119,0.02958623319864273,0.9704137668013573,0.09410169720649719,0.2263805866241455,0.033236436545848846,0.5083083510398865,0.4916916489601135,0.5265466570854187,0.5581022500991821,0.2593364715576172,0.5083083510398865,0.4916916489601135,0.5083083510398865,0.4916916489601135,0.7012192538910906,0.29878074610890937,0.9741302728652954,0.955951873713773,0.04404812628622701,0.46418600851866065,0.9713875173153801,0.02861248268461991,0.0,0.03669458616361565,0.03669458616361565,0.02871290035545826,0.009750481694936752,0.9633054138363843,0.03669458616361565,0.03917635604739189,0.01069892942905426,422876
b1_cityscapes_val,2026-07-07 05:27:22,cityscapes,val,all,student_skd,/scratch/gautschi/manors/hf_cache/hub/models--nvidia--mit-b1/snapshots/13ddceec4e8bdf401e7cd7acf5aebc526222518c,runs/mit-b1_skd_j9200315/student_skd.ckpt,skd,img_000006,/home/manors/Guardrail-Distillation/data/cityscapes/leftImg8bit/val/frankfurt/frankfurt_000000_002963_leftImg8bit.png,,0.5781524620906424,0.4218475379093576,0.9365809559822083,0.9657971262931824,0.1012485921382904,0.08779258280992508,0.22982065379619598,0.925771951675415,0.22879162430763245,-6.798050403594971,6.755702018737793,0.008104716427624226,0.04831350967288017,463804,4.375036250166886,7.43430550028279,16.26808874971175,0.9586199647409206,0.041380035259079406,126850,0.357947154854747,0.642052845145253,42323,0.08929798752069473,0.0010690685594454408,14.710599499267119,0.03435415029525757,0.9656458497047424,0.13961195945739746,0.26708996295928955,0.031908586621284485,0.5079764723777771,0.4920235276222229,0.5273627638816833,0.5603174567222595,0.2726070284843445,0.5079764723777771,0.4920235276222229,0.5079764723777771,0.4920235276222229,0.6510673757530666,0.3489326242469334,0.9547200798988342,0.940765978187101,0.05923402181289905,0.0,0.6960949658719294,0.3039050341280706,0.3381478110171824,0.0729149136624242,0.0729149136624242,0.023596173152327538,0.005457046441733837,0.9270850863375758,0.0729149136624242,0.040383435785770416,0.00405343621969223,415751
b1_cityscapes_val,2026-07-07 05:27:22,cityscapes,val,all,student_skd,/scratch/gautschi/manors/hf_cache/hub/models--nvidia--mit-b1/snapshots/13ddceec4e8bdf401e7cd7acf5aebc526222518c,runs/mit-b1_skd_j9200315/student_skd.ckpt,skd,img_000007,/home/manors/Guardrail-Distillation/data/cityscapes/leftImg8bit/val/frankfurt/frankfurt_000000_003025_leftImg8bit.png,,0.6184829812918942,0.38151701870810584,0.9561262130737305,0.9678758382797241,0.09466584026813507,0.08358293026685715,0.21178939938545227,0.9260531067848206,0.2302059531211853,-6.8387908935546875,6.7996673583984375,0.00550875486806035,0.042222026735544205,453460,4.375036250166886,7.43430550028279,16.26808874971175,0.4998975167520694,0.5001024832479306,126850,0.7257653771335236,0.2742346228664764,56711,0.08503800630569458,0.0008961341227404773,14.710599499267119,0.04024846851825714,0.9597515314817429,0.17526394128799438,0.2901022434234619,0.03637033328413963,0.5090915560722351,0.4909084439277649,0.5357231497764587,0.5649800300598145,0.2900243103504181,0.5090915560722351,0.4909084439277649,0.5090915560722351,0.4909084439277649,0.7307228940962853,0.2692771059037147,0.9655426740646362,0.49996452502956246,0.5000354749704375,6.70082774930636e-05,0.8158227581548173,0.1841772418451827,0.09005738102129368,0.11223991280439116,0.11223991280439116,0.01971508003771305,0.0102985929697752,0.8877600871956088,0.11223991280439116,0.033103249967098236,0.002372866263613105,408849
b1_cityscapes_val,2026-07-07 05:27:22,cityscapes,val,all,student_skd,/scratch/gautschi/manors/hf_cache/hub/models--nvidia--mit-b1/snapshots/13ddceec4e8bdf401e7cd7acf5aebc526222518c,runs/mit-b1_skd_j9200315/student_skd.ckpt,skd,img_000008,/home/manors/Guardrail-Distillation/data/cityscapes/leftImg8bit/val/frankfurt/frankfurt_000000_003357_leftImg8bit.png,,0.6694805064248677,0.33051949357513233,0.9573355913162231,0.9717229008674622,0.08745823055505753,0.07507877051830292,0.19719578325748444,0.9315574765205383,0.2156151831150055,-6.837471961975098,6.8032965660095215,0.004556679166853428,0.0344611294567585,452742,4.348002250480931,7.409316499433771,16.256271000202105,0.8176709212474818,0.18232907875251825,126850,0.9690310917594467,0.030968908240553317,69396,0.07679563760757446,0.0011468073353171349,14.686512499793025,0.0375019833445549,0.9624980166554451,0.14582745730876923,0.26753339171409607,0.03305121511220932,0.508262038230896,0.491737961769104,0.5308231711387634,0.5616582036018372,0.2970634698867798,0.508262038230896,0.491737961769104,0.508262038230896,0.491737961769104,0.7130016363038638,0.2869983636961362,0.9674274325370789,0.9487607445034281,0.051239255496571934,0.13108982325594631,0.9634757470544429,0.036524252945557056,0.0,0.043521129878996145,0.043521129878996145,0.016691626980900764,0.006599785760045052,0.9564788701210039,0.043521129878996145,0.02563711814582348,0.0014820803189650178,413303
b1_cityscapes_val,2026-07-07 05:27:22,cityscapes,val,all,student_skd,/scratch/gautschi/manors/hf_cache/hub/models--nvidia--mit-b1/snapshots/13ddceec4e8bdf401e7cd7acf5aebc526222518c,runs/mit-b1_skd_j9200315/student_skd.ckpt,skd,img_000009,/home/manors/Guardrail-Distillation/data/cityscapes/leftImg8bit/val/frankfurt/frankfurt_000000_003920_leftImg8bit.png,,0.5690072270318015,0.4309927729681985,0.9468814730644226,0.9660499095916748,0.09961328655481339,0.0893544852733612,0.22858303785324097,0.9201052784919739,0.255417138338089,-6.471943378448486,6.4299750328063965,0.007462573237717152,0.04572100192308426,461101,4.348002250480931,7.409316499433771,16.256271000202105,0.8249851339925196,0.1750148660074804,126850,0.7484328299321322,0.2515671700678678,28764,0.09117433428764343,0.001319746719673276,14.686512499793025,0.04189256951212883,0.9581074304878712,0.16990959644317627,0.29308250546455383,0.04176972433924675,0.5104409456253052,0.4895590543746948,0.5394446849822998,0.5723307132720947,0.27051976323127747,0.5104409456253052,0.4895590543746948,0.5104409456253052,0.4895590543746948,0.6304674648936337,0.3695325351063663,0.9518803358078003,0.8564157020099517,0.14358429799004835,0.03143056801743205,0.8271211387788725,0.1728788612211275,0.07868830884674027,0.06146023786183219,0.06146023786183219,0.017286883667111397,0.012287979945540428,0.9385397621381678,0.06146023786183219,0.03358916938304901,0.0016070231795310974,414934
b1_cityscapes_val,2026-07-07 05:27:22,cityscapes,val,all,student_skd,/scratch/gautschi/manors/hf_cache/hub/models--nvidia--mit-b1/snapshots/13ddceec4e8bdf401e7cd7acf5aebc526222518c,runs/mit-b1_skd_j9200315/student_skd.ckpt,skd,img_000010,/home/manors/Guardrail-Distillation/data/cityscapes/leftImg8bit/val/frankfurt/frankfurt_000000_004617_leftImg8bit.png,,0.6561489120720385,0.3438510879279615,0.957389235496521,0.9698008894920349,0.0941978469491005,0.08198278397321701,0.22047123312950134,0.9264498949050903,0.23836664855480194,-6.705468654632568,6.668241500854492,0.007729802280664444,0.040213871747255325,433905,4.348002250480931,7.409316499433771,16.256271000202105,1.0,0.0,126812,0.9722572509457755,0.02774274905422447,9516,0.08328183740377426,0.0008326019160449505,14.686512499793025,0.03804546222090721,0.9619545377790928,0.14091333746910095,0.28167566657066345,0.025414995849132538,0.5063533782958984,0.49364662170410156,0.5286438465118408,0.5631344318389893,0.2961766719818115,0.5063533782958984,0.49364662170410156,0.5063533782958984,0.49364662170410156,0.5506247444711158,0.44937525552888424,0.9520286321640015,0.32969277355455323,0.6703072264454468,0.0,0.9457755359394704,0.05422446406052961,0.0,0.0,0.0,0.013592836447060108,0.018953457474708557,1.0,0.0,0.039361149072647095,0.0017261842731386423,395587
b1_cityscapes_val,2026-07-07 05:27:22,cityscapes,val,all,student_skd,/scratch/gautschi/manors/hf_cache/hub/models--nvidia--mit-b1/snapshots/13ddceec4e8bdf401e7cd7acf5aebc526222518c,runs/mit-b1_skd_j9200315/student_skd.ckpt,skd,img_000011,/home/manors/Guardrail-Distillation/data/cityscapes/leftImg8bit/val/frankfurt/frankfurt_000000_005543_leftImg8bit.png,,0.5394516839593952,0.46054831604060475,0.9031005501747131,0.9407902359962463,0.13509365916252136,0.1586134433746338,0.3217860460281372,0.8742668628692627,0.38836050033569336,-6.242377758026123,6.166823863983154,0.024784881621599197,0.08619171380996704,430343,4.348002250480931,7.409316499433771,16.256271000202105,0.8756900336026381,0.12430996639736192,126850,0.7414939206338935,0.2585060793661065,31473,0.16128762066364288,0.0018548683729022741,14.686512499793025,0.08107217401266098,0.918927825987339,0.3290885388851166,0.4464662969112396,0.08502931892871857,0.5212445259094238,0.47875547409057617,0.584797203540802,0.6253137588500977,0.3266388177871704,0.5212445259094238,0.47875547409057617,0.5212445259094238,0.47875547409057617,0.5533781036863168,0.4466218963136832,0.9088773131370544,0.8683342666515447,0.13166573334845533,0.0,0.9145609472245076,0.08543905277549235,0.17306702659061413,0.013926419726921546,0.013926419726921546,0.03143306449055672,0.025656279176473618,0.9860735802730785,0.013926419726921546,0.07381786406040192,0.00422686105594039,358381
b1_cityscapes_val,2026-07-07 05:27:22,cityscapes,val,all,student_skd,/scratch/gautschi/manors/hf_cache/hub/models--nvidia--mit-b1/snapshots/13ddceec4e8bdf401e7cd7acf5aebc526222518c,runs/mit-b1_skd_j9200315/student_skd.ckpt,skd,img_000012,/home/manors/Guardrail-Distillation/data/cityscapes/leftImg8bit/val/frankfurt/frankfurt_000000_005898_leftImg8bit.png,,0.5779620617773419,0.4220379382226581,0.9369921088218689,0.963874876499176,0.10413702577352524,0.09647761285305023,0.24455954134464264,0.9175524711608887,0.2594616413116455,-6.605290412902832,6.5602617263793945,0.01088910736143589,0.048587653785943985,463307,4.360339500635746,7.410347499899217,16.271676500764443,0.9805194692500494,0.019480530749950598,126850,0.6867121516605091,0.31328784833949086,30689,0.09850786626338959,0.001391128869727254,14.690050250464992,0.04885055869817734,0.9511494413018227,0.2086506485939026,0.3419249355792999,0.03737905994057655,0.509343683719635,0.490656316280365,0.5397817492485046,0.5776938199996948,0.28538426756858826,0.509343683719635,0.490656316280365,0.509343683719635,0.490656316280365,0.6739011571836937,0.3260988428163063,0.9493532180786133,0.9776670013032538,0.02233299869674621,0.0,0.8657293453263316,0.1342706546736684,0.17901719366582247,0.09593909540635182,0.09593909540635182,0.03066217340528965,0.018301039934158325,0.9040609045936482,0.09593909540635182,0.058162298053503036,0.008253706619143486,414269
b1_cityscapes_val,2026-07-07 05:27:22,cityscapes,val,all,student_skd,/scratch/gautschi/manors/hf_cache/hub/models--nvidia--mit-b1/snapshots/13ddceec4e8bdf401e7cd7acf5aebc526222518c,runs/mit-b1_skd_j9200315/student_skd.ckpt,skd,img_000013,/home/manors/Guardrail-Distillation/data/cityscapes/leftImg8bit/val/frankfurt/frankfurt_000000_006589_leftImg8bit.png,,0.492793199928883,0.507206800071117,0.9334524273872375,0.956643283367157,0.11131730675697327,0.11392327398061752,0.25554779171943665,0.9062137007713318,0.2793217897415161,-6.412637710571289,6.3589982986450195,0.011417485773563385,0.05743618682026863,458770,4.360339500635746,7.410347499899217,16.271676500764443,0.6212632553387296,0.3787367446612704,126850,0.46457677721294277,0.5354232227870572,13144,0.11579812318086624,0.0012441634899005294,14.690050250464992,0.06691963225603104,0.933080367743969,0.290613055229187,0.4138852655887604,0.07111717760562897,0.5177717804908752,0.48222821950912476,0.578808605670929,0.6244730949401855,0.29091477394104004,0.5177717804908752,0.48222821950912476,0.5177717804908752,0.48222821950912476,0.6934272444463314,0.3065727555536686,0.9653420448303223,0.5715457199074899,0.4284542800925101,0.0,0.8062224788816537,0.19377752111834634,0.3416457016687109,0.20063404451744837,0.20063404451744837,0.04392178729176521,0.01203217264264822,0.7993659554825516,0.20063404451744837,0.06101096048951149,0.011611482128500938,398149
b1_cityscapes_val,2026-07-07 05:27:22,cityscapes,val,all,student_skd,/scratch/gautschi/manors/hf_cache/hub/models--nvidia--mit-b1/snapshots/13ddceec4e8bdf401e7cd7acf5aebc526222518c,runs/mit-b1_skd_j9200315/student_skd.ckpt,skd,img_000014,/home/manors/Guardrail-Distillation/data/cityscapes/leftImg8bit/val/frankfurt/frankfurt_000000_007365_leftImg8bit.png,,0.6472216554515824,0.3527783445484176,0.9434759020805359,0.9664716124534607,0.09481437504291534,0.08872523903846741,0.21090734004974365,0.9192326068878174,0.25019991397857666,-6.603435516357422,6.562851428985596,0.0056841447949409485,0.04235127568244934,466385,4.360339500635746,7.410347499899217,16.271676500764443,0.8936842387339582,0.10631576126604181,126850,0.6164735380027587,0.3835264619972413,23151,0.09026148170232773,0.0009091418469324708,14.690050250464992,0.04793209210038185,0.9520679078996181,0.18857362866401672,0.30264928936958313,0.04461535066366196,0.5111519694328308,0.4888480305671692,0.5460549592971802,0.5797863602638245,0.2999996244907379,0.5111519694328308,0.4888480305671692,0.5111519694328308,0.4888480305671692,0.5946088243703617,0.40539117562963833,0.9469879865646362,0.7956302919710659,0.20436970802893406,0.0,0.6238500057195683,0.3761499942804317,0.007376467716809554,0.0,0.0,0.021377187222242355,0.017865069210529327,1.0,0.0,0.04092755913734436,0.0031025868374854326,418281
b1_cityscapes_val,2026-07-07 05:27:22,cityscapes,val,all,student_skd,/scratch/gautschi/manors/hf_cache/hub/models--nvidia--mit-b1/snapshots/13ddceec4e8bdf401e7cd7acf5aebc526222518c,runs/mit-b1_skd_j9200315/student_skd.ckpt,skd,img_000015,/home/manors/Guardrail-Distillation/data/cityscapes/leftImg8bit/val/frankfurt/frankfurt_000000_008206_leftImg8bit.png,,0.5116989141944733,0.48830108580552667,0.9087280035018921,0.9331890344619751,0.14070968329906464,0.17375747859477997,0.32757219672203064,0.8667466044425964,0.3891185224056244,-6.464512348175049,6.379662036895752,0.025458108633756638,0.09755345433950424,463428,4.360339500635746,7.410347499899217,16.271676500764443,0.49998029168309027,0.5000197083169098,126850,0.4571619443978763,0.5428380556021237,19643,0.17609935998916626,0.0018076484557241201,14.690050250464992,0.06763491779565811,0.9323650822043419,0.27936023473739624,0.38656890392303467,0.06059768795967102,0.5151447653770447,0.4848552346229553,0.565302312374115,0.5946241617202759,0.30065521597862244,0.5151447653770447,0.4848552346229553,0.5151447653770447,0.4848552346229553,0.5585315445985052,0.4414684554014948,0.9232329726219177,0.49998029168309027,0.5000197083169098,0.0,0.5404081784326681,0.4595918215673319,0.08324623403479181,0.04683263040403185,0.04683263040403185,0.03109005093574524,0.016585100442171097,0.9531673695959682,0.04683263040403185,0.058220479637384415,0.0011695452267304063,374900
b1_cityscapes_val,2026-07-07 05:27:23,cityscapes,val,all,student_skd,/scratch/gautschi/manors/hf_cache/hub/models--nvidia--mit-b1/snapshots/13ddceec4e8bdf401e7cd7acf5aebc526222518c,runs/mit-b1_skd_j9200315/student_skd.ckpt,skd,img_000016,/home/manors/Guardrail-Distillation/data/cityscapes/leftImg8bit/val/frankfurt/frankfurt_000000_008451_leftImg8bit.png,,0.5479493676566076,0.4520506323433924,0.9311272501945496,0.9501609206199646,0.11999305337667465,0.13256488740444183,0.28205105662345886,0.8923110961914062,0.32402700185775757,-6.622148513793945,6.560031890869141,0.014801018871366978,0.06831205636262894,454766,4.351386750386155,7.409929499772261,16.264745249827683,0.5555240219999107,0.4444759780000893,126850,0.7670089650032061,0.23299103499679386,17383,0.13460375368595123,0.0012986421352252364,14.683883000543574,0.053385235369205475,0.9466147646307945,0.21856443583965302,0.3358471095561981,0.0470610149204731,0.5117630958557129,0.4882369041442871,0.5491611361503601,0.5806995034217834,0.308931440114975,0.5117630958557129,0.4882369041442871,0.5117630958557129,0.4882369041442871,0.5645695498324019,0.43543045016759807,0.9312415719032288,0.5714049212618377,0.42859507873816227,0.01588089926192704,0.7790656372787887,0.22093436272121125,0.012056672275582603,0.016620182175794307,0.016620182175794307,0.018303919583559036,0.018189573660492897,0.9833798178242057,0.016620182175794307,0.04529142379760742,0.001051089959219098,387734
b1_cityscapes_val,2026-07-07 05:27:23,cityscapes,val,all,student_skd,/scratch/gautschi/manors/hf_cache/hub/models--nvidia--mit-b1/snapshots/13ddceec4e8bdf401e7cd7acf5aebc526222518c,runs/mit-b1_skd_j9200315/student_skd.ckpt,skd,img_000017,/home/manors/Guardrail-Distillation/data/cityscapes/leftImg8bit/val/frankfurt/frankfurt_000000_009291_leftImg8bit.png,,0.4534793673958639,0.5465206326041361,0.9339945316314697,0.9572508335113525,0.10789846628904343,0.11052072048187256,0.23883125185966492,0.9051417112350464,0.27784454822540283,-6.726314544677734,6.67398738861084,0.008216999471187592,0.056193675845861435,452720,4.351386750386155,7.409929499772261,16.264745249827683,1.0,0.0,126850,0.3545613704064408,0.6454386295935592,6123,0.11193843930959702,0.0009784710127860308,14.683883000543574,0.05067563056945801,0.949324369430542,0.2090388536453247,0.3200327455997467,0.045525941997766495,0.5113794803619385,0.4886205196380615,0.5479713082313538,0.5773445963859558,0.30875781178474426,0.5113794803619385,0.4886205196380615,0.5113794803619385,0.4886205196380615,0.6087646073103693,0.3912353926896307,0.9442437291145325,1.0,0.0,0.0,0.8970644516848372,0.10293554831516283,0.5425030812783964,0.15528523991450538,0.15528523991450538,0.01987542025744915,0.009626259095966816,0.8447147600854946,0.15528523991450538,0.03444955125451088,0.001221505575813353,394397
b1_cityscapes_val,2026-07-07 05:27:23,cityscapes,val,all,student_skd,/scratch/gautschi/manors/hf_cache/hub/models--nvidia--mit-b1/snapshots/13ddceec4e8bdf401e7cd7acf5aebc526222518c,runs/mit-b1_skd_j9200315/student_skd.ckpt,skd,img_000018,/home/manors/Guardrail-Distillation/data/cityscapes/leftImg8bit/val/frankfurt/frankfurt_000000_009561_leftImg8bit.png,,0.5618764281858795,0.43812357181412054,0.9235159754753113,0.9536338448524475,0.11891860514879227,0.11865997314453125,0.27397289872169495,0.9046386480331421,0.28490275144577026,-6.807914733886719,6.749585151672363,0.013128772377967834,0.06805893778800964,450918,4.351386750386155,7.409929499772261,16.264745249827683,1.0,0.0,126850,0.3449668464004664,0.6550331535995336,12383,0.12059153616428375,0.0014316675951704383,14.683883000543574,0.052760642021894455,0.9472393579781055,0.2231123298406601,0.33285513520240784,0.05381818115711212,0.5134512782096863,0.4865487217903137,0.5571399927139282,0.5855783224105835,0.30547672510147095,0.5134512782096863,0.4865487217903137,0.5134512782096863,0.4865487217903137,0.6537024953312537,0.3462975046687463,0.9436149597167969,1.0,0.0,0.0,0.49908136294605876,0.5009186370539412,0.15411451654559238,0.09182606714537422,0.09182606714537422,0.03464709594845772,0.014548098668456078,0.9081739328546258,0.09182606714537422,0.05486806482076645,0.004874500446021557,390332
b1_cityscapes_val,2026-07-07 05:27:23,cityscapes,val,all,student_skd,/scratch/gautschi/manors/hf_cache/hub/models--nvidia--mit-b1/snapshots/13ddceec4e8bdf401e7cd7acf5aebc526222518c,runs/mit-b1_skd_j9200315/student_skd.ckpt,skd,img_000019,/home/manors/Guardrail-Distillation/data/cityscapes/leftImg8bit/val/frankfurt/frankfurt_000000_009688_leftImg8bit.png,,0.6287026395664973,0.3712973604335027,0.9643577933311462,0.9710739254951477,0.09157857298851013,0.07695598155260086,0.20838171243667603,0.9308773875236511,0.21807098388671875,-7.040353775024414,7.004845142364502,0.006212383043020964,0.038409896194934845,449103,4.351386750386155,7.409929499772261,16.264745249827683,0.6579120726531373,0.34208792734686266,126850,0.35721486824603393,0.6427851317539661,2712,0.07835735380649567,0.0008756211027503014,14.683883000543574,0.037237513810396194,0.9627624861896038,0.1434299498796463,0.25686344504356384,0.0339164100587368,0.5084782838821411,0.4915217161178589,0.5352489352226257,0.5609891414642334,0.3083837330341339,0.5084782838821411,0.4915217161178589,0.5084782838821411,0.4915217161178589,0.658449379951982,0.34155062004801795,0.9714608788490295,0.995163768430263,0.004836231569737004,0.33725169577712566,0.7001073785467495,0.29989262145325046,0.34289251030071566,0.02974674038548475,0.02974674038548475,0.01557103730738163,0.008467989973723888,0.9702532596145153,0.02974674038548475,0.025651130825281143,0.0013827562797814608,410865
b1_cityscapes_val,2026-07-07 05:27:23,cityscapes,val,all,student_skd,/scratch/gautschi/manors/hf_cache/hub/models--nvidia--mit-b1/snapshots/13ddceec4e8bdf401e7cd7acf5aebc526222518c,runs/mit-b1_skd_j9200315/student_skd.ckpt,skd,img_000020,/home/manors/Guardrail-Distillation/data/cityscapes/leftImg8bit/val/frankfurt/frankfurt_000000_009969_leftImg8bit.png,,0.6498743814921021,0.3501256185078979,0.9560028314590454,0.9693748354911804,0.09205970913171768,0.08271367102861404,0.21273881196975708,0.9249195456504822,0.23728135228157043,-6.925544261932373,6.88826847076416,0.00568881630897522,0.03899841755628586,457916,4.347799250354001,7.4031065005328855,16.26577674960572,0.686484796281353,0.31351520371864705,126850,0.5208833982805978,0.4791166017194022,53207,0.08426608145236969,0.000820996006950736,14.694026000142912,0.03851063549518585,0.9614893645048141,0.1417424976825714,0.25376296043395996,0.03265223652124405,0.5081623792648315,0.49183762073516846,0.5324185490608215,0.5588721036911011,0.29316529631614685,0.5081623792648315,0.49183762073516846,0.5081623792648315,0.49183762073516846,0.7133491060231919,0.2866508939768081,0.9606717824935913,0.9371805731398659,0.06281942686013409,0.25069577685851296,0.5931256110685401,0.4068743889314599,0.0722422127879423,0.06347472453108982,0.06347472453108982,0.01690703071653843,0.012238051742315292,0.9365252754689102,0.06347472453108982,0.03500641882419586,0.0027166553772985935,415933
b1_cityscapes_val,2026-07-07 05:27:23,cityscapes,val,all,student_skd,/scratch/gautschi/manors/hf_cache/hub/models--nvidia--mit-b1/snapshots/13ddceec4e8bdf401e7cd7acf5aebc526222518c,runs/mit-b1_skd_j9200315/student_skd.ckpt,skd,img_000021,/home/manors/Guardrail-Distillation/data/cityscapes/leftImg8bit/val/frankfurt/frankfurt_000000_010351_leftImg8bit.png,,0.6781100748754151,0.3218899251245849,0.9580301642417908,0.9688181281089783,0.09648306667804718,0.0820477083325386,0.22236394882202148,0.928004801273346,0.231244757771492,-6.236586570739746,6.198051929473877,0.007989111356437206,0.04296145960688591,462880,4.347799250354001,7.4031065005328855,16.26577674960572,0.732935791536908,0.267064208463092,126724,0.9844693582002437,0.015530641799756273,100002,0.08328760415315628,0.0007723371381871402,14.694026000142912,0.044838130474090576,0.9551618695259094,0.16184958815574646,0.32446417212486267,0.04075116291642189,0.5101863741874695,0.4898136258125305,0.5338030457496643,0.5764259696006775,0.32427307963371277,0.5101863741874695,0.4898136258125305,0.5101863741874695,0.4898136258125305,0.5988080497430982,0.4011919502569018,0.9685922861099243,0.8990272817871029,0.1009727182128971,0.16609149025019487,0.9749446324714366,0.02505536752856341,0.0,0.0,0.0,0.02172917313873768,0.011167041026055813,1.0,0.0,0.03543034940958023,0.00360784656368196,419822
b1_cityscapes_val,2026-07-07 05:27:23,cityscapes,val,all,student_skd,/scratch/gautschi/manors/hf_cache/hub/models--nvidia--mit-b1/snapshots/13ddceec4e8bdf401e7cd7acf5aebc526222518c,runs/mit-b1_skd_j9200315/student_skd.ckpt,skd,img_000022,/home/manors/Guardrail-Distillation/data/cityscapes/leftImg8bit/val/frankfurt/frankfurt_000000_010763_leftImg8bit.png,,0.46173624601753205,0.538263753982468,0.9408425688743591,0.9589706063270569,0.10486046969890594,0.10799244046211243,0.23574025928974152,0.9057005643844604,0.28523993492126465,-6.528133869171143,6.478181838989258,0.007190863601863384,0.052705317735672,457525,4.347799250354001,7.4031065005328855,16.26577674960572,0.8806222619742051,0.11937773802579488,126850,0.32987476354910283,0.6701252364508972,5049,0.10960212349891663,0.0010288042249158025,14.694026000142912,0.05513441935181618,0.9448655806481838,0.22405336797237396,0.335369348526001,0.05127016454935074,0.5128147602081299,0.4871852397918701,0.5456027388572693,0.5752942562103271,0.28327476978302,0.5128147602081299,0.4871852397918701,0.5128147602081299,0.4871852397918701,0.4960897720417093,0.5039102279582908,0.9522473812103271,0.963212955133816,0.036787044866184004,0.08259069315961087,0.486046497480829,0.513953502519171,0.15617173393172612,0.03435352602417718,0.03435352602417718,0.01977815479040146,0.008373312652111053,0.9656464739758228,0.03435352602417718,0.03746024891734123,0.002010819036513567,400797
b1_cityscapes_val,2026-07-07 05:27:23,cityscapes,val,all,student_skd,/scratch/gautschi/manors/hf_cache/hub/models--nvidia--mit-b1/snapshots/13ddceec4e8bdf401e7cd7acf5aebc526222518c,runs/mit-b1_skd_j9200315/student_skd.ckpt,skd,img_000023,/home/manors/Guardrail-Distillation/data/cityscapes/leftImg8bit/val/frankfurt/frankfurt_000000_011007_leftImg8bit.png,,0.6142141830149919,0.38578581698500813,0.9239242672920227,0.9506807923316956,0.11684583872556686,0.12645138800144196,0.25849583745002747,0.8945620059967041,0.3048168122768402,-6.5614190101623535,6.500555515289307,0.010639438405632973,0.0671847015619278,456979,4.347799250354001,7.4031065005328855,16.26577674960572,0.9257979827151228,0.07420201728487719,126850,0.44184729519870114,0.5581527048012989,12858,0.12838703393936157,0.0012019190471619368,14.694026000142912,0.05809345096349716,0.9419065490365028,0.23487457633018494,0.33847588300704956,0.062106139957904816,0.5155215263366699,0.4844784736633301,0.5584871768951416,0.5847463011741638,0.27524638175964355,0.5155215263366699,0.4844784736633301,0.5155215263366699,0.4844784736633301,0.6843069639910873,0.31569303600891274,0.9449427127838135,0.9550338440446874,0.044966155955312614,0.029235861329564572,0.6470587451072044,0.3529412548927956,0.20521144990850326,0.07009278097609539,0.07009278097609539,0.03518104553222656,0.014162575826048851,0.9299072190239046,0.07009278097609539,0.054085634648799896,0.006700526457279921,390118
b1_cityscapes_val,2026-07-07 05:27:23,cityscapes,val,all,student_skd,/scratch/gautschi/manors/hf_cache/hub/models--nvidia--mit-b1/snapshots/13ddceec4e8bdf401e7cd7acf5aebc526222518c,runs/mit-b1_skd_j9200315/student_skd.ckpt,skd,img_000024,/home/manors/Guardrail-Distillation/data/cityscapes/leftImg8bit/val/frankfurt/frankfurt_000000_011074_leftImg8bit.png,,0.5253953457061089,0.4746046542938911,0.9034354090690613,0.9485839009284973,0.11504270136356354,0.13466542959213257,0.25448665022850037,0.8832991719245911,0.346441388130188,-6.46770715713501,6.40510368347168,0.009902095422148705,0.06508061289787292,456772,4.388962999655632,7.41591000041808,16.243987000052584,0.6473473181928505,0.3526526818071495,126850,0.23434995112414467,0.7656500488758553,26698,0.13662505149841309,0.0011189790675416589,14.708271750350832,0.07095830887556076,0.9290416911244392,0.27282845973968506,0.3699217736721039,0.08075772225856781,0.5201784372329712,0.4798215627670288,0.5732325911521912,0.6057367324829102,0.2972029447555542,0.5201784372329712,0.4798215627670288,0.5201784372329712,0.4798215627670288,0.5553832973591988,0.4446167026408012,0.9246692061424255,0.9884489191138492,0.011551080886150755,0.3411016009209987,0.30466383222165877,0.6953361677783412,0.07031388109751413,0.029987951653089873,0.029987951653089873,0.04383149743080139,0.02259770780801773,0.9700120483469101,0.029987951653089873,0.07652395218610764,0.008106889203190804,385100
b1_cityscapes_val,2026-07-07 05:27:23,cityscapes,val,all,student_skd,/scratch/gautschi/manors/hf_cache/hub/models--nvidia--mit-b1/snapshots/13ddceec4e8bdf401e7cd7acf5aebc526222518c,runs/mit-b1_skd_j9200315/student_skd.ckpt,skd,img_000025,/home/manors/Guardrail-Distillation/data/cityscapes/leftImg8bit/val/frankfurt/frankfurt_000000_011461_leftImg8bit.png,,0.5842146277733984,0.4157853722266016,0.9222140908241272,0.9514303207397461,0.1179141104221344,0.1283608376979828,0.2726300060749054,0.8947773575782776,0.3172362744808197,-6.524217128753662,6.46382999420166,0.013834803365170956,0.06549903750419617,433472,4.388962999655632,7.41591000041808,16.243987000052584,1.0,0.0,126850,0.4306359220517096,0.5693640779482905,22807,0.13031233847141266,0.0012312211329117417,14.708271750350832,0.054268378764390945,0.945731621235609,0.2195933312177658,0.33887046575546265,0.04851162061095238,0.512125551700592,0.48787444829940796,0.5467063188552856,0.5767289400100708,0.3128201961517334,0.512125551700592,0.48787444829940796,0.512125551700592,0.48787444829940796,0.6604996915763454,0.33950030842365464,0.9455996751785278,1.0,0.0,0.0,0.6569461257910634,0.3430538742089366,0.22631020373935384,0.07628506380294697,0.07628506380294697,0.03426518663764,0.010879594832658768,0.923714936197053,0.07628506380294697,0.05057535320520401,0.00956463161855936,371047
b1_cityscapes_val,2026-07-07 05:27:23,cityscapes,val,all,student_skd,/scratch/gautschi/manors/hf_cache/hub/models--nvidia--mit-b1/snapshots/13ddceec4e8bdf401e7cd7acf5aebc526222518c,runs/mit-b1_skd_j9200315/student_skd.ckpt,skd,img_000026,/home/manors/Guardrail-Distillation/data/cityscapes/leftImg8bit/val/frankfurt/frankfurt_000000_011810_leftImg8bit.png,,0.5081352616725463,0.4918647383274537,0.909217894077301,0.945306658744812,0.12633925676345825,0.14516812562942505,0.2981303036212921,0.8819774985313416,0.35856232047080994,-6.445622444152832,6.376984119415283,0.01685037650167942,0.0770234763622284,461236,4.388962999655632,7.41591000041808,16.243987000052584,0.581755603519343,0.41824439648065703,126850,0.3879988221965875,0.6120011778034125,52409,0.14752653241157532,0.001678704284131527,14.708271750350832,0.06583203375339508,0.9341679662466049,0.2722083330154419,0.3930179476737976,0.061473648995161057,0.5153635740280151,0.48463642597198486,0.5602127909660339,0.6060689091682434,0.3089136779308319,0.5153635740280151,0.48463642597198486,0.5153635740280151,0.48463642597198486,0.525809564076686,0.474190435923314,0.92719566822052,0.7913663939481893,0.2086336060518107,0.20961079042884634,0.4764039080628275,0.5235960919371725,0.08840508586623996,0.017674302404139697,0.017674302404139697,0.03628511354327202,0.018307331949472427,0.9823256975958603,0.017674302404139697,0.06465020030736923,0.00431449431926012,387827
b1_cityscapes_val,2026-07-07 05:27:23,cityscapes,val,all,student_skd,/scratch/gautschi/manors/hf_cache/hub/models--nvidia--mit-b1/snapshots/13ddceec4e8bdf401e7cd7acf5aebc526222518c,runs/mit-b1_skd_j9200315/student_skd.ckpt,skd,img_000027,/home/manors/Guardrail-Distillation/data/cityscapes/leftImg8bit/val/frankfurt/frankfurt_000000_012009_leftImg8bit.png,,0.5355991919330475,0.4644008080669525,0.9192469120025635,0.9552287459373474,0.11217769235372543,0.11362732946872711,0.24510467052459717,0.9039257168769836,0.28280654549598694,-6.630144119262695,6.575013160705566,0.009998892433941364,0.061340127140283585,451450,4.388962999655632,7.41591000041808,16.243987000052584,0.5189681408512256,0.48103185914877444,126850,0.4278916975470392,0.5721083024529607,16519,0.11513418704271317,0.0009518127772025764,14.708271750350832,0.05111227557063103,0.948887724429369,0.2112140655517578,0.3240683972835541,0.04938270151615143,0.512343168258667,0.487656831741333,0.5491247773170471,0.5807980298995972,0.27035608887672424,0.512343168258667,0.487656831741333,0.512343168258667,0.487656831741333,0.669390378277554,0.330609621722446,0.9388747811317444,0.5506379107026999,0.44936208929730015,0.031669769851474294,0.7278676378374064,0.2721323621625936,0.2999759402903671,0.13379118634450649,0.13379118634450649,0.03457304462790489,0.014945177361369133,0.8662088136554935,0.13379118634450649,0.05588437616825104,0.007183520123362541,390925
b1_cityscapes_val,2026-07-07 05:27:23,cityscapes,val,all,student_skd,/scratch/gautschi/manors/hf_cache/hub/models--nvidia--mit-b1/snapshots/13ddceec4e8bdf401e7cd7acf5aebc526222518c,runs/mit-b1_skd_j9200315/student_skd.ckpt,skd,img_000028,/home/manors/Guardrail-Distillation/data/cityscapes/leftImg8bit/val/frankfurt/frankfurt_000000_012121_leftImg8bit.png,,0.4437685854970657,0.5562314145029343,0.9150955080986023,0.9521670937538147,0.11342372000217438,0.1209658607840538,0.24486202001571655,0.8968909382820129,0.30442726612091064,-6.104445934295654,6.045974254608154,0.008854863233864307,0.06414081901311874,430272,4.367979499875219,7.410771249851678,16.267633000097703,0.3599658052212797,0.6400341947787203,110826,0.6114681114243438,0.38853188857565624,63144,0.12277904152870178,0.0011596534168347716,14.691156749904621,0.06576617807149887,0.9342338219285011,0.27619504928588867,0.37366411089897156,0.07276558876037598,0.5181833505630493,0.4818166494369507,0.5718230605125427,0.6084343791007996,0.3112986981868744,0.5181833505630493,0.4818166494369507,0.5181833505630493,0.4818166494369507,0.5154164668965645,0.4845835331034355,0.9535014629364014,0.49990307970158004,0.50009692029842,0.13993727448030024,0.7213461043660457,0.27865389563395426,0.10987799294170197,0.07164788139949885,0.07164788139949885,0.05690586194396019,0.01849992573261261,0.9283521186005012,0.07164788139949885,0.07959848642349243,0.01524384506046772,368227
b1_cityscapes_val,2026-07-07 05:27:23,cityscapes,val,all,student_skd,/scratch/gautschi/manors/hf_cache/hub/models--nvidia--mit-b1/snapshots/13ddceec4e8bdf401e7cd7acf5aebc526222518c,runs/mit-b1_skd_j9200315/student_skd.ckpt,skd,img_000029,/home/manors/Guardrail-Distillation/data/cityscapes/leftImg8bit/val/frankfurt/frankfurt_000000_012868_leftImg8bit.png,,0.624747568875842,0.37525243112415796,0.9346891641616821,0.9557508230209351,0.11100021749734879,0.11546029895544052,0.25031769275665283,0.9003146290779114,0.30682873725891113,-6.3947553634643555,6.340295791625977,0.009250199422240257,0.05992791801691055,448639,4.367979499875219,7.410771249851678,16.267633000097703,0.8406247367157471,0.1593752632842529,126850,0.7494408495833083,0.25055915041669174,104473,0.11767108738422394,0.0012689940631389618,14.691156749904621,0.05923493206501007,0.9407650679349899,0.24175748229026794,0.33405202627182007,0.05560055002570152,0.5138965845108032,0.4861034154891968,0.5559051632881165,0.581956684589386,0.3104263246059418,0.5138965845108032,0.4861034154891968,0.5138965845108032,0.4861034154891968,0.686586175181502,0.313413824818498,0.9553762078285217,0.7876824361926197,0.21231756380738032,0.0,0.8207891118931755,0.1792108881068245,0.07134826230986724,0.06183860630565996,0.06183860630565996,0.030730722472071648,0.010043710470199585,0.93816139369434,0.06183860630565996,0.045087479054927826,0.003359048394486308,389552
b1_cityscapes_val,2026-07-07 05:27:23,cityscapes,val,all,student_skd,/scratch/gautschi/manors/hf_cache/hub/models--nvidia--mit-b1/snapshots/13ddceec4e8bdf401e7cd7acf5aebc526222518c,runs/mit-b1_skd_j9200315/student_skd.ckpt,skd,img_000030,/home/manors/Guardrail-Distillation/data/cityscapes/leftImg8bit/val/frankfurt/frankfurt_000000_013067_leftImg8bit.png,,0.5316303355109075,0.46836966448909245,0.9310044646263123,0.9502872228622437,0.11644700169563293,0.1315106451511383,0.26444777846336365,0.8877950310707092,0.3397155702114105,-6.415248870849609,6.354115009307861,0.011350290849804878,0.06698157638311386,424042,4.367979499875219,7.410771249851678,16.267633000097703,0.7303514581382835,0.2696485418617165,123252,0.4882809173939968,0.5117190826060032,44238,0.13376352190971375,0.0013057024916633964,14.691156749904621,0.060985445976257324,0.9390145540237427,0.24937406182289124,0.3642624318599701,0.06528037041425705,0.5163143277168274,0.4836856722831726,0.559797465801239,0.594167172908783,0.30909210443496704,0.5163143277168274,0.4836856722831726,0.5163143277168274,0.4836856722831726,0.6490793879534912,0.3509206120465088,0.9476891756057739,0.946964063162637,0.05303593683736296,0.21661260502435353,0.7017000519841371,0.2982999480158629,0.21341913459014028,0.11744905244258363,0.11744905244258363,0.03375609219074249,0.017071422189474106,0.8825509475574164,0.11744905244258363,0.05594728887081146,0.006591328419744968,361418
b1_cityscapes_val,2026-07-07 05:27:23,cityscapes,val,all,student_skd,/scratch/gautschi/manors/hf_cache/hub/models--nvidia--mit-b1/snapshots/13ddceec4e8bdf401e7cd7acf5aebc526222518c,runs/mit-b1_skd_j9200315/student_skd.ckpt,skd,img_000031,/home/manors/Guardrail-Distillation/data/cityscapes/leftImg8bit/val/frankfurt/frankfurt_000000_013240_leftImg8bit.png,,0.6598531916475703,0.3401468083524297,0.9274727702140808,0.969607949256897,0.09055391699075699,0.08122619986534119,0.2045268416404724,0.9258113503456116,0.23349760472774506,-6.142752170562744,6.105954170227051,0.005606133956462145,0.03684961050748825,445405,4.367979499875219,7.410771249851678,16.267633000097703,1.0,0.0,116920,0.9634478065650453,0.03655219343495475,20896,0.0827353224158287,0.000820841290988028,14.691156749904621,0.04844043776392937,0.9515595622360706,0.19691690802574158,0.32288530468940735,0.05212196707725525,0.513027548789978,0.486972451210022,0.5534243583679199,0.5876416563987732,0.29070794582366943,0.513027548789978,0.486972451210022,0.513027548789978,0.486972451210022,0.7178115288598991,0.2821884711401009,0.9431797862052917,0.49929011289770786,0.5007098871022921,0.0,0.9544172666684848,0.04558273333151519,0.0,0.05795833721232879,0.05795833721232879,0.030850574374198914,0.015143521130084991,0.9420416627876712,0.05795833721232879,0.04996800795197487,0.008093757554888725,403429
b1_cityscapes_val,2026-07-07 05:27:23,cityscapes,val,all,student_skd,/scratch/gautschi/manors/hf_cache/hub/models--nvidia--mit-b1/snapshots/13ddceec4e8bdf401e7cd7acf5aebc526222518c,runs/mit-b1_skd_j9200315/student_skd.ckpt,skd,img_000032,/home/manors/Guardrail-Distillation/data/cityscapes/leftImg8bit/val/frankfurt/frankfurt_000000_013382_leftImg8bit.png,,0.557620603606582,0.44237939639341795,0.9655042290687561,0.9790101051330566,0.07826471328735352,0.05546822398900986,0.1775871217250824,0.9489442110061646,0.16422683000564575,-6.830993175506592,6.805351734161377,0.004346185363829136,0.027346907183527946,463855,4.36139350040321,7.4069014999622595,16.275843250696198,0.953457798448901,0.046542201551099005,126850,0.6378265742858774,0.3621734257141226,89894,0.05644809082150459,0.0007044225931167603,14.691250749820028,0.025649983435869217,0.9743500165641308,0.06547204405069351,0.19755633175373077,0.021237485110759735,0.5053091645240784,0.49469083547592163,0.5179541110992432,0.5429465174674988,0.25761714577674866,0.5053091645240784,0.49469083547592163,0.5053091645240784,0.49469083547592163,0.6308476601883969,0.3691523398116031,0.9752486944198608,0.9608373535846387,0.03916264641536127,0.0073795551357377365,0.6467863835617286,0.3532136164382714,0.00895980927585116,0.07322705658181483,0.07322705658181483,0.01571396179497242,0.0059695374220609665,0.9267729434181852,0.07322705658181483,0.025201840326189995,0.0034989381674677134,434723
b1_cityscapes_val,2026-07-07 05:27:23,cityscapes,val,all,student_skd,/scratch/gautschi/manors/hf_cache/hub/models--nvidia--mit-b1/snapshots/13ddceec4e8bdf401e7cd7acf5aebc526222518c,runs/mit-b1_skd_j9200315/student_skd.ckpt,skd,img_000033,/home/manors/Guardrail-Distillation/data/cityscapes/leftImg8bit/val/frankfurt/frankfurt_000000_013942_leftImg8bit.png,,0.6018735074244324,0.39812649257556765,0.9283784031867981,0.9489971995353699,0.11897645890712738,0.13220727443695068,0.2679304778575897,0.8886162638664246,0.33244600892066956,-6.342810153961182,6.2797465324401855,0.012088976800441742,0.06906583160161972,458186,4.36139350040321,7.4069014999622595,16.275843250696198,0.8655685003494268,0.13443149965057322,126850,0.48851354717508844,0.5114864528249116,18477,0.13434477150440216,0.0013586095301434398,14.691250749820028,0.06090567260980606,0.9390943273901939,0.24310851097106934,0.3486301004886627,0.06326702237129211,0.5158115029335022,0.4841884970664978,0.5583688616752625,0.5860692262649536,0.2944451868534088,0.5158115029335022,0.4841884970664978,0.5158115029335022,0.4841884970664978,0.6089879920633305,0.39101200793666946,0.942209005355835,0.9543127020054109,0.04568729799458915,0.08874420165598407,0.44879755353367184,0.5512024464663281,0.0,0.007114484638898189,0.007114484638898189,0.02914973348379135,0.015319105237722397,0.9928855153611018,0.007114484638898189,0.04879895597696304,0.002963861683383584,388208
b1_cityscapes_val,2026-07-07 05:27:24,cityscapes,val,all,student_skd,/scratch/gautschi/manors/hf_cache/hub/models--nvidia--mit-b1/snapshots/13ddceec4e8bdf401e7cd7acf5aebc526222518c,runs/mit-b1_skd_j9200315/student_skd.ckpt,skd,img_000034,/home/manors/Guardrail-Distillation/data/cityscapes/leftImg8bit/val/frankfurt/frankfurt_000000_014480_leftImg8bit.png,,0.5743450195064771,0.4256549804935229,0.9024601578712463,0.9554898738861084,0.10675940662622452,0.11667077988386154,0.23527006804943085,0.8956624269485474,0.31804078817367554,-6.4639387130737305,6.410062789916992,0.007114550098776817,0.05500403046607971,448658,4.36139350040321,7.4069014999622595,16.275843250696198,0.5380939026987596,0.46190609730124044,119038,0.9447620389166511,0.055237961083348885,69798,0.1183900535106659,0.0010189790045842528,14.691250749820028,0.05228067561984062,0.9477193243801594,0.19023263454437256,0.3002232611179352,0.04334286227822304,0.5108340382575989,0.4891659617424011,0.5407142639160156,0.5712383985519409,0.3334318995475769,0.5108340382575989,0.4891659617424011,0.5108340382575989,0.4891659617424011,0.649386412126079,0.35061358787392105,0.9584761261940002,0.9111888620222381,0.08881113797776186,0.3730949593234786,0.9631196129384312,0.03688038706156882,0.018357574021780065,0.07504139261960185,0.07504139261960185,0.06703323870897293,0.011017300188541412,0.9249586073803981,0.07504139261960185,0.08088120073080063,0.028112726286053658,387619
b1_cityscapes_val,2026-07-07 05:27:24,cityscapes,val,all,student_skd,/scratch/gautschi/manors/hf_cache/hub/models--nvidia--mit-b1/snapshots/13ddceec4e8bdf401e7cd7acf5aebc526222518c,runs/mit-b1_skd_j9200315/student_skd.ckpt,skd,img_000035,/home/manors/Guardrail-Distillation/data/cityscapes/leftImg8bit/val/frankfurt/frankfurt_000000_015389_leftImg8bit.png,,0.442998219855367,0.557001780144633,0.934903085231781,0.9537057876586914,0.11651234328746796,0.11859492212533951,0.26547691226005554,0.9042367935180664,0.27957993745803833,-6.830499172210693,6.772763729095459,0.012603962793946266,0.06449161469936371,459300,4.36139350040321,7.4069014999622595,16.275843250696198,0.9666908866875408,0.033309113312459226,126850,0.31298624312063755,0.6870137568793624,9242,0.12001015245914459,0.0009298861841671169,14.691250749820028,0.052949242293834686,0.9470507577061653,0.22674322128295898,0.33757439255714417,0.04514138400554657,0.5112834572792053,0.4887165427207947,0.5496122241020203,0.5762885808944702,0.28874218463897705,0.5112834572792053,0.4887165427207947,0.5112834572792053,0.4887165427207947,0.4869827391947062,0.5130172608052939,0.9528630375862122,0.9832977030979455,0.016702296902054492,0.016606816410404734,0.29640449632830773,0.7035955036716923,0.0,0.04398451933933911,0.04398451933933911,0.02867189235985279,0.010711953043937683,0.9560154806606609,0.04398451933933911,0.04558023065328598,0.004269540309906006,396205
b1_cityscapes_val,2026-07-07 05:27:24,cityscapes,val,all,student_skd,/scratch/gautschi/manors/hf_cache/hub/models--nvidia--mit-b1/snapshots/13ddceec4e8bdf401e7cd7acf5aebc526222518c,runs/mit-b1_skd_j9200315/student_skd.ckpt,skd,img_000036,/home/manors/Guardrail-Distillation/data/cityscapes/leftImg8bit/val/frankfurt/frankfurt_000000_015676_leftImg8bit.png,,0.5059560102783422,0.49404398972165775,0.9231782555580139,0.9517446756362915,0.11510389298200607,0.12822969257831573,0.2638107240200043,0.8931668996810913,0.316153883934021,-6.781644821166992,6.722227096557617,0.012074834667146206,0.06341433525085449,442739,4.34781075000501,7.396306499686034,16.26691875026154,0.47705194943990986,0.5229480505600901,126850,0.38968961974935623,0.6103103802506438,49828,0.13021312654018402,0.001309789251536131,14.672128750135016,0.055081918835639954,0.94491808116436,0.21817201375961304,0.32948431372642517,0.05040948465466499,0.5125997066497803,0.4874002933502197,0.5489937663078308,0.5759856700897217,0.3012142777442932,0.5125997066497803,0.4874002933502197,0.5125997066497803,0.4874002933502197,0.6443185274278349,0.3556814725721651,0.9470862150192261,0.799138496557938,0.200861503442062,0.3220865471180281,0.4321578670585393,0.5678421329414607,0.04246824730918308,0.13836251714949266,0.13836251714949266,0.03296976536512375,0.009061772376298904,0.8616374828505073,0.13836251714949266,0.047131605446338654,0.003993323538452387,378838
b1_cityscapes_val,2026-07-07 05:27:24,cityscapes,val,all,student_skd,/scratch/gautschi/manors/hf_cache/hub/models--nvidia--mit-b1/snapshots/13ddceec4e8bdf401e7cd7acf5aebc526222518c,runs/mit-b1_skd_j9200315/student_skd.ckpt,skd,img_000037,/home/manors/Guardrail-Distillation/data/cityscapes/leftImg8bit/val/frankfurt/frankfurt_000000_016005_leftImg8bit.png,,0.5544658077057337,0.4455341922942663,0.8969866037368774,0.9232590198516846,0.14749959111213684,0.1962754875421524,0.33819684386253357,0.8533747792243958,0.4122133255004883,-6.209489345550537,6.112430095672607,0.02716362662613392,0.11332173645496368,454873,4.34781075000501,7.396306499686034,16.26691875026154,0.9407512253674262,0.05924877463257383,126850,0.5782453013599144,0.42175469864008563,21410,0.19865036010742188,0.0016856668516993523,14.672128750135016,0.09277687221765518,0.9072231277823448,0.37395304441452026,0.44628459215164185,0.10110004991292953,0.5252534747123718,0.4747465252876282,0.5943402647972107,0.6239840984344482,0.32788267731666565,0.5252534747123718,0.4747465252876282,0.5252534747123718,0.4747465252876282,0.5006990200241945,0.49930097997580547,0.9253022074699402,0.9716935897556503,0.028306410244349656,0.030942364388224175,0.4015687950629844,0.5984312049370156,0.0,0.0,0.0,0.05798101797699928,0.029665423557162285,1.0,0.0,0.09717437624931335,0.00778898736461997,353999
b1_cityscapes_val,2026-07-07 05:27:24,cityscapes,val,all,student_skd,/scratch/gautschi/manors/hf_cache/hub/models--nvidia--mit-b1/snapshots/13ddceec4e8bdf401e7cd7acf5aebc526222518c,runs/mit-b1_skd_j9200315/student_skd.ckpt,skd,img_000038,/home/manors/Guardrail-Distillation/data/cityscapes/leftImg8bit/val/frankfurt/frankfurt_000000_016286_leftImg8bit.png,,0.5040001361933834,0.49599986380661665,0.9219017624855042,0.95295649766922,0.1160544827580452,0.12424199283123016,0.26883986592292786,0.8969278931617737,0.31526511907577515,-6.758999824523926,6.7006635665893555,0.012553677894175053,0.0643387883901596,419638,4.34781075000501,7.396306499686034,16.26691875026154,0.63870317418645,0.36129682581355005,94976,0.42312133645683875,0.5768786635431613,46750,0.12680035829544067,0.001525767263956368,14.672128750135016,0.056593310087919235,0.9434066899120808,0.24300971627235413,0.3385407328605652,0.05240385979413986,0.5130980014801025,0.48690199851989746,0.5554834008216858,0.5889682769775391,0.30691441893577576,0.5130980014801025,0.48690199851989746,0.5130980014801025,0.48690199851989746,0.5919651007289692,0.40803489927103076,0.9411540627479553,0.7624131444488779,0.23758685555112213,0.12370997026242792,0.5996256301329299,0.4003743698670701,0.17650429367609122,0.08796496453558589,0.08796496453558589,0.03112206421792507,0.011869754642248154,0.9120350354644141,0.08796496453558589,0.05094391107559204,0.005352232605218887,360393
b1_cityscapes_val,2026-07-07 05:27:24,cityscapes,val,all,student_skd,/scratch/gautschi/manors/hf_cache/hub/models--nvidia--mit-b1/snapshots/13ddceec4e8bdf401e7cd7acf5aebc526222518c,runs/mit-b1_skd_j9200315/student_skd.ckpt,skd,img_000039,/home/manors/Guardrail-Distillation/data/cityscapes/leftImg8bit/val/frankfurt/frankfurt_000000_017228_leftImg8bit.png,,0.5497694337924951,0.4502305662075049,0.9617028832435608,0.9721506834030151,0.0911763608455658,0.07617157697677612,0.21818524599075317,0.9326765537261963,0.2193625569343567,-6.791059494018555,6.756667613983154,0.007293906528502703,0.037073999643325806,421859,4.34781075000501,7.396306499686034,16.26691875026154,1.0,0.0,105785,0.6276273728068567,0.37237262719314335,7175,0.0776999294757843,0.0008321632049046457,14.672128750135016,0.032831840217113495,0.9671681597828865,0.11313603818416595,0.24049639701843262,0.01949448138475418,0.5048734545707703,0.49512654542922974,0.519503116607666,0.5464714765548706,0.2874593734741211,0.5048734545707703,0.49512654542922974,0.5048734545707703,0.49512654542922974,0.6090003574270959,0.3909996425729041,0.9666382074356079,0.49704116840761925,0.5029588315923808,0.0,0.7330762143440106,0.2669237856559894,0.10544884153715395,0.05923092363460081,0.05923092363460081,0.01371548417955637,0.008780185133218765,0.9407690763653992,0.05923092363460081,0.027682235464453697,0.0003555690636858344,386941
b1_cityscapes_val,2026-07-07 05:27:24,cityscapes,val,all,student_skd,/scratch/gautschi/manors/hf_cache/hub/models--nvidia--mit-b1/snapshots/13ddceec4e8bdf401e7cd7acf5aebc526222518c,runs/mit-b1_skd_j9200315/student_skd.ckpt,skd,img_000040,/home/manors/Guardrail-Distillation/data/cityscapes/leftImg8bit/val/frankfurt/frankfurt_000000_017476_leftImg8bit.png,,0.4485604323051813,0.5514395676948187,0.9356011152267456,0.9603451490402222,0.11582862585783005,0.10421662777662277,0.27546417713165283,0.9175121784210205,0.2556884288787842,-6.603749752044678,6.5526957511901855,0.01751832291483879,0.05881297588348389,440396,4.398944000058691,7.412193500385911,16.262968500086572,1.0,0.0,126850,0.37670282450872433,0.6232971754912757,33085,0.1058044359087944,0.0012006566394120455,14.67497550038388,0.04902264475822449,0.9509773552417755,0.19756543636322021,0.3885032832622528,0.04376589506864548,0.5109397172927856,0.48906028270721436,0.5392091870307922,0.591555118560791,0.2902851700782776,0.5109397172927856,0.48906028270721436,0.5109397172927856,0.48906028270721436,0.5225674717498388,0.47743252825016125,0.9458827376365662,1.0,0.0,0.0,0.5283641318198122,0.47163586818018777,0.15166130731108796,0.07400703944465747,0.07400703944465747,0.020608725026249886,0.010327069088816643,0.9259929605553425,0.07400703944465747,0.04200310632586479,0.0024932106025516987,392739
b1_cityscapes_val,2026-07-07 05:27:24,cityscapes,val,all,student_skd,/scratch/gautschi/manors/hf_cache/hub/models--nvidia--mit-b1/snapshots/13ddceec4e8bdf401e7cd7acf5aebc526222518c,runs/mit-b1_skd_j9200315/student_skd.ckpt,skd,img_000041,/home/manors/Guardrail-Distillation/data/cityscapes/leftImg8bit/val/frankfurt/frankfurt_000000_018797_leftImg8bit.png,,0.5290441436202978,0.47095585637970216,0.9491101503372192,0.9695227742195129,0.0933222770690918,0.0779387354850769,0.20400838553905487,0.9302438497543335,0.2161363810300827,-6.514166355133057,6.47688102722168,0.006050524301826954,0.04052095487713814,467067,4.398944000058691,7.412193500385911,16.262968500086572,1.0,0.0,126850,0.5169121149368938,0.4830878850631062,38573,0.07911510765552521,0.0006913284305483103,14.67497550038388,0.03469826281070709,0.9653017371892929,0.13079458475112915,0.26299744844436646,0.02638085000216961,0.5065948367118835,0.49340516328811646,0.5268084406852722,0.5586703419685364,0.2796187996864319,0.5065948367118835,0.49340516328811646,0.5065948367118835,0.49340516328811646,0.6972477040547744,0.30275229594522557,0.9657565951347351,1.0,0.0,0.0,0.8613550825209022,0.1386449174790978,0.3444429675840084,0.1682035604344766,0.1682035604344766,0.02500283718109131,0.008356403559446335,0.8317964395655234,0.1682035604344766,0.03515341505408287,0.002952467417344451,424399
b1_cityscapes_val,2026-07-07 05:27:24,cityscapes,val,all,student_skd,/scratch/gautschi/manors/hf_cache/hub/models--nvidia--mit-b1/snapshots/13ddceec4e8bdf401e7cd7acf5aebc526222518c,runs/mit-b1_skd_j9200315/student_skd.ckpt,skd,img_000042,/home/manors/Guardrail-Distillation/data/cityscapes/leftImg8bit/val/frankfurt/frankfurt_000000_019607_leftImg8bit.png,,0.5935403874562065,0.4064596125437935,0.9371175765991211,0.9619016051292419,0.10489446669816971,0.09959548711776733,0.23997700214385986,0.9166358113288879,0.25129836797714233,-6.671840667724609,6.624863147735596,0.008893167600035667,0.05175718665122986,456980,4.398944000058691,7.412193500385911,16.262968500086572,1.0,0.0,126850,0.5690924246925151,0.4309075753074849,24473,0.1011282280087471,0.0009595192386768758,14.67497550038388,0.04057891294360161,0.9594210870563984,0.16528446972370148,0.2836364209651947,0.03963346406817436,0.509907066822052,0.490092933177948,0.5402125120162964,0.5656520128250122,0.2691401243209839,0.509907066822052,0.490092933177948,0.509907066822052,0.490092933177948,0.610320701102028,0.38967929889797204,0.9543174505233765,1.0,0.0,0.0,0.6359486956501943,0.3640513043498057,0.06685627095767921,0.016780313645821443,0.016780313645821443,0.028397303074598312,0.011197426356375217,0.9832196863541786,0.016780313645821443,0.042697709053754807,0.0076677314937114716,404384
b1_cityscapes_val,2026-07-07 05:27:24,cityscapes,val,all,student_skd,/scratch/gautschi/manors/hf_cache/hub/models--nvidia--mit-b1/snapshots/13ddceec4e8bdf401e7cd7acf5aebc526222518c,runs/mit-b1_skd_j9200315/student_skd.ckpt,skd,img_000043,/home/manors/Guardrail-Distillation/data/cityscapes/leftImg8bit/val/frankfurt/frankfurt_000000_020215_leftImg8bit.png,,0.5869330985420297,0.4130669014579703,0.9565192461013794,0.9665918350219727,0.09836912900209427,0.08717061579227448,0.22407490015029907,0.9260255098342896,0.22443847358226776,-6.967199802398682,6.926103591918945,0.007725030183792114,0.044680021703243256,458639,4.398944000058691,7.412193500385911,16.262968500086572,0.9389865710749479,0.06101342892505213,126850,0.6678836699136317,0.3321163300863683,87557,0.08841672539710999,0.0008002155227586627,14.67497550038388,0.03736007213592529,0.9626399278640747,0.14963938295841217,0.2740185558795929,0.02752143330872059,0.5068799257278442,0.49312007427215576,0.528782844543457,0.5559694766998291,0.28364402055740356,0.5068799257278442,0.49312007427215576,0.5068799257278442,0.49312007427215576,0.6282936540152609,0.37170634598473906,0.9644906520843506,0.927043632535473,0.07295636746452705,0.0,0.7120336513575815,0.28796634864241855,0.04414998144394977,0.04136055547323125,0.04136055547323125,0.016588211059570312,0.008616799488663673,0.9586394445267687,0.04136055547323125,0.028351275250315666,0.001349645433947444,412740
b1_cityscapes_val,2026-07-07 05:27:24,cityscapes,val,all,student_skd,/scratch/gautschi/manors/hf_cache/hub/models--nvidia--mit-b1/snapshots/13ddceec4e8bdf401e7cd7acf5aebc526222518c,runs/mit-b1_skd_j9200315/student_skd.ckpt,skd,img_000044,/home/manors/Guardrail-Distillation/data/cityscapes/leftImg8bit/val/frankfurt/frankfurt_000000_020321_leftImg8bit.png,,0.597231341108434,0.402768658891566,0.9299668073654175,0.9547557234764099,0.11369384825229645,0.11780700832605362,0.25631701946258545,0.9006229639053345,0.30013787746429443,-6.626702308654785,6.570669174194336,0.011906811036169529,0.061266470700502396,458897,4.342865750004421,7.406593499581504,16.249580250587314,0.6497349106538058,0.35026508934619416,126850,0.7908146129414607,0.20918538705853928,23081,0.1196233481168747,0.001168634626083076,14.694690000396804,0.050234727561473846,0.9497652724385262,0.205346018075943,0.326992392539978,0.048589810729026794,0.5121450424194336,0.4878549575805664,0.5482460856437683,0.5747912526130676,0.2691250443458557,0.5121450424194336,0.4878549575805664,0.5121450424194336,0.4878549575805664,0.6509120954246718,0.34908790457532823,0.9553886651992798,0.9939196573597573,0.0060803426402427085,0.34418474670595145,0.8183494484153485,0.1816505515846515,0.027534835473887798,0.053680754316237755,0.053680754316237755,0.03695600479841232,0.011534178629517555,0.9463192456837622,0.053680754316237755,0.05186130851507187,0.0031074511352926493,396987
b1_cityscapes_val,2026-07-07 05:27:24,cityscapes,val,all,student_skd,/scratch/gautschi/manors/hf_cache/hub/models--nvidia--mit-b1/snapshots/13ddceec4e8bdf401e7cd7acf5aebc526222518c,runs/mit-b1_skd_j9200315/student_skd.ckpt,skd,img_000045,/home/manors/Guardrail-Distillation/data/cityscapes/leftImg8bit/val/frankfurt/frankfurt_000000_020880_leftImg8bit.png,,0.6371464604655942,0.3628535395344058,0.947475790977478,0.9645510911941528,0.09992565959692001,0.09156495332717896,0.22050029039382935,0.9190550446510315,0.24723881483078003,-6.503574848175049,6.460175514221191,0.0068463534116744995,0.04756814241409302,460245,4.342865750004421,7.406593499581504,16.249580250587314,0.43187288822458136,0.5681271117754186,126850,0.6568610694422077,0.3431389305577923,47319,0.09289716929197311,0.0009302324033342302,14.694690000396804,0.04368598759174347,0.9563140124082565,0.17406201362609863,0.2995540499687195,0.03889492526650429,0.5097224712371826,0.4902775287628174,0.540794312953949,0.5700463056564331,0.2760506272315979,0.5097224712371826,0.4902775287628174,0.5097224712371826,0.4902775287628174,0.6789380963069996,0.32106190369300036,0.9606448411941528,0.652640378272641,0.347359621727359,0.22076749004805962,0.6358779184843281,0.36412208151567194,0.0,0.04179163584140544,0.04179163584140544,0.023589609190821648,0.010420536622405052,0.9582083641585946,0.04179163584140544,0.03683038428425789,0.0019554803147912025,411523
b1_cityscapes_val,2026-07-07 05:27:24,cityscapes,val,all,student_skd,/scratch/gautschi/manors/hf_cache/hub/models--nvidia--mit-b1/snapshots/13ddceec4e8bdf401e7cd7acf5aebc526222518c,runs/mit-b1_skd_j9200315/student_skd.ckpt,skd,img_000046,/home/manors/Guardrail-Distillation/data/cityscapes/leftImg8bit/val/frankfurt/frankfurt_000000_021667_leftImg8bit.png,,0.4762365980953483,0.5237634019046518,0.9625962972640991,0.973787248134613,0.08541203290224075,0.06823549419641495,0.18874171376228333,0.937268853187561,0.19770225882530212,-6.528205871582031,6.496419429779053,0.004451224580407143,0.033292219042778015,462120,4.342865750004421,7.406593499581504,16.249580250587314,0.9392597909572485,0.06074020904275146,126850,0.37062585282387195,0.629374147176128,6552,0.06950993090867996,0.0007310066721402109,14.694690000396804,0.03470417857170105,0.965295821428299,0.11799346655607224,0.24775047600269318,0.03862464055418968,0.5096549987792969,0.4903450012207031,0.5287309288978577,0.5612526535987854,0.24706529080867767,0.5096549987792969,0.4903450012207031,0.5096549987792969,0.4903450012207031,0.5978691907137306,0.40213080928626943,0.9772613048553467,0.9597493096405559,0.040250690359444063,0.020489518683307395,0.6477145970502104,0.3522854029497896,0.27708874422633845,0.12163259261838233,0.12163259261838233,0.020388642325997353,0.005723621230572462,0.8783674073816177,0.12163259261838233,0.02901194430887699,0.003942698705941439,425141
b1_cityscapes_val,2026-07-07 05:27:24,cityscapes,val,all,student_skd,/scratch/gautschi/manors/hf_cache/hub/models--nvidia--mit-b1/snapshots/13ddceec4e8bdf401e7cd7acf5aebc526222518c,runs/mit-b1_skd_j9200315/student_skd.ckpt,skd,img_000047,/home/manors/Guardrail-Distillation/data/cityscapes/leftImg8bit/val/frankfurt/frankfurt_000000_021879_leftImg8bit.png,,0.4235627045363536,0.5764372954636464,0.9555399417877197,0.9695838689804077,0.09430691599845886,0.08149054646492004,0.2184344083070755,0.9284008741378784,0.22461530566215515,-6.818460941314697,6.7809343338012695,0.007689469959586859,0.03936213627457619,458029,4.342865750004421,7.406593499581504,16.249580250587314,1.0,0.0,126850,0.38002245925028616,0.6199775407497139,20406,0.08281466364860535,0.0007928524864837527,14.694690000396804,0.031028348952531815,0.9689716510474682,0.09920001775026321,0.22171379625797272,0.02748418226838112,0.5068705677986145,0.4931294322013855,0.5247312188148499,0.5521275401115417,0.27936458587646484,0.5068705677986145,0.4931294322013855,0.5068705677986145,0.4931294322013855,0.45122405331146637,0.5487759466885336,0.9603672027587891,1.0,0.0,0.0,0.34648560841777315,0.6535143915822268,0.0,0.027661348775112837,0.027661348775112837,0.014586413279175758,0.0097592081874609,0.9723386512248872,0.027661348775112837,0.027550658211112022,0.0017618972342461348,416851
b1_cityscapes_val,2026-07-07 05:27:24,cityscapes,val,all,student_skd,/scratch/gautschi/manors/hf_cache/hub/models--nvidia--mit-b1/snapshots/13ddceec4e8bdf401e7cd7acf5aebc526222518c,runs/mit-b1_skd_j9200315/student_skd.ckpt,skd,img_000048,/home/manors/Guardrail-Distillation/data/cityscapes/leftImg8bit/val/frankfurt/frankfurt_000000_022254_leftImg8bit.png,,0.6984075812364013,0.30159241876359866,0.9388090968132019,0.9599677324295044,0.10665158927440643,0.10628098249435425,0.24412398040294647,0.9075849652290344,0.28800731897354126,-6.449926376342773,6.4005866050720215,0.00980596337467432,0.053159575909376144,451358,4.3749242495323415,7.419704000312777,16.267160999632324,1.0,0.0,126353,0.6939756869729469,0.30602431302705313,35181,0.10838766396045685,0.0012382674030959606,14.685909749459825,0.05279022082686424,0.9472097791731358,0.21004977822303772,0.3344503343105316,0.051148783415555954,0.5127843618392944,0.48721563816070557,0.5507044792175293,0.5794481039047241,0.27376216650009155,0.5127843618392944,0.48721563816070557,0.5127843618392944,0.48721563816070557,0.8036359643152721,0.19636403568472793,0.9611771106719971,0.49995647115620523,0.5000435288437948,0.0,0.8372414070295926,0.1627585929704074,0.14326572005664573,0.10522838307887072,0.10522838307887072,0.03225599229335785,0.0098879374563694,0.8947716169211293,0.10522838307887072,0.045555852353572845,0.005851231049746275,397689
b1_cityscapes_val,2026-07-07 05:27:24,cityscapes,val,all,student_skd,/scratch/gautschi/manors/hf_cache/hub/models--nvidia--mit-b1/snapshots/13ddceec4e8bdf401e7cd7acf5aebc526222518c,runs/mit-b1_skd_j9200315/student_skd.ckpt,skd,img_000049,/home/manors/Guardrail-Distillation/data/cityscapes/leftImg8bit/val/frankfurt/frankfurt_000000_022797_leftImg8bit.png,,0.6055671736478472,0.3944328263521528,0.92207270860672,0.9521821141242981,0.11817041039466858,0.12358169257640839,0.2685185670852661,0.8985478281974792,0.30044570565223694,-6.553699493408203,6.4939866065979,0.013825123198330402,0.06614942103624344,465023,4.3749242495323415,7.419704000312777,16.267160999632324,0.5072937293324211,0.4927062706675789,126850,0.47062413542301673,0.5293758645769833,31574,0.12546606361865997,0.0010918999323621392,14.685909749459825,0.05676795914769173,0.9432320408523083,0.2408253699541092,0.3529178500175476,0.05719095468521118,0.5142938494682312,0.4857061505317688,0.5601102709770203,0.5948508977890015,0.2881094217300415,0.5142938494682312,0.4857061505317688,0.5142938494682312,0.4857061505317688,0.7549463127263867,0.24505368727361332,0.9492949843406677,0.5883766495699692,0.41162335043003084,0.08108292023754804,0.6177845400618917,0.38221545993810835,0.14716040463887492,0.1493791390785395,0.1493791390785395,0.037309981882572174,0.010087673552334309,0.8506208609214605,0.1493791390785395,0.051150158047676086,0.007055565249174833,399955
b1_cityscapes_val,2026-07-07 05:27:24,cityscapes,val,all,student_skd,/scratch/gautschi/manors/hf_cache/hub/models--nvidia--mit-b1/snapshots/13ddceec4e8bdf401e7cd7acf5aebc526222518c,runs/mit-b1_skd_j9200315/student_skd.ckpt,skd,img_000050,/home/manors/Guardrail-Distillation/data/cityscapes/leftImg8bit/val/frankfurt/frankfurt_000001_000538_leftImg8bit.png,,0.5526264293871537,0.4473735706128463,0.9159923195838928,0.9404763579368591,0.13082045316696167,0.1537637561559677,0.30049049854278564,0.8765056133270264,0.36488333344459534,-6.31825590133667,6.243502140045166,0.016903400421142578,0.08358639478683472,465291,4.3749242495323415,7.419704000312777,16.267160999632324,0.5430102615877236,0.4569897384122764,126850,0.8069404231806079,0.19305957681939212,21067,0.15595011413097382,0.0014362144283950329,14.685909749459825,0.06578395515680313,0.9342160448431969,0.2613395154476166,0.3669512867927551,0.06522942334413528,0.5163015723228455,0.48369842767715454,0.563572883605957,0.591045081615448,0.2947816848754883,0.5163015723228455,0.48369842767715454,0.5163015723228455,0.48369842767715454,0.6454542305685224,0.35454576943147764,0.938077449798584,0.6100665315040638,0.38993346849593624,0.06705626991634017,0.872342533237698,0.12765746676230205,0.06540211005709007,0.09282780118136869,0.09282780118136869,0.040078144520521164,0.01799304038286209,0.9071721988186313,0.09282780118136869,0.0653010681271553,0.006067170761525631,384626
b1_cityscapes_val,2026-07-07 05:27:24,cityscapes,val,all,student_skd,/scratch/gautschi/manors/hf_cache/hub/models--nvidia--mit-b1/snapshots/13ddceec4e8bdf401e7cd7acf5aebc526222518c,runs/mit-b1_skd_j9200315/student_skd.ckpt,skd,img_000051,/home/manors/Guardrail-Distillation/data/cityscapes/leftImg8bit/val/frankfurt/frankfurt_000001_001464_leftImg8bit.png,,0.4880914019201872,0.5119085980798128,0.9345722794532776,0.957062304019928,0.1156524196267128,0.11078473180532455,0.26797640323638916,0.9093024134635925,0.27773401141166687,-6.264618396759033,6.2103447914123535,0.014044121839106083,0.06110799312591553,454425,4.3749242495323415,7.419704000312777,16.267160999632324,1.0,0.0,126850,0.49323291960833915,0.5067670803916609,66578,0.11315742135047913,0.00158066232688725,14.685909749459825,0.06077137216925621,0.9392286278307438,0.2703970968723297,0.40349918603897095,0.06769506633281708,0.5169172883033752,0.48308271169662476,0.5697734951972961,0.6092763543128967,0.28800472617149353,0.5169172883033752,0.48308271169662476,0.5169172883033752,0.48308271169662476,0.5467425023791941,0.4532574976208059,0.9494966268539429,1.0,0.0,0.0,0.6285401703541945,0.3714598296458055,0.13530725074585537,0.0586511004590069,0.0586511004590069,0.038303349167108536,0.023378996178507805,0.9413488995409931,0.0586511004590069,0.06705396622419357,0.0073961601592600346,398330
b1_cityscapes_val,2026-07-07 05:27:25,cityscapes,val,all,student_skd,/scratch/gautschi/manors/hf_cache/hub/models--nvidia--mit-b1/snapshots/13ddceec4e8bdf401e7cd7acf5aebc526222518c,runs/mit-b1_skd_j9200315/student_skd.ckpt,skd,img_000052,/home/manors/Guardrail-Distillation/data/cityscapes/leftImg8bit/val/frankfurt/frankfurt_000001_002512_leftImg8bit.png,,0.48619326464173707,0.5138067353582629,0.9093296527862549,0.9415395259857178,0.12585218250751495,0.14970515668392181,0.2782979905605316,0.8768764138221741,0.35456883907318115,-6.575838565826416,6.5035295486450195,0.014078052714467049,0.07928965985774994,421152,4.391797750031401,7.409043249936076,16.27037574962742,0.8835039927146195,0.11649600728538045,125846,0.5935420691958047,0.40645793080419534,10366,0.15165553987026215,0.001247420790605247,14.682944000014686,0.07517979294061661,0.9248202070593834,0.2830657362937927,0.3848118782043457,0.0735127180814743,0.5183699131011963,0.4816300868988037,0.5683826804161072,0.6004073619842529,0.3038750886917114,0.5183699131011963,0.4816300868988037,0.5183699131011963,0.4816300868988037,0.5236553664707185,0.47634463352928147,0.9257227778434753,0.8755149847318779,0.12448501526812206,0.0,0.6728316899549756,0.32716831004502445,0.0792896207591709,0.037462101828981464,0.037462101828981464,0.03219027817249298,0.015797147527337074,0.9625378981710185,0.037462101828981464,0.05517960339784622,0.004354722332209349,347330
b1_cityscapes_val,2026-07-07 05:27:25,cityscapes,val,all,student_skd,/scratch/gautschi/manors/hf_cache/hub/models--nvidia--mit-b1/snapshots/13ddceec4e8bdf401e7cd7acf5aebc526222518c,runs/mit-b1_skd_j9200315/student_skd.ckpt,skd,img_000053,/home/manors/Guardrail-Distillation/data/cityscapes/leftImg8bit/val/frankfurt/frankfurt_000001_002646_leftImg8bit.png,,0.5663438620325942,0.43365613796740576,0.935791015625,0.9560990929603577,0.11335651576519012,0.11953243613243103,0.2648751735687256,0.8959904909133911,0.3268406093120575,-6.308320045471191,6.2535552978515625,0.01448729820549488,0.05935217812657356,456883,4.391797750031401,7.409043249936076,16.27037574962742,0.648672917866043,0.351327082133957,126850,0.3466076504304616,0.6533923495695384,37859,0.12169542908668518,0.0012840037234127522,14.682944000014686,0.05385246127843857,0.9461475387215614,0.2046872079372406,0.31537896394729614,0.05320213735103607,0.5132973790168762,0.4867026209831238,0.5521580576896667,0.579339325428009,0.3064557909965515,0.5132973790168762,0.4867026209831238,0.5132973790168762,0.4867026209831238,0.6403898046326992,0.35961019536730077,0.9561113119125366,0.9686163475666101,0.03138365243338992,0.3199434297005671,0.6798099852488078,0.32019001475119224,0.33320233481834616,0.074045942600105,0.074045942600105,0.03413346782326698,0.01381316501647234,0.925954057399895,0.074045942600105,0.053613290190696716,0.005294572561979294,399988
b1_cityscapes_val,2026-07-07 05:27:25,cityscapes,val,all,student_skd,/scratch/gautschi/manors/hf_cache/hub/models--nvidia--mit-b1/snapshots/13ddceec4e8bdf401e7cd7acf5aebc526222518c,runs/mit-b1_skd_j9200315/student_skd.ckpt,skd,img_000054,/home/manors/Guardrail-Distillation/data/cityscapes/leftImg8bit/val/frankfurt/frankfurt_000001_002759_leftImg8bit.png,,0.5655704810301412,0.4344295189698588,0.8530647158622742,0.9285922646522522,0.13432607054710388,0.17537061870098114,0.2865169942378998,0.8600631952285767,0.38131189346313477,-6.1664628982543945,6.0786519050598145,0.013433782383799553,0.09786849468946457,460332,4.391797750031401,7.409043249936076,16.27037574962742,0.41697375231440903,0.583026247685591,126850,0.5868624848025156,0.41313751519748443,25629,0.17739515006542206,0.0012911674566566944,14.682944000014686,0.0886407420039177,0.9113592579960823,0.31409570574760437,0.3866472840309143,0.10334362089633942,0.5258129239082336,0.47418707609176636,0.5897911787033081,0.6164103150367737,0.3040963411331177,0.5258129239082336,0.47418707609176636,0.5258129239082336,0.47418707609176636,0.5249598780046525,0.4750401219953475,0.815839409828186,0.32871929650383186,0.6712807034961681,0.0,0.6566527547675616,0.3433472452324384,0.069790269965046,0.0,0.0,0.0408574678003788,0.07808277755975723,1.0,0.0,0.12704961001873016,0.0056567867286503315,360160
b1_cityscapes_val,2026-07-07 05:27:25,cityscapes,val,all,student_skd,/scratch/gautschi/manors/hf_cache/hub/models--nvidia--mit-b1/snapshots/13ddceec4e8bdf401e7cd7acf5aebc526222518c,runs/mit-b1_skd_j9200315/student_skd.ckpt,skd,img_000055,/home/manors/Guardrail-Distillation/data/cityscapes/leftImg8bit/val/frankfurt/frankfurt_000001_003056_leftImg8bit.png,,0.604192812314432,0.395807187685568,0.927828311920166,0.9415972828865051,0.1316675990819931,0.14945657551288605,0.2991448640823364,0.8829402327537537,0.3397132456302643,-6.430930137634277,6.357211112976074,0.019783731549978256,0.08446836471557617,463866,4.391797750031401,7.409043249936076,16.27037574962742,0.5134187676243728,0.4865812323756272,126850,0.5029861405767321,0.4970138594232679,19439,0.15160968899726868,0.0014149976195767522,14.682944000014686,0.07611940056085587,0.9238805994391441,0.31486743688583374,0.42950841784477234,0.08124019205570221,0.5202988982200623,0.47970110177993774,0.5789051055908203,0.6182041168212891,0.2905103862285614,0.5202988982200623,0.47970110177993774,0.5202988982200623,0.47970110177993774,0.7255470958389638,0.2744529041610362,0.9438545107841492,0.506767137126474,0.49323286287352597,0.0,0.9477198194451613,0.05228018055483874,0.4447336788684292,0.12135428352453181,0.12135428352453181,0.03523431345820427,0.019208133220672607,0.8786457164754682,0.12135428352453181,0.0587497279047966,0.0017052339389920235,385930
b1_cityscapes_val,2026-07-07 05:27:25,cityscapes,val,all,student_skd,/scratch/gautschi/manors/hf_cache/hub/models--nvidia--mit-b1/snapshots/13ddceec4e8bdf401e7cd7acf5aebc526222518c,runs/mit-b1_skd_j9200315/student_skd.ckpt,skd,img_000056,/home/manors/Guardrail-Distillation/data/cityscapes/leftImg8bit/val/frankfurt/frankfurt_000001_003588_leftImg8bit.png,,0.4517826792136675,0.5482173207863326,0.9424522519111633,0.9645376205444336,0.10306154191493988,0.09580764919519424,0.246083065867424,0.9193339943885803,0.2525668144226074,-6.649302959442139,6.605139255523682,0.009912209585309029,0.04769193381071091,407679,4.380112749458931,7.4150602504232666,16.267773499748728,0.6396493887634832,0.3603506112365168,126850,0.5524774076759287,0.4475225923240713,22756,0.09749218076467514,0.0010232642525807023,14.682150749649736,0.04077468439936638,0.9592253156006336,0.1650160402059555,0.285819411277771,0.03201587125658989,0.508003294467926,0.491996705532074,0.5367103219032288,0.564841091632843,0.2762608826160431,0.508003294467926,0.491996705532074,0.508003294467926,0.491996705532074,0.5177687896279272,0.48223121037207284,0.9564117789268494,0.9335150323682433,0.06648496763175671,0.2938656436047601,0.6841232729145919,0.31587672708540815,0.13164586523866317,0.06598611041425972,0.06598611041425972,0.02438928559422493,0.010429774411022663,0.9340138895857403,0.06598611041425972,0.040639813989400864,0.0032844466622918844,365275
b1_cityscapes_val,2026-07-07 05:27:25,cityscapes,val,all,student_skd,/scratch/gautschi/manors/hf_cache/hub/models--nvidia--mit-b1/snapshots/13ddceec4e8bdf401e7cd7acf5aebc526222518c,runs/mit-b1_skd_j9200315/student_skd.ckpt,skd,img_000057,/home/manors/Guardrail-Distillation/data/cityscapes/leftImg8bit/val/frankfurt/frankfurt_000001_004327_leftImg8bit.png,,0.6736215869307229,0.32637841306927706,0.9557352662086487,0.972076952457428,0.08668973296880722,0.07191915065050125,0.18502329289913177,0.931726336479187,0.21483127772808075,-6.856075286865234,6.822385311126709,0.0038404902443289757,0.03479749709367752,459056,4.380112749458931,7.4150602504232666,16.267773499748728,0.8701121540753249,0.12988784592467506,126850,0.4912289820421529,0.5087710179578471,38479,0.07329434901475906,0.00098792661447078,14.682150749649736,0.03385059908032417,0.9661494009196758,0.11916417628526688,0.230920672416687,0.021927788853645325,0.5054817199707031,0.4945182800292969,0.522800624370575,0.5467129349708557,0.3298768401145935,0.5054817199707031,0.4945182800292969,0.5054817199707031,0.4945182800292969,0.7451660514472095,0.2548339485527905,0.9689754843711853,0.8837353051496686,0.11626469485033142,0.013623151074343642,0.985940383066088,0.014059616933912,0.49471140102393507,0.07154446451648655,0.07154446451648655,0.020163116976618767,0.0069229030050337315,0.9284555354835134,0.07154446451648655,0.028308093547821045,0.0030127044301480055,420248
b1_cityscapes_val,2026-07-07 05:27:25,cityscapes,val,all,student_skd,/scratch/gautschi/manors/hf_cache/hub/models--nvidia--mit-b1/snapshots/13ddceec4e8bdf401e7cd7acf5aebc526222518c,runs/mit-b1_skd_j9200315/student_skd.ckpt,skd,img_000058,/home/manors/Guardrail-Distillation/data/cityscapes/leftImg8bit/val/frankfurt/frankfurt_000001_004736_leftImg8bit.png,,0.5670225582648717,0.4329774417351283,0.9319668412208557,0.9604066014289856,0.10883515328168869,0.1065896600484848,0.26086482405662537,0.9123633503913879,0.26879170536994934,-6.741489410400391,6.6920881271362305,0.012105986475944519,0.05416012182831764,448208,4.380112749458931,7.4150602504232666,16.267773499748728,1.0,0.0,126850,0.30062180627558843,0.6993781937244116,6958,0.10835126787424088,0.0011072623310610652,14.682150749649736,0.04264463111758232,0.9573553688824177,0.1646403670310974,0.3002643883228302,0.040855489671230316,0.5102124214172363,0.48978757858276367,0.5358368754386902,0.5689537525177002,0.28557851910591125,0.5102124214172363,0.48978757858276367,0.5102124214172363,0.48978757858276367,0.5918893350202525,0.40811066497974746,0.9452084302902222,1.0,0.0,0.0,0.39667977811145555,0.6033202218885445,0.09605797183586706,0.02486677675538085,0.02486677675538085,0.024633651599287987,0.01139203179627657,0.9751332232446192,0.02486677675538085,0.044222768396139145,0.005577767267823219,396511
b1_cityscapes_val,2026-07-07 05:27:25,cityscapes,val,all,student_skd,/scratch/gautschi/manors/hf_cache/hub/models--nvidia--mit-b1/snapshots/13ddceec4e8bdf401e7cd7acf5aebc526222518c,runs/mit-b1_skd_j9200315/student_skd.ckpt,skd,img_000059,/home/manors/Guardrail-Distillation/data/cityscapes/leftImg8bit/val/frankfurt/frankfurt_000001_004859_leftImg8bit.png,,0.48991013202492184,0.5100898679750782,0.9200009107589722,0.9642611742019653,0.1051294207572937,0.09586850553750992,0.2487868368625641,0.9181709885597229,0.2568051218986511,-6.792258262634277,6.747426986694336,0.011618365533649921,0.04988643154501915,420455,4.380112749458931,7.4150602504232666,16.267773499748728,0.5500588449618501,0.4499411550381499,125367,0.18948134050573992,0.81051865949426,3564,0.09746164083480835,0.0010168482549488544,14.682150749649736,0.04180895537137985,0.9581910446286201,0.157069131731987,0.3062181770801544,0.0380086749792099,0.5095009803771973,0.49049901962280273,0.5317560434341431,0.5667786598205566,0.2867947518825531,0.5095009803771973,0.49049901962280273,0.5095009803771973,0.49049901962280273,0.4671206750383186,0.5328793249616814,0.9275070428848267,0.7276053704967335,0.27239462950326654,0.17754652553488337,0.2987394032244163,0.7012605967755837,0.10925806271867633,0.0,0.0,0.0200045183300972,0.01249836478382349,1.0,0.0,0.04081530496478081,0.000860971980728209,377686
b1_cityscapes_val,2026-07-07 05:27:25,cityscapes,val,all,student_skd,/scratch/gautschi/manors/hf_cache/hub/models--nvidia--mit-b1/snapshots/13ddceec4e8bdf401e7cd7acf5aebc526222518c,runs/mit-b1_skd_j9200315/student_skd.ckpt,skd,img_000060,/home/manors/Guardrail-Distillation/data/cityscapes/leftImg8bit/val/frankfurt/frankfurt_000001_005184_leftImg8bit.png,,0.6814338855710654,0.31856611442893457,0.9296274185180664,0.9590405821800232,0.11037176847457886,0.1087360605597496,0.261011004447937,0.9106112122535706,0.27569684386253357,-6.763984680175781,6.712881088256836,0.012235162779688835,0.05488501861691475,453202,4.3811352506963885,7.414524749947304,16.276435500003572,0.9237808229037977,0.0762191770962023,123379,0.6404751336779722,0.35952486632202785,10692,0.11081738024950027,0.0013624170096591115,14.68758724968211,0.04444761201739311,0.9555523879826069,0.18275420367717743,0.30787935853004456,0.04068973660469055,0.5101709961891174,0.48982900381088257,0.5402087569236755,0.5731471180915833,0.30481693148612976,0.5101709961891174,0.48982900381088257,0.5101709961891174,0.48982900381088257,0.626879353501013,0.373120646498987,0.9445942640304565,0.9375962751008466,0.06240372489915336,0.013815452197048939,0.34283639828163803,0.657163601718362,0.0,0.0,0.0,0.025564759969711304,0.010597923770546913,1.0,0.0,0.03928932547569275,0.002575010759755969,397605
b1_cityscapes_val,2026-07-07 05:27:25,cityscapes,val,all,student_skd,/scratch/gautschi/manors/hf_cache/hub/models--nvidia--mit-b1/snapshots/13ddceec4e8bdf401e7cd7acf5aebc526222518c,runs/mit-b1_skd_j9200315/student_skd.ckpt,skd,img_000061,/home/manors/Guardrail-Distillation/data/cityscapes/leftImg8bit/val/frankfurt/frankfurt_000001_005410_leftImg8bit.png,,0.6844957389153767,0.31550426108462326,0.9259463548660278,0.9454910159111023,0.12368902564048767,0.14635340869426727,0.28692689538002014,0.8756534457206726,0.38512444496154785,-6.459656238555908,6.39184045791626,0.015504213981330395,0.07455804944038391,460004,4.3811352506963885,7.414524749947304,16.276435500003572,0.9262332222896941,0.07376677771030593,126850,0.7968196618964134,0.2031803381035866,51870,0.1489599496126175,0.0014976582024246454,14.68758724968211,0.06394976377487183,0.9360502362251282,0.24743850529193878,0.3597582280635834,0.05466894805431366,0.5136638283729553,0.4863361716270447,0.5533312559127808,0.5823566913604736,0.31887245178222656,0.5136638283729553,0.4863361716270447,0.5136638283729553,0.4863361716270447,0.7656398130325618,0.2343601869674382,0.9479200839996338,0.9412883211132637,0.05871167888673634,0.01505509882356959,0.8409581127201918,0.15904188727980817,0.04413845082377843,0.08114407411718505,0.08114407411718505,0.03707359358668327,0.01509986910969019,0.918855925882815,0.08114407411718505,0.05758211016654968,0.003910835832357407,387764
b1_cityscapes_val,2026-07-07 05:27:25,cityscapes,val,all,student_skd,/scratch/gautschi/manors/hf_cache/hub/models--nvidia--mit-b1/snapshots/13ddceec4e8bdf401e7cd7acf5aebc526222518c,runs/mit-b1_skd_j9200315/student_skd.ckpt,skd,img_000062,/home/manors/Guardrail-Distillation/data/cityscapes/leftImg8bit/val/frankfurt/frankfurt_000001_005703_leftImg8bit.png,,0.4820391052563542,0.5179608947436458,0.9254987239837646,0.9540628790855408,0.11359500139951706,0.12250207364559174,0.26483428478240967,0.8968589901924133,0.31563907861709595,-6.600435733795166,6.54369592666626,0.011277726851403713,0.061212554574012756,456475,4.3811352506963885,7.414524749947304,16.276435500003572,0.7541594419828469,0.2458405580171531,126850,0.4383820429345883,0.5616179570654116,41144,0.12442901730537415,0.0011966683669015765,14.68758724968211,0.06166551634669304,0.938334483653307,0.2563572824001312,0.36457592248916626,0.05736301466822624,0.5143368244171143,0.48566317558288574,0.5622737407684326,0.5878344774246216,0.3048202693462372,0.5143368244171143,0.48566317558288574,0.5143368244171143,0.48566317558288574,0.5511366587870339,0.4488633412129661,0.9357380270957947,0.7251889824328265,0.2748110175671735,0.0,0.5305945208474814,0.4694054791525186,0.092212477912893,0.0690975535306797,0.0690975535306797,0.027447286993265152,0.017207952216267586,0.9309024464693203,0.0690975535306797,0.050467170774936676,0.0038775401189923286,393859
b1_cityscapes_val,2026-07-07 05:27:25,cityscapes,val,all,student_skd,/scratch/gautschi/manors/hf_cache/hub/models--nvidia--mit-b1/snapshots/13ddceec4e8bdf401e7cd7acf5aebc526222518c,runs/mit-b1_skd_j9200315/student_skd.ckpt,skd,img_000063,/home/manors/Guardrail-Distillation/data/cityscapes/leftImg8bit/val/frankfurt/frankfurt_000001_005898_leftImg8bit.png,,0.6579773125724597,0.3420226874275403,0.9625085592269897,0.9720064997673035,0.0897243395447731,0.07549832761287689,0.2096233367919922,0.9319266676902771,0.21717944741249084,-6.590129375457764,6.555764675140381,0.0063859871588647366,0.035325102508068085,442688,4.3811352506963885,7.414524749947304,16.276435500003572,0.8948809940626888,0.10511900593731116,126850,0.6489161129356198,0.3510838870643802,49390,0.07670717686414719,0.0008544235024601221,14.68758724968211,0.0359920933842659,0.9640079066157341,0.13465088605880737,0.24730145931243896,0.03389498591423035,0.5084729194641113,0.49152708053588867,0.5291749835014343,0.5546139478683472,0.30188876390457153,0.5084729194641113,0.49152708053588867,0.5084729194641113,0.49152708053588867,0.6293252845638376,0.37067471543616237,0.9703560471534729,0.9526576896163893,0.0473423103836107,0.05777669555370046,0.8268866429865573,0.17311335701344266,0.17797053005093755,0.0,0.0,0.018039792776107788,0.01019227970391512,1.0,0.0,0.030430007725954056,0.004879282787442207,406052
b1_cityscapes_val,2026-07-07 05:27:25,cityscapes,val,all,student_skd,/scratch/gautschi/manors/hf_cache/hub/models--nvidia--mit-b1/snapshots/13ddceec4e8bdf401e7cd7acf5aebc526222518c,runs/mit-b1_skd_j9200315/student_skd.ckpt,skd,img_000064,/home/manors/Guardrail-Distillation/data/cityscapes/leftImg8bit/val/frankfurt/frankfurt_000001_007285_leftImg8bit.png,,0.6891110751881431,0.3108889248118569,0.9413915872573853,0.9613284468650818,0.10451109707355499,0.10227222740650177,0.237208753824234,0.9098230004310608,0.280665785074234,-6.533164024353027,6.485579013824463,0.009023906663060188,0.0511900819838047,457784,4.335655249633419,7.417424249979376,16.250070749265433,0.6910549546957265,0.30894504530427347,124225,0.6117036926963989,0.3882963073036011,55388,0.10416682809591293,0.0012892913073301315,14.698884999233996,0.04210550710558891,0.9578944928944111,0.16045807301998138,0.2675911486148834,0.03811817616224289,0.509528398513794,0.49047160148620605,0.5342839956283569,0.5622061491012573,0.31088945269584656,0.509528398513794,0.49047160148620605,0.509528398513794,0.49047160148620605,0.7375480388588002,0.26245196114119984,0.9594656229019165,0.7235485002259796,0.2764514997740204,0.032493545530253076,0.6216873711263319,0.3783126288736681,0.009983678429932974,0.048436963670657085,0.048436963670657085,0.028703493997454643,0.01062946766614914,0.9515630363293429,0.048436963670657085,0.04324747249484062,0.0030036000534892082,405305
b1_cityscapes_val,2026-07-07 05:27:25,cityscapes,val,all,student_skd,/scratch/gautschi/manors/hf_cache/hub/models--nvidia--mit-b1/snapshots/13ddceec4e8bdf401e7cd7acf5aebc526222518c,runs/mit-b1_skd_j9200315/student_skd.ckpt,skd,img_000065,/home/manors/Guardrail-Distillation/data/cityscapes/leftImg8bit/val/frankfurt/frankfurt_000001_007407_leftImg8bit.png,,0.6410153244157717,0.3589846755842283,0.8941967487335205,0.9332751035690308,0.13288748264312744,0.16467753052711487,0.28575921058654785,0.8679008483886719,0.36499789357185364,-6.025815963745117,5.943258285522461,0.014582507312297821,0.09248574078083038,446631,4.335655249633419,7.417424249979376,16.250070749265433,0.6275771953684243,0.37242280463157573,126850,0.6937947416151583,0.3062052583848417,18347,0.1668637990951538,0.0016493049915879965,14.698884999233996,0.08581674844026566,0.9141832515597343,0.31057828664779663,0.40630772709846497,0.0913555696606636,0.5228230357170105,0.4771769642829895,0.5843367576599121,0.6118452548980713,0.319496214389801,0.5228230357170105,0.4771769642829895,0.5228230357170105,0.4771769642829895,0.6949012616125356,0.3050987383874644,0.9407474994659424,0.8859308588018319,0.11406914119816813,0.2583536634334076,0.7205084866351366,0.27949151336486344,0.026713745019978252,0.05388593719676393,0.05388593719676393,0.06206241622567177,0.015511685982346535,0.9461140628032361,0.05388593719676393,0.08491349965333939,0.013604070991277695,356195
b1_cityscapes_val,2026-07-07 05:27:25,cityscapes,val,all,student_skd,/scratch/gautschi/manors/hf_cache/hub/models--nvidia--mit-b1/snapshots/13ddceec4e8bdf401e7cd7acf5aebc526222518c,runs/mit-b1_skd_j9200315/student_skd.ckpt,skd,img_000066,/home/manors/Guardrail-Distillation/data/cityscapes/leftImg8bit/val/frankfurt/frankfurt_000001_007622_leftImg8bit.png,,0.52624010288972,0.47375989711028,0.8503245711326599,0.946895956993103,0.1205902248620987,0.13925801217556,0.27054697275161743,0.8820831775665283,0.35277947783470154,-6.193602561950684,6.128043174743652,0.01298870425671339,0.07307885587215424,445464,4.335655249633419,7.417424249979376,16.250070749265433,0.36996317487936176,0.6300368251206383,117003,0.6810193819840059,0.3189806180159941,18424,0.14158442616462708,0.0013259262777864933,14.698884999233996,0.0665653720498085,0.9334346279501915,0.26081711053848267,0.36157551407814026,0.07626429945230484,0.5190567970275879,0.4809432029724121,0.5698794722557068,0.6008087992668152,0.3162732422351837,0.5190567970275879,0.4809432029724121,0.5190567970275879,0.4809432029724121,0.5519697987133705,0.4480302012866295,0.8641326427459717,0.4843860492285186,0.5156139507714814,0.11442287434915688,0.6394993303474612,0.3605006696525388,0.0,0.025729695823650478,0.025729695823650478,0.03202952444553375,0.018221449106931686,0.9742703041763495,0.025729695823650478,0.058898136019706726,0.006528024561703205,376559
b1_cityscapes_val,2026-07-07 05:27:25,cityscapes,val,all,student_skd,/scratch/gautschi/manors/hf_cache/hub/models--nvidia--mit-b1/snapshots/13ddceec4e8bdf401e7cd7acf5aebc526222518c,runs/mit-b1_skd_j9200315/student_skd.ckpt,skd,img_000067,/home/manors/Guardrail-Distillation/data/cityscapes/leftImg8bit/val/frankfurt/frankfurt_000001_007857_leftImg8bit.png,,0.6345733359724156,0.3654266640275844,0.9318018555641174,0.9611209034919739,0.10363487899303436,0.10151690989732742,0.22953227162361145,0.9107024669647217,0.27164360880851746,-6.582141399383545,6.534584045410156,0.008548839017748833,0.05072816461324692,462051,4.335655249633419,7.417424249979376,16.250070749265433,0.4993180922349231,0.5006819077650768,126850,0.690994857741248,0.309005142258752,30606,0.10304391384124756,0.0009823428699746728,14.698884999233996,0.04764694720506668,0.9523530527949333,0.19294452667236328,0.3043050169944763,0.04352594539523125,0.5108797550201416,0.4891202449798584,0.5430788397789001,0.5704739093780518,0.29565393924713135,0.5108797550201416,0.4891202449798584,0.5108797550201416,0.4891202449798584,0.720244991860691,0.279755008139309,0.9510703086853027,1.0,0.0,0.5006819077650768,0.7011191068707348,0.29888089312926525,0.010124249129486729,0.08567165588827541,0.08567165588827541,0.028362669050693512,0.009094233624637127,0.9143283441117246,0.08567165588827541,0.040248800069093704,0.005408493801951408,408036
b1_cityscapes_val,2026-07-07 05:27:26,cityscapes,val,all,student_skd,/scratch/gautschi/manors/hf_cache/hub/models--nvidia--mit-b1/snapshots/13ddceec4e8bdf401e7cd7acf5aebc526222518c,runs/mit-b1_skd_j9200315/student_skd.ckpt,skd,img_000068,/home/manors/Guardrail-Distillation/data/cityscapes/leftImg8bit/val/frankfurt/frankfurt_000001_007973_leftImg8bit.png,,0.4687047640796306,0.5312952359203694,0.9159756898880005,0.94599848985672,0.12452412396669388,0.14344778656959534,0.2926235496997833,0.8857594728469849,0.3416706323623657,-6.487067222595215,6.419734477996826,0.016380196437239647,0.07557066529989243,455428,4.364946499663347,7.4066182496608235,16.265938500509947,0.6179708587182224,0.38202914128177756,126850,0.47435096519902653,0.5256490348009735,18068,0.14559777081012726,0.0013989957515150309,14.685299500342808,0.061046186834573746,0.9389538131654263,0.2561444342136383,0.36153754591941833,0.05806431919336319,0.5145120024681091,0.48548799753189087,0.5604570508003235,0.5827128887176514,0.2804403007030487,0.5145120024681091,0.48548799753189087,0.5145120024681091,0.48548799753189087,0.4855460413219701,0.5144539586780299,0.9259026050567627,0.9816240630708719,0.01837593692912809,0.3636532043526495,0.3871799075209891,0.6128200924790109,0.0,0.016841277242339525,0.016841277242339525,0.03009476698935032,0.020167840644717216,0.9831587227576605,0.016841277242339525,0.06212178245186806,0.004470519721508026,381793
b1_cityscapes_val,2026-07-07 05:27:26,cityscapes,val,all,student_skd,/scratch/gautschi/manors/hf_cache/hub/models--nvidia--mit-b1/snapshots/13ddceec4e8bdf401e7cd7acf5aebc526222518c,runs/mit-b1_skd_j9200315/student_skd.ckpt,skd,img_000069,/home/manors/Guardrail-Distillation/data/cityscapes/leftImg8bit/val/frankfurt/frankfurt_000001_008200_leftImg8bit.png,,0.6234389323948262,0.3765610676051738,0.9611223340034485,0.9730184674263,0.08850491791963577,0.07011901587247849,0.19895468652248383,0.938281238079071,0.18931424617767334,-6.531214237213135,6.498168468475342,0.0053582871332764626,0.03617918863892555,465074,4.364946499663347,7.4066182496608235,16.265938500509947,1.0,0.0,126850,0.8018314216307442,0.19816857836925583,21922,0.0714598223567009,0.0008823510142974555,14.685299500342808,0.03221185505390167,0.9677881449460983,0.10811284184455872,0.24293863773345947,0.029501240700483322,0.5073747634887695,0.49262523651123047,0.5259000658988953,0.5524930357933044,0.2553693354129791,0.5073747634887695,0.49262523651123047,0.5073747634887695,0.49262523651123047,0.6208920186267488,0.3791079813732512,0.9716582894325256,1.0,0.0,0.0,0.9215302343456132,0.07846976565438679,0.11969881271486904,0.0,0.0,0.01925715059041977,0.008721193298697472,1.0,0.0,0.030087687075138092,0.0047927857376635075,427316
b1_cityscapes_val,2026-07-07 05:27:26,cityscapes,val,all,student_skd,/scratch/gautschi/manors/hf_cache/hub/models--nvidia--mit-b1/snapshots/13ddceec4e8bdf401e7cd7acf5aebc526222518c,runs/mit-b1_skd_j9200315/student_skd.ckpt,skd,img_000070,/home/manors/Guardrail-Distillation/data/cityscapes/leftImg8bit/val/frankfurt/frankfurt_000001_008688_leftImg8bit.png,,0.684740125878306,0.315259874121694,0.9585480690002441,0.964974045753479,0.10165524482727051,0.09115902334451675,0.22993312776088715,0.9210160374641418,0.2442752718925476,-6.518333435058594,6.474976062774658,0.008911202661693096,0.04781075194478035,451342,4.364946499663347,7.4066182496608235,16.265938500509947,1.0,0.0,126850,0.9564852249259419,0.0435147750740581,23320,0.09259454905986786,0.0009572479757480323,14.685299500342808,0.04123072326183319,0.9587692767381668,0.16489185392856598,0.28833824396133423,0.03717997297644615,0.5092939138412476,0.49070608615875244,0.5403201580047607,0.5712887644767761,0.2696586549282074,0.5092939138412476,0.49070608615875244,0.5092939138412476,0.49070608615875244,0.7165228483959508,0.2834771516040492,0.9675390720367432,1.0,0.0,0.0,0.9415540567976997,0.05844594320230034,0.0,0.0317827225176448,0.0317827225176448,0.018123729154467583,0.009132764302194118,0.9682172774823552,0.0317827225176448,0.03071063756942749,0.0008707366068847477,404389
b1_cityscapes_val,2026-07-07 05:27:26,cityscapes,val,all,student_skd,/scratch/gautschi/manors/hf_cache/hub/models--nvidia--mit-b1/snapshots/13ddceec4e8bdf401e7cd7acf5aebc526222518c,runs/mit-b1_skd_j9200315/student_skd.ckpt,skd,img_000071,/home/manors/Guardrail-Distillation/data/cityscapes/leftImg8bit/val/frankfurt/frankfurt_000001_009058_leftImg8bit.png,,0.4828359841664691,0.5171640158335309,0.9391282796859741,0.9714985489845276,0.09406803548336029,0.07476659119129181,0.21882843971252441,0.9373168349266052,0.19622473418712616,-6.227404594421387,6.191896438598633,0.008151822723448277,0.039202384650707245,464436,4.364946499663347,7.4066182496608235,16.265938500509947,1.0,0.0,126850,0.699550725399208,0.30044927460079196,33309,0.0761859118938446,0.0011284706415608525,14.685299500342808,0.037513136863708496,0.9624868631362915,0.12589123845100403,0.3059464693069458,0.04321866109967232,0.5108029842376709,0.4891970157623291,0.5314075946807861,0.5764094591140747,0.25371843576431274,0.5108029842376709,0.4891970157623291,0.5108029842376709,0.4891970157623291,0.7111215961655858,0.2888784038344142,0.9758718013763428,1.0,0.0,0.0,0.8612568506958287,0.1387431493041713,0.16170612529662065,0.22828561199911668,0.22828561199911668,0.044658467173576355,0.007914976216852665,0.7717143880008833,0.22828561199911668,0.05419045686721802,0.017096003517508507,424842
b1_cityscapes_val,2026-07-07 05:27:26,cityscapes,val,all,student_skd,/scratch/gautschi/manors/hf_cache/hub/models--nvidia--mit-b1/snapshots/13ddceec4e8bdf401e7cd7acf5aebc526222518c,runs/mit-b1_skd_j9200315/student_skd.ckpt,skd,img_000072,/home/manors/Guardrail-Distillation/data/cityscapes/leftImg8bit/val/frankfurt/frankfurt_000001_009504_leftImg8bit.png,,0.4371462171948863,0.5628537828051137,0.9401562213897705,0.9686850309371948,0.09543877840042114,0.08584214001893997,0.22660480439662933,0.9241614937782288,0.24854953587055206,-5.956342697143555,5.9178314208984375,0.007903213612735271,0.04120056703686714,466013,4.342645250289934,7.3945999993156875,16.27725425078097,1.0,0.0,126850,0.5781371377403237,0.4218628622596763,30047,0.08780160546302795,0.001081882743164897,14.6901815005549,0.04384230077266693,0.9561576992273331,0.17687872052192688,0.31042900681495667,0.044975295662879944,0.5112419128417969,0.4887580871582031,0.5456046462059021,0.5789998173713684,0.26865634322166443,0.5112419128417969,0.4887580871582031,0.5112419128417969,0.4887580871582031,0.6660438046571553,0.3339561953428447,0.9670717716217041,1.0,0.0,0.0,0.7309034880414915,0.2690965119585085,0.1527663503011678,0.22889758746226896,0.22889758746226896,0.0362822487950325,0.009366692043840885,0.771102412537731,0.22889758746226896,0.04920249059796333,0.016505977138876915,421746
b1_cityscapes_val,2026-07-07 05:27:26,cityscapes,val,all,student_skd,/scratch/gautschi/manors/hf_cache/hub/models--nvidia--mit-b1/snapshots/13ddceec4e8bdf401e7cd7acf5aebc526222518c,runs/mit-b1_skd_j9200315/student_skd.ckpt,skd,img_000073,/home/manors/Guardrail-Distillation/data/cityscapes/leftImg8bit/val/frankfurt/frankfurt_000001_009854_leftImg8bit.png,,0.6186585337301244,0.38134146626987564,0.9490023851394653,0.9668549299240112,0.09846336394548416,0.08261366188526154,0.2122451812028885,0.9284038543701172,0.21408909559249878,-6.515119552612305,6.4743475914001465,0.006035456899553537,0.04683925583958626,457629,4.342645250289934,7.3945999993156875,16.27725425078097,1.0,0.0,126850,0.662590644107866,0.33740935589213406,21366,0.08388727903366089,0.0008993212832137942,14.6901815005549,0.032778769731521606,0.9672212302684784,0.11797130107879639,0.24400494992733002,0.03127841651439667,0.5078189969062805,0.4921810030937195,0.5269845724105835,0.5553789734840393,0.25057506561279297,0.5078189969062805,0.4921810030937195,0.5078189969062805,0.4921810030937195,0.7064733321989732,0.29352666780102676,0.9588684439659119,1.0,0.0,0.0,0.7001741923047688,0.29982580769523115,0.037583548196902905,0.08781479846884888,0.08781479846884888,0.02350812591612339,0.013642055913805962,0.9121852015311511,0.08781479846884888,0.03907313570380211,0.0034066897351294756,412586
b1_cityscapes_val,2026-07-07 05:27:26,cityscapes,val,all,student_skd,/scratch/gautschi/manors/hf_cache/hub/models--nvidia--mit-b1/snapshots/13ddceec4e8bdf401e7cd7acf5aebc526222518c,runs/mit-b1_skd_j9200315/student_skd.ckpt,skd,img_000074,/home/manors/Guardrail-Distillation/data/cityscapes/leftImg8bit/val/frankfurt/frankfurt_000001_010156_leftImg8bit.png,,0.5753059036310539,0.42469409636894606,0.9063659906387329,0.9521710276603699,0.11404667049646378,0.12531909346580505,0.2555520534515381,0.8912026882171631,0.3324994444847107,-6.483504772186279,6.424779415130615,0.010106213390827179,0.06337206065654755,440620,4.342645250289934,7.3945999993156875,16.27725425078097,0.3882563021224212,0.6117436978775788,126850,0.505953736131501,0.49404626386849904,36248,0.12738782167434692,0.0011986385798081756,14.6901815005549,0.05867265909910202,0.941327340900898,0.236251100897789,0.3538661003112793,0.060545455664396286,0.5151317119598389,0.48486828804016113,0.554344654083252,0.5842140316963196,0.28010693192481995,0.5151317119598389,0.48486828804016113,0.5151317119598389,0.48486828804016113,0.6400449162311274,0.35995508376887264,0.9157482385635376,0.5783746803512243,0.4216253196487757,0.19011837822880306,0.5447746567049797,0.4552253432950203,0.038820920573478745,0.06473901260007342,0.06473901260007342,0.024147789925336838,0.014765556901693344,0.9352609873999266,0.06473901260007342,0.043202757835388184,0.0016885297372937202,378235
b1_cityscapes_val,2026-07-07 05:27:26,cityscapes,val,all,student_skd,/scratch/gautschi/manors/hf_cache/hub/models--nvidia--mit-b1/snapshots/13ddceec4e8bdf401e7cd7acf5aebc526222518c,runs/mit-b1_skd_j9200315/student_skd.ckpt,skd,img_000075,/home/manors/Guardrail-Distillation/data/cityscapes/leftImg8bit/val/frankfurt/frankfurt_000001_010444_leftImg8bit.png,,0.592726167969626,0.40727383203037404,0.9220141172409058,0.9398905634880066,0.1293046772480011,0.1593199074268341,0.3012000620365143,0.8703217506408691,0.39149710536003113,-6.042465686798096,5.967453479766846,0.017895329743623734,0.08071794360876083,449838,4.342645250289934,7.3945999993156875,16.27725425078097,0.4999723460067634,0.5000276539932367,126564,0.545714061386209,0.45428593861379096,27729,0.16194197535514832,0.0017129952320829034,14.6901815005549,0.07242042571306229,0.9275795742869377,0.28333425521850586,0.38212820887565613,0.0644594058394432,0.5161092877388,0.48389071226119995,0.5657927393913269,0.5908472537994385,0.32014867663383484,0.5161092877388,0.48389071226119995,0.5161092877388,0.48389071226119995,0.7052382802071594,0.2947617197928406,0.9475566148757935,0.33330172702155286,0.6666982729784472,0.0,0.5926376217409518,0.4073623782590482,0.046923560354742766,0.11251211223753343,0.11251211223753343,0.038302674889564514,0.012760148383677006,0.8874878877624666,0.11251211223753343,0.05781636759638786,0.0034768071491271257,369931
b1_cityscapes_val,2026-07-07 05:27:26,cityscapes,val,all,student_skd,/scratch/gautschi/manors/hf_cache/hub/models--nvidia--mit-b1/snapshots/13ddceec4e8bdf401e7cd7acf5aebc526222518c,runs/mit-b1_skd_j9200315/student_skd.ckpt,skd,img_000076,/home/manors/Guardrail-Distillation/data/cityscapes/leftImg8bit/val/frankfurt/frankfurt_000001_010600_leftImg8bit.png,,0.4930602949463831,0.5069397050536169,0.9549816250801086,0.9649173617362976,0.10000001639127731,0.09080459177494049,0.22521044313907623,0.9207265377044678,0.24734900891780853,-6.626481533050537,6.583498001098633,0.006559068337082863,0.048373762518167496,395483,4.337067750384449,7.408384250084055,16.2585019998005,0.9729952832373615,0.027004716762638492,114972,0.35214197682447,0.64785802317553,75412,0.0921139121055603,0.0008366011315956712,14.678806000119948,0.04229140654206276,0.9577085934579372,0.1757322996854782,0.30027902126312256,0.03858786076307297,0.5096457600593567,0.4903542399406433,0.5394471883773804,0.5645192861557007,0.3040984570980072,0.5096457600593567,0.4903542399406433,0.5096457600593567,0.4903542399406433,0.5447802402205899,0.4552197597794101,0.965975821018219,0.9441910261312279,0.05580897386877215,0.0,0.4373471985181451,0.5626528014818549,0.08520522169367506,0.05171994527420676,0.05171994527420676,0.022448500618338585,0.01145434845238924,0.9482800547257932,0.05171994527420676,0.0357942059636116,0.0017902160761877894,353523
b1_cityscapes_val,2026-07-07 05:27:26,cityscapes,val,all,student_skd,/scratch/gautschi/manors/hf_cache/hub/models--nvidia--mit-b1/snapshots/13ddceec4e8bdf401e7cd7acf5aebc526222518c,runs/mit-b1_skd_j9200315/student_skd.ckpt,skd,img_000077,/home/manors/Guardrail-Distillation/data/cityscapes/leftImg8bit/val/frankfurt/frankfurt_000001_010830_leftImg8bit.png,,0.6807794243646186,0.3192205756353814,0.9463173151016235,0.9565439820289612,0.1054709404706955,0.11234267801046371,0.2302519679069519,0.9015247821807861,0.29105865955352783,-6.643083572387695,6.590569972991943,0.0059775435365736485,0.05450597405433655,425091,4.337067750384449,7.408384250084055,16.2585019998005,1.0,0.0,110338,0.5516318264862567,0.44836817351374325,72573,0.11399336904287338,0.0009912404930219054,14.678806000119948,0.047228727489709854,0.9527712725102901,0.18724945187568665,0.2878878712654114,0.03944427892565727,0.5098598003387451,0.4901401996612549,0.5428344011306763,0.5663214325904846,0.31586888432502747,0.5098598003387451,0.4901401996612549,0.5098598003387451,0.4901401996612549,0.7318332994483498,0.26816670055165015,0.9554142355918884,0.4995785676738748,0.5004214323261251,0.0,0.5735705162181491,0.42642948378185086,0.02193868973189239,0.05105387508373127,0.05105387508373127,0.02061440795660019,0.011517533101141453,0.9489461249162687,0.05105387508373127,0.0345173142850399,0.0015714281471446157,368166
b1_cityscapes_val,2026-07-07 05:27:26,cityscapes,val,all,student_skd,/scratch/gautschi/manors/hf_cache/hub/models--nvidia--mit-b1/snapshots/13ddceec4e8bdf401e7cd7acf5aebc526222518c,runs/mit-b1_skd_j9200315/student_skd.ckpt,skd,img_000078,/home/manors/Guardrail-Distillation/data/cityscapes/leftImg8bit/val/frankfurt/frankfurt_000001_011162_leftImg8bit.png,,0.6052817269436038,0.3947182730563962,0.9284166097640991,0.9452812075614929,0.12110596150159836,0.14259079098701477,0.26965823769569397,0.8789016604423523,0.3631831705570221,-6.112130641937256,6.044816493988037,0.012024407275021076,0.07409239560365677,424470,4.337067750384449,7.408384250084055,16.2585019998005,0.9477328951625769,0.05226710483742314,126850,0.45515977073392533,0.5448402292660747,29434,0.1446373164653778,0.0012425360037013888,14.678806000119948,0.0716492235660553,0.9283507764339447,0.28065159916877747,0.37632250785827637,0.07224185019731522,0.5180525779724121,0.4819474220275879,0.5686214566230774,0.5951537489891052,0.29648834466934204,0.5180525779724121,0.4819474220275879,0.5180525779724121,0.4819474220275879,0.5044133931065556,0.49558660689344436,0.9441892504692078,0.9620250743790558,0.03797492562094418,0.014292179216478962,0.3499899535986907,0.6500100464013093,0.0,0.0,0.0,0.033583056181669235,0.01781044714152813,1.0,0.0,0.05902419611811638,0.003910759463906288,355805
b1_cityscapes_val,2026-07-07 05:27:26,cityscapes,val,all,student_skd,/scratch/gautschi/manors/hf_cache/hub/models--nvidia--mit-b1/snapshots/13ddceec4e8bdf401e7cd7acf5aebc526222518c,runs/mit-b1_skd_j9200315/student_skd.ckpt,skd,img_000079,/home/manors/Guardrail-Distillation/data/cityscapes/leftImg8bit/val/frankfurt/frankfurt_000001_011715_leftImg8bit.png,,0.6611105877800802,0.33888941221991975,0.9409120678901672,0.9584347009658813,0.10696620494127274,0.11148463189601898,0.24151664972305298,0.8992143869400024,0.31735795736312866,-6.291961669921875,6.240979194641113,0.009786195121705532,0.053751010447740555,458503,4.337067750384449,7.408384250084055,16.2585019998005,0.8914710630941518,0.1085289369058482,126850,0.5896263638031594,0.41037363619684064,51520,0.11349845677614212,0.0012166155502200127,14.678806000119948,0.05636576935648918,0.9436342306435108,0.21606530249118805,0.32507264614105225,0.0516592338681221,0.5129119157791138,0.48708808422088623,0.5504148602485657,0.5783299803733826,0.3097172975540161,0.5129119157791138,0.48708808422088623,0.5129119157791138,0.48708808422088623,0.7531910028357528,0.2468089971642472,0.9529228806495667,0.8844006611002279,0.11559933889977214,0.0,0.6724575269291244,0.3275424730708756,0.08283116312596506,0.09208041505567255,0.09208041505567255,0.025816624984145164,0.013805798254907131,0.9079195849443275,0.09208041505567255,0.0455133318901062,0.00208068429492414,402531
b1_cityscapes_val,2026-07-07 05:27:26,cityscapes,val,all,student_skd,/scratch/gautschi/manors/hf_cache/hub/models--nvidia--mit-b1/snapshots/13ddceec4e8bdf401e7cd7acf5aebc526222518c,runs/mit-b1_skd_j9200315/student_skd.ckpt,skd,img_000080,/home/manors/Guardrail-Distillation/data/cityscapes/leftImg8bit/val/frankfurt/frankfurt_000001_011835_leftImg8bit.png,,0.592307217751251,0.40769278224874905,0.9334853887557983,0.9572150111198425,0.104644276201725,0.1149010881781578,0.23157525062561035,0.8950212597846985,0.3228890597820282,-6.088537693023682,6.03676700592041,0.008260567672550678,0.05192232504487038,460380,4.383124750347633,7.41450950044964,16.266187999463,0.8532039961302559,0.14679600386974412,126850,0.6283189884707632,0.3716810115292368,85853,0.11670678108930588,0.0011283671483397484,14.684524250696995,0.06601981818675995,0.93398018181324,0.23795107007026672,0.3256478011608124,0.05706099048256874,0.5142613649368286,0.4857386350631714,0.5574933290481567,0.5807464122772217,0.3434031307697296,0.5142613649368286,0.4857386350631714,0.5142613649368286,0.4857386350631714,0.7154484496117298,0.2845515503882702,0.9604696035385132,0.9216899817619928,0.0783100182380072,0.06848598563173691,0.7491673341149094,0.25083266588509057,0.12084834564414626,0.12314123186047887,0.12314123186047887,0.03596159815788269,0.008977366611361504,0.8768587681395211,0.12314123186047887,0.0484577938914299,0.0067335679195821285,401346
b1_cityscapes_val,2026-07-07 05:27:26,cityscapes,val,all,student_skd,/scratch/gautschi/manors/hf_cache/hub/models--nvidia--mit-b1/snapshots/13ddceec4e8bdf401e7cd7acf5aebc526222518c,runs/mit-b1_skd_j9200315/student_skd.ckpt,skd,img_000081,/home/manors/Guardrail-Distillation/data/cityscapes/leftImg8bit/val/frankfurt/frankfurt_000001_012038_leftImg8bit.png,,0.5758280473624614,0.4241719526375386,0.9364692568778992,0.9558207988739014,0.10957689583301544,0.1161528155207634,0.24663914740085602,0.898900032043457,0.30979475378990173,-6.384175777435303,6.33012056350708,0.009057970717549324,0.0581204928457737,448224,4.383124750347633,7.41450950044964,16.266187999463,0.869280105595128,0.13071989440487197,126850,0.5200635578680551,0.47993644213194486,33240,0.11798391491174698,0.0011773041915148497,14.684524250696995,0.05156868323683739,0.9484313167631626,0.20833007991313934,0.30180832743644714,0.0478084534406662,0.5119498372077942,0.4880501627922058,0.5495210289955139,0.5750645399093628,0.2900327444076538,0.5119498372077942,0.4880501627922058,0.5119498372077942,0.4880501627922058,0.6072619908903679,0.3927380091096321,0.9502882361412048,0.8221994237592662,0.17780057624073375,0.0,0.5286700437458819,0.4713299562541181,0.008606485877826753,0.031433943527906516,0.031433943527906516,0.02478894405066967,0.010969961062073708,0.9685660564720935,0.031433943527906516,0.04270632565021515,0.0021685585379600525,388464
b1_cityscapes_val,2026-07-07 05:27:26,cityscapes,val,all,student_skd,/scratch/gautschi/manors/hf_cache/hub/models--nvidia--mit-b1/snapshots/13ddceec4e8bdf401e7cd7acf5aebc526222518c,runs/mit-b1_skd_j9200315/student_skd.ckpt,skd,img_000082,/home/manors/Guardrail-Distillation/data/cityscapes/leftImg8bit/val/frankfurt/frankfurt_000001_012519_leftImg8bit.png,,0.49086581286833847,0.5091341871316615,0.9045054316520691,0.9587021470069885,0.10709049552679062,0.10608738660812378,0.23576900362968445,0.9075718522071838,0.279074490070343,-6.586632251739502,6.5359978675842285,0.008204177021980286,0.05563702806830406,445261,4.383124750347633,7.41450950044964,16.266187999463,0.46950278788690125,0.5304972121130987,126850,0.7806562619186207,0.2193437380813793,56542,0.10804988443851471,0.0011122786672785878,14.684524250696995,0.05109122768044472,0.9489087723195553,0.2085256427526474,0.32387515902519226,0.04467770457267761,0.511167585849762,0.48883241415023804,0.54662024974823,0.573310911655426,0.2794426679611206,0.511167585849762,0.48883241415023804,0.511167585849762,0.48883241415023804,0.6153291299099406,0.3846708700900594,0.9328371286392212,0.47777321152229185,0.5222267884777081,0.008270423635390656,0.8448916449967375,0.15510835500326248,0.06423538307811683,0.12446331704160207,0.12446331704160207,0.04113766923546791,0.012805972248315811,0.8755366829583979,0.12446331704160207,0.05984804406762123,0.012594860047101974,390109
b1_cityscapes_val,2026-07-07 05:27:26,cityscapes,val,all,student_skd,/scratch/gautschi/manors/hf_cache/hub/models--nvidia--mit-b1/snapshots/13ddceec4e8bdf401e7cd7acf5aebc526222518c,runs/mit-b1_skd_j9200315/student_skd.ckpt,skd,img_000083,/home/manors/Guardrail-Distillation/data/cityscapes/leftImg8bit/val/frankfurt/frankfurt_000001_012699_leftImg8bit.png,,0.523075016893007,0.47692498310699305,0.9073540568351746,0.9541853666305542,0.10662810504436493,0.11744708567857742,0.22795698046684265,0.8953534364700317,0.31437385082244873,-6.157181739807129,6.1021342277526855,0.004999004304409027,0.05698096752166748,416683,4.383124750347633,7.41450950044964,16.266187999463,0.5086292908292023,0.4913707091707977,126850,0.3203061105269307,0.6796938894730693,22874,0.11950410157442093,0.0014358852058649063,14.684524250696995,0.05999000370502472,0.9400099962949753,0.23556369543075562,0.32821595668792725,0.07371227443218231,0.5184197425842285,0.4815802574157715,0.5692593455314636,0.6020564436912537,0.2980533540248871,0.5184197425842285,0.4815802574157715,0.5184197425842285,0.4815802574157715,0.6487796443619473,0.35122035563805265,0.9564512968063354,0.7248165193468945,0.2751834806531055,0.21618722851769223,0.48021868539774903,0.519781314602251,0.15991257487081834,0.1257046274689404,0.1257046274689404,0.05966886132955551,0.010571585968136787,0.8742953725310596,0.1257046274689404,0.07449547946453094,0.01830168254673481,356236
b1_cityscapes_val,2026-07-07 05:27:27,cityscapes,val,all,student_skd,/scratch/gautschi/manors/hf_cache/hub/models--nvidia--mit-b1/snapshots/13ddceec4e8bdf401e7cd7acf5aebc526222518c,runs/mit-b1_skd_j9200315/student_skd.ckpt,skd,img_000084,/home/manors/Guardrail-Distillation/data/cityscapes/leftImg8bit/val/frankfurt/frankfurt_000001_012738_leftImg8bit.png,,0.46209502493538784,0.5379049750646121,0.7272972464561462,0.9613782167434692,0.0991099625825882,0.11439025402069092,0.23614712059497833,0.884596049785614,0.40371376276016235,-5.684751033782959,5.6381425857543945,0.008446640335023403,0.045439258217811584,431059,4.351240249889088,7.417192749926471,16.252890749456128,0.5549725756235838,0.4450274243764162,121286,0.4275252110215993,0.5724747889784008,52461,0.11685886234045029,0.0012623254442587495,14.687639499243232,0.09138620644807816,0.9086137935519218,0.3139117956161499,0.41046881675720215,0.10604582726955414,0.5264866352081299,0.4735133647918701,0.5926572680473328,0.6355480551719666,0.3041664659976959,0.5264866352081299,0.4735133647918701,0.5264866352081299,0.4735133647918701,0.43838696526974474,0.5616130347302553,0.7307236790657043,0.38106005791586534,0.6189399420841346,0.0,0.475814708442169,0.524185291557831,0.04828949742056976,0.0,0.0,0.013612986542284489,0.010186540894210339,1.0,0.0,0.12623098492622375,0.0018326957942917943,383091
b1_cityscapes_val,2026-07-07 05:27:27,cityscapes,val,all,student_skd,/scratch/gautschi/manors/hf_cache/hub/models--nvidia--mit-b1/snapshots/13ddceec4e8bdf401e7cd7acf5aebc526222518c,runs/mit-b1_skd_j9200315/student_skd.ckpt,skd,img_000085,/home/manors/Guardrail-Distillation/data/cityscapes/leftImg8bit/val/frankfurt/frankfurt_000001_012870_leftImg8bit.png,,0.5876110554928723,0.4123889445071277,0.9213050007820129,0.9511227607727051,0.114372618496418,0.1266767680644989,0.24999649822711945,0.8892704248428345,0.3361756503582001,-6.126733779907227,6.066972732543945,0.009102213196456432,0.06582153588533401,417371,4.351240249889088,7.417192749926471,16.252890749456128,0.6141340087167728,0.3858659912832272,107604,0.6037491200804443,0.39625087991955565,58169,0.12875515222549438,0.001346310367807746,14.687639499243232,0.0530519112944603,0.9469480887055397,0.2110188603401184,0.3022688925266266,0.04413449764251709,0.5110318064689636,0.4889681935310364,0.5508528351783752,0.5742090940475464,0.30215123295783997,0.5110318064689636,0.4889681935310364,0.5110318064689636,0.4889681935310364,0.6361028692381144,0.36389713076188557,0.939245879650116,0.48102965242116325,0.5189703475788368,0.0,0.6664681841736528,0.33353181582634717,0.06271906409320849,0.04849181374524214,0.04849181374524214,0.027203615754842758,0.009262742474675179,0.9515081862547579,0.04849181374524214,0.04106657952070236,0.001653205370530486,356246
b1_cityscapes_val,2026-07-07 05:27:27,cityscapes,val,all,student_skd,/scratch/gautschi/manors/hf_cache/hub/models--nvidia--mit-b1/snapshots/13ddceec4e8bdf401e7cd7acf5aebc526222518c,runs/mit-b1_skd_j9200315/student_skd.ckpt,skd,img_000086,/home/manors/Guardrail-Distillation/data/cityscapes/leftImg8bit/val/frankfurt/frankfurt_000001_013016_leftImg8bit.png,,0.6030528848516554,0.3969471151483446,0.9266155958175659,0.9649822115898132,0.09664531797170639,0.09251521527767181,0.21319836378097534,0.9142172336578369,0.2698039710521698,-6.633220672607422,6.5908203125,0.0060474141500890255,0.04355616867542267,459866,4.351240249889088,7.417192749926471,16.252890749456128,0.4429693400319107,0.5570306599680893,126264,0.6579519074188792,0.3420480925811208,117778,0.09430576115846634,0.0011829135473817587,14.687639499243232,0.04559681564569473,0.9544031843543053,0.1674589216709137,0.2608110308647156,0.0375627763569355,0.5093895792961121,0.49061042070388794,0.5377142429351807,0.5609487295150757,0.3221242129802704,0.5093895792961121,0.49061042070388794,0.5093895792961121,0.49061042070388794,0.6615149220126215,0.3384850779873785,0.950866162776947,0.8638212032161836,0.1361787967838164,0.4208518631842729,0.6542772429168885,0.3457227570831115,0.0,0.058462037160966096,0.058462037160966096,0.03529941290616989,0.011048871092498302,0.9415379628390339,0.058462037160966096,0.04926217719912529,0.012057860381901264,411035
b1_cityscapes_val,2026-07-07 05:27:27,cityscapes,val,all,student_skd,/scratch/gautschi/manors/hf_cache/hub/models--nvidia--mit-b1/snapshots/13ddceec4e8bdf401e7cd7acf5aebc526222518c,runs/mit-b1_skd_j9200315/student_skd.ckpt,skd,img_000087,/home/manors/Guardrail-Distillation/data/cityscapes/leftImg8bit/val/frankfurt/frankfurt_000001_013496_leftImg8bit.png,,0.5177514739144006,0.4822485260855994,0.9444854259490967,0.9680822491645813,0.09616702795028687,0.08436523377895355,0.21819044649600983,0.9248227477073669,0.23708084225654602,-6.749172210693359,6.709921836853027,0.007554707117378712,0.04213911294937134,455610,4.351240249889088,7.417192749926471,16.252890749456128,1.0,0.0,122367,0.5540476841312085,0.44595231586879147,65118,0.08572298288345337,0.0008067322778515518,14.687639499243232,0.03887339308857918,0.9611266069114208,0.14674997329711914,0.2828924357891083,0.03906211256980896,0.5097643136978149,0.49023568630218506,0.5383358597755432,0.5667418241500854,0.28123635053634644,0.5097643136978149,0.49023568630218506,0.5097643136978149,0.49023568630218506,0.637612206265078,0.362387793734922,0.9625096321105957,1.0,0.0,0.0,0.6274728650004877,0.3725271349995123,0.07342518086927918,0.1198607323506774,0.1198607323506774,0.028100788593292236,0.010076601058244705,0.8801392676493226,0.1198607323506774,0.0410921648144722,0.005133776925504208,412082
b1_cityscapes_val,2026-07-07 05:27:27,cityscapes,val,all,student_skd,/scratch/gautschi/manors/hf_cache/hub/models--nvidia--mit-b1/snapshots/13ddceec4e8bdf401e7cd7acf5aebc526222518c,runs/mit-b1_skd_j9200315/student_skd.ckpt,skd,img_000088,/home/manors/Guardrail-Distillation/data/cityscapes/leftImg8bit/val/frankfurt/frankfurt_000001_013710_leftImg8bit.png,,0.5458258902983394,0.4541741097016606,0.9196656346321106,0.958906888961792,0.10834303498268127,0.10622936487197876,0.2458621710538864,0.909055233001709,0.2778128981590271,-6.431640148162842,6.380926132202148,0.008622299879789352,0.056176312267780304,460550,4.374567250124528,7.400726999549079,16.266320750219165,0.55159694923472,0.44840305076528,126850,0.34484115425440803,0.6551588457455919,23243,0.10796807706356049,0.0010268521727994084,14.687578250232036,0.05174960941076279,0.9482503905892372,0.20991693437099457,0.32168182730674744,0.05408508703112602,0.5135179758071899,0.48648202419281006,0.5538564920425415,0.5826534032821655,0.2828686535358429,0.5135179758071899,0.48648202419281006,0.5135179758071899,0.48648202419281006,0.6064196803495732,0.39358031965042684,0.9471262693405151,0.7231590165194123,0.2768409834805877,0.17156206728469225,0.4158516959893772,0.5841483040106228,0.07101054173496912,0.060593790051233776,0.060593790051233776,0.03981760889291763,0.012356964871287346,0.9394062099487662,0.060593790051233776,0.05836283043026924,0.01434589084237814,404073
b1_cityscapes_val,2026-07-07 05:27:27,cityscapes,val,all,student_skd,/scratch/gautschi/manors/hf_cache/hub/models--nvidia--mit-b1/snapshots/13ddceec4e8bdf401e7cd7acf5aebc526222518c,runs/mit-b1_skd_j9200315/student_skd.ckpt,skd,img_000089,/home/manors/Guardrail-Distillation/data/cityscapes/leftImg8bit/val/frankfurt/frankfurt_000001_014221_leftImg8bit.png,,0.672444892283139,0.327555107716861,0.9528196454048157,0.9668896198272705,0.09686467051506042,0.08671046048402786,0.21946494281291962,0.9240832924842834,0.2330489307641983,-6.7075653076171875,6.666999340057373,0.006429116707295179,0.04333403334021568,447962,4.374567250124528,7.400726999549079,16.266320750219165,0.9505820237920979,0.049417976207902115,120972,0.47752445991131875,0.5224755400886812,58800,0.08810567110776901,0.0008199903531931341,14.687578250232036,0.041103996336460114,0.9588960036635399,0.15552733838558197,0.2783662676811218,0.03364429995417595,0.5084102749824524,0.4915897250175476,0.5359922647476196,0.558210551738739,0.272132933139801,0.5084102749824524,0.4915897250175476,0.5084102749824524,0.4915897250175476,0.7129894050514429,0.2870105949485571,0.959018886089325,0.9468842689935011,0.05311573100649891,0.0,0.5384402363389136,0.4615597636610864,0.060915776427594825,0.04054451276830395,0.04054451276830395,0.01808858849108219,0.011889401823282242,0.959455487231696,0.04054451276830395,0.03448953479528427,0.001895250054076314,403364
b1_cityscapes_val,2026-07-07 05:27:27,cityscapes,val,all,student_skd,/scratch/gautschi/manors/hf_cache/hub/models--nvidia--mit-b1/snapshots/13ddceec4e8bdf401e7cd7acf5aebc526222518c,runs/mit-b1_skd_j9200315/student_skd.ckpt,skd,img_000090,/home/manors/Guardrail-Distillation/data/cityscapes/leftImg8bit/val/frankfurt/frankfurt_000001_014406_leftImg8bit.png,,0.6737434180786569,0.3262565819213431,0.9409312009811401,0.9613223075866699,0.10280606895685196,0.10147491097450256,0.2295662760734558,0.9119919538497925,0.26395320892333984,-6.8536200523376465,6.806433200836182,0.007454737089574337,0.050392258912324905,453403,4.374567250124528,7.400726999549079,16.266320750219165,1.0,0.0,126850,0.8446370208906503,0.1553629791093497,32271,0.10336928814649582,0.0011616767151281238,14.687578250232036,0.04561510309576988,0.9543848969042301,0.17588597536087036,0.2861739695072174,0.04421856254339218,0.5110528469085693,0.48894715309143066,0.5413247346878052,0.5646559000015259,0.2694855034351349,0.5110528469085693,0.48894715309143066,0.5110528469085693,0.48894715309143066,0.7392658045361057,0.2607341954638943,0.9544798135757446,1.0,0.0,0.0,0.8658894488487693,0.13411055115123072,0.02125242795811899,0.06552238645744879,0.06552238645744879,0.025412272661924362,0.011863618157804012,0.9344776135425512,0.06552238645744879,0.040251169353723526,0.004331687465310097,400885
b1_cityscapes_val,2026-07-07 05:27:27,cityscapes,val,all,student_skd,/scratch/gautschi/manors/hf_cache/hub/models--nvidia--mit-b1/snapshots/13ddceec4e8bdf401e7cd7acf5aebc526222518c,runs/mit-b1_skd_j9200315/student_skd.ckpt,skd,img_000091,/home/manors/Guardrail-Distillation/data/cityscapes/leftImg8bit/val/frankfurt/frankfurt_000001_014565_leftImg8bit.png,,0.4284522485754086,0.5715477514245915,0.9189334511756897,0.9699172377586365,0.09432632476091385,0.07998903840780258,0.2173468917608261,0.9268056750297546,0.23911990225315094,-5.793222427368164,5.75611686706543,0.007059618830680847,0.04141516238451004,420136,4.374567250124528,7.400726999549079,16.266320750219165,0.6626906317325986,0.33730936826740143,95580,0.2163281803050784,0.7836718196949216,17534,0.0825042799115181,0.001682896283455193,14.687578250232036,0.053107406944036484,0.9468925930559635,0.21395725011825562,0.3519481420516968,0.06288941949605942,0.5157171487808228,0.48428285121917725,0.5498243570327759,0.5963959097862244,0.2800818085670471,0.5157171487808228,0.48428285121917725,0.5157171487808228,0.48428285121917725,0.5648681909061875,0.43513180909381255,0.9663276076316833,0.6662142072264237,0.33378579277357634,0.003523575493825093,0.47211988062931104,0.527880119370689,0.2557917003242326,0.13641594233077892,0.13641594233077892,0.055567722767591476,0.008173543959856033,0.8635840576692211,0.13641594233077892,0.06759478151798248,0.026053469628095627,383495
b1_cityscapes_val,2026-07-07 05:27:27,cityscapes,val,all,student_skd,/scratch/gautschi/manors/hf_cache/hub/models--nvidia--mit-b1/snapshots/13ddceec4e8bdf401e7cd7acf5aebc526222518c,runs/mit-b1_skd_j9200315/student_skd.ckpt,skd,img_000092,/home/manors/Guardrail-Distillation/data/cityscapes/leftImg8bit/val/frankfurt/frankfurt_000001_014741_leftImg8bit.png,,0.582953696297037,0.41704630370296303,0.9115055203437805,0.948146641254425,0.12010881304740906,0.12894560396671295,0.26288431882858276,0.8941739797592163,0.3058134615421295,-6.257130146026611,6.193093299865723,0.00998980738222599,0.07313697785139084,438547,4.356977749921498,7.404078999570629,16.26890174975415,0.995197377162728,0.004802622837271953,111935,0.5116887108757797,0.4883112891242203,13836,0.1308455616235733,0.0014693003613501787,14.682937250654504,0.06031277775764465,0.9396872222423553,0.24798360466957092,0.35794535279273987,0.06592974811792374,0.5164765119552612,0.48352348804473877,0.5578464269638062,0.5841373205184937,0.2643944025039673,0.5164765119552612,0.48352348804473877,0.5164765119552612,0.48352348804473877,0.6279667387138869,0.37203326128611314,0.9383806586265564,1.0,0.0,0.004802622837271953,0.5235194298905991,0.4764805701094009,0.011830719014819358,0.04501304241684989,0.04501304241684989,0.046610742807388306,0.019735626876354218,0.9549869575831501,0.04501304241684989,0.07152026891708374,0.005185305140912533,369517
b1_cityscapes_val,2026-07-07 05:27:27,cityscapes,val,all,student_skd,/scratch/gautschi/manors/hf_cache/hub/models--nvidia--mit-b1/snapshots/13ddceec4e8bdf401e7cd7acf5aebc526222518c,runs/mit-b1_skd_j9200315/student_skd.ckpt,skd,img_000093,/home/manors/Guardrail-Distillation/data/cityscapes/leftImg8bit/val/frankfurt/frankfurt_000001_015091_leftImg8bit.png,,0.6428024670324414,0.35719753296755863,0.9659367203712463,0.97409588098526,0.08572586625814438,0.06832555681467056,0.18836644291877747,0.9353259801864624,0.20561611652374268,-6.988257884979248,6.956675052642822,0.005179127212613821,0.033446796238422394,457413,4.356977749921498,7.404078999570629,16.26890174975415,0.9501852049313916,0.04981479506860842,126850,0.8163254789480764,0.1836745210519236,42103,0.06951948255300522,0.0006646271795034409,14.682937250654504,0.032521434128284454,0.9674785658717155,0.11027985066175461,0.21944448351860046,0.02715371735394001,0.5067880153656006,0.4932119846343994,0.5252450108528137,0.5504268407821655,0.26357510685920715,0.5067880153656006,0.4932119846343994,0.5067880153656006,0.4932119846343994,0.8334779103439991,0.1665220896560009,0.9766862988471985,0.9620018498364175,0.037998150163582545,0.011816644905025875,0.8168791190608509,0.18312088093914913,0.0005536401127744783,0.19067544331155772,0.19067544331155772,0.016365954652428627,0.005616368725895882,0.8093245566884423,0.19067544331155772,0.02402205392718315,0.0019238631939515471,423037
b1_cityscapes_val,2026-07-07 05:27:27,cityscapes,val,all,student_skd,/scratch/gautschi/manors/hf_cache/hub/models--nvidia--mit-b1/snapshots/13ddceec4e8bdf401e7cd7acf5aebc526222518c,runs/mit-b1_skd_j9200315/student_skd.ckpt,skd,img_000094,/home/manors/Guardrail-Distillation/data/cityscapes/leftImg8bit/val/frankfurt/frankfurt_000001_015328_leftImg8bit.png,,0.5128635080668648,0.48713649193313524,0.9717751741409302,0.9838820695877075,0.06826510280370712,0.04025894030928612,0.143472820520401,0.9612407684326172,0.1239829733967781,-7.207022190093994,7.187479496002197,0.0022355231922119856,0.02114241197705269,457611,4.356977749921498,7.404078999570629,16.26890174975415,0.7812113100577363,0.21878868994226375,125543,0.3560634182172227,0.6439365817827774,99205,0.04086722061038017,0.00044929792056791484,14.682937250654504,0.01630335859954357,0.9836966414004564,0.019502732902765274,0.11027389764785767,0.005388535559177399,0.5013471245765686,0.4986528754234314,0.5088507533073425,0.5235868096351624,0.25836002826690674,0.5013471245765686,0.4986528754234314,0.5013471245765686,0.4986528754234314,0.5923246040782798,0.4076753959217202,0.9781364798545837,0.8396417311517496,0.16035826884825044,0.05843042109401331,0.5320287255142973,0.46797127448570275,0.1759653072970746,0.07946109601141504,0.07946109601141504,0.010716525837779045,0.004355227574706078,0.920538903988585,0.07946109601141504,0.016538064926862717,0.0010314438259229064,435172
b1_cityscapes_val,2026-07-07 05:27:27,cityscapes,val,all,student_skd,/scratch/gautschi/manors/hf_cache/hub/models--nvidia--mit-b1/snapshots/13ddceec4e8bdf401e7cd7acf5aebc526222518c,runs/mit-b1_skd_j9200315/student_skd.ckpt,skd,img_000095,/home/manors/Guardrail-Distillation/data/cityscapes/leftImg8bit/val/frankfurt/frankfurt_000001_015768_leftImg8bit.png,,0.5572562222560511,0.4427437777439489,0.880457878112793,0.969305157661438,0.0902085080742836,0.07951726019382477,0.19700950384140015,0.9291102290153503,0.21258129179477692,-6.90376091003418,6.866780757904053,0.004267864860594273,0.03783213347196579,381924,4.356977749921498,7.404078999570629,16.26890174975415,0.576105684062836,0.423894315937164,126645,0.6442515093702275,0.35574849062977254,100824,0.08069351315498352,0.0007108637364581227,14.682937250654504,0.034844085574150085,0.9651559144258499,0.13723012804985046,0.24981290102005005,0.03528252989053726,0.5088196992874146,0.49118030071258545,0.5351197123527527,0.566969633102417,0.31184956431388855,0.5088196992874146,0.49118030071258545,0.5088196992874146,0.49118030071258545,0.7471047071156866,0.25289529288431345,0.973332405090332,0.8611402207835699,0.1388597792164301,0.28503453672073387,0.7743963041099259,0.22560369589007412,0.13014479473969842,0.18984848485963546,0.18984848485963546,0.09663179516792297,0.0037572921719402075,0.8101515151403645,0.18984848485963546,0.10281888395547867,0.06023711711168289,345367
b1_cityscapes_val,2026-07-07 05:27:27,cityscapes,val,all,student_skd,/scratch/gautschi/manors/hf_cache/hub/models--nvidia--mit-b1/snapshots/13ddceec4e8bdf401e7cd7acf5aebc526222518c,runs/mit-b1_skd_j9200315/student_skd.ckpt,skd,img_000096,/home/manors/Guardrail-Distillation/data/cityscapes/leftImg8bit/val/frankfurt/frankfurt_000001_016029_leftImg8bit.png,,0.5320729571804268,0.4679270428195732,0.8941174745559692,0.9405113458633423,0.12841925024986267,0.1521862894296646,0.28601038455963135,0.8767129778862,0.35945412516593933,-6.540292739868164,6.466449737548828,0.016079967841506004,0.08422422409057617,454976,4.402555249725992,7.414266000523639,16.310436250023486,0.8406678148502628,0.15933218514973724,126850,0.37216182932756414,0.6278381706724359,15251,0.15418431162834167,0.0014531692722812295,14.677796500109253,0.07183285802602768,0.9281671419739723,0.29801180958747864,0.40185874700546265,0.07125253230333328,0.5178055763244629,0.4821944236755371,0.5679259300231934,0.5975067615509033,0.2752264738082886,0.5178055763244629,0.4821944236755371,0.5178055763244629,0.4821944236755371,0.626134091915432,0.373865908084568,0.9293391108512878,0.9251000071801875,0.07489999281981252,0.08443219232992472,0.3739677464500397,0.6260322535499603,0.0018059171224755755,0.09406113473500521,0.09406113473500521,0.05071256309747696,0.015490926802158356,0.9059388652649948,0.09406113473500521,0.07166971266269684,0.006653097923845053,375062
b1_cityscapes_val,2026-07-07 05:27:27,cityscapes,val,all,student_skd,/scratch/gautschi/manors/hf_cache/hub/models--nvidia--mit-b1/snapshots/13ddceec4e8bdf401e7cd7acf5aebc526222518c,runs/mit-b1_skd_j9200315/student_skd.ckpt,skd,img_000097,/home/manors/Guardrail-Distillation/data/cityscapes/leftImg8bit/val/frankfurt/frankfurt_000001_016273_leftImg8bit.png,,0.592785188679298,0.40721481132070203,0.9538079500198364,0.9690902829170227,0.09157347679138184,0.07991359382867813,0.20024368166923523,0.9264242053031921,0.2301788032054901,-6.853335380554199,6.815948486328125,0.0040238420478999615,0.040046367794275284,432174,4.402555249725992,7.414266000523639,16.310436250023486,0.9057163606181992,0.09428363938180084,126564,0.6288714211266488,0.37112857887335116,22328,0.0812782570719719,0.0007616240764036775,14.677796500109253,0.0425063818693161,0.9574936181306839,0.17583060264587402,0.289858877658844,0.036892857402563095,0.509222149848938,0.490777850151062,0.5388392806053162,0.570223867893219,0.2799815237522125,0.509222149848938,0.490777850151062,0.509222149848938,0.490777850151062,0.5750228748981937,0.4249771251018063,0.9585490822792053,0.9181687977922696,0.08183120220773044,0.012452437174070408,0.4783902234938819,0.5216097765061181,0.0,0.0,0.0,0.01507031824439764,0.010329172946512699,1.0,0.0,0.030584901571273804,0.0018788727466017008,391275
b1_cityscapes_val,2026-07-07 05:27:27,cityscapes,val,all,student_skd,/scratch/gautschi/manors/hf_cache/hub/models--nvidia--mit-b1/snapshots/13ddceec4e8bdf401e7cd7acf5aebc526222518c,runs/mit-b1_skd_j9200315/student_skd.ckpt,skd,img_000098,/home/manors/Guardrail-Distillation/data/cityscapes/leftImg8bit/val/frankfurt/frankfurt_000001_016462_leftImg8bit.png,,0.5884261433292763,0.41157385667072366,0.8861857056617737,0.9384016990661621,0.13163287937641144,0.15824812650680542,0.29415345191955566,0.8690722584724426,0.3919307589530945,-6.528744697570801,6.451789379119873,0.01832052506506443,0.0868244394659996,443055,4.402555249725992,7.414266000523639,16.310436250023486,0.39862935117045073,0.6013706488295493,126679,0.45495740092014114,0.5450425990798589,73721,0.16070912778377533,0.001990613527595997,14.677796500109253,0.0706634372472763,0.9293365627527237,0.2779516279697418,0.373666375875473,0.06744086742401123,0.5168538093566895,0.48314619064331055,0.5684790015220642,0.598792552947998,0.3459256887435913,0.5168538093566895,0.48314619064331055,0.5168538093566895,0.48314619064331055,0.6573502409588029,0.3426497590411971,0.9241516590118408,0.5204895181078404,0.4795104818921596,0.12186016693738966,0.6454125879536099,0.3545874120463901,0.19045518703346875,0.06892409762952656,0.06892409762952656,0.059096500277519226,0.021130559965968132,0.9310759023704734,0.06892409762952656,0.0923316553235054,0.01760278083384037,363328
b1_cityscapes_val,2026-07-07 05:27:27,cityscapes,val,all,student_skd,/scratch/gautschi/manors/hf_cache/hub/models--nvidia--mit-b1/snapshots/13ddceec4e8bdf401e7cd7acf5aebc526222518c,runs/mit-b1_skd_j9200315/student_skd.ckpt,skd,img_000099,/home/manors/Guardrail-Distillation/data/cityscapes/leftImg8bit/val/frankfurt/frankfurt_000001_017101_leftImg8bit.png,,0.6141614319555104,0.38583856804448957,0.9039916396141052,0.9437483549118042,0.12759555876255035,0.15060698986053467,0.2982805073261261,0.8744899034500122,0.390794962644577,-6.38877010345459,6.318249225616455,0.01832573488354683,0.07873422652482986,462137,4.402555249725992,7.414266000523639,16.310436250023486,0.7182515227326581,0.28174847726734187,126850,0.5713578092567246,0.42864219074327536,20373,0.1535632312297821,0.0018880132120102644,14.677796500109253,0.0669960081577301,0.9330039918422699,0.25986549258232117,0.36486688256263733,0.06382368505001068,0.5159505009651184,0.4840494990348816,0.5627982020378113,0.591779351234436,0.3126468062400818,0.5159505009651184,0.4840494990348816,0.5159505009651184,0.4840494990348816,0.6752490287274954,0.32475097127250463,0.9434409737586975,0.8945829094183898,0.1054170905816102,0.17633138668573167,0.5884483028987321,0.41155169710126793,0.01709049364200743,0.06108759677198494,0.06108759677198494,0.05160591006278992,0.012156568467617035,0.9389124032280151,0.06108759677198494,0.07049208134412766,0.010051132179796696,387514
b1_cityscapes_val,2026-07-07 05:27:28,cityscapes,val,all,student_skd,/scratch/gautschi/manors/hf_cache/hub/models--nvidia--mit-b1/snapshots/13ddceec4e8bdf401e7cd7acf5aebc526222518c,runs/mit-b1_skd_j9200315/student_skd.ckpt,skd,img_000100,/home/manors/Guardrail-Distillation/data/cityscapes/leftImg8bit/val/frankfurt/frankfurt_000001_017459_leftImg8bit.png,,0.48737665429211596,0.512623345707884,0.7643308043479919,0.9406421184539795,0.12134671956300735,0.160783588886261,0.2719653248786926,0.8568745255470276,0.43979281187057495,-6.073162078857422,6.0008039474487305,0.012748844921588898,0.07324253767728806,450080,4.391952999867499,7.414019250063575,16.2591774997054,0.45482931069703886,0.5451706893029611,126850,0.6759037495492262,0.32409625045077384,69511,0.16331031918525696,0.0014307781821116805,14.691635250528634,0.08229272812604904,0.917707271873951,0.28785428404808044,0.3781069219112396,0.07308295369148254,0.5182626247406006,0.4817373752593994,0.5651959776878357,0.5877283811569214,0.3421722948551178,0.5182626247406006,0.4817373752593994,0.5182626247406006,0.4817373752593994,0.5770914394501311,0.4229085605498689,0.9106248021125793,0.6907632907837913,0.3092367092162087,0.23593398008675237,0.665590110530035,0.33440988946996497,0.0,0.08971478515801512,0.08971478515801512,0.16273774206638336,0.01644374430179596,0.9102852148419849,0.08971478515801512,0.18644686043262482,0.12627089023590088,370810
b1_cityscapes_val,2026-07-07 05:27:28,cityscapes,val,all,student_skd,/scratch/gautschi/manors/hf_cache/hub/models--nvidia--mit-b1/snapshots/13ddceec4e8bdf401e7cd7acf5aebc526222518c,runs/mit-b1_skd_j9200315/student_skd.ckpt,skd,img_000101,/home/manors/Guardrail-Distillation/data/cityscapes/leftImg8bit/val/frankfurt/frankfurt_000001_017842_leftImg8bit.png,,0.610191912507116,0.389808087492884,0.9067037105560303,0.9446383714675903,0.12640485167503357,0.14422541856765747,0.2892611026763916,0.8820312023162842,0.3530563712120056,-6.507383346557617,6.43806791305542,0.017202546820044518,0.07697732001543045,459525,4.391952999867499,7.414019250063575,16.2591774997054,0.6031008278558105,0.39689917214418946,126850,0.8589523757723729,0.14104762422762707,22479,0.1464550793170929,0.0014400413492694497,14.691635250528634,0.06810464709997177,0.9318953529000282,0.27454134821891785,0.3835907280445099,0.06843649595975876,0.5171024799346924,0.4828975200653076,0.5687492489814758,0.6009994745254517,0.3222692608833313,0.5171024799346924,0.4828975200653076,0.5171024799346924,0.4828975200653076,0.6408838393611995,0.3591161606388005,0.9184440970420837,0.986990362266356,0.013009637733644053,0.3838895344105454,0.7701572739727995,0.22984272602720046,0.0,0.030691926854083507,0.030691926854083507,0.039292749017477036,0.027552364394068718,0.9693080731459165,0.030691926854083507,0.07969316095113754,0.005590555723756552,385234
b1_cityscapes_val,2026-07-07 05:27:28,cityscapes,val,all,student_skd,/scratch/gautschi/manors/hf_cache/hub/models--nvidia--mit-b1/snapshots/13ddceec4e8bdf401e7cd7acf5aebc526222518c,runs/mit-b1_skd_j9200315/student_skd.ckpt,skd,img_000102,/home/manors/Guardrail-Distillation/data/cityscapes/leftImg8bit/val/frankfurt/frankfurt_000001_018113_leftImg8bit.png,,0.5511659427474442,0.44883405725255576,0.9353121519088745,0.959650456905365,0.10619769990444183,0.10611898452043533,0.2390100657939911,0.9053823947906494,0.2963198721408844,-6.544785499572754,6.495275497436523,0.008692012168467045,0.05444018170237541,430050,4.391952999867499,7.414019250063575,16.2591774997054,0.9659727826980508,0.03402721730194924,126850,0.5149870106103477,0.4850129893896523,22270,0.10844271630048752,0.0013452997663989663,14.691635250528634,0.05287676304578781,0.9471232369542122,0.20791316032409668,0.3310227692127228,0.05629551783204079,0.5140701532363892,0.48592984676361084,0.552107036113739,0.5833603143692017,0.30363336205482483,0.5140701532363892,0.48592984676361084,0.5140701532363892,0.48592984676361084,0.6375522913439744,0.3624477086560256,0.9383955597877502,0.6625993980341724,0.33740060196582755,0.0,0.7403947182569464,0.25960528174305364,0.22540770764659868,0.08638634859653016,0.08638634859653016,0.025459829717874527,0.022376468405127525,0.9136136514034698,0.08638634859653016,0.05238228291273117,0.0027624694630503654,378334
b1_cityscapes_val,2026-07-07 05:27:28,cityscapes,val,all,student_skd,/scratch/gautschi/manors/hf_cache/hub/models--nvidia--mit-b1/snapshots/13ddceec4e8bdf401e7cd7acf5aebc526222518c,runs/mit-b1_skd_j9200315/student_skd.ckpt,skd,img_000103,/home/manors/Guardrail-Distillation/data/cityscapes/leftImg8bit/val/frankfurt/frankfurt_000001_019698_leftImg8bit.png,,0.4424095928022558,0.5575904071977442,0.9345088005065918,0.9700997471809387,0.09457223117351532,0.07691972702741623,0.21200597286224365,0.9333028197288513,0.20328015089035034,-6.807972431182861,6.770942211151123,0.007125696167349815,0.04017459228634834,463253,4.391952999867499,7.414019250063575,16.2591774997054,0.9114071252686459,0.08859287473135413,126850,0.30675672368646456,0.6932432763135354,1876,0.07814368605613708,0.000796966312918812,14.691635250528634,0.03585568070411682,0.9641443192958832,0.13624051213264465,0.2649496793746948,0.030671747401356697,0.5076673626899719,0.4923326373100281,0.5275055766105652,0.5580416321754456,0.26160746812820435,0.5076673626899719,0.4923326373100281,0.5076673626899719,0.4923326373100281,0.5946954407878456,0.40530455921215436,0.9400457143783569,0.9149552283673472,0.08504477163265278,0.0035481030987013495,0.7677575067909845,0.23224249320901547,0.46100078310452,0.15228584798558986,0.15228584798558986,0.019388973712921143,0.013852042146027088,0.8477141520144101,0.15228584798558986,0.03740720450878143,0.004038829822093248,422539
b1_cityscapes_val,2026-07-07 05:27:28,cityscapes,val,all,student_skd,/scratch/gautschi/manors/hf_cache/hub/models--nvidia--mit-b1/snapshots/13ddceec4e8bdf401e7cd7acf5aebc526222518c,runs/mit-b1_skd_j9200315/student_skd.ckpt,skd,img_000104,/home/manors/Guardrail-Distillation/data/cityscapes/leftImg8bit/val/frankfurt/frankfurt_000001_019854_leftImg8bit.png,,0.5400854827299825,0.45991451727001753,0.941979169845581,0.9583281874656677,0.10967651754617691,0.11112793534994125,0.25644826889038086,0.9069157838821411,0.2830611765384674,-6.781137943267822,6.7295002937316895,0.011239341460168362,0.05589742958545685,457767,4.344474500612705,7.419172749905556,16.254308499810577,0.935353537206751,0.06464646279324904,126850,0.37446266580657417,0.6255373341934258,34552,0.11293746531009674,0.0011054797796532512,14.686688000438153,0.04753413051366806,0.9524658694863319,0.19457530975341797,0.32598742842674255,0.04146057739853859,0.5103636384010315,0.4896363615989685,0.5399826169013977,0.5700827240943909,0.2906820774078369,0.5103636384010315,0.4896363615989685,0.5103636384010315,0.4896363615989685,0.5299853736229266,0.47001462637707336,0.9470188617706299,0.9345621701046564,0.06543782989534364,0.0,0.37088803350328625,0.6291119664967137,0.0,0.0,0.0,0.020951706916093826,0.015912024304270744,1.0,0.0,0.04256531968712807,0.0016099893255159259,400841
b1_cityscapes_val,2026-07-07 05:27:28,cityscapes,val,all,student_skd,/scratch/gautschi/manors/hf_cache/hub/models--nvidia--mit-b1/snapshots/13ddceec4e8bdf401e7cd7acf5aebc526222518c,runs/mit-b1_skd_j9200315/student_skd.ckpt,skd,img_000105,/home/manors/Guardrail-Distillation/data/cityscapes/leftImg8bit/val/frankfurt/frankfurt_000001_019969_leftImg8bit.png,,0.5755755391103702,0.4244244608896298,0.9592558145523071,0.9754751324653625,0.08340746909379959,0.06437831372022629,0.18694844841957092,0.9417306184768677,0.18262073397636414,-6.858399868011475,6.828561782836914,0.004577118903398514,0.031351953744888306,457930,4.344474500612705,7.419172749905556,16.254308499810577,0.6926074034329119,0.30739259656708806,126850,0.5503950151297041,0.4496049848702959,2726,0.06560242921113968,0.0007644619909115136,14.686688000438153,0.031065190210938454,0.9689348097890615,0.10023614764213562,0.2388356626033783,0.027758562937378883,0.5069392323493958,0.49306076765060425,0.5218888521194458,0.5482746958732605,0.262105256319046,0.5069392323493958,0.49306076765060425,0.5069392323493958,0.49306076765060425,0.6213589792734118,0.37864102072658823,0.9645622968673706,0.9217412804212821,0.07825871957871788,0.22913387698837018,0.6067941144587247,0.39320588554127534,0.05639909932902054,0.04578344016304159,0.04578344016304159,0.01287533063441515,0.007568842731416225,0.9542165598369584,0.04578344016304159,0.024108489975333214,0.0028694344218820333,424147
b1_cityscapes_val,2026-07-07 05:27:28,cityscapes,val,all,student_skd,/scratch/gautschi/manors/hf_cache/hub/models--nvidia--mit-b1/snapshots/13ddceec4e8bdf401e7cd7acf5aebc526222518c,runs/mit-b1_skd_j9200315/student_skd.ckpt,skd,img_000106,/home/manors/Guardrail-Distillation/data/cityscapes/leftImg8bit/val/frankfurt/frankfurt_000001_020046_leftImg8bit.png,,0.6467752341715006,0.3532247658284994,0.9516578912734985,0.9679149389266968,0.09378480911254883,0.08361686021089554,0.20718881487846375,0.9254207015037537,0.22854255139827728,-6.7157769203186035,6.6768107414245605,0.005547564476728439,0.040993832051754,460923,4.344474500612705,7.419172749905556,16.254308499810577,1.0,0.0,126670,0.9252173322159052,0.07478266778409481,6008,0.08503496646881104,0.0008332658908329904,14.686688000438153,0.03413748741149902,0.965862512588501,0.1293371617794037,0.23828645050525665,0.025772161781787872,0.506442666053772,0.493557333946228,0.5256180763244629,0.5496832728385925,0.26704248785972595,0.506442666053772,0.493557333946228,0.506442666053772,0.493557333946228,0.6030905996415511,0.3969094003584489,0.959572434425354,1.0,0.0,0.0,0.8891669602930431,0.1108330397069569,0.0,0.0,0.0,0.020495831966400146,0.012581277638673782,1.0,0.0,0.03747046738862991,0.003009179374203086,415823
b1_cityscapes_val,2026-07-07 05:27:28,cityscapes,val,all,student_skd,/scratch/gautschi/manors/hf_cache/hub/models--nvidia--mit-b1/snapshots/13ddceec4e8bdf401e7cd7acf5aebc526222518c,runs/mit-b1_skd_j9200315/student_skd.ckpt,skd,img_000107,/home/manors/Guardrail-Distillation/data/cityscapes/leftImg8bit/val/frankfurt/frankfurt_000001_020287_leftImg8bit.png,,0.657379582939176,0.342620417060824,0.9493833184242249,0.9628785848617554,0.1020403504371643,0.09769225865602493,0.2337067723274231,0.9151643514633179,0.2605316936969757,-6.81365966796875,6.768141746520996,0.007223535794764757,0.048901110887527466,462239,4.344474500612705,7.419172749905556,16.254308499810577,0.9737569502449401,0.026243049755059866,126850,0.5080394179937986,0.4919605820062014,11199,0.09935459494590759,0.0009901683079078794,14.686688000438153,0.042695917189121246,0.9573040828108788,0.176717147231102,0.2827858328819275,0.04204881191253662,0.5105106830596924,0.4894893169403076,0.5397859811782837,0.567645788192749,0.2777666747570038,0.5105106830596924,0.4894893169403076,0.5105106830596924,0.4894893169403076,0.7469518427298586,0.2530481572701414,0.9597308039665222,0.9963487883648985,0.0036512116351015145,0.022591838119958352,0.8647557626056923,0.1352442373943077,0.3567163446118937,0.08957225979068262,0.08957225979068262,0.022334765642881393,0.011987305246293545,0.9104277402093174,0.08957225979068262,0.03901228681206703,0.0013564411783590913,410857
b1_cityscapes_val,2026-07-07 05:27:28,cityscapes,val,all,student_skd,/scratch/gautschi/manors/hf_cache/hub/models--nvidia--mit-b1/snapshots/13ddceec4e8bdf401e7cd7acf5aebc526222518c,runs/mit-b1_skd_j9200315/student_skd.ckpt,skd,img_000108,/home/manors/Guardrail-Distillation/data/cityscapes/leftImg8bit/val/frankfurt/frankfurt_000001_020693_leftImg8bit.png,,0.6347669479598558,0.3652330520401442,0.9406899213790894,0.9634350538253784,0.10362234711647034,0.0946623682975769,0.23357948660850525,0.919576108455658,0.24209052324295044,-6.578713893890381,6.533473968505859,0.008838951587677002,0.05034415423870087,464761,4.363551999631454,7.397305999802484,16.276601249956002,0.9603645069098552,0.0396354930901448,126850,0.6696953620293806,0.3303046379706194,9907,0.09617118537425995,0.0009929795050993562,14.719808749759977,0.04053159058094025,0.9594684094190598,0.15915346145629883,0.287162184715271,0.039117325097322464,0.5097780823707581,0.49022191762924194,0.5335965752601624,0.5675446391105652,0.28512075543403625,0.5097780823707581,0.49022191762924194,0.5097780823707581,0.49022191762924194,0.7105987668410116,0.28940123315898836,0.9513448476791382,0.9618288300365435,0.038171169963456486,0.001464323126688316,0.8120532672527764,0.18794673274722362,0.14235790522339575,0.07583181888115587,0.07583181888115587,0.02105383202433586,0.010398892685770988,0.9241681811188441,0.07583181888115587,0.03658008947968483,0.0022484674118459225,414526
b1_cityscapes_val,2026-07-07 05:27:28,cityscapes,val,all,student_skd,/scratch/gautschi/manors/hf_cache/hub/models--nvidia--mit-b1/snapshots/13ddceec4e8bdf401e7cd7acf5aebc526222518c,runs/mit-b1_skd_j9200315/student_skd.ckpt,skd,img_000109,/home/manors/Guardrail-Distillation/data/cityscapes/leftImg8bit/val/frankfurt/frankfurt_000001_021406_leftImg8bit.png,,0.739694906892025,0.260305093107975,0.9077386856079102,0.9456674456596375,0.11862524598836899,0.14004486799240112,0.256124883890152,0.880403995513916,0.3435163199901581,-6.645758628845215,6.579412460327148,0.009761331602931023,0.07146798074245453,460388,4.363551999631454,7.397305999802484,16.276601249956002,1.0,0.0,126850,0.9177459819573579,0.0822540180426421,17337,0.14201536774635315,0.001299453666433692,14.719808749759977,0.07848037779331207,0.9215196222066879,0.31304049491882324,0.408176064491272,0.08231355994939804,0.5205668210983276,0.47943317890167236,0.5803766846656799,0.6148249506950378,0.30879858136177063,0.5205668210983276,0.47943317890167236,0.5205668210983276,0.47943317890167236,0.8588687637578101,0.14113123624218993,0.9546034932136536,1.0,0.0,0.0,0.9709122390276899,0.02908776097231014,0.05316625707033196,0.11917385686578508,0.11917385686578508,0.0600384883582592,0.013173670507967472,0.8808261431342149,0.11917385686578508,0.07861846685409546,0.012763147242367268,385583
b1_cityscapes_val,2026-07-07 05:27:28,cityscapes,val,all,student_skd,/scratch/gautschi/manors/hf_cache/hub/models--nvidia--mit-b1/snapshots/13ddceec4e8bdf401e7cd7acf5aebc526222518c,runs/mit-b1_skd_j9200315/student_skd.ckpt,skd,img_000110,/home/manors/Guardrail-Distillation/data/cityscapes/leftImg8bit/val/frankfurt/frankfurt_000001_021825_leftImg8bit.png,,0.6486510913051671,0.35134890869483293,0.9229799509048462,0.9544163346290588,0.11351694166660309,0.11881241202354431,0.2588883340358734,0.8995838165283203,0.2999325096607208,-6.503146648406982,6.446713924407959,0.01129454467445612,0.06114766746759415,463321,4.363551999631454,7.397305999802484,16.276601249956002,0.9591016976172674,0.04089830238273262,126850,0.8164648369312233,0.1835351630687767,43884,0.12054265290498734,0.001329227932728827,14.719808749759977,0.05422984063625336,0.9457701593637466,0.21064510941505432,0.3389502465724945,0.049776043742895126,0.5124414563179016,0.4875585436820984,0.5442410111427307,0.5754634141921997,0.313454806804657,0.5124414563179016,0.4875585436820984,0.5124414563179016,0.4875585436820984,0.6737217756818598,0.32627822431814024,0.9241238236427307,0.9364008317866883,0.06359916821331169,0.0,0.9261737893329568,0.0738262106670432,0.1097089524017335,0.025070684376692687,0.025070684376692687,0.024995628744363785,0.02385171316564083,0.9749293156233073,0.025070684376692687,0.05538060888648033,0.003416637657210231,401262
b1_cityscapes_val,2026-07-07 05:27:28,cityscapes,val,all,student_skd,/scratch/gautschi/manors/hf_cache/hub/models--nvidia--mit-b1/snapshots/13ddceec4e8bdf401e7cd7acf5aebc526222518c,runs/mit-b1_skd_j9200315/student_skd.ckpt,skd,img_000111,/home/manors/Guardrail-Distillation/data/cityscapes/leftImg8bit/val/frankfurt/frankfurt_000001_023235_leftImg8bit.png,,0.5205479377855987,0.4794520622144013,0.9081689119338989,0.9551406502723694,0.10900288820266724,0.11740275472402573,0.24372345209121704,0.9010732173919678,0.287803053855896,-6.451944828033447,6.397305965423584,0.008846825920045376,0.05670369789004326,430889,4.363551999631454,7.397305999802484,16.276601249956002,0.8685341665545779,0.13146583344542206,126850,0.6211711466887935,0.3788288533112065,7354,0.11921770870685577,0.0011422961251810193,14.719808749759977,0.06122836098074913,0.9387716390192509,0.24152164161205292,0.36396458745002747,0.06645766645669937,0.5166082978248596,0.4833917021751404,0.557526707649231,0.5892712473869324,0.2812117636203766,0.5166082978248596,0.4833917021751404,0.5166082978248596,0.4833917021751404,0.6849896759302239,0.31501032406977614,0.9510477185249329,0.8876071144464325,0.11239288555356752,0.01907294789185454,0.7081131486780488,0.29188685132195125,0.08694200198925528,0.16444173814462515,0.16444173814462515,0.056766360998153687,0.013887567445635796,0.8355582618553749,0.16444173814462515,0.07588961720466614,0.020065492019057274,371710
b1_cityscapes_val,2026-07-07 05:27:28,cityscapes,val,all,student_skd,/scratch/gautschi/manors/hf_cache/hub/models--nvidia--mit-b1/snapshots/13ddceec4e8bdf401e7cd7acf5aebc526222518c,runs/mit-b1_skd_j9200315/student_skd.ckpt,skd,img_000112,/home/manors/Guardrail-Distillation/data/cityscapes/leftImg8bit/val/frankfurt/frankfurt_000001_023369_leftImg8bit.png,,0.5024872272163198,0.4975127727836802,0.9488199949264526,0.9637244939804077,0.09959924966096878,0.09352412074804306,0.21937304735183716,0.915442705154419,0.2646695673465729,-6.559084892272949,6.514971733093262,0.005330102518200874,0.04855800420045853,453087,4.37086449983326,7.429671500176482,16.316798749357986,0.9404332416091741,0.059566758390825925,126850,0.5698398214870696,0.4301601785129304,9772,0.09483490139245987,0.0007364057819359004,14.670330750050198,0.04690931364893913,0.9530906863510609,0.1879851222038269,0.31246110796928406,0.04201222211122513,0.510501503944397,0.489498496055603,0.5436801314353943,0.5675112009048462,0.28868359327316284,0.510501503944397,0.489498496055603,0.510501503944397,0.489498496055603,0.5064025059820644,0.4935974940179356,0.9116925001144409,0.4435726724876706,0.5564273275123294,0.0,0.5990138983656288,0.4009861016343712,0.02917407687855922,0.003915278765744601,0.003915278765744601,0.01721082255244255,0.054338350892066956,0.9960847212342554,0.003915278765744601,0.07849486172199249,0.0014235676499083638,403408
b1_cityscapes_val,2026-07-07 05:27:28,cityscapes,val,all,student_skd,/scratch/gautschi/manors/hf_cache/hub/models--nvidia--mit-b1/snapshots/13ddceec4e8bdf401e7cd7acf5aebc526222518c,runs/mit-b1_skd_j9200315/student_skd.ckpt,skd,img_000113,/home/manors/Guardrail-Distillation/data/cityscapes/leftImg8bit/val/frankfurt/frankfurt_000001_023769_leftImg8bit.png,,0.5678860717606847,0.43211392823931527,0.937545657157898,0.962820291519165,0.10131136327981949,0.0978972464799881,0.22660236060619354,0.909756064414978,0.28664976358413696,-6.50034761428833,6.4549126625061035,0.007150395307689905,0.0485231988132,430186,4.37086449983326,7.429671500176482,16.316798749357986,0.5108475285766537,0.4891524714233463,103014,0.8903235059263463,0.10967649407365365,66761,0.09924381226301193,0.0009230089490301907,14.670330750050198,0.047219980508089066,0.9527800194919109,0.17575937509536743,0.29500511288642883,0.051734618842601776,0.5129307508468628,0.4870692491531372,0.5413743257522583,0.5706873536109924,0.3148847222328186,0.5129307508468628,0.4870692491531372,0.5129307508468628,0.4870692491531372,0.6820521897699788,0.31794781023002117,0.9574788808822632,0.6815155804413161,0.3184844195586839,0.17066805186466238,0.9181992740805218,0.08180072591947818,0.027875768154175473,0.1141661180092941,0.1141661180092941,0.029052549973130226,0.009119311347603798,0.8858338819907059,0.1141661180092941,0.0428791269659996,0.005548762623220682,382429
b1_cityscapes_val,2026-07-07 05:27:28,cityscapes,val,all,student_skd,/scratch/gautschi/manors/hf_cache/hub/models--nvidia--mit-b1/snapshots/13ddceec4e8bdf401e7cd7acf5aebc526222518c,runs/mit-b1_skd_j9200315/student_skd.ckpt,skd,img_000114,/home/manors/Guardrail-Distillation/data/cityscapes/leftImg8bit/val/frankfurt/frankfurt_000001_024927_leftImg8bit.png,,0.5272862005078587,0.4727137994921413,0.9457076787948608,0.9621832370758057,0.10486427694559097,0.10073807090520859,0.24440650641918182,0.9140826463699341,0.2649216949939728,-6.752432823181152,6.705531597137451,0.009697142988443375,0.049682144075632095,461373,4.37086449983326,7.429671500176482,16.316798749357986,1.0,0.0,126850,0.4356290037566837,0.5643709962433163,39107,0.10226652771234512,0.0009431382641196251,14.670330750050198,0.04302647337317467,0.9569735266268253,0.1716330498456955,0.29065167903900146,0.03617244213819504,0.5090421438217163,0.4909578561782837,0.5325070023536682,0.5653821229934692,0.275064617395401,0.5090421438217163,0.4909578561782837,0.5090421438217163,0.4909578561782837,0.5045587118046535,0.4954412881953465,0.9563238024711609,1.0,0.0,0.0,0.3232695803006189,0.6767304196993811,0.0,0.0,0.0,0.017010098323225975,0.006393958814442158,1.0,0.0,0.03020549565553665,0.0013546523405238986,409214
b1_cityscapes_val,2026-07-07 05:27:28,cityscapes,val,all,student_skd,/scratch/gautschi/manors/hf_cache/hub/models--nvidia--mit-b1/snapshots/13ddceec4e8bdf401e7cd7acf5aebc526222518c,runs/mit-b1_skd_j9200315/student_skd.ckpt,skd,img_000115,/home/manors/Guardrail-Distillation/data/cityscapes/leftImg8bit/val/frankfurt/frankfurt_000001_025512_leftImg8bit.png,,0.5605371793532224,0.43946282064677755,0.9266595244407654,0.9519720077514648,0.11674600839614868,0.1257067322731018,0.26446768641471863,0.8922314643859863,0.3285960853099823,-6.583242893218994,6.523639678955078,0.012265807949006557,0.06530287116765976,455983,4.37086449983326,7.429671500176482,16.316798749357986,0.8934926407124187,0.10650735928758126,126248,0.919676116770103,0.08032388322989703,32350,0.12780481576919556,0.0012842825381085277,14.670330750050198,0.05470887944102287,0.9452911205589771,0.21942712366580963,0.33997663855552673,0.04423271864652634,0.5110563635826111,0.4889436364173889,0.5440548062324524,0.5760340690612793,0.3142435848712921,0.5110563635826111,0.4889436364173889,0.5110563635826111,0.4889436364173889,0.6048496283436092,0.3951503716563908,0.9455198645591736,0.7045454466978901,0.2954545533021099,0.0,0.9025359659567753,0.09746403404322468,0.0,0.04431244899038678,0.04431244899038678,0.03162837028503418,0.012768018990755081,0.9556875510096132,0.04431244899038678,0.050197046250104904,0.003658030880615115,391682
b1_cityscapes_val,2026-07-07 05:27:29,cityscapes,val,all,student_skd,/scratch/gautschi/manors/hf_cache/hub/models--nvidia--mit-b1/snapshots/13ddceec4e8bdf401e7cd7acf5aebc526222518c,runs/mit-b1_skd_j9200315/student_skd.ckpt,skd,img_000116,/home/manors/Guardrail-Distillation/data/cityscapes/leftImg8bit/val/frankfurt/frankfurt_000001_025713_leftImg8bit.png,,0.4843494567743909,0.5156505432256091,0.8948265910148621,0.9434374570846558,0.1301291435956955,0.15023581683635712,0.3103436827659607,0.8810691237449646,0.3613502085208893,-6.139484882354736,6.067966461181641,0.019211923703551292,0.08131050318479538,462265,4.355681000561162,7.408344499708619,16.26803875024052,0.985436062112709,0.014563937887291045,126850,0.8050226246183082,0.1949773753816918,9386,0.15331324934959412,0.0020064604468643665,14.686972000163223,0.07184223085641861,0.9281577691435814,0.29019349813461304,0.40634268522262573,0.07032144069671631,0.5175731182098389,0.48242688179016113,0.5724247097969055,0.6074230074882507,0.30423420667648315,0.5175731182098389,0.48242688179016113,0.5175731182098389,0.48242688179016113,0.6221571319687438,0.3778428680312562,0.9505781531333923,0.6544824133701881,0.3455175866298119,0.0,0.8032164423478073,0.1967835576521927,0.0,0.13780767519435289,0.13780767519435289,0.07351627200841904,0.017764702439308167,0.8621923248056471,0.13780767519435289,0.09730782359838486,0.024235017597675323,387806
b1_cityscapes_val,2026-07-07 05:27:29,cityscapes,val,all,student_skd,/scratch/gautschi/manors/hf_cache/hub/models--nvidia--mit-b1/snapshots/13ddceec4e8bdf401e7cd7acf5aebc526222518c,runs/mit-b1_skd_j9200315/student_skd.ckpt,skd,img_000117,/home/manors/Guardrail-Distillation/data/cityscapes/leftImg8bit/val/frankfurt/frankfurt_000001_025921_leftImg8bit.png,,0.517225204806905,0.48277479519309496,0.9215033650398254,0.9527486562728882,0.11913090944290161,0.12231675535440445,0.2723119556903839,0.8997810482978821,0.30269744992256165,-6.447361946105957,6.388028144836426,0.015059461817145348,0.06614959985017776,464160,4.355681000561162,7.408344499708619,16.26803875024052,0.9867540184915917,0.013245981508408278,126850,0.6433145942923937,0.3566854057076063,47413,0.12439760565757751,0.0014642091700807214,14.686972000163223,0.06602650880813599,0.933973491191864,0.2651922106742859,0.3827042877674103,0.06473618000745773,0.5161783695220947,0.4838216304779053,0.5658473968505859,0.6040623784065247,0.30875256657600403,0.5161783695220947,0.4838216304779053,0.5161783695220947,0.4838216304779053,0.5988977804652341,0.4011022195347659,0.9579024314880371,0.6554631276118017,0.3445368723881983,0.0,0.6268537081209063,0.37314629187909365,0.0,0.08167257565832908,0.08167257565832908,0.05047397315502167,0.014074888080358505,0.9183274243416709,0.08167257565832908,0.06833203881978989,0.009757410734891891,400383
b1_cityscapes_val,2026-07-07 05:27:29,cityscapes,val,all,student_skd,/scratch/gautschi/manors/hf_cache/hub/models--nvidia--mit-b1/snapshots/13ddceec4e8bdf401e7cd7acf5aebc526222518c,runs/mit-b1_skd_j9200315/student_skd.ckpt,skd,img_000118,/home/manors/Guardrail-Distillation/data/cityscapes/leftImg8bit/val/frankfurt/frankfurt_000001_027325_leftImg8bit.png,,0.5663903948031334,0.43360960519686664,0.897383451461792,0.9687552452087402,0.09375027567148209,0.08287705481052399,0.21164335310459137,0.9237338304519653,0.24486251175403595,-6.489803791046143,6.451669692993164,0.006011895835399628,0.041129037737846375,453767,4.355681000561162,7.408344499708619,16.26803875024052,0.48859534879255273,0.5114046512074473,126850,0.8304575764864263,0.16954242351357374,80032,0.08452069759368896,0.0010057759936898947,14.686972000163223,0.037983547896146774,0.9620164521038532,0.1420418620109558,0.26137056946754456,0.036779388785362244,0.5091938376426697,0.4908061623573303,0.5340009331703186,0.5614607930183411,0.2924056053161621,0.5091938376426697,0.4908061623573303,0.5091938376426697,0.4908061623573303,0.5882048011732822,0.4117951988267178,0.9118291735649109,0.5155656639041577,0.4844343360958423,0.02697031511160497,0.6893183743778994,0.31068162562210055,0.0,0.021814406370148864,0.021814406370148864,0.02014029212296009,0.0056945523247122765,0.9781855936298511,0.021814406370148864,0.029021501541137695,0.003032393055036664,411510
b1_cityscapes_val,2026-07-07 05:27:29,cityscapes,val,all,student_skd,/scratch/gautschi/manors/hf_cache/hub/models--nvidia--mit-b1/snapshots/13ddceec4e8bdf401e7cd7acf5aebc526222518c,runs/mit-b1_skd_j9200315/student_skd.ckpt,skd,img_000119,/home/manors/Guardrail-Distillation/data/cityscapes/leftImg8bit/val/frankfurt/frankfurt_000001_028232_leftImg8bit.png,,0.49023128028847446,0.5097687197115255,0.949500322341919,0.9565560221672058,0.11324524879455566,0.11233797669410706,0.2578171193599701,0.9077016711235046,0.2725820541381836,-6.602076530456543,6.547884464263916,0.012539559975266457,0.05992887541651726,459745,4.355681000561162,7.408344499708619,16.26803875024052,0.8323795233392396,0.1676204766607604,126850,0.45157979872818615,0.5484202012718138,32935,0.11392959952354431,0.0010432874551042914,14.686972000163223,0.0469493642449379,0.9530506357550621,0.18332210183143616,0.31708604097366333,0.04055338725447655,0.5101369619369507,0.4898630380630493,0.5361641645431519,0.5649629831314087,0.2786785364151001,0.5101369619369507,0.4898630380630493,0.5101369619369507,0.4898630380630493,0.5598802596186476,0.4401197403813524,0.9629838466644287,0.8674612403359058,0.13253875966409423,0.03508171699666618,0.5757795677172646,0.4242204322827354,0.12419976898907836,0.06964897933017311,0.06964897933017311,0.021668534725904465,0.00818497221916914,0.9303510206698269,0.06964897933017311,0.034301623702049255,0.0009722781251184642,401625
b1_cityscapes_val,2026-07-07 05:27:29,cityscapes,val,all,student_skd,/scratch/gautschi/manors/hf_cache/hub/models--nvidia--mit-b1/snapshots/13ddceec4e8bdf401e7cd7acf5aebc526222518c,runs/mit-b1_skd_j9200315/student_skd.ckpt,skd,img_000120,/home/manors/Guardrail-Distillation/data/cityscapes/leftImg8bit/val/frankfurt/frankfurt_000001_028335_leftImg8bit.png,,0.5480093766608491,0.45199062333915085,0.9343633055686951,0.9604111313819885,0.10716169327497482,0.1030932366847992,0.24121400713920593,0.9107766151428223,0.2731066942214966,-6.549536228179932,6.500532627105713,0.010233871638774872,0.054265979677438736,445970,4.353843750322994,7.419533749271068,16.261592500086408,0.6063029109110375,0.3936970890889625,126345,0.6548577780614264,0.3451422219385736,64234,0.10460162162780762,0.0010395057033747435,14.695417249640741,0.044312380254268646,0.9556876197457314,0.1733841747045517,0.3170051574707031,0.04415395110845566,0.5110366940498352,0.4889633059501648,0.537560224533081,0.573674201965332,0.27702799439430237,0.5110366940498352,0.4889633059501648,0.5110366940498352,0.4889633059501648,0.5898903463244881,0.4101096536755119,0.955066442489624,0.8913744887783954,0.10862551122160458,0.28507157786735793,0.617147221310755,0.38285277868924505,0.0,0.04188096966363897,0.04188096966363897,0.02943471446633339,0.008731529116630554,0.958119030336361,0.04188096966363897,0.04307464510202408,0.00408323435112834,394716
b1_cityscapes_val,2026-07-07 05:27:29,cityscapes,val,all,student_skd,/scratch/gautschi/manors/hf_cache/hub/models--nvidia--mit-b1/snapshots/13ddceec4e8bdf401e7cd7acf5aebc526222518c,runs/mit-b1_skd_j9200315/student_skd.ckpt,skd,img_000121,/home/manors/Guardrail-Distillation/data/cityscapes/leftImg8bit/val/frankfurt/frankfurt_000001_028590_leftImg8bit.png,,0.5507019780129077,0.44929802198709234,0.902363121509552,0.9555773138999939,0.10911603271961212,0.11386892199516296,0.23942987620830536,0.9032490253448486,0.28094977140426636,-6.695137023925781,6.640934467315674,0.007569517008960247,0.05822284147143364,456436,4.353843750322994,7.419533749271068,16.261592500086408,0.9377950189639529,0.0622049810360471,126850,0.513746105018334,0.48625389498166605,56696,0.11537236720323563,0.0009713424951769412,14.695417249640741,0.04426506906747818,0.9557349309325218,0.17528119683265686,0.2838648557662964,0.03840847313404083,0.5096009373664856,0.4903990626335144,0.5379254817962646,0.5602595806121826,0.28286439180374146,0.5096009373664856,0.4903990626335144,0.5096009373664856,0.4903990626335144,0.5878603377760917,0.4121396622239083,0.9192702174186707,0.990641265188914,0.009358734811085956,0.052846246224961146,0.5756785054808311,0.4243214945191689,0.06193240046249715,0.037158359763184046,0.037158359763184046,0.02577798441052437,0.008870904333889484,0.962841640236816,0.037158359763184046,0.038257282227277756,0.0038625351153314114,395264
b1_cityscapes_val,2026-07-07 05:27:29,cityscapes,val,all,student_skd,/scratch/gautschi/manors/hf_cache/hub/models--nvidia--mit-b1/snapshots/13ddceec4e8bdf401e7cd7acf5aebc526222518c,runs/mit-b1_skd_j9200315/student_skd.ckpt,skd,img_000122,/home/manors/Guardrail-Distillation/data/cityscapes/leftImg8bit/val/frankfurt/frankfurt_000001_028854_leftImg8bit.png,,0.5982791804528785,0.40172081954712147,0.923325777053833,0.9469023942947388,0.12027871608734131,0.1343359649181366,0.26394370198249817,0.8902640342712402,0.31482845544815063,-6.547283172607422,6.4819865226745605,0.010922129265964031,0.07407650351524353,442313,4.353843750322994,7.419533749271068,16.261592500086408,0.9621091672603672,0.037890832739632785,126850,0.5443752342947673,0.4556247657052327,11478,0.1362524926662445,0.0011549557093530893,14.695417249640741,0.053321827203035355,0.9466781727969646,0.22133910655975342,0.31576108932495117,0.049131304025650024,0.5122803449630737,0.48771965503692627,0.5507113933563232,0.5717244744300842,0.27998989820480347,0.5122803449630737,0.48771965503692627,0.5122803449630737,0.48771965503692627,0.5572721298656591,0.4427278701343409,0.9314308762550354,0.9580823324633269,0.04191766753667314,0.0,0.4624161188931922,0.5375838811068079,0.0,0.0,0.0,0.028430093079805374,0.02032497338950634,1.0,0.0,0.052804235368967056,0.001557720359414816,370987
b1_cityscapes_val,2026-07-07 05:27:29,cityscapes,val,all,student_skd,/scratch/gautschi/manors/hf_cache/hub/models--nvidia--mit-b1/snapshots/13ddceec4e8bdf401e7cd7acf5aebc526222518c,runs/mit-b1_skd_j9200315/student_skd.ckpt,skd,img_000123,/home/manors/Guardrail-Distillation/data/cityscapes/leftImg8bit/val/frankfurt/frankfurt_000001_029086_leftImg8bit.png,,0.6821768475846253,0.31782315241537473,0.9320225715637207,0.9540104866027832,0.1119944229722023,0.11532997339963913,0.2382490038871765,0.900716245174408,0.2885221838951111,-6.346875190734863,6.2905402183532715,0.008948144502937794,0.061420589685440063,457078,4.353843750322994,7.419533749271068,16.261592500086408,0.6453488470739519,0.3546511529260481,126850,0.8536103511229459,0.14638964887705408,41803,0.11682430654764175,0.0010855991858989,14.695417249640741,0.053367216140031815,0.9466327838599682,0.2118787169456482,0.32751715183258057,0.0490005686879158,0.5122476816177368,0.4877523183822632,0.5472021102905273,0.5743032693862915,0.2890031635761261,0.5122476816177368,0.4877523183822632,0.5122476816177368,0.4877523183822632,0.777887432646314,0.222112567353686,0.9560600519180298,0.6109839525001438,0.3890160474998562,0.0,0.8248756715207571,0.17512432847924286,0.0,0.09571058506168872,0.09571058506168872,0.0333225391805172,0.009285067208111286,0.9042894149383113,0.09571058506168872,0.045217666774988174,0.002876970684155822,393932
b1_cityscapes_val,2026-07-07 05:27:29,cityscapes,val,all,student_skd,/scratch/gautschi/manors/hf_cache/hub/models--nvidia--mit-b1/snapshots/13ddceec4e8bdf401e7cd7acf5aebc526222518c,runs/mit-b1_skd_j9200315/student_skd.ckpt,skd,img_000124,/home/manors/Guardrail-Distillation/data/cityscapes/leftImg8bit/val/frankfurt/frankfurt_000001_029236_leftImg8bit.png,,0.5365905955198471,0.4634094044801529,0.9448828101158142,0.9677264094352722,0.09474075585603714,0.08556144684553146,0.2140752524137497,0.9229081273078918,0.24266818165779114,-6.420130729675293,6.380829811096191,0.005698005668818951,0.04255879297852516,448227,4.352020000624179,7.41400149945548,16.256438249911298,0.6948598170824634,0.30514018291753664,120357,0.44670999038029374,0.5532900096197062,108312,0.08748941123485565,0.0013189013116061687,14.688270499391365,0.04194970428943634,0.9580502957105637,0.15520307421684265,0.2825321555137634,0.04556749016046524,0.5113899111747742,0.48861008882522583,0.5392907857894897,0.5724438428878784,0.3043816089630127,0.5113899111747742,0.48861008882522583,0.5113899111747742,0.48861008882522583,0.5972422966374599,0.40275770336254013,0.9620258808135986,0.9134097345318433,0.08659026546815674,0.2185499174493799,0.42436184393513504,0.5756381560648649,0.0,0.060651701117612755,0.060651701117612755,0.029230723157525063,0.0120876245200634,0.9393482988823872,0.060651701117612755,0.043872859328985214,0.007748305797576904,405159
b1_cityscapes_val,2026-07-07 05:27:29,cityscapes,val,all,student_skd,/scratch/gautschi/manors/hf_cache/hub/models--nvidia--mit-b1/snapshots/13ddceec4e8bdf401e7cd7acf5aebc526222518c,runs/mit-b1_skd_j9200315/student_skd.ckpt,skd,img_000125,/home/manors/Guardrail-Distillation/data/cityscapes/leftImg8bit/val/frankfurt/frankfurt_000001_029600_leftImg8bit.png,,0.423043301038197,0.576956698961803,0.928231954574585,0.9648857712745667,0.0981493592262268,0.09060263633728027,0.2083512842655182,0.9146129488945007,0.2691681981086731,-5.964436054229736,5.921716213226318,0.004929809831082821,0.048391833901405334,439165,4.352020000624179,7.41400149945548,16.256438249911298,0.620751269362283,0.379248730637717,106125,0.32217598796342006,0.6778240120365799,72437,0.09253211319446564,0.0009591741836629808,14.688270499391365,0.07068390399217606,0.9293160960078239,0.2908397316932678,0.42590078711509705,0.08713889122009277,0.5217709541320801,0.4782290458679199,0.5858308672904968,0.6489574313163757,0.3003042936325073,0.5217709541320801,0.4782290458679199,0.5217709541320801,0.4782290458679199,0.46600536163606776,0.5339946383639322,0.9015677571296692,0.6631017081319877,0.33689829186801235,0.04235043876970468,0.3561985173086854,0.6438014826913145,0.034022529345265395,0.04296206059787078,0.04296206059787078,0.021761752665042877,0.04842599108815193,0.9570379394021292,0.04296206059787078,0.07751300930976868,0.002885020337998867,393996
b1_cityscapes_val,2026-07-07 05:27:29,cityscapes,val,all,student_skd,/scratch/gautschi/manors/hf_cache/hub/models--nvidia--mit-b1/snapshots/13ddceec4e8bdf401e7cd7acf5aebc526222518c,runs/mit-b1_skd_j9200315/student_skd.ckpt,skd,img_000126,/home/manors/Guardrail-Distillation/data/cityscapes/leftImg8bit/val/frankfurt/frankfurt_000001_030067_leftImg8bit.png,,0.5400714901336764,0.4599285098663236,0.9373204112052917,0.9682871103286743,0.09747237712144852,0.08255268633365631,0.21816876530647278,0.9272770881652832,0.22773334383964539,-6.416938304901123,6.377708435058594,0.008263509720563889,0.04422269016504288,433714,4.352020000624179,7.41400149945548,16.256438249911298,0.6611861977889667,0.3388138022110333,109198,0.2262687600289463,0.7737312399710536,31888,0.08386128395795822,0.0008857993525452912,14.688270499391365,0.04264464229345322,0.9573553577065468,0.175095334649086,0.3262360692024231,0.04212120920419693,0.5105287432670593,0.4894712567329407,0.5411051511764526,0.5813731551170349,0.276113361120224,0.5105287432670593,0.4894712567329407,0.5105287432670593,0.4894712567329407,0.6396147775984565,0.36038522240154347,0.9554314613342285,0.7025929081517573,0.29740709184824266,0.041406710362790644,0.37388493504203635,0.6261150649579637,0.14761617501309,0.09954328746478014,0.09954328746478014,0.027444351464509964,0.009333339519798756,0.9004567125352199,0.09954328746478014,0.04617789387702942,0.0038781315088272095,393195
b1_cityscapes_val,2026-07-07 05:27:29,cityscapes,val,all,student_skd,/scratch/gautschi/manors/hf_cache/hub/models--nvidia--mit-b1/snapshots/13ddceec4e8bdf401e7cd7acf5aebc526222518c,runs/mit-b1_skd_j9200315/student_skd.ckpt,skd,img_000127,/home/manors/Guardrail-Distillation/data/cityscapes/leftImg8bit/val/frankfurt/frankfurt_000001_030310_leftImg8bit.png,,0.6155656656275792,0.3844343343724208,0.9606159925460815,0.9727098345756531,0.08878891915082932,0.07055894285440445,0.19770987331867218,0.93766188621521,0.19154395163059235,-6.830811500549316,6.79742431640625,0.005052085034549236,0.03615304455161095,466738,4.352020000624179,7.41400149945548,16.256438249911298,0.8671298467204425,0.13287015327955753,126850,0.7855348912145297,0.21446510878547032,82779,0.07158342748880386,0.0007496676407754421,14.688270499391365,0.02555077150464058,0.9744492284953594,0.07078822702169418,0.20057719945907593,0.01874643936753273,0.5046864748001099,0.49531352519989014,0.5176823735237122,0.5405591130256653,0.2669979929924011,0.5046864748001099,0.49531352519989014,0.5046864748001099,0.49531352519989014,0.6621171978484449,0.3378828021515551,0.9721749424934387,0.9334038190572056,0.0665961809427944,0.06627397233676313,0.9310268411779308,0.06897315882206922,0.1454919499634011,0.04655153222086572,0.04655153222086572,0.017140237614512444,0.005581289529800415,0.9534484677791343,0.04655153222086572,0.02466265857219696,0.0011933890637010336,428155
b1_cityscapes_val,2026-07-07 05:27:29,cityscapes,val,all,student_skd,/scratch/gautschi/manors/hf_cache/hub/models--nvidia--mit-b1/snapshots/13ddceec4e8bdf401e7cd7acf5aebc526222518c,runs/mit-b1_skd_j9200315/student_skd.ckpt,skd,img_000128,/home/manors/Guardrail-Distillation/data/cityscapes/leftImg8bit/val/frankfurt/frankfurt_000001_030669_leftImg8bit.png,,0.6992150398574336,0.3007849601425664,0.9327645301818848,0.951359212398529,0.11602962762117386,0.1246686801314354,0.2565948963165283,0.8963229060173035,0.30235981941223145,-6.712831974029541,6.652980327606201,0.01033998653292656,0.06737317889928818,450194,4.37048300045717,7.411381499878189,16.26487800058385,0.9794070663199486,0.02059293368005144,126612,0.9295411325527139,0.07045886744728613,67924,0.12642063200473785,0.0012035438558086753,14.686620500469871,0.061220765113830566,0.9387792348861694,0.2585716247558594,0.38246122002601624,0.07431003451347351,0.5185689330101013,0.4814310669898987,0.5669412016868591,0.6097757816314697,0.29346203804016113,0.5185689330101013,0.4814310669898987,0.5185689330101013,0.4814310669898987,0.7796861452165599,0.22031385478344012,0.9413807988166809,0.6617155897782503,0.3382844102217497,0.0,0.9521101896784312,0.047889810321568804,0.02256905712571733,0.08047110535912627,0.08047110535912627,0.03050684742629528,0.021890562027692795,0.9195288946408737,0.08047110535912627,0.061224717646837234,0.0026832877192646265,383680
b1_cityscapes_val,2026-07-07 05:27:29,cityscapes,val,all,student_skd,/scratch/gautschi/manors/hf_cache/hub/models--nvidia--mit-b1/snapshots/13ddceec4e8bdf401e7cd7acf5aebc526222518c,runs/mit-b1_skd_j9200315/student_skd.ckpt,skd,img_000129,/home/manors/Guardrail-Distillation/data/cityscapes/leftImg8bit/val/frankfurt/frankfurt_000001_031266_leftImg8bit.png,,0.6025932726737425,0.3974067273262575,0.9732208847999573,0.9788585901260376,0.07579255104064941,0.05477804318070412,0.16341643035411835,0.9468794465065002,0.17164482176303864,-6.830731391906738,6.805351257324219,0.0022587524726986885,0.0268368162214756,451134,4.37048300045717,7.411381499878189,16.26487800058385,0.49991981911191646,0.5000801808880835,124718,0.6066834905527879,0.3933165094472121,59400,0.05579815059900284,0.0006302009569481015,14.686620500469871,0.027991699054837227,0.9720083009451628,0.0696096420288086,0.2060105949640274,0.025984235107898712,0.5064957141876221,0.49350428581237793,0.5197889804840088,0.5490780472755432,0.2689172923564911,0.5064957141876221,0.49350428581237793,0.5064957141876221,0.49350428581237793,0.6719441413704985,0.3280558586295015,0.968858540058136,1.0,0.0,0.5000801808880835,0.6297145760981998,0.3702854239018002,0.02303108554541189,0.069350868696756,0.069350868696756,0.008631582371890545,0.012993922457098961,0.930649131303244,0.069350868696756,0.023159416392445564,0.0012546161888167262,422000
b1_cityscapes_val,2026-07-07 05:27:29,cityscapes,val,all,student_skd,/scratch/gautschi/manors/hf_cache/hub/models--nvidia--mit-b1/snapshots/13ddceec4e8bdf401e7cd7acf5aebc526222518c,runs/mit-b1_skd_j9200315/student_skd.ckpt,skd,img_000130,/home/manors/Guardrail-Distillation/data/cityscapes/leftImg8bit/val/frankfurt/frankfurt_000001_031416_leftImg8bit.png,,0.5944162464162603,0.40558375358373966,0.9708276391029358,0.980797290802002,0.07120919227600098,0.050969503819942474,0.1552085131406784,0.9487659335136414,0.16987639665603638,-6.954994201660156,6.9320855140686035,0.0015941663878038526,0.02319205552339554,456665,4.37048300045717,7.411381499878189,16.26487800058385,1.0,0.0,126826,0.4808256322976642,0.5191743677023358,98645,0.05184859037399292,0.0004956210032105446,14.686620500469871,0.023531319573521614,0.9764686804264784,0.06848111748695374,0.1715063899755478,0.01648622378706932,0.5041214227676392,0.49587857723236084,0.5172430276870728,0.5385363698005676,0.2800976037979126,0.5041214227676392,0.49587857723236084,0.5041214227676392,0.49587857723236084,0.5839635789759761,0.41603642102402394,0.9738495349884033,1.0,0.0,0.0,0.46461348769795663,0.5353865123020434,0.0,0.0,0.0,0.01255406066775322,0.009532151743769646,1.0,0.0,0.02336723916232586,0.0031379677820950747,430062
b1_cityscapes_val,2026-07-07 05:27:29,cityscapes,val,all,student_skd,/scratch/gautschi/manors/hf_cache/hub/models--nvidia--mit-b1/snapshots/13ddceec4e8bdf401e7cd7acf5aebc526222518c,runs/mit-b1_skd_j9200315/student_skd.ckpt,skd,img_000131,/home/manors/Guardrail-Distillation/data/cityscapes/leftImg8bit/val/frankfurt/frankfurt_000001_032018_leftImg8bit.png,,0.6385840866414433,0.3614159133585567,0.9480476379394531,0.9662241339683533,0.09955798834562302,0.088936448097229,0.22619245946407318,0.9223573207855225,0.24084672331809998,-6.746886730194092,6.705154895782471,0.008744868449866772,0.045445628464221954,433397,4.37048300045717,7.411381499878189,16.26487800058385,0.6265033058690811,0.3734966941309189,126850,0.6110773889130933,0.38892261108690673,98295,0.09029444307088852,0.0010120811639353633,14.686620500469871,0.038087453693151474,0.9619125463068485,0.14531517028808594,0.27811384201049805,0.03617443889379501,0.5090426206588745,0.4909573793411255,0.532427966594696,0.5610304474830627,0.28688839077949524,0.5090426206588745,0.4909573793411255,0.5090426206588745,0.4909573793411255,0.6976239609853622,0.30237603901463783,0.9592406153678894,0.8654467058749827,0.13455329412501726,0.23894340000590164,0.9193785483776049,0.08062145162239509,0.30830115946451164,0.059039874343918886,0.059039874343918886,0.020978456363081932,0.009785485453903675,0.9409601256560811,0.059039874343918886,0.03395270183682442,0.002196600427851081,390242
b1_cityscapes_val,2026-07-07 05:27:29,cityscapes,val,all,student_skd,/scratch/gautschi/manors/hf_cache/hub/models--nvidia--mit-b1/snapshots/13ddceec4e8bdf401e7cd7acf5aebc526222518c,runs/mit-b1_skd_j9200315/student_skd.ckpt,skd,img_000132,/home/manors/Guardrail-Distillation/data/cityscapes/leftImg8bit/val/frankfurt/frankfurt_000001_032556_leftImg8bit.png,,0.43450104576055526,0.5654989542394447,0.9548025727272034,0.9751941561698914,0.08280008286237717,0.06541728973388672,0.18636566400527954,0.9392806887626648,0.19412796199321747,-6.576881408691406,6.546886444091797,0.003649344202131033,0.03141888603568077,451862,4.351999250502558,7.416060999275942,16.26581875007105,1.0,0.0,126850,0.24137871618463352,0.7586212838153665,11283,0.06674070656299591,0.0007829903624951839,14.673982500426064,0.026749329641461372,0.9732506703585386,0.08878308534622192,0.1964849978685379,0.023804469034075737,0.5059508085250854,0.49404919147491455,0.5218891501426697,0.5470210909843445,0.2603895962238312,0.5059508085250854,0.49404919147491455,0.5059508085250854,0.49404919147491455,0.5327586766214314,0.4672413233785686,0.9687116742134094,1.0,0.0,0.0,0.2922093757607093,0.7077906242392906,0.05083065957607591,0.09825763086087613,0.09825763086087613,0.022927353158593178,0.009018240496516228,0.9017423691391239,0.09825763086087613,0.03445742279291153,0.0045655532740056515,417521
b1_cityscapes_val,2026-07-07 05:27:30,cityscapes,val,all,student_skd,/scratch/gautschi/manors/hf_cache/hub/models--nvidia--mit-b1/snapshots/13ddceec4e8bdf401e7cd7acf5aebc526222518c,runs/mit-b1_skd_j9200315/student_skd.ckpt,skd,img_000133,/home/manors/Guardrail-Distillation/data/cityscapes/leftImg8bit/val/frankfurt/frankfurt_000001_032711_leftImg8bit.png,,0.5090181465282199,0.49098185347178014,0.9661736488342285,0.9823503494262695,0.06849376112222672,0.0456664003431797,0.14610520005226135,0.9551836848258972,0.14481264352798462,-6.904073238372803,6.883011817932129,0.001389621291309595,0.02142350934445858,462716,4.351999250502558,7.416060999275942,16.26581875007105,0.9453682217729619,0.05463177822703813,126850,0.4272253476674267,0.5727746523325733,102082,0.0465388298034668,0.00047496004845015705,14.673982500426064,0.016493961215019226,0.9835060387849808,0.031043168157339096,0.1169814020395279,0.015263344161212444,0.503815770149231,0.49618422985076904,0.5132650136947632,0.527101993560791,0.2606571316719055,0.503815770149231,0.49618422985076904,0.503815770149231,0.49618422985076904,0.5813923567374137,0.41860764326258626,0.9713345170021057,0.9568787550569785,0.0431212449430215,0.011510533284016633,0.44115768505843345,0.5588423149415666,0.013932337391006744,0.07237421020919388,0.07237421020919388,0.009887274354696274,0.004726441577076912,0.9276257897908061,0.07237421020919388,0.015409019775688648,0.0009379403782077134,437680
b1_cityscapes_val,2026-07-07 05:27:30,cityscapes,val,all,student_skd,/scratch/gautschi/manors/hf_cache/hub/models--nvidia--mit-b1/snapshots/13ddceec4e8bdf401e7cd7acf5aebc526222518c,runs/mit-b1_skd_j9200315/student_skd.ckpt,skd,img_000134,/home/manors/Guardrail-Distillation/data/cityscapes/leftImg8bit/val/frankfurt/frankfurt_000001_032942_leftImg8bit.png,,0.6109181746835647,0.3890818253164353,0.9602802991867065,0.9710118174552917,0.08927012979984283,0.07911602407693863,0.2068740427494049,0.9280223846435547,0.2291356921195984,-6.607028961181641,6.571778297424316,0.005473880562931299,0.035494863986968994,462743,4.351999250502558,7.416060999275942,16.26581875007105,0.8648641549096437,0.13513584509035625,126850,0.5715436390937987,0.4284563609062013,103521,0.08077511936426163,0.0009531614487059414,14.673982500426064,0.04724465310573578,0.9527553468942642,0.19620172679424286,0.3432027995586395,0.05896841734647751,0.5147377848625183,0.4852622151374817,0.5502389669418335,0.5949651598930359,0.2786560654640198,0.5147377848625183,0.4852622151374817,0.5147377848625183,0.4852622151374817,0.5764664682879576,0.42353353171204244,0.971647322177887,0.9082453621728793,0.09175463782712068,0.04338120726323558,0.6074629804556272,0.3925370195443728,0.035919341361828505,0.0,0.0,0.02097492478787899,0.009607925079762936,1.0,0.0,0.03251264616847038,0.003578660311177373,422347
b1_cityscapes_val,2026-07-07 05:27:30,cityscapes,val,all,student_skd,/scratch/gautschi/manors/hf_cache/hub/models--nvidia--mit-b1/snapshots/13ddceec4e8bdf401e7cd7acf5aebc526222518c,runs/mit-b1_skd_j9200315/student_skd.ckpt,skd,img_000135,/home/manors/Guardrail-Distillation/data/cityscapes/leftImg8bit/val/frankfurt/frankfurt_000001_033655_leftImg8bit.png,,0.5320128154923979,0.4679871845076021,0.9738898277282715,0.9811179041862488,0.07358521968126297,0.04934774339199066,0.1645769625902176,0.9547023773193359,0.1439029574394226,-7.096733093261719,7.073798656463623,0.0031308704055845737,0.02387506142258644,459936,4.351999250502558,7.416060999275942,16.26581875007105,0.9340599257222002,0.0659400742777998,126850,0.5896180345489475,0.41038196545105254,85798,0.05027830973267555,0.0005742430221289396,14.673982500426064,0.019880598410964012,0.980119401589036,0.03900811821222305,0.1468779593706131,0.02169419452548027,0.5054233074188232,0.49457669258117676,0.5167136192321777,0.5370767116546631,0.26277288794517517,0.5054233074188232,0.49457669258117676,0.5054233074188232,0.49457669258117676,0.5931866426606254,0.4068133573393746,0.9797471761703491,0.9359079724522199,0.0640920275477801,0.0018480467300197034,0.6041405871157957,0.39585941288420434,0.014522552566848201,0.0611738271682275,0.0611738271682275,0.011562477797269821,0.0057051414623856544,0.9388261728317725,0.0611738271682275,0.0183938629925251,0.001791553571820259,433765
b1_cityscapes_val,2026-07-07 05:27:30,cityscapes,val,all,student_skd,/scratch/gautschi/manors/hf_cache/hub/models--nvidia--mit-b1/snapshots/13ddceec4e8bdf401e7cd7acf5aebc526222518c,runs/mit-b1_skd_j9200315/student_skd.ckpt,skd,img_000136,/home/manors/Guardrail-Distillation/data/cityscapes/leftImg8bit/val/frankfurt/frankfurt_000001_034047_leftImg8bit.png,,0.5948665008736118,0.4051334991263882,0.9400612711906433,0.9544602632522583,0.1156182810664177,0.12093599885702133,0.27363836765289307,0.9020846486091614,0.29370927810668945,-6.474493026733398,6.417649745941162,0.013418598100543022,0.06215158849954605,459586,4.352967000158969,7.412824250423,16.264705500361742,0.8822541560250353,0.11774584397496468,126850,0.7146063765570849,0.2853936234429151,19831,0.12297752499580383,0.0011923211859539151,14.671819249997498,0.05675695091485977,0.9432430490851402,0.23239055275917053,0.34683486819267273,0.06019705906510353,0.5150446891784668,0.4849553108215332,0.5583220720291138,0.5869525074958801,0.29040199518203735,0.5150446891784668,0.4849553108215332,0.5150446891784668,0.4849553108215332,0.6819512782440719,0.31804872175592813,0.9522939920425415,0.8858520492890111,0.11414795071098893,0.003597893263975749,0.8816236657640916,0.11837633423590843,0.16701728920700665,0.08708477737046005,0.08708477737046005,0.02866927906870842,0.016436532139778137,0.91291522262954,0.08708477737046005,0.04992754012346268,0.0035227355547249317,398402
b1_cityscapes_val,2026-07-07 05:27:30,cityscapes,val,all,student_skd,/scratch/gautschi/manors/hf_cache/hub/models--nvidia--mit-b1/snapshots/13ddceec4e8bdf401e7cd7acf5aebc526222518c,runs/mit-b1_skd_j9200315/student_skd.ckpt,skd,img_000137,/home/manors/Guardrail-Distillation/data/cityscapes/leftImg8bit/val/frankfurt/frankfurt_000001_034816_leftImg8bit.png,,0.3781339710856676,0.6218660289143324,0.9086564183235168,0.9414243102073669,0.13281460106372833,0.15507052838802338,0.31650790572166443,0.8792388439178467,0.36151009798049927,-6.178247451782227,6.103862285614014,0.021846605464816093,0.08295991271734238,458149,4.352967000158969,7.412824250423,16.264705500361742,0.9141722549417531,0.08582774505824686,126850,0.2569125771728517,0.7430874228271482,40102,0.15807989239692688,0.002083374885842204,14.671819249997498,0.0878898873925209,0.9121101126074791,0.3555445969104767,0.4733709692955017,0.0939713567495346,0.5234755873680115,0.4765244126319885,0.5932142734527588,0.6406018137931824,0.3036212623119354,0.5234755873680115,0.4765244126319885,0.5234755873680115,0.4765244126319885,0.48877790780322117,0.5112220921967788,0.9383519887924194,0.9284334315689254,0.07156656843107456,0.0142611766271723,0.3885113729905734,0.6114886270094266,0.1315987958177216,0.11064393671755357,0.11064393671755357,0.04617056995630264,0.01647499017417431,0.8893560632824464,0.11064393671755357,0.07413745671510696,0.005061672069132328,381438
b1_cityscapes_val,2026-07-07 05:27:30,cityscapes,val,all,student_skd,/scratch/gautschi/manors/hf_cache/hub/models--nvidia--mit-b1/snapshots/13ddceec4e8bdf401e7cd7acf5aebc526222518c,runs/mit-b1_skd_j9200315/student_skd.ckpt,skd,img_000138,/home/manors/Guardrail-Distillation/data/cityscapes/leftImg8bit/val/frankfurt/frankfurt_000001_035144_leftImg8bit.png,,0.6126120090424515,0.3873879909575485,0.8980953097343445,0.9519467353820801,0.11365227401256561,0.12399056553840637,0.24711936712265015,0.8923967480659485,0.3204967677593231,-6.243313789367676,6.1844964027404785,0.009333916939795017,0.06473182886838913,435937,4.352967000158969,7.412824250423,16.264705500361742,0.464830339120912,0.535169660879088,102393,0.6192797471716531,0.3807202528283469,62528,0.12609674036502838,0.0013058336917310953,14.671819249997498,0.061435822397470474,0.9385641776025295,0.2504679560661316,0.34847596287727356,0.06421032547950745,0.5160470604896545,0.48395293951034546,0.5654160976409912,0.595620334148407,0.3000001907348633,0.5160470604896545,0.48395293951034546,0.5160470604896545,0.48395293951034546,0.685404795510489,0.31459520448951095,0.9343620538711548,0.6716483284511415,0.32835167154885847,0.20681798933022955,0.6722043997533405,0.32779560024665955,0.052924652581687326,0.07279278646803755,0.07279278646803755,0.04681180790066719,0.010545101016759872,0.9272072135319624,0.07279278646803755,0.06964997202157974,0.01447686180472374,373566
b1_cityscapes_val,2026-07-07 05:27:30,cityscapes,val,all,student_skd,/scratch/gautschi/manors/hf_cache/hub/models--nvidia--mit-b1/snapshots/13ddceec4e8bdf401e7cd7acf5aebc526222518c,runs/mit-b1_skd_j9200315/student_skd.ckpt,skd,img_000139,/home/manors/Guardrail-Distillation/data/cityscapes/leftImg8bit/val/frankfurt/frankfurt_000001_035864_leftImg8bit.png,,0.623891250889883,0.37610874911011705,0.9398554563522339,0.9599710702896118,0.10634250938892365,0.1013273075222969,0.23399628698825836,0.9139918684959412,0.2521399259567261,-6.333562850952148,6.2843337059021,0.007601400371640921,0.05530843883752823,466493,4.352967000158969,7.412824250423,16.264705500361742,0.6466044768696442,0.3533955231303558,126850,0.5301051773759501,0.4698948226240499,108338,0.10331106930971146,0.0015754557680338621,14.671819249997498,0.052231188863515854,0.9477688111364841,0.21249417960643768,0.3168164789676666,0.05158204212784767,0.5128926634788513,0.4871073365211487,0.5539774298667908,0.587429940700531,0.2927536070346832,0.5128926634788513,0.4871073365211487,0.5128926634788513,0.4871073365211487,0.6723645303496609,0.3276354696503391,0.970938503742218,0.9602338229111957,0.039766177088804255,0.31362934604155157,0.6572310437136778,0.3427689562863222,0.1271258663377277,0.048473279459777974,0.048473279459777974,0.04039503261446953,0.009312037378549576,0.951526720540222,0.048473279459777974,0.052740342915058136,0.012675431556999683,411223
b1_cityscapes_val,2026-07-07 05:27:30,cityscapes,val,all,student_skd,/scratch/gautschi/manors/hf_cache/hub/models--nvidia--mit-b1/snapshots/13ddceec4e8bdf401e7cd7acf5aebc526222518c,runs/mit-b1_skd_j9200315/student_skd.ckpt,skd,img_000140,/home/manors/Guardrail-Distillation/data/cityscapes/leftImg8bit/val/frankfurt/frankfurt_000001_037705_leftImg8bit.png,,0.5225504107925648,0.4774495892074352,0.8485828042030334,0.9506216645240784,0.11485476791858673,0.13326247036457062,0.26573264598846436,0.8823418617248535,0.3688894510269165,-6.041715621948242,5.981058597564697,0.011888076551258564,0.0622745156288147,418823,4.355175999990024,7.3955412499344675,16.241965499830258,0.6774164031431175,0.32258359685688254,122794,0.6378913504463646,0.3621086495536354,70918,0.13528960943222046,0.0014127008616924286,14.685741749417502,0.0657152608036995,0.9342847391963005,0.23754021525382996,0.34131062030792236,0.06749972701072693,0.516868531703949,0.483131468296051,0.5582104325294495,0.5866504311561584,0.3308628499507904,0.516868531703949,0.483131468296051,0.516868531703949,0.483131468296051,0.6296534070682268,0.3703465929317732,0.9449456930160522,0.8985774809878709,0.10142251901212906,0.22116107784475347,0.6484478942825472,0.35155210571745277,0.010556543836182652,0.107102996275662,0.107102996275662,0.10865926742553711,0.012296363711357117,0.892897003724338,0.107102996275662,0.13005493581295013,0.06758702546358109,356802
b1_cityscapes_val,2026-07-07 05:27:30,cityscapes,val,all,student_skd,/scratch/gautschi/manors/hf_cache/hub/models--nvidia--mit-b1/snapshots/13ddceec4e8bdf401e7cd7acf5aebc526222518c,runs/mit-b1_skd_j9200315/student_skd.ckpt,skd,img_000141,/home/manors/Guardrail-Distillation/data/cityscapes/leftImg8bit/val/frankfurt/frankfurt_000001_038245_leftImg8bit.png,,0.48595307632343226,0.5140469236765677,0.924235999584198,0.9536421298980713,0.11824846267700195,0.1207185760140419,0.2725563049316406,0.9020891189575195,0.294712096452713,-6.671624183654785,6.613476276397705,0.014363267458975315,0.06642137467861176,443562,4.355175999990024,7.3955412499344675,16.241965499830258,1.0,0.0,126850,0.5675466663322994,0.43245333366770056,26168,0.12250883132219315,0.0011752841528505087,14.685741749417502,0.049379728734493256,0.9506202712655067,0.20817142724990845,0.3282453715801239,0.047902993857860565,0.5119734406471252,0.48802655935287476,0.5450125932693481,0.5719236135482788,0.2751538157463074,0.5119734406471252,0.48802655935287476,0.5119734406471252,0.48802655935287476,0.5541922177267057,0.4458077822732943,0.9363064765930176,1.0,0.0,0.0,0.5827583757347319,0.4172416242652681,0.015211709402432438,0.06823914140327336,0.06823914140327336,0.023953808471560478,0.011883343569934368,0.9317608585967266,0.06823914140327336,0.047332726418972015,0.0012083991896361113,384137
b1_cityscapes_val,2026-07-07 05:27:30,cityscapes,val,all,student_skd,/scratch/gautschi/manors/hf_cache/hub/models--nvidia--mit-b1/snapshots/13ddceec4e8bdf401e7cd7acf5aebc526222518c,runs/mit-b1_skd_j9200315/student_skd.ckpt,skd,img_000142,/home/manors/Guardrail-Distillation/data/cityscapes/leftImg8bit/val/frankfurt/frankfurt_000001_038418_leftImg8bit.png,,0.6014604161731024,0.3985395838268976,0.9345329403877258,0.9616240859031677,0.10587548464536667,0.10138155519962311,0.24491116404533386,0.9132847785949707,0.26871758699417114,-6.40150785446167,6.353995323181152,0.009677110239863396,0.05268821865320206,448791,4.355175999990024,7.3955412499344675,16.241965499830258,1.0,0.0,126838,0.850027881127261,0.14997211887273898,22208,0.10284128040075302,0.0008955853991210461,14.685741749417502,0.04794993996620178,0.9520500600337982,0.19793018698692322,0.32805562019348145,0.04943815991282463,0.5123570561408997,0.48764294385910034,0.5457127094268799,0.5760415196418762,0.27967095375061035,0.5123570561408997,0.48764294385910034,0.5123570561408997,0.48764294385910034,0.6560253488473982,0.34397465115260184,0.9396645426750183,0.49998817389110517,0.5000118261088948,0.0,0.9198030852005371,0.08019691479946289,0.06977520407327609,0.05456493267429574,0.05456493267429574,0.013850544579327106,0.008718980476260185,0.9454350673257043,0.05456493267429574,0.03187452256679535,0.0005904752761125565,398332
b1_cityscapes_val,2026-07-07 05:27:30,cityscapes,val,all,student_skd,/scratch/gautschi/manors/hf_cache/hub/models--nvidia--mit-b1/snapshots/13ddceec4e8bdf401e7cd7acf5aebc526222518c,runs/mit-b1_skd_j9200315/student_skd.ckpt,skd,img_000143,/home/manors/Guardrail-Distillation/data/cityscapes/leftImg8bit/val/frankfurt/frankfurt_000001_038645_leftImg8bit.png,,0.508660652693244,0.491339347306756,0.9288182854652405,0.9493435621261597,0.11964760720729828,0.13372653722763062,0.2728390395641327,0.8876017928123474,0.34122079610824585,-6.317559242248535,6.254722595214844,0.01378406211733818,0.06993164122104645,427160,4.355175999990024,7.3955412499344675,16.241965499830258,0.45886671701457865,0.5411332829854214,126850,0.5236483529500957,0.4763516470499043,28853,0.1357005387544632,0.0013032294809818268,14.685741749417502,0.053550783544778824,0.9464492164552212,0.2109682261943817,0.3166099190711975,0.05549782142043114,0.513870894908905,0.48612910509109497,0.5533536076545715,0.5784549713134766,0.29769426584243774,0.513870894908905,0.48612910509109497,0.513870894908905,0.48612910509109497,0.6502947863075345,0.34970521369246554,0.9478135108947754,0.9856495770051031,0.014350422994896861,0.5267828599905245,0.608157870010448,0.39184212998955203,0.08450951706035226,0.14163413361429045,0.14163413361429045,0.033977899700403214,0.014982677064836025,0.8583658663857096,0.14163413361429045,0.05519711598753929,0.003963386174291372,363691
b1_cityscapes_val,2026-07-07 05:27:30,cityscapes,val,all,student_skd,/scratch/gautschi/manors/hf_cache/hub/models--nvidia--mit-b1/snapshots/13ddceec4e8bdf401e7cd7acf5aebc526222518c,runs/mit-b1_skd_j9200315/student_skd.ckpt,skd,img_000144,/home/manors/Guardrail-Distillation/data/cityscapes/leftImg8bit/val/frankfurt/frankfurt_000001_038844_leftImg8bit.png,,0.5462564243601474,0.45374357563985257,0.9132758378982544,0.9616690874099731,0.09897728264331818,0.10779105126857758,0.23032177984714508,0.8998005986213684,0.32193219661712646,-6.430980682373047,6.384748935699463,0.007131194230169058,0.04522018879652023,434850,4.351792749730521,7.422390499414178,16.240375250163197,0.8947171553823602,0.10528284461763981,126836,0.6133387885036604,0.3866612114963396,29859,0.10983994603157043,0.0011617294512689114,14.689992499370419,0.05631810426712036,0.9436818957328796,0.21643716096878052,0.32143542170524597,0.061496373265981674,0.5153692364692688,0.4846307635307312,0.5549526810646057,0.5814163684844971,0.28488460183143616,0.5153692364692688,0.4846307635307312,0.5153692364692688,0.4846307635307312,0.5887272675294036,0.41127273247059637,0.9215683341026306,0.8484565150163039,0.15154348498369608,0.0,0.6139912499948966,0.3860087500051034,0.0006524614912362114,0.0424708431692562,0.0424708431692562,0.022053580731153488,0.01376106683164835,0.9575291568307438,0.0424708431692562,0.041241806000471115,0.004419914912432432,384424
b1_cityscapes_val,2026-07-07 05:27:30,cityscapes,val,all,student_skd,/scratch/gautschi/manors/hf_cache/hub/models--nvidia--mit-b1/snapshots/13ddceec4e8bdf401e7cd7acf5aebc526222518c,runs/mit-b1_skd_j9200315/student_skd.ckpt,skd,img_000145,/home/manors/Guardrail-Distillation/data/cityscapes/leftImg8bit/val/frankfurt/frankfurt_000001_039895_leftImg8bit.png,,0.5128517845342787,0.4871482154657213,0.9398295283317566,0.9596835374832153,0.10659053176641464,0.10177969932556152,0.2335233986377716,0.9131962060928345,0.25718337297439575,-6.550759792327881,6.501275062561035,0.007320483215153217,0.05521924048662186,456254,4.351792749730521,7.422390499414178,16.240375250163197,0.9409015470833696,0.059098452916630406,126850,0.5477430399263389,0.4522569600736611,82897,0.1035870686173439,0.0014151327777653933,14.689992499370419,0.049438878893852234,0.9505611211061478,0.210403710603714,0.3184756338596344,0.0495462529361248,0.5123840570449829,0.4876159429550171,0.5518606305122375,0.5783862471580505,0.3053327202796936,0.5123840570449829,0.4876159429550171,0.5123840570449829,0.4876159429550171,0.5158316010823273,0.4841683989176727,0.9651092886924744,0.4984272763106031,0.501572723689397,0.0,0.5701534516491565,0.42984654835084346,0.022410411722817658,0.002979816548048575,0.002979816548048575,0.03645995259284973,0.011180175468325615,0.9970201834519514,0.002979816548048575,0.050296541303396225,0.005731456447392702,400525
b1_cityscapes_val,2026-07-07 05:27:30,cityscapes,val,all,student_skd,/scratch/gautschi/manors/hf_cache/hub/models--nvidia--mit-b1/snapshots/13ddceec4e8bdf401e7cd7acf5aebc526222518c,runs/mit-b1_skd_j9200315/student_skd.ckpt,skd,img_000146,/home/manors/Guardrail-Distillation/data/cityscapes/leftImg8bit/val/frankfurt/frankfurt_000001_040575_leftImg8bit.png,,0.5502035114734626,0.4497964885265374,0.9196490049362183,0.9506449103355408,0.11716614663600922,0.12804806232452393,0.266867458820343,0.8948972821235657,0.3076775372028351,-6.721220016479492,6.660304546356201,0.011292001232504845,0.06729632616043091,449876,4.351792749730521,7.422390499414178,16.240375250163197,0.814173075748818,0.18582692425118197,126850,0.6513990219320868,0.34860097806791324,18680,0.1300397366285324,0.001270561944693327,14.689992499370419,0.054610058665275574,0.9453899413347244,0.22027218341827393,0.32012826204299927,0.05411187559366226,0.5135246515274048,0.4864753484725952,0.5546332597732544,0.5776058435440063,0.2926871180534363,0.5135246515274048,0.4864753484725952,0.5135246515274048,0.4864753484725952,0.5637310969216304,0.43626890307836963,0.9426242113113403,0.5972253271658854,0.4027746728341146,0.0,0.6919977033758427,0.30800229662415735,0.04059868144375589,0.01352758544816779,0.01352758544816779,0.039288606494665146,0.01631338521838188,0.9864724145518322,0.01352758544816779,0.062121566385030746,0.008660164661705494,382991
b1_cityscapes_val,2026-07-07 05:27:30,cityscapes,val,all,student_skd,/scratch/gautschi/manors/hf_cache/hub/models--nvidia--mit-b1/snapshots/13ddceec4e8bdf401e7cd7acf5aebc526222518c,runs/mit-b1_skd_j9200315/student_skd.ckpt,skd,img_000147,/home/manors/Guardrail-Distillation/data/cityscapes/leftImg8bit/val/frankfurt/frankfurt_000001_040732_leftImg8bit.png,,0.4892814336497806,0.5107185663502194,0.9183998107910156,0.9562933444976807,0.11415836960077286,0.11492903530597687,0.26437613368034363,0.9052522778511047,0.28587204217910767,-6.852038860321045,6.79743766784668,0.012836087495088577,0.06166040152311325,453565,4.351792749730521,7.422390499414178,16.240375250163197,1.0,0.0,126850,0.4955847838045845,0.5044152161954155,12803,0.11675851047039032,0.001235696137882769,14.689992499370419,0.05129249393939972,0.9487075060606003,0.20978552103042603,0.34117022156715393,0.04970203712582588,0.5124229788780212,0.48757702112197876,0.548879086971283,0.580062747001648,0.28353768587112427,0.5124229788780212,0.48757702112197876,0.5124229788780212,0.48757702112197876,0.5075576336061934,0.49244236639380656,0.9417657852172852,1.0,0.0,0.0,0.5254715633332087,0.47452843666679134,0.029886779528624174,0.01827619995641283,0.01827619995641283,0.04103491082787514,0.017668912187218666,0.9817238000435872,0.01827619995641283,0.0638122409582138,0.016566533595323563,396246
b1_cityscapes_val,2026-07-07 05:27:30,cityscapes,val,all,student_skd,/scratch/gautschi/manors/hf_cache/hub/models--nvidia--mit-b1/snapshots/13ddceec4e8bdf401e7cd7acf5aebc526222518c,runs/mit-b1_skd_j9200315/student_skd.ckpt,skd,img_000148,/home/manors/Guardrail-Distillation/data/cityscapes/leftImg8bit/val/frankfurt/frankfurt_000001_041074_leftImg8bit.png,,0.5645405655396044,0.4354594344603956,0.9243654012680054,0.9468135833740234,0.12349740415811539,0.1380884200334549,0.2837837040424347,0.88847815990448,0.3310607969760895,-6.467013835906982,6.400750637054443,0.014172878116369247,0.075650155544281,450085,4.335120000177994,7.4065977496502455,16.261271000075794,0.9587284688226785,0.04127153117732152,123458,0.6867257253190674,0.3132742746809326,2666,0.13992702960968018,0.001254739356227219,14.674088750325609,0.06826713681221008,0.9317328631877899,0.285795658826828,0.388979434967041,0.06284838169813156,0.5157069563865662,0.48429304361343384,0.5693967938423157,0.5983177423477173,0.2997121214866638,0.5157069563865662,0.48429304361343384,0.5157069563865662,0.48429304361343384,0.5521547603860251,0.44784523961397493,0.9395291805267334,0.652336457615052,0.347663542384948,0.0,0.792173372312402,0.20782662768759796,0.10544764699333464,0.0,0.0,0.032233912497758865,0.017070109024643898,1.0,0.0,0.05993090197443962,0.0035970984026789665,379790
b1_cityscapes_val,2026-07-07 05:27:30,cityscapes,val,all,student_skd,/scratch/gautschi/manors/hf_cache/hub/models--nvidia--mit-b1/snapshots/13ddceec4e8bdf401e7cd7acf5aebc526222518c,runs/mit-b1_skd_j9200315/student_skd.ckpt,skd,img_000149,/home/manors/Guardrail-Distillation/data/cityscapes/leftImg8bit/val/frankfurt/frankfurt_000001_041354_leftImg8bit.png,,0.5620412099128042,0.43795879008719585,0.9014358520507812,0.9644261598587036,0.0969560295343399,0.0876540094614029,0.20591039955615997,0.9239289164543152,0.2212107628583908,-6.77241849899292,6.72952127456665,0.0033525368198752403,0.04484694078564644,443843,4.335120000177994,7.4065977496502455,16.261271000075794,0.38302113043716757,0.6169788695628324,122310,0.9828085286642192,0.017191471335780806,28328,0.08855855464935303,0.0006796796224080026,14.674088750325609,0.041362397372722626,0.9586376026272774,0.16810037195682526,0.27803319692611694,0.04081396386027336,0.5102021098136902,0.4897978901863098,0.5420851111412048,0.5779519081115723,0.299612820148468,0.5102021098136902,0.4897978901863098,0.5102021098136902,0.4897978901863098,0.7899334930942504,0.21006650690574957,0.9766899347305298,0.6614323366897058,0.3385676633102942,0.27841120625253823,0.9836204462016379,0.01637955379836209,0.000811917537418716,0.22789228318144628,0.22789228318144628,0.08306090533733368,0.00780681474134326,0.7721077168185537,0.22789228318144628,0.09207760542631149,0.043222490698099136,393266
b1_cityscapes_val,2026-07-07 05:27:30,cityscapes,val,all,student_skd,/scratch/gautschi/manors/hf_cache/hub/models--nvidia--mit-b1/snapshots/13ddceec4e8bdf401e7cd7acf5aebc526222518c,runs/mit-b1_skd_j9200315/student_skd.ckpt,skd,img_000150,/home/manors/Guardrail-Distillation/data/cityscapes/leftImg8bit/val/frankfurt/frankfurt_000001_041517_leftImg8bit.png,,0.7075940764121311,0.2924059235878689,0.9409852623939514,0.9656388759613037,0.09795758128166199,0.0894460529088974,0.21780763566493988,0.9215520620346069,0.2375035285949707,-6.401368141174316,6.359414100646973,0.006487186066806316,0.045110493898391724,460292,4.335120000177994,7.4065977496502455,16.261271000075794,1.0,0.0,126850,0.8778497716048471,0.12215022839515288,34103,0.09087415039539337,0.0009680636576376855,14.674088750325609,0.049034904688596725,0.9509650953114033,0.19775037467479706,0.33104318380355835,0.04810907319188118,0.5120249390602112,0.4879750609397888,0.5479106903076172,0.5839570760726929,0.2973632216453552,0.5120249390602112,0.4879750609397888,0.5120249390602112,0.4879750609397888,0.7636773027379294,0.23632269726207056,0.9558649063110352,1.0,0.0,0.0,0.9344606422004196,0.06553935779958042,0.05661087059557246,0.05608322632579832,0.05608322632579832,0.032731395214796066,0.017851710319519043,0.9439167736742017,0.05608322632579832,0.05272087827324867,0.011097302660346031,412527
b1_cityscapes_val,2026-07-07 05:27:31,cityscapes,val,all,student_skd,/scratch/gautschi/manors/hf_cache/hub/models--nvidia--mit-b1/snapshots/13ddceec4e8bdf401e7cd7acf5aebc526222518c,runs/mit-b1_skd_j9200315/student_skd.ckpt,skd,img_000151,/home/manors/Guardrail-Distillation/data/cityscapes/leftImg8bit/val/frankfurt/frankfurt_000001_041664_leftImg8bit.png,,0.4170328203708865,0.5829671796291135,0.9378117918968201,0.962487518787384,0.10397977381944656,0.09578005969524384,0.2306177169084549,0.917646586894989,0.24833644926548004,-6.511898517608643,6.465664863586426,0.007760094478726387,0.05180191993713379,456180,4.335120000177994,7.4065977496502455,16.261271000075794,0.6075199593760635,0.3924800406239365,126850,0.20786735158465913,0.7921326484153408,9790,0.09731542319059372,0.0010688656475394964,14.674088750325609,0.05050477758049965,0.9494952224195004,0.217492014169693,0.3340429961681366,0.0405283160507679,0.5101307034492493,0.48986929655075073,0.5433234572410583,0.5759317874908447,0.29777610301971436,0.5101307034492493,0.48986929655075073,0.5101307034492493,0.48986929655075073,0.5790765966117528,0.4209234033882472,0.9634354710578918,0.6584911808298118,0.34150881917018816,0.05097122145374833,0.5712445999589585,0.4287554000410415,0.3633772483742993,0.1620437762408663,0.1620437762408663,0.03263404592871666,0.007010390516370535,0.8379562237591337,0.1620437762408663,0.044136084616184235,0.008586523123085499,405631
b1_cityscapes_val,2026-07-07 05:27:31,cityscapes,val,all,student_skd,/scratch/gautschi/manors/hf_cache/hub/models--nvidia--mit-b1/snapshots/13ddceec4e8bdf401e7cd7acf5aebc526222518c,runs/mit-b1_skd_j9200315/student_skd.ckpt,skd,img_000152,/home/manors/Guardrail-Distillation/data/cityscapes/leftImg8bit/val/frankfurt/frankfurt_000001_042098_leftImg8bit.png,,0.5125194061368258,0.4874805938631742,0.9249842166900635,0.9600008130073547,0.10946089774370193,0.10624727606773376,0.2575055956840515,0.9115350246429443,0.2721375524997711,-6.894830703735352,6.844934940338135,0.011271323077380657,0.056013304740190506,448572,4.346185250142298,7.417971999529982,16.267223750219273,0.6609600773269577,0.3390399226730423,126668,0.23602975577710708,0.763970244222893,3116,0.1077089011669159,0.0009551682742312551,14.675632750368095,0.046744126826524734,0.9532558731734753,0.19245952367782593,0.31474512815475464,0.04333329200744629,0.5108315944671631,0.4891684055328369,0.5465922951698303,0.5746567845344543,0.2871105968952179,0.5108315944671631,0.4891684055328369,0.5108315944671631,0.4891684055328369,0.5831788530813008,0.4168211469186992,0.9402794241905212,0.6627783244076696,0.3372216755923304,0.0018182470807118767,0.32390109701037195,0.676098902989628,0.0878713412332649,0.07065944694447501,0.07065944694447501,0.024629268795251846,0.009334065020084381,0.929340553055525,0.07065944694447501,0.038749631494283676,0.0031210151500999928,396284
b1_cityscapes_val,2026-07-07 05:27:31,cityscapes,val,all,student_skd,/scratch/gautschi/manors/hf_cache/hub/models--nvidia--mit-b1/snapshots/13ddceec4e8bdf401e7cd7acf5aebc526222518c,runs/mit-b1_skd_j9200315/student_skd.ckpt,skd,img_000153,/home/manors/Guardrail-Distillation/data/cityscapes/leftImg8bit/val/frankfurt/frankfurt_000001_042384_leftImg8bit.png,,0.6673213564630324,0.33267864353696763,0.9392281174659729,0.9590955376625061,0.11379070580005646,0.10729381442070007,0.26914098858833313,0.9138305187225342,0.2622949182987213,-7.078512668609619,7.026739120483398,0.014394950121641159,0.05898015946149826,442030,4.346185250142298,7.417971999529982,16.267223750219273,0.8298908947764265,0.17010910522357348,126850,0.8805788925065201,0.1194211074934799,5540,0.10885036736726761,0.001041978714056313,14.675632750368095,0.042474281042814255,0.9575257189571857,0.1703503131866455,0.3080325722694397,0.03742080554366112,0.5093541145324707,0.4906458854675293,0.532274067401886,0.5708597898483276,0.2769090235233307,0.5093541145324707,0.4906458854675293,0.5093541145324707,0.4906458854675293,0.7449097250529034,0.2550902749470966,0.9558197259902954,0.8895030015790235,0.11049699842097649,0.05961210680259699,0.8583131512536633,0.14168684874633675,0.0,0.07758836858987106,0.07758836858987106,0.025014139711856842,0.008422505110502243,0.9224116314101289,0.07758836858987106,0.03913761302828789,0.001938782399520278,390595
b1_cityscapes_val,2026-07-07 05:27:31,cityscapes,val,all,student_skd,/scratch/gautschi/manors/hf_cache/hub/models--nvidia--mit-b1/snapshots/13ddceec4e8bdf401e7cd7acf5aebc526222518c,runs/mit-b1_skd_j9200315/student_skd.ckpt,skd,img_000154,/home/manors/Guardrail-Distillation/data/cityscapes/leftImg8bit/val/frankfurt/frankfurt_000001_042733_leftImg8bit.png,,0.6531831568133162,0.3468168431866838,0.9350649118423462,0.9548183083534241,0.1162356436252594,0.12055566906929016,0.2739364206790924,0.9004164934158325,0.30417460203170776,-6.757875442504883,6.701216697692871,0.014756911434233189,0.06203851476311684,463986,4.346185250142298,7.417971999529982,16.267223750219273,0.9380743277844928,0.061925672215507155,126850,0.6026196774181432,0.39738032258185685,99841,0.12253887951374054,0.0013618238735944033,14.675632750368095,0.052313271909952164,0.9476867280900478,0.2099507749080658,0.3403571844100952,0.051260292530059814,0.5128123164176941,0.4871876835823059,0.5450947880744934,0.5796539783477783,0.3020476996898651,0.5128123164176941,0.4871876835823059,0.5128123164176941,0.4871876835823059,0.7161799012102518,0.28382009878974823,0.9567573666572571,0.9763440487034356,0.023655951296564393,0.03826972091894276,0.6732986866885918,0.32670131331140817,0.07067900927044868,0.06299674439693559,0.06299674439693559,0.03191691264510155,0.010224446654319763,0.9370032556030644,0.06299674439693559,0.04889371991157532,0.004452720750123262,403463
b1_cityscapes_val,2026-07-07 05:27:31,cityscapes,val,all,student_skd,/scratch/gautschi/manors/hf_cache/hub/models--nvidia--mit-b1/snapshots/13ddceec4e8bdf401e7cd7acf5aebc526222518c,runs/mit-b1_skd_j9200315/student_skd.ckpt,skd,img_000155,/home/manors/Guardrail-Distillation/data/cityscapes/leftImg8bit/val/frankfurt/frankfurt_000001_043395_leftImg8bit.png,,0.6510735830005382,0.3489264169994618,0.9636861085891724,0.9701249003410339,0.09228821843862534,0.07773320376873016,0.20725500583648682,0.9316682815551758,0.21159851551055908,-6.773320198059082,6.736822605133057,0.005826479755342007,0.03940834850072861,455335,4.346185250142298,7.417971999529982,16.267223750219273,1.0,0.0,126850,0.6322938102128708,0.3677061897871292,31508,0.07900810986757278,0.000745322264265269,14.675632750368095,0.03641097620129585,0.9635890237987041,0.14742738008499146,0.26436087489128113,0.03323979675769806,0.5083091855049133,0.49169081449508667,0.5354694724082947,0.5654476284980774,0.27264299988746643,0.5083091855049133,0.49169081449508667,0.5083091855049133,0.49169081449508667,0.7403139814328847,0.25968601856711526,0.968544065952301,1.0,0.0,0.0,0.8538725787577218,0.14612742124227818,0.22157876854485103,0.08924039843234655,0.08924039843234655,0.015353531576693058,0.010495569556951523,0.9107596015676535,0.08924039843234655,0.027964027598500252,0.0016800817102193832,413834
b1_cityscapes_val,2026-07-07 05:27:31,cityscapes,val,all,student_skd,/scratch/gautschi/manors/hf_cache/hub/models--nvidia--mit-b1/snapshots/13ddceec4e8bdf401e7cd7acf5aebc526222518c,runs/mit-b1_skd_j9200315/student_skd.ckpt,skd,img_000156,/home/manors/Guardrail-Distillation/data/cityscapes/leftImg8bit/val/frankfurt/frankfurt_000001_043564_leftImg8bit.png,,0.4747961899671712,0.5252038100328288,0.9269242286682129,0.9583083391189575,0.1119985580444336,0.10829299688339233,0.2580820322036743,0.9095019102096558,0.28158605098724365,-6.431344985961914,6.379384517669678,0.010793021880090237,0.06137595325708389,460946,4.360286249720957,7.402412499686761,16.270700500172097,1.0,0.0,126544,0.47327591040301203,0.526724089596988,10132,0.11037090420722961,0.0012763632694259286,14.699979749821068,0.04759296029806137,0.9524070397019386,0.2026832401752472,0.3542647659778595,0.03852006793022156,0.5096288323402405,0.4903711676597595,0.5458340644836426,0.5889948010444641,0.3003670573234558,0.5096288323402405,0.4903711676597595,0.5096288323402405,0.4903711676597595,0.46939089707971926,0.5306091029202807,0.9497902393341064,1.0,0.0,0.0,0.23042593172564985,0.7695740682743502,0.0,0.0,0.0,0.03831685334444046,0.015450834296643734,1.0,0.0,0.05987469479441643,0.007363118696957827,404745
b1_cityscapes_val,2026-07-07 05:27:31,cityscapes,val,all,student_skd,/scratch/gautschi/manors/hf_cache/hub/models--nvidia--mit-b1/snapshots/13ddceec4e8bdf401e7cd7acf5aebc526222518c,runs/mit-b1_skd_j9200315/student_skd.ckpt,skd,img_000157,/home/manors/Guardrail-Distillation/data/cityscapes/leftImg8bit/val/frankfurt/frankfurt_000001_044227_leftImg8bit.png,,0.532394959520713,0.46760504047928697,0.9204084873199463,0.9455098509788513,0.12128883600234985,0.1382545679807663,0.27204278111457825,0.8896840810775757,0.31301966309547424,-6.638725280761719,6.571769714355469,0.010685387067496777,0.07481957972049713,457260,4.360286249720957,7.402412499686761,16.270700500172097,0.5064383908120357,0.4935616091879643,126850,0.5382819621306942,0.46171803786930576,21719,0.1396407186985016,0.0009991524275392294,14.699979749821068,0.06674059480428696,0.933259405195713,0.2822902202606201,0.40223428606987,0.0715213268995285,0.5178727507591248,0.48212724924087524,0.570400059223175,0.6042432188987732,0.2882244288921356,0.5178727507591248,0.48212724924087524,0.5178727507591248,0.48212724924087524,0.5731926074238183,0.4268073925761817,0.9369046092033386,0.9940553581295806,0.0059446418704194315,0.4876169673175449,0.6362263134160193,0.3637736865839807,0.09794435128532508,0.04079764790310525,0.04079764790310525,0.03771377354860306,0.02121768705546856,0.9592023520968948,0.04079764790310525,0.07098149508237839,0.006842934060841799,380889
b1_cityscapes_val,2026-07-07 05:27:31,cityscapes,val,all,student_skd,/scratch/gautschi/manors/hf_cache/hub/models--nvidia--mit-b1/snapshots/13ddceec4e8bdf401e7cd7acf5aebc526222518c,runs/mit-b1_skd_j9200315/student_skd.ckpt,skd,img_000158,/home/manors/Guardrail-Distillation/data/cityscapes/leftImg8bit/val/frankfurt/frankfurt_000001_044413_leftImg8bit.png,,0.45683207330999853,0.5431679266900015,0.9351058602333069,0.9655125141143799,0.09779580682516098,0.08931613713502884,0.21803003549575806,0.9210039973258972,0.2448834478855133,-6.797242641448975,6.755237579345703,0.005503006279468536,0.045776017010211945,449209,4.360286249720957,7.402412499686761,16.270700500172097,0.3481669157348311,0.651833084265169,123555,0.48595714630490305,0.514042853695097,16472,0.09057463705539703,0.000745785771869123,14.699979749821068,0.04198189079761505,0.958018109202385,0.16709090769290924,0.30017533898353577,0.044257909059524536,0.5110626816749573,0.4889373183250427,0.5398382544517517,0.5771427154541016,0.29291924834251404,0.5110626816749573,0.4889373183250427,0.5110626816749573,0.4889373183250427,0.572062233892839,0.42793776610716106,0.965274453163147,0.9066405851565242,0.09335941484347576,0.5584736694216932,0.5707548803617281,0.42924511963827194,0.084797734056825,0.11523016058284041,0.11523016058284041,0.03863902762532234,0.008470444008708,0.8847698394171596,0.11523016058284041,0.0506245382130146,0.015843404456973076,401766
b1_cityscapes_val,2026-07-07 05:27:31,cityscapes,val,all,student_skd,/scratch/gautschi/manors/hf_cache/hub/models--nvidia--mit-b1/snapshots/13ddceec4e8bdf401e7cd7acf5aebc526222518c,runs/mit-b1_skd_j9200315/student_skd.ckpt,skd,img_000159,/home/manors/Guardrail-Distillation/data/cityscapes/leftImg8bit/val/frankfurt/frankfurt_000001_044525_leftImg8bit.png,,0.455324344766983,0.544675655233017,0.9395309686660767,0.9555981755256653,0.11333601921796799,0.11595193296670914,0.26135244965553284,0.9056200385093689,0.27892816066741943,-6.684887886047363,6.629761219024658,0.01216862816363573,0.06007521599531174,457077,4.360286249720957,7.402412499686761,16.270700500172097,0.9320184319482996,0.06798156805170041,126850,0.42128175797574163,0.5787182420242584,9142,0.11757878959178925,0.0010849800892174244,14.699979749821068,0.04731382057070732,0.9526861794292927,0.19249080121517181,0.3153703808784485,0.039601925760507584,0.5098991990089417,0.49010080099105835,0.5404624342918396,0.5674969553947449,0.29065603017807007,0.5098991990089417,0.49010080099105835,0.5098991990089417,0.49010080099105835,0.4863072448467426,0.5136927551532574,0.95088791847229,0.880235713181053,0.11976428681894702,0.0,0.43608481792788095,0.5639151820721191,0.014803059952139264,0.030982900079759568,0.030982900079759568,0.027192354202270508,0.015835406258702278,0.9690170999202404,0.030982900079759568,0.04903550073504448,0.0033911135978996754,396657
b1_cityscapes_val,2026-07-07 05:27:31,cityscapes,val,all,student_skd,/scratch/gautschi/manors/hf_cache/hub/models--nvidia--mit-b1/snapshots/13ddceec4e8bdf401e7cd7acf5aebc526222518c,runs/mit-b1_skd_j9200315/student_skd.ckpt,skd,img_000160,/home/manors/Guardrail-Distillation/data/cityscapes/leftImg8bit/val/frankfurt/frankfurt_000001_044658_leftImg8bit.png,,0.5333828856105282,0.46661711438947184,0.9375460147857666,0.9710994958877563,0.08768280595541,0.07514297962188721,0.19005928933620453,0.9296689629554749,0.21973025798797607,-6.750177383422852,6.715397357940674,0.0032987589947879314,0.03641091287136078,449563,4.362007000054291,7.405099750030786,16.25145775051351,1.0,0.0,126850,0.43674697713294947,0.5632530228670505,24813,0.07612337172031403,0.0006811775965616107,14.694919749672408,0.03289366513490677,0.9671063348650932,0.12120674550533295,0.22887097299098969,0.0286935456097126,0.5071728825569153,0.4928271174430847,0.5277459621429443,0.5527270436286926,0.27561408281326294,0.5071728825569153,0.4928271174430847,0.5071728825569153,0.4928271174430847,0.5864931685632058,0.41350683143679423,0.9407647252082825,1.0,0.0,0.0,0.516045365119399,0.483954634880601,0.0792983879864495,0.05311028295267761,0.05311028295267761,0.015501720830798149,0.012283039279282093,0.9468897170473224,0.05311028295267761,0.03171302005648613,0.002435698639601469,409771
b1_cityscapes_val,2026-07-07 05:27:31,cityscapes,val,all,student_skd,/scratch/gautschi/manors/hf_cache/hub/models--nvidia--mit-b1/snapshots/13ddceec4e8bdf401e7cd7acf5aebc526222518c,runs/mit-b1_skd_j9200315/student_skd.ckpt,skd,img_000161,/home/manors/Guardrail-Distillation/data/cityscapes/leftImg8bit/val/frankfurt/frankfurt_000001_044787_leftImg8bit.png,,0.505976479890731,0.494023520109269,0.8343847393989563,0.9510196447372437,0.11782392114400864,0.13176485896110535,0.27774858474731445,0.8915508985519409,0.32983899116516113,-6.573024749755859,6.5122785568237305,0.013714536093175411,0.06580192595720291,423711,4.362007000054291,7.405099750030786,16.25145775051351,0.49747902481616235,0.5025209751838376,108714,0.8157216749970039,0.18427832500299612,27143,0.13367526233196259,0.0013063122751191258,14.694919749672408,0.06121187284588814,0.9387881271541119,0.25369691848754883,0.37436214089393616,0.06043089181184769,0.5151031613349915,0.48489683866500854,0.5581573247909546,0.5922666788101196,0.304674357175827,0.5151031613349915,0.48489683866500854,0.5151031613349915,0.48489683866500854,0.5702917327612004,0.4297082672387996,0.8503885865211487,0.6636240703177823,0.33637592968221774,0.1661450455016199,0.8586120421862207,0.14138795781377933,0.042890367189216794,0.06431525287046935,0.06431525287046935,0.02477160096168518,0.008767768740653992,0.9356847471295306,0.06431525287046935,0.04870064556598663,0.002008444396778941,361641
b1_cityscapes_val,2026-07-07 05:27:31,cityscapes,val,all,student_skd,/scratch/gautschi/manors/hf_cache/hub/models--nvidia--mit-b1/snapshots/13ddceec4e8bdf401e7cd7acf5aebc526222518c,runs/mit-b1_skd_j9200315/student_skd.ckpt,skd,img_000162,/home/manors/Guardrail-Distillation/data/cityscapes/leftImg8bit/val/frankfurt/frankfurt_000001_046126_leftImg8bit.png,,0.49947865346586295,0.500521346534137,0.9235105514526367,0.957840621471405,0.11110401898622513,0.11488764733076096,0.2635830044746399,0.9033884406089783,0.2979433834552765,-6.516352653503418,6.463820457458496,0.013012084178626537,0.05569441244006157,460495,4.362007000054291,7.405099750030786,16.25145775051351,1.0,0.0,126850,0.4743546119964656,0.5256453880035343,10925,0.11695203185081482,0.0012124859495088458,14.694919749672408,0.051192693412303925,0.9488073065876961,0.2060580849647522,0.3444884121417999,0.04640604928135872,0.5115994215011597,0.48840057849884033,0.5447092652320862,0.5805598497390747,0.29451149702072144,0.5115994215011597,0.48840057849884033,0.5115994215011597,0.48840057849884033,0.5815838140708929,0.4184161859291071,0.9357994794845581,1.0,0.0,0.0,0.5106480373490554,0.4893519626509446,0.036293425352589725,0.08210516060502993,0.08210516060502993,0.023928597569465637,0.011639648117125034,0.9178948393949701,0.08210516060502993,0.04496682807803154,0.004080391488969326,404540
b1_cityscapes_val,2026-07-07 05:27:31,cityscapes,val,all,student_skd,/scratch/gautschi/manors/hf_cache/hub/models--nvidia--mit-b1/snapshots/13ddceec4e8bdf401e7cd7acf5aebc526222518c,runs/mit-b1_skd_j9200315/student_skd.ckpt,skd,img_000163,/home/manors/Guardrail-Distillation/data/cityscapes/leftImg8bit/val/frankfurt/frankfurt_000001_046272_leftImg8bit.png,,0.6297040939339714,0.3702959060660286,0.9210072159767151,0.9495283961296082,0.11634813994169235,0.1270950436592102,0.247392475605011,0.889811098575592,0.3253435492515564,-6.365797519683838,6.303954601287842,0.01001123245805502,0.06771676987409592,459384,4.362007000054291,7.405099750030786,16.25145775051351,0.9452004276971561,0.054799572302843935,126850,0.9175353681532472,0.08246463184675279,30175,0.12873515486717224,0.0011110546765848994,14.694919749672408,0.057752784341573715,0.9422472156584263,0.23966379463672638,0.34231093525886536,0.05490347370505333,0.5137224197387695,0.48627758026123047,0.5555312037467957,0.5803773403167725,0.29577597975730896,0.5137224197387695,0.48627758026123047,0.5137224197387695,0.48627758026123047,0.7229637709655689,0.27703622903443115,0.939109742641449,0.9244961148683268,0.07550388513167317,0.0,0.9461599277717057,0.053840072228294344,0.028624559618458445,0.09325967703159743,0.09325967703159743,0.03739355131983757,0.019291050732135773,0.9067403229684026,0.09325967703159743,0.06234653294086456,0.005169966723769903,389632
b1_cityscapes_val,2026-07-07 05:27:31,cityscapes,val,all,student_skd,/scratch/gautschi/manors/hf_cache/hub/models--nvidia--mit-b1/snapshots/13ddceec4e8bdf401e7cd7acf5aebc526222518c,runs/mit-b1_skd_j9200315/student_skd.ckpt,skd,img_000164,/home/manors/Guardrail-Distillation/data/cityscapes/leftImg8bit/val/frankfurt/frankfurt_000001_046504_leftImg8bit.png,,0.546494204199907,0.453505795800093,0.9482326507568359,0.9732545614242554,0.08562711626291275,0.06939205527305603,0.187661275267601,0.9359261393547058,0.1982877105474472,-7.0488386154174805,7.016417503356934,0.0037355448585003614,0.03336292505264282,428050,4.354831999989983,7.415934999698948,16.24799124965648,0.7525364009702237,0.24746359902977633,126850,0.8956820039615628,0.10431799603843717,43572,0.07034632563591003,0.0006292628240771592,14.697114000227884,0.03275580704212189,0.9672441929578781,0.11006011068820953,0.24678543210029602,0.027472466230392456,0.5068677067756653,0.4931322932243347,0.5220044255256653,0.5515794157981873,0.2983068525791168,0.5068677067756653,0.4931322932243347,0.5068677067756653,0.4931322932243347,0.6245062705631862,0.3754937294368138,0.965611457824707,0.8545583047428479,0.14544169525715211,0.10202190377262421,0.9117567112881376,0.08824328871186238,0.01607470732657479,0.07801206636327918,0.07801206636327918,0.02506249211728573,0.0076836817897856236,0.9219879336367208,0.07801206636327918,0.03534867241978645,0.005111552309244871,393416
b1_cityscapes_val,2026-07-07 05:27:31,cityscapes,val,all,student_skd,/scratch/gautschi/manors/hf_cache/hub/models--nvidia--mit-b1/snapshots/13ddceec4e8bdf401e7cd7acf5aebc526222518c,runs/mit-b1_skd_j9200315/student_skd.ckpt,skd,img_000165,/home/manors/Guardrail-Distillation/data/cityscapes/leftImg8bit/val/frankfurt/frankfurt_000001_046779_leftImg8bit.png,,0.4301879544753073,0.5698120455246927,0.9533522725105286,0.9689322113990784,0.0971951112151146,0.07972762733697891,0.21949991583824158,0.9324881434440613,0.2051527053117752,-6.991692543029785,6.953038692474365,0.0082391407340765,0.04250452667474747,466068,4.354831999989983,7.415934999698948,16.24799124965648,0.8951911996568227,0.1048088003431773,126850,0.5558932212846629,0.4441067787153371,113132,0.08111713826656342,0.0008650983218103647,14.697114000227884,0.030723026022315025,0.969276973977685,0.08613921701908112,0.23221150040626526,0.021697143092751503,0.5054240822792053,0.4945759177207947,0.516291081905365,0.5450447201728821,0.31013181805610657,0.5054240822792053,0.4945759177207947,0.5054240822792053,0.4945759177207947,0.46894061551021743,0.5310593844897826,0.960377037525177,0.9028578264613439,0.09714217353865606,0.007666626804521237,0.45290687032594046,0.5470931296740595,0.0,0.03875266103491004,0.03875266103491004,0.01747599057853222,0.010451264679431915,0.96124733896509,0.03875266103491004,0.034258950501680374,0.0018816996598616242,423575
b1_cityscapes_val,2026-07-07 05:27:31,cityscapes,val,all,student_skd,/scratch/gautschi/manors/hf_cache/hub/models--nvidia--mit-b1/snapshots/13ddceec4e8bdf401e7cd7acf5aebc526222518c,runs/mit-b1_skd_j9200315/student_skd.ckpt,skd,img_000166,/home/manors/Guardrail-Distillation/data/cityscapes/leftImg8bit/val/frankfurt/frankfurt_000001_047178_leftImg8bit.png,,0.5525348814707095,0.4474651185292905,0.9640875458717346,0.9734194278717041,0.08351482450962067,0.06867338716983795,0.17968997359275818,0.9366375803947449,0.19217610359191895,-7.185020923614502,7.153166770935059,0.0028763595037162304,0.03191183879971504,463433,4.354831999989983,7.415934999698948,16.24799124965648,0.9441874769677993,0.055812523032200745,126850,0.6943199383727654,0.3056800616272346,161633,0.06972654908895493,0.0006295412313193083,14.697114000227884,0.026953905820846558,0.9730460941791534,0.08317969739437103,0.20158368349075317,0.01637941226363182,0.5040947794914246,0.49590522050857544,0.5163155794143677,0.5397233963012695,0.3146461844444275,0.5040947794914246,0.49590522050857544,0.5040947794914246,0.49590522050857544,0.6365242426869322,0.3634757573130678,0.9731740951538086,0.9666408800177176,0.03335911998228236,0.022453403049918386,0.6917079342362737,0.30829206576372625,0.0,0.08398936121622269,0.08398936121622269,0.015769269317388535,0.006682734936475754,0.9160106387837773,0.08398936121622269,0.024659443646669388,0.0013097901828587055,425236
b1_cityscapes_val,2026-07-07 05:27:31,cityscapes,val,all,student_skd,/scratch/gautschi/manors/hf_cache/hub/models--nvidia--mit-b1/snapshots/13ddceec4e8bdf401e7cd7acf5aebc526222518c,runs/mit-b1_skd_j9200315/student_skd.ckpt,skd,img_000167,/home/manors/Guardrail-Distillation/data/cityscapes/leftImg8bit/val/frankfurt/frankfurt_000001_047552_leftImg8bit.png,,0.5757085220170854,0.42429147798291456,0.9541277289390564,0.9769188761711121,0.07972261309623718,0.05792844295501709,0.1690247505903244,0.9467976689338684,0.1630857139825821,-7.082667350769043,7.054840087890625,0.0023537445813417435,0.029950110241770744,465641,4.354831999989983,7.415934999698948,16.24799124965648,0.6024050640316787,0.3975949359683213,126850,0.9972349996617736,0.0027650003382263533,118264,0.05873531848192215,0.0005026045837439597,14.697114000227884,0.02591639757156372,0.9740836024284363,0.0680612102150917,0.21034598350524902,0.015896273776888847,0.5039740204811096,0.4960259795188904,0.514656662940979,0.5403674840927124,0.2882237136363983,0.5039740204811096,0.4960259795188904,0.5039740204811096,0.4960259795188904,0.6626064473292028,0.3373935526707972,0.9699231386184692,0.9284087078796891,0.0715912921203109,0.3260036438480104,0.9915358858147872,0.008464114185212757,0.0,0.08689792531211737,0.08689792531211737,0.024250440299510956,0.008455011062324047,0.9131020746878826,0.08689792531211737,0.03474564850330353,0.005051101557910442,432634
b1_cityscapes_val,2026-07-07 05:27:32,cityscapes,val,all,student_skd,/scratch/gautschi/manors/hf_cache/hub/models--nvidia--mit-b1/snapshots/13ddceec4e8bdf401e7cd7acf5aebc526222518c,runs/mit-b1_skd_j9200315/student_skd.ckpt,skd,img_000168,/home/manors/Guardrail-Distillation/data/cityscapes/leftImg8bit/val/frankfurt/frankfurt_000001_048196_leftImg8bit.png,,0.6238454515302401,0.37615454846975993,0.9511212706565857,0.9689582586288452,0.09023059904575348,0.0809248834848404,0.19503289461135864,0.9251196384429932,0.22936807572841644,-7.003664970397949,6.966340065002441,0.00379884778521955,0.03846467658877373,466194,4.375164249722729,7.420228250339278,16.254311250122555,1.0,0.0,126850,0.6213289221937577,0.3786710778062423,35233,0.08226843923330307,0.0008345741080120206,14.678213249680994,0.037358492612838745,0.9626415073871613,0.13940182328224182,0.2557241916656494,0.03847140446305275,0.5096166729927063,0.4903833270072937,0.5326945185661316,0.5592678785324097,0.2661305069923401,0.5096166729927063,0.4903833270072937,0.5096166729927063,0.4903833270072937,0.7068804790596411,0.29311952094035887,0.9630240201950073,1.0,0.0,0.0,0.9233339243103709,0.07666607568962913,0.3020050021166132,0.08303502752940106,0.08303502752940106,0.02243701182305813,0.010534241795539856,0.9169649724705989,0.08303502752940106,0.03478165715932846,0.005216712597757578,421879
b1_cityscapes_val,2026-07-07 05:27:32,cityscapes,val,all,student_skd,/scratch/gautschi/manors/hf_cache/hub/models--nvidia--mit-b1/snapshots/13ddceec4e8bdf401e7cd7acf5aebc526222518c,runs/mit-b1_skd_j9200315/student_skd.ckpt,skd,img_000169,/home/manors/Guardrail-Distillation/data/cityscapes/leftImg8bit/val/frankfurt/frankfurt_000001_048355_leftImg8bit.png,,0.6132698114981442,0.3867301885018558,0.951469898223877,0.970278799533844,0.0907047837972641,0.07696246355772018,0.1990673989057541,0.9300228357315063,0.21605759859085083,-6.730376720428467,6.694249153137207,0.005099635571241379,0.03796657174825668,466700,4.375164249722729,7.420228250339278,16.254311250122555,0.6156697286719948,0.38433027132800524,126850,0.6494088326069701,0.35059116739302987,131622,0.07821077108383179,0.0007618377567268908,14.678213249680994,0.03582487255334854,0.9641751274466515,0.12586043775081635,0.2572725713253021,0.030633769929409027,0.5076578259468079,0.49234217405319214,0.5267248749732971,0.555180013179779,0.29286959767341614,0.5076578259468079,0.49234217405319214,0.5076578259468079,0.49234217405319214,0.5949883312857313,0.40501166871426875,0.9675937294960022,0.9625231614968184,0.03747683850318162,0.3468534328248236,0.3902517040404233,0.6097482959595767,0.0,0.0,0.0,0.02362973988056183,0.007505892310291529,1.0,0.0,0.03596528619527817,0.004604671150445938,424959
b1_cityscapes_val,2026-07-07 05:27:32,cityscapes,val,all,student_skd,/scratch/gautschi/manors/hf_cache/hub/models--nvidia--mit-b1/snapshots/13ddceec4e8bdf401e7cd7acf5aebc526222518c,runs/mit-b1_skd_j9200315/student_skd.ckpt,skd,img_000170,/home/manors/Guardrail-Distillation/data/cityscapes/leftImg8bit/val/frankfurt/frankfurt_000001_048654_leftImg8bit.png,,0.6198474639636579,0.38015253603634214,0.9537152051925659,0.965117871761322,0.09661088138818741,0.09025733172893524,0.2112959772348404,0.9196879267692566,0.2416234016418457,-6.531733989715576,6.489505290985107,0.0052564386278390884,0.044292811304330826,461339,4.375164249722729,7.420228250339278,16.254311250122555,0.9347899830973248,0.06521001690267525,126850,0.8404553757698948,0.15954462423010518,15430,0.0915539562702179,0.0008785647805780172,14.678213249680994,0.03925112634897232,0.9607488736510277,0.15228338539600372,0.2527627944946289,0.03497852385044098,0.5087437033653259,0.4912562966346741,0.534325897693634,0.5576791763305664,0.266870379447937,0.5087437033653259,0.4912562966346741,0.5087437033653259,0.4912562966346741,0.6974702283659382,0.3025297716340618,0.9647656083106995,0.9659354640596769,0.034064535940323104,0.031145480962352146,0.9146217784460867,0.08537822155391328,0.0741664026761919,0.07762276440228033,0.07762276440228033,0.020085014402866364,0.00903457123786211,0.9223772355977197,0.07762276440228033,0.031274184584617615,0.004309195559471846,411934
b1_cityscapes_val,2026-07-07 05:27:32,cityscapes,val,all,student_skd,/scratch/gautschi/manors/hf_cache/hub/models--nvidia--mit-b1/snapshots/13ddceec4e8bdf401e7cd7acf5aebc526222518c,runs/mit-b1_skd_j9200315/student_skd.ckpt,skd,img_000171,/home/manors/Guardrail-Distillation/data/cityscapes/leftImg8bit/val/frankfurt/frankfurt_000001_049078_leftImg8bit.png,,0.4083182179007094,0.5916817820992906,0.9673007726669312,0.9754878878593445,0.0819709450006485,0.06509745121002197,0.18124735355377197,0.9383931159973145,0.19440363347530365,-6.848030090332031,6.818343639373779,0.004094510339200497,0.02972562052309513,457686,4.375164249722729,7.420228250339278,16.254311250122555,1.0,0.0,126850,0.4954457282617863,0.5045542717382137,23742,0.06609830260276794,0.0005548332119360566,14.678213249680994,0.030508019030094147,0.9694919809699059,0.10098940134048462,0.21470363438129425,0.023133840411901474,0.505783200263977,0.49421679973602295,0.5231248140335083,0.5494130253791809,0.2736550569534302,0.505783200263977,0.49421679973602295,0.505783200263977,0.49421679973602295,0.47292643015216246,0.5270735698478375,0.9744563102722168,1.0,0.0,0.0,0.4921050409524614,0.5078949590475386,0.0,0.06460821225145308,0.06460821225145308,0.01306572649627924,0.00591016560792923,0.9353917877485469,0.06460821225145308,0.02055339328944683,0.001922715688124299,423814
b1_cityscapes_val,2026-07-07 05:27:32,cityscapes,val,all,student_skd,/scratch/gautschi/manors/hf_cache/hub/models--nvidia--mit-b1/snapshots/13ddceec4e8bdf401e7cd7acf5aebc526222518c,runs/mit-b1_skd_j9200315/student_skd.ckpt,skd,img_000172,/home/manors/Guardrail-Distillation/data/cityscapes/leftImg8bit/val/frankfurt/frankfurt_000001_049209_leftImg8bit.png,,0.505950505377663,0.49404949462233705,0.9473512768745422,0.9652892351150513,0.1022137925028801,0.0901326835155487,0.23497937619686127,0.9247071146965027,0.22698605060577393,-6.807015419006348,6.763869762420654,0.00939804408699274,0.04849609360098839,457542,4.3526754998310935,7.402565499432967,16.272123750241008,1.0,0.0,126850,0.47838247070156603,0.521617529298434,28140,0.09135657548904419,0.0008826779667288065,14.69115750023775,0.038498327136039734,0.9615016728639603,0.14105354249477386,0.2831455171108246,0.03333146497607231,0.5083320736885071,0.4916679263114929,0.530901312828064,0.5598219037055969,0.27108243107795715,0.5083320736885071,0.4916679263114929,0.5083320736885071,0.4916679263114929,0.5834385325945464,0.41656146740545363,0.9659266471862793,1.0,0.0,0.0,0.4438040598962328,0.5561959401037673,0.0,0.07748802721688341,0.07748802721688341,0.02545558661222458,0.006880242843180895,0.9225119727831166,0.07748802721688341,0.035697270184755325,0.0027123193722218275,410785
b1_cityscapes_val,2026-07-07 05:27:32,cityscapes,val,all,student_skd,/scratch/gautschi/manors/hf_cache/hub/models--nvidia--mit-b1/snapshots/13ddceec4e8bdf401e7cd7acf5aebc526222518c,runs/mit-b1_skd_j9200315/student_skd.ckpt,skd,img_000173,/home/manors/Guardrail-Distillation/data/cityscapes/leftImg8bit/val/frankfurt/frankfurt_000001_049298_leftImg8bit.png,,0.5542495231780277,0.44575047682197233,0.959150493144989,0.9697613716125488,0.09237702935934067,0.07984226942062378,0.20577967166900635,0.9266238808631897,0.2297515869140625,-6.678934097290039,6.641934871673584,0.00628780759871006,0.038378775119781494,423359,4.3526754998310935,7.402565499432967,16.272123750241008,0.49990570584414223,0.5000942941558577,95446,0.45588390828376496,0.5441160917162351,5111,0.0810118317604065,0.0007807450601831079,14.69115750023775,0.03210759907960892,0.9678924009203911,0.11023622006177902,0.2110503762960434,0.026640860363841057,0.5066598057746887,0.4933401942253113,0.5236460566520691,0.5441617369651794,0.2854551672935486,0.5066598057746887,0.4933401942253113,0.5066598057746887,0.4933401942253113,0.607829321088038,0.392170678911962,0.9683743119239807,0.49897324141399324,0.5010267585860068,0.0,0.5077746620906293,0.49222533790937073,0.051890753806864365,0.05357979791001033,0.05357979791001033,0.018601233139634132,0.00937738362699747,0.9464202020899897,0.05357979791001033,0.030484763905405998,0.0028580944053828716,385991
b1_cityscapes_val,2026-07-07 05:27:32,cityscapes,val,all,student_skd,/scratch/gautschi/manors/hf_cache/hub/models--nvidia--mit-b1/snapshots/13ddceec4e8bdf401e7cd7acf5aebc526222518c,runs/mit-b1_skd_j9200315/student_skd.ckpt,skd,img_000174,/home/manors/Guardrail-Distillation/data/cityscapes/leftImg8bit/val/frankfurt/frankfurt_000001_049698_leftImg8bit.png,,0.6893311649635315,0.31066883503646847,0.90342777967453,0.947411060333252,0.1184348538517952,0.13464327156543732,0.256298303604126,0.8813742399215698,0.35500648617744446,-6.577818870544434,6.513229846954346,0.010627166368067265,0.06935062259435654,421467,4.3526754998310935,7.402565499432967,16.272123750241008,0.42765141776984217,0.5723485822301578,103389,0.9603029491648014,0.03969705083519859,93392,0.13711854815483093,0.0015239324420690536,14.69115750023775,0.06314189732074738,0.9368581026792526,0.23712533712387085,0.33141905069351196,0.052892111241817474,0.513219952583313,0.486780047416687,0.5551223158836365,0.5921188592910767,0.3662572503089905,0.513219952583313,0.486780047416687,0.513219952583313,0.486780047416687,0.7620442735376708,0.2379557264623292,0.9489568471908569,0.8393952990630885,0.16060470093691148,0.41174388129324635,0.7103956763560129,0.28960432364398714,0.0,0.07271310857413926,0.07271310857413926,0.05880175530910492,0.013272687792778015,0.9272868914258607,0.07271310857413926,0.07453015446662903,0.02518583834171295,356208
b1_cityscapes_val,2026-07-07 05:27:32,cityscapes,val,all,student_skd,/scratch/gautschi/manors/hf_cache/hub/models--nvidia--mit-b1/snapshots/13ddceec4e8bdf401e7cd7acf5aebc526222518c,runs/mit-b1_skd_j9200315/student_skd.ckpt,skd,img_000175,/home/manors/Guardrail-Distillation/data/cityscapes/leftImg8bit/val/frankfurt/frankfurt_000001_049770_leftImg8bit.png,,0.519584312096071,0.48041568790392897,0.8948923945426941,0.9538454413414001,0.10981940478086472,0.12230530381202698,0.24406351149082184,0.8903060555458069,0.3362862467765808,-6.708217144012451,6.652002334594727,0.00906918104737997,0.05784863606095314,425507,4.3526754998310935,7.402565499432967,16.272123750241008,0.4532053893260025,0.5467946106739975,106151,0.47935460095066984,0.5206453990493302,89757,0.12476512789726257,0.0015996599104255438,14.69115750023775,0.04929342865943909,0.9507065713405609,0.18390797078609467,0.27380090951919556,0.03604863956570625,0.5090111494064331,0.4909888505935669,0.5385613441467285,0.5626845955848694,0.3426114320755005,0.5090111494064331,0.4909888505935669,0.5090111494064331,0.4909888505935669,0.6520611920742825,0.3479388079257175,0.9474109411239624,0.9054498190068702,0.09455018099312984,0.45224442968086764,0.48355188581625297,0.516448114183747,0.0041972848655831285,0.13247687997821145,0.13247687997821145,0.06541372835636139,0.01289520412683487,0.8675231200217886,0.13247687997821145,0.08276008814573288,0.033527061343193054,366466
b1_cityscapes_val,2026-07-07 05:27:32,cityscapes,val,all,student_skd,/scratch/gautschi/manors/hf_cache/hub/models--nvidia--mit-b1/snapshots/13ddceec4e8bdf401e7cd7acf5aebc526222518c,runs/mit-b1_skd_j9200315/student_skd.ckpt,skd,img_000176,/home/manors/Guardrail-Distillation/data/cityscapes/leftImg8bit/val/frankfurt/frankfurt_000001_050149_leftImg8bit.png,,0.6014592903938265,0.3985407096061735,0.9076229333877563,0.9496557116508484,0.11934902518987656,0.13367678225040436,0.27628836035728455,0.8865559697151184,0.349968284368515,-6.547706604003906,6.485172748565674,0.014216178096830845,0.06816133111715317,427119,4.362630499599618,7.423041499350802,16.276332999950682,0.46537368564673703,0.534626314353263,106490,0.7246686003825177,0.2753313996174823,20070,0.13616085052490234,0.001436182763427496,14.673582249997708,0.05970807000994682,0.9402919299900532,0.230966717004776,0.3176170885562897,0.05073997378349304,0.5126822590827942,0.4873177409172058,0.5547763705253601,0.5805626511573792,0.33066505193710327,0.5126822590827942,0.4873177409172058,0.5126822590827942,0.4873177409172058,0.7402303839996388,0.2597696160003612,0.952423095703125,0.9531582503391799,0.04684174966082011,0.4877845646924429,0.8360894749802762,0.1639105250197238,0.11142087459775851,0.1387710936058123,0.1387710936058123,0.057129278779029846,0.012329116463661194,0.8612289063941877,0.1387710936058123,0.07348771393299103,0.026915214955806732,363940
b1_cityscapes_val,2026-07-07 05:27:32,cityscapes,val,all,student_skd,/scratch/gautschi/manors/hf_cache/hub/models--nvidia--mit-b1/snapshots/13ddceec4e8bdf401e7cd7acf5aebc526222518c,runs/mit-b1_skd_j9200315/student_skd.ckpt,skd,img_000177,/home/manors/Guardrail-Distillation/data/cityscapes/leftImg8bit/val/frankfurt/frankfurt_000001_050686_leftImg8bit.png,,0.5784682312802448,0.4215317687197552,0.9328994750976562,0.957793116569519,0.11186105012893677,0.11200304329395294,0.26264292001724243,0.9060025811195374,0.28886741399765015,-6.929230213165283,6.8765716552734375,0.011806782335042953,0.05860394984483719,409341,4.362630499599618,7.423041499350802,16.276332999950682,0.6178391929933399,0.3821608070066601,98992,0.8127640662119948,0.18723593378800518,97316,0.11415667831897736,0.0013304956955835223,14.673582249997708,0.0462852418422699,0.9537147581577301,0.17919783294200897,0.2978057563304901,0.038590457290410995,0.5096464157104492,0.4903535842895508,0.5364853143692017,0.5665091276168823,0.3101513683795929,0.5096464157104492,0.4903535842895508,0.5096464157104492,0.4903535842895508,0.782491907720432,0.21750809227956802,0.9558631777763367,0.6337986134746147,0.36620138652538525,0.015959420481274855,0.916924871537047,0.08307512846295295,0.10416080532505223,0.20402367644018715,0.20402367644018715,0.031858522444963455,0.0088947843760252,0.7959763235598128,0.20402367644018715,0.04497228562831879,0.0024405079893767834,359325
b1_cityscapes_val,2026-07-07 05:27:32,cityscapes,val,all,student_skd,/scratch/gautschi/manors/hf_cache/hub/models--nvidia--mit-b1/snapshots/13ddceec4e8bdf401e7cd7acf5aebc526222518c,runs/mit-b1_skd_j9200315/student_skd.ckpt,skd,img_000178,/home/manors/Guardrail-Distillation/data/cityscapes/leftImg8bit/val/frankfurt/frankfurt_000001_051516_leftImg8bit.png,,0.5493096011348766,0.4506903988651234,0.9169636964797974,0.9632741212844849,0.09938854724168777,0.0945536345243454,0.2177853137254715,0.9168069362640381,0.251034140586853,-6.186824798583984,6.142230033874512,0.006055939476937056,0.04576677083969116,463677,4.362630499599618,7.423041499350802,16.276332999950682,0.9255292074604115,0.07447079253958855,126850,0.9713672154617037,0.02863278453829632,1397,0.09579668194055557,0.0008402922539971769,14.673582249997708,0.06247919797897339,0.9375208020210266,0.26475071907043457,0.3670119047164917,0.05800478905439377,0.5144971013069153,0.4855028986930847,0.5760740041732788,0.6055554747581482,0.32472601532936096,0.5144971013069153,0.4855028986930847,0.5144971013069153,0.4855028986930847,0.7441605353079932,0.2558394646920068,0.9499198198318481,0.6185085637737493,0.3814914362262507,0.0,0.9599141016463851,0.04008589835361487,0.0,0.1948509341731166,0.1948509341731166,0.0504683181643486,0.017512189224362373,0.8051490658268834,0.1948509341731166,0.0711551308631897,0.017542382702231407,410038
b1_cityscapes_val,2026-07-07 05:27:32,cityscapes,val,all,student_skd,/scratch/gautschi/manors/hf_cache/hub/models--nvidia--mit-b1/snapshots/13ddceec4e8bdf401e7cd7acf5aebc526222518c,runs/mit-b1_skd_j9200315/student_skd.ckpt,skd,img_000179,/home/manors/Guardrail-Distillation/data/cityscapes/leftImg8bit/val/frankfurt/frankfurt_000001_051737_leftImg8bit.png,,0.7071381085747921,0.2928618914252079,0.9429591298103333,0.9733936786651611,0.08697197586297989,0.0703335776925087,0.19723714888095856,0.9371435642242432,0.19721150398254395,-6.582584381103516,6.550143718719482,0.004905566573143005,0.034640051424503326,464982,4.362630499599618,7.423041499350802,16.276332999950682,0.6127267584131412,0.38727324158685883,126850,0.9207422278735318,0.07925777212646823,18970,0.07161296159029007,0.0007762498571537435,14.673582249997708,0.029676716774702072,0.9703232832252979,0.0989191010594368,0.22455452382564545,0.02842356450855732,0.5071054100990295,0.49289458990097046,0.526695966720581,0.5531793832778931,0.2447839230298996,0.5071054100990295,0.49289458990097046,0.5071054100990295,0.49289458990097046,0.7746490297016716,0.2253509702983284,0.9572973251342773,0.9841208078131616,0.01587919218683842,0.3713940494000204,0.9433325584070446,0.05666744159295545,0.02259033053351278,0.06751092112687951,0.06751092112687951,0.021618042141199112,0.0072798519395291805,0.9324890788731205,0.06751092112687951,0.03156466409564018,0.005744308698922396,427634
b1_cityscapes_val,2026-07-07 05:27:32,cityscapes,val,all,student_skd,/scratch/gautschi/manors/hf_cache/hub/models--nvidia--mit-b1/snapshots/13ddceec4e8bdf401e7cd7acf5aebc526222518c,runs/mit-b1_skd_j9200315/student_skd.ckpt,skd,img_000180,/home/manors/Guardrail-Distillation/data/cityscapes/leftImg8bit/val/frankfurt/frankfurt_000001_051807_leftImg8bit.png,,0.593316410965745,0.40668358903425506,0.9302390813827515,0.9654554128646851,0.09902356564998627,0.08791600167751312,0.21714292466640472,0.9237076640129089,0.22946439683437347,-6.7056450843811035,6.663356781005859,0.006527377292513847,0.04652506485581398,449951,4.357053250714671,7.408763500279747,16.24438974977238,1.0,0.0,126850,0.6141310055690362,0.3858689944309638,17123,0.08909504115581512,0.0008190124062821269,14.690658249492117,0.0354832224547863,0.9645167775452137,0.1386609524488449,0.24603316187858582,0.03216157108545303,0.5080397129058838,0.4919602870941162,0.5304546356201172,0.5520361065864563,0.2600715160369873,0.5080397129058838,0.4919602870941162,0.5080397129058838,0.4919602870941162,0.6578772131859896,0.3421227868140104,0.9486232995986938,1.0,0.0,0.0,0.6105676724387216,0.38943232756127844,0.0,0.06456080222024463,0.06456080222024463,0.030494431033730507,0.012110207229852676,0.9354391977797554,0.06456080222024463,0.04465819522738457,0.008572044782340527,403140
b1_cityscapes_val,2026-07-07 05:27:32,cityscapes,val,all,student_skd,/scratch/gautschi/manors/hf_cache/hub/models--nvidia--mit-b1/snapshots/13ddceec4e8bdf401e7cd7acf5aebc526222518c,runs/mit-b1_skd_j9200315/student_skd.ckpt,skd,img_000181,/home/manors/Guardrail-Distillation/data/cityscapes/leftImg8bit/val/frankfurt/frankfurt_000001_052120_leftImg8bit.png,,0.5490963236295835,0.4509036763704165,0.9691300988197327,0.977139949798584,0.0793428048491478,0.060792867094278336,0.1760411113500595,0.9426758885383606,0.1823781430721283,-6.774580478668213,6.746953964233398,0.0035675547551363707,0.028542660176753998,449888,4.357053250714671,7.408763500279747,16.24438974977238,1.0,0.0,124174,0.8825210477037447,0.11747895229625527,49454,0.06174551695585251,0.000539157073944807,14.690658249492117,0.025947747752070427,0.9740522522479296,0.07396314293146133,0.19190530478954315,0.023205844685435295,0.5058012008666992,0.4941987991333008,0.5176656246185303,0.540050745010376,0.25919559597969055,0.5058012008666992,0.4941987991333008,0.5058012008666992,0.4941987991333008,0.5144065187634231,0.48559348123657686,0.9761318564414978,1.0,0.0,0.0,0.6873100244118809,0.31268997558811906,0.0,0.0,0.0,0.013296643272042274,0.006294900085777044,1.0,0.0,0.021538695320487022,0.001240308745764196,419752
b1_cityscapes_val,2026-07-07 05:27:32,cityscapes,val,all,student_skd,/scratch/gautschi/manors/hf_cache/hub/models--nvidia--mit-b1/snapshots/13ddceec4e8bdf401e7cd7acf5aebc526222518c,runs/mit-b1_skd_j9200315/student_skd.ckpt,skd,img_000182,/home/manors/Guardrail-Distillation/data/cityscapes/leftImg8bit/val/frankfurt/frankfurt_000001_052594_leftImg8bit.png,,0.6557540674982494,0.3442459325017506,0.9591761827468872,0.9728327393531799,0.08973129838705063,0.07356163114309311,0.21031266450881958,0.9333284497261047,0.2194591909646988,-6.769769668579102,6.736281394958496,0.0069533237256109715,0.03552265465259552,449713,4.357053250714671,7.408763500279747,16.24438974977238,0.7200943383227083,0.2799056616772917,126850,0.8418374890968771,0.15816251090312294,45060,0.07489611953496933,0.0008874613558873534,14.690658249492117,0.032312579452991486,0.9676874205470085,0.10412783175706863,0.23195086419582367,0.03001251444220543,0.507502555847168,0.49249744415283203,0.5236176252365112,0.5475541949272156,0.2722495198249817,0.507502555847168,0.49249744415283203,0.507502555847168,0.49249744415283203,0.7040066441546391,0.2959933558453609,0.9693715572357178,0.8146679494991513,0.18533205050084867,0.09457361117644303,0.8339928342545947,0.1660071657454053,0.0,0.04825257665638971,0.04825257665638971,0.018711933866143227,0.008516542613506317,0.9517474233436103,0.04825257665638971,0.03035491518676281,0.0020568673498928547,413737
b1_cityscapes_val,2026-07-07 05:27:32,cityscapes,val,all,student_skd,/scratch/gautschi/manors/hf_cache/hub/models--nvidia--mit-b1/snapshots/13ddceec4e8bdf401e7cd7acf5aebc526222518c,runs/mit-b1_skd_j9200315/student_skd.ckpt,skd,img_000183,/home/manors/Guardrail-Distillation/data/cityscapes/leftImg8bit/val/frankfurt/frankfurt_000001_053102_leftImg8bit.png,,0.6858787094679013,0.3141212905320987,0.9726698994636536,0.9743490219116211,0.08894721418619156,0.07108043879270554,0.21532882750034332,0.9366104006767273,0.21080206334590912,-6.712443828582764,6.6804680824279785,0.008070546202361584,0.03328288719058037,446686,4.357053250714671,7.408763500279747,16.24438974977238,1.0,0.0,126850,0.8208905382733493,0.17910946172665065,25559,0.07226146757602692,0.0007361340103670955,14.690658249492117,0.03152508661150932,0.9684749133884907,0.10156136006116867,0.22753991186618805,0.030690422281622887,0.5076720118522644,0.4923279881477356,0.5255345106124878,0.5502753853797913,0.26673510670661926,0.5076720118522644,0.4923279881477356,0.5076720118522644,0.4923279881477356,0.7022529525789678,0.2977470474210322,0.9758577942848206,1.0,0.0,0.0,0.8261517240842482,0.1738482759157518,0.00526118581089885,0.0163742431110665,0.0163742431110665,0.010915946215391159,0.007728023920208216,0.9836257568889335,0.0163742431110665,0.022010987624526024,0.000566393428016454,413706
b1_cityscapes_val,2026-07-07 05:27:33,cityscapes,val,all,student_skd,/scratch/gautschi/manors/hf_cache/hub/models--nvidia--mit-b1/snapshots/13ddceec4e8bdf401e7cd7acf5aebc526222518c,runs/mit-b1_skd_j9200315/student_skd.ckpt,skd,img_000184,/home/manors/Guardrail-Distillation/data/cityscapes/leftImg8bit/val/frankfurt/frankfurt_000001_054077_leftImg8bit.png,,0.7437351262535093,0.25626487374649065,0.9540714025497437,0.9646230936050415,0.09761197119951248,0.08956640213727951,0.20821598172187805,0.9204400181770325,0.23719699680805206,-6.463567733764648,6.420677661895752,0.005506607703864574,0.04528754577040672,464896,4.359730500254955,7.4084017496716115,16.27144150006643,1.0,0.0,126850,0.8242228903963231,0.17577710960367687,15240,0.09095311909914017,0.0009353042696602643,14.67903725006181,0.047173041850328445,0.9528269581496716,0.19263461232185364,0.2914271354675293,0.04717640206217766,0.5117918848991394,0.4882081151008606,0.5476141571998596,0.5702686905860901,0.267993301153183,0.5117918848991394,0.4882081151008606,0.5117918848991394,0.4882081151008606,0.7290468791218947,0.2709531208781053,0.9724324941635132,1.0,0.0,0.0,0.6480455185379427,0.3519544814620573,0.0,0.0,0.0,0.026851166039705276,0.008490070700645447,1.0,0.0,0.03686846047639847,0.003998743835836649,414759
b1_cityscapes_val,2026-07-07 05:27:33,cityscapes,val,all,student_skd,/scratch/gautschi/manors/hf_cache/hub/models--nvidia--mit-b1/snapshots/13ddceec4e8bdf401e7cd7acf5aebc526222518c,runs/mit-b1_skd_j9200315/student_skd.ckpt,skd,img_000185,/home/manors/Guardrail-Distillation/data/cityscapes/leftImg8bit/val/frankfurt/frankfurt_000001_054219_leftImg8bit.png,,0.6478751038792441,0.3521248961207559,0.9185464382171631,0.9348309636116028,0.1321428269147873,0.16746020317077637,0.2914758622646332,0.8626677393913269,0.39892032742500305,-6.372717380523682,6.2919440269470215,0.01702851802110672,0.09040912240743637,441847,4.359730500254955,7.4084017496716115,16.27144150006643,0.9885802449196497,0.011419755080350313,109083,0.5875371991512865,0.41246280084871345,102039,0.16979952156543732,0.001540038618259132,14.67903725006181,0.07801327109336853,0.9219867289066315,0.30899709463119507,0.39958512783050537,0.07947000861167908,0.5198570489883423,0.4801429510116577,0.575157642364502,0.5981687903404236,0.31599557399749756,0.5198570489883423,0.4801429510116577,0.5198570489883423,0.4801429510116577,0.7239207132861755,0.27607928671382453,0.9462823271751404,1.0,0.0,0.011419755080350313,0.6411983208837402,0.3588016791162598,0.05366112173245363,0.07604560940693139,0.07604560940693139,0.03920361399650574,0.011467770673334599,0.9239543905930686,0.07604560940693139,0.056492406874895096,0.002432968933135271,357303
b1_cityscapes_val,2026-07-07 05:27:33,cityscapes,val,all,student_skd,/scratch/gautschi/manors/hf_cache/hub/models--nvidia--mit-b1/snapshots/13ddceec4e8bdf401e7cd7acf5aebc526222518c,runs/mit-b1_skd_j9200315/student_skd.ckpt,skd,img_000186,/home/manors/Guardrail-Distillation/data/cityscapes/leftImg8bit/val/frankfurt/frankfurt_000001_054415_leftImg8bit.png,,0.5494457007888347,0.4505542992111653,0.9501753449440002,0.9665743112564087,0.09953143447637558,0.08997638523578644,0.23255980014801025,0.9216967225074768,0.2465929538011551,-6.959840297698975,6.918402194976807,0.009220592677593231,0.0448576994240284,424810,4.359730500254955,7.4084017496716115,16.27144150006643,1.0,0.0,126005,0.5032537300035237,0.4967462699964763,63719,0.09161876887083054,0.0009745244169607759,14.67903725006181,0.03989371657371521,0.9601062834262848,0.1620360165834427,0.2769577205181122,0.040496375411748886,0.5101227164268494,0.48987728357315063,0.5343982577323914,0.563969612121582,0.2714197635650635,0.5101227164268494,0.48987728357315063,0.5101227164268494,0.48987728357315063,0.5623741678073274,0.4376258321926726,0.961705207824707,1.0,0.0,0.0,0.44457440135392484,0.5554255986460752,0.0,0.012928467018492706,0.012928467018492706,0.02038087509572506,0.00885101594030857,0.9870715329815073,0.012928467018492706,0.03498975932598114,0.002163320081308484,383464
b1_cityscapes_val,2026-07-07 05:27:33,cityscapes,val,all,student_skd,/scratch/gautschi/manors/hf_cache/hub/models--nvidia--mit-b1/snapshots/13ddceec4e8bdf401e7cd7acf5aebc526222518c,runs/mit-b1_skd_j9200315/student_skd.ckpt,skd,img_000187,/home/manors/Guardrail-Distillation/data/cityscapes/leftImg8bit/val/frankfurt/frankfurt_000001_054640_leftImg8bit.png,,0.6123426316088268,0.38765736839117315,0.9327556490898132,0.9530782699584961,0.11424572020769119,0.12578529119491577,0.2658679783344269,0.8925402760505676,0.33072736859321594,-6.660834312438965,6.602936267852783,0.011599374935030937,0.062149107456207275,431575,4.359730500254955,7.4084017496716115,16.27144150006643,0.6349786906747177,0.3650213093252823,126850,0.49422954554082993,0.5057704544591701,49539,0.12773951888084412,0.001222833408974111,14.67903725006181,0.04647741839289665,0.9535225816071033,0.1871906965970993,0.2936800718307495,0.04023279622197151,0.5100568532943726,0.48994314670562744,0.5378092527389526,0.5620828866958618,0.2838306427001953,0.5100568532943726,0.48994314670562744,0.5100568532943726,0.48994314670562744,0.5554802155963269,0.4445197844036731,0.9465354084968567,0.6447909411015964,0.3552090588984036,0.009812250426878721,0.4982527707476951,0.5017472292523049,0.004023225206865266,0.0,0.0,0.028433065861463547,0.014653305523097515,1.0,0.0,0.04970167577266693,0.0034200313966721296,371327
b1_cityscapes_val,2026-07-07 05:27:33,cityscapes,val,all,student_skd,/scratch/gautschi/manors/hf_cache/hub/models--nvidia--mit-b1/snapshots/13ddceec4e8bdf401e7cd7acf5aebc526222518c,runs/mit-b1_skd_j9200315/student_skd.ckpt,skd,img_000188,/home/manors/Guardrail-Distillation/data/cityscapes/leftImg8bit/val/frankfurt/frankfurt_000001_054884_leftImg8bit.png,,0.670632488962433,0.329367511037567,0.9579474329948425,0.9698941111564636,0.0931667909026146,0.07973571121692657,0.213309183716774,0.9291263222694397,0.2230103462934494,-6.827147483825684,6.790201187133789,0.006588178686797619,0.0395936593413353,448986,4.338202500548505,7.406644499496906,16.259817750324146,0.8908808768500968,0.10911912314990324,126850,0.6521033085935344,0.3478966914064656,92233,0.08100789040327072,0.0008112419745884836,14.68661825037998,0.03904809057712555,0.9609519094228745,0.14582377672195435,0.28924912214279175,0.03446076810359955,0.5086143612861633,0.49138563871383667,0.5303062796592712,0.5650113224983215,0.279683917760849,0.5086143612861633,0.49138563871383667,0.5086143612861633,0.49138563871383667,0.7078106643121818,0.29218933568781824,0.9670345783233643,0.9075448788982112,0.09245512110178877,0.016664002048114468,0.7573251559116889,0.24267484408831108,0.10522184731815454,0.037178175349748765,0.037178175349748765,0.016577353700995445,0.007490211166441441,0.9628218246502512,0.037178175349748765,0.027297064661979675,0.00242991978302598,408845
b1_cityscapes_val,2026-07-07 05:27:33,cityscapes,val,all,student_skd,/scratch/gautschi/manors/hf_cache/hub/models--nvidia--mit-b1/snapshots/13ddceec4e8bdf401e7cd7acf5aebc526222518c,runs/mit-b1_skd_j9200315/student_skd.ckpt,skd,img_000189,/home/manors/Guardrail-Distillation/data/cityscapes/leftImg8bit/val/frankfurt/frankfurt_000001_055062_leftImg8bit.png,,0.6526148355514462,0.34738516444855383,0.9575567245483398,0.9670346975326538,0.10159668326377869,0.08849218487739563,0.24009396135807037,0.9246445298194885,0.24198010563850403,-6.685306549072266,6.643972873687744,0.01104066427797079,0.046169016510248184,439104,4.338202500548505,7.406644499496906,16.259817750324146,1.0,0.0,126850,0.6974341217320289,0.3025658782679711,67339,0.09012581408023834,0.0009859375422820449,14.68661825037998,0.03794148191809654,0.9620585180819035,0.14393413066864014,0.28676214814186096,0.03786534443497658,0.509465217590332,0.49053478240966797,0.5349996089935303,0.5685432553291321,0.2554117739200592,0.509465217590332,0.49053478240966797,0.509465217590332,0.49053478240966797,0.6760625453093332,0.3239374546906668,0.9662312269210815,1.0,0.0,0.0,0.6818616105978496,0.31813838940215045,0.0,0.023447709757887014,0.023447709757887014,0.01713489182293415,0.008460409939289093,0.976552290242113,0.023447709757887014,0.02882232889533043,0.0005602317396551371,397365
b1_cityscapes_val,2026-07-07 05:27:33,cityscapes,val,all,student_skd,/scratch/gautschi/manors/hf_cache/hub/models--nvidia--mit-b1/snapshots/13ddceec4e8bdf401e7cd7acf5aebc526222518c,runs/mit-b1_skd_j9200315/student_skd.ckpt,skd,img_000190,/home/manors/Guardrail-Distillation/data/cityscapes/leftImg8bit/val/frankfurt/frankfurt_000001_055172_leftImg8bit.png,,0.7757090208491599,0.22429097915084006,0.9516491889953613,0.9700434803962708,0.09109175205230713,0.07766508311033249,0.19863133132457733,0.9287045001983643,0.22284597158432007,-6.313955783843994,6.2775797843933105,0.004782135132700205,0.039285819977521896,464646,4.338202500548505,7.406644499496906,16.259817750324146,0.511814611545401,0.488185388454599,126850,0.933433718566764,0.06656628143323595,79146,0.07910139858722687,0.0009764194255694747,14.68661825037998,0.03794422745704651,0.9620557725429535,0.15021128952503204,0.2641083598136902,0.025586895644664764,0.5063963532447815,0.4936036467552185,0.5332627296447754,0.5634492635726929,0.2728499174118042,0.5063963532447815,0.4936036467552185,0.5063963532447815,0.4936036467552185,0.7167885191583265,0.28321148084167347,0.9675731062889099,0.8005435360273605,0.1994564639726395,0.2887289244819595,0.9292994426003358,0.07070055739966419,0.0,0.0,0.0,0.024881307035684586,0.008957356214523315,1.0,0.0,0.035439882427453995,0.0027181983459740877,422864
b1_cityscapes_val,2026-07-07 05:27:33,cityscapes,val,all,student_skd,/scratch/gautschi/manors/hf_cache/hub/models--nvidia--mit-b1/snapshots/13ddceec4e8bdf401e7cd7acf5aebc526222518c,runs/mit-b1_skd_j9200315/student_skd.ckpt,skd,img_000191,/home/manors/Guardrail-Distillation/data/cityscapes/leftImg8bit/val/frankfurt/frankfurt_000001_055306_leftImg8bit.png,,0.489435970074602,0.510564029925398,0.9496064186096191,0.9660860300064087,0.09823643416166306,0.09049779176712036,0.2256525605916977,0.9187881946563721,0.25985169410705566,-6.36359167098999,6.321953296661377,0.007336681708693504,0.04446723312139511,449522,4.338202500548505,7.406644499496906,16.259817750324146,0.9830196026046595,0.01698039739534052,126850,0.42235127956177176,0.5776487204382282,50350,0.09204331785440445,0.0009135524742305279,14.68661825037998,0.0518767274916172,0.9481232725083828,0.19923806190490723,0.3342927396297455,0.0700642317533493,0.517508864402771,0.482491135597229,0.5523719787597656,0.5942529439926147,0.2647458016872406,0.517508864402771,0.482491135597229,0.517508864402771,0.482491135597229,0.5866276587235233,0.4133723412764767,0.9651251435279846,0.991949114177196,0.008050885822804,0.00892951157253652,0.5798345567970451,0.4201654432029549,0.15748327723527333,0.09719168864892125,0.09719168864892125,0.023876473307609558,0.008357766084372997,0.9028083113510788,0.09719168864892125,0.03794919699430466,0.003808489767834544,404102
b1_cityscapes_val,2026-07-07 05:27:33,cityscapes,val,all,student_skd,/scratch/gautschi/manors/hf_cache/hub/models--nvidia--mit-b1/snapshots/13ddceec4e8bdf401e7cd7acf5aebc526222518c,runs/mit-b1_skd_j9200315/student_skd.ckpt,skd,img_000192,/home/manors/Guardrail-Distillation/data/cityscapes/leftImg8bit/val/frankfurt/frankfurt_000001_055387_leftImg8bit.png,,0.5115078031104614,0.4884921968895386,0.9316005110740662,0.9604032039642334,0.10652363300323486,0.10545622557401657,0.24608519673347473,0.9090269207954407,0.2848745882511139,-6.5966386795043945,6.547773838043213,0.01028687134385109,0.05245537310838699,456407,4.352419250608364,7.410788499328191,16.262183250546514,0.695643701101911,0.304356298898089,126850,0.5953804071624991,0.40461959283750093,62845,0.10743030160665512,0.0012377328239381313,14.679804000479635,0.05054948478937149,0.9494505152106285,0.19810087978839874,0.33592742681503296,0.05420359596610069,0.5135475993156433,0.4864524006843567,0.5491609573364258,0.5818777680397034,0.2672443389892578,0.5135475993156433,0.4864524006843567,0.5135475993156433,0.4864524006843567,0.7196312654991969,0.28036873450080313,0.9567907452583313,0.7172326456802812,0.2827673543197188,0.02158894457837024,0.8101616282844999,0.1898383717155001,0.21478122112200082,0.20812346238873547,0.20812346238873547,0.03374838829040527,0.008558151312172413,0.7918765376112645,0.20812346238873547,0.04717061668634415,0.007572188973426819,402103
b1_cityscapes_val,2026-07-07 05:27:33,cityscapes,val,all,student_skd,/scratch/gautschi/manors/hf_cache/hub/models--nvidia--mit-b1/snapshots/13ddceec4e8bdf401e7cd7acf5aebc526222518c,runs/mit-b1_skd_j9200315/student_skd.ckpt,skd,img_000193,/home/manors/Guardrail-Distillation/data/cityscapes/leftImg8bit/val/frankfurt/frankfurt_000001_055538_leftImg8bit.png,,0.6534226638142917,0.3465773361857083,0.9358682632446289,0.950930118560791,0.11925457417964935,0.129888653755188,0.27429741621017456,0.8899402022361755,0.34448927640914917,-5.983896732330322,5.922755241394043,0.014915643259882927,0.06766211241483688,435650,4.352419250608364,7.410788499328191,16.262183250546514,0.6264709245109644,0.3735290754890356,114081,0.8244266327519791,0.17557336724802086,28464,0.13176409900188446,0.0013035126030445099,14.679804000479635,0.06682555377483368,0.9331744462251663,0.2796443700790405,0.4018295705318451,0.06853354722261429,0.5171266794204712,0.4828733205795288,0.5682706236839294,0.6043223142623901,0.29521316289901733,0.5171266794204712,0.4828733205795288,0.5171266794204712,0.4828733205795288,0.7438170201608565,0.2561829798391435,0.9524986147880554,0.6521180160154684,0.34788198398453163,0.02564709150450395,0.8501343044370006,0.14986569556299945,0.025707671685021416,0.09039435634656479,0.09039435634656479,0.028277287259697914,0.011646964587271214,0.9096056436534352,0.09039435634656479,0.04716171324253082,0.0024515092372894287,373185
b1_cityscapes_val,2026-07-07 05:27:33,cityscapes,val,all,student_skd,/scratch/gautschi/manors/hf_cache/hub/models--nvidia--mit-b1/snapshots/13ddceec4e8bdf401e7cd7acf5aebc526222518c,runs/mit-b1_skd_j9200315/student_skd.ckpt,skd,img_000194,/home/manors/Guardrail-Distillation/data/cityscapes/leftImg8bit/val/frankfurt/frankfurt_000001_055603_leftImg8bit.png,,0.6766851738795463,0.3233148261204537,0.9355605244636536,0.9514361023902893,0.11784584820270538,0.1297415941953659,0.27256983518600464,0.8894250988960266,0.3432197570800781,-6.530788898468018,6.470414161682129,0.014175230637192726,0.06612297892570496,427083,4.352419250608364,7.410788499328191,16.262183250546514,0.9072178114986889,0.09278218850131115,126850,0.6185589667369026,0.3814410332630974,40456,0.13191930949687958,0.0014513257192447782,14.679804000479635,0.05712718889117241,0.9428728111088276,0.23398859798908234,0.3559737801551819,0.054552122950553894,0.5136346220970154,0.4863653779029846,0.5540897846221924,0.5846666097640991,0.28968241810798645,0.5136346220970154,0.4863653779029846,0.5136346220970154,0.4863653779029846,0.6714633651193961,0.3285366348806039,0.948148250579834,0.9341453447448756,0.06585465525512435,0.026927533246186797,0.5368215683172096,0.4631784316827904,0.0,0.0,0.0,0.026678655296564102,0.014090937562286854,1.0,0.0,0.047955550253391266,0.002357855439186096,366697
b1_cityscapes_val,2026-07-07 05:27:33,cityscapes,val,all,student_skd,/scratch/gautschi/manors/hf_cache/hub/models--nvidia--mit-b1/snapshots/13ddceec4e8bdf401e7cd7acf5aebc526222518c,runs/mit-b1_skd_j9200315/student_skd.ckpt,skd,img_000195,/home/manors/Guardrail-Distillation/data/cityscapes/leftImg8bit/val/frankfurt/frankfurt_000001_055709_leftImg8bit.png,,0.5703435425986566,0.4296564574013434,0.9225931763648987,0.9435321688652039,0.1258571445941925,0.15085546672344208,0.29285338521003723,0.8747948408126831,0.3850162625312805,-6.517734527587891,6.447488784790039,0.015549552626907825,0.07877543568611145,416475,4.352419250608364,7.410788499328191,16.262183250546514,0.9776682839619345,0.022331716038065497,126850,0.647403177211707,0.35259682278829296,53154,0.15357401967048645,0.0017780371708795428,14.679804000479635,0.07213594764471054,0.9278640523552895,0.28612595796585083,0.4025599956512451,0.07210839539766312,0.5180192589759827,0.48198074102401733,0.5711627006530762,0.604727566242218,0.2974345088005066,0.5180192589759827,0.48198074102401733,0.5180192589759827,0.48198074102401733,0.7260917447376234,0.2739082552623766,0.9443759918212891,0.9689173774831729,0.03108262251682714,0.0,0.7814641853542896,0.21853581464571037,0.1340610081425826,0.15574820213896678,0.15574820213896678,0.042953357100486755,0.021170537918806076,0.8442517978610332,0.15574820213896678,0.07066450268030167,0.0030926226172596216,347697
b1_cityscapes_val,2026-07-07 05:27:33,cityscapes,val,all,student_skd,/scratch/gautschi/manors/hf_cache/hub/models--nvidia--mit-b1/snapshots/13ddceec4e8bdf401e7cd7acf5aebc526222518c,runs/mit-b1_skd_j9200315/student_skd.ckpt,skd,img_000196,/home/manors/Guardrail-Distillation/data/cityscapes/leftImg8bit/val/frankfurt/frankfurt_000001_056580_leftImg8bit.png,,0.4931062956981706,0.5068937043018293,0.9396727085113525,0.9614138007164001,0.1065925806760788,0.10342429578304291,0.2516084909439087,0.9140409231185913,0.26490309834480286,-6.63993501663208,6.592010021209717,0.011170661076903343,0.05178048834204674,456195,4.36409400026605,7.413358749545296,16.283337499771733,0.49948364209696494,0.5005163579030351,126850,0.44536183366519666,0.5546381663348033,51439,0.1050034761428833,0.0010156644275411963,14.684682750157663,0.044954944401979446,0.9550450555980206,0.18262317776679993,0.31581613421440125,0.04166604205965996,0.5104149580001831,0.4895850419998169,0.5424665808677673,0.5765406489372253,0.2832432985305786,0.5104149580001831,0.4895850419998169,0.5104149580001831,0.4895850419998169,0.4454142553234029,0.5545857446765972,0.9469875693321228,0.49980291683090267,0.5001970831690974,0.0003192747339376689,0.3650812200910817,0.6349187799089183,0.0,0.0,0.0,0.020024331286549568,0.012709476985037327,1.0,0.0,0.03972204774618149,0.0017054110066965222,404020
b1_cityscapes_val,2026-07-07 05:27:33,cityscapes,val,all,student_skd,/scratch/gautschi/manors/hf_cache/hub/models--nvidia--mit-b1/snapshots/13ddceec4e8bdf401e7cd7acf5aebc526222518c,runs/mit-b1_skd_j9200315/student_skd.ckpt,skd,img_000197,/home/manors/Guardrail-Distillation/data/cityscapes/leftImg8bit/val/frankfurt/frankfurt_000001_057181_leftImg8bit.png,,0.4530770203203003,0.5469229796796997,0.9336709380149841,0.960635781288147,0.10335865616798401,0.1071920096874237,0.24283267557621002,0.9070911407470703,0.2885271906852722,-6.503214359283447,6.4551544189453125,0.008356938138604164,0.0497407428920269,453994,4.36409400026605,7.413358749545296,16.283337499771733,0.8119778881250331,0.18802211187496687,126850,0.2821282718575736,0.7178717281424264,52513,0.10898981988430023,0.0010988631984218955,14.684682750157663,0.044603556394577026,0.955396443605423,0.16778592765331268,0.2934110760688782,0.03785325959324837,0.5094621777534485,0.4905378222465515,0.5358663201332092,0.5684248208999634,0.2917943298816681,0.5094621777534485,0.4905378222465515,0.5094621777534485,0.4905378222465515,0.4625917927861105,0.5374082072138895,0.9407084584236145,0.8676389685754453,0.1323610314245547,0.05566108045041218,0.35753847687121004,0.64246152312879,0.07541020501363638,0.009514772465810228,0.009514772465810228,0.02076238952577114,0.013724850490689278,0.9904852275341898,0.009514772465810228,0.042850784957408905,0.0008304074290208519,400047
b1_cityscapes_val,2026-07-07 05:27:33,cityscapes,val,all,student_skd,/scratch/gautschi/manors/hf_cache/hub/models--nvidia--mit-b1/snapshots/13ddceec4e8bdf401e7cd7acf5aebc526222518c,runs/mit-b1_skd_j9200315/student_skd.ckpt,skd,img_000198,/home/manors/Guardrail-Distillation/data/cityscapes/leftImg8bit/val/frankfurt/frankfurt_000001_057478_leftImg8bit.png,,0.5593048423078082,0.4406951576921918,0.945511519908905,0.9642671942710876,0.10177392512559891,0.09800372272729874,0.23959681391716003,0.91452556848526,0.272532194852829,-6.4600324630737305,6.415898323059082,0.01022395770996809,0.04697728529572487,449728,4.36409400026605,7.413358749545296,16.283337499771733,1.0,0.0,126850,0.6083049213449657,0.3916950786550343,36491,0.09966231137514114,0.0009698275825940073,14.684682750157663,0.040525171905756,0.959474828094244,0.15364524722099304,0.2878882884979248,0.03334648534655571,0.5083358287811279,0.49166417121887207,0.5345895290374756,0.5681653618812561,0.2844892740249634,0.5083358287811279,0.49166417121887207,0.5083358287811279,0.49166417121887207,0.5561115469052812,0.4438884530947188,0.9519243240356445,1.0,0.0,0.0,0.5180521153760187,0.4819478846239813,0.0,0.0,0.0,0.015580529347062111,0.009167763404548168,1.0,0.0,0.031081009656190872,0.0007604596903547645,402695
b1_cityscapes_val,2026-07-07 05:27:33,cityscapes,val,all,student_skd,/scratch/gautschi/manors/hf_cache/hub/models--nvidia--mit-b1/snapshots/13ddceec4e8bdf401e7cd7acf5aebc526222518c,runs/mit-b1_skd_j9200315/student_skd.ckpt,skd,img_000199,/home/manors/Guardrail-Distillation/data/cityscapes/leftImg8bit/val/frankfurt/frankfurt_000001_057954_leftImg8bit.png,,0.49668333291927713,0.5033166670807229,0.9256789684295654,0.9584715366363525,0.10542971640825272,0.11042517423629761,0.2339656800031662,0.8999829888343811,0.3128013014793396,-6.483360767364502,6.432800769805908,0.00815418642014265,0.05326225608587265,430699,4.36409400026605,7.413358749545296,16.283337499771733,1.0,0.0,126850,0.24275599503858875,0.7572440049614113,58050,0.11219070106744766,0.0010241777636110783,14.684682750157663,0.04905114322900772,0.9509488567709923,0.19703997671604156,0.3109627962112427,0.03825922682881355,0.5095636248588562,0.4904363751411438,0.5443911552429199,0.5727188587188721,0.28479284048080444,0.5095636248588562,0.4904363751411438,0.5095636248588562,0.4904363751411438,0.584380487042565,0.41561951295743504,0.9439702033996582,1.0,0.0,0.0,0.24018822069393453,0.7598117793060655,0.0,0.08769715412328782,0.08769715412328782,0.02843981608748436,0.010148619301617146,0.9123028458767122,0.08769715412328782,0.04194112494587898,0.0034177000634372234,376505
b1_cityscapes_val,2026-07-07 05:27:34,cityscapes,val,all,student_skd,/scratch/gautschi/manors/hf_cache/hub/models--nvidia--mit-b1/snapshots/13ddceec4e8bdf401e7cd7acf5aebc526222518c,runs/mit-b1_skd_j9200315/student_skd.ckpt,skd,img_000200,/home/manors/Guardrail-Distillation/data/cityscapes/leftImg8bit/val/frankfurt/frankfurt_000001_058057_leftImg8bit.png,,0.5564249318182466,0.4435750681817534,0.951194703578949,0.973846435546875,0.08578984439373016,0.06765986233949661,0.1877254843711853,0.9378122091293335,0.1964653581380844,-6.605893611907959,6.57412576675415,0.004248693119734526,0.034098926931619644,466261,4.34861350004212,7.412698500047554,16.252065500339086,0.3580824918594965,0.6419175081405035,126850,0.5534540908091419,0.4465459091908581,121760,0.06943777948617935,0.0010622404515743256,14.680797249639,0.04066544398665428,0.9593345560133457,0.16434375941753387,0.28476133942604065,0.03902382776141167,0.5097547173500061,0.4902452826499939,0.5419365167617798,0.5733156800270081,0.30183136463165283,0.5097547173500061,0.4902452826499939,0.5097547173500061,0.4902452826499939,0.5743328634413396,0.4256671365586604,0.9743019342422485,0.9259787239714149,0.0740212760285851,0.5678962321119184,0.6990956284760617,0.30090437152393834,0.14564153766691978,0.01790793162309301,0.01790793162309301,0.033837269991636276,0.01073004212230444,0.982092068376907,0.01790793162309301,0.04570401459932327,0.014022189192473888,429605
b1_cityscapes_val,2026-07-07 05:27:34,cityscapes,val,all,student_skd,/scratch/gautschi/manors/hf_cache/hub/models--nvidia--mit-b1/snapshots/13ddceec4e8bdf401e7cd7acf5aebc526222518c,runs/mit-b1_skd_j9200315/student_skd.ckpt,skd,img_000201,/home/manors/Guardrail-Distillation/data/cityscapes/leftImg8bit/val/frankfurt/frankfurt_000001_058176_leftImg8bit.png,,0.4858110992494744,0.5141889007505256,0.9095928072929382,0.967065691947937,0.09487508237361908,0.08522342890501022,0.2085932195186615,0.9232502579689026,0.23432783782482147,-6.378763675689697,6.338722229003906,0.0053252833895385265,0.041662003844976425,464764,4.34861350004212,7.412698500047554,16.252065500339086,1.0,0.0,126850,0.27328731976964454,0.7267126802303554,84695,0.08727598190307617,0.0013140166411176324,14.680797249639,0.04489656537771225,0.9551034346222878,0.18246300518512726,0.3048042953014374,0.04004218056797981,0.510009229183197,0.489990770816803,0.5442679524421692,0.5748251676559448,0.3041027784347534,0.510009229183197,0.489990770816803,0.510009229183197,0.489990770816803,0.5465582590024839,0.4534417409975161,0.9548760056495667,1.0,0.0,0.0,0.46934740376750117,0.5306525962324988,0.19606008399785657,0.06074715975300948,0.06074715975300948,0.055905792862176895,0.010622595436871052,0.9392528402469905,0.06074715975300948,0.06946966797113419,0.029531115666031837,418498
b1_cityscapes_val,2026-07-07 05:27:34,cityscapes,val,all,student_skd,/scratch/gautschi/manors/hf_cache/hub/models--nvidia--mit-b1/snapshots/13ddceec4e8bdf401e7cd7acf5aebc526222518c,runs/mit-b1_skd_j9200315/student_skd.ckpt,skd,img_000202,/home/manors/Guardrail-Distillation/data/cityscapes/leftImg8bit/val/frankfurt/frankfurt_000001_058504_leftImg8bit.png,,0.7093842277243044,0.29061577227569557,0.9669813513755798,0.9716727137565613,0.09001417458057404,0.07246006280183792,0.19866739213466644,0.9359161257743835,0.19779887795448303,-6.861450672149658,6.826882839202881,0.005029624793678522,0.03755323961377144,464647,4.34861350004212,7.412698500047554,16.252065500339086,1.0,0.0,126850,0.7982582455140717,0.20174175448592835,46046,0.07338131964206696,0.000604033877607435,14.680797249639,0.026608219370245934,0.9733917806297541,0.09259199351072311,0.20777413249015808,0.02271440252661705,0.5056783556938171,0.49432164430618286,0.5209650993347168,0.5467005968093872,0.26750779151916504,0.5056783556938171,0.49432164430618286,0.5056783556938171,0.49432164430618286,0.6557133082561473,0.34428669174385274,0.963750958442688,1.0,0.0,0.0,0.842573470590712,0.15742652940928803,0.04431522507664032,0.0,0.0,0.01170566026121378,0.014936069957911968,1.0,0.0,0.028503358364105225,0.0003594126319512725,424150
b1_cityscapes_val,2026-07-07 05:27:34,cityscapes,val,all,student_skd,/scratch/gautschi/manors/hf_cache/hub/models--nvidia--mit-b1/snapshots/13ddceec4e8bdf401e7cd7acf5aebc526222518c,runs/mit-b1_skd_j9200315/student_skd.ckpt,skd,img_000203,/home/manors/Guardrail-Distillation/data/cityscapes/leftImg8bit/val/frankfurt/frankfurt_000001_058914_leftImg8bit.png,,0.47184269271798535,0.5281573072820147,0.9409797191619873,0.9702067971229553,0.09251049906015396,0.07699037343263626,0.20552167296409607,0.9315152168273926,0.21304383873939514,-6.516858100891113,6.4803643226623535,0.006073144730180502,0.039283636957407,464010,4.34861350004212,7.412698500047554,16.252065500339086,0.8972182364206986,0.10278176357930136,126850,0.29767276181479063,0.7023272381852094,62448,0.07840806245803833,0.0009864050662145019,14.680797249639,0.031477052718400955,0.968522947281599,0.09718118607997894,0.22892971336841583,0.02667154371738434,0.5066674947738647,0.49333250522613525,0.5225536823272705,0.5531178712844849,0.2712700664997101,0.5066674947738647,0.49333250522613525,0.5066674947738647,0.49333250522613525,0.5098998697969208,0.4901001302030792,0.9579728841781616,0.9513031846015509,0.048696815398449056,0.0540849481808523,0.42492658003840944,0.5750734199615906,0.1272538182236188,0.03805717707893552,0.03805717707893552,0.025008080527186394,0.008014913648366928,0.9619428229210645,0.03805717707893552,0.03607896342873573,0.0033382901456207037,422210
b1_cityscapes_val,2026-07-07 05:27:34,cityscapes,val,all,student_skd,/scratch/gautschi/manors/hf_cache/hub/models--nvidia--mit-b1/snapshots/13ddceec4e8bdf401e7cd7acf5aebc526222518c,runs/mit-b1_skd_j9200315/student_skd.ckpt,skd,img_000204,/home/manors/Guardrail-Distillation/data/cityscapes/leftImg8bit/val/frankfurt/frankfurt_000001_059119_leftImg8bit.png,,0.532043802679116,0.467956197320884,0.9483235478401184,0.9675033092498779,0.09511728584766388,0.08321037143468857,0.20839965343475342,0.926313579082489,0.22489233314990997,-6.551305770874023,6.511728763580322,0.005125815514475107,0.042985327541828156,461390,4.35580974954064,7.412400749672088,16.23846174970822,1.0,0.0,126850,0.3241550665700583,0.6758449334299417,46725,0.08461962640285492,0.0009452432277612388,14.687725749354286,0.032353539019823074,0.9676464609801769,0.11268491297960281,0.22876451909542084,0.02792547270655632,0.5069808959960938,0.49301910400390625,0.5253962874412537,0.5565861463546753,0.26901692152023315,0.5069808959960938,0.49301910400390625,0.5069808959960938,0.49301910400390625,0.582411212055911,0.41758878794408905,0.9605388045310974,1.0,0.0,0.0,0.4709893783858618,0.5290106216141381,0.14683431181580353,0.05036740937679496,0.05036740937679496,0.020813195034861565,0.008597932755947113,0.949632590623205,0.05036740937679496,0.03423351049423218,0.002347255125641823,416221
b1_cityscapes_val,2026-07-07 05:27:34,cityscapes,val,all,student_skd,/scratch/gautschi/manors/hf_cache/hub/models--nvidia--mit-b1/snapshots/13ddceec4e8bdf401e7cd7acf5aebc526222518c,runs/mit-b1_skd_j9200315/student_skd.ckpt,skd,img_000205,/home/manors/Guardrail-Distillation/data/cityscapes/leftImg8bit/val/frankfurt/frankfurt_000001_059642_leftImg8bit.png,,0.5647642682883746,0.43523573171162544,0.9660087823867798,0.9745131731033325,0.08733825385570526,0.06585942953824997,0.19767476618289948,0.9428156614303589,0.1772279143333435,-6.723625659942627,6.69217586517334,0.006163668818771839,0.033566802740097046,466443,4.35580974954064,7.412400749672088,16.23846174970822,0.8895472785132386,0.11045272148676144,126850,0.4177607585374228,0.5822392414625772,42607,0.0669230967760086,0.0006783155258744955,14.687725749354286,0.023755356669425964,0.976244643330574,0.06197330355644226,0.17935092747211456,0.01755545474588871,0.5043887495994568,0.4956112504005432,0.5139833092689514,0.5373336672782898,0.2460319846868515,0.5043887495994568,0.4956112504005432,0.5043887495994568,0.4956112504005432,0.6381233789975008,0.3618766210024992,0.9707702994346619,0.9225990176669261,0.07740098233307391,0.03305173915368753,0.5538877288455079,0.44611227115449215,0.13612697030808507,0.07335911070912626,0.07335911070912626,0.013221337459981441,0.008459769189357758,0.9266408892908737,0.07335911070912626,0.023591307923197746,0.0010719423880800605,431052
b1_cityscapes_val,2026-07-07 05:27:34,cityscapes,val,all,student_skd,/scratch/gautschi/manors/hf_cache/hub/models--nvidia--mit-b1/snapshots/13ddceec4e8bdf401e7cd7acf5aebc526222518c,runs/mit-b1_skd_j9200315/student_skd.ckpt,skd,img_000206,/home/manors/Guardrail-Distillation/data/cityscapes/leftImg8bit/val/frankfurt/frankfurt_000001_059789_leftImg8bit.png,,0.6797876963274031,0.3202123036725969,0.9473551511764526,0.9599859118461609,0.10635629296302795,0.10396827012300491,0.24107655882835388,0.9129752516746521,0.25881311297416687,-6.787522792816162,6.738346576690674,0.008740057237446308,0.05365379527211189,435123,4.35580974954064,7.412400749672088,16.23846174970822,0.6980573745116848,0.3019426254883152,119367,0.9506129637717632,0.049387036228236814,31336,0.10560760647058487,0.0010316414991393685,14.687725749354286,0.04500933736562729,0.9549906626343727,0.1946897655725479,0.31621450185775757,0.044714100658893585,0.5111766457557678,0.4888233542442322,0.5460014343261719,0.5793627500534058,0.2706122100353241,0.5111766457557678,0.4888233542442322,0.5111766457557678,0.4888233542442322,0.6496088748992558,0.3503911251007442,0.9463485479354858,0.7212890537395468,0.27871094626045323,0.023231679227861957,0.9572371618317802,0.0427628381682198,0.006624198060017017,0.0,0.0,0.016861898824572563,0.017868511378765106,1.0,0.0,0.03856610879302025,0.002263727830722928,382018
b1_cityscapes_val,2026-07-07 05:27:34,cityscapes,val,all,student_skd,/scratch/gautschi/manors/hf_cache/hub/models--nvidia--mit-b1/snapshots/13ddceec4e8bdf401e7cd7acf5aebc526222518c,runs/mit-b1_skd_j9200315/student_skd.ckpt,skd,img_000207,/home/manors/Guardrail-Distillation/data/cityscapes/leftImg8bit/val/frankfurt/frankfurt_000001_060135_leftImg8bit.png,,0.4930323963795835,0.5069676036204165,0.8858966827392578,0.9311184883117676,0.13652905821800232,0.17211982607841492,0.3015582859516144,0.8645646572113037,0.3762914836406708,-6.138683795928955,6.052816390991211,0.01711994968354702,0.09749609977006912,448541,4.35580974954064,7.412400749672088,16.23846174970822,0.8065952071252506,0.19340479287474943,126850,0.4337550797390978,0.5662449202609021,19712,0.17437246441841125,0.0015950638335198164,14.687725749354286,0.0873752161860466,0.9126247838139534,0.32903507351875305,0.4276668429374695,0.09538791328668594,0.52382892370224,0.47617107629776,0.5869665741920471,0.6157042980194092,0.3075241148471832,0.52382892370224,0.47617107629776,0.52382892370224,0.47617107629776,0.6058325668340868,0.3941674331659132,0.9441767334938049,0.9661445208147021,0.033855479185297854,0.15954931368945158,0.909124203821656,0.09087579617834396,0.47536912408255816,0.1128001704545033,0.1128001704545033,0.07636982947587967,0.018089761957526207,0.8871998295454967,0.1128001704545033,0.10001537948846817,0.02177281305193901,358006
b1_cityscapes_val,2026-07-07 05:27:34,cityscapes,val,all,student_skd,/scratch/gautschi/manors/hf_cache/hub/models--nvidia--mit-b1/snapshots/13ddceec4e8bdf401e7cd7acf5aebc526222518c,runs/mit-b1_skd_j9200315/student_skd.ckpt,skd,img_000208,/home/manors/Guardrail-Distillation/data/cityscapes/leftImg8bit/val/frankfurt/frankfurt_000001_060422_leftImg8bit.png,,0.4255794219739715,0.5744205780260285,0.9679442048072815,0.9760496020317078,0.08138476312160492,0.06298241019248962,0.17969422042369843,0.9415287971496582,0.18271861970424652,-6.991454601287842,6.962470531463623,0.003887494560331106,0.03018161468207836,452991,4.35906375059858,7.409543250105344,16.260026250165538,1.0,0.0,126850,0.2451717701116416,0.7548282298883584,55871,0.06381555646657944,0.0004890410928055644,14.681558000120276,0.022879892960190773,0.9771201070398092,0.05597337707877159,0.16995540261268616,0.013457497581839561,0.5033643245697021,0.49663567543029785,0.5161288976669312,0.534943163394928,0.27408069372177124,0.5033643245697021,0.49663567543029785,0.5033643245697021,0.49663567543029785,0.4488762711320448,0.5511237288679551,0.9727103114128113,1.0,0.0,0.0,0.19456697729644154,0.8054330227035584,0.0,0.023296849158073396,0.023296849158073396,0.012110616080462933,0.007344516925513744,0.9767031508419266,0.023296849158073396,0.02119026705622673,0.002306889044120908,420443
b1_cityscapes_val,2026-07-07 05:27:34,cityscapes,val,all,student_skd,/scratch/gautschi/manors/hf_cache/hub/models--nvidia--mit-b1/snapshots/13ddceec4e8bdf401e7cd7acf5aebc526222518c,runs/mit-b1_skd_j9200315/student_skd.ckpt,skd,img_000209,/home/manors/Guardrail-Distillation/data/cityscapes/leftImg8bit/val/frankfurt/frankfurt_000001_060545_leftImg8bit.png,,0.4204112507820653,0.5795887492179347,0.9489567875862122,0.9741232991218567,0.09188494831323624,0.06950697302818298,0.22290021181106567,0.943087637424469,0.17956866323947906,-6.726421356201172,6.693755626678467,0.009086867794394493,0.036253295838832855,456593,4.35906375059858,7.409543250105344,16.260026250165538,1.0,0.0,126850,0.27742542623799094,0.7225745737620091,22713,0.07086997479200363,0.0009638024494051933,14.681558000120276,0.027938805520534515,0.9720611944794655,0.06309787184000015,0.21905021369457245,0.020521923899650574,0.5051302909851074,0.4948697090148926,0.5148568749427795,0.5451682209968567,0.26284509897232056,0.5051302909851074,0.4948697090148926,0.5051302909851074,0.4948697090148926,0.5457101864956831,0.45428981350431685,0.9628247022628784,1.0,0.0,0.0,0.49748759246967134,0.5025124075303287,0.2200621662316804,0.12529893571361783,0.12529893571361783,0.020701151341199875,0.006833219435065985,0.8747010642863822,0.12529893571361783,0.03442015126347542,0.0040429881773889065,422711
b1_cityscapes_val,2026-07-07 05:27:34,cityscapes,val,all,student_skd,/scratch/gautschi/manors/hf_cache/hub/models--nvidia--mit-b1/snapshots/13ddceec4e8bdf401e7cd7acf5aebc526222518c,runs/mit-b1_skd_j9200315/student_skd.ckpt,skd,img_000210,/home/manors/Guardrail-Distillation/data/cityscapes/leftImg8bit/val/frankfurt/frankfurt_000001_060906_leftImg8bit.png,,0.544150617462909,0.45584938253709095,0.9520250558853149,0.9652901887893677,0.1009378731250763,0.09105432778596878,0.23107083141803741,0.9234920144081116,0.23141764104366302,-7.029353141784668,6.986433982849121,0.00860019214451313,0.04650161787867546,462199,4.35906375059858,7.409543250105344,16.260026250165538,0.8760279069364723,0.12397209306352774,126850,0.45082550481442585,0.5491744951855742,109598,0.09285290539264679,0.001308642909862101,14.681558000120276,0.04401257634162903,0.955987423658371,0.18230868875980377,0.3000570237636566,0.036398157477378845,0.5090985298156738,0.49090147018432617,0.5358271598815918,0.567564845085144,0.3353213965892792,0.5090985298156738,0.49090147018432617,0.5090985298156738,0.49090147018432617,0.5853548265719778,0.4146451734280222,0.9642254114151001,0.9115795630305223,0.08842043696947766,0.03555165609405009,0.5944526126572252,0.40554738734277485,0.1436271078427993,0.041204209109068746,0.041204209109068746,0.021810952574014664,0.00961057934910059,0.9587957908909313,0.041204209109068746,0.03569025546312332,0.0014950270997360349,414328
b1_cityscapes_val,2026-07-07 05:27:34,cityscapes,val,all,student_skd,/scratch/gautschi/manors/hf_cache/hub/models--nvidia--mit-b1/snapshots/13ddceec4e8bdf401e7cd7acf5aebc526222518c,runs/mit-b1_skd_j9200315/student_skd.ckpt,skd,img_000211,/home/manors/Guardrail-Distillation/data/cityscapes/leftImg8bit/val/frankfurt/frankfurt_000001_061682_leftImg8bit.png,,0.6209011180398198,0.37909888196018016,0.9390513300895691,0.9651275873184204,0.10250040143728256,0.09232617169618607,0.2372564822435379,0.9223533272743225,0.23794974386692047,-7.200305938720703,7.156877040863037,0.01028736587613821,0.04699797183275223,452594,4.35906375059858,7.409543250105344,16.260026250165538,0.923096832226672,0.07690316777332795,126850,0.6785566706496392,0.3214433293503608,80068,0.09403698891401291,0.0013070051791146398,14.681558000120276,0.04768982529640198,0.952310174703598,0.19403962790966034,0.3224634826183319,0.04685105010867119,0.5117105841636658,0.48828941583633423,0.5413158535957336,0.5795465111732483,0.317084938287735,0.5117105841636658,0.48828941583633423,0.5117105841636658,0.48828941583633423,0.7218757471299609,0.27812425287003906,0.9693610668182373,0.9501760195520894,0.04982398044791059,0.027079187325417364,0.6497554103925912,0.3502445896074088,0.0,0.1009746290901411,0.1009746290901411,0.03797001391649246,0.007660286966711283,0.8990253709098589,0.1009746290901411,0.04852914437651634,0.009096452966332436,406354
b1_cityscapes_val,2026-07-07 05:27:34,cityscapes,val,all,student_skd,/scratch/gautschi/manors/hf_cache/hub/models--nvidia--mit-b1/snapshots/13ddceec4e8bdf401e7cd7acf5aebc526222518c,runs/mit-b1_skd_j9200315/student_skd.ckpt,skd,img_000212,/home/manors/Guardrail-Distillation/data/cityscapes/leftImg8bit/val/frankfurt/frankfurt_000001_061763_leftImg8bit.png,,0.7010824678964308,0.2989175321035692,0.96208256483078,0.9734576940536499,0.08584003895521164,0.07224816828966141,0.19797301292419434,0.9339409470558167,0.20934058725833893,-7.171836853027344,7.139584064483643,0.005018189549446106,0.03298315033316612,441195,4.392496749460406,7.408618999761529,16.266962750705716,0.9681136533798897,0.03188634662011025,126850,0.8750379830873575,0.12496201691264253,99564,0.07378409802913666,0.0009629711857996881,14.676126999802364,0.03833090886473656,0.9616690911352634,0.15211564302444458,0.26725244522094727,0.026753894984722137,0.5066880583763123,0.49331194162368774,0.5281656980514526,0.5592561364173889,0.3302119970321655,0.5066880583763123,0.49331194162368774,0.5066880583763123,0.49331194162368774,0.8279115289980605,0.17208847100193947,0.975657045841217,0.9824104267790845,0.017589573220915478,0.014296773399194773,0.8439777274452772,0.15602227255472279,0.0,0.12682906110162973,0.12682906110162973,0.019395053386688232,0.005820555612444878,0.8731709388983703,0.12682906110162973,0.026571018621325493,0.00291707762517035,405991
b1_cityscapes_val,2026-07-07 05:27:34,cityscapes,val,all,student_skd,/scratch/gautschi/manors/hf_cache/hub/models--nvidia--mit-b1/snapshots/13ddceec4e8bdf401e7cd7acf5aebc526222518c,runs/mit-b1_skd_j9200315/student_skd.ckpt,skd,img_000213,/home/manors/Guardrail-Distillation/data/cityscapes/leftImg8bit/val/frankfurt/frankfurt_000001_062016_leftImg8bit.png,,0.6379506060392298,0.3620493939607702,0.9584410786628723,0.9678264260292053,0.09866853803396225,0.08633677661418915,0.22896459698677063,0.9242010712623596,0.2380387932062149,-6.4690985679626465,6.428988456726074,0.009676177985966206,0.04304439574480057,462476,4.392496749460406,7.408618999761529,16.266962750705716,1.0,0.0,126850,0.45379474423039734,0.5462052557696027,11693,0.08797454833984375,0.0010333110112696886,14.676126999802364,0.03930436074733734,0.9606956392526627,0.12875646352767944,0.2809225916862488,0.03425085172057152,0.5085618495941162,0.4914381504058838,0.5287089347839355,0.5624752640724182,0.27766528725624084,0.5085618495941162,0.4914381504058838,0.5085618495941162,0.4914381504058838,0.7302558137241544,0.2697441862758456,0.9699465036392212,1.0,0.0,0.0,0.6663112956744263,0.33368870432557374,0.21251655144402892,0.09230520768492456,0.09230520768492456,0.022639011964201927,0.01113355066627264,0.9076947923150754,0.09230520768492456,0.03726247325539589,0.0037904668133705854,419825
b1_cityscapes_val,2026-07-07 05:27:34,cityscapes,val,all,student_skd,/scratch/gautschi/manors/hf_cache/hub/models--nvidia--mit-b1/snapshots/13ddceec4e8bdf401e7cd7acf5aebc526222518c,runs/mit-b1_skd_j9200315/student_skd.ckpt,skd,img_000214,/home/manors/Guardrail-Distillation/data/cityscapes/leftImg8bit/val/frankfurt/frankfurt_000001_062250_leftImg8bit.png,,0.4790168108643244,0.5209831891356755,0.9324234127998352,0.9551430344581604,0.11623717844486237,0.12027691304683685,0.2754027545452118,0.9030841588973999,0.2942468822002411,-6.339274883270264,6.283041954040527,0.014855215325951576,0.062434516847133636,455261,4.392496749460406,7.408618999761529,16.266962750705716,1.0,0.0,126850,0.45064355541050816,0.5493564445894918,9916,0.12222002446651459,0.0013101075310260057,14.676126999802364,0.051083654165267944,0.9489163458347321,0.21657584607601166,0.3395017087459564,0.052283644676208496,0.5130679607391357,0.48693203926086426,0.5549022555351257,0.5882415771484375,0.26609185338020325,0.5130679607391357,0.48693203926086426,0.5130679607391357,0.48693203926086426,0.5783952938667206,0.4216047061332794,0.9478365182876587,1.0,0.0,0.0,0.593159051634755,0.406840948365245,0.14251549622424686,0.09937848300239616,0.09937848300239616,0.025416189804673195,0.010003053583204746,0.9006215169976038,0.09937848300239616,0.04315546527504921,0.002563364803791046,395212
b1_cityscapes_val,2026-07-07 05:27:34,cityscapes,val,all,student_skd,/scratch/gautschi/manors/hf_cache/hub/models--nvidia--mit-b1/snapshots/13ddceec4e8bdf401e7cd7acf5aebc526222518c,runs/mit-b1_skd_j9200315/student_skd.ckpt,skd,img_000215,/home/manors/Guardrail-Distillation/data/cityscapes/leftImg8bit/val/frankfurt/frankfurt_000001_062396_leftImg8bit.png,,0.7051185480031056,0.2948814519968944,0.9551968574523926,0.9679527282714844,0.09791012108325958,0.0844833180308342,0.2230595052242279,0.9249678254127502,0.23866480588912964,-6.546847820281982,6.507133960723877,0.008125434629619122,0.0437832809984684,454991,4.392496749460406,7.408618999761529,16.266962750705716,1.0,0.0,126850,0.7786669355212646,0.22133306447873535,11892,0.08600058406591415,0.0009431563667021692,14.676126999802364,0.03461410105228424,0.9653858989477158,0.1267821341753006,0.24093681573867798,0.03187263011932373,0.507967472076416,0.492032527923584,0.5311364531517029,0.558935284614563,0.2538855969905853,0.507967472076416,0.492032527923584,0.507967472076416,0.492032527923584,0.6977886815395793,0.3022113184604207,0.9683509469032288,1.0,0.0,0.0,0.8704339838688734,0.12956601613112662,0.09176704834760874,0.0,0.0,0.02042897418141365,0.0072748688980937,1.0,0.0,0.03052367828786373,0.002158284420147538,412575
b1_cityscapes_val,2026-07-07 05:27:35,cityscapes,val,all,student_skd,/scratch/gautschi/manors/hf_cache/hub/models--nvidia--mit-b1/snapshots/13ddceec4e8bdf401e7cd7acf5aebc526222518c,runs/mit-b1_skd_j9200315/student_skd.ckpt,skd,img_000216,/home/manors/Guardrail-Distillation/data/cityscapes/leftImg8bit/val/frankfurt/frankfurt_000001_062509_leftImg8bit.png,,0.6403559148754782,0.35964408512452184,0.9744302034378052,0.9799895882606506,0.07753072679042816,0.05346773564815521,0.17830398678779602,0.9506377577781677,0.16233296692371368,-6.659276008605957,6.634671688079834,0.004928014241158962,0.026244644075632095,454950,4.361641999821586,7.406047499898705,16.266163000182132,1.0,0.0,126850,0.7243907965669653,0.27560920343303474,19972,0.0543864406645298,0.0005519235855899751,14.67085424974357,0.023551421239972115,0.9764485787600279,0.05654933676123619,0.18571585416793823,0.018124841153621674,0.5045310854911804,0.4954689145088196,0.516053318977356,0.5412405133247375,0.24390310049057007,0.5045310854911804,0.4954689145088196,0.5045310854911804,0.4954689145088196,0.6893768011657838,0.3106231988342162,0.9805737137794495,1.0,0.0,0.0,0.592604535387833,0.407395464612167,0.0,0.049020886290305654,0.049020886290305654,0.011508957482874393,0.005365424789488316,0.9509791137096943,0.049020886290305654,0.018384438008069992,0.00219144974835217,427854
b1_cityscapes_val,2026-07-07 05:27:35,cityscapes,val,all,student_skd,/scratch/gautschi/manors/hf_cache/hub/models--nvidia--mit-b1/snapshots/13ddceec4e8bdf401e7cd7acf5aebc526222518c,runs/mit-b1_skd_j9200315/student_skd.ckpt,skd,img_000217,/home/manors/Guardrail-Distillation/data/cityscapes/leftImg8bit/val/frankfurt/frankfurt_000001_062653_leftImg8bit.png,,0.6484603647803886,0.3515396352196114,0.9520206451416016,0.9635621905326843,0.09933169186115265,0.09745818376541138,0.2249811440706253,0.9127221703529358,0.27272647619247437,-6.2938618659973145,6.249549865722656,0.007023763842880726,0.0464138500392437,449047,4.361641999821586,7.406047499898705,16.266163000182132,0.9581996323222195,0.0418003676777805,120022,0.8205955044425471,0.17940449555745286,34680,0.09942976385354996,0.0011539860861375928,14.67085424974357,0.045447804033756256,0.9545521959662437,0.18031920492649078,0.2944456934928894,0.04380013048648834,0.5109483003616333,0.4890516996383667,0.544834554195404,0.5726583003997803,0.26314547657966614,0.5109483003616333,0.4890516996383667,0.5109483003616333,0.4890516996383667,0.7413893546367899,0.2586106453632101,0.9637165069580078,0.9459435895917112,0.05405641040828879,0.0,0.8132276083550445,0.18677239164495552,0.0,0.0929289898564013,0.0929289898564013,0.02166811190545559,0.009972230531275272,0.9070710101435987,0.0929289898564013,0.033464204519987106,0.0018951246747747064,400026
b1_cityscapes_val,2026-07-07 05:27:35,cityscapes,val,all,student_skd,/scratch/gautschi/manors/hf_cache/hub/models--nvidia--mit-b1/snapshots/13ddceec4e8bdf401e7cd7acf5aebc526222518c,runs/mit-b1_skd_j9200315/student_skd.ckpt,skd,img_000218,/home/manors/Guardrail-Distillation/data/cityscapes/leftImg8bit/val/frankfurt/frankfurt_000001_062793_leftImg8bit.png,,0.567626678787725,0.432373321212275,0.956670343875885,0.962979793548584,0.09992130100727081,0.09811995923519135,0.22554105520248413,0.9136654138565063,0.26342424750328064,-6.531300067901611,6.48629903793335,0.006616170518100262,0.0474696084856987,459178,4.361641999821586,7.406047499898705,16.266163000182132,1.0,0.0,126850,0.46927996691045215,0.5307200330895478,16686,0.099703349173069,0.0010379987070336938,14.67085424974357,0.04518529772758484,0.9548147022724152,0.18185272812843323,0.2981215715408325,0.03710301220417023,0.5092747211456299,0.4907252788543701,0.5384643077850342,0.5668542385101318,0.2761724889278412,0.5092747211456299,0.4907252788543701,0.5092747211456299,0.4907252788543701,0.6697854046942783,0.3302145953057217,0.967711865901947,1.0,0.0,0.0,0.6536920961347245,0.34630790386527555,0.1844121292242723,0.10215872590655328,0.10215872590655328,0.0205998532474041,0.00955838430672884,0.8978412740934467,0.10215872590655328,0.033008985221385956,0.0016812651883810759,407847
b1_cityscapes_val,2026-07-07 05:27:35,cityscapes,val,all,student_skd,/scratch/gautschi/manors/hf_cache/hub/models--nvidia--mit-b1/snapshots/13ddceec4e8bdf401e7cd7acf5aebc526222518c,runs/mit-b1_skd_j9200315/student_skd.ckpt,skd,img_000219,/home/manors/Guardrail-Distillation/data/cityscapes/leftImg8bit/val/frankfurt/frankfurt_000001_063045_leftImg8bit.png,,0.5944003394364202,0.40559966056357977,0.9288015365600586,0.9522848725318909,0.11393090337514877,0.12470836937427521,0.25678539276123047,0.8942046165466309,0.31640076637268066,-6.521891117095947,6.463313579559326,0.010547356680035591,0.0631524920463562,455754,4.361641999821586,7.406047499898705,16.266163000182132,0.9901379101656567,0.009862089834343335,126850,0.4747628430057668,0.5252371569942331,29996,0.12654036283493042,0.0011661171447485685,14.67085424974357,0.05005151778459549,0.9499484822154045,0.19977611303329468,0.2974001169204712,0.04932187497615814,0.5123279690742493,0.48767203092575073,0.5451116561889648,0.5690213441848755,0.2752222418785095,0.5123279690742493,0.48767203092575073,0.5123279690742493,0.48767203092575073,0.563963876264781,0.43603612373521905,0.9516032934188843,0.9957690458429894,0.00423095415701058,0.005631135677332755,0.4793139609288796,0.5206860390711203,0.004551117923112802,0.0,0.0,0.03629809245467186,0.01349631603807211,1.0,0.0,0.054968252778053284,0.006020791828632355,390046
b1_cityscapes_val,2026-07-07 05:27:35,cityscapes,val,all,student_skd,/scratch/gautschi/manors/hf_cache/hub/models--nvidia--mit-b1/snapshots/13ddceec4e8bdf401e7cd7acf5aebc526222518c,runs/mit-b1_skd_j9200315/student_skd.ckpt,skd,img_000220,/home/manors/Guardrail-Distillation/data/cityscapes/leftImg8bit/val/frankfurt/frankfurt_000001_064130_leftImg8bit.png,,0.6083360757665789,0.3916639242334211,0.935203492641449,0.9585253000259399,0.10421433299779892,0.10888653248548508,0.22938765585422516,0.9009480476379395,0.308036208152771,-6.184143543243408,6.1338791847229,0.006533629260957241,0.052659403532743454,448296,4.3492780005180975,7.406243750665453,16.241011000602157,0.7030212204934632,0.29697877950653684,125710,0.5001370504527483,0.49986294954725174,54061,0.11116436868906021,0.0013049693079665303,14.68349200058583,0.053295351564884186,0.9467046484351158,0.2080613672733307,0.3065939247608185,0.052053302526474,0.5130103826522827,0.4869896173477173,0.5502487421035767,0.5765922665596008,0.279789000749588,0.5130103826522827,0.4869896173477173,0.5130103826522827,0.4869896173477173,0.5512038704181367,0.4487961295818633,0.942589282989502,0.573703293746141,0.42629670625385896,0.0,0.42233507196521414,0.5776649280347859,0.0,0.0,0.0,0.023944001644849777,0.01655825600028038,1.0,0.0,0.04590047523379326,0.0019384513143450022,392290
b1_cityscapes_val,2026-07-07 05:27:35,cityscapes,val,all,student_skd,/scratch/gautschi/manors/hf_cache/hub/models--nvidia--mit-b1/snapshots/13ddceec4e8bdf401e7cd7acf5aebc526222518c,runs/mit-b1_skd_j9200315/student_skd.ckpt,skd,img_000221,/home/manors/Guardrail-Distillation/data/cityscapes/leftImg8bit/val/frankfurt/frankfurt_000001_064305_leftImg8bit.png,,0.5897664560677465,0.41023354393225353,0.9500442147254944,0.9686171412467957,0.09443001449108124,0.08326374739408493,0.21472924947738647,0.9238439798355103,0.2467026561498642,-6.41468620300293,6.376298904418945,0.006312315817922354,0.04143981635570526,455142,4.3492780005180975,7.406243750665453,16.241011000602157,1.0,0.0,126850,0.6851227137444384,0.31487728625556155,47085,0.08463433384895325,0.0008307296084240079,14.68349200058583,0.03484432026743889,0.9651556797325611,0.1213616132736206,0.2451576143503189,0.029183510690927505,0.5072953701019287,0.4927046298980713,0.5271589756011963,0.5576488375663757,0.2763463854789734,0.5072953701019287,0.4927046298980713,0.5072953701019287,0.4927046298980713,0.6832893829584636,0.31671061704153636,0.9595577120780945,1.0,0.0,0.0,0.8391708194076218,0.16082918059237816,0.1540481056631834,0.09352292689071717,0.09352292689071717,0.021648189052939415,0.012134674936532974,0.9064770731092828,0.09352292689071717,0.036705028265714645,0.00472380081191659,412022
b1_cityscapes_val,2026-07-07 05:27:35,cityscapes,val,all,student_skd,/scratch/gautschi/manors/hf_cache/hub/models--nvidia--mit-b1/snapshots/13ddceec4e8bdf401e7cd7acf5aebc526222518c,runs/mit-b1_skd_j9200315/student_skd.ckpt,skd,img_000222,/home/manors/Guardrail-Distillation/data/cityscapes/leftImg8bit/val/frankfurt/frankfurt_000001_064651_leftImg8bit.png,,0.5850925860151207,0.4149074139848793,0.9698379039764404,0.9763001799583435,0.08039102703332901,0.06266556680202484,0.17898046970367432,0.9423262476921082,0.18013320863246918,-7.216791152954102,7.188211441040039,0.003365877317264676,0.029353881254792213,466446,4.3492780005180975,7.406243750665453,16.241011000602157,0.9633518036109388,0.03664819638906125,126850,0.5662441176611412,0.43375588233885876,91152,0.06380201131105423,0.0006158297182992101,14.68349200058583,0.021453436464071274,0.9785465635359287,0.04759247228503227,0.16133034229278564,0.010004179552197456,0.5025010108947754,0.4974989891052246,0.5119465589523315,0.5300194025039673,0.2878507375717163,0.5025010108947754,0.4974989891052246,0.5025010108947754,0.4974989891052246,0.6074593567964929,0.3925406432035071,0.9732273817062378,0.9669868689469396,0.03301313105306036,0.0036350653360008867,0.6814229154166977,0.31857708458330225,0.1151787977555565,0.02236677078137217,0.02236677078137217,0.008999969810247421,0.005610510241240263,0.9776332292186278,0.02236677078137217,0.016900135204195976,0.0005574064562097192,432704
b1_cityscapes_val,2026-07-07 05:27:35,cityscapes,val,all,student_skd,/scratch/gautschi/manors/hf_cache/hub/models--nvidia--mit-b1/snapshots/13ddceec4e8bdf401e7cd7acf5aebc526222518c,runs/mit-b1_skd_j9200315/student_skd.ckpt,skd,img_000223,/home/manors/Guardrail-Distillation/data/cityscapes/leftImg8bit/val/frankfurt/frankfurt_000001_064798_leftImg8bit.png,,0.6039297789822088,0.3960702210177912,0.9575462937355042,0.9771572947502136,0.07923497259616852,0.05837596207857132,0.169585719704628,0.9454020261764526,0.17047137022018433,-7.007997035980225,6.98044490814209,0.0030432697385549545,0.028794342651963234,466932,4.3492780005180975,7.406243750665453,16.241011000602157,0.9114314340274661,0.08856856597253393,126850,0.6956626116932823,0.30433738830671775,85141,0.05927801877260208,0.0005734040169045329,14.68349200058583,0.023946641013026237,0.9760533589869738,0.06306380033493042,0.1865561157464981,0.015780378133058548,0.503944993019104,0.496055006980896,0.5154010057449341,0.5373431444168091,0.274909108877182,0.503944993019104,0.496055006980896,0.503944993019104,0.496055006980896,0.7435422805630628,0.2564577194369372,0.974773645401001,0.949352573251382,0.050647426748617996,0.037921139223915934,0.8425265741188824,0.15747342588111757,0.14686396242560018,0.13961250158085403,0.13961250158085403,0.022324450314044952,0.005097101908177137,0.860387498419146,0.13961250158085403,0.0314863845705986,0.006077972706407309,434360
b1_cityscapes_val,2026-07-07 05:27:35,cityscapes,val,all,student_skd,/scratch/gautschi/manors/hf_cache/hub/models--nvidia--mit-b1/snapshots/13ddceec4e8bdf401e7cd7acf5aebc526222518c,runs/mit-b1_skd_j9200315/student_skd.ckpt,skd,img_000224,/home/manors/Guardrail-Distillation/data/cityscapes/leftImg8bit/val/frankfurt/frankfurt_000001_064925_leftImg8bit.png,,0.46998760898166,0.5300123910183401,0.9728510975837708,0.9811351895332336,0.07138638943433762,0.0488409586250782,0.15272307395935059,0.9522584676742554,0.15384641289710999,-6.8390069007873535,6.8163909912109375,0.002007073722779751,0.022988731041550636,458877,4.335610250564059,7.4122417499893345,16.249062499809952,0.8773074592517551,0.12269254074824487,122917,0.24632225182439477,0.7536777481756052,86441,0.049550529569387436,0.00047744717448949814,14.697089250148565,0.01998312585055828,0.9800168741494417,0.04157727211713791,0.14567451179027557,0.009137843735516071,0.5022844076156616,0.4977155923843384,0.512337863445282,0.5269431471824646,0.27032968401908875,0.5022844076156616,0.4977155923843384,0.5022844076156616,0.4977155923843384,0.5704683089216356,0.4295316910783644,0.977904736995697,0.6149530604061962,0.38504693959380376,0.0,0.414511138385494,0.585488861614506,0.1681888865610992,0.10048069993997566,0.10048069993997566,0.010530054569244385,0.005476412829011679,0.8995193000600243,0.10048069993997566,0.016917387023568153,0.001847989740781486,432592
b1_cityscapes_val,2026-07-07 05:27:35,cityscapes,val,all,student_skd,/scratch/gautschi/manors/hf_cache/hub/models--nvidia--mit-b1/snapshots/13ddceec4e8bdf401e7cd7acf5aebc526222518c,runs/mit-b1_skd_j9200315/student_skd.ckpt,skd,img_000225,/home/manors/Guardrail-Distillation/data/cityscapes/leftImg8bit/val/frankfurt/frankfurt_000001_065160_leftImg8bit.png,,0.5814321356675871,0.4185678643324129,0.9617665410041809,0.970099151134491,0.09303335100412369,0.07816919684410095,0.2096908688545227,0.9315981864929199,0.207899272441864,-7.205883026123047,7.169158458709717,0.0064069656655192375,0.039571553468704224,465587,4.335610250564059,7.4122417499893345,16.249062499809952,0.9178914041715749,0.08210859582842511,126850,0.24807928262639467,0.7519207173736053,87449,0.07937392592430115,0.0007389564416371286,14.697089250148565,0.033342309296131134,0.9666576907038689,0.11541128158569336,0.25034070014953613,0.021823659539222717,0.5054556727409363,0.4945443272590637,0.522090494632721,0.5489761233329773,0.2970222532749176,0.5054556727409363,0.4945443272590637,0.5054556727409363,0.4945443272590637,0.5999843193186506,0.4000156806813494,0.9653577208518982,0.9142694421664095,0.08573055783359051,0.0,0.24728715960448738,0.7527128403955126,0.0,0.01855218365106348,0.01855218365106348,0.01204500999301672,0.008453844115138054,0.9814478163489365,0.01855218365106348,0.022891532629728317,0.0002835130726452917,424465
b1_cityscapes_val,2026-07-07 05:27:35,cityscapes,val,all,student_skd,/scratch/gautschi/manors/hf_cache/hub/models--nvidia--mit-b1/snapshots/13ddceec4e8bdf401e7cd7acf5aebc526222518c,runs/mit-b1_skd_j9200315/student_skd.ckpt,skd,img_000226,/home/manors/Guardrail-Distillation/data/cityscapes/leftImg8bit/val/frankfurt/frankfurt_000001_065617_leftImg8bit.png,,0.6270994979264305,0.3729005020735695,0.9604367017745972,0.9725937843322754,0.08536508679389954,0.07365826517343521,0.19038359820842743,0.9309734106063843,0.2177354246377945,-6.836539268493652,6.80352258682251,0.00447275023907423,0.03285090625286102,459896,4.335610250564059,7.4122417499893345,16.249062499809952,1.0,0.0,126850,0.6653776472043833,0.3346223527956167,32367,0.07506836950778961,0.0006970257963985205,14.697089250148565,0.03750596567988396,0.962494034320116,0.14968301355838776,0.26011431217193604,0.031205931678414345,0.5078008770942688,0.4921991229057312,0.5334391593933105,0.565817654132843,0.29099738597869873,0.5078008770942688,0.4921991229057312,0.5078008770942688,0.4921991229057312,0.7106349290470876,0.2893650709529124,0.9679101705551147,1.0,0.0,0.0,0.7121163823350712,0.28788361766492876,0.046738735130687936,0.08353543112065709,0.08353543112065709,0.01692991517484188,0.009456486441195011,0.9164645688793429,0.08353543112065709,0.02826508693397045,0.002718005795031786,421543
b1_cityscapes_val,2026-07-07 05:27:35,cityscapes,val,all,student_skd,/scratch/gautschi/manors/hf_cache/hub/models--nvidia--mit-b1/snapshots/13ddceec4e8bdf401e7cd7acf5aebc526222518c,runs/mit-b1_skd_j9200315/student_skd.ckpt,skd,img_000227,/home/manors/Guardrail-Distillation/data/cityscapes/leftImg8bit/val/frankfurt/frankfurt_000001_065850_leftImg8bit.png,,0.557156786510139,0.442843213489861,0.9300341010093689,0.9476180672645569,0.12402492016553879,0.13278698921203613,0.2781992554664612,0.8919583559036255,0.3208068609237671,-6.711479187011719,6.645908832550049,0.015920165926218033,0.07480856031179428,456151,4.335610250564059,7.4122417499893345,16.249062499809952,0.9118589674224067,0.08814103257759331,126850,0.8456121534486938,0.15438784655130622,33913,0.1346723586320877,0.0012454042444005609,14.697089250148565,0.05220513790845871,0.9477948620915413,0.22021302580833435,0.33422982692718506,0.0452185682952404,0.5113027095794678,0.4886972904205322,0.5485373735427856,0.5800266861915588,0.308025598526001,0.5113027095794678,0.4886972904205322,0.5113027095794678,0.4886972904205322,0.5366964787051045,0.4633035212948955,0.9404627084732056,0.9532829427014722,0.04671705729852782,0.041423975279065495,0.8530615607639179,0.14693843923608207,0.007449407315224144,0.0,0.0,0.027718890458345413,0.017290327697992325,1.0,0.0,0.0518622100353241,0.0019839920569211245,386208
b1_cityscapes_val,2026-07-07 05:27:35,cityscapes,val,all,student_skd,/scratch/gautschi/manors/hf_cache/hub/models--nvidia--mit-b1/snapshots/13ddceec4e8bdf401e7cd7acf5aebc526222518c,runs/mit-b1_skd_j9200315/student_skd.ckpt,skd,img_000228,/home/manors/Guardrail-Distillation/data/cityscapes/leftImg8bit/val/frankfurt/frankfurt_000001_066092_leftImg8bit.png,,0.3967966193064477,0.6032033806935523,0.7715882062911987,0.9004087448120117,0.16118112206459045,0.2553001940250397,0.36853691935539246,0.8082327842712402,0.5478314161300659,-5.399716377258301,5.273624897003174,0.0337892547249794,0.1464681625366211,450883,4.3646537505992455,7.411989749925851,16.26058775036654,0.2959684398463864,0.7040315601536136,126666,0.6608932258521428,0.33910677414785717,38643,0.26036620140075684,0.004345580469816923,14.68298899999354,0.150038480758667,0.849961519241333,0.4471232295036316,0.5233120322227478,0.18746989965438843,0.5467306971549988,0.4532693028450012,0.6508335471153259,0.6815133094787598,0.34177398681640625,0.5467306971549988,0.4532693028450012,0.5467306971549988,0.4532693028450012,0.6363973297831554,0.36360267021684456,0.883830189704895,0.5973245483040133,0.40267545169598673,0.30135610845762684,0.9856569741716656,0.014343025828334355,0.3247637483195228,0.23960071047670772,0.23960071047670772,0.13114045560359955,0.01889847405254841,0.7603992895232923,0.23960071047670772,0.1738455444574356,0.02444314956665039,319582
b1_cityscapes_val,2026-07-07 05:27:35,cityscapes,val,all,student_skd,/scratch/gautschi/manors/hf_cache/hub/models--nvidia--mit-b1/snapshots/13ddceec4e8bdf401e7cd7acf5aebc526222518c,runs/mit-b1_skd_j9200315/student_skd.ckpt,skd,img_000229,/home/manors/Guardrail-Distillation/data/cityscapes/leftImg8bit/val/frankfurt/frankfurt_000001_066438_leftImg8bit.png,,0.48477960444570206,0.515220395554298,0.9023942947387695,0.9575567841529846,0.10593289881944656,0.11259369552135468,0.23792022466659546,0.9010224938392639,0.30009040236473083,-6.609450817108154,6.557817459106445,0.007896787486970425,0.05330616608262062,438786,4.3646537505992455,7.411989749925851,16.26058775036654,0.4970595191170674,0.5029404808829325,126850,0.7539181465848833,0.24608185341511668,22538,0.11403027921915054,0.0009786997688934207,14.68298899999354,0.06076911464333534,0.9392308853566647,0.24815791845321655,0.34921979904174805,0.055898796766996384,0.5139710307121277,0.4860289692878723,0.5587212443351746,0.5825744867324829,0.31059107184410095,0.5139710307121277,0.4860289692878723,0.5139710307121277,0.4860289692878723,0.4769144836939086,0.5230855163060915,0.9227344989776611,0.9078811120903076,0.09211888790969236,0.41082159297324017,0.6206839330630429,0.3793160669369571,0.0,0.0,0.0,0.030324576422572136,0.009984365664422512,1.0,0.0,0.05254269763827324,0.006941880565136671,382342
b1_cityscapes_val,2026-07-07 05:27:35,cityscapes,val,all,student_skd,/scratch/gautschi/manors/hf_cache/hub/models--nvidia--mit-b1/snapshots/13ddceec4e8bdf401e7cd7acf5aebc526222518c,runs/mit-b1_skd_j9200315/student_skd.ckpt,skd,img_000230,/home/manors/Guardrail-Distillation/data/cityscapes/leftImg8bit/val/frankfurt/frankfurt_000001_066574_leftImg8bit.png,,0.4210074703149316,0.5789925296850684,0.8777891993522644,0.9177391529083252,0.14212508499622345,0.21867813169956207,0.32699206471443176,0.8230879902839661,0.5218729376792908,-5.7873311042785645,5.6856536865234375,0.020580127835273743,0.10983829200267792,425216,4.3646537505992455,7.411989749925851,16.26058775036654,0.31041264924131146,0.6895873507586885,116331,0.5885077639005178,0.41149223609948216,19335,0.22218678891658783,0.002360171638429165,14.68298899999354,0.10999608039855957,0.8900039196014404,0.3501424193382263,0.422928124666214,0.11123959720134735,0.5277812480926514,0.47221875190734863,0.5896546244621277,0.6158437132835388,0.3620733916759491,0.5277812480926514,0.47221875190734863,0.5277812480926514,0.47221875190734863,0.4091768594590521,0.5908231405409479,0.8764368891716003,0.40204636802593197,0.597953631974068,0.09163371878462045,0.47138315087003047,0.5286168491299695,0.0,0.0,0.0,0.058057550340890884,0.05940980464220047,1.0,0.0,0.13011975586414337,0.009080091491341591,319790
b1_cityscapes_val,2026-07-07 05:27:35,cityscapes,val,all,student_skd,/scratch/gautschi/manors/hf_cache/hub/models--nvidia--mit-b1/snapshots/13ddceec4e8bdf401e7cd7acf5aebc526222518c,runs/mit-b1_skd_j9200315/student_skd.ckpt,skd,img_000231,/home/manors/Guardrail-Distillation/data/cityscapes/leftImg8bit/val/frankfurt/frankfurt_000001_066832_leftImg8bit.png,,0.5393292065265888,0.4606707934734112,0.9182775020599365,0.9534578919410706,0.11482297629117966,0.12495743483304977,0.2689298093318939,0.8940399885177612,0.3244074285030365,-6.502554893493652,6.444759845733643,0.013018831610679626,0.06068459525704384,381217,4.3646537505992455,7.411989749925851,16.26058775036654,0.3333333333333333,0.6666666666666667,126270,0.6257749995837506,0.3742250004162494,47571,0.1271480917930603,0.001287835300900042,14.68298899999354,0.060532502830028534,0.9394674971699715,0.23880934715270996,0.35819995403289795,0.05924513563513756,0.5148069262504578,0.48519307374954224,0.5568636655807495,0.5900140404701233,0.31844305992126465,0.5148069262504578,0.48519307374954224,0.5148069262504578,0.48519307374954224,0.5524158943897761,0.4475841056102239,0.9305933117866516,0.19999683215991257,0.8000031678400874,0.0,0.6128442642398976,0.3871557357601024,0.0,0.01308668786318734,0.01308668786318734,0.025476302951574326,0.013160482980310917,0.9869133121368127,0.01308668786318734,0.04689455032348633,0.003609492676332593,329023
b1_cityscapes_val,2026-07-07 05:27:36,cityscapes,val,all,student_skd,/scratch/gautschi/manors/hf_cache/hub/models--nvidia--mit-b1/snapshots/13ddceec4e8bdf401e7cd7acf5aebc526222518c,runs/mit-b1_skd_j9200315/student_skd.ckpt,skd,img_000232,/home/manors/Guardrail-Distillation/data/cityscapes/leftImg8bit/val/frankfurt/frankfurt_000001_067092_leftImg8bit.png,,0.5761146978161448,0.42388530218385523,0.9399288892745972,0.9601924419403076,0.10335741192102432,0.10273709893226624,0.2258748859167099,0.9119089841842651,0.25497370958328247,-6.97891092300415,6.930534362792969,0.006750921253114939,0.05149667710065842,436533,4.3795867495646235,7.406783000078576,16.265928000393615,0.99993275602379,6.724397621005185e-05,118673,0.5172698883103456,0.4827301116896544,102174,0.1040533035993576,0.0007932096486911178,14.689855000142416,0.04044373333454132,0.9595562666654587,0.16952161490917206,0.27892249822616577,0.031953006982803345,0.5079875588417053,0.4920124411582947,0.5367271900177002,0.5600494146347046,0.3035653829574585,0.5079875588417053,0.4920124411582947,0.5079875588417053,0.4920124411582947,0.7787300727763468,0.22126992722365324,0.9588736295700073,0.9995292938800016,0.00047070611999844303,0.0,0.8910743629565271,0.10892563704347291,0.3738044746461815,0.202615374960202,0.202615374960202,0.029008114710450172,0.010063385590910912,0.797384625039798,0.202615374960202,0.04200369492173195,0.011786050163209438,382743
b1_cityscapes_val,2026-07-07 05:27:36,cityscapes,val,all,student_skd,/scratch/gautschi/manors/hf_cache/hub/models--nvidia--mit-b1/snapshots/13ddceec4e8bdf401e7cd7acf5aebc526222518c,runs/mit-b1_skd_j9200315/student_skd.ckpt,skd,img_000233,/home/manors/Guardrail-Distillation/data/cityscapes/leftImg8bit/val/frankfurt/frankfurt_000001_067178_leftImg8bit.png,,0.4065972722218148,0.5934027277781853,0.9406675696372986,0.9618715643882751,0.10129532963037491,0.09574329853057861,0.21834135055541992,0.9189527034759521,0.22963976860046387,-6.9967732429504395,6.9504714012146,0.005482032895088196,0.04958018660545349,429950,4.3795867495646235,7.406783000078576,16.265928000393615,0.9993093730637708,0.0006906269362292328,117561,0.19815552632642594,0.801844473673574,99770,0.09681476652622223,0.0007393071427941322,14.689855000142416,0.041875846683979034,0.958124153316021,0.17393003404140472,0.27778738737106323,0.03745480254292488,0.5093625783920288,0.4906374216079712,0.5394236445426941,0.559679388999939,0.2997328042984009,0.5093625783920288,0.4906374216079712,0.5093625783920288,0.4906374216079712,0.5088880279706296,0.4911119720293704,0.9603838324546814,1.0,0.0,0.0006906269362292328,0.6353524376460443,0.3646475623539557,0.43719691131961835,0.10229075574881485,0.10229075574881485,0.03283870220184326,0.013122457079589367,0.8977092442511851,0.10229075574881485,0.04940109699964523,0.013869055546820164,379136
b1_cityscapes_val,2026-07-07 05:27:36,cityscapes,val,all,student_skd,/scratch/gautschi/manors/hf_cache/hub/models--nvidia--mit-b1/snapshots/13ddceec4e8bdf401e7cd7acf5aebc526222518c,runs/mit-b1_skd_j9200315/student_skd.ckpt,skd,img_000234,/home/manors/Guardrail-Distillation/data/cityscapes/leftImg8bit/val/frankfurt/frankfurt_000001_067295_leftImg8bit.png,,0.4554130960013487,0.5445869039986513,0.9161373972892761,0.9544292092323303,0.1122925728559494,0.11967684328556061,0.2531655728816986,0.8978531956672668,0.305363267660141,-6.573495388031006,6.517412185668945,0.01065022125840187,0.060345254838466644,444310,4.3795867495646235,7.406783000078576,16.265928000393615,0.8709367134665671,0.1290632865334329,126850,0.4754780639148244,0.5245219360851756,55271,0.1218716949224472,0.001312858541496098,14.689855000142416,0.05173984169960022,0.9482601583003998,0.2121971994638443,0.31773343682289124,0.04824585095047951,0.5120591521263123,0.48794084787368774,0.548136293888092,0.5734038949012756,0.28941217064857483,0.5120591521263123,0.48794084787368774,0.5120591521263123,0.48794084787368774,0.617527610301381,0.38247238969861896,0.9420742392539978,0.5523088468490714,0.44769115315092856,0.0,0.6879019277704651,0.3120980722295349,0.21242386385564072,0.16211451430003232,0.16211451430003232,0.036911167204380035,0.010974319651722908,0.8378854856999677,0.16211451430003232,0.055832639336586,0.013702144846320152,383882
b1_cityscapes_val,2026-07-07 05:27:36,cityscapes,val,all,student_skd,/scratch/gautschi/manors/hf_cache/hub/models--nvidia--mit-b1/snapshots/13ddceec4e8bdf401e7cd7acf5aebc526222518c,runs/mit-b1_skd_j9200315/student_skd.ckpt,skd,img_000235,/home/manors/Guardrail-Distillation/data/cityscapes/leftImg8bit/val/frankfurt/frankfurt_000001_067474_leftImg8bit.png,,0.5650229514057131,0.4349770485942869,0.9378266930580139,0.9722490906715393,0.09062600880861282,0.07411076873540878,0.21104036271572113,0.9349090456962585,0.204590305685997,-6.710283279418945,6.676052570343018,0.006801959127187729,0.03676924481987953,455163,4.3795867495646235,7.406783000078576,16.265928000393615,1.0,0.0,126850,0.5884396897414608,0.41156031025853923,32621,0.0755331739783287,0.0010916029568761587,14.689855000142416,0.036942802369594574,0.9630571976304054,0.13289402425289154,0.269028902053833,0.039396896958351135,0.5098479390144348,0.4901520609855652,0.531792938709259,0.5636382102966309,0.2601846754550934,0.5098479390144348,0.4901520609855652,0.5098479390144348,0.4901520609855652,0.7102966612576358,0.2897033387423642,0.972978949546814,1.0,0.0,0.0,0.8644191609880789,0.13558083901192108,0.27597947124661815,0.14527370985192267,0.14527370985192267,0.04150601103901863,0.006353768054395914,0.8547262901480773,0.14527370985192267,0.051541976630687714,0.019889578223228455,417870
b1_cityscapes_val,2026-07-07 05:27:36,cityscapes,val,all,student_skd,/scratch/gautschi/manors/hf_cache/hub/models--nvidia--mit-b1/snapshots/13ddceec4e8bdf401e7cd7acf5aebc526222518c,runs/mit-b1_skd_j9200315/student_skd.ckpt,skd,img_000236,/home/manors/Guardrail-Distillation/data/cityscapes/leftImg8bit/val/frankfurt/frankfurt_000001_067735_leftImg8bit.png,,0.5748692035712729,0.4251307964287271,0.9584981799125671,0.9694162607192993,0.09119677543640137,0.07809876650571823,0.19651037454605103,0.9285851716995239,0.2206733524799347,-6.945830345153809,6.908822536468506,0.0038760716561228037,0.0398908369243145,415885,4.367565499705961,7.405520250358677,16.279587000099127,0.891107074747168,0.108892925252832,126850,0.5019626445209564,0.4980373554790436,94368,0.07935783267021179,0.0008020410314202309,14.693164500386047,0.035688724368810654,0.9643112756311893,0.1306171864271164,0.2522844076156616,0.031185010448098183,0.5077956318855286,0.49220436811447144,0.528989315032959,0.5563264489173889,0.30377522110939026,0.5077956318855286,0.49220436811447144,0.5077956318855286,0.49220436811447144,0.569636185709591,0.43036381429040904,0.9714152216911316,0.9780490709775874,0.02195092902241258,0.08694199623041943,0.5509591365514117,0.4490408634485883,0.04899649203045531,0.0,0.0,0.01990213803946972,0.00698510417714715,1.0,0.0,0.028988784179091454,0.0028830086812376976,377597
b1_cityscapes_val,2026-07-07 05:27:36,cityscapes,val,all,student_skd,/scratch/gautschi/manors/hf_cache/hub/models--nvidia--mit-b1/snapshots/13ddceec4e8bdf401e7cd7acf5aebc526222518c,runs/mit-b1_skd_j9200315/student_skd.ckpt,skd,img_000237,/home/manors/Guardrail-Distillation/data/cityscapes/leftImg8bit/val/frankfurt/frankfurt_000001_068063_leftImg8bit.png,,0.5334836767205998,0.4665163232794002,0.948124885559082,0.9666152596473694,0.09978464990854263,0.08985818922519684,0.23703183233737946,0.9227191209793091,0.2444283664226532,-6.812250137329102,6.770866394042969,0.008908686228096485,0.04533838853240013,462919,4.367565499705961,7.405520250358677,16.279587000099127,0.7643431281041665,0.2356568718958335,126850,0.8436175801997889,0.15638241980021106,38012,0.09113218635320663,0.0009006648906506598,14.693164500386047,0.034413352608680725,0.9655866473913193,0.11948017030954361,0.25408294796943665,0.02937488816678524,0.5073431730270386,0.4926568269729614,0.5257592797279358,0.5535155534744263,0.27868568897247314,0.5073431730270386,0.4926568269729614,0.5073431730270386,0.4926568269729614,0.5800368509467232,0.4199631490532768,0.9558259844779968,0.8939317105151847,0.10606828948481528,0.12958858241101823,0.8910524431213142,0.10894755687868585,0.04743486292152521,0.04655317422612337,0.04655317422612337,0.016233941540122032,0.0085328109562397,0.9534468257738766,0.04655317422612337,0.029815152287483215,0.0022746960166841745,417136
b1_cityscapes_val,2026-07-07 05:27:36,cityscapes,val,all,student_skd,/scratch/gautschi/manors/hf_cache/hub/models--nvidia--mit-b1/snapshots/13ddceec4e8bdf401e7cd7acf5aebc526222518c,runs/mit-b1_skd_j9200315/student_skd.ckpt,skd,img_000238,/home/manors/Guardrail-Distillation/data/cityscapes/leftImg8bit/val/frankfurt/frankfurt_000001_068208_leftImg8bit.png,,0.5019457047589726,0.4980542952410274,0.9167932271957397,0.9479908347129822,0.12000516802072525,0.13842356204986572,0.2744449973106384,0.8806255459785461,0.3676530420780182,-6.291618824005127,6.227297306060791,0.013424585573375225,0.07114224880933762,459530,4.367565499705961,7.405520250358677,16.279587000099127,0.415819840919908,0.584180159080092,126850,0.2685141133138951,0.7314858866861049,6318,0.14062635600566864,0.0014360214117914438,14.693164500386047,0.06049729511141777,0.9395027048885822,0.23817963898181915,0.36382561922073364,0.058785952627658844,0.5146922469139099,0.4853077530860901,0.5531549453735352,0.5981246829032898,0.31164976954460144,0.5146922469139099,0.4853077530860901,0.5146922469139099,0.4853077530860901,0.6331337581527716,0.3668662418472284,0.9455029368400574,0.8582226680271896,0.1417773319728104,0.4424028271072816,0.5050140432765756,0.4949859567234244,0.23649992996268054,0.13118805339379902,0.13118805339379902,0.041220374405384064,0.012510607950389385,0.868811946606201,0.13118805339379902,0.057273734360933304,0.010443278588354588,389667
b1_cityscapes_val,2026-07-07 05:27:36,cityscapes,val,all,student_skd,/scratch/gautschi/manors/hf_cache/hub/models--nvidia--mit-b1/snapshots/13ddceec4e8bdf401e7cd7acf5aebc526222518c,runs/mit-b1_skd_j9200315/student_skd.ckpt,skd,img_000239,/home/manors/Guardrail-Distillation/data/cityscapes/leftImg8bit/val/frankfurt/frankfurt_000001_068682_leftImg8bit.png,,0.6449605237837716,0.35503947621622844,0.9267116785049438,0.9605326056480408,0.10404553264379501,0.09992729872465134,0.22583864629268646,0.9135432243347168,0.2537333071231842,-6.846000671386719,6.7978081703186035,0.006518848706036806,0.05203167349100113,461738,4.367565499705961,7.405520250358677,16.279587000099127,0.9638024888543871,0.03619751114561287,126850,0.825285433505069,0.174714566494931,11688,0.10116507858037949,0.000784453353844583,14.693164500386047,0.044084008783102036,0.955915991216898,0.18735024333000183,0.3000966012477875,0.04311371222138405,0.5107767581939697,0.4892232418060303,0.5399341583251953,0.5723143815994263,0.2860125005245209,0.5107767581939697,0.4892232418060303,0.5107767581939697,0.4892232418060303,0.7656522604333333,0.23434773956666666,0.956620454788208,0.9922481980495352,0.007751801950464765,0.028445709195148106,0.89293083872588,0.10706916127412003,0.06764540522081097,0.12069173664956179,0.12069173664956179,0.04448843374848366,0.014579696580767632,0.8793082633504382,0.12069173664956179,0.063334621489048,0.013817359693348408,405797
b1_cityscapes_val,2026-07-07 05:27:36,cityscapes,val,all,student_skd,/scratch/gautschi/manors/hf_cache/hub/models--nvidia--mit-b1/snapshots/13ddceec4e8bdf401e7cd7acf5aebc526222518c,runs/mit-b1_skd_j9200315/student_skd.ckpt,skd,img_000240,/home/manors/Guardrail-Distillation/data/cityscapes/leftImg8bit/val/frankfurt/frankfurt_000001_068772_leftImg8bit.png,,0.5824322096912826,0.4175677903087174,0.9578533172607422,0.9773533940315247,0.07991251349449158,0.060455359518527985,0.18137957155704498,0.9427419304847717,0.18648628890514374,-6.865659236907959,6.838170051574707,0.0037378105334937572,0.028788581490516663,456952,4.355767000561173,7.413199999973585,16.25441049964138,0.708181427339378,0.29181857266062206,125900,0.37628195187152774,0.6237180481284723,62945,0.061470624059438705,0.0006446318002417684,14.689812749566045,0.0321463868021965,0.9678536131978035,0.10613695532083511,0.25443533062934875,0.03342313691973686,0.5083550214767456,0.4916449785232544,0.5256047248840332,0.5602368712425232,0.28074055910110474,0.5083550214767456,0.4916449785232544,0.5083550214767456,0.4916449785232544,0.5444450694798199,0.45555493052018015,0.9617268443107605,0.7163861201411603,0.2836138798588397,0.008204692801782376,0.322293126111546,0.677706873888454,0.0,0.0,0.0,0.012839422561228275,0.0089659309014678,1.0,0.0,0.025287119671702385,0.0012036275584250689,425751
b1_cityscapes_val,2026-07-07 05:27:36,cityscapes,val,all,student_skd,/scratch/gautschi/manors/hf_cache/hub/models--nvidia--mit-b1/snapshots/13ddceec4e8bdf401e7cd7acf5aebc526222518c,runs/mit-b1_skd_j9200315/student_skd.ckpt,skd,img_000241,/home/manors/Guardrail-Distillation/data/cityscapes/leftImg8bit/val/frankfurt/frankfurt_000001_069633_leftImg8bit.png,,0.6399235465616953,0.36007645343830474,0.9559563994407654,0.9698538184165955,0.09460808336734772,0.079075887799263,0.21429014205932617,0.9307234287261963,0.2169543355703354,-6.662662506103516,6.625442981719971,0.008196284994482994,0.04031524062156677,450326,4.355767000561173,7.413199999973585,16.25441049964138,0.4995664170279858,0.5004335829720141,126850,0.5288358049213345,0.47116419507866547,43914,0.08034561574459076,0.0008515224908478558,14.689812749566045,0.03375600650906563,0.9662439934909344,0.12471569329500198,0.2486601173877716,0.030313856899738312,0.5075778961181641,0.49242210388183594,0.5269955992698669,0.5584626197814941,0.2571250796318054,0.5075778961181641,0.49242210388183594,0.5075778961181641,0.49242210388183594,0.686577307252869,0.31342269274713097,0.9663844108581543,0.818024064592924,0.18197593540707602,0.3184576475649381,0.5439283632709115,0.45607163672908846,0.015092558349577012,0.04665376069117377,0.04665376069117377,0.017649436369538307,0.007221435662358999,0.9533462393088262,0.04665376069117377,0.027202516794204712,0.002518175868317485,410249
b1_cityscapes_val,2026-07-07 05:27:36,cityscapes,val,all,student_skd,/scratch/gautschi/manors/hf_cache/hub/models--nvidia--mit-b1/snapshots/13ddceec4e8bdf401e7cd7acf5aebc526222518c,runs/mit-b1_skd_j9200315/student_skd.ckpt,skd,img_000242,/home/manors/Guardrail-Distillation/data/cityscapes/leftImg8bit/val/frankfurt/frankfurt_000001_070099_leftImg8bit.png,,0.7589577906174558,0.24104220938254417,0.9417588114738464,0.9625093340873718,0.10308830440044403,0.09701480716466904,0.22920913994312286,0.9156414270401001,0.25493404269218445,-6.786037445068359,6.739992141723633,0.008282178081572056,0.05007786676287651,387217,4.355767000561173,7.413199999973585,16.25441049964138,0.9079545682303192,0.09204543176968083,84748,0.9615572869084394,0.038442713091560554,85194,0.09862609207630157,0.0009676652261987329,14.689812749566045,0.041007980704307556,0.9589920192956924,0.15313996374607086,0.29424336552619934,0.026741458103060722,0.5066849589347839,0.49331504106521606,0.5271999835968018,0.558398425579071,0.3044792413711548,0.5066849589347839,0.49331504106521606,0.5066849589347839,0.49331504106521606,0.7248775362875539,0.2751224637124461,0.951711893081665,0.9219740046346272,0.0780259953653728,0.014019436404308028,0.9656676286606728,0.034332371339327206,0.0041103417522333485,0.0,0.0,0.02214004099369049,0.01218696590512991,1.0,0.0,0.0387999527156353,0.0023681812454015017,343823
b1_cityscapes_val,2026-07-07 05:27:36,cityscapes,val,all,student_skd,/scratch/gautschi/manors/hf_cache/hub/models--nvidia--mit-b1/snapshots/13ddceec4e8bdf401e7cd7acf5aebc526222518c,runs/mit-b1_skd_j9200315/student_skd.ckpt,skd,img_000243,/home/manors/Guardrail-Distillation/data/cityscapes/leftImg8bit/val/frankfurt/frankfurt_000001_071288_leftImg8bit.png,,0.5782457841473045,0.42175421585269546,0.965990424156189,0.9726278185844421,0.08618864417076111,0.0708686113357544,0.18737508356571198,0.9352422952651978,0.19888019561767578,-7.301085472106934,7.268000602722168,0.004151913803070784,0.03415233641862869,448227,4.355767000561173,7.413199999973585,16.25441049964138,0.40885701498608673,0.5911429850139133,115503,0.49140252968174275,0.5085974703182572,46409,0.07189547270536423,0.0007275935495272279,14.689812749566045,0.0323941744863987,0.9676058255136013,0.1143479198217392,0.23632077872753143,0.021101810038089752,0.5052752494812012,0.49472475051879883,0.5196260809898376,0.5473235249519348,0.2953858971595764,0.5052752494812012,0.49472475051879883,0.5052752494812012,0.49472475051879883,0.673189676953129,0.32681032304687097,0.9779397249221802,0.6725770802681981,0.32742291973180193,0.26372006528211134,0.49089596621272197,0.5091040337872781,0.0,0.09494389280582449,0.09494389280582449,0.017192181199789047,0.005242879036813974,0.9050561071941755,0.09494389280582449,0.023126672953367233,0.0015349364839494228,410928
b1_cityscapes_val,2026-07-07 05:27:36,cityscapes,val,all,student_skd,/scratch/gautschi/manors/hf_cache/hub/models--nvidia--mit-b1/snapshots/13ddceec4e8bdf401e7cd7acf5aebc526222518c,runs/mit-b1_skd_j9200315/student_skd.ckpt,skd,img_000244,/home/manors/Guardrail-Distillation/data/cityscapes/leftImg8bit/val/frankfurt/frankfurt_000001_071781_leftImg8bit.png,,0.6646189476087164,0.3353810523912836,0.9576925039291382,0.9668000340461731,0.09470348060131073,0.08692137897014618,0.20927175879478455,0.921951413154602,0.2380830943584442,-6.898615837097168,6.858388900756836,0.00522797042503953,0.04229019954800606,463086,4.3603757503660745,7.40738224976667,16.245673000412353,1.0,0.0,126850,0.48269954739647225,0.5173004526035277,23956,0.08828909695148468,0.0008123377920128405,14.688703250612889,0.03744090721011162,0.9625590927898884,0.14445000886917114,0.2582940459251404,0.02922823652625084,0.5073065757751465,0.4926934242248535,0.5281700491905212,0.5536141991615295,0.2753508687019348,0.5073065757751465,0.4926934242248535,0.5073065757751465,0.4926934242248535,0.71478465401869,0.28521534598131004,0.9636417031288147,1.0,0.0,0.0,0.8147796772220444,0.18522032277795564,0.3320801298255721,0.05016570640997353,0.05016570640997353,0.01546796876937151,0.009518750011920929,0.9498342935900265,0.05016570640997353,0.026638679206371307,0.001163930632174015,416459
b1_cityscapes_val,2026-07-07 05:27:36,cityscapes,val,all,student_skd,/scratch/gautschi/manors/hf_cache/hub/models--nvidia--mit-b1/snapshots/13ddceec4e8bdf401e7cd7acf5aebc526222518c,runs/mit-b1_skd_j9200315/student_skd.ckpt,skd,img_000245,/home/manors/Guardrail-Distillation/data/cityscapes/leftImg8bit/val/frankfurt/frankfurt_000001_072155_leftImg8bit.png,,0.5151698610954546,0.4848301389045454,0.9436290264129639,0.9662197828292847,0.09763839840888977,0.0904654860496521,0.22116470336914062,0.9166995882987976,0.26675480604171753,-6.916330814361572,6.874993801116943,0.0070809111930429935,0.04468897730112076,437938,4.3603757503660745,7.40738224976667,16.245673000412353,0.9964769487567077,0.00352305124329233,110491,0.4960951912433895,0.5039048087566105,16560,0.09203418344259262,0.0008805276593193412,14.688703250612889,0.04318084567785263,0.9568191543221474,0.16051197052001953,0.2798566520214081,0.03440743312239647,0.5086010098457336,0.49139899015426636,0.5344626307487488,0.5623841881752014,0.308467298746109,0.5086010098457336,0.49139899015426636,0.5086010098457336,0.49139899015426636,0.5932374983524848,0.40676250164751515,0.9559960961341858,0.6661499610404898,0.33385003895951015,0.0,0.6129078454403109,0.38709215455968915,0.11681265419692133,0.07806763725703025,0.07806763725703025,0.02114226296544075,0.008775214664638042,0.9219323627429697,0.07806763725703025,0.032659877091646194,0.0024569688830524683,393868
b1_cityscapes_val,2026-07-07 05:27:36,cityscapes,val,all,student_skd,/scratch/gautschi/manors/hf_cache/hub/models--nvidia--mit-b1/snapshots/13ddceec4e8bdf401e7cd7acf5aebc526222518c,runs/mit-b1_skd_j9200315/student_skd.ckpt,skd,img_000246,/home/manors/Guardrail-Distillation/data/cityscapes/leftImg8bit/val/frankfurt/frankfurt_000001_072295_leftImg8bit.png,,0.5589742395539875,0.4410257604460125,0.9181706309318542,0.9697145819664001,0.09035222977399826,0.07796315848827362,0.1956315040588379,0.9282591938972473,0.22302699089050293,-6.664530277252197,6.62797737121582,0.00408836780115962,0.03830058127641678,435137,4.3603757503660745,7.40738224976667,16.245673000412353,0.2979786352334469,0.7020213647665531,109254,0.9880547425045487,0.011945257495451278,25282,0.07920896261930466,0.0007202986162155867,14.688703250612889,0.03780808299779892,0.9621919170022011,0.1396135538816452,0.2758021652698517,0.031849466264247894,0.5079616904258728,0.4920383095741272,0.5318390130996704,0.5578062534332275,0.2973783612251282,0.5079616904258728,0.4920383095741272,0.5079616904258728,0.4920383095741272,0.6434589757379547,0.35654102426204526,0.931941032409668,0.23847851580039287,0.7615214841996072,0.0,0.9830314057432166,0.01696859425678343,0.0,0.08448473618396724,0.08448473618396724,0.020490098744630814,0.006719722878187895,0.9155152638160328,0.08448473618396724,0.03156247362494469,0.004646812565624714,394101
b1_cityscapes_val,2026-07-07 05:27:36,cityscapes,val,all,student_skd,/scratch/gautschi/manors/hf_cache/hub/models--nvidia--mit-b1/snapshots/13ddceec4e8bdf401e7cd7acf5aebc526222518c,runs/mit-b1_skd_j9200315/student_skd.ckpt,skd,img_000247,/home/manors/Guardrail-Distillation/data/cityscapes/leftImg8bit/val/frankfurt/frankfurt_000001_073088_leftImg8bit.png,,0.5958520698491799,0.40414793015082007,0.8968358635902405,0.9347323775291443,0.13583537936210632,0.17052030563354492,0.3124547600746155,0.8641865253448486,0.40118128061294556,-6.522382736206055,6.440430641174316,0.02056177146732807,0.0925871804356575,379977,4.3603757503660745,7.40738224976667,16.245673000412353,1.0,0.0,126850,0.8560774828802993,0.14392251711970072,10054,0.17345872521400452,0.0021741362288594246,14.688703250612889,0.08280772715806961,0.9171922728419304,0.33068743348121643,0.45195847749710083,0.09713200479745865,0.5242639780044556,0.47573602199554443,0.5897507667541504,0.6396430134773254,0.3262864947319031,0.5242639780044556,0.47573602199554443,0.5242639780044556,0.47573602199554443,0.6142156378953676,0.3857843621046324,0.9122762680053711,1.0,0.0,0.0,0.619350454345406,0.38064954565459397,0.0,0.01836356804618766,0.01836356804618766,0.04184726998209953,0.02640686184167862,0.9816364319538123,0.01836356804618766,0.08665261417627335,0.0051924195140600204,308099
b1_cityscapes_val,2026-07-07 05:27:36,cityscapes,val,all,student_skd,/scratch/gautschi/manors/hf_cache/hub/models--nvidia--mit-b1/snapshots/13ddceec4e8bdf401e7cd7acf5aebc526222518c,runs/mit-b1_skd_j9200315/student_skd.ckpt,skd,img_000248,/home/manors/Guardrail-Distillation/data/cityscapes/leftImg8bit/val/frankfurt/frankfurt_000001_073243_leftImg8bit.png,,0.35154013408167634,0.6484598659183236,0.9543970823287964,0.9726670980453491,0.08634757250547409,0.06923927366733551,0.18431149423122406,0.936786949634552,0.19270777702331543,-7.290858745574951,7.2578535079956055,0.0033552946988493204,0.034836359322071075,466725,4.401498250445002,7.414862750010798,16.260826500001713,1.0,0.0,126850,0.2483522251604587,0.7516477748395413,75307,0.07032594084739685,0.0005789438728243113,14.69444750000548,0.028322353959083557,0.9716776460409164,0.08733756840229034,0.21803556382656097,0.015027527697384357,0.5037568211555481,0.4962431788444519,0.5163360834121704,0.5372124314308167,0.2976554334163666,0.5037568211555481,0.4962431788444519,0.5037568211555481,0.4962431788444519,0.35229849559533355,0.6477015044046665,0.9560211896896362,1.0,0.0,0.0,0.2469417843244033,0.7530582156755967,0.0,0.0007583615136571575,0.0007583615136571575,0.010625099763274193,0.009001017548143864,0.9992416384863428,0.0007583615136571575,0.027221595868468285,0.0003942364128306508,427580
b1_cityscapes_val,2026-07-07 05:27:36,cityscapes,val,all,student_skd,/scratch/gautschi/manors/hf_cache/hub/models--nvidia--mit-b1/snapshots/13ddceec4e8bdf401e7cd7acf5aebc526222518c,runs/mit-b1_skd_j9200315/student_skd.ckpt,skd,img_000249,/home/manors/Guardrail-Distillation/data/cityscapes/leftImg8bit/val/frankfurt/frankfurt_000001_073464_leftImg8bit.png,,0.4934952627565934,0.5065047372434066,0.9536292552947998,0.9695335626602173,0.09616903215646744,0.07837256789207458,0.21628475189208984,0.9313381314277649,0.2135675549507141,-7.248974323272705,7.211119174957275,0.00799607578665018,0.04171574115753174,462727,4.401498250445002,7.414862750010798,16.260826500001713,0.849604852538475,0.15039514746152505,126850,0.4637048134872309,0.5362951865127691,86517,0.07969237118959427,0.0008755340822972357,14.69444750000548,0.030640482902526855,0.9693595170974731,0.09153357893228531,0.22431576251983643,0.02194477617740631,0.5054859519004822,0.4945140480995178,0.5188354849815369,0.5462649464607239,0.2808105945587158,0.5054859519004822,0.4945140480995178,0.5054859519004822,0.4945140480995178,0.5794556594098761,0.4205443405901239,0.9628376960754395,0.8699534501356082,0.1300465498643918,0.020348597597133256,0.6258438358409193,0.3741561641590807,0.16213902235368838,0.0859603966532827,0.0859603966532827,0.017113763839006424,0.007905309088528156,0.9140396033467173,0.0859603966532827,0.031065834686160088,0.0016013762215152383,421500
b1_cityscapes_val,2026-07-07 05:27:36,cityscapes,val,all,student_skd,/scratch/gautschi/manors/hf_cache/hub/models--nvidia--mit-b1/snapshots/13ddceec4e8bdf401e7cd7acf5aebc526222518c,runs/mit-b1_skd_j9200315/student_skd.ckpt,skd,img_000250,/home/manors/Guardrail-Distillation/data/cityscapes/leftImg8bit/val/frankfurt/frankfurt_000001_073911_leftImg8bit.png,,0.5635937398169958,0.4364062601830042,0.9487292170524597,0.9727205634117126,0.08586364984512329,0.07295173406600952,0.19367475807666779,0.9323915243148804,0.2159331887960434,-6.551959037780762,6.519054412841797,0.003942909650504589,0.03414672240614891,463617,4.401498250445002,7.414862750010798,16.260826500001713,1.0,0.0,126850,0.48254296176166045,0.5174570382383396,24801,0.07455451786518097,0.0008841280359774828,14.69444750000548,0.03416229784488678,0.9658377021551132,0.12695306539535522,0.24564719200134277,0.02880738489329815,0.5072013139724731,0.49279868602752686,0.5292748808860779,0.5565798282623291,0.26360607147216797,0.5072013139724731,0.49279868602752686,0.5072013139724731,0.49279868602752686,0.7485128254416982,0.25148717455830183,0.9603552222251892,1.0,0.0,0.0,0.8876124187076929,0.11238758129230708,0.40506945694603247,0.18491908562470238,0.18491908562470238,0.01846783049404621,0.0068418546579778194,0.8150809143752976,0.18491908562470238,0.027522718533873558,0.0031167969573289156,424572
b1_cityscapes_val,2026-07-07 05:27:37,cityscapes,val,all,student_skd,/scratch/gautschi/manors/hf_cache/hub/models--nvidia--mit-b1/snapshots/13ddceec4e8bdf401e7cd7acf5aebc526222518c,runs/mit-b1_skd_j9200315/student_skd.ckpt,skd,img_000251,/home/manors/Guardrail-Distillation/data/cityscapes/leftImg8bit/val/frankfurt/frankfurt_000001_075296_leftImg8bit.png,,0.5807393728894096,0.4192606271105904,0.9597064852714539,0.9703124165534973,0.09009626507759094,0.07783635705709457,0.19913971424102783,0.928991436958313,0.22063349187374115,-6.90913724899292,6.873151779174805,0.005192082840949297,0.03740160912275314,451264,4.401498250445002,7.414862750010798,16.260826500001713,0.986920426690123,0.013079573309876968,126850,0.5639444354282583,0.43605556457174166,34750,0.07906357944011688,0.0007220281404443085,14.69444750000548,0.03331395238637924,0.9666860476136208,0.12227344512939453,0.23660048842430115,0.029739676043391228,0.5074343681335449,0.4925656318664551,0.526897132396698,0.5526635050773621,0.2664955258369446,0.5074343681335449,0.4925656318664551,0.5074343681335449,0.4925656318664551,0.6812841362211148,0.31871586377888517,0.9691932201385498,0.9621721080938146,0.03782789190618541,0.0,0.773754259757657,0.226245740242343,0.20980982432939865,0.10054476333170526,0.10054476333170526,0.01763269305229187,0.008146007545292377,0.8994552366682947,0.10054476333170526,0.027079492807388306,0.0016110303113237023,410736
b1_cityscapes_val,2026-07-07 05:27:37,cityscapes,val,all,student_skd,/scratch/gautschi/manors/hf_cache/hub/models--nvidia--mit-b1/snapshots/13ddceec4e8bdf401e7cd7acf5aebc526222518c,runs/mit-b1_skd_j9200315/student_skd.ckpt,skd,img_000252,/home/manors/Guardrail-Distillation/data/cityscapes/leftImg8bit/val/frankfurt/frankfurt_000001_075984_leftImg8bit.png,,0.4869949600715381,0.5130050399284619,0.934066891670227,0.9504947662353516,0.11787499487400055,0.1208079531788826,0.2533333897590637,0.8986782431602478,0.2921777665615082,-5.983371734619141,5.922276020050049,0.007664439734071493,0.07175146043300629,432256,4.359449749244959,7.414585499645909,16.25632349987427,0.8447720883299347,0.15522791167006533,119869,0.34573293062742677,0.6542670693725732,88547,0.12260819226503372,0.0011975078377872705,14.67784050055343,0.05734136328101158,0.9426586367189884,0.23897698521614075,0.3489106297492981,0.05972061678767204,0.5149257183074951,0.4850742816925049,0.5596781373023987,0.5917078256607056,0.3176514506340027,0.5149257183074951,0.4850742816925049,0.5149257183074951,0.4850742816925049,0.522660329046315,0.477339670953685,0.9490441083908081,0.9376450018764547,0.06235499812354528,0.09287291354652005,0.33090238395300603,0.6690976160469939,0.0,0.0356653689747769,0.0356653689747769,0.036073531955480576,0.02109629474580288,0.9643346310252231,0.0356653689747769,0.06383717060089111,0.004830470774322748,368762
b1_cityscapes_val,2026-07-07 05:27:37,cityscapes,val,all,student_skd,/scratch/gautschi/manors/hf_cache/hub/models--nvidia--mit-b1/snapshots/13ddceec4e8bdf401e7cd7acf5aebc526222518c,runs/mit-b1_skd_j9200315/student_skd.ckpt,skd,img_000253,/home/manors/Guardrail-Distillation/data/cityscapes/leftImg8bit/val/frankfurt/frankfurt_000001_076502_leftImg8bit.png,,0.6023072697174118,0.3976927302825882,0.9373929500579834,0.9572955369949341,0.1082080602645874,0.1116606667637825,0.24194814264774323,0.9035154581069946,0.29215362668037415,-6.592441558837891,6.540130615234375,0.009227372705936432,0.05570198595523834,453000,4.359449749244959,7.414585499645909,16.25632349987427,0.9447482918874313,0.05525170811256874,126850,0.8517833088808677,0.14821669111913227,30634,0.11348848044872284,0.001151223317719996,14.67784050055343,0.04763814061880112,0.9523618593811989,0.18860980868339539,0.2918287217617035,0.042311593890190125,0.5105763077735901,0.4894236922264099,0.5424490571022034,0.565343976020813,0.2754366397857666,0.5105763077735901,0.4894236922264099,0.5105763077735901,0.4894236922264099,0.7164160240423527,0.2835839759576473,0.9587174654006958,0.9850432616213471,0.014956738378652856,0.040294969733915886,0.8914834898713976,0.10851651012860242,0.039700180990529854,0.11410875432494094,0.11410875432494094,0.031116997823119164,0.009792494587600231,0.8858912456750591,0.11410875432494094,0.04415452480316162,0.003350993385538459,394437
b1_cityscapes_val,2026-07-07 05:27:37,cityscapes,val,all,student_skd,/scratch/gautschi/manors/hf_cache/hub/models--nvidia--mit-b1/snapshots/13ddceec4e8bdf401e7cd7acf5aebc526222518c,runs/mit-b1_skd_j9200315/student_skd.ckpt,skd,img_000254,/home/manors/Guardrail-Distillation/data/cityscapes/leftImg8bit/val/frankfurt/frankfurt_000001_077092_leftImg8bit.png,,0.39617801675056263,0.6038219832494374,0.9544238448143005,0.9651435017585754,0.09676969051361084,0.08837311714887619,0.20673389732837677,0.9218186736106873,0.2316712588071823,-6.825768947601318,6.783554553985596,0.0048552923835814,0.045143842697143555,462588,4.359449749244959,7.414585499645909,16.25632349987427,0.8408512032755207,0.15914879672447935,126850,0.36317721264910807,0.6368227873508919,75617,0.08957256376743317,0.0007188474992290139,14.67784050055343,0.03861107677221298,0.961388923227787,0.15781544148921967,0.2751987874507904,0.028379322960972786,0.5070943236351013,0.4929056763648987,0.5318319797515869,0.5548592209815979,0.2868511974811554,0.5070943236351013,0.4929056763648987,0.5070943236351013,0.4929056763648987,0.44472553463442693,0.555274465365573,0.9632978439331055,0.8522994142226579,0.14770058577734213,0.011448210947137216,0.40353120780934626,0.5964687921906537,0.04035399516023819,0.048547517883864355,0.048547517883864355,0.016971906647086143,0.008097918704152107,0.9514524821161356,0.048547517883864355,0.02782389521598816,0.0006550105172209442,413732
b1_cityscapes_val,2026-07-07 05:27:37,cityscapes,val,all,student_skd,/scratch/gautschi/manors/hf_cache/hub/models--nvidia--mit-b1/snapshots/13ddceec4e8bdf401e7cd7acf5aebc526222518c,runs/mit-b1_skd_j9200315/student_skd.ckpt,skd,img_000255,/home/manors/Guardrail-Distillation/data/cityscapes/leftImg8bit/val/frankfurt/frankfurt_000001_077233_leftImg8bit.png,,0.5095645031198,0.49043549688020005,0.9586242437362671,0.9706737399101257,0.09005589038133621,0.07810162752866745,0.20385615527629852,0.9296011328697205,0.21965251863002777,-6.575901031494141,6.540268421173096,0.005171165335923433,0.03764011710882187,462565,4.359449749244959,7.414585499645909,16.25632349987427,0.9543279826185649,0.045672017381435115,126850,0.44960596770643113,0.5503940322935689,71999,0.07933883368968964,0.0008654999546706676,14.67784050055343,0.037426337599754333,0.9625736624002457,0.13640055060386658,0.2728048861026764,0.03725745901465416,0.5093132853507996,0.49068671464920044,0.5311177372932434,0.5633619427680969,0.2719588577747345,0.5093132853507996,0.49068671464920044,0.5093132853507996,0.49068671464920044,0.6789630718520756,0.3210369281479244,0.969452977180481,0.9582194630374337,0.04178053696256634,0.0038914804188687757,0.5466123179858285,0.45338768201417146,0.09700635027939741,0.16939856873227566,0.16939856873227566,0.01635662093758583,0.005527872126549482,0.8306014312677243,0.16939856873227566,0.023010822013020515,0.0016365268966183066,421960
b1_cityscapes_val,2026-07-07 05:27:37,cityscapes,val,all,student_skd,/scratch/gautschi/manors/hf_cache/hub/models--nvidia--mit-b1/snapshots/13ddceec4e8bdf401e7cd7acf5aebc526222518c,runs/mit-b1_skd_j9200315/student_skd.ckpt,skd,img_000256,/home/manors/Guardrail-Distillation/data/cityscapes/leftImg8bit/val/frankfurt/frankfurt_000001_077434_leftImg8bit.png,,0.5338475153209153,0.46615248467908466,0.9437838792800903,0.9577905535697937,0.10822270810604095,0.11359402537345886,0.2509288787841797,0.901932954788208,0.30491822957992554,-6.299739837646484,6.247876167297363,0.01021489966660738,0.054464295506477356,439554,4.353678749794199,7.415389000016148,16.264680250060337,0.6643744513449334,0.33562554865506655,126850,0.5105804418807071,0.48941955811929294,41664,0.11573565006256104,0.0012027963530272245,14.68165799997223,0.054661329835653305,0.9453386701643467,0.2211993932723999,0.3344759941101074,0.05890253931283951,0.5147213935852051,0.4852786064147949,0.5575121641159058,0.5837705135345459,0.27282464504241943,0.5147213935852051,0.4852786064147949,0.5147213935852051,0.4852786064147949,0.6656693032859337,0.33433069671406634,0.965453565120697,0.8647877744846557,0.1352122255153443,0.20041332313972227,0.6853936077861591,0.3146063922138409,0.17481316590545204,0.1318217879650183,0.1318217879650183,0.030767548829317093,0.00909785833209753,0.8681782120349817,0.1318217879650183,0.04404691979289055,0.010310450568795204,383121
b1_cityscapes_val,2026-07-07 05:27:37,cityscapes,val,all,student_skd,/scratch/gautschi/manors/hf_cache/hub/models--nvidia--mit-b1/snapshots/13ddceec4e8bdf401e7cd7acf5aebc526222518c,runs/mit-b1_skd_j9200315/student_skd.ckpt,skd,img_000257,/home/manors/Guardrail-Distillation/data/cityscapes/leftImg8bit/val/frankfurt/frankfurt_000001_078803_leftImg8bit.png,,0.4951767737085019,0.5048232262914981,0.8460416197776794,0.9331768155097961,0.13345739245414734,0.1704348921775818,0.2951355576515198,0.8603911399841309,0.41128215193748474,-6.0956597328186035,6.012930870056152,0.016171762719750404,0.09435436874628067,445406,4.353678749794199,7.415389000016148,16.264680250060337,0.6628148488688095,0.3371851511311905,126091,0.6042434815384794,0.3957565184615206,12896,0.17316834628582,0.0022979548666626215,14.68165799997223,0.09697974473237991,0.9030202552676201,0.3818913996219635,0.45980677008628845,0.10500869899988174,0.5262280702590942,0.47377192974090576,0.6045290231704712,0.6343691349029541,0.314448744058609,0.5262280702590942,0.47377192974090576,0.5262280702590942,0.47377192974090576,0.599583414078308,0.40041658592169205,0.9299111366271973,0.9761323851688677,0.02386761483113231,0.3133175363000582,0.8378611933483571,0.16213880665164293,0.23361771180987767,0.10440664036980607,0.10440664036980607,0.10254913568496704,0.018679587170481682,0.8955933596301939,0.10440664036980607,0.13333453238010406,0.022837592288851738,355798
b1_cityscapes_val,2026-07-07 05:27:37,cityscapes,val,all,student_skd,/scratch/gautschi/manors/hf_cache/hub/models--nvidia--mit-b1/snapshots/13ddceec4e8bdf401e7cd7acf5aebc526222518c,runs/mit-b1_skd_j9200315/student_skd.ckpt,skd,img_000258,/home/manors/Guardrail-Distillation/data/cityscapes/leftImg8bit/val/frankfurt/frankfurt_000001_079206_leftImg8bit.png,,0.5495947231515116,0.4504052768484884,0.9166953563690186,0.9540503621101379,0.11883725225925446,0.11899139732122421,0.27452078461647034,0.9051904082298279,0.2805866003036499,-6.773227691650391,6.715369701385498,0.014764377847313881,0.06717057526111603,456301,4.353678749794199,7.415389000016148,16.264680250060337,0.9717854079382294,0.02821459206177057,126850,0.6720236201812462,0.3279763798187538,26201,0.12084838002920151,0.001325454330071807,14.68165799997223,0.04663122817873955,0.9533687718212605,0.19809751212596893,0.3339059352874756,0.041448235511779785,0.510360598564148,0.48963940143585205,0.5417176485061646,0.5772162675857544,0.2813161015510559,0.510360598564148,0.48963940143585205,0.510360598564148,0.48963940143585205,0.5889944102900166,0.41100558970998335,0.9294150471687317,0.9721318759852822,0.027868124014717832,0.00034646804705273926,0.6677182162860764,0.3322817837139236,0.0,0.03939968713850506,0.03939968713850506,0.024372071027755737,0.011652396991848946,0.9606003128614949,0.03939968713850506,0.048807695508003235,0.002099491422995925,396236
b1_cityscapes_val,2026-07-07 05:27:37,cityscapes,val,all,student_skd,/scratch/gautschi/manors/hf_cache/hub/models--nvidia--mit-b1/snapshots/13ddceec4e8bdf401e7cd7acf5aebc526222518c,runs/mit-b1_skd_j9200315/student_skd.ckpt,skd,img_000259,/home/manors/Guardrail-Distillation/data/cityscapes/leftImg8bit/val/frankfurt/frankfurt_000001_080091_leftImg8bit.png,,0.5527569508074957,0.44724304919250435,0.9434037208557129,0.9703474640846252,0.09235852211713791,0.07703851163387299,0.20579716563224792,0.9315218925476074,0.21056756377220154,-6.849798202514648,6.813450336456299,0.006181398406624794,0.0389084666967392,465914,4.353678749794199,7.415389000016148,16.264680250060337,0.5809958676744087,0.4190041323255913,126850,0.5092721585986463,0.4907278414013537,112856,0.07815766334533691,0.0007200819673016667,14.68165799997223,0.03190774843096733,0.9680922515690327,0.10861624777317047,0.23560388386249542,0.03056212328374386,0.5076399445533752,0.49236005544662476,0.527275025844574,0.5556511282920837,0.2863166928291321,0.5076399445533752,0.49236005544662476,0.5076399445533752,0.49236005544662476,0.6070307977317884,0.39296920226821164,0.9652467966079712,0.857476922962325,0.14252307703767497,0.27648105528791633,0.5680330104959229,0.4319669895040771,0.058760851897276645,0.05427384692429271,0.05427384692429271,0.025805192068219185,0.003962104674428701,0.9457261530757073,0.05427384692429271,0.0339912511408329,0.0036787905264645815,424840
b1_cityscapes_val,2026-07-07 05:27:37,cityscapes,val,all,student_skd,/scratch/gautschi/manors/hf_cache/hub/models--nvidia--mit-b1/snapshots/13ddceec4e8bdf401e7cd7acf5aebc526222518c,runs/mit-b1_skd_j9200315/student_skd.ckpt,skd,img_000260,/home/manors/Guardrail-Distillation/data/cityscapes/leftImg8bit/val/frankfurt/frankfurt_000001_080391_leftImg8bit.png,,0.5041446901039511,0.49585530989604887,0.9219990968704224,0.9589596390724182,0.11388732492923737,0.10618025064468384,0.2633545398712158,0.9146837592124939,0.2571220397949219,-6.862871170043945,6.811033248901367,0.013896285556256771,0.05992773175239563,452495,4.351165249318001,7.404772250083624,16.246384249825496,0.3606319708729864,0.6393680291270136,126462,0.8894070444497655,0.11059295555023452,39527,0.1075807586312294,0.0010595774510875344,14.688595749248634,0.044984184205532074,0.9550158157944679,0.20370028913021088,0.33031654357910156,0.042400822043418884,0.5105985999107361,0.4894014000892639,0.5454298257827759,0.5850460529327393,0.2896419167518616,0.5105985999107361,0.4894014000892639,0.5105985999107361,0.4894014000892639,0.5470466367384103,0.45295336326158975,0.9362490177154541,0.41962746229619197,0.580372537703808,0.05899549142320559,0.8854203328258742,0.11457966717412582,0.0,0.04290194663445912,0.04290194663445912,0.028033457696437836,0.01378357782959938,0.9570980533655409,0.04290194663445912,0.05224588140845299,0.0042762900702655315,398886
b1_cityscapes_val,2026-07-07 05:27:37,cityscapes,val,all,student_skd,/scratch/gautschi/manors/hf_cache/hub/models--nvidia--mit-b1/snapshots/13ddceec4e8bdf401e7cd7acf5aebc526222518c,runs/mit-b1_skd_j9200315/student_skd.ckpt,skd,img_000261,/home/manors/Guardrail-Distillation/data/cityscapes/leftImg8bit/val/frankfurt/frankfurt_000001_080830_leftImg8bit.png,,0.4644952747932783,0.5355047252067218,0.9205693602561951,0.9581593871116638,0.11147789657115936,0.10490929335355759,0.2480102777481079,0.912904679775238,0.256364643573761,-6.758213996887207,6.706114292144775,0.01023945864289999,0.05949437618255615,464380,4.351165249318001,7.404772250083624,16.246384249825496,0.4963001932264322,0.5036998067735678,126850,0.24540673211781205,0.754593267882188,36299,0.1064097061753273,0.001043665106408298,14.688595749248634,0.042550474405288696,0.9574495255947113,0.17175258696079254,0.28372135758399963,0.04048357531428337,0.5101194977760315,0.4898805022239685,0.5367304682731628,0.5700751543045044,0.29105910658836365,0.5101194977760315,0.4898805022239685,0.5101194977760315,0.4898805022239685,0.544957960584302,0.455042039415698,0.9378719925880432,0.6399087491530794,0.3600912508469206,0.14360855592664723,0.24644359140816846,0.7535564085918316,0.0010368592903563512,0.08046268579102378,0.08046268579102378,0.03025754727423191,0.01295490749180317,0.9195373142089762,0.08046268579102378,0.0485464483499527,0.004263749346137047,407238
b1_cityscapes_val,2026-07-07 05:27:37,cityscapes,val,all,student_skd,/scratch/gautschi/manors/hf_cache/hub/models--nvidia--mit-b1/snapshots/13ddceec4e8bdf401e7cd7acf5aebc526222518c,runs/mit-b1_skd_j9200315/student_skd.ckpt,skd,img_000262,/home/manors/Guardrail-Distillation/data/cityscapes/leftImg8bit/val/frankfurt/frankfurt_000001_082087_leftImg8bit.png,,0.4052666556893882,0.5947333443106118,0.8171878457069397,0.9202700853347778,0.14395709335803986,0.1974117010831833,0.31444263458251953,0.8438402414321899,0.4439395070075989,-5.296503067016602,5.197453022003174,0.016633184626698494,0.11859413981437683,457940,4.351165249318001,7.404772250083624,16.246384249825496,0.5276055666308148,0.4723944333691852,126850,0.24497770756302403,0.7550222924369759,23695,0.20122185349464417,0.003351780353114009,14.688595749248634,0.09243284910917282,0.9075671508908272,0.33887749910354614,0.41765785217285156,0.10970663279294968,0.5273991823196411,0.4726008176803589,0.6034340262413025,0.6280052065849304,0.312934011220932,0.5273991823196411,0.4726008176803589,0.5273991823196411,0.4726008176803589,0.531717886254007,0.46828211374599304,0.9130585193634033,0.741433890743387,0.25856610925661305,0.21382832411257213,0.3636056658763137,0.6363943341236863,0.11862795831328965,0.1264512305646187,0.1264512305646187,0.11799799650907516,0.02212735265493393,0.8735487694353813,0.1264512305646187,0.15535877645015717,0.03431890532374382,348249
b1_cityscapes_val,2026-07-07 05:27:37,cityscapes,val,all,student_skd,/scratch/gautschi/manors/hf_cache/hub/models--nvidia--mit-b1/snapshots/13ddceec4e8bdf401e7cd7acf5aebc526222518c,runs/mit-b1_skd_j9200315/student_skd.ckpt,skd,img_000263,/home/manors/Guardrail-Distillation/data/cityscapes/leftImg8bit/val/frankfurt/frankfurt_000001_082466_leftImg8bit.png,,0.5575595764734745,0.44244042352652546,0.9019935727119446,0.9697176218032837,0.0948178842663765,0.07957181334495544,0.21966120600700378,0.9316350817680359,0.2130701094865799,-6.8469038009643555,6.809507369995117,0.007400443311780691,0.040545396506786346,464837,4.351165249318001,7.404772250083624,16.246384249825496,0.9468504475209216,0.05314955247907838,126850,0.3105659074188075,0.6894340925811925,69777,0.08091418445110321,0.0008721114718355238,14.688595749248634,0.03380506858229637,0.9661949314177036,0.13012616336345673,0.24935805797576904,0.0296956654638052,0.5074234008789062,0.49257659912109375,0.5279784202575684,0.5594706535339355,0.2600594460964203,0.5074234008789062,0.49257659912109375,0.5074234008789062,0.49257659912109375,0.5823675705838797,0.41763242941612033,0.9159318208694458,0.9575021138580123,0.042497886141987684,0.010651666337090693,0.3951686348706645,0.6048313651293356,0.08460272745185693,0.02480799411040513,0.02480799411040513,0.022551991045475006,0.008613771758973598,0.9751920058895949,0.02480799411040513,0.03516286239027977,0.00285906670615077,422188
b1_cityscapes_val,2026-07-07 05:27:37,cityscapes,val,all,student_skd,/scratch/gautschi/manors/hf_cache/hub/models--nvidia--mit-b1/snapshots/13ddceec4e8bdf401e7cd7acf5aebc526222518c,runs/mit-b1_skd_j9200315/student_skd.ckpt,skd,img_000264,/home/manors/Guardrail-Distillation/data/cityscapes/leftImg8bit/val/frankfurt/frankfurt_000001_083029_leftImg8bit.png,,0.4865920484740543,0.5134079515259458,0.9285849928855896,0.9521952271461487,0.12320195138454437,0.12765248119831085,0.29656338691711426,0.9005746245384216,0.2997606694698334,-6.572309494018555,6.511373043060303,0.01929226703941822,0.0691513642668724,458111,4.376480749670009,7.4167989996567485,16.27828424989275,1.0,0.0,126850,0.40040943973110743,0.5995905602688926,4437,0.1295146495103836,0.0012350152246654034,14.708998000060092,0.055390097200870514,0.9446099027991295,0.23307852447032928,0.3857971429824829,0.050010815262794495,0.5125001072883606,0.4874998927116394,0.5520535111427307,0.5919950604438782,0.2887316048145294,0.5125001072883606,0.4874998927116394,0.5125001072883606,0.4874998927116394,0.603418211983256,0.39658178801674404,0.9451355934143066,1.0,0.0,0.0,0.7089551089393755,0.2910448910606245,0.3085456692082681,0.11682616350920172,0.11682616350920172,0.027357999235391617,0.010807424783706665,0.8831738364907983,0.11682616350920172,0.0504441075026989,0.0011132672661915421,396588
b1_cityscapes_val,2026-07-07 05:27:37,cityscapes,val,all,student_skd,/scratch/gautschi/manors/hf_cache/hub/models--nvidia--mit-b1/snapshots/13ddceec4e8bdf401e7cd7acf5aebc526222518c,runs/mit-b1_skd_j9200315/student_skd.ckpt,skd,img_000265,/home/manors/Guardrail-Distillation/data/cityscapes/leftImg8bit/val/frankfurt/frankfurt_000001_083199_leftImg8bit.png,,0.4660173020609871,0.5339826979390129,0.9459299445152283,0.9559977054595947,0.11650627851486206,0.11533655226230621,0.2749556005001068,0.9079163074493408,0.2763095796108246,-6.600151062011719,6.544650077819824,0.014428533613681793,0.06254538893699646,459922,4.376480749670009,7.4167989996567485,16.27828424989275,1.0,0.0,126850,0.2864444757430263,0.7135555242569738,16235,0.11701535433530807,0.0011727380333468318,14.708998000060092,0.044918712228536606,0.9550812877714634,0.18050484359264374,0.3156774044036865,0.03735550865530968,0.5093377828598022,0.49066221714019775,0.5384452939033508,0.5699155330657959,0.2736284136772156,0.5093377828598022,0.49066221714019775,0.5093377828598022,0.49066221714019775,0.5066677860534837,0.4933322139465163,0.9573753476142883,1.0,0.0,0.0,0.4176391755008957,0.5823608244991043,0.13119469975786946,0.0406504839924966,0.0406504839924966,0.021227512508630753,0.009782093577086926,0.9593495160075034,0.0406504839924966,0.036119166761636734,0.0008284013019874692,401762
b1_cityscapes_val,2026-07-07 05:27:37,cityscapes,val,all,student_skd,/scratch/gautschi/manors/hf_cache/hub/models--nvidia--mit-b1/snapshots/13ddceec4e8bdf401e7cd7acf5aebc526222518c,runs/mit-b1_skd_j9200315/student_skd.ckpt,skd,img_000266,/home/manors/Guardrail-Distillation/data/cityscapes/leftImg8bit/val/frankfurt/frankfurt_000001_083852_leftImg8bit.png,,0.6306498893192204,0.3693501106807796,0.9610602855682373,0.9727832078933716,0.08839135617017746,0.07201524078845978,0.20089024305343628,0.9350225925445557,0.20488327741622925,-7.0621724128723145,7.028900146484375,0.005141738336533308,0.03601939603686333,440707,4.376480749670009,7.4167989996567485,16.27828424989275,0.5895386470384133,0.4104613529615867,117183,0.4080396176222793,0.5919603823777206,50487,0.0732402428984642,0.0006536587025038898,14.708998000060092,0.03294053673744202,0.967059463262558,0.11178312450647354,0.2514793872833252,0.030751917511224747,0.5076873898506165,0.49231261014938354,0.5230647921562195,0.5569327473640442,0.28946006298065186,0.5076873898506165,0.49231261014938354,0.5076873898506165,0.49231261014938354,0.558062406082084,0.441937593917916,0.9590408205986023,0.5478234532967,0.4521765467033,0.0,0.429120718712263,0.570879281287737,0.021081101089983623,0.0,0.0,0.014181758277118206,0.016201240941882133,1.0,0.0,0.03277233988046646,0.002577676437795162,405266
b1_cityscapes_val,2026-07-07 05:27:37,cityscapes,val,all,student_skd,/scratch/gautschi/manors/hf_cache/hub/models--nvidia--mit-b1/snapshots/13ddceec4e8bdf401e7cd7acf5aebc526222518c,runs/mit-b1_skd_j9200315/student_skd.ckpt,skd,img_000267,/home/manors/Guardrail-Distillation/data/cityscapes/leftImg8bit/val/lindau/lindau_000000_000019_leftImg8bit.png,,0.49786976992911447,0.5021302300708855,0.9090374112129211,0.9665514230728149,0.0981326773762703,0.08590333163738251,0.2191101312637329,0.9271042346954346,0.21718332171440125,-7.178359031677246,7.1372575759887695,0.0065993741154670715,0.044955696910619736,492774,4.376480749670009,7.4167989996567485,16.27828424989275,0.5626767537782645,0.43732324622173546,150859,0.486505746086327,0.513494253913673,44411,0.0871267020702362,0.0007514047320000827,14.708998000060092,0.036272916942834854,0.9637270830571651,0.1306040734052658,0.2659766674041748,0.032193008810281754,0.5080475807189941,0.49195241928100586,0.5277512073516846,0.5588804483413696,0.26700180768966675,0.5080475807189941,0.49195241928100586,0.5080475807189941,0.49195241928100586,0.5505639916124265,0.44943600838757347,0.905999481678009,0.5684788049499908,0.4315211950500092,0.005802051171726275,0.48517535502018966,0.5148246449798104,0.0,0.05269422168331206,0.05269422168331206,0.011250593699514866,0.014288497157394886,0.9473057783166879,0.05269422168331206,0.03419620171189308,0.001414441503584385,443283
b1_cityscapes_val,2026-07-07 05:27:38,cityscapes,val,all,student_skd,/scratch/gautschi/manors/hf_cache/hub/models--nvidia--mit-b1/snapshots/13ddceec4e8bdf401e7cd7acf5aebc526222518c,runs/mit-b1_skd_j9200315/student_skd.ckpt,skd,img_000268,/home/manors/Guardrail-Distillation/data/cityscapes/leftImg8bit/val/lindau/lindau_000001_000019_leftImg8bit.png,,0.7139871893288334,0.2860128106711666,0.971825122833252,0.9833905100822449,0.0677160695195198,0.0407353974878788,0.13901227712631226,0.9606640934944153,0.12611530721187592,-6.410743713378906,6.390824317932129,0.0008569619967602193,0.021607540547847748,495938,4.369538749415369,7.419985749947955,16.374333000385377,0.6390735301375068,0.3609264698624932,150859,0.9209743085853415,0.07902569141465854,139173,0.04128935933113098,0.0005249095265753567,14.747646750038257,0.02469516173005104,0.975304838269949,0.05618306249380112,0.17618440091609955,0.017183993011713028,0.5042958855628967,0.49570411443710327,0.5142157077789307,0.5336125493049622,0.32411038875579834,0.5042958855628967,0.49570411443710327,0.5042958855628967,0.49570411443710327,0.6809116800174423,0.3190883199825577,0.9717424511909485,0.5629534518660443,0.4370465481339557,0.0,0.9782385888630293,0.02176141113697072,0.05726428027768782,0.0,0.0,0.013382721692323685,0.013465393334627151,1.0,0.0,0.02976985089480877,0.0037484525237232447,470639
b1_cityscapes_val,2026-07-07 05:27:38,cityscapes,val,all,student_skd,/scratch/gautschi/manors/hf_cache/hub/models--nvidia--mit-b1/snapshots/13ddceec4e8bdf401e7cd7acf5aebc526222518c,runs/mit-b1_skd_j9200315/student_skd.ckpt,skd,img_000269,/home/manors/Guardrail-Distillation/data/cityscapes/leftImg8bit/val/lindau/lindau_000002_000019_leftImg8bit.png,,0.751962880177231,0.248037119822769,0.9604399800300598,0.9743926525115967,0.08801400661468506,0.06717594712972641,0.20161233842372894,0.9422107934951782,0.17953859269618988,-6.739701271057129,6.708071708679199,0.006596361752599478,0.03459348902106285,494515,4.369538749415369,7.419985749947955,16.374333000385377,0.8776467357823698,0.12235326421763015,150859,0.8392381974482854,0.16076180255171457,35638,0.06819874793291092,0.000676638213917613,14.747646750038257,0.035275232046842575,0.9647247679531574,0.122592031955719,0.27706843614578247,0.02569979801774025,0.506424605846405,0.49357539415359497,0.5231597423553467,0.5663617253303528,0.2890492379665375,0.506424605846405,0.49357539415359497,0.506424605846405,0.49357539415359497,0.8068401448870872,0.19315985511291278,0.9733132123947144,0.9819659249452193,0.018034075054780718,0.10431918916284943,0.8887059892231695,0.11129401077683054,0.04946779177488403,0.05487726470985621,0.05487726470985621,0.017332132905721664,0.004458914045244455,0.9451227352901438,0.05487726470985621,0.025038672611117363,0.0030858516693115234,456457
b1_cityscapes_val,2026-07-07 05:27:38,cityscapes,val,all,student_skd,/scratch/gautschi/manors/hf_cache/hub/models--nvidia--mit-b1/snapshots/13ddceec4e8bdf401e7cd7acf5aebc526222518c,runs/mit-b1_skd_j9200315/student_skd.ckpt,skd,img_000270,/home/manors/Guardrail-Distillation/data/cityscapes/leftImg8bit/val/lindau/lindau_000003_000019_leftImg8bit.png,,0.5152946124836074,0.4847053875163926,0.951939046382904,0.9764758348464966,0.08217372745275497,0.060980379581451416,0.1828431338071823,0.9444751143455505,0.17416608333587646,-7.036351680755615,7.007660865783691,0.003965626936405897,0.030578820034861565,466761,4.369538749415369,7.419985749947955,16.374333000385377,0.8623064201115584,0.13769357988844155,150859,0.3766483923544229,0.6233516076455772,21406,0.061968330293893814,0.0006608864641748369,14.747646750038257,0.029720591381192207,0.9702794086188078,0.09173143655061722,0.23085632920265198,0.02002972736954689,0.505007266998291,0.494992733001709,0.5190448760986328,0.5464199781417847,0.27543216943740845,0.505007266998291,0.494992733001709,0.505007266998291,0.494992733001709,0.6428995957157525,0.3571004042842475,0.9684678316116333,0.9805777957067753,0.01942220429322472,0.11827137559521683,0.711246902538086,0.288753097461914,0.33459851018366316,0.12760498323214509,0.12760498323214509,0.022934651002287865,0.006405848078429699,0.8723950167678549,0.12760498323214509,0.032436300069093704,0.007344230078160763,433704
b1_cityscapes_val,2026-07-07 05:27:38,cityscapes,val,all,student_skd,/scratch/gautschi/manors/hf_cache/hub/models--nvidia--mit-b1/snapshots/13ddceec4e8bdf401e7cd7acf5aebc526222518c,runs/mit-b1_skd_j9200315/student_skd.ckpt,skd,img_000271,/home/manors/Guardrail-Distillation/data/cityscapes/leftImg8bit/val/lindau/lindau_000004_000019_leftImg8bit.png,,0.5506066343831608,0.4493933656168392,0.9544891119003296,0.9727309346199036,0.08812043070793152,0.07033857703208923,0.19380833208560944,0.9368444085121155,0.19315668940544128,-6.954919338226318,6.9216437339782715,0.004722304176539183,0.03562543913722038,490015,4.369538749415369,7.419985749947955,16.374333000385377,0.9605848598268277,0.03941514017317227,150859,0.8647512263489839,0.13524877365101606,22832,0.07152794301509857,0.0007288992637768388,14.747646750038257,0.03344489261507988,0.9665551073849201,0.10809537023305893,0.25604066252708435,0.026859330013394356,0.5067144632339478,0.49328553676605225,0.5232532024383545,0.5495357513427734,0.26338309049606323,0.5067144632339478,0.49328553676605225,0.5067144632339478,0.49328553676605225,0.6239985813765063,0.3760014186234937,0.9698110818862915,0.9494507263505862,0.05054927364941375,0.0,0.8831026629292221,0.11689733707077787,0.01835143658023819,0.0733919469933455,0.0733919469933455,0.02216462604701519,0.006842647213488817,0.9266080530066545,0.0733919469933455,0.031076598912477493,0.005185555201023817,449590
b1_cityscapes_val,2026-07-07 05:27:38,cityscapes,val,all,student_skd,/scratch/gautschi/manors/hf_cache/hub/models--nvidia--mit-b1/snapshots/13ddceec4e8bdf401e7cd7acf5aebc526222518c,runs/mit-b1_skd_j9200315/student_skd.ckpt,skd,img_000272,/home/manors/Guardrail-Distillation/data/cityscapes/leftImg8bit/val/lindau/lindau_000005_000019_leftImg8bit.png,,0.5381887198833862,0.46181128011661376,0.9621618986129761,0.9747072458267212,0.08627869933843613,0.06561240553855896,0.19441838562488556,0.9431201219558716,0.17335878312587738,-6.649262428283691,6.61816930770874,0.0055993120186030865,0.0329647921025753,484881,4.366463250335073,7.422571000461176,16.312059000483714,0.9375903199996314,0.06240968000036862,150859,0.5675412441611125,0.4324587558388875,32792,0.06654897332191467,0.0006256900378502905,14.72387899957539,0.026539722457528114,0.9734602775424719,0.07146740704774857,0.20291303098201752,0.021307170391082764,0.5053265690803528,0.4946734309196472,0.5187742710113525,0.5444471836090088,0.2594158351421356,0.5053265690803528,0.4946734309196472,0.5053265690803528,0.4946734309196472,0.6651684029126095,0.3348315970873905,0.9722096920013428,0.9482585845679539,0.051741415432046134,0.010668264568322483,0.8245006948792253,0.17549930512077472,0.25695945071811277,0.12697968302922324,0.12697968302922324,0.01624934747815132,0.006201521959155798,0.8730203169707768,0.12697968302922324,0.02372128516435623,0.001887061051093042,448443
b1_cityscapes_val,2026-07-07 05:27:38,cityscapes,val,all,student_skd,/scratch/gautschi/manors/hf_cache/hub/models--nvidia--mit-b1/snapshots/13ddceec4e8bdf401e7cd7acf5aebc526222518c,runs/mit-b1_skd_j9200315/student_skd.ckpt,skd,img_000273,/home/manors/Guardrail-Distillation/data/cityscapes/leftImg8bit/val/lindau/lindau_000006_000019_leftImg8bit.png,,0.6091907796853964,0.39080922031460363,0.9504084587097168,0.9664862751960754,0.09794208407402039,0.08881527930498123,0.22389347851276398,0.92331463098526,0.23491118848323822,-6.702444553375244,6.661330699920654,0.007030461449176073,0.04496311768889427,483752,4.366463250335073,7.422571000461176,16.312059000483714,0.9835161994119236,0.016483800588076414,150859,0.48816474171849217,0.5118352582815078,16040,0.09030120819807053,0.0009365458390675485,14.72387899957539,0.0386856347322464,0.9613143652677536,0.1550726592540741,0.28778570890426636,0.033584002405405045,0.5083951950073242,0.4916048049926758,0.5340067744255066,0.5670072436332703,0.28006434440612793,0.5083951950073242,0.4916048049926758,0.5083951950073242,0.4916048049926758,0.5811112695837226,0.4188887304162774,0.9559153914451599,0.9786196015581323,0.021380398441867676,0.0,0.4858559532134003,0.5141440467865996,0.0,0.0,0.0,0.015944119542837143,0.010437165386974812,1.0,0.0,0.028328564018011093,0.0009612363064661622,434823
b1_cityscapes_val,2026-07-07 05:27:38,cityscapes,val,all,student_skd,/scratch/gautschi/manors/hf_cache/hub/models--nvidia--mit-b1/snapshots/13ddceec4e8bdf401e7cd7acf5aebc526222518c,runs/mit-b1_skd_j9200315/student_skd.ckpt,skd,img_000274,/home/manors/Guardrail-Distillation/data/cityscapes/leftImg8bit/val/lindau/lindau_000007_000019_leftImg8bit.png,,0.5160817391934311,0.48391826080656886,0.9492100477218628,0.9699012637138367,0.09712842106819153,0.08104964345693588,0.23154905438423157,0.9318163990974426,0.21525810658931732,-6.65924072265625,6.62154483795166,0.00971481017768383,0.04156803712248802,482871,4.366463250335073,7.422571000461176,16.312059000483714,0.9923050924634513,0.0076949075365486674,150859,0.2866915422885572,0.7133084577114428,17966,0.08254821598529816,0.0009692329913377762,14.72387899957539,0.03629838675260544,0.9637016132473946,0.11888562887907028,0.2799529731273651,0.02533048205077648,0.506332278251648,0.49366772174835205,0.524547278881073,0.5569061040878296,0.28785645961761475,0.506332278251648,0.49366772174835205,0.506332278251648,0.49366772174835205,0.5254506953321323,0.4745493046678677,0.9549921154975891,0.9808543110890366,0.019145688910963354,0.0,0.3682005070507458,0.6317994929492542,0.08150896476218861,0.009368956138701146,0.009368956138701146,0.014391006901860237,0.008608924224972725,0.9906310438612989,0.009368956138701146,0.03083639405667782,0.0013937469338998199,440774
b1_cityscapes_val,2026-07-07 05:27:38,cityscapes,val,all,student_skd,/scratch/gautschi/manors/hf_cache/hub/models--nvidia--mit-b1/snapshots/13ddceec4e8bdf401e7cd7acf5aebc526222518c,runs/mit-b1_skd_j9200315/student_skd.ckpt,skd,img_000275,/home/manors/Guardrail-Distillation/data/cityscapes/leftImg8bit/val/lindau/lindau_000008_000019_leftImg8bit.png,,0.6733855463546516,0.32661445364534836,0.9749904870986938,0.9789639711380005,0.07681573927402496,0.05487174913287163,0.17029616236686707,0.9480772018432617,0.167948916554451,-6.968175411224365,6.942719459533691,0.0026844567619264126,0.027234653010964394,476819,4.366463250335073,7.422571000461176,16.312059000483714,1.0,0.0,150859,0.9943777828088446,0.00562221719115541,26502,0.055834706872701645,0.0004279662680346519,14.72387899957539,0.023890655487775803,0.9761093445122242,0.05332009494304657,0.17861318588256836,0.01947832480072975,0.5048694014549255,0.49513059854507446,0.5147969722747803,0.5391536951065063,0.266973614692688,0.5048694014549255,0.49513059854507446,0.5048694014549255,0.49513059854507446,0.7600819049414191,0.23991809505858086,0.9776937961578369,1.0,0.0,0.0,0.9924533997434156,0.007546600256584379,0.0,0.0866963585867675,0.0866963585867675,0.009685016237199306,0.006981684826314449,0.9133036414132325,0.0866963585867675,0.01755802519619465,0.00031877923174761236,446494
b1_cityscapes_val,2026-07-07 05:27:38,cityscapes,val,all,student_skd,/scratch/gautschi/manors/hf_cache/hub/models--nvidia--mit-b1/snapshots/13ddceec4e8bdf401e7cd7acf5aebc526222518c,runs/mit-b1_skd_j9200315/student_skd.ckpt,skd,img_000276,/home/manors/Guardrail-Distillation/data/cityscapes/leftImg8bit/val/lindau/lindau_000009_000019_leftImg8bit.png,,0.5624803062086503,0.4375196937913497,0.9262698292732239,0.9483165144920349,0.12231919914484024,0.13501694798469543,0.2782973647117615,0.888942539691925,0.32843339443206787,-6.8406901359558105,6.776151657104492,0.015502308495342731,0.07228235900402069,469672,4.376348249934381,7.416565499624994,16.35212000019237,0.4658268370621167,0.5341731629378833,150859,0.7347475344764799,0.2652524655235201,19876,0.13682973384857178,0.001086450065486133,14.746515499609814,0.056881919503211975,0.943118080496788,0.2225290983915329,0.3485673666000366,0.04976264014840126,0.5124381184577942,0.4875618815422058,0.5480198860168457,0.5849407911300659,0.2916555404663086,0.5124381184577942,0.4875618815422058,0.5124381184577942,0.4875618815422058,0.5319574668291552,0.46804253317084477,0.9289014935493469,0.3847125823267293,0.6152874176732708,0.0,0.5463058789448276,0.4536941210551724,0.0,0.0,0.0,0.0188237763941288,0.016192151233553886,1.0,0.0,0.045210275799036026,0.0006621642387472093,400014
b1_cityscapes_val,2026-07-07 05:27:38,cityscapes,val,all,student_skd,/scratch/gautschi/manors/hf_cache/hub/models--nvidia--mit-b1/snapshots/13ddceec4e8bdf401e7cd7acf5aebc526222518c,runs/mit-b1_skd_j9200315/student_skd.ckpt,skd,img_000277,/home/manors/Guardrail-Distillation/data/cityscapes/leftImg8bit/val/lindau/lindau_000010_000019_leftImg8bit.png,,0.675789757256875,0.32421024274312504,0.963924765586853,0.969342052936554,0.09546849876642227,0.08361151069402695,0.22523276507854462,0.9284141063690186,0.22183312475681305,-6.844463348388672,6.8064961433410645,0.009313240647315979,0.039857808500528336,461064,4.376348249934381,7.416565499624994,16.35212000019237,0.9857321448412946,0.014267855158705434,149451,0.4907292954264524,0.5092707045735476,16180,0.08479341119527817,0.0006664651446044445,14.746515499609814,0.03911292180418968,0.9608870781958103,0.1526329666376114,0.28378555178642273,0.040170297026634216,0.5100412368774414,0.4899587631225586,0.5398524403572083,0.5693305134773254,0.2545526325702667,0.5100412368774414,0.4899587631225586,0.5100412368774414,0.4899587631225586,0.709580840278656,0.290419159721344,0.9729322195053101,0.9788143859589192,0.02118561404108077,0.0,0.4754883778437191,0.5245116221562809,0.0,0.03379108302178102,0.03379108302178102,0.0169889647513628,0.007981538772583008,0.966208916978219,0.03379108302178102,0.027078671380877495,0.0014444849221035838,419263
b1_cityscapes_val,2026-07-07 05:27:38,cityscapes,val,all,student_skd,/scratch/gautschi/manors/hf_cache/hub/models--nvidia--mit-b1/snapshots/13ddceec4e8bdf401e7cd7acf5aebc526222518c,runs/mit-b1_skd_j9200315/student_skd.ckpt,skd,img_000278,/home/manors/Guardrail-Distillation/data/cityscapes/leftImg8bit/val/lindau/lindau_000011_000019_leftImg8bit.png,,0.6523177604854485,0.34768223951455146,0.9157577157020569,0.9575177431106567,0.10629042983055115,0.11267167329788208,0.2414700835943222,0.9009120464324951,0.30242568254470825,-6.467167854309082,6.415493488311768,0.007557943928986788,0.0545143261551857,494182,4.376348249934381,7.416565499624994,16.35212000019237,0.47442907587028343,0.5255709241297166,149440,0.7569843415000287,0.2430156584999713,8395,0.1143166720867157,0.0010097938356921077,14.746515499609814,0.06911234557628632,0.9308876544237137,0.2856268286705017,0.38544467091560364,0.07728181034326553,0.5193108320236206,0.4806891679763794,0.5797842741012573,0.6141039133071899,0.28409913182258606,0.5193108320236206,0.4806891679763794,0.5193108320236206,0.4806891679763794,0.7061541435563133,0.29384585644368666,0.9332411289215088,0.47327141903395264,0.5267285809660474,0.0,0.7521609553848209,0.24783904461517914,0.0,0.0538363830708648,0.0538363830708648,0.033072832971811295,0.0155893974006176,0.9461636169291352,0.0538363830708648,0.05775199830532074,0.005030535161495209,430503
b1_cityscapes_val,2026-07-07 05:27:38,cityscapes,val,all,student_skd,/scratch/gautschi/manors/hf_cache/hub/models--nvidia--mit-b1/snapshots/13ddceec4e8bdf401e7cd7acf5aebc526222518c,runs/mit-b1_skd_j9200315/student_skd.ckpt,skd,img_000279,/home/manors/Guardrail-Distillation/data/cityscapes/leftImg8bit/val/lindau/lindau_000012_000019_leftImg8bit.png,,0.6063399876485297,0.3936600123514703,0.9300993084907532,0.9590722322463989,0.10407906770706177,0.09888236224651337,0.21113209426403046,0.9121438264846802,0.25314515829086304,-6.547101020812988,6.497570037841797,0.0027872570790350437,0.055613186210393906,492599,4.376348249934381,7.416565499624994,16.35212000019237,0.7669752881258829,0.2330247118741171,150859,0.7868396880419404,0.21316031195805962,12035,0.10014388710260391,0.0008366951951757073,14.746515499609814,0.05589018389582634,0.9441098161041737,0.2287210375070572,0.35165321826934814,0.059542216360569,0.5148811340332031,0.4851188659667969,0.55366051197052,0.587890088558197,0.2832159698009491,0.5148811340332031,0.4851188659667969,0.5148811340332031,0.4851188659667969,0.6941146454202011,0.30588535457979893,0.9577546715736389,0.9144377702192289,0.0855622297807711,0.147462482093346,0.8201216400084507,0.17987835999154933,0.03328195196651029,0.08777465777167137,0.08777465777167137,0.03628509119153023,0.008629737421870232,0.9122253422283286,0.08777465777167137,0.0460272952914238,0.004417386371642351,430644
b1_cityscapes_val,2026-07-07 05:27:38,cityscapes,val,all,student_skd,/scratch/gautschi/manors/hf_cache/hub/models--nvidia--mit-b1/snapshots/13ddceec4e8bdf401e7cd7acf5aebc526222518c,runs/mit-b1_skd_j9200315/student_skd.ckpt,skd,img_000280,/home/manors/Guardrail-Distillation/data/cityscapes/leftImg8bit/val/lindau/lindau_000013_000019_leftImg8bit.png,,0.6098035471396724,0.39019645286032756,0.9303539991378784,0.9648289084434509,0.09624514728784561,0.08678308874368668,0.20383864641189575,0.9261425733566284,0.2092124968767166,-6.8026251792907715,6.7602410316467285,0.003353709354996681,0.044789429754018784,491098,4.401511249852774,7.41944425044494,16.344246249900607,0.5721929925590097,0.4278070074409903,150859,0.6079291492268548,0.3920708507731452,10517,0.08798302710056305,0.0008778611663728952,14.74182350011688,0.05106751620769501,0.948932483792305,0.22280511260032654,0.35017693042755127,0.04461495578289032,0.511151909828186,0.48884809017181396,0.5501508712768555,0.5945741534233093,0.3140958249568939,0.511151909828186,0.48884809017181396,0.511151909828186,0.48884809017181396,0.6171867307706418,0.3828132692293582,0.9719526171684265,0.9638753331691877,0.03612466683081228,0.39168234061017804,0.4498029139503377,0.5501970860496623,0.0,0.007383183630969348,0.007383183630969348,0.051610879600048065,0.010012257844209671,0.9926168163690307,0.007383183630969348,0.06268198788166046,0.011781762354075909,435879
b1_cityscapes_val,2026-07-07 05:27:38,cityscapes,val,all,student_skd,/scratch/gautschi/manors/hf_cache/hub/models--nvidia--mit-b1/snapshots/13ddceec4e8bdf401e7cd7acf5aebc526222518c,runs/mit-b1_skd_j9200315/student_skd.ckpt,skd,img_000281,/home/manors/Guardrail-Distillation/data/cityscapes/leftImg8bit/val/lindau/lindau_000014_000019_leftImg8bit.png,,0.5881909629591336,0.41180903704086635,0.8864219784736633,0.9455587863922119,0.11628725379705429,0.14244982600212097,0.2559182941913605,0.8765245676040649,0.369535356760025,-6.104949474334717,6.038959980010986,0.010048598051071167,0.06651166826486588,495492,4.401511249852774,7.41944425044494,16.344246249900607,0.9670576170516524,0.032942382948347615,150859,0.48262458664500785,0.5173754133549922,34916,0.1446429044008255,0.001222500461153686,14.74182350011688,0.09124115854501724,0.9087588414549828,0.3696706295013428,0.4614993631839752,0.10726932436227798,0.5267916321754456,0.47320836782455444,0.6087027192115784,0.6606780290603638,0.3533391058444977,0.5267916321754456,0.47320836782455444,0.5267916321754456,0.47320836782455444,0.7689204475992824,0.23107955240071765,0.9649136662483215,0.647289398350302,0.35271060164969803,0.0,0.8929499438007409,0.10705005619925911,0.41032535715573304,0.1807294846401487,0.1807294846401487,0.09465742856264114,0.016165750101208687,0.8192705153598513,0.1807294846401487,0.11533182859420776,0.03146165609359741,409438
b1_cityscapes_val,2026-07-07 05:27:38,cityscapes,val,all,student_skd,/scratch/gautschi/manors/hf_cache/hub/models--nvidia--mit-b1/snapshots/13ddceec4e8bdf401e7cd7acf5aebc526222518c,runs/mit-b1_skd_j9200315/student_skd.ckpt,skd,img_000282,/home/manors/Guardrail-Distillation/data/cityscapes/leftImg8bit/val/lindau/lindau_000015_000019_leftImg8bit.png,,0.7148186753072674,0.2851813246927326,0.9639694690704346,0.9779368042945862,0.078165702521801,0.05705658346414566,0.17122621834278107,0.9468536376953125,0.16783100366592407,-6.708917617797852,6.682280540466309,0.002826561452820897,0.027626175433397293,491056,4.401511249852774,7.41944425044494,16.344246249900607,0.7683877126281877,0.23161228737181228,150859,0.9784639210182452,0.021536078981754803,20663,0.05787551775574684,0.0005185610498301685,14.74182350011688,0.028296496719121933,0.9717035032808781,0.08294718712568283,0.21808725595474243,0.026170769706368446,0.5065423250198364,0.4934576749801636,0.5183107256889343,0.5466724634170532,0.24582745134830475,0.5065423250198364,0.4934576749801636,0.5065423250198364,0.4934576749801636,0.8347993636824278,0.1652006363175722,0.9784586429595947,0.7861081670628176,0.2138918329371824,0.017720454434629884,0.9901756763296714,0.009824323670328594,0.011711755311426209,0.1199806883751604,0.1199806883751604,0.018488725647330284,0.003999543841928244,0.8800193116248396,0.1199806883751604,0.02478943206369877,0.005109396763145924,457477
b1_cityscapes_val,2026-07-07 05:27:38,cityscapes,val,all,student_skd,/scratch/gautschi/manors/hf_cache/hub/models--nvidia--mit-b1/snapshots/13ddceec4e8bdf401e7cd7acf5aebc526222518c,runs/mit-b1_skd_j9200315/student_skd.ckpt,skd,img_000283,/home/manors/Guardrail-Distillation/data/cityscapes/leftImg8bit/val/lindau/lindau_000016_000019_leftImg8bit.png,,0.6970749201863207,0.30292507981367933,0.9475226998329163,0.9710677266120911,0.08906861394643784,0.07810340076684952,0.200493723154068,0.9243037700653076,0.24907322227954865,-6.208183288574219,6.173084735870361,0.005198611877858639,0.03651513159275055,488592,4.401511249852774,7.41944425044494,16.344246249900607,0.7142724566095198,0.28572754339048023,150859,0.4848819881747825,0.5151180118252174,21403,0.07930905371904373,0.0007162956753745675,14.74182350011688,0.0397053100168705,0.9602946899831295,0.12529858946800232,0.27956247329711914,0.038345817476511,0.5095852613449097,0.49041473865509033,0.5304956436157227,0.561943769454956,0.2859412133693695,0.5095852613449097,0.49041473865509033,0.5095852613449097,0.49041473865509033,0.6692048440349527,0.33079515596504727,0.961479127407074,0.5768501592206474,0.4231498407793526,0.0,0.8838954185340995,0.11610458146590052,0.3990134303593169,0.0,0.0,0.02231718972325325,0.008360759355127811,1.0,0.0,0.03424534201622009,0.005839228164404631,446260
b1_cityscapes_val,2026-07-07 05:27:39,cityscapes,val,all,student_skd,/scratch/gautschi/manors/hf_cache/hub/models--nvidia--mit-b1/snapshots/13ddceec4e8bdf401e7cd7acf5aebc526222518c,runs/mit-b1_skd_j9200315/student_skd.ckpt,skd,img_000284,/home/manors/Guardrail-Distillation/data/cityscapes/leftImg8bit/val/lindau/lindau_000017_000019_leftImg8bit.png,,0.3637032660000067,0.6362967339999933,0.9703702926635742,0.9768435955047607,0.08041249960660934,0.05729223042726517,0.16552749276161194,0.9435173273086548,0.1841515749692917,-5.116645812988281,5.088667392730713,0.0019193931948393583,0.03089754842221737,256331,4.36765549966367,7.426059999488643,16.32056124981318,0.49656946826758147,0.5034305317324186,1166,0.0,1.0,0,0.058027539402246475,0.0005181405576877296,14.757050500520563,0.03043561428785324,0.9695643857121468,0.08764984458684921,0.2247699499130249,0.021423570811748505,0.5053556561470032,0.4946443438529968,0.5216712951660156,0.5485522747039795,0.28840452432632446,0.5053556561470032,0.4946443438529968,0.5053556561470032,0.4946443438529968,0.48832556391466314,0.5116744360853369,0.970978856086731,0.4669811320754717,0.5330188679245282,0.0,0.0,1.0,0.0,0.1246222979146564,0.1246222979146564,0.015600921586155891,0.014992333017289639,0.8753777020853436,0.1246222979146564,0.03143591433763504,0.003167778952047229,238378
b1_cityscapes_val,2026-07-07 05:27:39,cityscapes,val,all,student_skd,/scratch/gautschi/manors/hf_cache/hub/models--nvidia--mit-b1/snapshots/13ddceec4e8bdf401e7cd7acf5aebc526222518c,runs/mit-b1_skd_j9200315/student_skd.ckpt,skd,img_000285,/home/manors/Guardrail-Distillation/data/cityscapes/leftImg8bit/val/lindau/lindau_000018_000019_leftImg8bit.png,,0.4068127138516116,0.5931872861483884,0.9550641775131226,0.9771267175674438,0.07871342450380325,0.06009422987699509,0.17156153917312622,0.9384461641311646,0.2111501395702362,-5.19616174697876,5.168580532073975,0.0037583126686513424,0.02703019045293331,256232,4.36765549966367,7.426059999488643,16.32056124981318,0.2491404871640743,0.7508595128359257,14898,0.0,1.0,0,0.060753367841243744,0.00038578829844482243,14.757050500520563,0.03400782495737076,0.9659921750426292,0.12548749148845673,0.23917225003242493,0.01945193111896515,0.5048628449440002,0.49513715505599976,0.5272710919380188,0.5509675145149231,0.2903888523578644,0.5048628449440002,0.49513715505599976,0.5048628449440002,0.49513715505599976,0.34978960664803915,0.6502103933519608,0.9525859355926514,0.32242214060487695,0.677577859395123,0.07328165344080262,0.0,1.0,0.0,0.0,0.0,0.007387835998088121,0.009866058826446533,1.0,0.0,0.019439414143562317,0.00016001124458853155,238303
b1_cityscapes_val,2026-07-07 05:27:39,cityscapes,val,all,student_skd,/scratch/gautschi/manors/hf_cache/hub/models--nvidia--mit-b1/snapshots/13ddceec4e8bdf401e7cd7acf5aebc526222518c,runs/mit-b1_skd_j9200315/student_skd.ckpt,skd,img_000286,/home/manors/Guardrail-Distillation/data/cityscapes/leftImg8bit/val/lindau/lindau_000019_000019_leftImg8bit.png,,0.42100745250931015,0.5789925474906898,0.9770757555961609,0.9859493374824524,0.06073705479502678,0.03564665466547012,0.1226867139339447,0.9608172178268433,0.13776646554470062,-4.9387006759643555,4.92201566696167,0.0005746170063503087,0.017109978944063187,264524,4.36765549966367,7.426059999488643,16.32056124981318,1.0,0.0,117,0.0,1.0,0,0.03621124103665352,0.0003675248590297997,14.757050500520563,0.03697240352630615,0.9630275964736938,0.13635259866714478,0.24291138350963593,0.029473761096596718,0.5073679089546204,0.49263209104537964,0.5334487557411194,0.5646828413009644,0.29948127269744873,0.5073679089546204,0.49263209104537964,0.5073679089546204,0.49263209104537964,0.5850374238587881,0.4149625761412119,0.984829306602478,0.0,1.0,0.0,0.0,1.0,0.0,0.16402997134947794,0.16402997134947794,0.013053635135293007,0.0053000859916210175,0.8359700286505221,0.16402997134947794,0.01841798797249794,0.0022984680254012346,253461
b1_cityscapes_val,2026-07-07 05:27:39,cityscapes,val,all,student_skd,/scratch/gautschi/manors/hf_cache/hub/models--nvidia--mit-b1/snapshots/13ddceec4e8bdf401e7cd7acf5aebc526222518c,runs/mit-b1_skd_j9200315/student_skd.ckpt,skd,img_000287,/home/manors/Guardrail-Distillation/data/cityscapes/leftImg8bit/val/lindau/lindau_000020_000019_leftImg8bit.png,,0.4730416782951116,0.5269583217048883,0.8982604742050171,0.957797110080719,0.09963022917509079,0.10061265528202057,0.195038303732872,0.9131026268005371,0.2331416755914688,-5.2602314949035645,5.210204124450684,0.0004385323845781386,0.05042513459920883,492552,4.36765549966367,7.426059999488643,16.32056124981318,0.5346082197955225,0.46539178020447747,148075,0.9225320938468349,0.07746790615316512,2259,0.101375512778759,0.0004624013672582805,14.757050500520563,0.058348242193460464,0.9416517578065395,0.2308444231748581,0.3169596195220947,0.05503017082810402,0.5137540698051453,0.48624593019485474,0.5664792060852051,0.591293215751648,0.27823778986930847,0.5137540698051453,0.48624593019485474,0.5137540698051453,0.48624593019485474,0.5227272477403977,0.4772727522596023,0.9225015640258789,0.6168192254778201,0.3831807745221799,0.08221100568229756,0.8968570163789288,0.10314298362107122,0.0,0.049685569445286015,0.049685569445286015,0.07845871895551682,0.0542176254093647,0.950314430554714,0.049685569445286015,0.13320624828338623,0.026157643646001816,424035
b1_cityscapes_val,2026-07-07 05:27:39,cityscapes,val,all,student_skd,/scratch/gautschi/manors/hf_cache/hub/models--nvidia--mit-b1/snapshots/13ddceec4e8bdf401e7cd7acf5aebc526222518c,runs/mit-b1_skd_j9200315/student_skd.ckpt,skd,img_000288,/home/manors/Guardrail-Distillation/data/cityscapes/leftImg8bit/val/lindau/lindau_000021_000019_leftImg8bit.png,,0.5881227700866009,0.41187722991339915,0.9624087810516357,0.9782577157020569,0.07097901403903961,0.05711840093135834,0.143185555934906,0.9402928352355957,0.188954159617424,-5.374875545501709,5.349470138549805,0.0001596754154888913,0.022739415988326073,488491,4.373676750219602,7.4215627500962,16.364000250177924,0.8435956611266716,0.15640433887332839,149701,0.0,1.0,0,0.05777972564101219,0.00030685600358992815,14.747739750418987,0.03968549147248268,0.9603145085275173,0.13822461664676666,0.25422096252441406,0.03468998521566391,0.5086716413497925,0.4913283586502075,0.5364044308662415,0.5686401724815369,0.260186105966568,0.5086716413497925,0.4913283586502075,0.5086716413497925,0.4913283586502075,0.6899365430831508,0.3100634569168492,0.9847018718719482,0.7068697279900531,0.2931302720099469,0.0,0.0,1.0,0.0,0.10181377299654992,0.10181377299654992,0.02576710842549801,0.0034739638213068247,0.8981862270034501,0.10181377299654992,0.029415076598525047,0.005758550483733416,455608
b1_cityscapes_val,2026-07-07 05:27:39,cityscapes,val,all,student_skd,/scratch/gautschi/manors/hf_cache/hub/models--nvidia--mit-b1/snapshots/13ddceec4e8bdf401e7cd7acf5aebc526222518c,runs/mit-b1_skd_j9200315/student_skd.ckpt,skd,img_000289,/home/manors/Guardrail-Distillation/data/cityscapes/leftImg8bit/val/lindau/lindau_000022_000019_leftImg8bit.png,,0.6157785660731361,0.3842214339268639,0.9360659122467041,0.9482586979866028,0.11354581266641617,0.12480419874191284,0.22734636068344116,0.8919306993484497,0.30263692140579224,-5.337491035461426,5.275014877319336,0.004140341654419899,0.06826657056808472,478946,4.373676750219602,7.4215627500962,16.364000250177924,0.60342476390524,0.39657523609476,145304,0.3458932685095896,0.6541067314904103,5657,0.12585502862930298,0.0007459477055817842,14.747739750418987,0.06740400195121765,0.9325959980487823,0.25605666637420654,0.3206561803817749,0.06568598002195358,0.5164155960083008,0.4835844039916992,0.5658890604972839,0.5882349610328674,0.30295026302337646,0.5164155960083008,0.4835844039916992,0.5164155960083008,0.4835844039916992,0.535589161652723,0.46441083834727703,0.9714853167533875,0.7099561104692793,0.2900438895307207,0.10653134656403929,0.2761879130105081,0.723812086989492,0.0,0.0,0.0,0.04656057432293892,0.011141130700707436,1.0,0.0,0.059002477675676346,0.008986399509012699,403292
b1_cityscapes_val,2026-07-07 05:27:39,cityscapes,val,all,student_skd,/scratch/gautschi/manors/hf_cache/hub/models--nvidia--mit-b1/snapshots/13ddceec4e8bdf401e7cd7acf5aebc526222518c,runs/mit-b1_skd_j9200315/student_skd.ckpt,skd,img_000290,/home/manors/Guardrail-Distillation/data/cityscapes/leftImg8bit/val/lindau/lindau_000023_000019_leftImg8bit.png,,0.5573441558534145,0.44265584414658554,0.8631550073623657,0.9436140060424805,0.1180938184261322,0.14555726945400238,0.25793007016181946,0.8761898875236511,0.35481226444244385,-5.584556579589844,5.51613712310791,0.00854500476270914,0.07145675271749496,456290,4.373676750219602,7.4215627500962,16.364000250177924,0.8076551524748702,0.19234484752512981,150821,0.6800361174267768,0.31996388257322317,19237,0.14721444249153137,0.0010937706101685762,14.747739750418987,0.07739350944757462,0.9226064905524254,0.26997044682502747,0.34673288464546204,0.0734366700053215,0.5183509588241577,0.4816490411758423,0.5655936598777771,0.5897485613822937,0.3221987187862396,0.5183509588241577,0.4816490411758423,0.5183509588241577,0.4816490411758423,0.5925516415410463,0.40744835845895366,0.8904862999916077,0.8961357785053217,0.10386422149467833,0.08848062603045148,0.8533615565475026,0.14663844345249744,0.17332543912072573,0.03520748568763188,0.03520748568763188,0.04456157237291336,0.01723027043044567,0.9647925143123681,0.03520748568763188,0.06646869331598282,0.008139559999108315,378783
b1_cityscapes_val,2026-07-07 05:27:39,cityscapes,val,all,student_skd,/scratch/gautschi/manors/hf_cache/hub/models--nvidia--mit-b1/snapshots/13ddceec4e8bdf401e7cd7acf5aebc526222518c,runs/mit-b1_skd_j9200315/student_skd.ckpt,skd,img_000291,/home/manors/Guardrail-Distillation/data/cityscapes/leftImg8bit/val/lindau/lindau_000024_000019_leftImg8bit.png,,0.6122128702775649,0.3877871297224351,0.8922182321548462,0.9203336238861084,0.14020822942256927,0.18357691168785095,0.2793629765510559,0.8563216924667358,0.3662954568862915,-5.5062432289123535,5.408432483673096,0.008672920055687428,0.11676035076379776,461321,4.373676750219602,7.4215627500962,16.364000250177924,0.6537996746303095,0.3462003253696905,150859,0.6840962427635263,0.3159037572364737,40764,0.18525348603725433,0.0012293551117181778,14.747739750418987,0.10504338145256042,0.8949566185474396,0.3692808747291565,0.4234241247177124,0.12031307071447372,0.5300420522689819,0.46995794773101807,0.6064461469650269,0.6281799077987671,0.3098015785217285,0.5300420522689819,0.46995794773101807,0.5300420522689819,0.46995794773101807,0.6514590583716293,0.3485409416283707,0.9280089735984802,0.512998614129884,0.487001385870116,0.0,0.7425971000260205,0.25740289997397947,0.05850085726249421,0.03924618809406444,0.03924618809406444,0.049100302159786224,0.013309604488313198,0.9607538119059356,0.03924618809406444,0.0702829509973526,0.005310835782438517,348737
b1_cityscapes_val,2026-07-07 05:27:39,cityscapes,val,all,student_skd,/scratch/gautschi/manors/hf_cache/hub/models--nvidia--mit-b1/snapshots/13ddceec4e8bdf401e7cd7acf5aebc526222518c,runs/mit-b1_skd_j9200315/student_skd.ckpt,skd,img_000292,/home/manors/Guardrail-Distillation/data/cityscapes/leftImg8bit/val/lindau/lindau_000025_000019_leftImg8bit.png,,0.6538908046928363,0.34610919530716366,0.9229074716567993,0.9355733394622803,0.12918461859226227,0.14771564304828644,0.25276947021484375,0.879422128200531,0.316313773393631,-5.1694793701171875,5.090606689453125,0.005404646974056959,0.09712503850460052,491799,4.358921500170254,7.422805500027607,16.31654324955889,0.6725880557246624,0.3274119442753376,150797,0.9548555759104997,0.04514442408950026,29780,0.14890184998512268,0.000747925485484302,14.724894500432129,0.08140338957309723,0.9185966104269028,0.32118675112724304,0.38538658618927,0.08637819439172745,0.5215811133384705,0.47841888666152954,0.5904989242553711,0.6150671243667603,0.30446603894233704,0.5215811133384705,0.47841888666152954,0.5215811133384705,0.47841888666152954,0.6806512785337505,0.3193487214662495,0.951736330986023,0.6791227212230182,0.3208772787769818,0.006534665498355796,0.9748390863315686,0.02516091366843143,0.01998351042106883,0.02676047384091418,0.02676047384091418,0.05149257928133011,0.022663729265332222,0.9732395261590858,0.02676047384091418,0.0764397606253624,0.0004534372710622847,398092
b1_cityscapes_val,2026-07-07 05:27:39,cityscapes,val,all,student_skd,/scratch/gautschi/manors/hf_cache/hub/models--nvidia--mit-b1/snapshots/13ddceec4e8bdf401e7cd7acf5aebc526222518c,runs/mit-b1_skd_j9200315/student_skd.ckpt,skd,img_000293,/home/manors/Guardrail-Distillation/data/cityscapes/leftImg8bit/val/lindau/lindau_000026_000019_leftImg8bit.png,,0.7522624276424098,0.2477375723575902,0.9633559584617615,0.9693644046783447,0.0915083959698677,0.0747133418917656,0.1926880031824112,0.9364661574363708,0.17734110355377197,-6.930226802825928,6.893136501312256,0.0033383260015398264,0.03946293517947197,464005,4.358921500170254,7.422805500027607,16.31654324955889,0.8865544667333864,0.11344553326661355,136188,0.978546286754373,0.02145371324562695,74719,0.07549874484539032,0.0005364553653635085,14.724894500432129,0.0372142493724823,0.9627857506275177,0.15771907567977905,0.2729778289794922,0.02745135687291622,0.5068624019622803,0.4931375980377197,0.5347285866737366,0.5651059746742249,0.2839775085449219,0.5068624019622803,0.4931375980377197,0.5068624019622803,0.4931375980377197,0.6841169374740788,0.31588306252592124,0.9696382284164429,0.976537412247923,0.02346258775207699,0.08998294551453656,0.9876069005206173,0.012393099479382719,0.00906061376624423,0.0,0.0,0.024148445576429367,0.017866186797618866,1.0,0.0,0.04310298338532448,0.0027930731885135174,419610
b1_cityscapes_val,2026-07-07 05:27:39,cityscapes,val,all,student_skd,/scratch/gautschi/manors/hf_cache/hub/models--nvidia--mit-b1/snapshots/13ddceec4e8bdf401e7cd7acf5aebc526222518c,runs/mit-b1_skd_j9200315/student_skd.ckpt,skd,img_000294,/home/manors/Guardrail-Distillation/data/cityscapes/leftImg8bit/val/lindau/lindau_000027_000019_leftImg8bit.png,,0.6298595615280308,0.3701404384719692,0.9781774878501892,0.9817838668823242,0.07102664560079575,0.04635290801525116,0.1494634598493576,0.9548072814941406,0.14393426477909088,-6.549221992492676,6.527288913726807,0.002285486087203026,0.022935576736927032,470797,4.358921500170254,7.422805500027607,16.31654324955889,0.5574344607750502,0.4425655392249498,141700,0.994590627378493,0.00540937262150698,73576,0.04706432670354843,0.00038157383096404374,14.724894500432129,0.024943677708506584,0.9750563222914934,0.06067560985684395,0.18724240362644196,0.01786353811621666,0.5044657588005066,0.4955342411994934,0.5155483484268188,0.5430372953414917,0.27734825015068054,0.5044657588005066,0.4955342411994934,0.5044657588005066,0.4955342411994934,0.6465692253185986,0.3534307746814014,0.9825955033302307,0.4842291790241337,0.5157708209758662,0.0,0.9906219419375883,0.009378058062411654,0.0,0.01670966379056782,0.01670966379056782,0.010562939569354057,0.006144899409264326,0.9832903362094322,0.01670966379056782,0.017846332862973213,0.0008007697761058807,444923
b1_cityscapes_val,2026-07-07 05:27:39,cityscapes,val,all,student_skd,/scratch/gautschi/manors/hf_cache/hub/models--nvidia--mit-b1/snapshots/13ddceec4e8bdf401e7cd7acf5aebc526222518c,runs/mit-b1_skd_j9200315/student_skd.ckpt,skd,img_000295,/home/manors/Guardrail-Distillation/data/cityscapes/leftImg8bit/val/lindau/lindau_000028_000019_leftImg8bit.png,,0.6536597805605565,0.3463402194394435,0.970305323600769,0.9780634045600891,0.07788605242967606,0.0552058182656765,0.1626826524734497,0.9481162428855896,0.15940967202186584,-6.478033065795898,6.451585292816162,0.0026720918249338865,0.02828773483633995,493995,4.358921500170254,7.422805500027607,16.31654324955889,0.6535482557219696,0.3464517442780304,150859,0.4901052300926653,0.5098947699073346,44569,0.05587674304842949,0.00047663290752097964,14.724894500432129,0.026710547506809235,0.9732894524931908,0.07680918276309967,0.19488754868507385,0.021145226433873177,0.5052860975265503,0.4947139024734497,0.521223783493042,0.5489115118980408,0.2551518976688385,0.5052860975265503,0.4947139024734497,0.5052860975265503,0.4947139024734497,0.5786962168480433,0.4213037831519567,0.970066487789154,0.5334342953912201,0.4665657046087799,0.0,0.48543830913863895,0.514561690861361,0.0,0.0,0.0,0.015749147161841393,0.01598801650106907,1.0,0.0,0.035356633365154266,0.0010040587512776256,460998
b1_cityscapes_val,2026-07-07 05:27:39,cityscapes,val,all,student_skd,/scratch/gautschi/manors/hf_cache/hub/models--nvidia--mit-b1/snapshots/13ddceec4e8bdf401e7cd7acf5aebc526222518c,runs/mit-b1_skd_j9200315/student_skd.ckpt,skd,img_000296,/home/manors/Guardrail-Distillation/data/cityscapes/leftImg8bit/val/lindau/lindau_000029_000019_leftImg8bit.png,,0.34431687554871016,0.6556831244512898,0.8726085424423218,0.9428632855415344,0.12250342220067978,0.14220692217350006,0.26170289516448975,0.885033130645752,0.3182476758956909,-6.345416069030762,6.275447368621826,0.011144638992846012,0.07726483047008514,371838,4.369623999991745,7.424183249895577,16.315085500536952,0.2608900557759324,0.7391099442240676,92197,0.9835047077804802,0.01649529221951984,41527,0.14383219182491302,0.0012038064887747169,14.732146500136878,0.0822339802980423,0.9177660197019577,0.3468017578125,0.41522592306137085,0.0955313965678215,0.52386474609375,0.47613525390625,0.5936052203178406,0.6273970007896423,0.33089762926101685,0.52386474609375,0.47613525390625,0.52386474609375,0.47613525390625,0.41617127600369425,0.5838287239963058,0.893407940864563,0.4604741874966183,0.5395258125033817,0.1995841317206859,0.9816264117321261,0.01837358826787394,0.0,0.07185440045498404,0.07185440045498404,0.03585432469844818,0.015054943971335888,0.928145599545016,0.07185440045498404,0.0675240308046341,0.006596959196031094,306208
b1_cityscapes_val,2026-07-07 05:27:39,cityscapes,val,all,student_skd,/scratch/gautschi/manors/hf_cache/hub/models--nvidia--mit-b1/snapshots/13ddceec4e8bdf401e7cd7acf5aebc526222518c,runs/mit-b1_skd_j9200315/student_skd.ckpt,skd,img_000297,/home/manors/Guardrail-Distillation/data/cityscapes/leftImg8bit/val/lindau/lindau_000030_000019_leftImg8bit.png,,0.35717070588824146,0.6428292941117586,0.7183858156204224,0.890461802482605,0.1567193567752838,0.2317129522562027,0.2900642454624176,0.8252773284912109,0.40273383259773254,-4.96010684967041,4.825342178344727,0.006223345175385475,0.1702578216791153,483502,4.369623999991745,7.424183249895577,16.315085500536952,0.48119771759934665,0.5188022824006533,150266,0.5262878465423796,0.4737121534576204,4782,0.2328358292579651,0.0010025608353316784,14.732146500136878,0.13777278363704681,0.8622272163629532,0.37618622183799744,0.40574803948402405,0.15397097170352936,0.538416862487793,0.46158313751220703,0.6112444996833801,0.6271764636039734,0.3120966851711273,0.538416862487793,0.46158313751220703,0.538416862487793,0.46158313751220703,0.3942286094326555,0.6057713905673445,0.956105649471283,0.6141312704668397,0.3858687295331603,0.13293355286749298,0.591091342470418,0.40890865752958205,0.06480349592803836,0.03705790354441407,0.03705790354441407,0.24465668201446533,0.006936889607459307,0.9629420964555859,0.03705790354441407,0.2571633458137512,0.042074281722307205,316134
b1_cityscapes_val,2026-07-07 05:27:39,cityscapes,val,all,student_skd,/scratch/gautschi/manors/hf_cache/hub/models--nvidia--mit-b1/snapshots/13ddceec4e8bdf401e7cd7acf5aebc526222518c,runs/mit-b1_skd_j9200315/student_skd.ckpt,skd,img_000298,/home/manors/Guardrail-Distillation/data/cityscapes/leftImg8bit/val/lindau/lindau_000031_000019_leftImg8bit.png,,0.46958324347030633,0.5304167565296937,0.6836016178131104,0.8914124369621277,0.1497073620557785,0.23862427473068237,0.2800753116607666,0.813988208770752,0.4543857276439667,-4.98925256729126,4.8574538230896,0.0036796468775719404,0.1559530347585678,468795,4.369623999991745,7.424183249895577,16.315085500536952,0.2212397944682492,0.7787602055317508,143047,0.49280473512110595,0.507195264878894,25372,0.24045881628990173,0.0012224173406139016,14.732146500136878,0.15483985841274261,0.8451601415872574,0.406303346157074,0.43092092871665955,0.19161075353622437,0.5477566719055176,0.4522433280944824,0.6305865049362183,0.6384272575378418,0.34052780270576477,0.5477566719055176,0.4522433280944824,0.5477566719055176,0.4522433280944824,0.6079596857501383,0.39204031424986174,0.968421220779419,0.525780913000778,0.474219086999222,0.30454111853252885,0.9338165711058073,0.06618342889419271,0.4410118359847013,0.13837644227983192,0.13837644227983192,0.28740280866622925,0.002583218738436699,0.8616235577201681,0.13837644227983192,0.2959182858467102,0.0655851736664772,302006
b1_cityscapes_val,2026-07-07 05:27:39,cityscapes,val,all,student_skd,/scratch/gautschi/manors/hf_cache/hub/models--nvidia--mit-b1/snapshots/13ddceec4e8bdf401e7cd7acf5aebc526222518c,runs/mit-b1_skd_j9200315/student_skd.ckpt,skd,img_000299,/home/manors/Guardrail-Distillation/data/cityscapes/leftImg8bit/val/lindau/lindau_000032_000019_leftImg8bit.png,,0.5675868484644552,0.4324131515355448,0.972740888595581,0.9770718812942505,0.07482600212097168,0.05911679193377495,0.1521594226360321,0.9412925839424133,0.17947055399417877,-5.932138442993164,5.905069828033447,0.000993214431218803,0.025491809472441673,479252,4.369623999991745,7.424183249895577,16.315085500536952,0.8990551222360947,0.10094487776390526,150859,0.0,1.0,0,0.0598062127828598,0.00034782139118760824,14.732146500136878,0.03571183606982231,0.9642881639301777,0.12785573303699493,0.25847533345222473,0.032788895070552826,0.5081964731216431,0.49180352687835693,0.5339787602424622,0.569411039352417,0.2720620632171631,0.5081964731216431,0.49180352687835693,0.5081964731216431,0.49180352687835693,0.47629840542205887,0.5237015945779411,0.9805176258087158,0.9198956077697756,0.08010439223022436,0.020840485533680897,0.0,1.0,0.0,0.0,0.0,0.013103754259645939,0.005327051505446434,1.0,0.0,0.019945666193962097,0.0014564363518729806,445572
b1_cityscapes_val,2026-07-07 05:27:40,cityscapes,val,all,student_skd,/scratch/gautschi/manors/hf_cache/hub/models--nvidia--mit-b1/snapshots/13ddceec4e8bdf401e7cd7acf5aebc526222518c,runs/mit-b1_skd_j9200315/student_skd.ckpt,skd,img_000300,/home/manors/Guardrail-Distillation/data/cityscapes/leftImg8bit/val/lindau/lindau_000033_000019_leftImg8bit.png,,0.5003530509679597,0.4996469490320403,0.9445703625679016,0.967838704586029,0.09178419411182404,0.08183982968330383,0.19288451969623566,0.9240089654922485,0.2278718650341034,-6.460629940032959,6.421951770782471,0.0030761712696403265,0.04047093912959099,495096,4.419369750394253,7.413230749989452,16.35285950032994,1.0,0.0,150859,0.4873178666446108,0.5126821333553893,73154,0.08285815268754959,0.0005722658825106919,14.74411975050316,0.037602897733449936,0.9623971022665501,0.1404293328523636,0.25840532779693604,0.017379000782966614,0.504344642162323,0.495655357837677,0.527562141418457,0.5495995879173279,0.30413076281547546,0.504344642162323,0.495655357837677,0.504344642162323,0.495655357837677,0.4804507909653755,0.5195492090346245,0.9587777256965637,1.0,0.0,0.0,0.48683503492745833,0.5131649650725416,0.0,0.0,0.0,0.027689579874277115,0.013482234440743923,1.0,0.0,0.04238976165652275,0.0028297542594373226,446285
b1_cityscapes_val,2026-07-07 05:27:40,cityscapes,val,all,student_skd,/scratch/gautschi/manors/hf_cache/hub/models--nvidia--mit-b1/snapshots/13ddceec4e8bdf401e7cd7acf5aebc526222518c,runs/mit-b1_skd_j9200315/student_skd.ckpt,skd,img_000301,/home/manors/Guardrail-Distillation/data/cityscapes/leftImg8bit/val/lindau/lindau_000034_000019_leftImg8bit.png,,0.30871030717861947,0.6912896928213805,0.897689163684845,0.981777548789978,0.07169858366250992,0.049133479595184326,0.15959350764751434,0.9502435922622681,0.17063821852207184,-5.785163879394531,5.763080596923828,0.003513550851494074,0.022193271666765213,303966,4.419369750394253,7.413230749989452,16.35285950032994,0.498990864669641,0.501009135330359,9414,0.2899458211208811,0.7100541788791189,56813,0.04984176158905029,0.0003496709105093032,14.74411975050316,0.02357069030404091,0.9764293096959591,0.05301918834447861,0.1713465303182602,0.013648387975990772,0.5034120082855225,0.49658799171447754,0.5172872543334961,0.5424616932868958,0.31757572293281555,0.5034120082855225,0.49658799171447754,0.5034120082855225,0.49658799171447754,0.47975860165405537,0.5202413983459446,0.9768953919410706,0.4841725090291056,0.5158274909708944,0.0,0.96415986372911,0.03584013627089,0.6742140426082289,0.1710482944754359,0.1710482944754359,0.08468381315469742,0.005477586295455694,0.8289517055245641,0.1710482944754359,0.09298408031463623,0.07372205704450607,287443
b1_cityscapes_val,2026-07-07 05:27:40,cityscapes,val,all,student_skd,/scratch/gautschi/manors/hf_cache/hub/models--nvidia--mit-b1/snapshots/13ddceec4e8bdf401e7cd7acf5aebc526222518c,runs/mit-b1_skd_j9200315/student_skd.ckpt,skd,img_000302,/home/manors/Guardrail-Distillation/data/cityscapes/leftImg8bit/val/lindau/lindau_000035_000019_leftImg8bit.png,,0.32349203507606233,0.6765079649239376,0.9435187578201294,0.9625754356384277,0.09636703878641129,0.09600238502025604,0.20392417907714844,0.911756694316864,0.2669151723384857,-5.443767070770264,5.39904260635376,0.0035763909108936787,0.044712942093610764,248295,4.419369750394253,7.413230749989452,16.35285950032994,0.0,1.0,0,0.29357313908844923,0.7064268609115507,60072,0.09768131375312805,0.0009497861028648913,14.74411975050316,0.056063923984766006,0.943936076015234,0.22826948761940002,0.34056514501571655,0.05740794166922569,0.514348030090332,0.48565196990966797,0.5571416616439819,0.5995383262634277,0.31861093640327454,0.514348030090332,0.48565196990966797,0.514348030090332,0.48565196990966797,0.5367367363609648,0.46326326363903525,0.9762499928474426,0.0,1.0,0.0,0.9332912548692256,0.0667087451307744,0.6397181157807763,0.21324470128490236,0.21324470128490236,0.040383413434028625,0.007652187719941139,0.7867552987150976,0.21324470128490236,0.04857930913567543,0.011719929054379463,219059
b1_cityscapes_val,2026-07-07 05:27:40,cityscapes,val,all,student_skd,/scratch/gautschi/manors/hf_cache/hub/models--nvidia--mit-b1/snapshots/13ddceec4e8bdf401e7cd7acf5aebc526222518c,runs/mit-b1_skd_j9200315/student_skd.ckpt,skd,img_000303,/home/manors/Guardrail-Distillation/data/cityscapes/leftImg8bit/val/lindau/lindau_000036_000019_leftImg8bit.png,,0.6102252576959761,0.38977474230402387,0.9325977563858032,0.9473705887794495,0.11780153214931488,0.12074918299913406,0.23134933412075043,0.8974838256835938,0.2787166237831116,-5.586031913757324,5.521956920623779,0.003441842505708337,0.07637017965316772,480266,4.419369750394253,7.413230749989452,16.35285950032994,0.5328198417641347,0.46718015823586534,150859,0.9821523708044753,0.01784762919552474,3754,0.12158457934856415,0.0005825652624480426,14.74411975050316,0.06419159471988678,0.9358084052801132,0.3087320327758789,0.3802415728569031,0.05999499931931496,0.5149942636489868,0.4850057363510132,0.5791544318199158,0.6010437607765198,0.30532875657081604,0.5149942636489868,0.4850057363510132,0.5149942636489868,0.4850057363510132,0.629157420223838,0.370842579776162,0.966697633266449,0.868736107783588,0.131263892216412,0.33591626601945335,0.9675013319126265,0.03249866808737345,0.0,0.018932162527861895,0.018932162527861895,0.03996535390615463,0.005865499377250671,0.9810678374721381,0.018932162527861895,0.047404978424310684,0.0008682688348926604,402641
b1_cityscapes_val,2026-07-07 05:27:40,cityscapes,val,all,student_skd,/scratch/gautschi/manors/hf_cache/hub/models--nvidia--mit-b1/snapshots/13ddceec4e8bdf401e7cd7acf5aebc526222518c,runs/mit-b1_skd_j9200315/student_skd.ckpt,skd,img_000304,/home/manors/Guardrail-Distillation/data/cityscapes/leftImg8bit/val/lindau/lindau_000037_000019_leftImg8bit.png,,0.6294454119554255,0.37055458804457453,0.9619168639183044,0.9729245901107788,0.08471733331680298,0.07094018161296844,0.17974171042442322,0.9292030930519104,0.22615547478199005,-5.898674488067627,5.866137504577637,0.0031643854454159737,0.03395508602261543,479398,4.358206999313552,7.4432212495594285,16.326403499988373,0.5333485370509076,0.46665146294909243,149354,0.7622944684702122,0.2377055315297878,20092,0.07193963974714279,0.0005912786000408232,14.739221500349231,0.04213707894086838,0.9578629210591316,0.1542837917804718,0.26892727613449097,0.035226523876190186,0.5088057518005371,0.4911942481994629,0.5362839698791504,0.5644970536231995,0.2898130416870117,0.5088057518005371,0.4911942481994629,0.5088057518005371,0.4911942481994629,0.6067120379248602,0.39328796207513983,0.9682769179344177,0.7247371598606691,0.2752628401393309,0.19138862280976154,0.589561375492388,0.41043862450761204,0.0,0.0,0.0,0.01727583445608616,0.010915773920714855,1.0,0.0,0.03034430742263794,0.0023174898233264685,440884
b1_cityscapes_val,2026-07-07 05:27:40,cityscapes,val,all,student_skd,/scratch/gautschi/manors/hf_cache/hub/models--nvidia--mit-b1/snapshots/13ddceec4e8bdf401e7cd7acf5aebc526222518c,runs/mit-b1_skd_j9200315/student_skd.ckpt,skd,img_000305,/home/manors/Guardrail-Distillation/data/cityscapes/leftImg8bit/val/lindau/lindau_000038_000019_leftImg8bit.png,,0.6308226335923333,0.36917736640766674,0.9590973258018494,0.9741273522377014,0.0848628431558609,0.06505479663610458,0.1841840147972107,0.9399529695510864,0.18840757012367249,-6.815666675567627,6.784356117248535,0.003060264280065894,0.03317917510867119,494075,4.358206999313552,7.4432212495594285,16.326403499988373,0.8844880656171831,0.11551193438281693,150859,0.5598388059332516,0.44016119406674836,81909,0.06611153483390808,0.0005555035313591361,14.739221500349231,0.0340501144528389,0.9659498855471611,0.1283768266439438,0.24741733074188232,0.03250698372721672,0.5081260204315186,0.49187397956848145,0.5275334119796753,0.5634881258010864,0.2861589193344116,0.5081260204315186,0.49187397956848145,0.5081260204315186,0.49187397956848145,0.7924985069040542,0.2075014930959458,0.9772241115570068,0.923281235477862,0.076718764522138,0.03879316986067893,0.6304138364475199,0.3695861635524801,0.07057503051426828,0.16167587331172095,0.16167587331172095,0.023328442126512527,0.005201639607548714,0.838324126688279,0.16167587331172095,0.029784953221678734,0.006183271761983633,454207
b1_cityscapes_val,2026-07-07 05:27:40,cityscapes,val,all,student_skd,/scratch/gautschi/manors/hf_cache/hub/models--nvidia--mit-b1/snapshots/13ddceec4e8bdf401e7cd7acf5aebc526222518c,runs/mit-b1_skd_j9200315/student_skd.ckpt,skd,img_000306,/home/manors/Guardrail-Distillation/data/cityscapes/leftImg8bit/val/lindau/lindau_000039_000019_leftImg8bit.png,,0.6129824717295063,0.38701752827049374,0.9627636671066284,0.9808393716812134,0.0759478211402893,0.04926133155822754,0.17065680027008057,0.9545506238937378,0.1491183042526245,-6.483901023864746,6.460393905639648,0.0037212136667221785,0.025675365701317787,495806,4.358206999313552,7.4432212495594285,16.326403499988373,0.6768777971158627,0.3231222028841373,150859,0.7891289304334057,0.2108710695665943,58509,0.050158727914094925,0.0006327075534500182,14.739221500349231,0.028072664514183998,0.971927335485816,0.0690051019191742,0.20948314666748047,0.027086811140179634,0.5067712664604187,0.4932287335395813,0.517669141292572,0.5486640334129333,0.26261886954307556,0.5067712664604187,0.4932287335395813,0.5067712664604187,0.4932287335395813,0.6354336892840251,0.3645663107159749,0.9754944443702698,0.7071579483572061,0.29284205164279387,0.030280151241343423,0.8987658632539814,0.10123413674601855,0.10963693282057574,0.022451217554518843,0.022451217554518843,0.015645232051610947,0.0029144464060664177,0.9775487824454812,0.022451217554518843,0.020467683672904968,0.0009338330128230155,467348
b1_cityscapes_val,2026-07-07 05:27:40,cityscapes,val,all,student_skd,/scratch/gautschi/manors/hf_cache/hub/models--nvidia--mit-b1/snapshots/13ddceec4e8bdf401e7cd7acf5aebc526222518c,runs/mit-b1_skd_j9200315/student_skd.ckpt,skd,img_000307,/home/manors/Guardrail-Distillation/data/cityscapes/leftImg8bit/val/lindau/lindau_000040_000019_leftImg8bit.png,,0.35568278476296306,0.6443172152370369,0.9913542866706848,0.997702956199646,0.022392071783542633,0.006596118677407503,0.04866424575448036,0.9887657165527344,0.054999854415655136,-4.997547626495361,4.9949212074279785,2.9649308999069035e-06,0.001746344263665378,337276,4.358206999313552,7.4432212495594285,16.326403499988373,1.0,0.0,12768,0.0,1.0,0,0.006851281505078077,0.00015735677152406424,14.739221500349231,0.00529881427064538,0.9947011857293546,0.0026666936464607716,0.010269966907799244,-0.010039799846708775,0.4974900782108307,0.5025099217891693,0.501285195350647,0.5027556419372559,0.23840180039405823,0.4974900782108307,0.5025099217891693,0.4974900782108307,0.5025099217891693,0.4881409895008394,0.5118590104991606,0.9967682361602783,1.0,0.0,0.0,0.0,1.0,0.0,0.13245820473787628,0.13245820473787628,0.006487268954515457,0.0010733050294220448,0.8675417952621237,0.13245820473787628,0.007560573983937502,0.0032970032189041376,334740
b1_cityscapes_val,2026-07-07 05:27:40,cityscapes,val,all,student_skd,/scratch/gautschi/manors/hf_cache/hub/models--nvidia--mit-b1/snapshots/13ddceec4e8bdf401e7cd7acf5aebc526222518c,runs/mit-b1_skd_j9200315/student_skd.ckpt,skd,img_000308,/home/manors/Guardrail-Distillation/data/cityscapes/leftImg8bit/val/lindau/lindau_000041_000019_leftImg8bit.png,,0.47644664146853216,0.5235533585314678,0.9686927199363708,0.9743732810020447,0.08511808514595032,0.06478963792324066,0.18170380592346191,0.9408957958221436,0.1794077306985855,-6.948141574859619,6.916980266571045,0.0037915781140327454,0.033803362399339676,495572,4.409727250276774,7.414452750708733,16.358448250684887,1.0,0.0,150859,0.4908026755852843,0.5091973244147157,52095,0.06565049290657043,0.0005222628242336214,14.742580999154598,0.0274606142193079,0.9725393857806921,0.08386633545160294,0.20898443460464478,0.01983901672065258,0.5049595832824707,0.4950404167175293,0.5184000134468079,0.5426057577133179,0.2767951190471649,0.5049595832824707,0.4950404167175293,0.5049595832824707,0.4950404167175293,0.5365558069613767,0.4634441930386233,0.9763202667236328,1.0,0.0,0.0,0.3248760235266982,0.6751239764733018,0.0,0.06010916549284451,0.06010916549284451,0.013860750012099743,0.0062332008965313435,0.9398908345071555,0.06010916549284451,0.021819230169057846,0.0012187935644760728,457713
b1_cityscapes_val,2026-07-07 05:27:40,cityscapes,val,all,student_skd,/scratch/gautschi/manors/hf_cache/hub/models--nvidia--mit-b1/snapshots/13ddceec4e8bdf401e7cd7acf5aebc526222518c,runs/mit-b1_skd_j9200315/student_skd.ckpt,skd,img_000309,/home/manors/Guardrail-Distillation/data/cityscapes/leftImg8bit/val/lindau/lindau_000042_000019_leftImg8bit.png,,0.4205375951150876,0.5794624048849124,0.9548237323760986,0.9723675847053528,0.08587227016687393,0.07488264888525009,0.19530396163463593,0.9292418360710144,0.22740794718265533,-6.341428279876709,6.308093547821045,0.004856768995523453,0.032572340220212936,447005,4.409727250276774,7.414452750708733,16.358448250684887,0.6124319947979502,0.3875680052020498,128875,0.3276515918323279,0.672348408167672,75514,0.0760447308421135,0.0006062733009457588,14.742580999154598,0.03814101219177246,0.9618589878082275,0.13727010786533356,0.260574072599411,0.03203710913658142,0.508008599281311,0.49199140071868896,0.532396674156189,0.5587788820266724,0.32382631301879883,0.508008599281311,0.49199140071868896,0.508008599281311,0.49199140071868896,0.5325428868652784,0.4674571131347216,0.963038444519043,0.6516683639529876,0.34833163604701245,0.039236369155037365,0.514193775309045,0.485806224690955,0.18654218347671703,0.1120052917501908,0.1120052917501908,0.01497969776391983,0.006765024736523628,0.8879947082498092,0.1120052917501908,0.024724556133151054,0.0029261417221277952,409101
b1_cityscapes_val,2026-07-07 05:27:40,cityscapes,val,all,student_skd,/scratch/gautschi/manors/hf_cache/hub/models--nvidia--mit-b1/snapshots/13ddceec4e8bdf401e7cd7acf5aebc526222518c,runs/mit-b1_skd_j9200315/student_skd.ckpt,skd,img_000310,/home/manors/Guardrail-Distillation/data/cityscapes/leftImg8bit/val/lindau/lindau_000043_000019_leftImg8bit.png,,0.46812749659333236,0.5318725034066676,0.8919987678527832,0.9682239890098572,0.09312784671783447,0.08128871023654938,0.19902865588665009,0.9240973591804504,0.23580718040466309,-6.519789695739746,6.481204032897949,0.004891097545623779,0.040367502719163895,485985,4.409727250276774,7.414452750708733,16.358448250684887,0.4436971550467218,0.5563028449532782,148752,0.9899769523503242,0.010023047649675765,18657,0.08220667392015457,0.0005400890950113535,14.742580999154598,0.03873192146420479,0.9612680785357952,0.14307451248168945,0.26095661520957947,0.026105515658855438,0.506525993347168,0.49347400665283203,0.5285764932632446,0.5555459856987,0.28995516896247864,0.506525993347168,0.49347400665283203,0.506525993347168,0.49347400665283203,0.48324474282712626,0.5167552571728737,0.8872393369674683,0.4194120556875154,0.5805879443124846,0.0,0.9801683014418181,0.0198316985581819,0.0,0.015117246233793846,0.015117246233793846,0.013714415021240711,0.018473822623491287,0.9848827537662062,0.015117246233793846,0.035424962639808655,0.0008045515860430896,439679
b1_cityscapes_val,2026-07-07 05:27:40,cityscapes,val,all,student_skd,/scratch/gautschi/manors/hf_cache/hub/models--nvidia--mit-b1/snapshots/13ddceec4e8bdf401e7cd7acf5aebc526222518c,runs/mit-b1_skd_j9200315/student_skd.ckpt,skd,img_000311,/home/manors/Guardrail-Distillation/data/cityscapes/leftImg8bit/val/lindau/lindau_000044_000019_leftImg8bit.png,,0.468862139010691,0.5311378609893089,0.9829627871513367,0.9877453446388245,0.05713189020752907,0.031408101320266724,0.12124300748109818,0.9671096205711365,0.1150527149438858,-5.66169548034668,5.647128105163574,0.0008071442134678364,0.014528595842421055,309734,4.409727250276774,7.414452750708733,16.358448250684887,0.49911619685552144,0.5008838031444786,10749,0.971921219249731,0.02807878075026904,79918,0.03173092380166054,0.00023894148762337863,14.742580999154598,0.012980706058442593,0.9870192939415574,0.01694810576736927,0.07800628989934921,0.0040712603367865086,0.5010178089141846,0.49898219108581543,0.5075599551200867,0.5191269516944885,0.28885969519615173,0.5010178089141846,0.49898219108581543,0.5010178089141846,0.49898219108581543,0.31635186423067774,0.6836481357693223,0.9886451363563538,1.0,0.0,0.5008838031444786,0.9870367126304462,0.012963287369553766,0.015115493380715272,0.0,0.0,0.009117500856518745,0.0034352056682109833,1.0,0.0,0.01299179345369339,0.0021922036539763212,297946
b1_cityscapes_val,2026-07-07 05:27:40,cityscapes,val,all,student_skd,/scratch/gautschi/manors/hf_cache/hub/models--nvidia--mit-b1/snapshots/13ddceec4e8bdf401e7cd7acf5aebc526222518c,runs/mit-b1_skd_j9200315/student_skd.ckpt,skd,img_000312,/home/manors/Guardrail-Distillation/data/cityscapes/leftImg8bit/val/lindau/lindau_000045_000019_leftImg8bit.png,,0.5410706778596751,0.4589293221403249,0.928436815738678,0.9615455269813538,0.0967763289809227,0.10822739452123642,0.21440154314041138,0.8935545682907104,0.33865588903427124,-4.94711446762085,4.901185035705566,0.005486529786139727,0.045807819813489914,318963,4.364012999758415,7.420358249873971,16.377176249989134,0.2958021477383664,0.7041978522616337,15365,0.0,1.0,0,0.10987287759780884,0.0007128820288926363,14.730021000104898,0.06921730935573578,0.9307826906442642,0.26046133041381836,0.3748326003551483,0.06674991548061371,0.5166813135147095,0.4833186864852905,0.5667734742164612,0.6000946760177612,0.3610647916793823,0.5166813135147095,0.4833186864852905,0.5166813135147095,0.4833186864852905,0.513900866066926,0.486099133933074,0.9442819356918335,0.4920598763423365,0.5079401236576635,0.19625772860397017,0.0,1.0,0.0,0.0,0.0,0.0221687164157629,0.006323617417365313,1.0,0.0,0.03298815339803696,0.0019218530505895615,282989
b1_cityscapes_val,2026-07-07 05:27:40,cityscapes,val,all,student_skd,/scratch/gautschi/manors/hf_cache/hub/models--nvidia--mit-b1/snapshots/13ddceec4e8bdf401e7cd7acf5aebc526222518c,runs/mit-b1_skd_j9200315/student_skd.ckpt,skd,img_000313,/home/manors/Guardrail-Distillation/data/cityscapes/leftImg8bit/val/lindau/lindau_000046_000019_leftImg8bit.png,,0.3560339685624915,0.6439660314375085,0.9153345227241516,0.9518542289733887,0.11036500334739685,0.12042449414730072,0.23823057115077972,0.8962975144386292,0.30644065141677856,-4.8586626052856445,4.800512313842773,0.005808851681649685,0.060164034366607666,308839,4.364012999758415,7.420358249873971,16.377176249989134,0.2948285282679266,0.7051714717320734,10371,0.22929438573848512,0.7707056142615148,1308,0.12176766991615295,0.0009923739125952125,14.730021000104898,0.06592362374067307,0.9340763762593269,0.2567760646343231,0.32215049862861633,0.06706579029560089,0.5167601704597473,0.4832398295402527,0.5729283690452576,0.589949905872345,0.3311949372291565,0.5167601704597473,0.4832398295402527,0.5167601704597473,0.4832398295402527,0.43412288160410184,0.5658771183958982,0.956323504447937,0.49826439109054094,0.5017356089094591,0.20343586282261428,0.3521428081643848,0.6478571918356152,0.12284842242589966,0.07808891304161036,0.07808891304161036,0.05015558376908302,0.009166588075459003,0.9219110869583896,0.07808891304161036,0.061413876712322235,0.011815217323601246,261859
b1_cityscapes_val,2026-07-07 05:27:40,cityscapes,val,all,student_skd,/scratch/gautschi/manors/hf_cache/hub/models--nvidia--mit-b1/snapshots/13ddceec4e8bdf401e7cd7acf5aebc526222518c,runs/mit-b1_skd_j9200315/student_skd.ckpt,skd,img_000314,/home/manors/Guardrail-Distillation/data/cityscapes/leftImg8bit/val/lindau/lindau_000047_000019_leftImg8bit.png,,0.5789237799285641,0.42107622007143586,0.9593524932861328,0.9584569931030273,0.1029721051454544,0.11131422221660614,0.22235016524791718,0.8871378302574158,0.37438371777534485,-4.499703884124756,4.449632167816162,0.00582484994083643,0.05315057188272476,316403,4.364012999758415,7.420358249873971,16.377176249989134,0.4916763858328392,0.5083236141671608,17097,0.4325433060639111,0.5674566939360889,4600,0.11368198692798615,0.0011090170592069626,14.730021000104898,0.066703200340271,0.933296799659729,0.2505808472633362,0.3608444929122925,0.06450271606445312,0.5161200761795044,0.4838799238204956,0.5673562288284302,0.6051857471466064,0.3458617627620697,0.5161200761795044,0.4838799238204956,0.5161200761795044,0.4838799238204956,0.43984579176652244,0.5601542082334776,0.9581862688064575,0.2719392123287671,0.7280607876712328,0.0,0.4970285433981738,0.5029714566018262,0.0644852373342627,0.0,0.0,0.0164537001401186,0.017619933933019638,1.0,0.0,0.03991744667291641,0.00013274210505187511,277289
b1_cityscapes_val,2026-07-07 05:27:40,cityscapes,val,all,student_skd,/scratch/gautschi/manors/hf_cache/hub/models--nvidia--mit-b1/snapshots/13ddceec4e8bdf401e7cd7acf5aebc526222518c,runs/mit-b1_skd_j9200315/student_skd.ckpt,skd,img_000315,/home/manors/Guardrail-Distillation/data/cityscapes/leftImg8bit/val/lindau/lindau_000048_000019_leftImg8bit.png,,0.4790877206761466,0.5209122793238534,0.9615477323532104,0.9685700535774231,0.09319211542606354,0.0801994651556015,0.20118175446987152,0.9250377416610718,0.23904283344745636,-4.9721550941467285,4.933888912200928,0.004981754347681999,0.04044807329773903,318161,4.364012999758415,7.420358249873971,16.377176249989134,0.5157112908749827,0.4842887091250173,14227,0.9381280505311513,0.061871949468848664,20898,0.08111876994371414,0.0005365515244193375,14.730021000104898,0.048597607761621475,0.9514023922383785,0.18978440761566162,0.314843088388443,0.04760020971298218,0.5118978023529053,0.4881021976470947,0.550506055355072,0.5723739862442017,0.324409544467926,0.5118978023529053,0.4881021976470947,0.5118978023529053,0.4881021976470947,0.45520760021419143,0.5447923997858086,0.9724133014678955,0.5661045707381657,0.43389542926183433,0.05039327986318298,0.9880849842090152,0.011915015790984751,0.04995693367786391,0.0,0.0,0.017579149454832077,0.00671358173713088,1.0,0.0,0.025292225182056427,0.0008580561261624098,288062
b1_cityscapes_val,2026-07-07 05:27:41,cityscapes,val,all,student_skd,/scratch/gautschi/manors/hf_cache/hub/models--nvidia--mit-b1/snapshots/13ddceec4e8bdf401e7cd7acf5aebc526222518c,runs/mit-b1_skd_j9200315/student_skd.ckpt,skd,img_000316,/home/manors/Guardrail-Distillation/data/cityscapes/leftImg8bit/val/lindau/lindau_000049_000019_leftImg8bit.png,,0.3584473440885497,0.6415526559114503,0.9863314628601074,0.9891917109489441,0.05874943733215332,0.028060108423233032,0.13255459070205688,0.9713417887687683,0.10643763840198517,-4.999359607696533,4.98599100112915,0.002455624518916011,0.015354289673268795,301349,4.396410250592453,7.422114000291913,16.324957499818993,0.4421134421134421,0.5578865578865579,2574,0.2552083333333333,0.7447916666666667,384,0.02837279438972473,0.00018208607798442245,14.72181549979723,0.010354208759963512,0.9896457912400365,0.007304626051336527,0.03312541916966438,0.002757609821856022,0.5006893873214722,0.49931061267852783,0.5045579671859741,0.5103598237037659,0.28780531883239746,0.5006893873214722,0.49931061267852783,0.5006893873214722,0.49931061267852783,0.5959662243289623,0.4040337756710377,0.9928321838378906,1.0,0.0,0.5578865578865579,0.9739583333333334,0.02604166666666663,0.7187500000000001,0.23751888024041257,0.23751888024041257,0.008458631113171577,0.0019578628707677126,0.7624811197595874,0.23751888024041257,0.010608961805701256,0.0003252043388783932,292334
b1_cityscapes_val,2026-07-07 05:27:41,cityscapes,val,all,student_skd,/scratch/gautschi/manors/hf_cache/hub/models--nvidia--mit-b1/snapshots/13ddceec4e8bdf401e7cd7acf5aebc526222518c,runs/mit-b1_skd_j9200315/student_skd.ckpt,skd,img_000317,/home/manors/Guardrail-Distillation/data/cityscapes/leftImg8bit/val/lindau/lindau_000050_000019_leftImg8bit.png,,0.27652321305466787,0.7234767869453321,0.9123137593269348,0.965434193611145,0.09659579396247864,0.08810894191265106,0.20936809480190277,0.9214714765548706,0.24223467707633972,-4.768584728240967,4.726712703704834,0.005084427539259195,0.04442842677235603,335731,4.396410250592453,7.422114000291913,16.324957499818993,0.18340243972818102,0.816597560271819,24970,0.6653543307086615,0.33464566929133854,508,0.08937648683786392,0.0007095378241501749,14.72181549979723,0.05029725655913353,0.9497027434408665,0.197916641831398,0.3708561062812805,0.04738762229681015,0.5118446946144104,0.4881553053855896,0.5462944507598877,0.5883582830429077,0.2869979441165924,0.5118446946144104,0.4881553053855896,0.5118446946144104,0.4881553053855896,0.33582168471887397,0.664178315281126,0.9168590307235718,0.10640162595296267,0.8935983740470373,0.0,0.8090551181102362,0.19094488188976377,0.14370078740157477,0.0592984716642061,0.0592984716642061,0.017481258139014244,0.01293595228344202,0.9407015283357939,0.0592984716642061,0.04482755437493324,0.00119143002666533,300065
b1_cityscapes_val,2026-07-07 05:27:41,cityscapes,val,all,student_skd,/scratch/gautschi/manors/hf_cache/hub/models--nvidia--mit-b1/snapshots/13ddceec4e8bdf401e7cd7acf5aebc526222518c,runs/mit-b1_skd_j9200315/student_skd.ckpt,skd,img_000318,/home/manors/Guardrail-Distillation/data/cityscapes/leftImg8bit/val/lindau/lindau_000051_000019_leftImg8bit.png,,0.25243892598581635,0.7475610740141836,0.8563879728317261,0.9314496517181396,0.13604161143302917,0.17095394432544708,0.29495376348495483,0.8618373274803162,0.39380893111228943,-5.149743556976318,5.064578533172607,0.015351037494838238,0.09925442188978195,273076,4.396410250592453,7.422114000291913,16.324957499818993,0.09489747257987602,0.905102527420124,2097,0.49246523052411456,0.5075347694758854,30320,0.17283311486244202,0.0013082134537398815,14.72181549979723,0.08627868443727493,0.9137213155627251,0.33715593814849854,0.41973987221717834,0.08630118519067764,0.5215619206428528,0.4784380793571472,0.5866640210151672,0.6237440705299377,0.3124115765094757,0.5215619206428528,0.4784380793571472,0.5215619206428528,0.4784380793571472,0.301639426615045,0.6983605733849549,0.8645944595336914,0.1622953425528533,0.8377046574471467,0.06739786997297725,0.5657339946080113,0.4342660053919887,0.07326876408389671,0.04920050062922865,0.04920050062922865,0.040117036551237106,0.03191053122282028,0.9507994993707714,0.04920050062922865,0.08015717566013336,0.004024520516395569,218337
b1_cityscapes_val,2026-07-07 05:27:41,cityscapes,val,all,student_skd,/scratch/gautschi/manors/hf_cache/hub/models--nvidia--mit-b1/snapshots/13ddceec4e8bdf401e7cd7acf5aebc526222518c,runs/mit-b1_skd_j9200315/student_skd.ckpt,skd,img_000319,/home/manors/Guardrail-Distillation/data/cityscapes/leftImg8bit/val/lindau/lindau_000052_000019_leftImg8bit.png,,0.4347678565361207,0.5652321434638793,0.8475496172904968,0.9888010621070862,0.05797487869858742,0.03045465238392353,0.13738194108009338,0.9681315422058105,0.12181216478347778,-5.080857753753662,5.0671892166137695,0.0020998769905418158,0.014415273442864418,274778,4.396410250592453,7.422114000291913,16.324957499818993,0.0,1.0,0,0.4755737628871957,0.5244262371128043,4087,0.030964473262429237,0.000326153909554705,14.72181549979723,0.014727395959198475,0.9852726040408015,0.018992280587553978,0.07784940302371979,0.0038397442549467087,0.5009599328041077,0.49904006719589233,0.5074960589408875,0.5238099098205566,0.299379825592041,0.5009599328041077,0.49904006719589233,0.5009599328041077,0.49904006719589233,0.5327595169665762,0.4672404830334238,0.8516693115234375,0.0,1.0,0.0,0.7751307173547239,0.22486928264527606,0.2995569544675283,0.09799166043045549,0.09799166043045549,0.006135862320661545,0.0020161729771643877,0.9020083395695445,0.09799166043045549,0.010936100967228413,0.00013101485092192888,265515
b1_cityscapes_val,2026-07-07 05:27:41,cityscapes,val,all,student_skd,/scratch/gautschi/manors/hf_cache/hub/models--nvidia--mit-b1/snapshots/13ddceec4e8bdf401e7cd7acf5aebc526222518c,runs/mit-b1_skd_j9200315/student_skd.ckpt,skd,img_000320,/home/manors/Guardrail-Distillation/data/cityscapes/leftImg8bit/val/lindau/lindau_000053_000019_leftImg8bit.png,,0.6389941590233787,0.36100584097662125,0.9711900949478149,0.9770971536636353,0.08446171879768372,0.061915479600429535,0.1969328373670578,0.9424908757209778,0.1954527348279953,-6.326591491699219,6.29813289642334,0.00728739146143198,0.031179625540971756,365014,4.385589500088827,7.4218192503394675,16.367537999940396,0.8973480719068729,0.10265192809312707,26838,0.5628226194625637,0.43717738053743627,14762,0.06287594884634018,0.0007169209420681,14.75295499949425,0.029893619939684868,0.9701063800603151,0.07364557683467865,0.22766441106796265,0.02580196037888527,0.5064501166343689,0.4935498833656311,0.5152204036712646,0.5463376641273499,0.34213435649871826,0.5064501166343689,0.4935498833656311,0.5064501166343689,0.4935498833656311,0.6935057400092978,0.30649425999070223,0.9572125673294067,0.9814396227104267,0.01856037728957327,0.0840915508035538,0.8180478099221564,0.18195219007784358,0.2552251904595927,0.05451158098591902,0.05451158098591902,0.009218824096024036,0.023196369409561157,0.945488419014081,0.05451158098591902,0.03923137113451958,0.0014218632131814957,340863
b1_cityscapes_val,2026-07-07 05:27:41,cityscapes,val,all,student_skd,/scratch/gautschi/manors/hf_cache/hub/models--nvidia--mit-b1/snapshots/13ddceec4e8bdf401e7cd7acf5aebc526222518c,runs/mit-b1_skd_j9200315/student_skd.ckpt,skd,img_000321,/home/manors/Guardrail-Distillation/data/cityscapes/leftImg8bit/val/lindau/lindau_000054_000019_leftImg8bit.png,,0.49599982767993905,0.5040001723200609,0.8692606091499329,0.9693441987037659,0.08767355233430862,0.07811521738767624,0.18279875814914703,0.9287189245223999,0.20705868303775787,-6.604977130889893,6.568453311920166,0.0019087071996182203,0.03655611351132393,491956,4.385589500088827,7.4218192503394675,16.367537999940396,0.4022652153762418,0.5977347846237582,150859,0.24764362657091563,0.7523563734290843,2819,0.07938230037689209,0.0008361198124475777,14.75295499949425,0.042206600308418274,0.9577933996915817,0.17184051871299744,0.26924389600753784,0.03288021311163902,0.508219301700592,0.49178069829940796,0.5386217832565308,0.5701613426208496,0.3252217769622803,0.508219301700592,0.49178069829940796,0.508219301700592,0.49178069829940796,0.5641500317091055,0.4358499682908945,0.892246425151825,0.4162858967863834,0.5837141032136166,0.014020681410141567,0.24629712746858168,0.7537028725314183,0.0,0.06815020402916638,0.06815020402916638,0.037196412682533264,0.01421061996370554,0.9318497959708336,0.06815020402916638,0.05290919914841652,0.01317597460001707,444892
b1_cityscapes_val,2026-07-07 05:27:41,cityscapes,val,all,student_skd,/scratch/gautschi/manors/hf_cache/hub/models--nvidia--mit-b1/snapshots/13ddceec4e8bdf401e7cd7acf5aebc526222518c,runs/mit-b1_skd_j9200315/student_skd.ckpt,skd,img_000322,/home/manors/Guardrail-Distillation/data/cityscapes/leftImg8bit/val/lindau/lindau_000055_000019_leftImg8bit.png,,0.3634104954928222,0.6365895045071778,0.9036284685134888,0.957921028137207,0.10834883153438568,0.11595412343740463,0.25408047437667847,0.8919417262077332,0.3638050854206085,-5.555707931518555,5.503927707672119,0.010187196545302868,0.05510644614696503,443596,4.385589500088827,7.4218192503394675,16.367537999940396,0.24539464013368123,0.7546053598663187,150859,0.30724535610529097,0.692754643894709,11491,0.11802033334970474,0.0010199034586548805,14.75295499949425,0.1187555193901062,0.8812444806098938,0.41578972339630127,0.5149742364883423,0.14351382851600647,0.53581702709198,0.46418297290802,0.6223565340042114,0.6762481331825256,0.3826694190502167,0.53581702709198,0.46418297290802,0.53581702709198,0.46418297290802,0.4517886064516879,0.5482113935483122,0.9547132253646851,0.8741099056484898,0.12589009435151022,0.6287152655148085,0.23935185185185184,0.7606481481481482,0.0,0.08837811095886561,0.08837811095886561,0.0731724351644516,0.022087663412094116,0.9116218890411344,0.08837811095886561,0.10032776743173599,0.03810223564505577,387685
b1_cityscapes_val,2026-07-07 05:27:41,cityscapes,val,all,student_skd,/scratch/gautschi/manors/hf_cache/hub/models--nvidia--mit-b1/snapshots/13ddceec4e8bdf401e7cd7acf5aebc526222518c,runs/mit-b1_skd_j9200315/student_skd.ckpt,skd,img_000323,/home/manors/Guardrail-Distillation/data/cityscapes/leftImg8bit/val/lindau/lindau_000056_000019_leftImg8bit.png,,0.5600145047165964,0.4399854952834036,0.9511544108390808,0.9643426537513733,0.10403358936309814,0.09448964893817902,0.240133598446846,0.9189237356185913,0.2532673478126526,-6.718956470489502,6.674455642700195,0.011117899790406227,0.048610951751470566,473021,4.385589500088827,7.4218192503394675,16.367537999940396,0.7601147796270337,0.23988522037296633,150859,0.4756609049313676,0.5243390950686324,7868,0.09577878564596176,0.0007908140541985631,14.75295499949425,0.04353097453713417,0.9564690254628658,0.17812977731227875,0.31481966376304626,0.037808939814567566,0.509451150894165,0.49054884910583496,0.5391355156898499,0.5805978775024414,0.3058120608329773,0.509451150894165,0.49054884910583496,0.509451150894165,0.49054884910583496,0.6102318055880341,0.38976819441196586,0.9498605728149414,0.9164616544679659,0.0835383455320341,0.15634687484093224,0.4616166751398068,0.5383833248601932,0.0,0.05021730087143772,0.05021730087143772,0.019810959696769714,0.02110477164387703,0.9497826991285623,0.05021730087143772,0.04501280188560486,0.002467120997607708,423846
b1_cityscapes_val,2026-07-07 05:27:41,cityscapes,val,all,student_skd,/scratch/gautschi/manors/hf_cache/hub/models--nvidia--mit-b1/snapshots/13ddceec4e8bdf401e7cd7acf5aebc526222518c,runs/mit-b1_skd_j9200315/student_skd.ckpt,skd,img_000324,/home/manors/Guardrail-Distillation/data/cityscapes/leftImg8bit/val/lindau/lindau_000057_000019_leftImg8bit.png,,0.4989438567312471,0.5010561432687529,0.8948253393173218,0.9590849280357361,0.10490541160106659,0.10653062164783478,0.23049171268939972,0.906062126159668,0.2796866297721863,-6.998149394989014,6.948233604431152,0.007904634810984135,0.05214686319231987,455176,4.368825500023377,7.424582500789256,16.321544250786246,0.6186627478224183,0.38133725217758174,150859,0.6109390907195155,0.38906090928048453,23346,0.10803183913230896,0.0009689387516118586,14.673424750071717,0.051670365035533905,0.9483296349644661,0.20275729894638062,0.32841768860816956,0.05029646307229996,0.5125714540481567,0.48742854595184326,0.5477965474128723,0.576875627040863,0.3013858199119568,0.5125714540481567,0.48742854595184326,0.5125714540481567,0.48742854595184326,0.596906435685754,0.40309356431424603,0.9343067407608032,0.9739325749504966,0.026067425049503434,0.3552698271280783,0.6674056262240331,0.3325943737759669,0.056466535504517634,0.09796257895450688,0.09796257895450688,0.05550820007920265,0.01602676883339882,0.9020374210454931,0.09796257895450688,0.07535547018051147,0.027670616284012794,399545
b1_cityscapes_val,2026-07-07 05:27:41,cityscapes,val,all,student_skd,/scratch/gautschi/manors/hf_cache/hub/models--nvidia--mit-b1/snapshots/13ddceec4e8bdf401e7cd7acf5aebc526222518c,runs/mit-b1_skd_j9200315/student_skd.ckpt,skd,img_000325,/home/manors/Guardrail-Distillation/data/cityscapes/leftImg8bit/val/lindau/lindau_000058_000019_leftImg8bit.png,,0.523075083260518,0.476924916739482,0.9810324907302856,0.9879883527755737,0.055105630308389664,0.03188224881887436,0.11857874691486359,0.9637537598609924,0.13364310562610626,-5.740349769592285,5.726199626922607,0.0005308773252181709,0.01309703104197979,485988,4.368825500023377,7.424582500789256,16.321544250786246,0.9207017036995155,0.07929829630048446,147841,0.9499404052443385,0.05005959475566146,2517,0.032429248094558716,0.000248800526605919,14.673424750071717,0.026306405663490295,0.9736935943365097,0.06295260041952133,0.1716027855873108,0.012784084305167198,0.5031960010528564,0.49680399894714355,0.5161907076835632,0.5419819951057434,0.31398481130599976,0.5031960010528564,0.49680399894714355,0.5031960010528564,0.49680399894714355,0.5606347252723839,0.4393652747276161,0.9780550003051758,0.8999559414320619,0.10004405856793808,0.0,0.9483512117600318,0.05164878823996821,0.0,0.0375596420118659,0.0375596420118659,0.0033622230403125286,0.006339662708342075,0.9624403579881341,0.0375596420118659,0.009839748963713646,0.0001481518120272085,467730
b1_cityscapes_val,2026-07-07 05:27:41,cityscapes,val,all,student_skd,/scratch/gautschi/manors/hf_cache/hub/models--nvidia--mit-b1/snapshots/13ddceec4e8bdf401e7cd7acf5aebc526222518c,runs/mit-b1_skd_j9200315/student_skd.ckpt,skd,img_000326,/home/manors/Guardrail-Distillation/data/cityscapes/leftImg8bit/val/munster/munster_000000_000019_leftImg8bit.png,,0.6481028104916946,0.3518971895083054,0.9494051337242126,0.966687798500061,0.09720322489738464,0.08620712906122208,0.21850231289863586,0.9254160523414612,0.22647595405578613,-7.079477787017822,7.038689136505127,0.006343993823975325,0.043740060180425644,483607,4.368825500023377,7.424582500789256,16.321544250786246,0.8948743072826938,0.10512569271730621,150859,0.4787756720371587,0.5212243279628412,35630,0.08796070516109467,0.0010741138830780983,14.673424750071717,0.03442272171378136,0.9655772782862186,0.13471665978431702,0.24436134099960327,0.023904254660010338,0.5059757828712463,0.49402421712875366,0.5228185057640076,0.5485891103744507,0.2724341154098511,0.5059757828712463,0.49402421712875366,0.5059757828712463,0.49402421712875366,0.6646762614676045,0.3353237385323955,0.9648164510726929,0.9084620927780159,0.09153790722198407,0.013587785495322136,0.5348889379954258,0.4651110620045742,0.056113265958267045,0.016573450975909898,0.016573450975909898,0.02386648580431938,0.008455212228000164,0.9834265490240901,0.016573450975909898,0.03427783027291298,0.0031306410674005747,434474
b1_cityscapes_val,2026-07-07 05:27:41,cityscapes,val,all,student_skd,/scratch/gautschi/manors/hf_cache/hub/models--nvidia--mit-b1/snapshots/13ddceec4e8bdf401e7cd7acf5aebc526222518c,runs/mit-b1_skd_j9200315/student_skd.ckpt,skd,img_000327,/home/manors/Guardrail-Distillation/data/cityscapes/leftImg8bit/val/munster/munster_000001_000019_leftImg8bit.png,,0.6355203163276072,0.3644796836723928,0.9846826195716858,0.9877799153327942,0.057657018303871155,0.03292260318994522,0.12753573060035706,0.9661086201667786,0.11565897613763809,-6.992178916931152,6.977571964263916,0.0013456245651468635,0.014669946394860744,492708,4.368825500023377,7.424582500789256,16.321544250786246,0.9676914053157678,0.032308594684232195,150859,0.9239774120849029,0.07602258791509708,55404,0.03348756954073906,0.00036634691059589386,14.673424750071717,0.015715910121798515,0.9842840898782015,0.01683374121785164,0.10280639678239822,0.0024621079210191965,0.5006155371665955,0.49938446283340454,0.506746232509613,0.5173696875572205,0.27278366684913635,0.5006155371665955,0.49938446283340454,0.5006155371665955,0.49938446283340454,0.6634532473624049,0.33654675263759515,0.9859145879745483,0.9483710661187787,0.05162893388122125,0.0,0.9529871144657923,0.04701288553420768,0.0290097023808894,0.02793293103479766,0.02793293103479766,0.004976578522473574,0.0037446115165948868,0.9720670689652023,0.02793293103479766,0.009271211922168732,0.0004911631112918258,474741
b1_cityscapes_val,2026-07-07 05:27:41,cityscapes,val,all,student_skd,/scratch/gautschi/manors/hf_cache/hub/models--nvidia--mit-b1/snapshots/13ddceec4e8bdf401e7cd7acf5aebc526222518c,runs/mit-b1_skd_j9200315/student_skd.ckpt,skd,img_000328,/home/manors/Guardrail-Distillation/data/cityscapes/leftImg8bit/val/munster/munster_000002_000019_leftImg8bit.png,,0.6047512992768679,0.3952487007231321,0.9607451558113098,0.9724666476249695,0.08803211152553558,0.07256411761045456,0.1978829950094223,0.9345346093177795,0.20524011552333832,-6.814119815826416,6.780609607696533,0.005108782090246677,0.03567114844918251,476043,4.366335249869735,7.413641749735689,16.26595349989657,0.9551032237551672,0.04489677624483279,147259,0.3675281467954433,0.6324718532045567,7142,0.07364051043987274,0.0006563885835930705,14.682486999845423,0.034112606197595596,0.9658873938024044,0.1200077012181282,0.25252923369407654,0.01995520479977131,0.5049886107444763,0.4950113892555237,0.5235220789909363,0.5516808032989502,0.29330527782440186,0.5049886107444763,0.4950113892555237,0.5049886107444763,0.4950113892555237,0.6567773915659583,0.34322260843404173,0.9677718281745911,0.9774461696385686,0.022553830361431437,0.022342945883401355,0.5193624029749022,0.4806375970250978,0.1518342561794589,0.052026092289090387,0.052026092289090387,0.017830321565270424,0.01080364640802145,0.9479739077109096,0.052026092289090387,0.030682101845741272,0.004029047675430775,436404
b1_cityscapes_val,2026-07-07 05:27:41,cityscapes,val,all,student_skd,/scratch/gautschi/manors/hf_cache/hub/models--nvidia--mit-b1/snapshots/13ddceec4e8bdf401e7cd7acf5aebc526222518c,runs/mit-b1_skd_j9200315/student_skd.ckpt,skd,img_000329,/home/manors/Guardrail-Distillation/data/cityscapes/leftImg8bit/val/munster/munster_000003_000019_leftImg8bit.png,,0.5930723381654178,0.4069276618345822,0.9600076079368591,0.972494900226593,0.0925874337553978,0.07380368560552597,0.2180526703596115,0.9363436102867126,0.20297881960868835,-6.716872215270996,6.682508945465088,0.008512521162629128,0.03741797059774399,490219,4.366335249869735,7.413641749735689,16.26595349989657,1.0,0.0,150859,0.7444157503437352,0.2555842496562648,15380,0.07513889670372009,0.0008627233328297734,14.682486999845423,0.03161131218075752,0.9683886878192425,0.0976780578494072,0.24456994235515594,0.020109286531805992,0.505027174949646,0.494972825050354,0.5186185836791992,0.5503034591674805,0.2655661404132843,0.505027174949646,0.494972825050354,0.505027174949646,0.494972825050354,0.6239057780871115,0.37609422191288855,0.9697951078414917,1.0,0.0,0.0,0.7314143909428205,0.26858560905717954,0.0,0.03083343992169363,0.03083343992169363,0.016604822129011154,0.006817360874265432,0.9691665600783064,0.03083343992169363,0.026898181065917015,0.0013932548463344574,451035
b1_cityscapes_val,2026-07-07 05:27:41,cityscapes,val,all,student_skd,/scratch/gautschi/manors/hf_cache/hub/models--nvidia--mit-b1/snapshots/13ddceec4e8bdf401e7cd7acf5aebc526222518c,runs/mit-b1_skd_j9200315/student_skd.ckpt,skd,img_000330,/home/manors/Guardrail-Distillation/data/cityscapes/leftImg8bit/val/munster/munster_000004_000019_leftImg8bit.png,,0.6368514882648254,0.3631485117351746,0.9514064192771912,0.96893709897995,0.09396949410438538,0.08444039523601532,0.2174183577299118,0.9239623546600342,0.24205763638019562,-6.655229091644287,6.617124080657959,0.007657045964151621,0.03886053338646889,488439,4.366335249869735,7.413641749735689,16.26595349989657,0.8303954380513447,0.16960456194865525,150859,0.6657174909990273,0.33428250900097267,5684,0.0860179215669632,0.0009012749069370329,14.682486999845423,0.04021996632218361,0.9597800336778164,0.15707598626613617,0.2705894708633423,0.035785749554634094,0.5089454650878906,0.4910545349121094,0.5376452803611755,0.566813051700592,0.27201083302497864,0.5089454650878906,0.4910545349121094,0.5089454650878906,0.4910545349121094,0.640203344101003,0.359796655898997,0.9698303937911987,0.9415527671980377,0.05844723280196229,0.11115732914669296,0.6162772143744618,0.3837227856255382,0.0,0.0033518558361775863,0.0033518558361775863,0.02817956730723381,0.009755567647516727,0.9966481441638224,0.0033518558361775863,0.039573006331920624,0.0077307503670454025,443067
b1_cityscapes_val,2026-07-07 05:27:41,cityscapes,val,all,student_skd,/scratch/gautschi/manors/hf_cache/hub/models--nvidia--mit-b1/snapshots/13ddceec4e8bdf401e7cd7acf5aebc526222518c,runs/mit-b1_skd_j9200315/student_skd.ckpt,skd,img_000331,/home/manors/Guardrail-Distillation/data/cityscapes/leftImg8bit/val/munster/munster_000005_000019_leftImg8bit.png,,0.5394355596393975,0.4605644403606025,0.9375390410423279,0.9644779562950134,0.09935534745454788,0.09289667755365372,0.22275038063526154,0.9185197353363037,0.24672284722328186,-6.557093143463135,6.513672828674316,0.006605690810829401,0.04635503888130188,486096,4.366335249869735,7.413641749735689,16.26595349989657,0.6204159506959406,0.3795840493040594,150859,0.27760814784323967,0.7223918521567603,5209,0.09445445984601974,0.0009048652136698365,14.682486999845423,0.04414350539445877,0.9558564946055412,0.17962218821048737,0.2946944236755371,0.038179535418748856,0.5095437169075012,0.4904562830924988,0.5387421250343323,0.5683344006538391,0.2592218220233917,0.5095437169075012,0.4904562830924988,0.5095437169075012,0.4904562830924988,0.58891849105265,0.41108150894734996,0.9381541609764099,0.6359378916705016,0.36406210832949837,0.015521940974561055,0.44271348244126774,0.5572865175587323,0.165105334598028,0.04948293141325255,0.04948293141325255,0.014260557480156422,0.013645452447235584,0.9505170685867474,0.04948293141325255,0.03529343754053116,0.0012425528839230537,434134
b1_cityscapes_val,2026-07-07 05:27:41,cityscapes,val,all,student_skd,/scratch/gautschi/manors/hf_cache/hub/models--nvidia--mit-b1/snapshots/13ddceec4e8bdf401e7cd7acf5aebc526222518c,runs/mit-b1_skd_j9200315/student_skd.ckpt,skd,img_000332,/home/manors/Guardrail-Distillation/data/cityscapes/leftImg8bit/val/munster/munster_000006_000019_leftImg8bit.png,,0.6637075774935457,0.3362924225064543,0.9521530270576477,0.9640643000602722,0.10358913242816925,0.09461355954408646,0.23973627388477325,0.9207926392555237,0.24043786525726318,-6.64530611038208,6.600691795349121,0.009419180452823639,0.050486717373132706,447385,4.349188000560389,7.401743750051537,16.252386750238657,0.8910851521303766,0.10891484786962335,139691,0.9192035717751175,0.08079642822488253,11598,0.09609855711460114,0.0008334340527653694,14.678391749839648,0.03931834548711777,0.9606816545128822,0.1545267403125763,0.30238595604896545,0.035545773804187775,0.5088855028152466,0.4911144971847534,0.5310367345809937,0.5717929005622864,0.26039645075798035,0.5088855028152466,0.4911144971847534,0.5088855028152466,0.4911144971847534,0.7936520599744702,0.2063479400255298,0.9631882905960083,0.7995429916185242,0.20045700838147584,0.0,0.9565170046109384,0.04348299538906164,0.03731343283582089,0.1299444824809245,0.1299444824809245,0.02085675671696663,0.009821518324315548,0.8700555175190755,0.1299444824809245,0.034200966358184814,0.0020519238896667957,400263
b1_cityscapes_val,2026-07-07 05:27:41,cityscapes,val,all,student_skd,/scratch/gautschi/manors/hf_cache/hub/models--nvidia--mit-b1/snapshots/13ddceec4e8bdf401e7cd7acf5aebc526222518c,runs/mit-b1_skd_j9200315/student_skd.ckpt,skd,img_000333,/home/manors/Guardrail-Distillation/data/cityscapes/leftImg8bit/val/munster/munster_000007_000019_leftImg8bit.png,,0.6175030360549439,0.38249696394505606,0.9356997609138489,0.9569265842437744,0.11468241363763809,0.10989168286323547,0.25769948959350586,0.9106391072273254,0.2644991874694824,-6.557178497314453,6.503162384033203,0.01378155592828989,0.06208076700568199,486157,4.349188000560389,7.401743750051537,16.252386750238657,0.9807565982797571,0.01924340172024286,150859,0.5776081927242779,0.4223918072757221,29855,0.11132720857858658,0.0011283245403319597,14.678391749839648,0.051512014120817184,0.9484879858791828,0.21664054691791534,0.36100977659225464,0.05224987119436264,0.5130594968795776,0.48694050312042236,0.5491876602172852,0.5892990231513977,0.2675200402736664,0.5130594968795776,0.48694050312042236,0.5130594968795776,0.48694050312042236,0.6649792775236254,0.3350207224763746,0.9519352912902832,0.9823485583531409,0.017651441646859056,0.0015919600733838024,0.635243981832254,0.36475601816774605,0.057635789107976065,0.04747624146868146,0.04747624146868146,0.027429411187767982,0.011193914338946342,0.9525237585313185,0.04747624146868146,0.04843085631728172,0.0009194560698233545,426092
b1_cityscapes_val,2026-07-07 05:27:41,cityscapes,val,all,student_skd,/scratch/gautschi/manors/hf_cache/hub/models--nvidia--mit-b1/snapshots/13ddceec4e8bdf401e7cd7acf5aebc526222518c,runs/mit-b1_skd_j9200315/student_skd.ckpt,skd,img_000334,/home/manors/Guardrail-Distillation/data/cityscapes/leftImg8bit/val/munster/munster_000008_000019_leftImg8bit.png,,0.6402689997698191,0.3597310002301809,0.9736097455024719,0.9789859652519226,0.07527419924736023,0.05350545421242714,0.15964725613594055,0.9492842555046082,0.15725107491016388,-7.216464519500732,7.191260814666748,0.0018685346003621817,0.026072433218359947,493970,4.349188000560389,7.401743750051537,16.252386750238657,0.9750205898889149,0.024979410111085065,150859,0.4971695848108747,0.5028304151891253,108288,0.05430598184466362,0.0004794175911229104,14.678391749839648,0.020883508026599884,0.9791164919734001,0.04942978173494339,0.15345312654972076,0.010566486977040768,0.5026416182518005,0.49735838174819946,0.5113005638122559,0.5298271179199219,0.2793917655944824,0.5026416182518005,0.49735838174819946,0.5026416182518005,0.49735838174819946,0.7454112855862323,0.25458871441376774,0.9822438955307007,0.9709794167915042,0.029020583208495765,0.0,0.989204713356974,0.01079528664302598,0.4920351285460993,0.10514228581641316,0.10514228581641316,0.01359799224883318,0.004963864106684923,0.8948577141835868,0.10514228581641316,0.019513331353664398,0.0016458489699289203,461847
b1_cityscapes_val,2026-07-07 05:27:42,cityscapes,val,all,student_skd,/scratch/gautschi/manors/hf_cache/hub/models--nvidia--mit-b1/snapshots/13ddceec4e8bdf401e7cd7acf5aebc526222518c,runs/mit-b1_skd_j9200315/student_skd.ckpt,skd,img_000335,/home/manors/Guardrail-Distillation/data/cityscapes/leftImg8bit/val/munster/munster_000009_000019_leftImg8bit.png,,0.5949716955650084,0.4050283044349916,0.9579527974128723,0.9649558067321777,0.10091877728700638,0.08953720331192017,0.2254258096218109,0.9252445101737976,0.21860693395137787,-6.984643459320068,6.9414496421813965,0.0075861262157559395,0.047600600868463516,469805,4.349188000560389,7.401743750051537,16.252386750238657,0.8868429265570064,0.11315707344299364,150859,0.8810039128772815,0.11899608712271847,119696,0.0906250849366188,0.0008240578463301063,14.678391749839648,0.03649501875042915,0.9635049812495708,0.1394568681716919,0.27523112297058105,0.032442305237054825,0.5081098675727844,0.4918901324272156,0.5281339883804321,0.564393162727356,0.29530566930770874,0.5081098675727844,0.4918901324272156,0.5081098675727844,0.4918901324272156,0.6815386008033268,0.31846139919667316,0.9706622958183289,0.9357778868290438,0.06422211317095616,0.048934960272037475,0.8874739332499726,0.11252606675002741,0.0064700203726910654,0.08656690523831845,0.08656690523831845,0.01958046481013298,0.006870936136692762,0.9134330947616816,0.08656690523831845,0.028762998059391975,0.0007662753923796117,420650
b1_cityscapes_val,2026-07-07 05:27:42,cityscapes,val,all,student_skd,/scratch/gautschi/manors/hf_cache/hub/models--nvidia--mit-b1/snapshots/13ddceec4e8bdf401e7cd7acf5aebc526222518c,runs/mit-b1_skd_j9200315/student_skd.ckpt,skd,img_000336,/home/manors/Guardrail-Distillation/data/cityscapes/leftImg8bit/val/munster/munster_000010_000019_leftImg8bit.png,,0.6355423494515247,0.36445765054847534,0.9447911977767944,0.9543403387069702,0.11353461444377899,0.11888860911130905,0.25508013367652893,0.9007795453071594,0.2925039827823639,-6.571599960327148,6.51517391204834,0.011481923051178455,0.061885058879852295,487549,4.346963500211132,7.412950500111037,16.256003999842505,0.6525927684022693,0.3474072315977307,150540,0.6864387027714202,0.31356129722857984,49557,0.1207050308585167,0.0012277509085834026,14.675204000013764,0.0504312589764595,0.9495687410235405,0.2069881707429886,0.31737637519836426,0.0438288189470768,0.5109554529190063,0.48904454708099365,0.5465003848075867,0.5744720101356506,0.2729228436946869,0.5109554529190063,0.48904454708099365,0.5109554529190063,0.48904454708099365,0.6751879049551897,0.32481209504481035,0.948725163936615,0.6554530293227118,0.34454697067728823,0.002860260920442448,0.6233911615633337,0.37660883843666626,0.0,0.039645555503665,0.039645555503665,0.023987332358956337,0.02005336806178093,0.960354444496335,0.039645555503665,0.04731626808643341,0.0026397346518933773,421960
b1_cityscapes_val,2026-07-07 05:27:42,cityscapes,val,all,student_skd,/scratch/gautschi/manors/hf_cache/hub/models--nvidia--mit-b1/snapshots/13ddceec4e8bdf401e7cd7acf5aebc526222518c,runs/mit-b1_skd_j9200315/student_skd.ckpt,skd,img_000337,/home/manors/Guardrail-Distillation/data/cityscapes/leftImg8bit/val/munster/munster_000011_000019_leftImg8bit.png,,0.5454952907642501,0.4545047092357499,0.9565555453300476,0.9672058820724487,0.09785788506269455,0.08588302135467529,0.22633351385593414,0.9280456304550171,0.21678492426872253,-7.11935567855835,7.078874111175537,0.00781213166192174,0.04293802008032799,487703,4.346963500211132,7.412950500111037,16.256003999842505,0.8636496197467994,0.13635038025320056,150859,0.47937690231924435,0.5206230976807557,75119,0.08721137046813965,0.0007868550019338727,14.675204000013764,0.035256046801805496,0.9647439531981945,0.13646936416625977,0.2584753632545471,0.023850267753005028,0.5059623122215271,0.4940376877784729,0.5239603519439697,0.5497466325759888,0.2924101948738098,0.5059623122215271,0.4940376877784729,0.5059623122215271,0.4940376877784729,0.5691120352634904,0.4308879647365096,0.963625431060791,0.8717658069258869,0.1282341930741131,0.008116187179087464,0.4958215179002462,0.5041784820997538,0.016444615581001853,0.02361674449924034,0.02361674449924034,0.015564801171422005,0.008494924753904343,0.9763832555007597,0.02361674449924034,0.026768341660499573,0.00039778309292159975,439524
b1_cityscapes_val,2026-07-07 05:27:42,cityscapes,val,all,student_skd,/scratch/gautschi/manors/hf_cache/hub/models--nvidia--mit-b1/snapshots/13ddceec4e8bdf401e7cd7acf5aebc526222518c,runs/mit-b1_skd_j9200315/student_skd.ckpt,skd,img_000338,/home/manors/Guardrail-Distillation/data/cityscapes/leftImg8bit/val/munster/munster_000012_000019_leftImg8bit.png,,0.7140806586801791,0.2859193413198209,0.9554047584533691,0.9717759490013123,0.08647209405899048,0.07322673499584198,0.18841949105262756,0.9316328763961792,0.21331681311130524,-6.720755577087402,6.686812877655029,0.0031017784494906664,0.03482580929994583,491331,4.346963500211132,7.412950500111037,16.256003999842505,0.9041862050452649,0.09581379495473508,150859,0.7451482997707983,0.25485170022920167,100610,0.07463163882493973,0.0007637424860149622,14.675204000013764,0.0357748307287693,0.9642251692712307,0.1308801770210266,0.24240560829639435,0.02756326086819172,0.5068903565406799,0.49310964345932007,0.5267127752304077,0.5515938401222229,0.2901778519153595,0.5068903565406799,0.49310964345932007,0.5068903565406799,0.49310964345932007,0.7886596214415089,0.21134037855849108,0.9720941185951233,0.9659554967061674,0.03404450329383257,0.0617692916609025,0.8826137172676999,0.11738628273230012,0.13746541749690155,0.0745789627613298,0.0745789627613298,0.023890206590294838,0.0072008478455245495,0.9254210372386702,0.0745789627613298,0.03180951252579689,0.0058616288006305695,448358
b1_cityscapes_val,2026-07-07 05:27:42,cityscapes,val,all,student_skd,/scratch/gautschi/manors/hf_cache/hub/models--nvidia--mit-b1/snapshots/13ddceec4e8bdf401e7cd7acf5aebc526222518c,runs/mit-b1_skd_j9200315/student_skd.ckpt,skd,img_000339,/home/manors/Guardrail-Distillation/data/cityscapes/leftImg8bit/val/munster/munster_000013_000019_leftImg8bit.png,,0.6766534968069458,0.32334650319305425,0.9450822472572327,0.9658206701278687,0.0974973514676094,0.09101567417383194,0.2193002551794052,0.9181007146835327,0.2551279067993164,-6.730659008026123,6.688925266265869,0.007296482101082802,0.04426051676273346,471323,4.346963500211132,7.412950500111037,16.256003999842505,0.6286917805431788,0.37130821945682124,138347,0.7222090408220213,0.2777909591779787,35767,0.09272632747888565,0.0010142666287720203,14.675204000013764,0.038388315588235855,0.9616116844117641,0.14335723221302032,0.2560313940048218,0.03644508868455887,0.5091102719306946,0.4908897280693054,0.5337811708450317,0.5591716170310974,0.2577781677246094,0.5091102719306946,0.4908897280693054,0.5091102719306946,0.4908897280693054,0.7321837299304739,0.26781627006952613,0.95936119556427,0.8456043721468439,0.15439562785315608,0.21691259160366516,0.8099245350481195,0.19007546495188055,0.08771549422609815,0.05553023312352812,0.05553023312352812,0.022424111142754555,0.008145157247781754,0.9444697668764719,0.05553023312352812,0.032565776258707047,0.0028685210272669792,423725
b1_cityscapes_val,2026-07-07 05:27:42,cityscapes,val,all,student_skd,/scratch/gautschi/manors/hf_cache/hub/models--nvidia--mit-b1/snapshots/13ddceec4e8bdf401e7cd7acf5aebc526222518c,runs/mit-b1_skd_j9200315/student_skd.ckpt,skd,img_000340,/home/manors/Guardrail-Distillation/data/cityscapes/leftImg8bit/val/munster/munster_000014_000019_leftImg8bit.png,,0.6666119799564701,0.33338802004352985,0.9668630361557007,0.9772654175758362,0.07974103093147278,0.05940374732017517,0.1756189614534378,0.9451667666435242,0.1720215231180191,-6.802960395812988,6.775439739227295,0.003515776013955474,0.029050331562757492,486948,4.348733999904653,7.402581499263761,16.25307150061417,0.8664456567285819,0.13355434327141813,150859,0.49091627571071966,0.5090837242892803,53975,0.06033652275800705,0.000566503091249615,14.672797250568692,0.024598779156804085,0.9754012208431959,0.0712880790233612,0.18179696798324585,0.020900020375847816,0.5052248239517212,0.4947751760482788,0.5182164311408997,0.5405943989753723,0.24968187510967255,0.5052248239517212,0.4947751760482788,0.5052248239517212,0.4947751760482788,0.7172481733338322,0.2827518266661678,0.9747406840324402,0.8473419519234799,0.15265804807652006,0.0,0.91130104500711,0.08869895499289004,0.42038476929639024,0.050636193377362027,0.050636193377362027,0.016009923070669174,0.008132285438477993,0.949363806622638,0.050636193377362027,0.025711165741086006,0.002468436025083065,453582
b1_cityscapes_val,2026-07-07 05:27:42,cityscapes,val,all,student_skd,/scratch/gautschi/manors/hf_cache/hub/models--nvidia--mit-b1/snapshots/13ddceec4e8bdf401e7cd7acf5aebc526222518c,runs/mit-b1_skd_j9200315/student_skd.ckpt,skd,img_000341,/home/manors/Guardrail-Distillation/data/cityscapes/leftImg8bit/val/munster/munster_000015_000019_leftImg8bit.png,,0.6579800867075184,0.3420199132924816,0.9521170854568481,0.9717192649841309,0.08998987823724747,0.0723005011677742,0.19554784893989563,0.9338223934173584,0.20666559040546417,-6.852866172790527,6.8183064460754395,0.005078083369880915,0.03804370015859604,488964,4.348733999904653,7.402581499263761,16.25307150061417,0.670670431631024,0.329329568368976,150859,0.8462006477916926,0.15379935220830743,50798,0.07357128709554672,0.0008112359209917486,14.672797250568692,0.031783949583768845,0.9682160504162312,0.10440386831760406,0.23178400099277496,0.02353818155825138,0.5058842897415161,0.4941157102584839,0.5236338376998901,0.5481402277946472,0.24141590297222137,0.5058842897415161,0.4941157102584839,0.5058842897415161,0.4941157102584839,0.727789546366909,0.27221045363309104,0.9679178595542908,0.6790005841673878,0.32099941583261216,0.008330152536363822,0.8687848283520787,0.1312151716479213,0.022584180560386136,0.06980945965939056,0.06980945965939056,0.021563958376646042,0.005763205233961344,0.9301905403406094,0.06980945965939056,0.028936689719557762,0.002474619774147868,447804
b1_cityscapes_val,2026-07-07 05:27:42,cityscapes,val,all,student_skd,/scratch/gautschi/manors/hf_cache/hub/models--nvidia--mit-b1/snapshots/13ddceec4e8bdf401e7cd7acf5aebc526222518c,runs/mit-b1_skd_j9200315/student_skd.ckpt,skd,img_000342,/home/manors/Guardrail-Distillation/data/cityscapes/leftImg8bit/val/munster/munster_000016_000019_leftImg8bit.png,,0.5487382527140107,0.45126174728598933,0.9786805510520935,0.9842487573623657,0.06490018963813782,0.04104156419634819,0.13913200795650482,0.9599340558052063,0.12782888114452362,-7.150081157684326,7.131274700164795,0.001434858306311071,0.018675031140446663,457188,4.348733999904653,7.402581499263761,16.25307150061417,0.39851841322495807,0.6014815867750419,126118,0.6432445387173847,0.35675546128261526,115241,0.041567057371139526,0.0003179539053235203,14.672797250568692,0.017744505777955055,0.982255494222045,0.02910352312028408,0.13807491958141327,0.010589823126792908,0.5026473999023438,0.49735260009765625,0.509962260723114,0.5268892645835876,0.26744720339775085,0.5026473999023438,0.49735260009765625,0.5026473999023438,0.49735260009765625,0.690897400442183,0.30910259955781705,0.9832497835159302,0.7441194605317595,0.2558805394682405,0.3456010473068014,0.6458601692700728,0.35413983072992716,0.0026156305526880974,0.14215914772817229,0.14215914772817229,0.01008119247853756,0.005511955823749304,0.8578408522718277,0.14215914772817229,0.016144342720508575,0.0011942570563405752,435098
b1_cityscapes_val,2026-07-07 05:27:42,cityscapes,val,all,student_skd,/scratch/gautschi/manors/hf_cache/hub/models--nvidia--mit-b1/snapshots/13ddceec4e8bdf401e7cd7acf5aebc526222518c,runs/mit-b1_skd_j9200315/student_skd.ckpt,skd,img_000343,/home/manors/Guardrail-Distillation/data/cityscapes/leftImg8bit/val/munster/munster_000017_000019_leftImg8bit.png,,0.5962383339436025,0.4037616660563975,0.962517499923706,0.9766745567321777,0.08003045618534088,0.05796414986252785,0.16891618072986603,0.9478077292442322,0.15460439026355743,-7.1783294677734375,7.150238513946533,0.0021286397241055965,0.030478933826088905,464616,4.348733999904653,7.402581499263761,16.25307150061417,1.0,0.0,124953,0.5394846551043315,0.4605153448956685,144972,0.05859067663550377,0.0004655894881580025,14.672797250568692,0.02369464375078678,0.9763053562492132,0.062042687088251114,0.1928602010011673,0.01608268916606903,0.5040205717086792,0.4959794282913208,0.515056312084198,0.5362175107002258,0.29397305846214294,0.5040205717086792,0.4959794282913208,0.5040205717086792,0.4959794282913208,0.5710264391281097,0.4289735608718903,0.9610969424247742,1.0,0.0,0.0,0.7051243005280055,0.29487569947199455,0.16563964542367393,0.0,0.0,0.008135750889778137,0.009556279517710209,1.0,0.0,0.018824148923158646,0.0004412246053107083,431122
b1_cityscapes_val,2026-07-07 05:27:42,cityscapes,val,all,student_skd,/scratch/gautschi/manors/hf_cache/hub/models--nvidia--mit-b1/snapshots/13ddceec4e8bdf401e7cd7acf5aebc526222518c,runs/mit-b1_skd_j9200315/student_skd.ckpt,skd,img_000344,/home/manors/Guardrail-Distillation/data/cityscapes/leftImg8bit/val/munster/munster_000018_000019_leftImg8bit.png,,0.6502987277835569,0.3497012722164431,0.9507445693016052,0.9684988260269165,0.09362922608852386,0.08196575194597244,0.20900960266590118,0.928477942943573,0.21598438918590546,-6.792038440704346,6.753673076629639,0.0055603571236133575,0.04077526554465294,483602,4.351226749349735,7.404816749840393,16.24132075085072,0.9898312239552377,0.010168776044762295,150859,0.5677983125783229,0.4322016874216771,26777,0.0833408385515213,0.0007884608930908144,14.676097500341712,0.03411440923810005,0.9658855907619,0.1332695335149765,0.24323105812072754,0.0288062896579504,0.507201075553894,0.49279892444610596,0.529344916343689,0.5532018542289734,0.2554611265659332,0.507201075553894,0.49279892444610596,0.507201075553894,0.49279892444610596,0.7559731755415355,0.24402682445846446,0.9493178129196167,0.9883048575276201,0.011695142472379905,0.0,0.7577771419314991,0.24222285806850086,0.18997882935317623,0.10567444775797863,0.10567444775797863,0.01464427262544632,0.01607106626033783,0.8943255522420214,0.10567444775797863,0.03250399976968765,0.0011372987646609545,437201
b1_cityscapes_val,2026-07-07 05:27:42,cityscapes,val,all,student_skd,/scratch/gautschi/manors/hf_cache/hub/models--nvidia--mit-b1/snapshots/13ddceec4e8bdf401e7cd7acf5aebc526222518c,runs/mit-b1_skd_j9200315/student_skd.ckpt,skd,img_000345,/home/manors/Guardrail-Distillation/data/cityscapes/leftImg8bit/val/munster/munster_000019_000019_leftImg8bit.png,,0.6155122867608435,0.38448771323915654,0.9721705913543701,0.9792985320091248,0.07645604759454727,0.0545368492603302,0.16877490282058716,0.9489157795906067,0.1614452600479126,-7.122265338897705,7.097189903259277,0.003235810436308384,0.0267256498336792,438530,4.351226749349735,7.404816749840393,16.24132075085072,0.7401842963121379,0.2598157036878621,124278,0.3308388410324556,0.6691611589675444,85856,0.055417656898498535,0.0004928145208396018,14.676097500341712,0.02294580452144146,0.9770541954785585,0.06243710592389107,0.17721092700958252,0.015095257200300694,0.5037737488746643,0.4962262511253357,0.5162565112113953,0.537593424320221,0.2820422053337097,0.5037737488746643,0.4962262511253357,0.5037737488746643,0.4962262511253357,0.5605705914057266,0.4394294085942734,0.9791028499603271,0.7347888320743823,0.2652111679256177,0.0,0.24753990369480816,0.7524600963051918,0.0,0.0,0.0,0.011105283163487911,0.004173032473772764,1.0,0.0,0.016532504931092262,0.00045378878712654114,411495
b1_cityscapes_val,2026-07-07 05:27:42,cityscapes,val,all,student_skd,/scratch/gautschi/manors/hf_cache/hub/models--nvidia--mit-b1/snapshots/13ddceec4e8bdf401e7cd7acf5aebc526222518c,runs/mit-b1_skd_j9200315/student_skd.ckpt,skd,img_000346,/home/manors/Guardrail-Distillation/data/cityscapes/leftImg8bit/val/munster/munster_000020_000019_leftImg8bit.png,,0.717697861787266,0.282302138212734,0.9577432870864868,0.9652569890022278,0.09742410480976105,0.09218060970306396,0.22229695320129395,0.9205664396286011,0.2397741973400116,-6.611536502838135,6.569273948669434,0.006232106126844883,0.04416820406913757,480255,4.351226749349735,7.404816749840393,16.24132075085072,0.8342630946051414,0.16573690539485864,150859,0.787919488880299,0.21208051111970105,21907,0.09376122057437897,0.000859146355651319,14.676097500341712,0.0375935323536396,0.9624064676463604,0.1477525532245636,0.26003754138946533,0.030741941183805466,0.5076848864555359,0.4923151135444641,0.5318823456764221,0.5583707690238953,0.2625042498111725,0.5076848864555359,0.4923151135444641,0.5076848864555359,0.4923151135444641,0.7912817380450139,0.2087182619549861,0.96775883436203,0.8373379137438732,0.16266208625612677,0.0030748191387318657,0.8214650598380855,0.1785349401619145,0.03354557095778654,0.07358387625774787,0.07358387625774787,0.01790298894047737,0.007887476123869419,0.9264161237422521,0.07358387625774787,0.02808091603219509,0.0012722407700493932,429345
b1_cityscapes_val,2026-07-07 05:27:42,cityscapes,val,all,student_skd,/scratch/gautschi/manors/hf_cache/hub/models--nvidia--mit-b1/snapshots/13ddceec4e8bdf401e7cd7acf5aebc526222518c,runs/mit-b1_skd_j9200315/student_skd.ckpt,skd,img_000347,/home/manors/Guardrail-Distillation/data/cityscapes/leftImg8bit/val/munster/munster_000021_000019_leftImg8bit.png,,0.4373884999901892,0.5626115000098109,0.9482791423797607,0.9673326015472412,0.09583663940429688,0.08409333229064941,0.21174679696559906,0.9258196353912354,0.22446972131729126,-6.72184944152832,6.681934833526611,0.005769496783614159,0.042947713285684586,483751,4.351226749349735,7.404816749840393,16.24132075085072,0.439811558856886,0.560188441143114,150859,0.3156383805946134,0.6843616194053865,38732,0.08523522317409515,0.0007324139587581158,14.676097500341712,0.03728169575333595,0.962718304246664,0.1489492803812027,0.28068479895591736,0.03148919716477394,0.5078716278076172,0.4921283721923828,0.5354829430580139,0.5694218873977661,0.27952226996421814,0.5078716278076172,0.4921283721923828,0.5078716278076172,0.4921283721923828,0.4489765861192624,0.5510234138807376,0.9509230852127075,0.5213853399880696,0.4786146600119304,0.08157378113118352,0.3224758973385728,0.6775241026614272,0.006837516743959382,0.01158808612907325,0.01158808612907325,0.023541035130620003,0.020897114649415016,0.9884119138709268,0.01158808612907325,0.047466568648815155,0.0032661431469023228,435872
b1_cityscapes_val,2026-07-07 05:27:42,cityscapes,val,all,student_skd,/scratch/gautschi/manors/hf_cache/hub/models--nvidia--mit-b1/snapshots/13ddceec4e8bdf401e7cd7acf5aebc526222518c,runs/mit-b1_skd_j9200315/student_skd.ckpt,skd,img_000348,/home/manors/Guardrail-Distillation/data/cityscapes/leftImg8bit/val/munster/munster_000022_000019_leftImg8bit.png,,0.5795084298805918,0.4204915701194082,0.9502094984054565,0.9671151041984558,0.09882232546806335,0.08430667221546173,0.2229292392730713,0.928761899471283,0.21278329193592072,-6.894440650939941,6.853715896606445,0.0076277051120996475,0.04478811100125313,491760,4.3481185002747225,7.400103000691161,16.23996350008383,0.7172620188655913,0.28273798113440873,150859,0.6712425217896136,0.32875747821038637,19676,0.08545803278684616,0.0007838476449251175,14.683169749332592,0.03293262794613838,0.9670673720538616,0.10664492845535278,0.2398468405008316,0.025128817185759544,0.5062819123268127,0.49371808767318726,0.5210332274436951,0.5457296967506409,0.26426613330841064,0.5062819123268127,0.49371808767318726,0.5062819123268127,0.49371808767318726,0.5568485833996714,0.44315141660032864,0.9539369344711304,0.6984842774092941,0.3015157225907059,0.0,0.49931682173375913,0.5006831782662409,0.0,0.0,0.0,0.01210143230855465,0.008374003693461418,1.0,0.0,0.026008622720837593,0.0007218968821689487,443897
b1_cityscapes_val,2026-07-07 05:27:42,cityscapes,val,all,student_skd,/scratch/gautschi/manors/hf_cache/hub/models--nvidia--mit-b1/snapshots/13ddceec4e8bdf401e7cd7acf5aebc526222518c,runs/mit-b1_skd_j9200315/student_skd.ckpt,skd,img_000349,/home/manors/Guardrail-Distillation/data/cityscapes/leftImg8bit/val/munster/munster_000023_000019_leftImg8bit.png,,0.7039021814671587,0.29609781853284134,0.965930700302124,0.9723082780838013,0.0896073579788208,0.07362735271453857,0.20299893617630005,0.9327542781829834,0.21456776559352875,-6.719698429107666,6.685715198516846,0.006512784864753485,0.03563319146633148,478290,4.3481185002747225,7.400103000691161,16.23996350008383,0.988803895662389,0.01119610433761098,150632,0.6627487823751359,0.3372512176248641,16379,0.07501942664384842,0.0007539583602920175,14.683169749332592,0.03233465924859047,0.9676653407514095,0.1133885383605957,0.237102210521698,0.02760702557861805,0.5069013237953186,0.4930986762046814,0.5235694646835327,0.5494135022163391,0.2482062578201294,0.5069013237953186,0.4930986762046814,0.5069013237953186,0.4930986762046814,0.6554923388408677,0.34450766115913234,0.9653222560882568,0.6534912919755773,0.3465087080244227,0.0,0.6587230375324388,0.34127696246756123,0.0,0.0,0.0,0.013010933995246887,0.013619352132081985,1.0,0.0,0.028509898111224174,0.0013318279525265098,438945
b1_cityscapes_val,2026-07-07 05:27:42,cityscapes,val,all,student_skd,/scratch/gautschi/manors/hf_cache/hub/models--nvidia--mit-b1/snapshots/13ddceec4e8bdf401e7cd7acf5aebc526222518c,runs/mit-b1_skd_j9200315/student_skd.ckpt,skd,img_000350,/home/manors/Guardrail-Distillation/data/cityscapes/leftImg8bit/val/munster/munster_000024_000019_leftImg8bit.png,,0.5545148921103673,0.4454851078896327,0.9640159010887146,0.9682962894439697,0.0946548730134964,0.08004125952720642,0.20574212074279785,0.9316560626029968,0.1991608589887619,-6.934530258178711,6.895810127258301,0.0054985699243843555,0.04187469929456711,474487,4.3481185002747225,7.400103000691161,16.23996350008383,0.9549033754017167,0.04509662459828334,150859,0.2465010126658807,0.7534989873341194,33696,0.0810764953494072,0.0006208138656802475,14.683169749332592,0.03324424475431442,0.9667557552456856,0.12126036733388901,0.2479838877916336,0.023923462256789207,0.5059805512428284,0.49401944875717163,0.525639533996582,0.5517715811729431,0.27443817257881165,0.5059805512428284,0.49401944875717163,0.5059805512428284,0.49401944875717163,0.6262229436772986,0.3737770563227014,0.9653162360191345,0.9672719340995917,0.03272806590040833,0.01236855869787501,0.43029630513372685,0.5697036948662731,0.1837952924678462,0.07170805156693127,0.07170805156693127,0.012095168232917786,0.01079481653869152,0.9282919484330687,0.07170805156693127,0.024299928918480873,0.0005584979080595076,428810
b1_cityscapes_val,2026-07-07 05:27:42,cityscapes,val,all,student_skd,/scratch/gautschi/manors/hf_cache/hub/models--nvidia--mit-b1/snapshots/13ddceec4e8bdf401e7cd7acf5aebc526222518c,runs/mit-b1_skd_j9200315/student_skd.ckpt,skd,img_000351,/home/manors/Guardrail-Distillation/data/cityscapes/leftImg8bit/val/munster/munster_000025_000019_leftImg8bit.png,,0.499114657411048,0.500885342588952,0.964398980140686,0.9731717705726624,0.0886271521449089,0.0687367245554924,0.1962571144104004,0.939163327217102,0.18793326616287231,-6.965474605560303,6.932599067687988,0.004998914431780577,0.03631313890218735,492907,4.3481185002747225,7.400103000691161,16.23996350008383,1.0,0.0,150859,0.3174358113407151,0.6825641886592849,27414,0.06973325461149216,0.00063015625346452,14.683169749332592,0.027761854231357574,0.9722381457686424,0.07895282655954361,0.2213139832019806,0.02034641057252884,0.5050864219665527,0.49491357803344727,0.5171947479248047,0.5444439053535461,0.2658641040325165,0.5050864219665527,0.49491357803344727,0.5050864219665527,0.49491357803344727,0.5598393242871569,0.4401606757128431,0.9711689949035645,1.0,0.0,0.0,0.38222497644368447,0.6177750235563155,0.06478916510296939,0.06072466687610889,0.06072466687610889,0.013241848908364773,0.00647180899977684,0.9392753331238911,0.06072466687610889,0.022071100771427155,0.0007161594112403691,453412
b1_cityscapes_val,2026-07-07 05:27:43,cityscapes,val,all,student_skd,/scratch/gautschi/manors/hf_cache/hub/models--nvidia--mit-b1/snapshots/13ddceec4e8bdf401e7cd7acf5aebc526222518c,runs/mit-b1_skd_j9200315/student_skd.ckpt,skd,img_000352,/home/manors/Guardrail-Distillation/data/cityscapes/leftImg8bit/val/munster/munster_000026_000019_leftImg8bit.png,,0.6290162901025164,0.37098370989748364,0.8977288007736206,0.9408420324325562,0.1280544549226761,0.14990286529064178,0.2829437255859375,0.8771474957466125,0.35860270261764526,-6.453907012939453,6.3803791999816895,0.015132860280573368,0.08277209848165512,490588,4.363059249953949,7.413635999910184,16.25082449936599,0.566486471800239,0.43351352819976097,150859,0.4785948784317542,0.5214051215682458,47593,0.152292862534523,0.001657392829656601,14.679926499411522,0.06552920490503311,0.9344707950949669,0.25397512316703796,0.3425224721431732,0.06553564220666885,0.5163780450820923,0.4836219549179077,0.5686283111572266,0.5930880904197693,0.3148011863231659,0.5163780450820923,0.4836219549179077,0.5163780450820923,0.4836219549179077,0.7436570264960077,0.25634297350399227,0.9401289820671082,0.7750399287507158,0.2249600712492842,0.20855345695047678,0.6175440733514495,0.38245592664855055,0.13894919491969526,0.11464073639349137,0.11464073639349137,0.05959990620613098,0.017199767753481865,0.8853592636065086,0.11464073639349137,0.08218301087617874,0.012947727926075459,404617
b1_cityscapes_val,2026-07-07 05:27:43,cityscapes,val,all,student_skd,/scratch/gautschi/manors/hf_cache/hub/models--nvidia--mit-b1/snapshots/13ddceec4e8bdf401e7cd7acf5aebc526222518c,runs/mit-b1_skd_j9200315/student_skd.ckpt,skd,img_000353,/home/manors/Guardrail-Distillation/data/cityscapes/leftImg8bit/val/munster/munster_000027_000019_leftImg8bit.png,,0.4858019256195206,0.5141980743804794,0.9543715715408325,0.9694150686264038,0.09423615783452988,0.08127066493034363,0.2179938405752182,0.929680347442627,0.21702179312705994,-6.680433750152588,6.642794609069824,0.007089255843311548,0.03993109613656998,462672,4.363059249953949,7.413635999910184,16.25082449936599,0.885161000925231,0.11483899907476902,135107,0.47224188011507273,0.5277581198849273,58070,0.08255641162395477,0.0007536711054854095,14.679926499411522,0.032670389860868454,0.9673296101391315,0.11022347211837769,0.24071961641311646,0.022952524945139885,0.5057379007339478,0.49426209926605225,0.5219839811325073,0.5459453463554382,0.2660776972770691,0.5057379007339478,0.49426209926605225,0.5057379007339478,0.49426209926605225,0.5669269451329236,0.43307305486707637,0.9591158032417297,0.7034396285558053,0.29656037144419467,0.0,0.6102466920689044,0.38975330793109564,0.13800481195383163,0.08112501951340301,0.08112501951340301,0.014031538739800453,0.009287357330322266,0.918874980486597,0.08112501951340301,0.029284246265888214,0.000711086904630065,420814
b1_cityscapes_val,2026-07-07 05:27:43,cityscapes,val,all,student_skd,/scratch/gautschi/manors/hf_cache/hub/models--nvidia--mit-b1/snapshots/13ddceec4e8bdf401e7cd7acf5aebc526222518c,runs/mit-b1_skd_j9200315/student_skd.ckpt,skd,img_000354,/home/manors/Guardrail-Distillation/data/cityscapes/leftImg8bit/val/munster/munster_000028_000019_leftImg8bit.png,,0.547574954127014,0.45242504587298604,0.9626132845878601,0.9711581468582153,0.08890171349048615,0.0746074840426445,0.19749249517917633,0.9338657855987549,0.20164549350738525,-6.530842304229736,6.495937347412109,0.0038145575672388077,0.03695950284600258,491538,4.363059249953949,7.413635999910184,16.25082449936599,0.9441061111253746,0.05589388887462543,150859,0.6103909258957267,0.38960907410427326,12309,0.07581460475921631,0.0007003168575465679,14.679926499411522,0.03123507834970951,0.9687649216502905,0.11748672276735306,0.23484700918197632,0.022024862468242645,0.5055059790611267,0.4944940209388733,0.5244991779327393,0.5528187155723572,0.2477852702140808,0.5055059790611267,0.4944940209388733,0.5055059790611267,0.4944940209388733,0.5812130679801673,0.41878693201983275,0.9673535227775574,0.9446173577068027,0.05538264229319734,0.0005112465814280931,0.6237252214475942,0.37627477855240576,0.013334295551867492,0.033638113853153295,0.033638113853153295,0.012971530668437481,0.008231306448578835,0.9663618861468467,0.033638113853153295,0.02246011607348919,0.001088420394808054,447686
b1_cityscapes_val,2026-07-07 05:27:43,cityscapes,val,all,student_skd,/scratch/gautschi/manors/hf_cache/hub/models--nvidia--mit-b1/snapshots/13ddceec4e8bdf401e7cd7acf5aebc526222518c,runs/mit-b1_skd_j9200315/student_skd.ckpt,skd,img_000355,/home/manors/Guardrail-Distillation/data/cityscapes/leftImg8bit/val/munster/munster_000029_000019_leftImg8bit.png,,0.6594420531323407,0.3405579468676593,0.9544320106506348,0.9660681486129761,0.10133057832717896,0.08664951473474503,0.2287924438714981,0.9282339811325073,0.21554218232631683,-6.70423698425293,6.662047863006592,0.009427509270608425,0.046913616359233856,491222,4.363059249953949,7.413635999910184,16.25082449936599,0.9096348266537282,0.09036517334627181,150859,0.5256661222019338,0.47433387779806624,15875,0.08772260695695877,0.0008083968423306942,14.679926499411522,0.03691723570227623,0.9630827642977238,0.1492323875427246,0.2756772041320801,0.03130194917321205,0.5078248381614685,0.4921751618385315,0.5310270190238953,0.5607846975326538,0.24782346189022064,0.5078248381614685,0.4921751618385315,0.5078248381614685,0.4921751618385315,0.5842166094734754,0.4157833905265246,0.9596598148345947,0.9007105656373695,0.09928943436263049,0.0,0.3851589326308543,0.6148410673691457,0.0,0.0,0.0,0.01993803307414055,0.014710254035890102,1.0,0.0,0.03761639446020126,0.0013476595049723983,441574
b1_cityscapes_val,2026-07-07 05:27:43,cityscapes,val,all,student_skd,/scratch/gautschi/manors/hf_cache/hub/models--nvidia--mit-b1/snapshots/13ddceec4e8bdf401e7cd7acf5aebc526222518c,runs/mit-b1_skd_j9200315/student_skd.ckpt,skd,img_000356,/home/manors/Guardrail-Distillation/data/cityscapes/leftImg8bit/val/munster/munster_000030_000019_leftImg8bit.png,,0.47571096069374474,0.5242890393062553,0.9490843415260315,0.9719572067260742,0.08839385956525803,0.07322843372821808,0.1961967945098877,0.9337035417556763,0.204803466796875,-6.647573947906494,6.613509178161621,0.004830569494515657,0.035915128886699677,485450,4.3431127505755285,7.406877750327112,16.258017999462027,0.9589340124359786,0.041065987564021356,150819,0.5862934768418719,0.41370652315812806,8328,0.07438188046216965,0.0007139004883356392,14.677500999823678,0.03225350379943848,0.9677464962005615,0.10310810059309006,0.2351280301809311,0.02536267787218094,0.5063403248786926,0.4936596751213074,0.5224005579948425,0.5484477877616882,0.2634185552597046,0.5063403248786926,0.4936596751213074,0.5063403248786926,0.4936596751213074,0.5673564129925593,0.43264358700744066,0.9515748023986816,0.989570928318583,0.010429071681417046,0.03063691588260431,0.6769327866449776,0.3230672133550224,0.09063930980310564,0.0916454522988146,0.0916454522988146,0.015824493020772934,0.013334020040929317,0.9083545477011854,0.0916454522988146,0.03214131295681,0.002793284598737955,444280
b1_cityscapes_val,2026-07-07 05:27:43,cityscapes,val,all,student_skd,/scratch/gautschi/manors/hf_cache/hub/models--nvidia--mit-b1/snapshots/13ddceec4e8bdf401e7cd7acf5aebc526222518c,runs/mit-b1_skd_j9200315/student_skd.ckpt,skd,img_000357,/home/manors/Guardrail-Distillation/data/cityscapes/leftImg8bit/val/munster/munster_000031_000019_leftImg8bit.png,,0.5686195095539541,0.43138049044604587,0.9529715776443481,0.9715762138366699,0.09022082388401031,0.07430800050497055,0.2014867067337036,0.9336931705474854,0.2048129439353943,-6.869744300842285,6.834977626800537,0.005650687497109175,0.03723527118563652,489321,4.3431127505755285,7.406877750327112,16.258017999462027,0.9926127900129882,0.007387209987011811,150859,0.3629538107169246,0.6370461892830754,34020,0.0755259245634079,0.0007510308641940355,14.677500999823678,0.029163653030991554,0.9708363469690084,0.09341692179441452,0.21507734060287476,0.024699589237570763,0.506174623966217,0.49382537603378296,0.5212193727493286,0.5452086925506592,0.24451692402362823,0.506174623966217,0.49382537603378296,0.506174623966217,0.49382537603378296,0.6799800634547141,0.32001993654528593,0.964601993560791,0.9930495876619057,0.006950412338094347,0.0004367976489174641,0.8294265074542442,0.17057349254575582,0.4664726967373196,0.11136055390075994,0.11136055390075994,0.021249854937195778,0.009619452059268951,0.8886394460992401,0.11136055390075994,0.03442525491118431,0.004561422858387232,447990
b1_cityscapes_val,2026-07-07 05:27:43,cityscapes,val,all,student_skd,/scratch/gautschi/manors/hf_cache/hub/models--nvidia--mit-b1/snapshots/13ddceec4e8bdf401e7cd7acf5aebc526222518c,runs/mit-b1_skd_j9200315/student_skd.ckpt,skd,img_000358,/home/manors/Guardrail-Distillation/data/cityscapes/leftImg8bit/val/munster/munster_000032_000019_leftImg8bit.png,,0.6086755435586414,0.3913244564413586,0.9533966779708862,0.9746178388595581,0.08467637747526169,0.06819719821214676,0.19382794201374054,0.9369364380836487,0.2041396051645279,-6.692616939544678,6.661719799041748,0.004697397816926241,0.032401252537965775,491123,4.3431127505755285,7.406877750327112,16.258017999462027,1.0,0.0,150859,0.8435294666397484,0.15647053336025163,44614,0.06980166584253311,0.0008950867340900004,14.677500999823678,0.03288032487034798,0.967119675129652,0.11493043601512909,0.24603742361068726,0.02612568438053131,0.5065310597419739,0.4934689402580261,0.5217851400375366,0.5542098879814148,0.2734663188457489,0.5065310597419739,0.4934689402580261,0.5065310597419739,0.4934689402580261,0.6295648451437955,0.3704351548562045,0.9579291343688965,1.0,0.0,0.0,0.8894182689911743,0.11058173100882573,0.045888802351425895,0.02088930158515412,0.02088930158515412,0.012837924994528294,0.008305455558001995,0.9791106984148459,0.02088930158515412,0.024545786902308464,0.0020015353802591562,453674
b1_cityscapes_val,2026-07-07 05:27:43,cityscapes,val,all,student_skd,/scratch/gautschi/manors/hf_cache/hub/models--nvidia--mit-b1/snapshots/13ddceec4e8bdf401e7cd7acf5aebc526222518c,runs/mit-b1_skd_j9200315/student_skd.ckpt,skd,img_000359,/home/manors/Guardrail-Distillation/data/cityscapes/leftImg8bit/val/munster/munster_000033_000019_leftImg8bit.png,,0.7165390170960294,0.2834609829039706,0.969584047794342,0.9810303449630737,0.0715789794921875,0.05010514333844185,0.15864942967891693,0.9519132375717163,0.15484338998794556,-6.804013252258301,6.781256198883057,0.002297935774549842,0.022665075957775116,490005,4.3431127505755285,7.406877750327112,16.258017999462027,0.6952293945124707,0.3047706054875293,150859,0.890997693405063,0.10900230659493704,58354,0.05136861279606819,0.0007785784546285868,14.677500999823678,0.023190047591924667,0.9768099524080753,0.06167770177125931,0.17359980940818787,0.016841787844896317,0.504210352897644,0.49578964710235596,0.5134100317955017,0.5373403429985046,0.24220183491706848,0.504210352897644,0.49578964710235596,0.504210352897644,0.49578964710235596,0.708143247855021,0.29185675214497897,0.9804247617721558,0.6991210686905517,0.3008789313094483,0.003891674178081006,0.9191285582108545,0.08087144178914552,0.028130864805791522,0.0,0.0,0.0163202416151762,0.005479536019265652,1.0,0.0,0.022885482758283615,0.0030918053817003965,461346
b1_cityscapes_val,2026-07-07 05:27:43,cityscapes,val,all,student_skd,/scratch/gautschi/manors/hf_cache/hub/models--nvidia--mit-b1/snapshots/13ddceec4e8bdf401e7cd7acf5aebc526222518c,runs/mit-b1_skd_j9200315/student_skd.ckpt,skd,img_000360,/home/manors/Guardrail-Distillation/data/cityscapes/leftImg8bit/val/munster/munster_000034_000019_leftImg8bit.png,,0.6465373368371226,0.35346266316287744,0.9584770798683167,0.9715086817741394,0.0869099348783493,0.07656434923410416,0.19306311011314392,0.9276310801506042,0.22945797443389893,-6.615381240844727,6.581058025360107,0.004311892669647932,0.034489087760448456,495606,4.361468249953759,7.414551999318064,16.247939750428486,0.9019285750635943,0.09807142493640575,150859,0.9949068632688678,0.0050931367311322084,112308,0.07773986458778381,0.0006566859083250165,14.67416274954303,0.04633933678269386,0.9536606632173061,0.18447113037109375,0.30105826258659363,0.04278180003166199,0.5106938481330872,0.48930615186691284,0.5429087281227112,0.5741017460823059,0.27941229939460754,0.5106938481330872,0.48930615186691284,0.5106938481330872,0.48930615186691284,0.7416291705963249,0.25837082940367506,0.9669515490531921,0.9239792998744206,0.07602070012557938,0.022050724810826372,0.9922712540513587,0.007728745948641258,0.0,0.09509183375920238,0.09509183375920238,0.017818588763475418,0.009344115853309631,0.9049081662407976,0.09509183375920238,0.02798190340399742,0.0023385509848594666,453260
b1_cityscapes_val,2026-07-07 05:27:43,cityscapes,val,all,student_skd,/scratch/gautschi/manors/hf_cache/hub/models--nvidia--mit-b1/snapshots/13ddceec4e8bdf401e7cd7acf5aebc526222518c,runs/mit-b1_skd_j9200315/student_skd.ckpt,skd,img_000361,/home/manors/Guardrail-Distillation/data/cityscapes/leftImg8bit/val/munster/munster_000035_000019_leftImg8bit.png,,0.5961639748451918,0.4038360251548082,0.971250593662262,0.9797455072402954,0.07444979250431061,0.053363751620054245,0.16243000328540802,0.9466652870178223,0.17342637479305267,-6.879449367523193,6.855045318603516,0.0024764530826359987,0.02514725551009178,488602,4.361468249953759,7.414551999318064,16.247939750428486,0.9466422387984802,0.053357761201519804,150859,0.9989125448594061,0.0010874551405939403,54614,0.05422592908143997,0.0004574969061650336,14.67416274954303,0.024324430152773857,0.9756755698472261,0.060954369604587555,0.17023755609989166,0.018441295251250267,0.5046101808547974,0.49538981914520264,0.5149800181388855,0.5317055583000183,0.2613496482372284,0.5046101808547974,0.49538981914520264,0.5046101808547974,0.49538981914520264,0.6346208665447719,0.3653791334552281,0.9762485027313232,0.954200811182052,0.04579918881794798,0.007558572383571827,0.9903285984483676,0.009671401551632375,0.0,0.03845689169958011,0.03845689169958011,0.011559510603547096,0.006561577320098877,0.9615431083004199,0.03845689169958011,0.019971264526247978,0.0010765407932922244,459373
b1_cityscapes_val,2026-07-07 05:27:43,cityscapes,val,all,student_skd,/scratch/gautschi/manors/hf_cache/hub/models--nvidia--mit-b1/snapshots/13ddceec4e8bdf401e7cd7acf5aebc526222518c,runs/mit-b1_skd_j9200315/student_skd.ckpt,skd,img_000362,/home/manors/Guardrail-Distillation/data/cityscapes/leftImg8bit/val/munster/munster_000036_000019_leftImg8bit.png,,0.7220041515713104,0.27799584842868963,0.9732555747032166,0.9789778590202332,0.07367756962776184,0.05590573325753212,0.15917299687862396,0.945144534111023,0.17241117358207703,-7.049288272857666,7.024211406707764,0.0024410863406956196,0.02429511398077011,483801,4.361468249953759,7.414551999318064,16.247939750428486,0.8949379804926023,0.10506201950739769,150802,0.8522440286262286,0.1477559713737714,71097,0.056749437004327774,0.0004682297876570374,14.67416274954303,0.02637406438589096,0.973625935614109,0.07206523418426514,0.18585190176963806,0.019272735342383385,0.5048180222511292,0.49518197774887085,0.5130206346511841,0.5322316884994507,0.2802830934524536,0.5048180222511292,0.49518197774887085,0.5048180222511292,0.49518197774887085,0.7700098337650068,0.22999016623499324,0.9768438339233398,0.9032144643193787,0.09678553568062132,0.00827648382677637,0.973408174106943,0.026591825893056975,0.12116414548071441,0.048005682193696386,0.048005682193696386,0.010680011473596096,0.007091759238392115,0.9519943178063036,0.048005682193696386,0.018811454996466637,0.0010169470915570855,453297
b1_cityscapes_val,2026-07-07 05:27:43,cityscapes,val,all,student_skd,/scratch/gautschi/manors/hf_cache/hub/models--nvidia--mit-b1/snapshots/13ddceec4e8bdf401e7cd7acf5aebc526222518c,runs/mit-b1_skd_j9200315/student_skd.ckpt,skd,img_000363,/home/manors/Guardrail-Distillation/data/cityscapes/leftImg8bit/val/munster/munster_000037_000019_leftImg8bit.png,,0.5342891300097458,0.46571086999025424,0.9657872915267944,0.9769386649131775,0.08391782641410828,0.05987635627388954,0.19199667870998383,0.9481862783432007,0.1599266529083252,-6.886026859283447,6.857495307922363,0.005414454732090235,0.031231654807925224,482043,4.361468249953759,7.414551999318064,16.247939750428486,0.7944407833399646,0.2055592166600354,150859,0.568567717765082,0.43143228223491803,10032,0.060871805995702744,0.0006450018845498562,14.67416274954303,0.026237813755869865,0.9737621862441301,0.06190581992268562,0.2016374170780182,0.021391145884990692,0.5053475499153137,0.4946524500846863,0.5144893527030945,0.5438221096992493,0.2307019680738449,0.5053475499153137,0.4946524500846863,0.5053475499153137,0.4946524500846863,0.5411658923087972,0.4588341076912028,0.9750188589096069,0.862552194619983,0.137447805380017,0.06811141128001841,0.6395071811142811,0.36049281888571894,0.0709394633491991,0.006876762299051431,0.006876762299051431,0.015799419954419136,0.006567879114300013,0.9931232377009486,0.006876762299051431,0.023983336985111237,0.002447914332151413,449528
b1_cityscapes_val,2026-07-07 05:27:43,cityscapes,val,all,student_skd,/scratch/gautschi/manors/hf_cache/hub/models--nvidia--mit-b1/snapshots/13ddceec4e8bdf401e7cd7acf5aebc526222518c,runs/mit-b1_skd_j9200315/student_skd.ckpt,skd,img_000364,/home/manors/Guardrail-Distillation/data/cityscapes/leftImg8bit/val/munster/munster_000038_000019_leftImg8bit.png,,0.6134049732794852,0.3865950267205148,0.942637026309967,0.9638680815696716,0.10156946629285812,0.09494464099407196,0.23165163397789001,0.9185960292816162,0.24759836494922638,-6.7002153396606445,6.655757904052734,0.008259838446974754,0.04736128821969032,491414,4.396127749714651,7.407122499898833,16.243924000264087,0.9287085217535207,0.0712914782464793,150859,0.6066494410545529,0.3933505589454471,70293,0.09652675688266754,0.0010172605980187654,14.684047750051832,0.044605910778045654,0.9553940892219543,0.18321943283081055,0.301532506942749,0.03902933746576309,0.5097560882568359,0.49024391174316406,0.5409610867500305,0.573515772819519,0.28350967168807983,0.5097560882568359,0.49024391174316406,0.5097560882568359,0.49024391174316406,0.7407522605023554,0.25924773949764457,0.9650458097457886,0.9814821825491074,0.01851781745089265,0.05277366079558665,0.6742089820564053,0.32579101794359466,0.06755954100185246,0.12734728722287025,0.12734728722287025,0.02951483055949211,0.007106024771928787,0.8726527127771297,0.12734728722287025,0.04040788486599922,0.003797205863520503,438357
b1_cityscapes_val,2026-07-07 05:27:43,cityscapes,val,all,student_skd,/scratch/gautschi/manors/hf_cache/hub/models--nvidia--mit-b1/snapshots/13ddceec4e8bdf401e7cd7acf5aebc526222518c,runs/mit-b1_skd_j9200315/student_skd.ckpt,skd,img_000365,/home/manors/Guardrail-Distillation/data/cityscapes/leftImg8bit/val/munster/munster_000039_000019_leftImg8bit.png,,0.6195433080682522,0.3804566919317478,0.9552937150001526,0.9717788100242615,0.09297242015600204,0.07415575534105301,0.2171856015920639,0.9370192289352417,0.19880129396915436,-6.670870780944824,6.635804653167725,0.007332353852689266,0.038676440715789795,492884,4.396127749714651,7.407122499898833,16.243924000264087,0.9700775711274844,0.029922428872515616,150859,0.697586453521978,0.302413546478022,36215,0.07574766129255295,0.0009785443544387817,14.684047750051832,0.037131328135728836,0.9628686718642712,0.14014315605163574,0.29188811779022217,0.027620211243629456,0.5069046020507812,0.49309539794921875,0.5308355689048767,0.5718140602111816,0.2767091393470764,0.5069046020507812,0.49309539794921875,0.5069046020507812,0.49309539794921875,0.6815377729889569,0.3184622270110431,0.9709444642066956,0.9484609487368028,0.051539051263197244,0.0,0.6695224196600571,0.3304775803399429,0.0,0.061994464920704706,0.061994464920704706,0.024186216294765472,0.00853547640144825,0.9380055350792953,0.061994464920704706,0.03581167012453079,0.006198212504386902,451440
b1_cityscapes_val,2026-07-07 05:27:43,cityscapes,val,all,student_skd,/scratch/gautschi/manors/hf_cache/hub/models--nvidia--mit-b1/snapshots/13ddceec4e8bdf401e7cd7acf5aebc526222518c,runs/mit-b1_skd_j9200315/student_skd.ckpt,skd,img_000366,/home/manors/Guardrail-Distillation/data/cityscapes/leftImg8bit/val/munster/munster_000040_000019_leftImg8bit.png,,0.7311947658602851,0.2688052341397149,0.9447991251945496,0.9655240178108215,0.1004594936966896,0.08881966024637222,0.22352105379104614,0.9228489995002747,0.23530329763889313,-6.660736083984375,6.618188858032227,0.008163419552147388,0.047367602586746216,475536,4.396127749714651,7.407122499898833,16.243924000264087,0.7013396435673193,0.29866035643268074,150859,0.6346324183745676,0.36536758162543237,65821,0.09079624712467194,0.0012408348266035318,14.684047750051832,0.042249083518981934,0.9577509164810181,0.1690278947353363,0.29004472494125366,0.041075605899095535,0.510267436504364,0.489732563495636,0.5408636927604675,0.5702695846557617,0.2555517554283142,0.510267436504364,0.489732563495636,0.510267436504364,0.489732563495636,0.713969624879585,0.28603037512041496,0.9512150287628174,0.7645423274496531,0.23545767255034689,0.06320268388233385,0.7000253990134956,0.2999746009865044,0.06539298063892796,0.0,0.0,0.020419064909219742,0.014003146439790726,1.0,0.0,0.03806862235069275,0.002510851016268134,427151
b1_cityscapes_val,2026-07-07 05:27:43,cityscapes,val,all,student_skd,/scratch/gautschi/manors/hf_cache/hub/models--nvidia--mit-b1/snapshots/13ddceec4e8bdf401e7cd7acf5aebc526222518c,runs/mit-b1_skd_j9200315/student_skd.ckpt,skd,img_000367,/home/manors/Guardrail-Distillation/data/cityscapes/leftImg8bit/val/munster/munster_000041_000019_leftImg8bit.png,,0.6641251874209965,0.33587481257900353,0.9611774682998657,0.978038489818573,0.08207709342241287,0.05959908291697502,0.19119639694690704,0.9444944858551025,0.18679526448249817,-7.02853536605835,7.0013604164123535,0.0063195559196174145,0.029158540070056915,462849,4.396127749714651,7.407122499898833,16.243924000264087,1.0,0.0,150859,0.5225185090044376,0.47748149099556236,59173,0.06074058637022972,0.0006813108921051025,14.684047750051832,0.028782382607460022,0.97121761739254,0.08574055135250092,0.22820216417312622,0.018982235342264175,0.5047454237937927,0.4952545762062073,0.521449863910675,0.5541493892669678,0.2818411886692047,0.5047454237937927,0.4952545762062073,0.5047454237937927,0.4952545762062073,0.6613808881510372,0.33861911184896276,0.9688624739646912,1.0,0.0,0.0,0.7812688806146444,0.2187311193853556,0.25875037161020675,0.0,0.0,0.018012354150414467,0.01032734289765358,1.0,0.0,0.03250952437520027,0.007697975262999535,433080
b1_cityscapes_val,2026-07-07 05:27:44,cityscapes,val,all,student_skd,/scratch/gautschi/manors/hf_cache/hub/models--nvidia--mit-b1/snapshots/13ddceec4e8bdf401e7cd7acf5aebc526222518c,runs/mit-b1_skd_j9200315/student_skd.ckpt,skd,img_000368,/home/manors/Guardrail-Distillation/data/cityscapes/leftImg8bit/val/munster/munster_000042_000019_leftImg8bit.png,,0.7207644448554236,0.27923555514457643,0.9705298542976379,0.9777393341064453,0.07643790543079376,0.061041370034217834,0.1722455620765686,0.9404582381248474,0.19394755363464355,-6.737338542938232,6.710687637329102,0.003112329635769129,0.026072274893522263,479705,4.3420357496870565,7.408203249724465,16.24269599960826,0.9918431938485519,0.008156806151448093,150464,0.7976772194258421,0.20232278057415787,45917,0.06217560917139053,0.0006162872887216508,14.680971250527364,0.0273943692445755,0.9726056307554245,0.08087179809808731,0.20475684106349945,0.01829494908452034,0.50457364320755,0.49542635679244995,0.520927906036377,0.5437430143356323,0.26799139380455017,0.50457364320755,0.49542635679244995,0.50457364320755,0.49542635679244995,0.7042048407529756,0.2957951592470244,0.9765897989273071,0.9852757146251403,0.014724285374859702,0.0,0.855355834042019,0.14464416595798102,0.05767861461617685,0.0,0.0,0.010744103230535984,0.004684128798544407,1.0,0.0,0.016345463693141937,0.00039190755342133343,447849
b1_cityscapes_val,2026-07-07 05:27:44,cityscapes,val,all,student_skd,/scratch/gautschi/manors/hf_cache/hub/models--nvidia--mit-b1/snapshots/13ddceec4e8bdf401e7cd7acf5aebc526222518c,runs/mit-b1_skd_j9200315/student_skd.ckpt,skd,img_000369,/home/manors/Guardrail-Distillation/data/cityscapes/leftImg8bit/val/munster/munster_000043_000019_leftImg8bit.png,,0.7490061244049632,0.25099387559503683,0.9729428291320801,0.9781078100204468,0.08016519248485565,0.05558338388800621,0.17449992895126343,0.9499092102050781,0.15429134666919708,-6.550928115844727,6.524144649505615,0.003800078062340617,0.02914348617196083,488411,4.3420357496870565,7.408203249724465,16.24269599960826,0.9655041938116303,0.03449580618836967,150859,0.8222134712600438,0.17778652873995615,69468,0.056536316871643066,0.0006291937897913158,14.680971250527364,0.028396720066666603,0.9716032799333334,0.08823487162590027,0.22041559219360352,0.02603999339044094,0.5065096616744995,0.4934903383255005,0.5216784477233887,0.5517878532409668,0.23323726654052734,0.5065096616744995,0.4934903383255005,0.5065096616744995,0.4934903383255005,0.84334991158988,0.15665008841011996,0.9806351065635681,0.9796220747148742,0.02037792528512583,0.01411788090324384,0.8794647907503548,0.12053520924964523,0.057251319490310926,0.09434378718491687,0.09434378718491687,0.012614374980330467,0.004922084044665098,0.9056562128150831,0.09434378718491687,0.018795644864439964,0.001023727934807539,456259
b1_cityscapes_val,2026-07-07 05:27:44,cityscapes,val,all,student_skd,/scratch/gautschi/manors/hf_cache/hub/models--nvidia--mit-b1/snapshots/13ddceec4e8bdf401e7cd7acf5aebc526222518c,runs/mit-b1_skd_j9200315/student_skd.ckpt,skd,img_000370,/home/manors/Guardrail-Distillation/data/cityscapes/leftImg8bit/val/munster/munster_000044_000019_leftImg8bit.png,,0.690909651994236,0.30909034800576396,0.9566687345504761,0.9715517163276672,0.09034904092550278,0.07424551248550415,0.2025798112154007,0.9339554905891418,0.20629318058490753,-6.410665035247803,6.3758673667907715,0.005675272084772587,0.03762960806488991,493016,4.3420357496870565,7.408203249724465,16.24269599960826,0.7656594655392277,0.2343405344607723,150859,0.7572890305415785,0.24271096945842152,65666,0.07552913576364517,0.0008838168578222394,14.680971250527364,0.03187718987464905,0.968122810125351,0.12287039309740067,0.22730712592601776,0.024704324081540108,0.5061757564544678,0.4938242435455322,0.5249956250190735,0.5508489608764648,0.24399450421333313,0.5061757564544678,0.4938242435455322,0.5061757564544678,0.4938242435455322,0.8124378823588508,0.18756211764114916,0.9701855182647705,0.8185831694948797,0.18141683050512025,0.052923703955652046,0.8586106320717888,0.14138936792821122,0.1013216015302103,0.1215282303646148,0.1215282303646148,0.02110479027032852,0.0075879888609051704,0.8784717696353852,0.1215282303646148,0.030558845028281212,0.0026307462248951197,450815
b1_cityscapes_val,2026-07-07 05:27:44,cityscapes,val,all,student_skd,/scratch/gautschi/manors/hf_cache/hub/models--nvidia--mit-b1/snapshots/13ddceec4e8bdf401e7cd7acf5aebc526222518c,runs/mit-b1_skd_j9200315/student_skd.ckpt,skd,img_000371,/home/manors/Guardrail-Distillation/data/cityscapes/leftImg8bit/val/munster/munster_000045_000019_leftImg8bit.png,,0.6909727713291877,0.30902722867081234,0.9724066853523254,0.9792476892471313,0.07787631452083588,0.053593479096889496,0.17386339604854584,0.9526060819625854,0.14487358927726746,-6.980875492095947,6.955541610717773,0.0035857874900102615,0.027400292456150055,492221,4.3420357496870565,7.408203249724465,16.24269599960826,0.9616339910210846,0.0383660089789154,150859,0.6667049152292602,0.33329508477073977,53429,0.05453842878341675,0.0005611180677078664,14.680971250527364,0.020346524193882942,0.9796534758061171,0.04156689718365669,0.1558644324541092,0.013886818662285805,0.5034716725349426,0.4965283274650574,0.5117878317832947,0.5324749946594238,0.23151196539402008,0.5034716725349426,0.4965283274650574,0.5034716725349426,0.4965283274650574,0.7085835910480666,0.29141640895193344,0.9741721153259277,0.9581662724720315,0.041833727527968545,0.0,0.7154088485615056,0.28459115143849445,0.04870393333224532,0.0176108197188789,0.0176108197188789,0.009570904076099396,0.007805436849594116,0.9823891802811211,0.0176108197188789,0.018642032518982887,0.0012636599130928516,461718
b1_cityscapes_val,2026-07-07 05:27:44,cityscapes,val,all,student_skd,/scratch/gautschi/manors/hf_cache/hub/models--nvidia--mit-b1/snapshots/13ddceec4e8bdf401e7cd7acf5aebc526222518c,runs/mit-b1_skd_j9200315/student_skd.ckpt,skd,img_000372,/home/manors/Guardrail-Distillation/data/cityscapes/leftImg8bit/val/munster/munster_000046_000019_leftImg8bit.png,,0.6223783233436286,0.37762167665637136,0.9381869435310364,0.9622431993484497,0.10154224932193756,0.09836718440055847,0.224811851978302,0.9130728840827942,0.26405850052833557,-6.497369766235352,6.451385498046875,0.006679967045783997,0.050231482833623886,470661,4.3597779995252495,7.403921499644639,16.247454000222206,0.36212073501638137,0.6378792649836187,141775,0.7405156989753615,0.2594843010246385,63319,0.10009527951478958,0.0011902309488505125,14.675432749754691,0.0459974929690361,0.9540025070309639,0.18002711236476898,0.28986409306526184,0.041615862399339676,0.5104024410247803,0.4895975589752197,0.5423621535301208,0.5709193348884583,0.2721322178840637,0.5104024410247803,0.4895975589752197,0.5104024410247803,0.4895975589752197,0.6717751263681345,0.3282248736318655,0.9444058537483215,0.3558928644605695,0.6441071355394306,0.0,0.8277231688163752,0.1722768311836248,0.08720746984101369,0.049396803024505886,0.049396803024505886,0.024935144931077957,0.018716230988502502,0.9506031969754941,0.049396803024505886,0.04839364066720009,0.006229536607861519,417388
b1_cityscapes_val,2026-07-07 05:27:44,cityscapes,val,all,student_skd,/scratch/gautschi/manors/hf_cache/hub/models--nvidia--mit-b1/snapshots/13ddceec4e8bdf401e7cd7acf5aebc526222518c,runs/mit-b1_skd_j9200315/student_skd.ckpt,skd,img_000373,/home/manors/Guardrail-Distillation/data/cityscapes/leftImg8bit/val/munster/munster_000047_000019_leftImg8bit.png,,0.6008251269300761,0.39917487306992394,0.9561330676078796,0.9741422533988953,0.08808720111846924,0.07074384391307831,0.2093507945537567,0.9362954497337341,0.21050035953521729,-6.742105960845947,6.710136890411377,0.007007203064858913,0.033887602388858795,479792,4.3597779995252495,7.403921499644639,16.247454000222206,0.7056248023907132,0.29437519760928677,150859,0.8495722652678693,0.15042773473213067,27430,0.07206418365240097,0.0008315930608659983,14.675432749754691,0.031181106343865395,0.9688188936561346,0.10099892318248749,0.237169086933136,0.02097918651998043,0.5052446126937866,0.4947553873062134,0.5179675817489624,0.5459343791007996,0.2825273275375366,0.5052446126937866,0.4947553873062134,0.5052446126937866,0.4947553873062134,0.6465662633053358,0.35343373669466416,0.9672983288764954,0.8932786135304696,0.10672138646953044,0.18765381113975632,0.8589437667186763,0.14105623328132366,0.009371501450807007,0.04574113637525978,0.04574113637525978,0.01831001788377762,0.007144762668758631,0.9542588636247402,0.04574113637525978,0.027868326753377914,0.004226831719279289,442995
b1_cityscapes_val,2026-07-07 05:27:44,cityscapes,val,all,student_skd,/scratch/gautschi/manors/hf_cache/hub/models--nvidia--mit-b1/snapshots/13ddceec4e8bdf401e7cd7acf5aebc526222518c,runs/mit-b1_skd_j9200315/student_skd.ckpt,skd,img_000374,/home/manors/Guardrail-Distillation/data/cityscapes/leftImg8bit/val/munster/munster_000048_000019_leftImg8bit.png,,0.6635012657388579,0.3364987342611421,0.9352166652679443,0.9578211307525635,0.11358340084552765,0.11408055573701859,0.2732366621494293,0.9065034985542297,0.2926219701766968,-6.675157070159912,6.622191429138184,0.01427319087088108,0.059379640966653824,492812,4.3597779995252495,7.403921499644639,16.247454000222206,0.8473333935338357,0.15266660646616426,150859,0.6265145829635064,0.3734854170364936,64834,0.11624209582805634,0.001421310706064105,14.675432749754691,0.04949629679322243,0.9505037032067776,0.2119477242231369,0.33461180329322815,0.04446425661444664,0.511114239692688,0.488885760307312,0.5440688133239746,0.581188976764679,0.28128647804260254,0.511114239692688,0.488885760307312,0.511114239692688,0.488885760307312,0.6878768219076893,0.3121231780923107,0.9502426981925964,0.9053310080855581,0.09466899191444189,0.057997614551722365,0.7489496629186698,0.2510503370813302,0.12243507995516345,0.024375556168831358,0.024375556168831358,0.02835969813168049,0.013333684764802456,0.9756244438311686,0.024375556168831358,0.0486169159412384,0.004149655345827341,432600
b1_cityscapes_val,2026-07-07 05:27:44,cityscapes,val,all,student_skd,/scratch/gautschi/manors/hf_cache/hub/models--nvidia--mit-b1/snapshots/13ddceec4e8bdf401e7cd7acf5aebc526222518c,runs/mit-b1_skd_j9200315/student_skd.ckpt,skd,img_000375,/home/manors/Guardrail-Distillation/data/cityscapes/leftImg8bit/val/munster/munster_000049_000019_leftImg8bit.png,,0.5854496271240913,0.4145503728759087,0.9461261630058289,0.9636629819869995,0.10127372294664383,0.09341444820165634,0.22720469534397125,0.9219263195991516,0.2291487157344818,-6.955392360687256,6.910873889923096,0.0069493139162659645,0.04844129458069801,480623,4.3597779995252495,7.403921499644639,16.247454000222206,1.0,0.0,150859,0.6759590692461176,0.3240409307538824,33099,0.0947369709610939,0.0008311061537824571,14.675432749754691,0.035307154059410095,0.9646928459405899,0.13998356461524963,0.25299111008644104,0.028093038126826286,0.5070227980613708,0.49297720193862915,0.5296062231063843,0.5566176772117615,0.2695460617542267,0.5070227980613708,0.49297720193862915,0.5070227980613708,0.49297720193862915,0.614280832622609,0.385719167377391,0.9555867910385132,1.0,0.0,0.0,0.5683119788854455,0.4316880211145545,0.0,0.028831205498517698,0.028831205498517698,0.020527523010969162,0.01106688566505909,0.9711687945014823,0.028831205498517698,0.03475489094853401,0.0025508557446300983,427282
b1_cityscapes_val,2026-07-07 05:27:44,cityscapes,val,all,student_skd,/scratch/gautschi/manors/hf_cache/hub/models--nvidia--mit-b1/snapshots/13ddceec4e8bdf401e7cd7acf5aebc526222518c,runs/mit-b1_skd_j9200315/student_skd.ckpt,skd,img_000376,/home/manors/Guardrail-Distillation/data/cityscapes/leftImg8bit/val/munster/munster_000050_000019_leftImg8bit.png,,0.5589855521231979,0.4410144478768021,0.9584676623344421,0.972431480884552,0.08800801634788513,0.07166673243045807,0.19623331725597382,0.9356284141540527,0.19829735159873962,-6.777701377868652,6.744158744812012,0.004249360878020525,0.03568483516573906,489956,4.341655249845644,7.412713749545219,16.256562249509443,1.0,0.0,150859,0.35144433463458513,0.6485556653654149,24312,0.07282029837369919,0.0007067194092087448,14.676615000098536,0.03198091313242912,0.9680190868675709,0.11407583206892014,0.22772210836410522,0.029196960851550102,0.5072987079620361,0.49270129203796387,0.5283969640731812,0.5516520738601685,0.24854493141174316,0.5072987079620361,0.49270129203796387,0.5072987079620361,0.49270129203796387,0.6667134877850833,0.3332865122149167,0.9741690754890442,1.0,0.0,0.0,0.4560967507220348,0.5439032492779652,0.10465241608744968,0.10772793566188543,0.10772793566188543,0.021750932559370995,0.006049522664397955,0.8922720643381146,0.10772793566188543,0.029286302626132965,0.0035166421439498663,448921
b1_cityscapes_val,2026-07-07 05:27:44,cityscapes,val,all,student_skd,/scratch/gautschi/manors/hf_cache/hub/models--nvidia--mit-b1/snapshots/13ddceec4e8bdf401e7cd7acf5aebc526222518c,runs/mit-b1_skd_j9200315/student_skd.ckpt,skd,img_000377,/home/manors/Guardrail-Distillation/data/cityscapes/leftImg8bit/val/munster/munster_000051_000019_leftImg8bit.png,,0.7037328727087843,0.29626712729121574,0.9358832240104675,0.9540148973464966,0.1130339652299881,0.12285702675580978,0.26491600275039673,0.8971138000488281,0.31297245621681213,-6.4571404457092285,6.400484085083008,0.01095899473875761,0.061410315334796906,480701,4.341655249845644,7.412713749545219,16.256562249509443,0.8685673196972209,0.1314326803027791,143323,0.6342150667769613,0.36578493322303873,36984,0.12508529424667358,0.0014801020734012127,14.676615000098536,0.05747479200363159,0.9425252079963684,0.23404958844184875,0.3352699875831604,0.05203607305884361,0.5130060911178589,0.4869939088821411,0.5565279126167297,0.5830669403076172,0.30728229880332947,0.5130060911178589,0.4869939088821411,0.5130060911178589,0.4869939088821411,0.7299581447523535,0.27004185524764646,0.9496131539344788,0.9430902248215959,0.05690977517840412,0.07452290512437498,0.6811601473459965,0.3188398526540035,0.046945080569035236,0.02622527204356928,0.02622527204356928,0.03398162126541138,0.020251674577593803,0.9737747279564307,0.02622527204356928,0.057836368680000305,0.010420198552310467,414564
b1_cityscapes_val,2026-07-07 05:27:44,cityscapes,val,all,student_skd,/scratch/gautschi/manors/hf_cache/hub/models--nvidia--mit-b1/snapshots/13ddceec4e8bdf401e7cd7acf5aebc526222518c,runs/mit-b1_skd_j9200315/student_skd.ckpt,skd,img_000378,/home/manors/Guardrail-Distillation/data/cityscapes/leftImg8bit/val/munster/munster_000052_000019_leftImg8bit.png,,0.7579279739984327,0.2420720260015673,0.9492044448852539,0.9536795020103455,0.11257237941026688,0.12063241750001907,0.25389978289604187,0.8985008597373962,0.30030256509780884,-6.80184268951416,6.74492883682251,0.010238828137516975,0.06049930676817894,476617,4.341655249845644,7.412713749545219,16.256562249509443,0.7584333642471432,0.24156663575285675,150859,0.8314372133383982,0.16856278666160185,46928,0.12267832458019257,0.0011746183736249804,14.676615000098536,0.048525791615247726,0.9514742083847523,0.1912238597869873,0.29836174845695496,0.042853809893131256,0.5107117891311646,0.48928821086883545,0.5418346524238586,0.5673787593841553,0.2927285134792328,0.5107117891311646,0.48928821086883545,0.5107117891311646,0.48928821086883545,0.7898543814423991,0.21014561855760094,0.9608301520347595,0.7023011954888035,0.29769880451119646,0.0,0.8837042889627923,0.1162957110372077,0.052267075624394144,0.031926407443966354,0.031926407443966354,0.02194424346089363,0.010318556800484657,0.9680735925560336,0.031926407443966354,0.03488545119762421,0.001036471570841968,409788
b1_cityscapes_val,2026-07-07 05:27:44,cityscapes,val,all,student_skd,/scratch/gautschi/manors/hf_cache/hub/models--nvidia--mit-b1/snapshots/13ddceec4e8bdf401e7cd7acf5aebc526222518c,runs/mit-b1_skd_j9200315/student_skd.ckpt,skd,img_000379,/home/manors/Guardrail-Distillation/data/cityscapes/leftImg8bit/val/munster/munster_000053_000019_leftImg8bit.png,,0.5161245970059524,0.48387540299404763,0.9514877796173096,0.9701694846153259,0.09429724514484406,0.07980314642190933,0.21870967745780945,0.9286580681800842,0.22855733335018158,-6.703991413116455,6.667008399963379,0.0078655406832695,0.038821205496788025,473839,4.341655249845644,7.412713749545219,16.256562249509443,0.9021287525791868,0.09787124742081321,149442,0.6130895615519474,0.3869104384480526,59425,0.08112112432718277,0.0008482036646455526,14.676615000098536,0.031900372356176376,0.9680996276438236,0.1048165038228035,0.2183256894350052,0.029970813542604446,0.5074921250343323,0.4925078749656677,0.5267606377601624,0.5519326329231262,0.2497076839208603,0.5074921250343323,0.4925078749656677,0.5074921250343323,0.4925078749656677,0.5863590663990165,0.41364093360098353,0.9653722047805786,0.8952174750846766,0.10478252491532336,0.0,0.6979880706151238,0.3020119293848762,0.08489850906317642,0.0702344693930641,0.0702344693930641,0.022210076451301575,0.008325613103806973,0.9297655306069359,0.0702344693930641,0.035051990300416946,0.003923273645341396,432542
b1_cityscapes_val,2026-07-07 05:27:44,cityscapes,val,all,student_skd,/scratch/gautschi/manors/hf_cache/hub/models--nvidia--mit-b1/snapshots/13ddceec4e8bdf401e7cd7acf5aebc526222518c,runs/mit-b1_skd_j9200315/student_skd.ckpt,skd,img_000380,/home/manors/Guardrail-Distillation/data/cityscapes/leftImg8bit/val/munster/munster_000054_000019_leftImg8bit.png,,0.6118515478528891,0.3881484521471109,0.9664875864982605,0.9742184281349182,0.08561313897371292,0.06919694691896439,0.19591857492923737,0.9355758428573608,0.2090422362089157,-7.01239538192749,6.980920791625977,0.005049289669841528,0.03259517252445221,486207,4.347304749899195,7.400509000035527,16.25198525016458,0.8919312592337872,0.10806874076621276,150859,0.47503255500317726,0.5249674449968227,30102,0.07043548673391342,0.0007153586484491825,14.677962250061682,0.023819241672754288,0.9761807583272457,0.07105563580989838,0.17076143622398376,0.015626883134245872,0.5039066672325134,0.4960933327674866,0.5148240327835083,0.530724287033081,0.2636743485927582,0.5039066672325134,0.4960933327674866,0.5039066672325134,0.4960933327674866,0.6359174389351602,0.3640825610648398,0.9686964750289917,0.8802061438380088,0.11979385616199123,0.0,0.5173841284032578,0.48261587159674224,0.042351573400080444,0.024065891082271085,0.024065891082271085,0.00938489194959402,0.007175956387072802,0.9759341089177289,0.024065891082271085,0.019205812364816666,0.00021184392971917987,448576
b1_cityscapes_val,2026-07-07 05:27:44,cityscapes,val,all,student_skd,/scratch/gautschi/manors/hf_cache/hub/models--nvidia--mit-b1/snapshots/13ddceec4e8bdf401e7cd7acf5aebc526222518c,runs/mit-b1_skd_j9200315/student_skd.ckpt,skd,img_000381,/home/manors/Guardrail-Distillation/data/cityscapes/leftImg8bit/val/munster/munster_000055_000019_leftImg8bit.png,,0.6848887195224387,0.3151112804775613,0.9524909853935242,0.9629917144775391,0.10298296809196472,0.09821498394012451,0.23642845451831818,0.9144814014434814,0.26479923725128174,-6.96695613861084,6.9213433265686035,0.00881497748196125,0.04934192821383476,492117,4.347304749899195,7.400509000035527,16.25198525016458,0.8817680548392701,0.11823194516072988,150859,0.8566766022651233,0.14332339773487668,67199,0.1000175029039383,0.0010814922861754894,14.677962250061682,0.04024852067232132,0.9597514793276787,0.1525125801563263,0.27096879482269287,0.0326082706451416,0.5081513524055481,0.4918486475944519,0.5318722724914551,0.5582916736602783,0.2909215986728668,0.5081513524055481,0.4918486475944519,0.5081513524055481,0.4918486475944519,0.6846594919685204,0.3153405080314796,0.9553622603416443,0.9116988746926141,0.08830112530738587,0.029930819853344004,0.8895198081912394,0.11048019180876056,0.032843205926116115,0.0,0.0,0.018501698970794678,0.015630429610610008,1.0,0.0,0.03757033497095108,0.0018471217481419444,438087
b1_cityscapes_val,2026-07-07 05:27:44,cityscapes,val,all,student_skd,/scratch/gautschi/manors/hf_cache/hub/models--nvidia--mit-b1/snapshots/13ddceec4e8bdf401e7cd7acf5aebc526222518c,runs/mit-b1_skd_j9200315/student_skd.ckpt,skd,img_000382,/home/manors/Guardrail-Distillation/data/cityscapes/leftImg8bit/val/munster/munster_000056_000019_leftImg8bit.png,,0.6893225067094303,0.3106774932905697,0.9577361345291138,0.9718223810195923,0.08815264701843262,0.07385487109422684,0.19761621952056885,0.9339318871498108,0.20348072052001953,-6.876710414886475,6.842536926269531,0.004484667908400297,0.03564688190817833,481641,4.347304749899195,7.400509000035527,16.25198525016458,0.9722079186880407,0.027792081311959316,150859,0.8000676687749082,0.1999323312250918,107311,0.07498922944068909,0.0006382606225088239,14.677962250061682,0.03297371789813042,0.9670262821018696,0.12424906343221664,0.2418251782655716,0.026210512965917587,0.5065522789955139,0.4934477210044861,0.5262876749038696,0.5516788959503174,0.26845234632492065,0.5065522789955139,0.4934477210044861,0.5065522789955139,0.4934477210044861,0.6917887410045724,0.30821125899542756,0.9705070853233337,0.9813156438125622,0.0186843561874378,0.009107725124521515,0.8844345128754376,0.11556548712456238,0.08436684410052941,0.0024662342951421445,0.0024662342951421445,0.019547754898667336,0.006776831578463316,0.9975337657048579,0.0024662342951421445,0.028359295800328255,0.0030935904942452908,440104
b1_cityscapes_val,2026-07-07 05:27:44,cityscapes,val,all,student_skd,/scratch/gautschi/manors/hf_cache/hub/models--nvidia--mit-b1/snapshots/13ddceec4e8bdf401e7cd7acf5aebc526222518c,runs/mit-b1_skd_j9200315/student_skd.ckpt,skd,img_000383,/home/manors/Guardrail-Distillation/data/cityscapes/leftImg8bit/val/munster/munster_000057_000019_leftImg8bit.png,,0.6244875743474084,0.3755124256525916,0.9612179398536682,0.9728475213050842,0.09001268446445465,0.06958035379648209,0.20044176280498505,0.938850462436676,0.18871407210826874,-6.689253807067871,6.655759334564209,0.005935593508183956,0.0365823432803154,488241,4.347304749899195,7.400509000035527,16.25198525016458,0.8860705733283213,0.11392942667167871,150859,0.5804383034997103,0.41956169650028974,52475,0.07068722695112228,0.0008335974998772144,14.677962250061682,0.029789162799715996,0.970210837200284,0.10087744891643524,0.23518429696559906,0.025202933698892593,0.5063003897666931,0.4936996102333069,0.5209982991218567,0.5495646595954895,0.243101105093956,0.5063003897666931,0.4936996102333069,0.5063003897666931,0.4936996102333069,0.72835508822889,0.27164491177111005,0.9712437391281128,0.9028261440931756,0.09717385590682437,0.016755570764854344,0.6847760589408212,0.31522394105917884,0.1043377554411109,0.10386751388148152,0.10386751388148152,0.01605764403939247,0.0060318573378026485,0.8961324861185185,0.10386751388148152,0.025698374956846237,0.0007250517955981195,448930
b1_cityscapes_val,2026-07-07 05:27:45,cityscapes,val,all,student_skd,/scratch/gautschi/manors/hf_cache/hub/models--nvidia--mit-b1/snapshots/13ddceec4e8bdf401e7cd7acf5aebc526222518c,runs/mit-b1_skd_j9200315/student_skd.ckpt,skd,img_000384,/home/manors/Guardrail-Distillation/data/cityscapes/leftImg8bit/val/munster/munster_000058_000019_leftImg8bit.png,,0.8142560464438471,0.18574395355615292,0.977927029132843,0.9836776256561279,0.0658930242061615,0.042694903910160065,0.14245791733264923,0.9584042429924011,0.1336900144815445,-6.741700172424316,6.722232341766357,0.0014885265845805407,0.019496820867061615,486387,4.342840499703016,7.415957749799418,16.235558250627946,0.9926352908589364,0.0073647091410635745,150859,0.8061671188721418,0.19383288112785824,30891,0.04350527003407478,0.0004600449465215206,14.682643500236736,0.018087903037667274,0.9819120969623327,0.03581230342388153,0.13419026136398315,0.01244143582880497,0.5031103491783142,0.4968896508216858,0.5110048651695251,0.527381181716919,0.223856583237648,0.5031103491783142,0.4968896508216858,0.5031103491783142,0.4968896508216858,0.8629668343138545,0.13703316568614554,0.9815825819969177,0.9838687784910687,0.016131221508931315,0.0,0.8802284991392276,0.11977150086077237,0.07406138026708586,0.04871078787000738,0.04871078787000738,0.008643322624266148,0.004987797699868679,0.9512892121299926,0.04871078787000738,0.014502855017781258,0.0014330152189359069,462115
b1_cityscapes_val,2026-07-07 05:27:45,cityscapes,val,all,student_skd,/scratch/gautschi/manors/hf_cache/hub/models--nvidia--mit-b1/snapshots/13ddceec4e8bdf401e7cd7acf5aebc526222518c,runs/mit-b1_skd_j9200315/student_skd.ckpt,skd,img_000385,/home/manors/Guardrail-Distillation/data/cityscapes/leftImg8bit/val/munster/munster_000059_000019_leftImg8bit.png,,0.6677312166082754,0.3322687833917246,0.9520918726921082,0.9588429927825928,0.10660573095083237,0.10270794481039047,0.23196066915988922,0.9131501317024231,0.25132736563682556,-6.438175678253174,6.387871265411377,0.0063501582480967045,0.05696693807840347,476996,4.342840499703016,7.415957749799418,16.235558250627946,0.9758778038678395,0.02412219613216049,145614,0.6147778058472613,0.38522219415273873,20668,0.10423173010349274,0.00129563023801893,14.682643500236736,0.038887254893779755,0.9611127451062202,0.14132900536060333,0.2616651654243469,0.0414484478533268,0.5103606581687927,0.4896393418312073,0.5366623401641846,0.5651602745056152,0.2579033672809601,0.5103606581687927,0.4896393418312073,0.5103606581687927,0.4896393418312073,0.788274935300661,0.21172506469933905,0.9720752835273743,0.9470295537947039,0.05297044620529612,0.0,0.7052579103625315,0.2947420896374685,0.09048010451527022,0.12054371869238556,0.12054371869238556,0.02870045229792595,0.00871705450117588,0.8794562813076144,0.12054371869238556,0.04043849557638168,0.0012494864640757442,416976
b1_cityscapes_val,2026-07-07 05:27:45,cityscapes,val,all,student_skd,/scratch/gautschi/manors/hf_cache/hub/models--nvidia--mit-b1/snapshots/13ddceec4e8bdf401e7cd7acf5aebc526222518c,runs/mit-b1_skd_j9200315/student_skd.ckpt,skd,img_000386,/home/manors/Guardrail-Distillation/data/cityscapes/leftImg8bit/val/munster/munster_000060_000019_leftImg8bit.png,,0.48412586519498496,0.5158741348050151,0.9248601198196411,0.9619569778442383,0.10499903559684753,0.09616099298000336,0.23725585639476776,0.9224066138267517,0.22227226197719574,-6.692881107330322,6.6458740234375,0.008532807230949402,0.0508141964673996,488702,4.342840499703016,7.415957749799418,16.235558250627946,0.5522015281801336,0.44779847181986643,150859,0.3850473345112359,0.614952665488764,47351,0.09731440246105194,0.0007871323032304645,14.682643500236736,0.04479135945439339,0.9552086405456066,0.1875305026769638,0.327629029750824,0.04807715490460396,0.5120169520378113,0.4879830479621887,0.5428693890571594,0.5829653739929199,0.2613210082054138,0.5120169520378113,0.4879830479621887,0.5120169520378113,0.4879830479621887,0.7070957756400981,0.29290422435990193,0.9662595391273499,0.7621717297282565,0.23782827027174347,0.20997020154812296,0.5646720280941552,0.4353279719058448,0.17962469358291921,0.22296991044511316,0.22296991044511316,0.049189481884241104,0.007790022995322943,0.7770300895548868,0.22296991044511316,0.06131139025092125,0.015492057427763939,431253
b1_cityscapes_val,2026-07-07 05:27:45,cityscapes,val,all,student_skd,/scratch/gautschi/manors/hf_cache/hub/models--nvidia--mit-b1/snapshots/13ddceec4e8bdf401e7cd7acf5aebc526222518c,runs/mit-b1_skd_j9200315/student_skd.ckpt,skd,img_000387,/home/manors/Guardrail-Distillation/data/cityscapes/leftImg8bit/val/munster/munster_000061_000019_leftImg8bit.png,,0.6378376447035224,0.36216235529647756,0.9738556742668152,0.9762588143348694,0.08152895420789719,0.06208218261599541,0.1826404333114624,0.9436823725700378,0.1762654334306717,-6.760585784912109,6.731787204742432,0.0039490144699811935,0.03017030470073223,480373,4.342840499703016,7.415957749799418,16.235558250627946,0.8281467502780723,0.17185324972192773,143741,0.6520823761415855,0.3479176238584145,42382,0.06330503523349762,0.0006831983337178826,14.682643500236736,0.025965141132473946,0.974034858867526,0.07603015750646591,0.19326995313167572,0.01724030263721943,0.5043099522590637,0.4956900477409363,0.5153430104255676,0.5379223823547363,0.24696265161037445,0.5043099522590637,0.4956900477409363,0.5043099522590637,0.4956900477409363,0.7213034056935822,0.2786965943064178,0.9794076085090637,0.9023257849867313,0.09767421501326867,0.07417903470865905,0.6653389121323313,0.3346610878676687,0.013256535990745832,0.08346576099005976,0.08346576099005976,0.012492375448346138,0.006940439809113741,0.9165342390099402,0.08346576099005976,0.020398730412125587,0.000714028428774327,445917
b1_cityscapes_val,2026-07-07 05:27:45,cityscapes,val,all,student_skd,/scratch/gautschi/manors/hf_cache/hub/models--nvidia--mit-b1/snapshots/13ddceec4e8bdf401e7cd7acf5aebc526222518c,runs/mit-b1_skd_j9200315/student_skd.ckpt,skd,img_000388,/home/manors/Guardrail-Distillation/data/cityscapes/leftImg8bit/val/munster/munster_000062_000019_leftImg8bit.png,,0.6388456490304053,0.3611543509695947,0.9419205188751221,0.9593303799629211,0.10777705907821655,0.1056075394153595,0.24063602089881897,0.9064995050430298,0.2900906503200531,-6.648980617523193,6.598756790161133,0.00928359292447567,0.05489198863506317,491620,4.349889750301372,7.410680750581378,16.23912425020535,0.9180794658327911,0.0819205341672089,150859,0.6365424537594659,0.36345754624053406,34189,0.10733653604984283,0.0010609020246192813,14.67626974954328,0.04132494702935219,0.9586750529706478,0.1644420623779297,0.27073338627815247,0.03187531977891922,0.5079681873321533,0.4920318126678467,0.5331322550773621,0.5566369891166687,0.26074689626693726,0.5079681873321533,0.4920318126678467,0.5079681873321533,0.4920318126678467,0.8022315430934984,0.19776845690650158,0.9584394097328186,0.8669071788221785,0.1330928211778215,0.0,0.7588846521770494,0.24111534782295063,0.12234219841758343,0.16338589406309312,0.16338589406309312,0.03179487958550453,0.015276025049388409,0.8366141059369069,0.16338589406309312,0.05001626908779144,0.00898864958435297,432384
b1_cityscapes_val,2026-07-07 05:27:45,cityscapes,val,all,student_skd,/scratch/gautschi/manors/hf_cache/hub/models--nvidia--mit-b1/snapshots/13ddceec4e8bdf401e7cd7acf5aebc526222518c,runs/mit-b1_skd_j9200315/student_skd.ckpt,skd,img_000389,/home/manors/Guardrail-Distillation/data/cityscapes/leftImg8bit/val/munster/munster_000063_000019_leftImg8bit.png,,0.6376711527595511,0.3623288472404489,0.9555460810661316,0.971977174282074,0.09145801514387131,0.07479166984558105,0.21312883496284485,0.932227611541748,0.2228984236717224,-6.699117183685303,6.664494514465332,0.007284929975867271,0.0374191589653492,491700,4.349889750301372,7.410680750581378,16.23912425020535,0.9401388126315315,0.05986118736846846,150859,0.6217619321812078,0.3782380678187922,43095,0.07614333182573318,0.0009699171059764922,14.67626974954328,0.032588567584753036,0.967411432415247,0.10897941887378693,0.2366589903831482,0.019293367862701416,0.5048232078552246,0.4951767921447754,0.5197269916534424,0.5442449450492859,0.29387718439102173,0.5048232078552246,0.4951767921447754,0.5048232078552246,0.4951767921447754,0.6601121286093452,0.3398878713906548,0.9613077044487,0.8190063786059686,0.1809936213940314,0.0,0.7694949929959931,0.2305050070040069,0.14773306081478532,0.022440975849794098,0.022440975849794098,0.016554810106754303,0.010793166235089302,0.9775590241502059,0.022440975849794098,0.030441327020525932,0.002682530088350177,451295
b1_cityscapes_val,2026-07-07 05:27:45,cityscapes,val,all,student_skd,/scratch/gautschi/manors/hf_cache/hub/models--nvidia--mit-b1/snapshots/13ddceec4e8bdf401e7cd7acf5aebc526222518c,runs/mit-b1_skd_j9200315/student_skd.ckpt,skd,img_000390,/home/manors/Guardrail-Distillation/data/cityscapes/leftImg8bit/val/munster/munster_000064_000019_leftImg8bit.png,,0.6953073382735528,0.30469266172644716,0.9591753482818604,0.9627940058708191,0.09925849735736847,0.09874208271503448,0.22086693346500397,0.9104216694831848,0.2752746641635895,-6.720016002655029,6.674953937530518,0.005870381370186806,0.04716099798679352,484977,4.349889750301372,7.410680750581378,16.23912425020535,0.8416971736404429,0.15830282635955706,150859,0.8770081258147715,0.1229918741852285,24137,0.10022588819265366,0.0008773825247772038,14.67626974954328,0.0529983751475811,0.9470016248524189,0.20325212180614471,0.3241652548313141,0.05165150761604309,0.512910008430481,0.48708999156951904,0.5468522310256958,0.5740057229995728,0.285452276468277,0.512910008430481,0.48708999156951904,0.512910008430481,0.48708999156951904,0.678920853720835,0.321079146279165,0.9621425271034241,0.775093593027699,0.22490640697230102,0.0,0.693735369143189,0.306264630856811,0.0,0.0,0.0,0.019114308059215546,0.016147157177329063,1.0,0.0,0.03696670010685921,0.003266134299337864,430658
b1_cityscapes_val,2026-07-07 05:27:45,cityscapes,val,all,student_skd,/scratch/gautschi/manors/hf_cache/hub/models--nvidia--mit-b1/snapshots/13ddceec4e8bdf401e7cd7acf5aebc526222518c,runs/mit-b1_skd_j9200315/student_skd.ckpt,skd,img_000391,/home/manors/Guardrail-Distillation/data/cityscapes/leftImg8bit/val/munster/munster_000065_000019_leftImg8bit.png,,0.7084513591981989,0.2915486408018011,0.9582813382148743,0.9643171429634094,0.10113770514726639,0.09382064640522003,0.22971375286579132,0.9190430641174316,0.2466086447238922,-6.768612861633301,6.724711894989014,0.008272282779216766,0.047557272017002106,478707,4.349889750301372,7.410680750581378,16.23912425020535,0.7332406621404723,0.26675933785952766,140057,0.8676965189238914,0.13230348107610856,86534,0.09527726471424103,0.0008668242953717709,14.67626974954328,0.03918961063027382,0.9608103893697262,0.15369218587875366,0.276582270860672,0.03428979963064194,0.5085716247558594,0.4914283752441406,0.5348939299583435,0.561880350112915,0.27570199966430664,0.5085716247558594,0.4914283752441406,0.5085716247558594,0.4914283752441406,0.6705756934693186,0.32942430653068144,0.9672011733055115,0.7177464189423909,0.2822535810576091,0.0,0.6029106711244447,0.39708932887555526,0.0,0.0,0.0,0.019093098118901253,0.010173236951231956,1.0,0.0,0.031482722610235214,0.0013766249176114798,427605
b1_cityscapes_val,2026-07-07 05:27:45,cityscapes,val,all,student_skd,/scratch/gautschi/manors/hf_cache/hub/models--nvidia--mit-b1/snapshots/13ddceec4e8bdf401e7cd7acf5aebc526222518c,runs/mit-b1_skd_j9200315/student_skd.ckpt,skd,img_000392,/home/manors/Guardrail-Distillation/data/cityscapes/leftImg8bit/val/munster/munster_000066_000019_leftImg8bit.png,,0.6506712098159182,0.3493287901840818,0.9646134972572327,0.970577597618103,0.09266096353530884,0.07660636305809021,0.20823514461517334,0.9323789477348328,0.20950759947299957,-6.674747943878174,6.6385955810546875,0.006310268305242062,0.0395580530166626,481596,4.35787575042923,7.4024787500093225,16.24278424969816,1.0,0.0,147511,0.5803989351170347,0.41960106488296534,32197,0.0777549296617508,0.000696880801115185,14.679776000775746,0.027832910418510437,0.9721670895814896,0.08988431096076965,0.2054348587989807,0.022008296102285385,0.5055018663406372,0.4944981336593628,0.5183171033859253,0.544479489326477,0.2619163393974304,0.5055018663406372,0.4944981336593628,0.5055018663406372,0.4944981336593628,0.6858478098965897,0.31415219010341033,0.9681413173675537,1.0,0.0,0.0,0.7577634188171942,0.24223658118280578,0.17736448370015956,0.03517660008067147,0.03517660008067147,0.01571233943104744,0.012184486724436283,0.9648233999193285,0.03517660008067147,0.030374005436897278,0.0013434496941044927,439456
b1_cityscapes_val,2026-07-07 05:27:45,cityscapes,val,all,student_skd,/scratch/gautschi/manors/hf_cache/hub/models--nvidia--mit-b1/snapshots/13ddceec4e8bdf401e7cd7acf5aebc526222518c,runs/mit-b1_skd_j9200315/student_skd.ckpt,skd,img_000393,/home/manors/Guardrail-Distillation/data/cityscapes/leftImg8bit/val/munster/munster_000067_000019_leftImg8bit.png,,0.586247397481996,0.41375260251800405,0.9824661016464233,0.9832697510719299,0.07008447498083115,0.043349623680114746,0.15644776821136475,0.959435760974884,0.13212896883487701,-6.931070804595947,6.910696506500244,0.0028573526069521904,0.022024089470505714,436068,4.35787575042923,7.4024787500093225,16.24278424969816,0.9865777177147098,0.013422282285290188,102836,0.32900777187192093,0.6709922281280791,75532,0.043997567147016525,0.00041226157918572426,14.679776000775746,0.017277508974075317,0.9827224910259247,0.019727302715182304,0.12699733674526215,0.009938320145010948,0.5024845600128174,0.4975154399871826,0.509096622467041,0.5233725309371948,0.2781457304954529,0.5024845600128174,0.4975154399871826,0.5024845600128174,0.4975154399871826,0.5972544379853724,0.40274556201462763,0.9827275276184082,0.9841307635417548,0.01586923645824523,0.0,0.5696096154316872,0.4303903845683128,0.24060184355976633,0.01100704050337642,0.01100704050337642,0.006141244433820248,0.0058798170648515224,0.9889929594966236,0.01100704050337642,0.012846620753407478,0.00022702882415615022,414092
b1_cityscapes_val,2026-07-07 05:27:45,cityscapes,val,all,student_skd,/scratch/gautschi/manors/hf_cache/hub/models--nvidia--mit-b1/snapshots/13ddceec4e8bdf401e7cd7acf5aebc526222518c,runs/mit-b1_skd_j9200315/student_skd.ckpt,skd,img_000394,/home/manors/Guardrail-Distillation/data/cityscapes/leftImg8bit/val/munster/munster_000068_000019_leftImg8bit.png,,0.5754100110364151,0.4245899889635849,0.9551345109939575,0.9665712714195251,0.09792449325323105,0.08808008581399918,0.22353239357471466,0.9237216114997864,0.23522815108299255,-6.656683444976807,6.615642547607422,0.0071740709245204926,0.044826019555330276,482153,4.35787575042923,7.4024787500093225,16.24278424969816,1.0,0.0,150859,0.5128627423162208,0.48713725768377925,37624,0.08955901861190796,0.000982766505330801,14.679776000775746,0.03621673583984375,0.9637832641601562,0.1474737823009491,0.26036542654037476,0.03348669409751892,0.5083709359169006,0.49162906408309937,0.5333272814750671,0.5623300671577454,0.24978846311569214,0.5083709359169006,0.49162906408309937,0.5083709359169006,0.49162906408309937,0.6950524033378489,0.3049475966621511,0.964984118938446,1.0,0.0,0.0,0.8241060349631888,0.1758939650368112,0.31124329264696804,0.11964239230143381,0.11964239230143381,0.018637236207723618,0.008787666447460651,0.8803576076985662,0.11964239230143381,0.030917569994926453,0.0019350703805685043,433879
b1_cityscapes_val,2026-07-07 05:27:45,cityscapes,val,all,student_skd,/scratch/gautschi/manors/hf_cache/hub/models--nvidia--mit-b1/snapshots/13ddceec4e8bdf401e7cd7acf5aebc526222518c,runs/mit-b1_skd_j9200315/student_skd.ckpt,skd,img_000395,/home/manors/Guardrail-Distillation/data/cityscapes/leftImg8bit/val/munster/munster_000069_000019_leftImg8bit.png,,0.6733011514896879,0.32669884851031206,0.9698249697685242,0.9752562046051025,0.08970934897661209,0.06550220400094986,0.21349170804023743,0.9451438784599304,0.17340973019599915,-7.04349422454834,7.012290000915527,0.008304961025714874,0.03416720777750015,483446,4.35787575042923,7.4024787500093225,16.24278424969816,0.9072818882618661,0.09271811173813393,150859,0.5490059671377998,0.4509940328622002,86743,0.06654056161642075,0.000787905533798039,14.679776000775746,0.023331549018621445,0.9766684509813786,0.047768909484148026,0.17684447765350342,0.019878607243299484,0.5049695372581482,0.4950304627418518,0.5138331651687622,0.5322981476783752,0.2695741355419159,0.5049695372581482,0.4950304627418518,0.5049695372581482,0.4950304627418518,0.7035510350896858,0.29644896491031425,0.9741584658622742,0.9273038079600155,0.07269619203998445,0.020021919698149482,0.6170144725401467,0.38298552745985326,0.06800850540234693,0.030249883599997807,0.030249883599997807,0.011287713423371315,0.006954241078346968,0.9697501164000022,0.030249883599997807,0.021187474951148033,0.0006557092419825494,448801
b1_cityscapes_val,2026-07-07 05:27:45,cityscapes,val,all,student_skd,/scratch/gautschi/manors/hf_cache/hub/models--nvidia--mit-b1/snapshots/13ddceec4e8bdf401e7cd7acf5aebc526222518c,runs/mit-b1_skd_j9200315/student_skd.ckpt,skd,img_000396,/home/manors/Guardrail-Distillation/data/cityscapes/leftImg8bit/val/munster/munster_000070_000019_leftImg8bit.png,,0.5269395448918899,0.4730604551081101,0.9558021426200867,0.9652574062347412,0.10187327116727829,0.09414218366146088,0.24255438148975372,0.9197468757629395,0.2527439594268799,-6.675312042236328,6.632109642028809,0.010130191221833229,0.04641994088888168,478372,4.345212999396608,7.407042749946413,16.255115249805385,0.9924714043187715,0.007528595681228545,150859,0.42795112127137785,0.5720488787286222,31111,0.09586511552333832,0.0011376375332474709,14.665286499621288,0.03988859802484512,0.9601114019751549,0.15183314681053162,0.2777460813522339,0.03263447806239128,0.5081579089164734,0.4918420910835266,0.5290764570236206,0.5593640208244324,0.2760179340839386,0.5081579089164734,0.4918420910835266,0.5081579089164734,0.4918420910835266,0.5905162995057025,0.4094837004942975,0.9582375288009644,0.9832274206586936,0.01677257934130638,0.0,0.5975591147108866,0.40244088528911337,0.16960799343950883,0.06357675461381262,0.06357675461381262,0.015751339495182037,0.013315996155142784,0.9364232453861874,0.06357675461381262,0.03380214422941208,0.0019357319688424468,429787
b1_cityscapes_val,2026-07-07 05:27:45,cityscapes,val,all,student_skd,/scratch/gautschi/manors/hf_cache/hub/models--nvidia--mit-b1/snapshots/13ddceec4e8bdf401e7cd7acf5aebc526222518c,runs/mit-b1_skd_j9200315/student_skd.ckpt,skd,img_000397,/home/manors/Guardrail-Distillation/data/cityscapes/leftImg8bit/val/munster/munster_000071_000019_leftImg8bit.png,,0.5230879632114145,0.4769120367885855,0.9655653238296509,0.9778868556022644,0.07980545610189438,0.05899342522025108,0.18291865289211273,0.9463885426521301,0.1724231243133545,-6.912541389465332,6.885589599609375,0.004499847535043955,0.02814890816807747,482683,4.345212999396608,7.407042749946413,16.255115249805385,0.9626168344544537,0.037383165545546326,150859,0.37888849628559285,0.6211115037144072,35843,0.06002934277057648,0.0006495357374660671,14.665286499621288,0.024085674434900284,0.9759143255650997,0.05720958858728409,0.18922841548919678,0.016782330349087715,0.504195511341095,0.49580448865890503,0.5120128393173218,0.5380759239196777,0.24945728480815887,0.504195511341095,0.49580448865890503,0.504195511341095,0.49580448865890503,0.559991135721203,0.44000886427879704,0.9642332196235657,0.9426485359491668,0.057351464050833245,0.0,0.3794471053973801,0.62055289460262,0.0005586091117871783,0.03690317250978847,0.03690317250978847,0.008593630976974964,0.009925768710672855,0.9630968274902115,0.03690317250978847,0.02052278444170952,0.0006463869358412921,450363
b1_cityscapes_val,2026-07-07 05:27:45,cityscapes,val,all,student_skd,/scratch/gautschi/manors/hf_cache/hub/models--nvidia--mit-b1/snapshots/13ddceec4e8bdf401e7cd7acf5aebc526222518c,runs/mit-b1_skd_j9200315/student_skd.ckpt,skd,img_000398,/home/manors/Guardrail-Distillation/data/cityscapes/leftImg8bit/val/munster/munster_000072_000019_leftImg8bit.png,,0.498353080682838,0.501646919317162,0.9689948558807373,0.9756307005882263,0.08310011029243469,0.06272290647029877,0.18169064819812775,0.9430696964263916,0.17567436397075653,-6.908554553985596,6.878920078277588,0.004209637641906738,0.031481217592954636,483177,4.345212999396608,7.407042749946413,16.255115249805385,0.6545586562937897,0.34544134370621027,150859,0.17745860617215833,0.8225413938278416,59202,0.06355113536119461,0.0005287661915645003,14.665286499621288,0.02496694028377533,0.9750330597162247,0.07032638788223267,0.1951749324798584,0.017952870577573776,0.5044881105422974,0.49551188945770264,0.5159389972686768,0.5405952334403992,0.26276615262031555,0.5044881105422974,0.49551188945770264,0.5044881105422974,0.49551188945770264,0.6111238820008008,0.3888761179991992,0.9761495590209961,0.6654800079247437,0.3345199920752563,0.01092135163095398,0.45350870156084205,0.5464912984391579,0.27605009538868375,0.1127708013179628,0.1127708013179628,0.013367772102355957,0.006213044282048941,0.8872291986820372,0.1127708013179628,0.02114132232964039,0.0020054762717336416,447368
b1_cityscapes_val,2026-07-07 05:27:45,cityscapes,val,all,student_skd,/scratch/gautschi/manors/hf_cache/hub/models--nvidia--mit-b1/snapshots/13ddceec4e8bdf401e7cd7acf5aebc526222518c,runs/mit-b1_skd_j9200315/student_skd.ckpt,skd,img_000399,/home/manors/Guardrail-Distillation/data/cityscapes/leftImg8bit/val/munster/munster_000073_000019_leftImg8bit.png,,0.7695620636066989,0.23043793639330112,0.9792146682739258,0.9865505695343018,0.060646165162324905,0.03500989079475403,0.1307029277086258,0.964702308177948,0.11773370206356049,-6.867818832397461,6.851726531982422,0.001196320983581245,0.016352485865354538,482312,4.345212999396608,7.407042749946413,16.255115249805385,0.8932163421229747,0.10678365787702526,150640,0.8107178408314558,0.18928215916854418,70050,0.0355638824403286,0.0003256815834902227,14.665286499621288,0.01583585888147354,0.9841641411185265,0.022881176322698593,0.10676321387290955,0.01007063128054142,0.5025176405906677,0.4974823594093323,0.5100952386856079,0.5239148139953613,0.23299524188041687,0.5025176405906677,0.4974823594093323,0.5025176405906677,0.4974823594093323,0.7844132375029951,0.21558676249700492,0.986458957195282,0.6859712810058678,0.3140287189941322,0.0,0.8913514050967878,0.10864859490321221,0.08063356426533197,0.0148511738962962,0.0148511738962962,0.010010117664933205,0.0027658443432301283,0.9851488261037038,0.0148511738962962,0.013132577762007713,0.0019593124743551016,462663
b1_cityscapes_val,2026-07-07 05:27:46,cityscapes,val,all,student_skd,/scratch/gautschi/manors/hf_cache/hub/models--nvidia--mit-b1/snapshots/13ddceec4e8bdf401e7cd7acf5aebc526222518c,runs/mit-b1_skd_j9200315/student_skd.ckpt,skd,img_000400,/home/manors/Guardrail-Distillation/data/cityscapes/leftImg8bit/val/munster/munster_000074_000019_leftImg8bit.png,,0.654757967644056,0.345242032355944,0.9535964131355286,0.9721387028694153,0.0925874188542366,0.07293520867824554,0.2152457982301712,0.9384855628013611,0.19174890220165253,-6.75045919418335,6.715862274169922,0.008070374839007854,0.03860536217689514,466645,4.351334249804495,7.416985749841842,16.248519749751722,0.9440220948275577,0.05597790517244228,132359,0.5930358880937695,0.4069641119062305,74809,0.07368750125169754,0.000554845726583153,14.669262250208703,0.027828887104988098,0.9721711128950119,0.08119037002325058,0.21961018443107605,0.024839838966727257,0.5062096118927002,0.4937903881072998,0.5212244391441345,0.5512107014656067,0.2561124861240387,0.5062096118927002,0.4937903881072998,0.5062096118927002,0.4937903881072998,0.7698080098628178,0.23019199013718217,0.9635354280471802,0.9906872024360066,0.009312797563993391,0.046665107608448886,0.7279927373274268,0.27200726267257325,0.13495684923365725,0.1150500422187618,0.1150500422187618,0.015545007772743702,0.005605974700301886,0.8849499577812382,0.1150500422187618,0.023673241958022118,0.000702889752574265,428125
b1_cityscapes_val,2026-07-07 05:27:46,cityscapes,val,all,student_skd,/scratch/gautschi/manors/hf_cache/hub/models--nvidia--mit-b1/snapshots/13ddceec4e8bdf401e7cd7acf5aebc526222518c,runs/mit-b1_skd_j9200315/student_skd.ckpt,skd,img_000401,/home/manors/Guardrail-Distillation/data/cityscapes/leftImg8bit/val/munster/munster_000075_000019_leftImg8bit.png,,0.5065715493497768,0.4934284506502232,0.9810499548912048,0.9865776896476746,0.06292161345481873,0.03592582792043686,0.14234833419322968,0.9647289514541626,0.11875524371862411,-6.636207103729248,6.619842052459717,0.0028278236277401447,0.017437893897294998,473509,4.351334249804495,7.416985749841842,16.248519749751722,0.9931392282840522,0.006860771715947789,136963,0.443779636889693,0.556220363110307,69104,0.03633575886487961,0.0004146498686168343,14.669262250208703,0.01699765771627426,0.9830023422837257,0.025817643851041794,0.11059730499982834,0.01719459518790245,0.5042985677719116,0.4957014322280884,0.5126365423202515,0.5319503545761108,0.2458396703004837,0.5042985677719116,0.4957014322280884,0.5042985677719116,0.4957014322280884,0.6599858681272244,0.3400141318727756,0.987480640411377,0.9958778995656346,0.00412210043436545,0.002738671281582339,0.5220095446706247,0.47799045532937534,0.07822990778093164,0.1534143187774476,0.1534143187774476,0.01051511149853468,0.004084399435669184,0.8465856812225524,0.1534143187774476,0.01563856191933155,0.0015374574577435851,455541
b1_cityscapes_val,2026-07-07 05:27:46,cityscapes,val,all,student_skd,/scratch/gautschi/manors/hf_cache/hub/models--nvidia--mit-b1/snapshots/13ddceec4e8bdf401e7cd7acf5aebc526222518c,runs/mit-b1_skd_j9200315/student_skd.ckpt,skd,img_000402,/home/manors/Guardrail-Distillation/data/cityscapes/leftImg8bit/val/munster/munster_000076_000019_leftImg8bit.png,,0.4848134101675382,0.5151865898324618,0.9666968584060669,0.9693938493728638,0.09517413377761841,0.08145453780889511,0.22116714715957642,0.9296702146530151,0.21941553056240082,-6.771870136260986,6.73406982421875,0.00808012019842863,0.04095170274376869,493557,4.351334249804495,7.416985749841842,16.248519749751722,0.9873747975967658,0.01262520240323417,150859,0.2464379235982748,0.7535620764017252,13568,0.08260668814182281,0.0007198479725047946,14.669262250208703,0.034746844321489334,0.9652531556785107,0.12391836196184158,0.2517293393611908,0.031112533062696457,0.5077775120735168,0.49222248792648315,0.5253808498382568,0.5538420677185059,0.24086757004261017,0.5077775120735168,0.49222248792648315,0.5077775120735168,0.49222248792648315,0.4570758040053557,0.5429241959946443,0.9696164727210999,0.9855955206510407,0.014404479348959276,0.0,0.24255850942967508,0.757441490570325,0.0,0.0,0.0,0.011601496487855911,0.008681874722242355,1.0,0.0,0.02263973467051983,0.0010252108331769705,448668
b1_cityscapes_val,2026-07-07 05:27:46,cityscapes,val,all,student_skd,/scratch/gautschi/manors/hf_cache/hub/models--nvidia--mit-b1/snapshots/13ddceec4e8bdf401e7cd7acf5aebc526222518c,runs/mit-b1_skd_j9200315/student_skd.ckpt,skd,img_000403,/home/manors/Guardrail-Distillation/data/cityscapes/leftImg8bit/val/munster/munster_000077_000019_leftImg8bit.png,,0.661311241528297,0.338688758471703,0.966957688331604,0.9703933596611023,0.09485721588134766,0.07556238025426865,0.2123488038778305,0.9372429251670837,0.18499897420406342,-6.741241455078125,6.7045087814331055,0.007899461314082146,0.040551938116550446,487375,4.351334249804495,7.416985749841842,16.248519749751722,1.0,0.0,150859,0.7976177175074478,0.2023822824925522,13930,0.07661076635122299,0.0008154045208357275,14.669262250208703,0.03314395248889923,0.9668560475111008,0.11740250885486603,0.2586846351623535,0.039187412708997726,0.509795606136322,0.490204393863678,0.5299999713897705,0.559129536151886,0.2346256673336029,0.509795606136322,0.490204393863678,0.509795606136322,0.490204393863678,0.7140475561153886,0.2859524438846114,0.9717938303947449,1.0,0.0,0.0,0.810118089367814,0.18988191063218596,0.012500371860366233,0.052736314587091604,0.052736314587091604,0.0138476537540555,0.009011541493237019,0.9472636854129084,0.052736314587091604,0.025241345167160034,0.0018055912805721164,444406
b1_cityscapes_val,2026-07-07 05:27:46,cityscapes,val,all,student_skd,/scratch/gautschi/manors/hf_cache/hub/models--nvidia--mit-b1/snapshots/13ddceec4e8bdf401e7cd7acf5aebc526222518c,runs/mit-b1_skd_j9200315/student_skd.ckpt,skd,img_000404,/home/manors/Guardrail-Distillation/data/cityscapes/leftImg8bit/val/munster/munster_000078_000019_leftImg8bit.png,,0.650819439110292,0.34918056088970795,0.9333396553993225,0.9623672366142273,0.10141031444072723,0.10094412416219711,0.23188146948814392,0.9103742241859436,0.27752435207366943,-6.798247814178467,6.752353668212891,0.007073056418448687,0.0485508069396019,487201,4.366223500255728,7.40700324968202,16.248136250396783,0.6428841740811625,0.3571158259188375,150859,0.6159471232945906,0.38405287670540944,82193,0.1029333546757698,0.0012170749250799417,14.682813000035821,0.048851486295461655,0.9511485137045383,0.19027221202850342,0.29557374119758606,0.04653184488415718,0.5116308331489563,0.4883691668510437,0.544876754283905,0.5697532296180725,0.2741267681121826,0.5116308331489563,0.4883691668510437,0.5116308331489563,0.4883691668510437,0.6966756532052913,0.30332434679470865,0.9471491575241089,0.6356113401957457,0.3643886598042543,0.0,0.6424370994024422,0.3575629005975578,0.026489976107851643,0.04585621409499929,0.04585621409499929,0.022947408258914948,0.009137912653386593,0.9541437859050007,0.04585621409499929,0.0340413935482502,0.0031609132420271635,432299
b1_cityscapes_val,2026-07-07 05:27:46,cityscapes,val,all,student_skd,/scratch/gautschi/manors/hf_cache/hub/models--nvidia--mit-b1/snapshots/13ddceec4e8bdf401e7cd7acf5aebc526222518c,runs/mit-b1_skd_j9200315/student_skd.ckpt,skd,img_000405,/home/manors/Guardrail-Distillation/data/cityscapes/leftImg8bit/val/munster/munster_000079_000019_leftImg8bit.png,,0.7331367735282774,0.26686322647172256,0.9708027243614197,0.9785872101783752,0.07999815046787262,0.05444703996181488,0.17155224084854126,0.9480908513069153,0.1697615683078766,-6.5298943519592285,6.503610610961914,0.004647163674235344,0.02907855249941349,488470,4.366223500255728,7.40700324968202,16.248136250396783,0.9787325047182974,0.021267495281702575,150859,0.7690397339410442,0.2309602660589558,29039,0.0553971603512764,0.000576041464228183,14.682813000035821,0.025996951386332512,0.9740030486136675,0.07859904319047928,0.19370120763778687,0.022785549983382225,0.5056961178779602,0.4943038821220398,0.5195755362510681,0.5434474349021912,0.23745906352996826,0.5056961178779602,0.4943038821220398,0.5056961178779602,0.4943038821220398,0.7075288836236765,0.2924711163763235,0.9740414023399353,0.9696369987927753,0.030363001207224682,0.0,0.7827977505834265,0.2172022494165735,0.013758016642382298,0.0,0.0,0.010164391249418259,0.006925706751644611,1.0,0.0,0.018527237698435783,0.0007021925994195044,457812
b1_cityscapes_val,2026-07-07 05:27:46,cityscapes,val,all,student_skd,/scratch/gautschi/manors/hf_cache/hub/models--nvidia--mit-b1/snapshots/13ddceec4e8bdf401e7cd7acf5aebc526222518c,runs/mit-b1_skd_j9200315/student_skd.ckpt,skd,img_000406,/home/manors/Guardrail-Distillation/data/cityscapes/leftImg8bit/val/munster/munster_000080_000019_leftImg8bit.png,,0.6240976505450784,0.3759023494549216,0.9541614651679993,0.9719915986061096,0.09348858892917633,0.07413280755281448,0.21748191118240356,0.9359415769577026,0.2020861953496933,-6.959405899047852,6.924342155456543,0.00858457200229168,0.03787980601191521,492162,4.366223500255728,7.40700324968202,16.248136250396783,0.9287135432259582,0.07128645677404177,150859,0.5165606581666455,0.48343934183335446,89633,0.07556647807359695,0.0010580274974927306,14.682813000035821,0.03518437221646309,0.9648156277835369,0.1161394715309143,0.27394866943359375,0.027566000819206238,0.5068910717964172,0.49310892820358276,0.5200464725494385,0.557928740978241,0.2750449478626251,0.5068910717964172,0.49310892820358276,0.5068910717964172,0.49310892820358276,0.6732391107773783,0.3267608892226217,0.9703736305236816,0.9427915023999308,0.057208497600069186,0.014077959173972587,0.5905820757937132,0.40941792420628675,0.07402141762706771,0.04914146023229993,0.04914146023229993,0.022947730496525764,0.006735587492585182,0.9508585397677001,0.04914146023229993,0.03356212005019188,0.004971940536051989,452745
b1_cityscapes_val,2026-07-07 05:27:46,cityscapes,val,all,student_skd,/scratch/gautschi/manors/hf_cache/hub/models--nvidia--mit-b1/snapshots/13ddceec4e8bdf401e7cd7acf5aebc526222518c,runs/mit-b1_skd_j9200315/student_skd.ckpt,skd,img_000407,/home/manors/Guardrail-Distillation/data/cityscapes/leftImg8bit/val/munster/munster_000081_000019_leftImg8bit.png,,0.6343460014571425,0.3656539985428575,0.9761105179786682,0.9830921292304993,0.06785307824611664,0.04299972951412201,0.14492186903953552,0.9595770835876465,0.12570416927337646,-7.2255859375,7.205316543579102,0.0014337728498503566,0.020535262301564217,495197,4.366223500255728,7.40700324968202,16.248136250396783,0.7430405624006472,0.2569594375993528,150859,0.9957446287418183,0.0042553712581816505,163323,0.043450068682432175,0.0003358110261615366,14.682813000035821,0.015367641113698483,0.9846323588863015,0.01849895343184471,0.11201799660921097,0.010531438514590263,0.5026327967643738,0.4973672032356262,0.5096871852874756,0.5212422013282776,0.2650991976261139,0.5026327967643738,0.4973672032356262,0.5026327967643738,0.4973672032356262,0.6738228149536478,0.3261771850463522,0.9803451895713806,0.8441208183470658,0.15587918165293424,0.10108025594641856,0.9921872608267054,0.007812739173294614,0.0,0.039476813496505336,0.039476813496505336,0.009073156863451004,0.004838478751480579,0.9605231865034947,0.039476813496505336,0.014608328230679035,0.0017245662165805697,469176
b1_cityscapes_val,2026-07-07 05:27:46,cityscapes,val,all,student_skd,/scratch/gautschi/manors/hf_cache/hub/models--nvidia--mit-b1/snapshots/13ddceec4e8bdf401e7cd7acf5aebc526222518c,runs/mit-b1_skd_j9200315/student_skd.ckpt,skd,img_000408,/home/manors/Guardrail-Distillation/data/cityscapes/leftImg8bit/val/munster/munster_000082_000019_leftImg8bit.png,,0.5377234056036274,0.4622765943963726,0.9575119018554688,0.9792628288269043,0.0745849460363388,0.05155213177204132,0.15561427175998688,0.9533328413963318,0.13753005862236023,-7.067268371582031,7.0424699783325195,0.001144726062193513,0.02602989971637726,495315,4.35569650016987,7.402190999528102,16.244758749962784,0.8722380857411318,0.12776191425886818,150859,0.5844392784323409,0.4155607215676591,152135,0.052245184779167175,0.0004891138523817062,14.679265999802737,0.022814476862549782,0.9771855231374502,0.06382887065410614,0.18725250661373138,0.012275975197553635,0.5030689835548401,0.4969310164451599,0.5137855410575867,0.5360286235809326,0.28403258323669434,0.5030689835548401,0.4969310164451599,0.5030689835548401,0.4969310164451599,0.6466892802029713,0.35331071979702866,0.9757447242736816,0.921554388509267,0.07844561149073304,0.049316302768135145,0.9090350233542968,0.09096497664570324,0.32459574492195586,0.10896587459934393,0.10896587459934393,0.02084532007575035,0.002612479031085968,0.8910341254006561,0.10896587459934393,0.02459646947681904,0.004469882696866989,462967
b1_cityscapes_val,2026-07-07 05:27:46,cityscapes,val,all,student_skd,/scratch/gautschi/manors/hf_cache/hub/models--nvidia--mit-b1/snapshots/13ddceec4e8bdf401e7cd7acf5aebc526222518c,runs/mit-b1_skd_j9200315/student_skd.ckpt,skd,img_000409,/home/manors/Guardrail-Distillation/data/cityscapes/leftImg8bit/val/munster/munster_000083_000019_leftImg8bit.png,,0.5774264920107954,0.42257350798920457,0.9416494965553284,0.9567558169364929,0.11169461905956268,0.11279767751693726,0.2524552643299103,0.9042330980300903,0.28966283798217773,-6.859825134277344,6.806233882904053,0.011083274148404598,0.05969613045454025,489747,4.35569650016987,7.402190999528102,16.244758749962784,0.8967311840576032,0.10326881594239679,150859,0.5615671038196489,0.4384328961803511,68690,0.11468616873025894,0.0012543307384476066,14.679265999802737,0.04917129874229431,0.9508287012577057,0.1957625150680542,0.3197961747646332,0.04175156354904175,0.5104363560676575,0.48956364393234253,0.5370736718177795,0.5720193982124329,0.297127902507782,0.5104363560676575,0.48956364393234253,0.5104363560676575,0.48956364393234253,0.6005345845166356,0.39946541548336445,0.9557057023048401,0.8642151043382132,0.13578489566178675,0.0,0.5756459419589056,0.4243540580410944,0.0140788381392567,0.023108092505840117,0.023108092505840117,0.027981795370578766,0.01392555795609951,0.9768919074941599,0.023108092505840117,0.045735858380794525,0.0035528549924492836,427988
b1_cityscapes_val,2026-07-07 05:27:46,cityscapes,val,all,student_skd,/scratch/gautschi/manors/hf_cache/hub/models--nvidia--mit-b1/snapshots/13ddceec4e8bdf401e7cd7acf5aebc526222518c,runs/mit-b1_skd_j9200315/student_skd.ckpt,skd,img_000410,/home/manors/Guardrail-Distillation/data/cityscapes/leftImg8bit/val/munster/munster_000084_000019_leftImg8bit.png,,0.6385672091345443,0.36143279086545566,0.9178164601325989,0.9375149011611938,0.1319313794374466,0.15851713716983795,0.29310086369514465,0.8740750551223755,0.3588562607765198,-6.398345947265625,6.320443153381348,0.017449330538511276,0.08923040330410004,491996,4.35569650016987,7.402190999528102,16.244758749962784,0.5814367501890335,0.4185632498109665,150859,0.7042524163915146,0.2957475836084854,28666,0.16051313281059265,0.0014614233514294028,14.679265999802737,0.07310672849416733,0.9268932715058327,0.2833980321884155,0.38404524326324463,0.0666281133890152,0.5166508555412292,0.48334914445877075,0.5636484622955322,0.591880202293396,0.30129140615463257,0.5166508555412292,0.48334914445877075,0.5166508555412292,0.48334914445877075,0.703040097933369,0.29695990206663103,0.9385523796081543,0.6512086600758819,0.34879133992411815,0.06977190988684834,0.7873829905018848,0.21261700949811524,0.08313057411037017,0.06447288879882462,0.06447288879882462,0.04044138640165329,0.01970544643700123,0.9355271112011754,0.06447288879882462,0.06447003781795502,0.002235790714621544,401567
b1_cityscapes_val,2026-07-07 05:27:46,cityscapes,val,all,student_skd,/scratch/gautschi/manors/hf_cache/hub/models--nvidia--mit-b1/snapshots/13ddceec4e8bdf401e7cd7acf5aebc526222518c,runs/mit-b1_skd_j9200315/student_skd.ckpt,skd,img_000411,/home/manors/Guardrail-Distillation/data/cityscapes/leftImg8bit/val/munster/munster_000085_000019_leftImg8bit.png,,0.6428667001864544,0.3571332998135456,0.9514235854148865,0.9653692245483398,0.09686579555273056,0.08987625688314438,0.2124030739068985,0.9191554188728333,0.24669691920280457,-6.838569164276123,6.796518325805664,0.005769310053437948,0.04429943859577179,460367,4.35569650016987,7.402190999528102,16.244758749962784,0.8001301883116645,0.1998698116883355,134441,0.6531638312360235,0.3468361687639765,54486,0.09145089983940125,0.0009301838581450284,14.679265999802737,0.03551317751407623,0.9644868224859238,0.13595326244831085,0.23725910484790802,0.027810489758849144,0.506952166557312,0.493047833442688,0.5290073156356812,0.5514276027679443,0.26918283104896545,0.506952166557312,0.493047833442688,0.506952166557312,0.493047833442688,0.6550593393461391,0.34494066065386086,0.9639070630073547,0.8645073792019201,0.1354926207980799,0.06437719089025562,0.5255637497457502,0.47443625025424985,0.0,0.012192639159684715,0.012192639159684715,0.023361796513199806,0.010878277942538261,0.9878073608403153,0.012192639159684715,0.03664902225136757,0.003985950257629156,412001
b1_cityscapes_val,2026-07-07 05:27:46,cityscapes,val,all,student_skd,/scratch/gautschi/manors/hf_cache/hub/models--nvidia--mit-b1/snapshots/13ddceec4e8bdf401e7cd7acf5aebc526222518c,runs/mit-b1_skd_j9200315/student_skd.ckpt,skd,img_000412,/home/manors/Guardrail-Distillation/data/cityscapes/leftImg8bit/val/munster/munster_000086_000019_leftImg8bit.png,,0.5379599830020712,0.46204001699792885,0.9702350497245789,0.9769775867462158,0.07952836900949478,0.05920317769050598,0.17087750136852264,0.9453813433647156,0.16698306798934937,-6.946983337402344,6.919192790985107,0.0033143158070743084,0.028816821053624153,485168,4.33327275004558,7.407772000078694,16.247623750132334,0.9340531658070125,0.06594683419298752,150859,0.4634563657058832,0.5365436342941168,96329,0.06019425764679909,0.0005244194762781262,14.674400000330934,0.023731594905257225,0.9762684050947428,0.06836064904928207,0.18350665271282196,0.013580447994172573,0.5033950805664062,0.49660491943359375,0.5134825706481934,0.535522997379303,0.2572135925292969,0.5033950805664062,0.49660491943359375,0.5033950805664062,0.49660491943359375,0.6132147018932945,0.3867852981067055,0.9742377996444702,0.9354135522364723,0.06458644776352773,0.0013603864294597923,0.43990058164833923,0.5600994183516608,0.0,0.07525471889122337,0.07525471889122337,0.012774956412613392,0.008772218599915504,0.9247452811087766,0.07525471889122337,0.02227681875228882,0.0020013686735183,451401
b1_cityscapes_val,2026-07-07 05:27:46,cityscapes,val,all,student_skd,/scratch/gautschi/manors/hf_cache/hub/models--nvidia--mit-b1/snapshots/13ddceec4e8bdf401e7cd7acf5aebc526222518c,runs/mit-b1_skd_j9200315/student_skd.ckpt,skd,img_000413,/home/manors/Guardrail-Distillation/data/cityscapes/leftImg8bit/val/munster/munster_000087_000019_leftImg8bit.png,,0.5717654764770156,0.4282345235229844,0.9778556227684021,0.9855614900588989,0.0636158436536789,0.03644021600484848,0.1341293454170227,0.9648244976997375,0.11195109784603119,-7.065673828125,7.0482964515686035,0.0015272031305357814,0.01830010674893856,493713,4.33327275004558,7.407772000078694,16.247623750132334,0.9233788886885028,0.07662111131149718,150859,0.32880315924967823,0.6711968407503217,107106,0.03702240437269211,0.00032981825643219054,14.674400000330934,0.012285004369914532,0.9877149956300855,0.010247292928397655,0.071658656001091,0.004917584825307131,0.5012294054031372,0.4987705945968628,0.5072379112243652,0.5142350196838379,0.24556274712085724,0.5012294054031372,0.4987705945968628,0.5012294054031372,0.4987705945968628,0.6608513391984547,0.33914866080154527,0.9801666736602783,0.9194931441802155,0.08050685581978445,0.0,0.34261730683725666,0.6573826931627433,0.013814147587578374,0.08908586272143915,0.08908586272143915,0.006734682247042656,0.004423622973263264,0.9109141372785609,0.08908586272143915,0.012798934243619442,0.0006319461390376091,472154
b1_cityscapes_val,2026-07-07 05:27:46,cityscapes,val,all,student_skd,/scratch/gautschi/manors/hf_cache/hub/models--nvidia--mit-b1/snapshots/13ddceec4e8bdf401e7cd7acf5aebc526222518c,runs/mit-b1_skd_j9200315/student_skd.ckpt,skd,img_000414,/home/manors/Guardrail-Distillation/data/cityscapes/leftImg8bit/val/munster/munster_000088_000019_leftImg8bit.png,,0.635582481351843,0.36441751864815697,0.9766906499862671,0.9838637113571167,0.06509340554475784,0.043959081172943115,0.14601433277130127,0.9564988613128662,0.14246214926242828,-6.9637370109558105,6.944515705108643,0.001659134402871132,0.018991490826010704,491220,4.33327275004558,7.407772000078694,16.247623750132334,0.6595271266734256,0.3404728733265744,150859,0.441283288074989,0.5587167119250109,74833,0.044786542654037476,0.00038050528382882476,14.674400000330934,0.020738594233989716,0.9792614057660103,0.044455207884311676,0.16160057485103607,0.01661313883960247,0.5041531920433044,0.49584680795669556,0.5129620432853699,0.5351694226264954,0.23997169733047485,0.5041531920433044,0.49584680795669556,0.5041531920433044,0.49584680795669556,0.7182425369030988,0.2817574630969012,0.9769552946090698,0.6522749848122761,0.3477250151877239,0.0,0.5521248848189068,0.44787511518109324,0.11084159674391769,0.08266005555125577,0.08266005555125577,0.007442693691700697,0.007178046274930239,0.9173399444487442,0.08266005555125577,0.015569398179650307,0.0016143479151651263,467220
b1_cityscapes_val,2026-07-07 05:27:46,cityscapes,val,all,student_skd,/scratch/gautschi/manors/hf_cache/hub/models--nvidia--mit-b1/snapshots/13ddceec4e8bdf401e7cd7acf5aebc526222518c,runs/mit-b1_skd_j9200315/student_skd.ckpt,skd,img_000415,/home/manors/Guardrail-Distillation/data/cityscapes/leftImg8bit/val/munster/munster_000089_000019_leftImg8bit.png,,0.7498142212743824,0.25018577872561765,0.9671053290367126,0.9738703370094299,0.08695283532142639,0.06862471252679825,0.1960686594247818,0.9386741518974304,0.19078852236270905,-6.786830902099609,6.754838466644287,0.005348898936063051,0.03410685807466507,491690,4.33327275004558,7.407772000078694,16.247623750132334,0.972782712557529,0.027217287442470983,150859,0.7865280119337763,0.2134719880662237,34341,0.06974891573190689,0.0006755992071703076,14.674400000330934,0.027054060250520706,0.9729459397494793,0.08031604439020157,0.20798178017139435,0.016445737332105637,0.5041113495826721,0.4958886504173279,0.5144246220588684,0.5402868986129761,0.2532641589641571,0.5041113495826721,0.4958886504173279,0.5041113495826721,0.4958886504173279,0.7858127781805239,0.21418722181947614,0.9707193970680237,0.9504307678583344,0.04956923214166564,0.0,0.887233053909378,0.11276694609062199,0.1007050419756017,0.03599855690614151,0.03599855690614151,0.014187801629304886,0.010573735460639,0.9640014430938585,0.03599855690614151,0.026439422741532326,0.001155199483036995,453525
b1_cityscapes_val,2026-07-07 05:27:47,cityscapes,val,all,student_skd,/scratch/gautschi/manors/hf_cache/hub/models--nvidia--mit-b1/snapshots/13ddceec4e8bdf401e7cd7acf5aebc526222518c,runs/mit-b1_skd_j9200315/student_skd.ckpt,skd,img_000416,/home/manors/Guardrail-Distillation/data/cityscapes/leftImg8bit/val/munster/munster_000090_000019_leftImg8bit.png,,0.4847601534607388,0.5152398465392611,0.951969563961029,0.9654563069343567,0.10224443674087524,0.09292139112949371,0.24006842076778412,0.9220789074897766,0.23985426127910614,-6.588297367095947,6.545238018035889,0.010921827517449856,0.0467715747654438,492500,4.38340600067022,7.403313250506471,16.25363750008546,0.5860292649308455,0.4139707350691545,150859,0.2516401690596344,0.7483598309403656,26207,0.09443004429340363,0.0010103726526722312,14.67664425035764,0.039875008165836334,0.9601249918341637,0.1550646871328354,0.2910936772823334,0.03426023945212364,0.5085642337799072,0.4914357662200928,0.5336424708366394,0.569770336151123,0.2760026752948761,0.5085642337799072,0.4914357662200928,0.5085642337799072,0.4914357662200928,0.5552545415844876,0.4447454584155124,0.9591858386993408,0.6418292364892771,0.35817076351072286,0.05579997155843164,0.3439359810842639,0.6560640189157361,0.09229581202462955,0.07049438812374875,0.07049438812374875,0.019504569470882416,0.01228832546621561,0.9295056118762512,0.07049438812374875,0.03650558367371559,0.0014964467845857143,443277
b1_cityscapes_val,2026-07-07 05:27:47,cityscapes,val,all,student_skd,/scratch/gautschi/manors/hf_cache/hub/models--nvidia--mit-b1/snapshots/13ddceec4e8bdf401e7cd7acf5aebc526222518c,runs/mit-b1_skd_j9200315/student_skd.ckpt,skd,img_000417,/home/manors/Guardrail-Distillation/data/cityscapes/leftImg8bit/val/munster/munster_000091_000019_leftImg8bit.png,,0.5385194760470422,0.4614805239529578,0.9345754981040955,0.9754001498222351,0.08349888026714325,0.0653044655919075,0.18905800580978394,0.9409458041191101,0.18280144035816193,-6.800433158874512,6.770445823669434,0.0045676701702177525,0.030971331521868706,490841,4.38340600067022,7.403313250506471,16.25363750008546,0.4999900568087659,0.5000099431912342,150857,0.48539826267833386,0.5146017373216661,76556,0.06719373911619186,0.0011337316827848554,14.67664425035764,0.0321376658976078,0.9678623341023922,0.10855820775032043,0.23639236390590668,0.030483271926641464,0.5076202154159546,0.4923797845840454,0.5263144969940186,0.5528832077980042,0.2738305330276489,0.5076202154159546,0.4923797845840454,0.5076202154159546,0.4923797845840454,0.608658468360364,0.39134153163963603,0.972235381603241,0.4999668560292197,0.5000331439707804,0.0,0.6039463495174652,0.3960536504825348,0.11854808683913132,0.07013899231332177,0.07013899231332177,0.044963642954826355,0.007303790654987097,0.9298610076866782,0.07013899231332177,0.054657209664583206,0.0283880103379488,454679
b1_cityscapes_val,2026-07-07 05:27:47,cityscapes,val,all,student_skd,/scratch/gautschi/manors/hf_cache/hub/models--nvidia--mit-b1/snapshots/13ddceec4e8bdf401e7cd7acf5aebc526222518c,runs/mit-b1_skd_j9200315/student_skd.ckpt,skd,img_000418,/home/manors/Guardrail-Distillation/data/cityscapes/leftImg8bit/val/munster/munster_000092_000019_leftImg8bit.png,,0.5194894592039828,0.4805105407960172,0.9658121466636658,0.9783002734184265,0.07718907296657562,0.05767759308218956,0.17300274968147278,0.9458022713661194,0.17482337355613708,-6.78972864151001,6.763583660125732,0.0029986572917550802,0.027127956971526146,449868,4.38340600067022,7.403313250506471,16.25363750008546,1.0,0.0,113187,0.467569674515672,0.532430325484328,74697,0.05868661403656006,0.0005950704216957092,14.67664425035764,0.021697023883461952,0.978302976116538,0.04889262467622757,0.16160115599632263,0.014353550039231777,0.5035883188247681,0.49641168117523193,0.513839840888977,0.5310887098312378,0.2646700143814087,0.5035883188247681,0.49641168117523193,0.5035883188247681,0.49641168117523193,0.5648343011982891,0.43516569880171085,0.9736410975456238,1.0,0.0,0.0,0.413353032276481,0.586646967723519,0.0,0.04534484199430633,0.04534484199430633,0.013357250951230526,0.005528287962079048,0.9546551580056937,0.04534484199430633,0.020519351586699486,0.001173677621409297,420054
b1_cityscapes_val,2026-07-07 05:27:47,cityscapes,val,all,student_skd,/scratch/gautschi/manors/hf_cache/hub/models--nvidia--mit-b1/snapshots/13ddceec4e8bdf401e7cd7acf5aebc526222518c,runs/mit-b1_skd_j9200315/student_skd.ckpt,skd,img_000419,/home/manors/Guardrail-Distillation/data/cityscapes/leftImg8bit/val/munster/munster_000093_000019_leftImg8bit.png,,0.5187140075576728,0.48128599244232717,0.947685718536377,0.9778364896774292,0.07753948867321014,0.05834195762872696,0.17086951434612274,0.9451843500137329,0.17323173582553864,-6.7327351570129395,6.70607852935791,0.0027428080793470144,0.027707746252417564,482717,4.38340600067022,7.403313250506471,16.25363750008546,0.9741694140488835,0.025830585951116536,145520,0.4850340656816964,0.5149659343183036,65360,0.05925353616476059,0.0004927131813019514,14.67664425035764,0.02027648128569126,0.9797235187143087,0.04575967416167259,0.1488247513771057,0.011876189149916172,0.5029690265655518,0.49703097343444824,0.5129835605621338,0.5286740660667419,0.28592029213905334,0.5029690265655518,0.49703097343444824,0.5029690265655518,0.49703097343444824,0.5319831832040034,0.4680168167959966,0.9502068758010864,0.9884234579459609,0.01157654205403913,0.014254043897077406,0.32639250390421654,0.6736074960957834,0.0,0.013269175646330567,0.013269175646330567,0.009653689339756966,0.007132543716579676,0.9867308243536694,0.013269175646330567,0.017401501536369324,0.00031488429522141814,450155
b1_cityscapes_val,2026-07-07 05:27:47,cityscapes,val,all,student_skd,/scratch/gautschi/manors/hf_cache/hub/models--nvidia--mit-b1/snapshots/13ddceec4e8bdf401e7cd7acf5aebc526222518c,runs/mit-b1_skd_j9200315/student_skd.ckpt,skd,img_000420,/home/manors/Guardrail-Distillation/data/cityscapes/leftImg8bit/val/munster/munster_000094_000019_leftImg8bit.png,,0.5486233027017794,0.4513766972982206,0.9449480175971985,0.960812509059906,0.10691095888614655,0.10267570614814758,0.24469628930091858,0.9137012958526611,0.2617857754230499,-6.713924884796143,6.665389537811279,0.01025333534926176,0.05325295776128769,475260,4.353452500254207,7.433780499923159,16.259781499684323,0.49929644621981556,0.5007035537801845,149953,0.45728173494158425,0.5427182650584157,30055,0.10437150299549103,0.0011167556513100863,14.689554499454971,0.044706039130687714,0.9552939608693123,0.1793280392885208,0.30284687876701355,0.04025791585445404,0.510063111782074,0.489936888217926,0.5402620434761047,0.5694063305854797,0.2847905158996582,0.510063111782074,0.489936888217926,0.510063111782074,0.489936888217926,0.5769690094977884,0.4230309905022116,0.9562407732009888,0.49975992477642994,0.5002400752235701,0.0004634785566144384,0.45634767882081917,0.5436523211791808,0.0,0.028345706796009007,0.028345706796009007,0.0213735643774271,0.010080797597765923,0.971654293203991,0.028345706796009007,0.03524596989154816,0.0011488448362797499,419752
b1_cityscapes_val,2026-07-07 05:27:47,cityscapes,val,all,student_skd,/scratch/gautschi/manors/hf_cache/hub/models--nvidia--mit-b1/snapshots/13ddceec4e8bdf401e7cd7acf5aebc526222518c,runs/mit-b1_skd_j9200315/student_skd.ckpt,skd,img_000421,/home/manors/Guardrail-Distillation/data/cityscapes/leftImg8bit/val/munster/munster_000095_000019_leftImg8bit.png,,0.620227806575737,0.37977219342426305,0.9522851705551147,0.970499575138092,0.09256301075220108,0.07689238339662552,0.20867855846881866,0.9320675134658813,0.2091340720653534,-6.772467613220215,6.736237525939941,0.006540440022945404,0.03929629921913147,484524,4.353452500254207,7.433780499923159,16.259781499684323,0.9606851878439079,0.039314812156092116,150859,0.5918127434599931,0.40818725654000687,57334,0.07792473584413528,0.000769139442127198,14.689554499454971,0.03229409083724022,0.9677059091627598,0.10464096069335938,0.23532290756702423,0.02767077274620533,0.5069172382354736,0.49308276176452637,0.5222059488296509,0.5458532571792603,0.24866248667240143,0.5069172382354736,0.49308276176452637,0.5069172382354736,0.49308276176452637,0.708102340071057,0.291897659928943,0.9544501900672913,0.9235891818561468,0.0764108181438532,0.0,0.6688949130016411,0.33110508699835894,0.07708216954164793,0.08787453349532004,0.08787453349532004,0.01384451612830162,0.011679504066705704,0.91212546650468,0.08787453349532004,0.031350355595350266,0.0008730217814445496,442432
b1_cityscapes_val,2026-07-07 05:27:47,cityscapes,val,all,student_skd,/scratch/gautschi/manors/hf_cache/hub/models--nvidia--mit-b1/snapshots/13ddceec4e8bdf401e7cd7acf5aebc526222518c,runs/mit-b1_skd_j9200315/student_skd.ckpt,skd,img_000422,/home/manors/Guardrail-Distillation/data/cityscapes/leftImg8bit/val/munster/munster_000096_000019_leftImg8bit.png,,0.5491251018587036,0.45087489814129644,0.9694277048110962,0.9778791069984436,0.07716141641139984,0.055900171399116516,0.16320140659809113,0.9489791393280029,0.15290269255638123,-7.026147842407227,6.999594211578369,0.002057401230558753,0.027428653091192245,495285,4.353452500254207,7.433780499923159,16.259781499684323,0.9471156537002098,0.05288434629979022,150859,0.4017346735988852,0.5982653264011148,71967,0.05671226233243942,0.0004526234697550535,14.689554499454971,0.019659675657749176,0.9803403243422508,0.04850880429148674,0.1524689495563507,0.012013545259833336,0.5030033588409424,0.4969966411590576,0.5121917724609375,0.5294949412345886,0.24114713072776794,0.5030033588409424,0.4969966411590576,0.5030033588409424,0.4969966411590576,0.6055968243416617,0.39440317565833827,0.9748266339302063,0.9575644268071271,0.042435573192872944,0.010448773106917275,0.49884495391623496,0.501155046083765,0.0971102803173498,0.056471722482958175,0.056471722482958175,0.013115680776536465,0.007716769352555275,0.9435282775170418,0.056471722482958175,0.02167237177491188,0.002600522944703698,461582
b1_cityscapes_val,2026-07-07 05:27:47,cityscapes,val,all,student_skd,/scratch/gautschi/manors/hf_cache/hub/models--nvidia--mit-b1/snapshots/13ddceec4e8bdf401e7cd7acf5aebc526222518c,runs/mit-b1_skd_j9200315/student_skd.ckpt,skd,img_000423,/home/manors/Guardrail-Distillation/data/cityscapes/leftImg8bit/val/munster/munster_000097_000019_leftImg8bit.png,,0.7394746845757926,0.2605253154242074,0.936728298664093,0.9607923030853271,0.10298269987106323,0.10041017085313797,0.22429417073726654,0.9123756289482117,0.26092004776000977,-6.5758233070373535,6.528108596801758,0.006307668052613735,0.05123939365148544,492258,4.353452500254207,7.433780499923159,16.259781499684323,0.9442770763658664,0.05572292363413356,150859,0.8167771520592462,0.18322284794075383,74138,0.1019052267074585,0.0010348879732191563,14.689554499454971,0.04159849137067795,0.958401508629322,0.16180869936943054,0.27671384811401367,0.03347434476017952,0.5083678364753723,0.4916321635246277,0.534561276435852,0.561508297920227,0.265114426612854,0.5083678364753723,0.4916321635246277,0.5083678364753723,0.4916321635246277,0.7913703403278433,0.20862965967215674,0.9551210999488831,0.9664904950258925,0.03350950497410754,0.02221341866002602,0.8360001643340941,0.16399983566590592,0.019223012274847906,0.051895655752050684,0.051895655752050684,0.030096007511019707,0.01170321274548769,0.9481043442479493,0.051895655752050684,0.046414684504270554,0.00727870361879468,433879
b1_cityscapes_val,2026-07-07 05:27:47,cityscapes,val,all,student_skd,/scratch/gautschi/manors/hf_cache/hub/models--nvidia--mit-b1/snapshots/13ddceec4e8bdf401e7cd7acf5aebc526222518c,runs/mit-b1_skd_j9200315/student_skd.ckpt,skd,img_000424,/home/manors/Guardrail-Distillation/data/cityscapes/leftImg8bit/val/munster/munster_000098_000019_leftImg8bit.png,,0.6839648881955247,0.3160351118044753,0.9784353375434875,0.9828981757164001,0.06846410036087036,0.04325193166732788,0.14554806053638458,0.9592406749725342,0.12684571743011475,-7.139927864074707,7.119419097900391,0.001320409239269793,0.021415261551737785,495301,4.395417249725142,7.407603249703243,16.24239349985146,0.9685781072578254,0.03142189274217455,150859,0.5711430024278206,0.42885699757217943,171638,0.04386698827147484,0.0004123911203350872,14.68361775005178,0.017488650977611542,0.9825113490223885,0.024250853806734085,0.13197535276412964,0.010868075303733349,0.5027169585227966,0.49728304147720337,0.5094645619392395,0.5245362520217896,0.2726545035839081,0.5027169585227966,0.49728304147720337,0.5027169585227966,0.49728304147720337,0.6873581727237982,0.3126418272762018,0.983250617980957,0.9831325813419222,0.016867418658077837,0.014554474084096714,0.5843751906378227,0.41562480936217727,0.01323218821000216,0.003393284528273477,0.003393284528273477,0.009319585748016834,0.004504331853240728,0.9966067154717265,0.003393284528273477,0.014863689430058002,0.0014415476471185684,469179
b1_cityscapes_val,2026-07-07 05:27:47,cityscapes,val,all,student_skd,/scratch/gautschi/manors/hf_cache/hub/models--nvidia--mit-b1/snapshots/13ddceec4e8bdf401e7cd7acf5aebc526222518c,runs/mit-b1_skd_j9200315/student_skd.ckpt,skd,img_000425,/home/manors/Guardrail-Distillation/data/cityscapes/leftImg8bit/val/munster/munster_000099_000019_leftImg8bit.png,,0.7569593707575242,0.24304062924247583,0.9793262481689453,0.9822685122489929,0.06953249871730804,0.0447741262614727,0.14817191660404205,0.9587453007698059,0.12632402777671814,-6.978863716125488,6.957607269287109,0.0016003944911062717,0.021764960139989853,494878,4.395417249725142,7.407603249703243,16.24239349985146,0.9532504468376304,0.04674955316236962,150859,0.7798061587838979,0.22019384121610208,150538,0.04542439803481102,0.00039396664942614734,14.68361775005178,0.017278896644711494,0.9827211033552885,0.022215960547327995,0.13423937559127808,0.008480355143547058,0.5021200776100159,0.49787992238998413,0.5085201263427734,0.5252728462219238,0.2628837823867798,0.5021200776100159,0.49787992238998413,0.5021200776100159,0.49787992238998413,0.764523649749619,0.23547635025038105,0.9760870337486267,0.9400871125270417,0.05991288747295831,0.0,0.9383923456855195,0.06160765431448045,0.15858618690162163,0.007564278992094775,0.007564278992094775,0.00781000591814518,0.011049187742173672,0.9924357210079052,0.007564278992094775,0.01962301880121231,0.0008951701456680894,467285
b1_cityscapes_val,2026-07-07 05:27:47,cityscapes,val,all,student_skd,/scratch/gautschi/manors/hf_cache/hub/models--nvidia--mit-b1/snapshots/13ddceec4e8bdf401e7cd7acf5aebc526222518c,runs/mit-b1_skd_j9200315/student_skd.ckpt,skd,img_000426,/home/manors/Guardrail-Distillation/data/cityscapes/leftImg8bit/val/munster/munster_000100_000019_leftImg8bit.png,,0.5620583656835824,0.43794163431641764,0.971101701259613,0.9869143962860107,0.059419017285108566,0.033523079007864,0.12587273120880127,0.9673568606376648,0.10444486886262894,-6.955606460571289,6.940003871917725,0.0008968926849775016,0.015721634030342102,480548,4.395417249725142,7.407603249703243,16.24239349985146,0.4813793759930877,0.5186206240069122,136569,0.9812279151943463,0.018772084805653733,22640,0.0341341495513916,0.00041440120548941195,14.68361775005178,0.01800110936164856,0.9819988906383514,0.020918767899274826,0.12115301191806793,0.005873296409845352,0.501468300819397,0.498531699180603,0.5079568028450012,0.5328906774520874,0.2719070315361023,0.501468300819397,0.498531699180603,0.501468300819397,0.498531699180603,0.6952938266472062,0.3047061733527938,0.974402129650116,0.4785785939708133,0.5214214060291866,0.0,0.9741166077738516,0.02588339222614844,0.0,0.13323546096362382,0.13323546096362382,0.00764960004016757,0.004349201451987028,0.8667645390363762,0.13323546096362382,0.012256840243935585,0.0004702963924501091,461044
b1_cityscapes_val,2026-07-07 05:27:47,cityscapes,val,all,student_skd,/scratch/gautschi/manors/hf_cache/hub/models--nvidia--mit-b1/snapshots/13ddceec4e8bdf401e7cd7acf5aebc526222518c,runs/mit-b1_skd_j9200315/student_skd.ckpt,skd,img_000427,/home/manors/Guardrail-Distillation/data/cityscapes/leftImg8bit/val/munster/munster_000101_000019_leftImg8bit.png,,0.5142207451027585,0.4857792548972415,0.9631641507148743,0.9715664982795715,0.09420724213123322,0.07308345288038254,0.2142224907875061,0.9386823177337646,0.18733572959899902,-7.1125102043151855,7.077047348022461,0.008215874433517456,0.04016139730811119,479316,4.395417249725142,7.407603249703243,16.24239349985146,0.950547037364767,0.04945296263523302,150859,0.4101698959518553,0.5898301040481446,52326,0.07407765835523605,0.0006715830531902611,14.68361775005178,0.031382638961076736,0.9686173610389233,0.09887143969535828,0.25119683146476746,0.02330150455236435,0.5058251023292542,0.49417489767074585,0.5194869637489319,0.5487299561500549,0.2715647220611572,0.5058251023292542,0.49417489767074585,0.5058251023292542,0.49417489767074585,0.521927375278062,0.478072624721938,0.9667901396751404,0.9558032455004785,0.04419675449952154,0.005256208135711482,0.4947329822307093,0.5052670177692907,0.0845630862788539,0.007706630175303486,0.007706630175303486,0.014837809838354588,0.011211809702217579,0.9922933698246965,0.007706630175303486,0.02983209304511547,0.0017170300707221031,439940
b1_cityscapes_val,2026-07-07 05:27:47,cityscapes,val,all,student_skd,/scratch/gautschi/manors/hf_cache/hub/models--nvidia--mit-b1/snapshots/13ddceec4e8bdf401e7cd7acf5aebc526222518c,runs/mit-b1_skd_j9200315/student_skd.ckpt,skd,img_000428,/home/manors/Guardrail-Distillation/data/cityscapes/leftImg8bit/val/munster/munster_000102_000019_leftImg8bit.png,,0.6367496474609877,0.3632503525390123,0.9303739070892334,0.9536533951759338,0.11295101791620255,0.12070933729410172,0.25488168001174927,0.8985477089881897,0.3013823330402374,-6.5370588302612305,6.480093955993652,0.009776846505701542,0.06222778558731079,490649,4.33719674947497,7.400375999168318,16.243752750597196,0.9279160426157035,0.07208395738429652,150859,0.7562877140192101,0.24371228598078987,28012,0.12272686511278152,0.0011823531240224838,14.677498250421195,0.05440540984272957,0.9455945901572704,0.2205309122800827,0.3372655212879181,0.047810185700654984,0.5119502544403076,0.4880497455596924,0.5495519042015076,0.5787448287010193,0.2910725474357605,0.5119502544403076,0.4880497455596924,0.5119502544403076,0.4880497455596924,0.6944338010748085,0.30556619892519155,0.9444389343261719,0.9366465352793214,0.0633534647206786,0.008730492663617917,0.7686019442492713,0.2313980557507287,0.012314230230061174,0.05768415361382073,0.05768415361382073,0.02863350510597229,0.014568460173904896,0.9423158463861793,0.05768415361382073,0.04809752106666565,0.0019769733771681786,421715
b1_cityscapes_val,2026-07-07 05:27:47,cityscapes,val,all,student_skd,/scratch/gautschi/manors/hf_cache/hub/models--nvidia--mit-b1/snapshots/13ddceec4e8bdf401e7cd7acf5aebc526222518c,runs/mit-b1_skd_j9200315/student_skd.ckpt,skd,img_000429,/home/manors/Guardrail-Distillation/data/cityscapes/leftImg8bit/val/munster/munster_000103_000019_leftImg8bit.png,,0.6666536071864133,0.3333463928135867,0.9598023891448975,0.9698045253753662,0.09404163062572479,0.07854316383600235,0.21007537841796875,0.9318137168884277,0.2074386030435562,-6.938326835632324,6.90118408203125,0.007228950038552284,0.040485773235559464,492741,4.33719674947497,7.400375999168318,16.243752750597196,0.9056170451979432,0.09438295480205683,150859,0.6276264975119257,0.3723735024880743,76090,0.07987292110919952,0.0009028298081830144,14.677498250421195,0.03208119049668312,0.9679188095033169,0.11531638354063034,0.2474791258573532,0.019002264365553856,0.5047504305839539,0.49524956941604614,0.5217908024787903,0.5503157377243042,0.2789296805858612,0.5047504305839539,0.49524956941604614,0.5047504305839539,0.49524956941604614,0.5846699133532249,0.41533008664677507,0.9657081365585327,0.9260320430193184,0.07396795698068159,0.020414997821375236,0.6027315268807445,0.3972684731192555,0.0,0.0,0.0,0.015935350209474564,0.010029610246419907,1.0,0.0,0.02911468781530857,0.0009396417299285531,448740
b1_cityscapes_val,2026-07-07 05:27:47,cityscapes,val,all,student_skd,/scratch/gautschi/manors/hf_cache/hub/models--nvidia--mit-b1/snapshots/13ddceec4e8bdf401e7cd7acf5aebc526222518c,runs/mit-b1_skd_j9200315/student_skd.ckpt,skd,img_000430,/home/manors/Guardrail-Distillation/data/cityscapes/leftImg8bit/val/munster/munster_000104_000019_leftImg8bit.png,,0.5165871543713486,0.4834128456286514,0.9462855458259583,0.9652317762374878,0.09897030889987946,0.08892669528722763,0.21895113587379456,0.9239406585693359,0.22585511207580566,-6.794651031494141,6.752134323120117,0.006540174596011639,0.04619581624865532,482403,4.33719674947497,7.400375999168318,16.243752750597196,0.8689700586590878,0.13102994134091217,150859,0.4113210971161859,0.5886789028838141,62235,0.09025044739246368,0.0008787289261817932,14.677498250421195,0.039819177240133286,0.9601808227598667,0.16137635707855225,0.2900390923023224,0.03234010934829712,0.5080842971801758,0.4919157028198242,0.5341423153877258,0.5672585964202881,0.2825081944465637,0.5080842971801758,0.4919157028198242,0.5080842971801758,0.4919157028198242,0.5887080255413679,0.4112919744586321,0.9702261090278625,0.8383866617305875,0.1616133382694125,0.0,0.5736709985219323,0.42632900147806774,0.16234990140574634,0.07212087117001931,0.07212087117001931,0.03402341902256012,0.010082855820655823,0.9278791288299807,0.07212087117001931,0.047238510102033615,0.007887596264481544,431668
b1_cityscapes_val,2026-07-07 05:27:47,cityscapes,val,all,student_skd,/scratch/gautschi/manors/hf_cache/hub/models--nvidia--mit-b1/snapshots/13ddceec4e8bdf401e7cd7acf5aebc526222518c,runs/mit-b1_skd_j9200315/student_skd.ckpt,skd,img_000431,/home/manors/Guardrail-Distillation/data/cityscapes/leftImg8bit/val/munster/munster_000105_000019_leftImg8bit.png,,0.5346711230941664,0.4653288769058336,0.9448881149291992,0.9624541401863098,0.10517694801092148,0.09873141348361969,0.24411162734031677,0.9188682436943054,0.24262112379074097,-6.766193389892578,6.719602108001709,0.00965923722833395,0.05088108405470848,490929,4.33719674947497,7.400375999168318,16.243752750597196,1.0,0.0,150859,0.5062353803989705,0.49376461960102946,21004,0.1003546491265297,0.0010768036590889096,14.677498250421195,0.03795357048511505,0.962046429514885,0.14844678342342377,0.2733026444911957,0.026555323973298073,0.5066384077072144,0.49336159229278564,0.5304550528526306,0.5590705871582031,0.26537835597991943,0.5066384077072144,0.49336159229278564,0.5066384077072144,0.49336159229278564,0.5901407508096101,0.40985924919038985,0.9577637314796448,1.0,0.0,0.0,0.5358193982689367,0.46418060173106335,0.029584017869966117,0.055469627715443726,0.055469627715443726,0.022424830123782158,0.009549242444336414,0.9445303722845563,0.055469627715443726,0.03538800776004791,0.0018515915144234896,436303
b1_cityscapes_val,2026-07-07 05:27:47,cityscapes,val,all,student_skd,/scratch/gautschi/manors/hf_cache/hub/models--nvidia--mit-b1/snapshots/13ddceec4e8bdf401e7cd7acf5aebc526222518c,runs/mit-b1_skd_j9200315/student_skd.ckpt,skd,img_000432,/home/manors/Guardrail-Distillation/data/cityscapes/leftImg8bit/val/munster/munster_000106_000019_leftImg8bit.png,,0.5870495643845004,0.4129504356154996,0.9669479727745056,0.9791469573974609,0.07936577498912811,0.0557095929980278,0.18429623544216156,0.9505640268325806,0.15807068347930908,-7.102624893188477,7.07694149017334,0.005105599295347929,0.02739054523408413,487504,4.375252749923675,7.407826999951794,16.24917299977824,0.9314032596207423,0.06859674037925767,150859,0.6197642479772412,0.38023575202275883,45719,0.05653972178697586,0.0004842315101996064,14.67472175045259,0.02711772359907627,0.9728822764009237,0.05062784254550934,0.24269187450408936,0.020212069153785706,0.5050528645515442,0.4949471354484558,0.5118696093559265,0.5453454852104187,0.27054059505462646,0.5050528645515442,0.4949471354484558,0.5050528645515442,0.4949471354484558,0.518421865804076,0.481578134195924,0.9657008051872253,0.9315695403941668,0.06843045960583316,0.00016628077342450975,0.5074408117379068,0.4925591882620932,0.0,0.0,0.0,0.007413272745907307,0.00866044219583273,1.0,0.0,0.021975204348564148,0.0007117890636436641,457244
b1_cityscapes_val,2026-07-07 05:27:47,cityscapes,val,all,student_skd,/scratch/gautschi/manors/hf_cache/hub/models--nvidia--mit-b1/snapshots/13ddceec4e8bdf401e7cd7acf5aebc526222518c,runs/mit-b1_skd_j9200315/student_skd.ckpt,skd,img_000433,/home/manors/Guardrail-Distillation/data/cityscapes/leftImg8bit/val/munster/munster_000107_000019_leftImg8bit.png,,0.5110269353159724,0.48897306468402757,0.9656940698623657,0.9786201119422913,0.0768476352095604,0.055486731231212616,0.1704830378293991,0.949090301990509,0.15764257311820984,-7.094879150390625,7.069072246551514,0.002672263653948903,0.026534220203757286,493589,4.375252749923675,7.407826999951794,16.24917299977824,0.8612749946906882,0.13872500530931176,150859,0.4791839757251743,0.5208160242748257,55460,0.056162577122449875,0.0004574281338136643,14.67472175045259,0.02167443558573723,0.9783255644142628,0.04653139039874077,0.16427594423294067,0.012937841936945915,0.5032344460487366,0.4967655539512634,0.5112922787666321,0.5283022522926331,0.2734721302986145,0.5032344460487366,0.4967655539512634,0.5032344460487366,0.4967655539512634,0.6518454769351107,0.34815452306488925,0.9756598472595215,0.8904446716104525,0.10955532838954751,0.029169676919764242,0.9396727998966334,0.06032720010336656,0.4604888241714591,0.14081854161913832,0.14081854161913832,0.016039660200476646,0.006073879078030586,0.8591814583808617,0.14081854161913832,0.023655306547880173,0.0038919018115848303,461318
b1_cityscapes_val,2026-07-07 05:27:48,cityscapes,val,all,student_skd,/scratch/gautschi/manors/hf_cache/hub/models--nvidia--mit-b1/snapshots/13ddceec4e8bdf401e7cd7acf5aebc526222518c,runs/mit-b1_skd_j9200315/student_skd.ckpt,skd,img_000434,/home/manors/Guardrail-Distillation/data/cityscapes/leftImg8bit/val/munster/munster_000108_000019_leftImg8bit.png,,0.5874928025508976,0.41250719744910236,0.9642846584320068,0.9717665314674377,0.09315048903226852,0.07274496555328369,0.21307335793972015,0.9409503936767578,0.17217928171157837,-7.266667366027832,7.231546878814697,0.007779830135405064,0.03832974657416344,489985,4.375252749923675,7.407826999951794,16.24917299977824,0.9466528545280711,0.05334714547192887,150859,0.3799706170393685,0.6200293829606315,55597,0.07370617985725403,0.0006802428397350013,14.67472175045259,0.02798553556203842,0.9720144644379616,0.07243214547634125,0.226314514875412,0.019171569496393204,0.5047927498817444,0.4952072501182556,0.5138797760009766,0.5449509024620056,0.26370370388031006,0.5047927498817444,0.4952072501182556,0.5047927498817444,0.4952072501182556,0.6242268155798943,0.37577318442010565,0.9708276987075806,0.9257099093902115,0.07429009060978853,0.0,0.3862676532936295,0.6137323467063704,0.006297036254261035,0.036734013028996704,0.036734013028996704,0.017386246472597122,0.010843189433217049,0.9632659869710033,0.036734013028996704,0.030035613104701042,0.002208230784162879,448607
b1_cityscapes_val,2026-07-07 05:27:48,cityscapes,val,all,student_skd,/scratch/gautschi/manors/hf_cache/hub/models--nvidia--mit-b1/snapshots/13ddceec4e8bdf401e7cd7acf5aebc526222518c,runs/mit-b1_skd_j9200315/student_skd.ckpt,skd,img_000435,/home/manors/Guardrail-Distillation/data/cityscapes/leftImg8bit/val/munster/munster_000109_000019_leftImg8bit.png,,0.5614021259888852,0.43859787401111483,0.9725712537765503,0.9786105751991272,0.0804925411939621,0.05679985508322716,0.18567568063735962,0.9484230875968933,0.16672956943511963,-7.158233642578125,7.131831645965576,0.0051651508547365665,0.028138941153883934,449164,4.375252749923675,7.407826999951794,16.24917299977824,0.9774667794787832,0.022533220521216757,150859,0.4899263242431649,0.5100736757568352,28796,0.05785362422466278,0.0006660592625848949,14.67472175045259,0.018411654978990555,0.9815883450210094,0.02573295310139656,0.13263872265815735,0.012656215578317642,0.5031639933586121,0.49683600664138794,0.5097962021827698,0.5246626138687134,0.2833630442619324,0.5031639933586121,0.49683600664138794,0.5031639933586121,0.49683600664138794,0.5476030769914474,0.4523969230085526,0.9769304394721985,0.9837933245154258,0.016206675484574218,0.006326545036642539,0.48440447083478866,0.5155955291652113,0.0,0.0,0.0,0.011508045718073845,0.007148836273699999,1.0,0.0,0.02053592912852764,0.0005365523393265903,421161
b1_cityscapes_val,2026-07-07 05:27:48,cityscapes,val,all,student_skd,/scratch/gautschi/manors/hf_cache/hub/models--nvidia--mit-b1/snapshots/13ddceec4e8bdf401e7cd7acf5aebc526222518c,runs/mit-b1_skd_j9200315/student_skd.ckpt,skd,img_000436,/home/manors/Guardrail-Distillation/data/cityscapes/leftImg8bit/val/munster/munster_000110_000019_leftImg8bit.png,,0.731606331812853,0.26839366818714705,0.972853422164917,0.974366307258606,0.08369774371385574,0.06600520014762878,0.1816588044166565,0.9393115043640137,0.18628379702568054,-6.977531433105469,6.946567058563232,0.003332240507006645,0.0319514237344265,472655,4.371271750642336,7.414055000481312,16.257979000329215,0.9940486517707775,0.005951348229222497,137940,0.49636273406199694,0.5036372659380031,82656,0.06711068749427795,0.0005712584243156016,14.66746799997054,0.024598175659775734,0.9754018243402243,0.07591034471988678,0.18164575099945068,0.01613469421863556,0.504033625125885,0.495966374874115,0.5145231485366821,0.535262405872345,0.2760531008243561,0.504033625125885,0.495966374874115,0.504033625125885,0.495966374874115,0.7242252663787138,0.27577473362128624,0.9767526388168335,0.9936880261746547,0.006311973825345318,0.0,0.49348141871444134,0.5065185812855586,0.0,0.0,0.0,0.01084935199469328,0.006950101349502802,1.0,0.0,0.019259290769696236,0.0008970602648332715,435691
b1_cityscapes_val,2026-07-07 05:27:48,cityscapes,val,all,student_skd,/scratch/gautschi/manors/hf_cache/hub/models--nvidia--mit-b1/snapshots/13ddceec4e8bdf401e7cd7acf5aebc526222518c,runs/mit-b1_skd_j9200315/student_skd.ckpt,skd,img_000437,/home/manors/Guardrail-Distillation/data/cityscapes/leftImg8bit/val/munster/munster_000111_000019_leftImg8bit.png,,0.5507495369697738,0.4492504630302262,0.9426119327545166,0.9702131152153015,0.09004298597574234,0.07720211148262024,0.19861246645450592,0.930611789226532,0.21031859517097473,-6.796487331390381,6.76045036315918,0.004116120748221874,0.03831423819065094,492454,4.371271750642336,7.414055000481312,16.257979000329215,0.9896259100137164,0.010374089986283641,150859,0.42523879297580247,0.5747612070241975,16599,0.07848171889781952,0.0008063498535193503,14.66746799997054,0.03763410821557045,0.9623658917844296,0.14100304245948792,0.2674093246459961,0.03325149416923523,0.5083121061325073,0.4916878938674927,0.5329021215438843,0.5591986179351807,0.24820564687252045,0.5083121061325073,0.4916878938674927,0.5083121061325073,0.4916878938674927,0.6168374920067762,0.3831625079932238,0.9548302888870239,0.9760849940849059,0.0239150059150941,0.0,0.6359512106367817,0.3640487893632183,0.21071241766097926,0.06608795503700238,0.06608795503700238,0.02331385388970375,0.011095453053712845,0.9339120449629976,0.06608795503700238,0.03738420456647873,0.003937423694878817,447840
b1_cityscapes_val,2026-07-07 05:27:48,cityscapes,val,all,student_skd,/scratch/gautschi/manors/hf_cache/hub/models--nvidia--mit-b1/snapshots/13ddceec4e8bdf401e7cd7acf5aebc526222518c,runs/mit-b1_skd_j9200315/student_skd.ckpt,skd,img_000438,/home/manors/Guardrail-Distillation/data/cityscapes/leftImg8bit/val/munster/munster_000112_000019_leftImg8bit.png,,0.5277021348067426,0.47229786519325745,0.9473280310630798,0.9702052474021912,0.09117617458105087,0.07677942514419556,0.20028969645500183,0.9314324259757996,0.20818117260932922,-6.711999893188477,6.675747871398926,0.005113457329571247,0.038456596434116364,482648,4.371271750642336,7.414055000481312,16.257979000329215,0.9399702205943896,0.060029779405610384,150784,0.3832893379888307,0.6167106620111693,54131,0.07790223509073257,0.0007189040770754218,14.66746799997054,0.036633726209402084,0.9633662737905979,0.13998374342918396,0.2592008113861084,0.029495270922780037,0.5073732733726501,0.49262672662734985,0.5285590887069702,0.5573211908340454,0.25731369853019714,0.5073732733726501,0.49262672662734985,0.5073732733726501,0.49262672662734985,0.6188769086866995,0.38112309131330047,0.966768741607666,0.9801593013556792,0.01984069864432081,0.040189080761289575,0.6675626250450232,0.3324373749549768,0.2842732870561925,0.09117477387995698,0.09117477387995698,0.028211034834384918,0.008770366199314594,0.908825226120043,0.09117477387995698,0.04083307087421417,0.007195719983428717,439160
b1_cityscapes_val,2026-07-07 05:27:48,cityscapes,val,all,student_skd,/scratch/gautschi/manors/hf_cache/hub/models--nvidia--mit-b1/snapshots/13ddceec4e8bdf401e7cd7acf5aebc526222518c,runs/mit-b1_skd_j9200315/student_skd.ckpt,skd,img_000439,/home/manors/Guardrail-Distillation/data/cityscapes/leftImg8bit/val/munster/munster_000113_000019_leftImg8bit.png,,0.6441066624042336,0.35589333759576636,0.957275390625,0.9707586765289307,0.09317445009946823,0.07814670354127884,0.21690823137760162,0.931311845779419,0.215348482131958,-6.742849349975586,6.706714153289795,0.007414861116558313,0.03883272409439087,487939,4.371271750642336,7.414055000481312,16.257979000329215,0.9463593038735676,0.05364069612643241,150859,0.9654020574719702,0.034597942528029835,20520,0.0793631449341774,0.0007528762216679752,14.66746799997054,0.033116016536951065,0.9668839834630489,0.10719088464975357,0.2451196163892746,0.028765123337507248,0.5071907639503479,0.4928092360496521,0.5249857902526855,0.5544071197509766,0.25702720880508423,0.5071907639503479,0.4928092360496521,0.5071907639503479,0.4928092360496521,0.7715408853817736,0.22845911461822643,0.9688628911972046,0.9491516743951632,0.050848325604836764,0.002792370521595644,0.947791113901542,0.052208886098457974,0.0,0.12743422297753992,0.12743422297753992,0.019346680492162704,0.007759166415780783,0.8725657770224601,0.12743422297753992,0.029477044939994812,0.001711279503069818,446063
b1_cityscapes_val,2026-07-07 05:27:48,cityscapes,val,all,student_skd,/scratch/gautschi/manors/hf_cache/hub/models--nvidia--mit-b1/snapshots/13ddceec4e8bdf401e7cd7acf5aebc526222518c,runs/mit-b1_skd_j9200315/student_skd.ckpt,skd,img_000440,/home/manors/Guardrail-Distillation/data/cityscapes/leftImg8bit/val/munster/munster_000114_000019_leftImg8bit.png,,0.5668042626867277,0.4331957373132723,0.9754552841186523,0.97596275806427,0.08545958250761032,0.06345980614423752,0.19560685753822327,0.9431127905845642,0.18323232233524323,-6.401689052581787,6.371977806091309,0.006178731098771095,0.032458096742630005,493467,4.350720500042371,7.40326975028438,16.24545825052337,0.983153337886566,0.016846662113433997,150859,0.3435803085495214,0.6564196914504786,8076,0.0645700991153717,0.0006744823185727,14.670460999695933,0.02930167131125927,0.9706983286887407,0.07507501542568207,0.21840254962444305,0.02209573984146118,0.5055237412452698,0.4944762587547302,0.5188963413238525,0.5550501346588135,0.2693784832954407,0.5055237412452698,0.4944762587547302,0.5055237412452698,0.4944762587547302,0.6446417283373315,0.35535827166266853,0.9792123436927795,0.9885694872634123,0.011430512736587684,0.005416149376846313,0.3604456938495765,0.6395543061504235,0.016865385300055102,0.07783746565060379,0.07783746565060379,0.011234793812036514,0.007477703504264355,0.9221625343493962,0.07783746565060379,0.020118871703743935,0.0008430148009210825,458388
b1_cityscapes_val,2026-07-07 05:27:48,cityscapes,val,all,student_skd,/scratch/gautschi/manors/hf_cache/hub/models--nvidia--mit-b1/snapshots/13ddceec4e8bdf401e7cd7acf5aebc526222518c,runs/mit-b1_skd_j9200315/student_skd.ckpt,skd,img_000441,/home/manors/Guardrail-Distillation/data/cityscapes/leftImg8bit/val/munster/munster_000115_000019_leftImg8bit.png,,0.536694499677628,0.46330550032237205,0.9584806561470032,0.9746419191360474,0.08536676317453384,0.06619063764810562,0.19299238920211792,0.9416111707687378,0.1815120130777359,-6.470956802368164,6.440042018890381,0.0045850928872823715,0.03354905918240547,489194,4.350720500042371,7.40326975028438,16.24545825052337,1.0,0.0,150859,0.5894319259247893,0.4105680740752107,19628,0.06723113358020782,0.0006714821793138981,14.670460999695933,0.029023325070738792,0.9709766749292612,0.09090804308652878,0.21748968958854675,0.02485893853008747,0.506214439868927,0.493785560131073,0.5218169093132019,0.5508379340171814,0.2342626452445984,0.506214439868927,0.493785560131073,0.506214439868927,0.493785560131073,0.600793661357518,0.399206338642482,0.9664835929870605,1.0,0.0,0.0,0.6142199016851773,0.38578009831482274,0.024787975760387937,0.06409916167989005,0.06409916167989005,0.017663748934864998,0.00966078881174326,0.93590083832011,0.06409916167989005,0.029857274144887924,0.0033177020959556103,451243
b1_cityscapes_val,2026-07-07 05:27:48,cityscapes,val,all,student_skd,/scratch/gautschi/manors/hf_cache/hub/models--nvidia--mit-b1/snapshots/13ddceec4e8bdf401e7cd7acf5aebc526222518c,runs/mit-b1_skd_j9200315/student_skd.ckpt,skd,img_000442,/home/manors/Guardrail-Distillation/data/cityscapes/leftImg8bit/val/munster/munster_000116_000019_leftImg8bit.png,,0.499008000769849,0.500991999230151,0.9541389346122742,0.9817346930503845,0.07403112947940826,0.0488162562251091,0.16971875727176666,0.9547423124313354,0.14997072517871857,-6.6591620445251465,6.636782646179199,0.004094488453119993,0.024447809904813766,495300,4.350720500042371,7.40326975028438,16.24545825052337,0.5428902310204556,0.45710976897954436,150859,0.6724981126042542,0.3275018873957458,36026,0.049702707678079605,0.000613069802056998,14.670460999695933,0.028487399220466614,0.9715126007795334,0.058068692684173584,0.2352030873298645,0.014716118574142456,0.5036789774894714,0.49632102251052856,0.5112622976303101,0.5526175498962402,0.2799602448940277,0.5036789774894714,0.49632102251052856,0.5036789774894714,0.49632102251052856,0.5592921155984633,0.44070788440153674,0.9733131527900696,0.8963381700239181,0.10366182997608187,0.3534479390034625,0.7298457646997036,0.27015423530029636,0.05734765209544945,0.06028411482861429,0.06028411482861429,0.022087624296545982,0.0029133858624845743,0.9397158851713857,0.06028411482861429,0.026805976405739784,0.005315970163792372,468413
b1_cityscapes_val,2026-07-07 05:27:48,cityscapes,val,all,student_skd,/scratch/gautschi/manors/hf_cache/hub/models--nvidia--mit-b1/snapshots/13ddceec4e8bdf401e7cd7acf5aebc526222518c,runs/mit-b1_skd_j9200315/student_skd.ckpt,skd,img_000443,/home/manors/Guardrail-Distillation/data/cityscapes/leftImg8bit/val/munster/munster_000117_000019_leftImg8bit.png,,0.6862870189619401,0.3137129810380599,0.9750921130180359,0.9817494750022888,0.07500356435775757,0.04731595888733864,0.17274723947048187,0.9588670134544373,0.13160741329193115,-6.903463363647461,6.880946636199951,0.004120110534131527,0.024541527032852173,491249,4.350720500042371,7.40326975028438,16.24545825052337,0.9501777765413792,0.04982222345862075,150859,0.6762277468158133,0.3237722531841867,73225,0.048167772591114044,0.0005764475208707154,14.670460999695933,0.020162899047136307,0.9798371009528637,0.020802872255444527,0.15010583400726318,0.010384852066636086,0.5025961995124817,0.4974038004875183,0.5078331232070923,0.5263371467590332,0.2729376554489136,0.5025961995124817,0.4974038004875183,0.5025961995124817,0.4974038004875183,0.6252607073516339,0.37473929264836614,0.9793017506599426,0.9631553868083748,0.03684461319162524,0.01297761026699551,0.703359520460026,0.29664047953997397,0.02713177364421271,0.0,0.0,0.009903328493237495,0.005693650338798761,1.0,0.0,0.017142020165920258,0.0007898235344327986,464314
b1_cityscapes_val,2026-07-07 05:27:48,cityscapes,val,all,student_skd,/scratch/gautschi/manors/hf_cache/hub/models--nvidia--mit-b1/snapshots/13ddceec4e8bdf401e7cd7acf5aebc526222518c,runs/mit-b1_skd_j9200315/student_skd.ckpt,skd,img_000444,/home/manors/Guardrail-Distillation/data/cityscapes/leftImg8bit/val/munster/munster_000118_000019_leftImg8bit.png,,0.6259780988952194,0.3740219011047806,0.9779599905014038,0.9855748414993286,0.06355404108762741,0.03715886175632477,0.13781164586544037,0.9645269513130188,0.11450544744729996,-6.926825046539307,6.909466743469238,0.0016054421430453658,0.01807555742561817,488339,4.328150750552595,7.400719499855768,16.244701499999792,1.0,0.0,150859,0.6468181263520755,0.3531818736479245,25281,0.03785945475101471,0.00046851744991727173,14.671027999611397,0.02001793496310711,0.9799820650368929,0.03197908401489258,0.14959445595741272,0.00755114434286952,0.5018877983093262,0.49811220169067383,0.5077751278877258,0.5279262661933899,0.26569390296936035,0.5018877983093262,0.49811220169067383,0.5018877983093262,0.49811220169067383,0.7108708031183902,0.28912919688160976,0.9824609160423279,1.0,0.0,0.0,0.645404472088492,0.35459552791150795,0.0,0.08489270422317086,0.08489270422317086,0.00903061218559742,0.004529640078544617,0.9151072957768291,0.08489270422317086,0.01493839267641306,0.0006941899191588163,467042
b1_cityscapes_val,2026-07-07 05:27:48,cityscapes,val,all,student_skd,/scratch/gautschi/manors/hf_cache/hub/models--nvidia--mit-b1/snapshots/13ddceec4e8bdf401e7cd7acf5aebc526222518c,runs/mit-b1_skd_j9200315/student_skd.ckpt,skd,img_000445,/home/manors/Guardrail-Distillation/data/cityscapes/leftImg8bit/val/munster/munster_000119_000019_leftImg8bit.png,,0.6905793249776555,0.3094206750223445,0.9463630318641663,0.9657489061355591,0.0972588062286377,0.08874697983264923,0.21561740338802338,0.9214655756950378,0.23983299732208252,-6.872620105743408,6.830914497375488,0.005854685790836811,0.04496226832270622,489010,4.328150750552595,7.400719499855768,16.244701499999792,0.6541310332036745,0.3458689667963255,150859,0.753339569768062,0.24666043023193795,14922,0.09029719233512878,0.000946737127378583,14.671027999611397,0.0385608971118927,0.9614391028881073,0.15325942635536194,0.26281309127807617,0.03230700641870499,0.5080760717391968,0.4919239282608032,0.528800904750824,0.5561003684997559,0.28631097078323364,0.5080760717391968,0.4919239282608032,0.5080760717391968,0.4919239282608032,0.6093067437905819,0.3906932562094181,0.955180823802948,0.6590526295596648,0.3409473704403352,0.004921596355990321,0.394687074649283,0.605312925350717,0.0,0.0,0.0,0.023889081552624702,0.015071266330778599,1.0,0.0,0.041749656200408936,0.005147133953869343,438096
b1_cityscapes_val,2026-07-07 05:27:48,cityscapes,val,all,student_skd,/scratch/gautschi/manors/hf_cache/hub/models--nvidia--mit-b1/snapshots/13ddceec4e8bdf401e7cd7acf5aebc526222518c,runs/mit-b1_skd_j9200315/student_skd.ckpt,skd,img_000446,/home/manors/Guardrail-Distillation/data/cityscapes/leftImg8bit/val/munster/munster_000120_000019_leftImg8bit.png,,0.5821611468282596,0.4178388531717404,0.980555534362793,0.9849100112915039,0.06508969515562057,0.03847776725888252,0.13959233462810516,0.9621898531913757,0.12332343310117722,-6.969474792480469,6.951268672943115,0.001531844143755734,0.018832918256521225,479161,4.328150750552595,7.400719499855768,16.244701499999792,0.9865445107455839,0.013455489254416086,150859,0.32685909540508945,0.6731409045949106,18600,0.039054255932569504,0.000370057241525501,14.671027999611397,0.015185337513685226,0.9848146624863148,0.02096768096089363,0.10121680051088333,0.007014771457761526,0.5017536878585815,0.49824631214141846,0.508806586265564,0.5183194875717163,0.2224186360836029,0.5017536878585815,0.49824631214141846,0.5017536878585815,0.49824631214141846,0.6360596127207592,0.36394038727924083,0.98508220911026,0.9897018282511406,0.010298171748859386,0.0031573175055567004,0.37207705478094755,0.6279229452190525,0.04521795937585815,0.05389846589249958,0.05389846589249958,0.008341663517057896,0.0038150015752762556,0.9461015341075004,0.05389846589249958,0.012517713010311127,0.00033183000050485134,457112
b1_cityscapes_val,2026-07-07 05:27:48,cityscapes,val,all,student_skd,/scratch/gautschi/manors/hf_cache/hub/models--nvidia--mit-b1/snapshots/13ddceec4e8bdf401e7cd7acf5aebc526222518c,runs/mit-b1_skd_j9200315/student_skd.ckpt,skd,img_000447,/home/manors/Guardrail-Distillation/data/cityscapes/leftImg8bit/val/munster/munster_000121_000019_leftImg8bit.png,,0.5847613573611941,0.41523864263880594,0.960675060749054,0.9773645401000977,0.08114616572856903,0.05785650387406349,0.17937621474266052,0.9486364722251892,0.15886910259723663,-6.872628688812256,6.845037937164307,0.003729320829734206,0.030246218666434288,490706,4.328150750552595,7.400719499855768,16.244701499999792,1.0,0.0,150859,0.6971122648514262,0.3028877351485738,17297,0.058805860579013824,0.0006353429635055363,14.671027999611397,0.025932949036359787,0.9740670509636402,0.07370653748512268,0.21303516626358032,0.022564617916941643,0.5056409239768982,0.4943590760231018,0.5132893919944763,0.5524489283561707,0.2687824070453644,0.5056409239768982,0.4943590760231018,0.5056409239768982,0.4943590760231018,0.6296282638085298,0.37037173619147024,0.9730531573295593,1.0,0.0,0.0,0.7559725063207821,0.24402749367921794,0.05886024146935587,0.04486690644733571,0.04486690644733571,0.01939450576901436,0.007016421761363745,0.9551330935526643,0.04486690644733571,0.02832857333123684,0.002135698450729251,456503
b1_cityscapes_val,2026-07-07 05:27:48,cityscapes,val,all,student_skd,/scratch/gautschi/manors/hf_cache/hub/models--nvidia--mit-b1/snapshots/13ddceec4e8bdf401e7cd7acf5aebc526222518c,runs/mit-b1_skd_j9200315/student_skd.ckpt,skd,img_000448,/home/manors/Guardrail-Distillation/data/cityscapes/leftImg8bit/val/munster/munster_000122_000019_leftImg8bit.png,,0.7096295742111963,0.2903704257888037,0.9742140173912048,0.9770855903625488,0.07888205349445343,0.058310721069574356,0.17002612352371216,0.946611762046814,0.16402728855609894,-6.857853889465332,6.830279350280762,0.002453100634738803,0.028604615479707718,492438,4.331328749685781,7.420974749948073,16.248004750195832,0.9760425131937616,0.023957486806238437,150859,0.8216789205400424,0.17832107945995757,8823,0.05919390171766281,0.0005452539189718664,14.675878250272945,0.02660929039120674,0.9733907096087933,0.08562284708023071,0.1982557475566864,0.013952470384538174,0.5034880638122559,0.49651193618774414,0.5185073018074036,0.541986346244812,0.28506287932395935,0.5034880638122559,0.49651193618774414,0.5034880638122559,0.49651193618774414,0.8126387350922861,0.18736126490771388,0.981709361076355,0.9832659852689478,0.016734014731052183,0.007223472075186255,0.8674911843880837,0.1325088156119163,0.04581226384804127,0.1030091608810898,0.1030091608810898,0.013599681667983532,0.00610432168468833,0.8969908391189102,0.1030091608810898,0.020526442676782608,0.0012732567265629768,457771
b1_cityscapes_val,2026-07-07 05:27:48,cityscapes,val,all,student_skd,/scratch/gautschi/manors/hf_cache/hub/models--nvidia--mit-b1/snapshots/13ddceec4e8bdf401e7cd7acf5aebc526222518c,runs/mit-b1_skd_j9200315/student_skd.ckpt,skd,img_000449,/home/manors/Guardrail-Distillation/data/cityscapes/leftImg8bit/val/munster/munster_000123_000019_leftImg8bit.png,,0.5702899911087563,0.42971000889124367,0.9711610674858093,0.9718217849731445,0.08785413950681686,0.07370620965957642,0.19358527660369873,0.9321463108062744,0.21064965426921844,-6.669167995452881,6.635049819946289,0.004489385522902012,0.03537294641137123,492495,4.331328749685781,7.420974749948073,16.248004750195832,0.7943276245978502,0.20567237540214978,150859,0.5544194094243413,0.4455805905756587,13065,0.07492786645889282,0.0007163506816141307,14.675878250272945,0.03230443224310875,0.9676955677568913,0.10886316746473312,0.2313723862171173,0.022618407383561134,0.5056543946266174,0.49434560537338257,0.5215140581130981,0.5480114221572876,0.26074114441871643,0.5056543946266174,0.49434560537338257,0.5056543946266174,0.49434560537338257,0.6178167211513081,0.38218327884869185,0.9623752236366272,0.5602421002767143,0.4397578997232857,0.0,0.5444785126126443,0.45552148738735565,0.0,0.04752673004255181,0.04752673004255181,0.013902679085731506,0.022688554599881172,0.9524732699574482,0.04752673004255181,0.03803490102291107,0.0009949338855221868,450416
b1_cityscapes_val,2026-07-07 05:27:48,cityscapes,val,all,student_skd,/scratch/gautschi/manors/hf_cache/hub/models--nvidia--mit-b1/snapshots/13ddceec4e8bdf401e7cd7acf5aebc526222518c,runs/mit-b1_skd_j9200315/student_skd.ckpt,skd,img_000450,/home/manors/Guardrail-Distillation/data/cityscapes/leftImg8bit/val/munster/munster_000124_000019_leftImg8bit.png,,0.5724998996351616,0.42750010036483843,0.9587785005569458,0.9789786338806152,0.07598550617694855,0.05537637323141098,0.1678706407546997,0.9472362399101257,0.16884587705135345,-6.991272449493408,6.96592903137207,0.00304020126350224,0.025935644283890724,495033,4.331328749685781,7.420974749948073,16.248004750195832,0.593274483658686,0.40672551634131404,150859,0.47998195140291877,0.5200180485970812,39935,0.0560799203813076,0.00048522825818508863,14.675878250272945,0.023221146315336227,0.9767788536846638,0.05520187318325043,0.1768299788236618,0.013965998776257038,0.5034914612770081,0.49650853872299194,0.5121899843215942,0.5297844409942627,0.27027231454849243,0.5034914612770081,0.49650853872299194,0.5034914612770081,0.49650853872299194,0.46801902128300443,0.5319809787169956,0.9579421877861023,0.4486628571872016,0.5513371428127984,0.0,0.19436136919954874,0.8056386308004513,0.0,0.0,0.0,0.0077590784057974815,0.008595386520028114,1.0,0.0,0.020782452076673508,0.0005595586262643337,463456
b1_cityscapes_val,2026-07-07 05:27:48,cityscapes,val,all,student_skd,/scratch/gautschi/manors/hf_cache/hub/models--nvidia--mit-b1/snapshots/13ddceec4e8bdf401e7cd7acf5aebc526222518c,runs/mit-b1_skd_j9200315/student_skd.ckpt,skd,img_000451,/home/manors/Guardrail-Distillation/data/cityscapes/leftImg8bit/val/munster/munster_000125_000019_leftImg8bit.png,,0.4151327459794334,0.5848672540205666,0.9201627969741821,0.9562857747077942,0.11320752650499344,0.11083707213401794,0.25088465213775635,0.9084671139717102,0.26656147837638855,-6.571153163909912,6.516790390014648,0.012495900504291058,0.060598332434892654,493842,4.331328749685781,7.420974749948073,16.248004750195832,0.6158910826424512,0.3841089173575488,150859,0.308981338417223,0.691018661582777,60459,0.11225628852844238,0.0009335072245448828,14.675878250272945,0.047939080744981766,0.9520609192550182,0.19549496471881866,0.323298841714859,0.041227590292692184,0.5103054642677307,0.4896945357322693,0.5408684015274048,0.5788134336471558,0.2930212914943695,0.5103054642677307,0.4896945357322693,0.5103054642677307,0.4896945357322693,0.43313217702583745,0.5668678229741626,0.9455879330635071,0.5832536694562087,0.4167463305437913,0.0,0.2881429123382103,0.7118570876617897,0.0,0.017999431046404002,0.017999431046404002,0.03892338275909424,0.013498244807124138,0.982000568953596,0.017999431046404002,0.05949879065155983,0.01155835296958685,430456
b1_cityscapes_val,2026-07-07 05:27:49,cityscapes,val,all,student_skd,/scratch/gautschi/manors/hf_cache/hub/models--nvidia--mit-b1/snapshots/13ddceec4e8bdf401e7cd7acf5aebc526222518c,runs/mit-b1_skd_j9200315/student_skd.ckpt,skd,img_000452,/home/manors/Guardrail-Distillation/data/cityscapes/leftImg8bit/val/munster/munster_000126_000019_leftImg8bit.png,,0.5643026927041731,0.4356973072958269,0.9595779776573181,0.9705595374107361,0.0959135964512825,0.07770240306854248,0.2241613119840622,0.9336168766021729,0.20726752281188965,-6.841676712036133,6.804832935333252,0.008784210309386253,0.04090357571840286,492133,4.346119999354414,7.399497750157025,16.24759874994197,1.0,0.0,150859,0.4636936604149719,0.536306339585028,5470,0.07885783165693283,0.0008444663253612816,14.667870750599832,0.031301099807024,0.968698900192976,0.08683619648218155,0.22588276863098145,0.025172565132379532,0.5062928199768066,0.49370718002319336,0.5179282426834106,0.5408270955085754,0.2642768919467926,0.5062928199768066,0.49370718002319336,0.5062928199768066,0.49370718002319336,0.6362833453513633,0.3637166546486367,0.9667853713035583,1.0,0.0,0.0,0.5263536867720567,0.47364631322794326,0.06266002635708479,0.07198065264719022,0.07198065264719022,0.01771065965294838,0.010503258556127548,0.9280193473528098,0.07198065264719022,0.030788425356149673,0.0009855059906840324,450427
b1_cityscapes_val,2026-07-07 05:27:49,cityscapes,val,all,student_skd,/scratch/gautschi/manors/hf_cache/hub/models--nvidia--mit-b1/snapshots/13ddceec4e8bdf401e7cd7acf5aebc526222518c,runs/mit-b1_skd_j9200315/student_skd.ckpt,skd,img_000453,/home/manors/Guardrail-Distillation/data/cityscapes/leftImg8bit/val/munster/munster_000127_000019_leftImg8bit.png,,0.5871443312863186,0.4128556687136814,0.9535148739814758,0.9654986262321472,0.10055188089609146,0.0908912643790245,0.23066824674606323,0.9200946688652039,0.2508865296840668,-6.466442584991455,6.423743724822998,0.008309023454785347,0.04685816168785095,431579,4.346119999354414,7.399497750157025,16.24759874994197,0.6331857642948734,0.3668142357051266,104680,0.5355519809608004,0.46444801903919963,75218,0.09257733821868896,0.001058685826137662,14.667870750599832,0.03949716314673424,0.9605028368532658,0.14631474018096924,0.2794559895992279,0.03346368670463562,0.5083651542663574,0.4916348457336426,0.5318916440010071,0.5667598247528076,0.2941966652870178,0.5083651542663574,0.4916348457336426,0.5083651542663574,0.4916348457336426,0.6243643146653658,0.3756356853346342,0.9584965705871582,0.6377717480936677,0.36222825190633234,0.004585983798794269,0.6191370571943848,0.38086294280561517,0.08358507623358447,0.037219983379047195,0.037219983379047195,0.01899072900414467,0.014009022153913975,0.9627800166209528,0.037219983379047195,0.03623438626527786,0.0019370728405192494,387854
b1_cityscapes_val,2026-07-07 05:27:49,cityscapes,val,all,student_skd,/scratch/gautschi/manors/hf_cache/hub/models--nvidia--mit-b1/snapshots/13ddceec4e8bdf401e7cd7acf5aebc526222518c,runs/mit-b1_skd_j9200315/student_skd.ckpt,skd,img_000454,/home/manors/Guardrail-Distillation/data/cityscapes/leftImg8bit/val/munster/munster_000128_000019_leftImg8bit.png,,0.4455201949674511,0.5544798050325489,0.9736600518226624,0.9766566157341003,0.08289001137018204,0.06097282096743584,0.18827684223651886,0.9461724758148193,0.16740253567695618,-6.696795463562012,6.668184757232666,0.004557197447866201,0.031317226588726044,490433,4.346119999354414,7.399497750157025,16.24759874994197,1.0,0.0,150859,0.32258584016186415,0.6774141598381358,82393,0.06200626492500305,0.0007367431535385549,14.667870750599832,0.025468800216913223,0.9745311997830868,0.05976039543747902,0.1944362372159958,0.012279689311981201,0.5030698776245117,0.4969301223754883,0.5130575895309448,0.535220205783844,0.2847422957420349,0.5030698776245117,0.4969301223754883,0.5030698776245117,0.4969301223754883,0.4560317097561395,0.5439682902438605,0.9763658046722412,1.0,0.0,0.0,0.3460372405909336,0.6539627594090665,0.023451400429069347,0.010511514788688392,0.010511514788688392,0.010070692747831345,0.0073649208061397076,0.9894884852113116,0.010511514788688392,0.019639788195490837,0.000697342969942838,456586
b1_cityscapes_val,2026-07-07 05:27:49,cityscapes,val,all,student_skd,/scratch/gautschi/manors/hf_cache/hub/models--nvidia--mit-b1/snapshots/13ddceec4e8bdf401e7cd7acf5aebc526222518c,runs/mit-b1_skd_j9200315/student_skd.ckpt,skd,img_000455,/home/manors/Guardrail-Distillation/data/cityscapes/leftImg8bit/val/munster/munster_000129_000019_leftImg8bit.png,,0.5881234972716513,0.41187650272834875,0.9647854566574097,0.9720586538314819,0.0905606597661972,0.07468808442354202,0.21166978776454926,0.9355573654174805,0.19974584877490997,-6.772429466247559,6.73805046081543,0.006730223074555397,0.0368431881070137,491217,4.346119999354414,7.399497750157025,16.24759874994197,1.0,0.0,150859,0.39490380946885234,0.6050961905311476,14611,0.0759328082203865,0.0008989899652078748,14.667870750599832,0.028860384598374367,0.9711396154016256,0.08735619485378265,0.21270211040973663,0.01817922480404377,0.5045446753501892,0.4954553246498108,0.5175095796585083,0.5401959419250488,0.2779289484024048,0.5045446753501892,0.4954553246498108,0.5045446753501892,0.4954553246498108,0.6524820066114404,0.3475179933885596,0.9690136909484863,1.0,0.0,0.0,0.49442334562415197,0.505576654375848,0.09951953615529963,0.06435850933978915,0.06435850933978915,0.01357648428529501,0.009348210878670216,0.9356414906602109,0.06435850933978915,0.024854596704244614,0.0010769171640276909,450179
b1_cityscapes_val,2026-07-07 05:27:49,cityscapes,val,all,student_skd,/scratch/gautschi/manors/hf_cache/hub/models--nvidia--mit-b1/snapshots/13ddceec4e8bdf401e7cd7acf5aebc526222518c,runs/mit-b1_skd_j9200315/student_skd.ckpt,skd,img_000456,/home/manors/Guardrail-Distillation/data/cityscapes/leftImg8bit/val/munster/munster_000130_000019_leftImg8bit.png,,0.6048411300289046,0.3951588699710954,0.9223275184631348,0.9652605056762695,0.09737377613782883,0.08832308650016785,0.21088670194149017,0.9227432012557983,0.22912341356277466,-6.149112701416016,6.106908321380615,0.005198994185775518,0.046220943331718445,492980,4.372388500087254,7.409680250020756,16.242657500697533,0.8291287326577688,0.17087126734223124,150859,0.4206970165641642,0.5793029834358359,24788,0.08955596387386322,0.0008147531189024448,14.672646500002884,0.042976900935173035,0.957023099064827,0.17260347306728363,0.2964729070663452,0.03352026641368866,0.5083792805671692,0.4916207194328308,0.5363335609436035,0.5706090331077576,0.29496312141418457,0.5083792805671692,0.4916207194328308,0.5083792805671692,0.4916207194328308,0.694069163060107,0.305930836939893,0.9731064438819885,0.9872075022127498,0.012792497787250223,0.158078769554981,0.5413961473977268,0.4586038526022732,0.12069913083356265,0.08922803303120241,0.08922803303120241,0.05813014879822731,0.00735121127218008,0.9107719669687976,0.08922803303120241,0.06865187734365463,0.02902146242558956,441828
b1_cityscapes_val,2026-07-07 05:27:49,cityscapes,val,all,student_skd,/scratch/gautschi/manors/hf_cache/hub/models--nvidia--mit-b1/snapshots/13ddceec4e8bdf401e7cd7acf5aebc526222518c,runs/mit-b1_skd_j9200315/student_skd.ckpt,skd,img_000457,/home/manors/Guardrail-Distillation/data/cityscapes/leftImg8bit/val/munster/munster_000131_000019_leftImg8bit.png,,0.5636955865509898,0.43630441344901016,0.9422608017921448,0.9571889042854309,0.1106901615858078,0.11269666999578476,0.2538136839866638,0.9073702692985535,0.27238547801971436,-6.739734649658203,6.686783790588379,0.011641229502856731,0.05730307474732399,486117,4.372388500087254,7.409680250020756,16.242657500697533,0.9725714110053418,0.027428588994658165,150859,0.47828787600864187,0.5217121239913581,8854,0.11428826302289963,0.0010961357038468122,14.672646500002884,0.05265207216143608,0.9473479278385639,0.21281109750270844,0.3435235619544983,0.04625846445560455,0.5115625858306885,0.4884374141693115,0.5526993274688721,0.589002788066864,0.2953856885433197,0.5115625858306885,0.4884374141693115,0.5115625858306885,0.4884374141693115,0.5666558832527189,0.4333441167472811,0.9551198482513428,0.9689950144005295,0.031004985599470514,0.0,0.5395136012238632,0.46048639877613684,0.061225725215221294,0.002960296701729037,0.002960296701729037,0.022276530042290688,0.009417485445737839,0.997039703298271,0.002960296701729037,0.035061515867710114,0.0025796256959438324,423872
b1_cityscapes_val,2026-07-07 05:27:49,cityscapes,val,all,student_skd,/scratch/gautschi/manors/hf_cache/hub/models--nvidia--mit-b1/snapshots/13ddceec4e8bdf401e7cd7acf5aebc526222518c,runs/mit-b1_skd_j9200315/student_skd.ckpt,skd,img_000458,/home/manors/Guardrail-Distillation/data/cityscapes/leftImg8bit/val/munster/munster_000132_000019_leftImg8bit.png,,0.7146852454779716,0.28531475452202837,0.9642602801322937,0.9710487723350525,0.09025511890649796,0.07516233623027802,0.20091229677200317,0.9325339794158936,0.207743301987648,-7.010242938995361,6.974987983703613,0.004903861321508884,0.03811655938625336,492673,4.372388500087254,7.409680250020756,16.242657500697533,0.9122389878716484,0.08776101212835163,150859,0.9881652780139432,0.01183472198605684,88215,0.07661519199609756,0.0008892725454643369,14.672646500002884,0.02912040613591671,0.9708795938640833,0.10159778594970703,0.21423417329788208,0.019633157178759575,0.5049080848693848,0.49509191513061523,0.5196599960327148,0.5449841022491455,0.2824234366416931,0.5049080848693848,0.49509191513061523,0.5049080848693848,0.49509191513061523,0.8080299389117599,0.1919700610882401,0.9709604382514954,0.8336570855267307,0.16634291447326932,0.0,0.9847191520716432,0.015280847928356822,0.0,0.09334469343378826,0.09334469343378826,0.016103988513350487,0.009403803385794163,0.9066553065662117,0.09334469343378826,0.028235767036676407,0.0014248802326619625,449756
b1_cityscapes_val,2026-07-07 05:27:49,cityscapes,val,all,student_skd,/scratch/gautschi/manors/hf_cache/hub/models--nvidia--mit-b1/snapshots/13ddceec4e8bdf401e7cd7acf5aebc526222518c,runs/mit-b1_skd_j9200315/student_skd.ckpt,skd,img_000459,/home/manors/Guardrail-Distillation/data/cityscapes/leftImg8bit/val/munster/munster_000133_000019_leftImg8bit.png,,0.35047752878050425,0.6495224712194958,0.8995873332023621,0.944993793964386,0.1255500465631485,0.13982239365577698,0.2837519347667694,0.8866657614707947,0.34168440103530884,-5.676276206970215,5.607649803161621,0.014985882677137852,0.07696682959794998,290073,4.372388500087254,7.409680250020756,16.242657500697533,0.0,1.0,10,0.33514852271750395,0.664851477282496,6233,0.14202271401882172,0.0012765773572027683,14.672646500002884,0.058479081839323044,0.941520918160677,0.2364845871925354,0.3416079580783844,0.0591265894472599,0.5147773623466492,0.48522263765335083,0.5700453519821167,0.6062653660774231,0.38302120566368103,0.5147773623466492,0.48522263765335083,0.5147773623466492,0.48522263765335083,0.4709635746914763,0.5290364253085237,0.9799464344978333,1.0,0.0,1.0,0.4551273278673923,0.5448726721326077,0.11997880514988835,0.12048604591097212,0.12048604591097212,0.08456836640834808,0.004209285136312246,0.8795139540890279,0.12048604591097212,0.09200097620487213,0.009570004418492317,242119
b1_cityscapes_val,2026-07-07 05:27:49,cityscapes,val,all,student_skd,/scratch/gautschi/manors/hf_cache/hub/models--nvidia--mit-b1/snapshots/13ddceec4e8bdf401e7cd7acf5aebc526222518c,runs/mit-b1_skd_j9200315/student_skd.ckpt,skd,img_000460,/home/manors/Guardrail-Distillation/data/cityscapes/leftImg8bit/val/munster/munster_000134_000019_leftImg8bit.png,,0.5639362273764305,0.43606377262356955,0.9476950764656067,0.9670883417129517,0.10291379690170288,0.08813024312257767,0.24804078042507172,0.9282231330871582,0.22470468282699585,-6.657051086425781,6.615405082702637,0.012058683671057224,0.04577844962477684,493835,4.341790249782207,7.39460724980745,16.244585750428087,0.8664544085922385,0.13354559140776145,150859,0.7559721216035427,0.24402787839645734,26302,0.0897115021944046,0.0009906271006911993,14.664859500044258,0.040170349180698395,0.9598296508193016,0.15606708824634552,0.3088666796684265,0.03216957300901413,0.5080417394638062,0.49195826053619385,0.5303243398666382,0.5669857263565063,0.2707269489765167,0.5080417394638062,0.49195826053619385,0.5080417394638062,0.49195826053619385,0.5385089638969887,0.46149103610301134,0.947241485118866,0.8330333503247039,0.16696664967529606,0.0,0.6424870062946779,0.3575129937053221,0.0,0.0,0.0,0.011839987710118294,0.012293579988181591,1.0,0.0,0.030040398240089417,0.0009456599946133792,447168
b1_cityscapes_val,2026-07-07 05:27:49,cityscapes,val,all,student_skd,/scratch/gautschi/manors/hf_cache/hub/models--nvidia--mit-b1/snapshots/13ddceec4e8bdf401e7cd7acf5aebc526222518c,runs/mit-b1_skd_j9200315/student_skd.ckpt,skd,img_000461,/home/manors/Guardrail-Distillation/data/cityscapes/leftImg8bit/val/munster/munster_000135_000019_leftImg8bit.png,,0.6280396762603713,0.37196032373962873,0.9644969701766968,0.9761995077133179,0.08236309140920639,0.06313995271921158,0.18738770484924316,0.9421423673629761,0.184986874461174,-6.813188552856445,6.784213066101074,0.004142126999795437,0.030699266120791435,488155,4.341790249782207,7.39460724980745,16.244585750428087,1.0,0.0,150859,0.5197643914765783,0.48023560852342173,19223,0.06453526020050049,0.0008300240151584148,14.664859500044258,0.02882237918674946,0.9711776208132505,0.07686910778284073,0.21161946654319763,0.025278763845562935,0.5063193440437317,0.4936806559562683,0.5160802006721497,0.5410107374191284,0.2670125365257263,0.5063193440437317,0.4936806559562683,0.5063193440437317,0.4936806559562683,0.6726261593374341,0.3273738406625659,0.9727996587753296,1.0,0.0,0.0,0.5917914835831077,0.40820851641689226,0.07202709210652947,0.04458648307706281,0.04458648307706281,0.01653982885181904,0.008237138390541077,0.9554135169229372,0.04458648307706281,0.026792719960212708,0.003945468459278345,453320
b1_cityscapes_val,2026-07-07 05:27:49,cityscapes,val,all,student_skd,/scratch/gautschi/manors/hf_cache/hub/models--nvidia--mit-b1/snapshots/13ddceec4e8bdf401e7cd7acf5aebc526222518c,runs/mit-b1_skd_j9200315/student_skd.ckpt,skd,img_000462,/home/manors/Guardrail-Distillation/data/cityscapes/leftImg8bit/val/munster/munster_000136_000019_leftImg8bit.png,,0.5239468875641179,0.4760531124358821,0.9484421014785767,0.960244357585907,0.10898535698652267,0.10256081074476242,0.2503461241722107,0.9167007803916931,0.24569171667099,-6.711546897888184,6.661863327026367,0.010630708187818527,0.05333850905299187,491971,4.341790249782207,7.39460724980745,16.244585750428087,0.9778320938700737,0.02216790612992625,150859,0.3114914021657096,0.6885085978342904,6981,0.1040508970618248,0.0010465770028531551,14.664859500044258,0.04637349396944046,0.9536265060305595,0.1898970901966095,0.3240097761154175,0.0385109968483448,0.509626567363739,0.490373432636261,0.5401679277420044,0.5711272954940796,0.2653137743473053,0.509626567363739,0.490373432636261,0.509626567363739,0.490373432636261,0.6675985903870242,0.3324014096129758,0.9654776453971863,0.9817153803871908,0.01828461961280925,0.0038832865171170017,0.4016156883043586,0.5983843116956413,0.09012428613864909,0.1436517028229063,0.1436517028229063,0.025914128869771957,0.008878571912646294,0.8563482971770937,0.1436517028229063,0.03933768346905708,0.0017216461710631847,433156
b1_cityscapes_val,2026-07-07 05:27:49,cityscapes,val,all,student_skd,/scratch/gautschi/manors/hf_cache/hub/models--nvidia--mit-b1/snapshots/13ddceec4e8bdf401e7cd7acf5aebc526222518c,runs/mit-b1_skd_j9200315/student_skd.ckpt,skd,img_000463,/home/manors/Guardrail-Distillation/data/cityscapes/leftImg8bit/val/munster/munster_000137_000019_leftImg8bit.png,,0.7424766490851493,0.2575233509148507,0.9741663336753845,0.974213719367981,0.08955021947622299,0.07171018421649933,0.21789833903312683,0.936424195766449,0.20894379913806915,-6.729870319366455,6.697668075561523,0.00852260272949934,0.034134022891521454,481543,4.341790249782207,7.39460724980745,16.244585750428087,0.9779594099060613,0.02204059009393866,150859,0.6048125596305457,0.3951874403694543,9100,0.07293640822172165,0.0007427242817357183,14.664859500044258,0.03584602475166321,0.9641539752483368,0.121774822473526,0.27468109130859375,0.031075235456228256,0.5077682137489319,0.4922317862510681,0.5281131267547607,0.559680163860321,0.26475095748901367,0.5077682137489319,0.4922317862510681,0.5077682137489319,0.4922317862510681,0.6462663325271608,0.3537336674728392,0.9687753319740295,0.9710089967720101,0.028991003227989864,0.0,0.615309759712452,0.38469024028754795,0.010497200081906355,0.0,0.0,0.011099735274910927,0.016490738838911057,1.0,0.0,0.030364887788891792,0.00026373553555458784,446031
b1_cityscapes_val,2026-07-07 05:27:49,cityscapes,val,all,student_skd,/scratch/gautschi/manors/hf_cache/hub/models--nvidia--mit-b1/snapshots/13ddceec4e8bdf401e7cd7acf5aebc526222518c,runs/mit-b1_skd_j9200315/student_skd.ckpt,skd,img_000464,/home/manors/Guardrail-Distillation/data/cityscapes/leftImg8bit/val/munster/munster_000138_000019_leftImg8bit.png,,0.6277474701797164,0.37225252982028356,0.9532983899116516,0.9661870002746582,0.09984003752470016,0.08760785311460495,0.22541968524456024,0.9254169464111328,0.2256288230419159,-6.555225372314453,6.5134196281433105,0.008702961727976799,0.045702047646045685,478228,4.345416499745625,7.404857249639463,16.238721000263467,0.9803167075317423,0.01968329246825773,150859,0.5696313876705091,0.43036861232949086,13679,0.08895038068294525,0.0008618139545433223,14.677321749331895,0.0397900752723217,0.9602099247276783,0.15607012808322906,0.277096688747406,0.037700820714235306,0.509424090385437,0.490575909614563,0.5381606221199036,0.5651589035987854,0.25850993394851685,0.509424090385437,0.490575909614563,0.509424090385437,0.490575909614563,0.663084609713497,0.33691539028650297,0.9633960723876953,0.9351113163676344,0.06488868363236555,0.0,0.5934188902785555,0.40658110972144446,0.023787502608046407,0.03533713953378059,0.03533713953378059,0.019637076184153557,0.00953938253223896,0.9646628604662194,0.03533713953378059,0.033425476402044296,0.0011793536832556129,430298
b1_cityscapes_val,2026-07-07 05:27:49,cityscapes,val,all,student_skd,/scratch/gautschi/manors/hf_cache/hub/models--nvidia--mit-b1/snapshots/13ddceec4e8bdf401e7cd7acf5aebc526222518c,runs/mit-b1_skd_j9200315/student_skd.ckpt,skd,img_000465,/home/manors/Guardrail-Distillation/data/cityscapes/leftImg8bit/val/munster/munster_000139_000019_leftImg8bit.png,,0.6339365722561031,0.3660634277438969,0.9200257658958435,0.9665772318840027,0.09674601256847382,0.08301278948783875,0.20903757214546204,0.9287999272346497,0.21001394093036652,-6.515687942504883,6.474984645843506,0.0054163443855941296,0.04419777914881706,490183,4.345416499745625,7.404857249639463,16.238721000263467,0.62271234509852,0.37728765490148,150859,0.7201067393051149,0.27989326069488507,76954,0.08410853892564774,0.000874072895385325,14.677321749331895,0.03631409630179405,0.963685903698206,0.14920055866241455,0.26259931921958923,0.032976552844047546,0.5082433819770813,0.4917566180229187,0.5381460189819336,0.566537082195282,0.2514232099056244,0.5082433819770813,0.4917566180229187,0.5082433819770813,0.4917566180229187,0.7622556587958201,0.23774434120417987,0.9732711911201477,0.957199331263228,0.04280066873677202,0.33448698616470796,0.8023201490471861,0.19767985095281393,0.08221340974207114,0.12831908653971702,0.12831908653971702,0.059385981410741806,0.006140563637018204,0.871680913460283,0.12831908653971702,0.06714634597301483,0.012823781929910183,438766
b1_cityscapes_val,2026-07-07 05:27:49,cityscapes,val,all,student_skd,/scratch/gautschi/manors/hf_cache/hub/models--nvidia--mit-b1/snapshots/13ddceec4e8bdf401e7cd7acf5aebc526222518c,runs/mit-b1_skd_j9200315/student_skd.ckpt,skd,img_000466,/home/manors/Guardrail-Distillation/data/cityscapes/leftImg8bit/val/munster/munster_000140_000019_leftImg8bit.png,,0.632534774289116,0.367465225710884,0.9627710580825806,0.9699365496635437,0.09049978852272034,0.0786026194691658,0.1993992179632187,0.9276289939880371,0.2270747423171997,-6.205604553222656,6.169193744659424,0.004744159989058971,0.0385647676885128,487336,4.345416499745625,7.404857249639463,16.238721000263467,0.9174917240821365,0.08250827591786347,150859,0.8088562235831209,0.19114377641687907,63482,0.0798942968249321,0.0008285829680971801,14.677321749331895,0.04003508761525154,0.9599649123847485,0.15889161825180054,0.25477173924446106,0.03514677286148071,0.5087857842445374,0.49121421575546265,0.5380749702453613,0.5628640055656433,0.2622350752353668,0.5087857842445374,0.49121421575546265,0.5087857842445374,0.49121421575546265,0.6257228649797171,0.3742771350202829,0.9725117683410645,0.7071930616710688,0.29280693832893123,0.0,0.8529981661871034,0.14700183381289655,0.04414194260398252,0.0,0.0,0.018270762637257576,0.008530049584805965,1.0,0.0,0.0281858928501606,0.0012722228420898318,443147
b1_cityscapes_val,2026-07-07 05:27:49,cityscapes,val,all,student_skd,/scratch/gautschi/manors/hf_cache/hub/models--nvidia--mit-b1/snapshots/13ddceec4e8bdf401e7cd7acf5aebc526222518c,runs/mit-b1_skd_j9200315/student_skd.ckpt,skd,img_000467,/home/manors/Guardrail-Distillation/data/cityscapes/leftImg8bit/val/munster/munster_000141_000019_leftImg8bit.png,,0.5270822749753317,0.47291772502466833,0.9219449758529663,0.9641662240028381,0.100698322057724,0.09553783386945724,0.22764968872070312,0.9141626358032227,0.27299273014068604,-6.24890661239624,6.2049641609191895,0.00875080842524767,0.04775271564722061,488412,4.345416499745625,7.404857249639463,16.238721000263467,0.45261078062070187,0.5473892193792982,150859,0.7777204084999015,0.22227959150009846,97146,0.09728039801120758,0.0010460789781063795,14.677321749331895,0.043078601360321045,0.956921398639679,0.1882631927728653,0.2884971797466278,0.03242656588554382,0.5081059336662292,0.49189406633377075,0.5431181788444519,0.5680349469184875,0.26858949661254883,0.5081059336662292,0.49189406633377075,0.5081059336662292,0.49189406633377075,0.6228070703087912,0.37719292969120877,0.9469566941261292,0.6212218083296818,0.37877819167031823,0.16861102770897995,0.9264667155266237,0.07353328447337626,0.1487463070267222,0.09572479533345957,0.09572479533345957,0.035015519708395004,0.010003848932683468,0.9042752046665404,0.09572479533345957,0.05342620611190796,0.004571959841996431,436745
b1_cityscapes_val,2026-07-07 05:27:50,cityscapes,val,all,student_skd,/scratch/gautschi/manors/hf_cache/hub/models--nvidia--mit-b1/snapshots/13ddceec4e8bdf401e7cd7acf5aebc526222518c,runs/mit-b1_skd_j9200315/student_skd.ckpt,skd,img_000468,/home/manors/Guardrail-Distillation/data/cityscapes/leftImg8bit/val/munster/munster_000142_000019_leftImg8bit.png,,0.6291878371612843,0.37081216283871565,0.9510269165039062,0.9708349108695984,0.09207998216152191,0.07353422790765762,0.19910772144794464,0.9343012571334839,0.20322227478027344,-6.182618141174316,6.146868705749512,0.005155280232429504,0.03970063105225563,482612,4.350918749878474,7.410222749967943,16.242314000010083,0.7007081202379295,0.2992918797620705,150859,0.6598376714936265,0.3401623285063735,35621,0.074604831635952,0.0007835124852135777,14.684001999739849,0.035759735852479935,0.9642402641475201,0.14233331382274628,0.2645387649536133,0.024011893197894096,0.5060027241706848,0.4939972758293152,0.5320518612861633,0.5617223978042603,0.24946126341819763,0.5060027241706848,0.4939972758293152,0.5060027241706848,0.4939972758293152,0.7422194460982083,0.25778055390179166,0.959632158279419,0.7004732231690004,0.2995267768309996,0.0,0.6421433464816906,0.3578566535183094,0.0,0.11303160893692399,0.11303160893692399,0.02219795621931553,0.01359269954264164,0.886968391063076,0.11303160893692399,0.03850090876221657,0.0032158337999135256,440308
b1_cityscapes_val,2026-07-07 05:27:50,cityscapes,val,all,student_skd,/scratch/gautschi/manors/hf_cache/hub/models--nvidia--mit-b1/snapshots/13ddceec4e8bdf401e7cd7acf5aebc526222518c,runs/mit-b1_skd_j9200315/student_skd.ckpt,skd,img_000469,/home/manors/Guardrail-Distillation/data/cityscapes/leftImg8bit/val/munster/munster_000143_000019_leftImg8bit.png,,0.4736416340180456,0.5263583659819544,0.9540838599205017,0.9695982933044434,0.09021353721618652,0.07799417525529861,0.19396616518497467,0.9287049770355225,0.218852698802948,-6.193933963775635,6.157261371612549,0.0037850223015993834,0.0381704643368721,484013,4.350918749878474,7.410222749967943,16.242314000010083,0.7291541524585665,0.2708458475414335,150859,0.42316349634013317,0.5768365036598668,35573,0.07932901382446289,0.0008449542801827192,14.684001999739849,0.03598403185606003,0.96401596814394,0.14016540348529816,0.24978873133659363,0.026969408616423607,0.5067419409751892,0.4932580590248108,0.532279908657074,0.5601971745491028,0.25522613525390625,0.5067419409751892,0.4932580590248108,0.5067419409751892,0.4932580590248108,0.4849229100480368,0.5150770899519632,0.9641972780227661,0.822916470285659,0.17708352971434105,0.09376231782709243,0.4194953029063623,0.5805046970936377,0.0,0.011281276029991183,0.011281276029991183,0.018485041335225105,0.008371676318347454,0.9887187239700088,0.011281276029991183,0.029203761368989944,0.002241675276309252,438473
b1_cityscapes_val,2026-07-07 05:27:50,cityscapes,val,all,student_skd,/scratch/gautschi/manors/hf_cache/hub/models--nvidia--mit-b1/snapshots/13ddceec4e8bdf401e7cd7acf5aebc526222518c,runs/mit-b1_skd_j9200315/student_skd.ckpt,skd,img_000470,/home/manors/Guardrail-Distillation/data/cityscapes/leftImg8bit/val/munster/munster_000144_000019_leftImg8bit.png,,0.572906208520254,0.427093791479746,0.9556594491004944,0.9700719714164734,0.092640720307827,0.07790736109018326,0.2046716809272766,0.9283739328384399,0.2286444455385208,-6.2654924392700195,6.228891372680664,0.005814258474856615,0.04060140997171402,457324,4.350918749878474,7.410222749967943,16.242314000010083,0.696806008799128,0.303193991200872,150859,0.6204349726360315,0.37956502736396847,48019,0.07935754209756851,0.0009704339317977428,14.684001999739849,0.03170264884829521,0.9682973511517048,0.1089334711432457,0.21980184316635132,0.023667942732572556,0.5059167146682739,0.4940832853317261,0.5249720811843872,0.5509137511253357,0.2691859304904938,0.5059167146682739,0.4940832853317261,0.5059167146682739,0.4940832853317261,0.7547141300926238,0.24528586990737622,0.966981828212738,0.6810697950683424,0.3189302049316576,0.0,0.6991711325928379,0.3008288674071621,0.07873615995680638,0.1818079215723698,0.1818079215723698,0.02150772698223591,0.01018533855676651,0.8181920784276302,0.1818079215723698,0.03421425446867943,0.0018455187091603875,416725
b1_cityscapes_val,2026-07-07 05:27:50,cityscapes,val,all,student_skd,/scratch/gautschi/manors/hf_cache/hub/models--nvidia--mit-b1/snapshots/13ddceec4e8bdf401e7cd7acf5aebc526222518c,runs/mit-b1_skd_j9200315/student_skd.ckpt,skd,img_000471,/home/manors/Guardrail-Distillation/data/cityscapes/leftImg8bit/val/munster/munster_000145_000019_leftImg8bit.png,,0.510836324560728,0.48916367543927197,0.9476996660232544,0.9704179763793945,0.09188197553157806,0.08005636930465698,0.21383340656757355,0.9265961647033691,0.24266158044338226,-6.0077900886535645,5.971597671508789,0.006515784654766321,0.03835873678326607,453821,4.350918749878474,7.410222749967943,16.242314000010083,0.33225221640025643,0.6677477835997436,150770,0.5534686558715682,0.44653134412843176,29513,0.08153830468654633,0.0008569741039536893,14.684001999739849,0.036647994071245193,0.9633520059287548,0.14504389464855194,0.2670528292655945,0.02895197831094265,0.5072374939918518,0.4927625060081482,0.5350238680839539,0.56691974401474,0.2771399915218353,0.5072374939918518,0.4927625060081482,0.5072374939918518,0.4927625060081482,0.5671702378699203,0.43282976213007973,0.9590036273002625,0.49993035749817605,0.500069642501824,0.16767814109791968,0.7068498691037348,0.2931501308962652,0.15338121323216658,0.05633391330919224,0.05633391330919224,0.01952311582863331,0.00821909960359335,0.9436660866908078,0.05633391330919224,0.03240704908967018,0.0020977433305233717,413465
b1_cityscapes_val,2026-07-07 05:27:50,cityscapes,val,all,student_skd,/scratch/gautschi/manors/hf_cache/hub/models--nvidia--mit-b1/snapshots/13ddceec4e8bdf401e7cd7acf5aebc526222518c,runs/mit-b1_skd_j9200315/student_skd.ckpt,skd,img_000472,/home/manors/Guardrail-Distillation/data/cityscapes/leftImg8bit/val/munster/munster_000146_000019_leftImg8bit.png,,0.5676006489882985,0.43239935101170146,0.9742267727851868,0.9795467257499695,0.0744294673204422,0.056007396429777145,0.16682982444763184,0.9425824284553528,0.19697889685630798,-5.894645690917969,5.870018482208252,0.003605338977649808,0.024251680821180344,488997,4.349693249423581,7.403017750220897,16.241430999798467,1.0,0.0,150859,0.5848339965096939,0.4151660034903061,22106,0.0573168508708477,0.0006623025983572006,14.676394250273006,0.028648562729358673,0.9713514372706413,0.08757824450731277,0.20893307030200958,0.024557411670684814,0.5061390399932861,0.49386096000671387,0.5214623212814331,0.5513652563095093,0.26458272337913513,0.5061390399932861,0.49386096000671387,0.5061390399932861,0.49386096000671387,0.7058332711344826,0.2941667288655174,0.9789139628410339,1.0,0.0,0.0,0.6932916699547369,0.3067083300452631,0.10845767344504298,0.13823262214618404,0.13823262214618404,0.010679001919925213,0.0059918565675616264,0.861767377853816,0.13823262214618404,0.01775061897933483,0.001079761190339923,459179
b1_cityscapes_val,2026-07-07 05:27:50,cityscapes,val,all,student_skd,/scratch/gautschi/manors/hf_cache/hub/models--nvidia--mit-b1/snapshots/13ddceec4e8bdf401e7cd7acf5aebc526222518c,runs/mit-b1_skd_j9200315/student_skd.ckpt,skd,img_000473,/home/manors/Guardrail-Distillation/data/cityscapes/leftImg8bit/val/munster/munster_000147_000019_leftImg8bit.png,,0.7983635573394949,0.20163644266050507,0.9706693887710571,0.9741233587265015,0.08459316939115524,0.06755328178405762,0.18579767644405365,0.9364395141601562,0.2027219831943512,-6.419106483459473,6.387772560119629,0.003966932650655508,0.03309819474816322,486522,4.349693249423581,7.403017750220897,16.241430999798467,0.9386485183176876,0.061351481682312414,150859,0.811961680381283,0.18803831961871698,42614,0.0687323734164238,0.0007018299074843526,14.676394250273006,0.029563583433628082,0.9704364165663719,0.10006549209356308,0.2167390137910843,0.023716894909739494,0.5059289336204529,0.4940710663795471,0.5247109532356262,0.5511513948440552,0.2566683292388916,0.5059289336204529,0.4940710663795471,0.5059289336204529,0.4940710663795471,0.8685176394578225,0.13148236054217755,0.9789094924926758,0.9309224749681247,0.06907752503187525,0.0,0.8453607702454601,0.15463922975453992,0.033399089864177056,0.07015408211832752,0.07015408211832752,0.013598563149571419,0.005358442198485136,0.9298459178816725,0.07015408211832752,0.020068978890776634,0.0009948163060471416,448671
b1_cityscapes_val,2026-07-07 05:27:50,cityscapes,val,all,student_skd,/scratch/gautschi/manors/hf_cache/hub/models--nvidia--mit-b1/snapshots/13ddceec4e8bdf401e7cd7acf5aebc526222518c,runs/mit-b1_skd_j9200315/student_skd.ckpt,skd,img_000474,/home/manors/Guardrail-Distillation/data/cityscapes/leftImg8bit/val/munster/munster_000148_000019_leftImg8bit.png,,0.5829432280700657,0.4170567719299343,0.9543662667274475,0.9710864424705505,0.09151957929134369,0.07706968486309052,0.2088683545589447,0.9301496148109436,0.2249051034450531,-5.498928546905518,5.463435173034668,0.006922006141394377,0.03790311887860298,306703,4.349693249423581,7.403017750220897,16.241430999798467,0.505619570794625,0.49438042920537495,15076,0.5674725530749324,0.4325274469250676,26286,0.07846479117870331,0.0007833208655938506,14.676394250273006,0.031531888991594315,0.9684681110084057,0.10448859632015228,0.23218481242656708,0.026011433452367783,0.5065025091171265,0.49349749088287354,0.5251527428627014,0.5523146986961365,0.24088944494724274,0.5065025091171265,0.49349749088287354,0.5065025091171265,0.49349749088287354,0.5910715846910675,0.40892841530893254,0.9645357131958008,0.6360266454211482,0.3639733545788518,0.13040707462652312,0.4974435395030049,0.5025564604969951,0.0,0.008128356621001753,0.008128356621001753,0.017834844067692757,0.007665396202355623,0.9918716433789982,0.008128356621001753,0.028708554804325104,0.0017215351108461618,280557
b1_cityscapes_val,2026-07-07 05:27:50,cityscapes,val,all,student_skd,/scratch/gautschi/manors/hf_cache/hub/models--nvidia--mit-b1/snapshots/13ddceec4e8bdf401e7cd7acf5aebc526222518c,runs/mit-b1_skd_j9200315/student_skd.ckpt,skd,img_000475,/home/manors/Guardrail-Distillation/data/cityscapes/leftImg8bit/val/munster/munster_000149_000019_leftImg8bit.png,,0.7069975640891867,0.2930024359108133,0.9739945530891418,0.9809495210647583,0.0741792544722557,0.049832072108983994,0.16329887509346008,0.9514933824539185,0.16058561205863953,-6.336368560791016,6.313133239746094,0.0036270723212510347,0.024080518633127213,493511,4.349693249423581,7.403017750220897,16.241430999798467,0.8507515765162964,0.1492484234837036,150859,0.9186348165428928,0.08136518345710719,46965,0.050630901008844376,0.0005023815901950002,14.676394250273006,0.02479775995016098,0.975202240049839,0.06394413858652115,0.1848624050617218,0.01696966588497162,0.5042423009872437,0.49575769901275635,0.5162211060523987,0.5416580438613892,0.23950666189193726,0.5042423009872437,0.49575769901275635,0.5042423009872437,0.49575769901275635,0.7399395152694409,0.2600604847305591,0.9788981676101685,0.9146530810703313,0.08534691892966872,0.06390150455403487,0.9181585559842249,0.08184144401577509,0.0,0.032941951180254225,0.032941951180254225,0.011335107497870922,0.006431467831134796,0.9670580488197458,0.032941951180254225,0.019448401406407356,0.0009280442027375102,465847
b1_cityscapes_val,2026-07-07 05:27:50,cityscapes,val,all,student_skd,/scratch/gautschi/manors/hf_cache/hub/models--nvidia--mit-b1/snapshots/13ddceec4e8bdf401e7cd7acf5aebc526222518c,runs/mit-b1_skd_j9200315/student_skd.ckpt,skd,img_000476,/home/manors/Guardrail-Distillation/data/cityscapes/leftImg8bit/val/munster/munster_000150_000019_leftImg8bit.png,,0.5803245087707075,0.4196754912292925,0.9543543457984924,0.9781085252761841,0.08008577674627304,0.05551260709762573,0.17452125251293182,0.9497238397598267,0.1572982370853424,-6.6336283683776855,6.606875419616699,0.0038761505857110023,0.029427768662571907,490693,4.369353750007576,7.401966250654368,16.25021924974135,0.7302236744301932,0.2697763255698068,150859,0.5736568346837407,0.42634316531625926,102634,0.056239053606987,0.0005559267592616379,14.663347249552316,0.023853255435824394,0.9761467445641756,0.05568313226103783,0.18741905689239502,0.020908769220113754,0.5052269697189331,0.4947730302810669,0.5136731266975403,0.5383633375167847,0.24621979892253876,0.5052269697189331,0.4947730302810669,0.5052269697189331,0.4947730302810669,0.7489009959727746,0.2510990040272254,0.9748681783676147,0.8145216347865727,0.1854783652134273,0.08429796035637949,0.6600973856618574,0.3399026143381426,0.08644055097811665,0.16857648720206708,0.16857648720206708,0.028553495183587074,0.00803965050727129,0.8314235127979329,0.16857648720206708,0.03798912838101387,0.011410392820835114,458653
b1_cityscapes_val,2026-07-07 05:27:50,cityscapes,val,all,student_skd,/scratch/gautschi/manors/hf_cache/hub/models--nvidia--mit-b1/snapshots/13ddceec4e8bdf401e7cd7acf5aebc526222518c,runs/mit-b1_skd_j9200315/student_skd.ckpt,skd,img_000477,/home/manors/Guardrail-Distillation/data/cityscapes/leftImg8bit/val/munster/munster_000151_000019_leftImg8bit.png,,0.7390356751144505,0.26096432488554955,0.9641699194908142,0.97660231590271,0.07882567495107651,0.062159739434719086,0.17528267204761505,0.9413728713989258,0.18635262548923492,-6.537553787231445,6.509490966796875,0.0028587484266608953,0.028127314522862434,491124,4.369353750007576,7.401966250654368,16.25021924974135,0.9118818539589265,0.08811814604107349,150859,0.7354806799160893,0.26451932008391066,63162,0.06302794069051743,0.0005369941354729235,14.663347249552316,0.026594622060656548,0.9734053779393435,0.08570080995559692,0.20127590000629425,0.02257210575044155,0.5056427717208862,0.49435722827911377,0.5207576751708984,0.547177255153656,0.25096195936203003,0.5056427717208862,0.49435722827911377,0.5056427717208862,0.49435722827911377,0.7690711703322176,0.2309288296677824,0.9790256023406982,0.9239118504255387,0.0760881495744613,0.01202999646661218,0.8559082427318827,0.1440917572681173,0.12042756281579337,0.03003549521776716,0.03003549521776716,0.020618010312318802,0.005762292072176933,0.9699645047822328,0.03003549521776716,0.027528688311576843,0.004149664659053087,455578
b1_cityscapes_val,2026-07-07 05:27:50,cityscapes,val,all,student_skd,/scratch/gautschi/manors/hf_cache/hub/models--nvidia--mit-b1/snapshots/13ddceec4e8bdf401e7cd7acf5aebc526222518c,runs/mit-b1_skd_j9200315/student_skd.ckpt,skd,img_000478,/home/manors/Guardrail-Distillation/data/cityscapes/leftImg8bit/val/munster/munster_000152_000019_leftImg8bit.png,,0.5428152714271733,0.45718472857282666,0.9733289480209351,0.9802183508872986,0.0781492069363594,0.05311320349574089,0.1844458431005478,0.9520787596702576,0.15729603171348572,-6.747874736785889,6.7233686447143555,0.005049733445048332,0.026390329003334045,484382,4.369353750007576,7.401966250654368,16.25021924974135,0.9852500555377909,0.01474994446220912,148276,0.38098686414729344,0.6190131358527066,47404,0.05394722893834114,0.0005267602391541004,14.663347249552316,0.02315530553460121,0.9768446944653988,0.040720175951719284,0.17659829556941986,0.017317838966846466,0.5043293833732605,0.4956706166267395,0.5126165747642517,0.5360249280929565,0.24019916355609894,0.5043293833732605,0.4956706166267395,0.5043293833732605,0.4956706166267395,0.6121728243093126,0.38782717569068736,0.9763637185096741,0.9866927941960797,0.013307205803920308,0.0014427386582888113,0.5812378287969706,0.4187621712030294,0.20025096464967718,0.0693575528821393,0.0693575528821393,0.008772002533078194,0.005737207364290953,0.9306424471178607,0.0693575528821393,0.017201300710439682,0.0008010207093320787,456276
b1_cityscapes_val,2026-07-07 05:27:50,cityscapes,val,all,student_skd,/scratch/gautschi/manors/hf_cache/hub/models--nvidia--mit-b1/snapshots/13ddceec4e8bdf401e7cd7acf5aebc526222518c,runs/mit-b1_skd_j9200315/student_skd.ckpt,skd,img_000479,/home/manors/Guardrail-Distillation/data/cityscapes/leftImg8bit/val/munster/munster_000153_000019_leftImg8bit.png,,0.5136774759083452,0.4863225240916548,0.9505996704101562,0.9643107652664185,0.10242568701505661,0.09520382434129715,0.2399998903274536,0.9193570017814636,0.25074198842048645,-6.623783111572266,6.579596996307373,0.009350482374429703,0.04798038676381111,458479,4.369353750007576,7.401966250654368,16.25021924974135,0.6559886802633893,0.3440113197366107,138026,0.44285097883896923,0.5571490211610308,19200,0.09668236970901489,0.0010078311897814274,14.663347249552316,0.04105502367019653,0.9589449763298035,0.16426332294940948,0.29027438163757324,0.03465920686721802,0.5086639523506165,0.49133604764938354,0.5371785163879395,0.5674319863319397,0.26024097204208374,0.5086639523506165,0.49133604764938354,0.5086639523506165,0.49133604764938354,0.5522749637644995,0.44772503623550053,0.9623057842254639,0.9602946042259843,0.03970539577401566,0.30430592396259504,0.8060921395704256,0.19390786042957442,0.3632411607314564,0.038597487856154244,0.038597487856154244,0.02788568288087845,0.016179585829377174,0.9614025121438458,0.038597487856154244,0.04824430122971535,0.005391740705817938,409893
b1_cityscapes_val,2026-07-07 05:27:50,cityscapes,val,all,student_skd,/scratch/gautschi/manors/hf_cache/hub/models--nvidia--mit-b1/snapshots/13ddceec4e8bdf401e7cd7acf5aebc526222518c,runs/mit-b1_skd_j9200315/student_skd.ckpt,skd,img_000480,/home/manors/Guardrail-Distillation/data/cityscapes/leftImg8bit/val/munster/munster_000154_000019_leftImg8bit.png,,0.5930807967380999,0.4069192032619001,0.9387788772583008,0.9649232029914856,0.09941421449184418,0.08937717974185944,0.22087623178958893,0.9241889715194702,0.2245001196861267,-6.700448036193848,6.657528877258301,0.006434296723455191,0.04635775089263916,493294,4.33993449951231,7.393201749437139,16.248813250058447,0.8599473713255894,0.1400526286744106,150859,0.6732535396620102,0.3267464603379898,80985,0.0906071588397026,0.000820974528323859,14.609519499572343,0.04152817279100418,0.9584718272089958,0.17162011563777924,0.3024486303329468,0.03708900511264801,0.5092712044715881,0.49072879552841187,0.538267970085144,0.568710446357727,0.25893405079841614,0.5092712044715881,0.49072879552841187,0.5092712044715881,0.49072879552841187,0.6758259419238765,0.32417405807612354,0.952940821647644,0.8557547521863577,0.14424524781364234,0.0,0.6684774730796683,0.3315225269203317,0.0,0.08274514518577658,0.08274514518577658,0.026592660695314407,0.012430720962584019,0.9172548548142234,0.08274514518577658,0.04268043115735054,0.003032674314454198,439631
b1_cityscapes_val,2026-07-07 05:27:50,cityscapes,val,all,student_skd,/scratch/gautschi/manors/hf_cache/hub/models--nvidia--mit-b1/snapshots/13ddceec4e8bdf401e7cd7acf5aebc526222518c,runs/mit-b1_skd_j9200315/student_skd.ckpt,skd,img_000481,/home/manors/Guardrail-Distillation/data/cityscapes/leftImg8bit/val/munster/munster_000155_000019_leftImg8bit.png,,0.5907536775305815,0.4092463224694185,0.9470716118812561,0.9713488817214966,0.09291491657495499,0.07792238146066666,0.22268962860107422,0.9334846138954163,0.2110152542591095,-6.385870933532715,6.350341796875,0.008048334158957005,0.03781963512301445,490909,4.33993449951231,7.393201749437139,16.248813250058447,1.0,0.0,150859,0.6511159323840925,0.3488840676159075,13870,0.07950928807258606,0.0009507935028523207,14.609519499572343,0.03641507402062416,0.9635849259793758,0.13208864629268646,0.2768036425113678,0.03557639569044113,0.5088931322097778,0.49110686779022217,0.5323179960250854,0.5664094090461731,0.23737435042858124,0.5088931322097778,0.49110686779022217,0.5088931322097778,0.49110686779022217,0.5885175588818164,0.41148244111818355,0.9579656720161438,1.0,0.0,0.0,0.7132424617639219,0.2867575382360781,0.06212652937982943,0.0,0.0,0.02067185565829277,0.009777779690921307,1.0,0.0,0.035570744425058365,0.004840000532567501,449509
b1_cityscapes_val,2026-07-07 05:27:50,cityscapes,val,all,student_skd,/scratch/gautschi/manors/hf_cache/hub/models--nvidia--mit-b1/snapshots/13ddceec4e8bdf401e7cd7acf5aebc526222518c,runs/mit-b1_skd_j9200315/student_skd.ckpt,skd,img_000482,/home/manors/Guardrail-Distillation/data/cityscapes/leftImg8bit/val/munster/munster_000156_000019_leftImg8bit.png,,0.6078892049708761,0.39211079502912394,0.9441952109336853,0.968583345413208,0.09528768807649612,0.08346697688102722,0.22012914717197418,0.9273593425750732,0.2269887626171112,-6.479462146759033,6.4408183097839355,0.007327480241656303,0.04085487872362137,484887,4.33993449951231,7.393201749437139,16.248813250058447,0.8906154237606895,0.10938457623931053,150859,0.5754751862585449,0.4245248137414551,30820,0.0851503387093544,0.0010479289339855313,14.609519499572343,0.03644121438264847,0.9635587856173515,0.13289034366607666,0.25852271914482117,0.03527652472257614,0.5088182091712952,0.49118179082870483,0.5321698784828186,0.5660053491592407,0.2644701600074768,0.5088182091712952,0.49118179082870483,0.5088182091712952,0.49118179082870483,0.6619799091044105,0.3380200908955895,0.9530859589576721,0.906218516462179,0.09378148353782101,0.015603092701489518,0.6456576479734325,0.3543423520265675,0.07018246171488762,0.05409070413353445,0.05409070413353445,0.017855705693364143,0.008964975364506245,0.9459092958664655,0.05409070413353445,0.03170635551214218,0.0017715466674417257,439314
b1_cityscapes_val,2026-07-07 05:27:50,cityscapes,val,all,student_skd,/scratch/gautschi/manors/hf_cache/hub/models--nvidia--mit-b1/snapshots/13ddceec4e8bdf401e7cd7acf5aebc526222518c,runs/mit-b1_skd_j9200315/student_skd.ckpt,skd,img_000483,/home/manors/Guardrail-Distillation/data/cityscapes/leftImg8bit/val/munster/munster_000157_000019_leftImg8bit.png,,0.5640362970280021,0.43596370297199794,0.9614742398262024,0.9761983752250671,0.0835200771689415,0.06328516453504562,0.1936323046684265,0.9429086446762085,0.18354631960391998,-6.345130443572998,6.315939426422119,0.0053179627284407616,0.03069896250963211,493046,4.33993449951231,7.393201749437139,16.248813250058447,0.9613768706070539,0.0386231293929461,150859,0.5988478240934729,0.4011521759065271,44582,0.06439457088708878,0.0006989605608396232,14.609519499572343,0.03166133910417557,0.9683386608958244,0.0940590500831604,0.24183954298496246,0.02354580909013748,0.5058861970901489,0.4941138029098511,0.5211567282676697,0.5528426170349121,0.24109189212322235,0.5058861970901489,0.4941138029098511,0.5058861970901489,0.4941138029098511,0.7496631650527898,0.25033683494721015,0.9671268463134766,0.9584890065203396,0.04151099347966036,0.0,0.7457651436016479,0.2542348563983521,0.146917319508175,0.18562686802478778,0.18562686802478778,0.013491642661392689,0.007839025929570198,0.8143731319752122,0.18562686802478778,0.02458999864757061,0.0019917006138712168,458205
b1_cityscapes_val,2026-07-07 05:27:51,cityscapes,val,all,student_skd,/scratch/gautschi/manors/hf_cache/hub/models--nvidia--mit-b1/snapshots/13ddceec4e8bdf401e7cd7acf5aebc526222518c,runs/mit-b1_skd_j9200315/student_skd.ckpt,skd,img_000484,/home/manors/Guardrail-Distillation/data/cityscapes/leftImg8bit/val/munster/munster_000158_000019_leftImg8bit.png,,0.5025528407160059,0.4974471592839941,0.9669631719589233,0.978495717048645,0.07841839641332626,0.05575361102819443,0.17228029668331146,0.9484596848487854,0.16294831037521362,-6.779474258422852,6.7533159255981445,0.0037605762481689453,0.027520304545760155,494871,4.327958999965631,7.4075705006180215,16.33365275029064,0.9859115879958341,0.014088412004165884,150859,0.2809602408968631,0.7190397591031369,30442,0.056667301803827286,0.000521428941283375,14.70927025002311,0.023185119032859802,0.9768148809671402,0.05168118700385094,0.1693255603313446,0.019196832552552223,0.5047990679740906,0.4952009320259094,0.5135687589645386,0.533077597618103,0.2503286600112915,0.5047990679740906,0.4952009320259094,0.5047990679740906,0.4952009320259094,0.5672028202570687,0.4327971797429313,0.972368597984314,0.9838311457162374,0.01616885428376258,0.0,0.43364670309580394,0.566353296904196,0.1526864621989409,0.06464997954106277,0.06464997954106277,0.011174630373716354,0.005769180599600077,0.9353500204589372,0.06464997954106277,0.019388891756534576,0.0010164265986531973,462979
b1_cityscapes_val,2026-07-07 05:27:51,cityscapes,val,all,student_skd,/scratch/gautschi/manors/hf_cache/hub/models--nvidia--mit-b1/snapshots/13ddceec4e8bdf401e7cd7acf5aebc526222518c,runs/mit-b1_skd_j9200315/student_skd.ckpt,skd,img_000485,/home/manors/Guardrail-Distillation/data/cityscapes/leftImg8bit/val/munster/munster_000159_000019_leftImg8bit.png,,0.5746368989568652,0.4253631010431348,0.8739699125289917,0.9407733082771301,0.12740138173103333,0.15342500805854797,0.2857010066509247,0.8728790283203125,0.3714243769645691,-6.745880603790283,6.67232608795166,0.01534577552229166,0.08083642274141312,469380,4.327958999965631,7.4075705006180215,16.33365275029064,0.4680060388538112,0.5319939611461888,133427,0.41060808138934135,0.5893919186106586,12926,0.15576708316802979,0.0015562765765935183,14.70927025002311,0.06516307592391968,0.9348369240760803,0.2504637539386749,0.34517136216163635,0.06546690315008163,0.516360878944397,0.483639121055603,0.561957836151123,0.5871549248695374,0.31544825434684753,0.516360878944397,0.483639121055603,0.516360878944397,0.483639121055603,0.6313603497293064,0.36863965027069356,0.9265903830528259,0.7578887821231683,0.24211121787683165,0.28988274326935715,0.37119821135130593,0.6288017886486941,0.0,0.05672345077244123,0.05672345077244123,0.06841791421175003,0.015797434374690056,0.9432765492275588,0.05672345077244123,0.09337636828422546,0.033750906586647034,387347
b1_cityscapes_val,2026-07-07 05:27:51,cityscapes,val,all,student_skd,/scratch/gautschi/manors/hf_cache/hub/models--nvidia--mit-b1/snapshots/13ddceec4e8bdf401e7cd7acf5aebc526222518c,runs/mit-b1_skd_j9200315/student_skd.ckpt,skd,img_000486,/home/manors/Guardrail-Distillation/data/cityscapes/leftImg8bit/val/munster/munster_000160_000019_leftImg8bit.png,,0.5380810077097197,0.46191899229028033,0.954574704170227,0.9714952111244202,0.09092681854963303,0.0772327110171318,0.21141867339611053,0.9297837018966675,0.22639869153499603,-6.762790679931641,6.727717876434326,0.0070096408016979694,0.03619782626628876,491466,4.327958999965631,7.4075705006180215,16.33365275029064,0.9006090931526399,0.09939090684736007,150859,0.30623334194913304,0.693766658050867,32372,0.07844089716672897,0.0007785799680277705,14.70927025002311,0.03375855088233948,0.9662414491176605,0.11331726610660553,0.2416251301765442,0.030690180137753487,0.5076719522476196,0.49232804775238037,0.5250272750854492,0.554321825504303,0.28055286407470703,0.5076719522476196,0.49232804775238037,0.5076719522476196,0.49232804775238037,0.614624704040609,0.385375295959391,0.9642295241355896,0.907679380710825,0.09232061928917501,0.007070287558185062,0.6138973912707458,0.38610260872925417,0.30766404932161284,0.07654369633088931,0.07654369633088931,0.017909683287143707,0.008254894986748695,0.9234563036691107,0.07654369633088931,0.02977418713271618,0.003489559981971979,449830
b1_cityscapes_val,2026-07-07 05:27:51,cityscapes,val,all,student_skd,/scratch/gautschi/manors/hf_cache/hub/models--nvidia--mit-b1/snapshots/13ddceec4e8bdf401e7cd7acf5aebc526222518c,runs/mit-b1_skd_j9200315/student_skd.ckpt,skd,img_000487,/home/manors/Guardrail-Distillation/data/cityscapes/leftImg8bit/val/munster/munster_000161_000019_leftImg8bit.png,,0.6210210319848918,0.3789789680151082,0.9784576892852783,0.983333945274353,0.06787042319774628,0.04397206008434296,0.1494978368282318,0.9557934403419495,0.14902900159358978,-6.547547340393066,6.527503490447998,0.0021114335395395756,0.020579412579536438,495398,4.327958999965631,7.4075705006180215,16.33365275029064,0.9901321373961733,0.00986786260382666,150859,0.5715355502377536,0.4284644497622464,7077,0.04477608576416969,0.00048169339424930513,14.70927025002311,0.026492977514863014,0.973507022485137,0.06459307670593262,0.20398065447807312,0.021054819226264954,0.5052635073661804,0.4947364926338196,0.5140495896339417,0.5414074659347534,0.24396103620529175,0.5052635073661804,0.4947364926338196,0.5052635073661804,0.4947364926338196,0.6257213845539732,0.3742786154460268,0.9793882369995117,0.9923412598771058,0.0076587401228942475,0.002209122480932413,0.533822318195568,0.466177681804432,0.0,0.004700352569081412,0.004700352569081412,0.00827617384493351,0.007345608901232481,0.9952996474309186,0.004700352569081412,0.01644132472574711,0.0004218829853925854,470315
b1_cityscapes_val,2026-07-07 05:27:51,cityscapes,val,all,student_skd,/scratch/gautschi/manors/hf_cache/hub/models--nvidia--mit-b1/snapshots/13ddceec4e8bdf401e7cd7acf5aebc526222518c,runs/mit-b1_skd_j9200315/student_skd.ckpt,skd,img_000488,/home/manors/Guardrail-Distillation/data/cityscapes/leftImg8bit/val/munster/munster_000162_000019_leftImg8bit.png,,0.5029268811265534,0.49707311887344663,0.9602463245391846,0.9663394093513489,0.0968100056052208,0.08416727185249329,0.20888863503932953,0.9270671010017395,0.21465709805488586,-6.641914367675781,6.600880146026611,0.005044151563197374,0.04469012841582298,492055,4.339255499871797,7.411098250486248,16.277221749987802,1.0,0.0,150144,0.3974088069098046,0.6025911930901954,19734,0.08505908399820328,0.0007765530608594418,14.692255000227306,0.03900865092873573,0.9609913490712643,0.1654733568429947,0.27571141719818115,0.03616166487336159,0.5090394616127014,0.4909605383872986,0.5391698479652405,0.5611677169799805,0.2511090636253357,0.5090394616127014,0.4909605383872986,0.5090394616127014,0.4909605383872986,0.5378214714963073,0.4621785285036927,0.9692108035087585,0.49992673699914747,0.5000732630008525,0.0,0.41513632452769267,0.5848636754723073,0.017727517617888044,0.03489459036975395,0.03489459036975395,0.020018087700009346,0.011053642258048058,0.965105409630246,0.03489459036975395,0.034276656806468964,0.0030890856869518757,441194
b1_cityscapes_val,2026-07-07 05:27:51,cityscapes,val,all,student_skd,/scratch/gautschi/manors/hf_cache/hub/models--nvidia--mit-b1/snapshots/13ddceec4e8bdf401e7cd7acf5aebc526222518c,runs/mit-b1_skd_j9200315/student_skd.ckpt,skd,img_000489,/home/manors/Guardrail-Distillation/data/cityscapes/leftImg8bit/val/munster/munster_000163_000019_leftImg8bit.png,,0.42822266226452166,0.5717773377354783,0.967040479183197,0.9761617183685303,0.08107950538396835,0.06266775727272034,0.18094924092292786,0.9416936635971069,0.18399129807949066,-6.752132415771484,6.723273277282715,0.003712373087182641,0.029234938323497772,489175,4.339255499871797,7.411098250486248,16.277221749987802,0.9749993091004364,0.025000690899563582,150859,0.1968309504631494,0.8031690495368506,79649,0.06361392140388489,0.0005331220454536378,14.692255000227306,0.030445920303463936,0.9695540796965361,0.10003338009119034,0.22276248037815094,0.023511897772550583,0.5058777332305908,0.4941222667694092,0.5212278962135315,0.5474687218666077,0.2820596992969513,0.5058777332305908,0.4941222667694092,0.5058777332305908,0.4941222667694092,0.43238701394068535,0.5676129860593147,0.965014636516571,0.9736662984233496,0.02633370157665038,0.0,0.29709721133277195,0.7029027886672281,0.10026626086962254,0.004164351676163691,0.004164351676163691,0.010403230786323547,0.012429090216755867,0.9958356483238363,0.004164351676163691,0.02441253326833248,0.0005560382269322872,453645
b1_cityscapes_val,2026-07-07 05:27:51,cityscapes,val,all,student_skd,/scratch/gautschi/manors/hf_cache/hub/models--nvidia--mit-b1/snapshots/13ddceec4e8bdf401e7cd7acf5aebc526222518c,runs/mit-b1_skd_j9200315/student_skd.ckpt,skd,img_000490,/home/manors/Guardrail-Distillation/data/cityscapes/leftImg8bit/val/munster/munster_000164_000019_leftImg8bit.png,,0.5012903495947996,0.49870965040520043,0.9423094391822815,0.9548457264900208,0.11203514784574509,0.11777648329734802,0.25213056802749634,0.9002672433853149,0.2994729280471802,-6.12845516204834,6.072926998138428,0.010590342804789543,0.060708507895469666,493374,4.339255499871797,7.411098250486248,16.277221749987802,0.7560485894976163,0.24395141050238367,150859,0.3690308281281483,0.6309691718718518,5237,0.11949224025011063,0.0010814698180183768,14.692255000227306,0.06061605364084244,0.9393839463591576,0.2536212205886841,0.3795418441295624,0.056177012622356415,0.5140405297279358,0.4859594702720642,0.5614951252937317,0.5891990065574646,0.32252803444862366,0.5140405297279358,0.4859594702720642,0.5140405297279358,0.4859594702720642,0.5642642985109989,0.4357357014890011,0.9653204083442688,0.9127655649343728,0.08723443506562722,0.15671697543675644,0.47378273431561624,0.5262172656843838,0.10475190618746799,0.06297394891619934,0.06297394891619934,0.038465745747089386,0.015454806387424469,0.9370260510838007,0.06297394891619934,0.057637814432382584,0.004080068785697222,426500
b1_cityscapes_val,2026-07-07 05:27:51,cityscapes,val,all,student_skd,/scratch/gautschi/manors/hf_cache/hub/models--nvidia--mit-b1/snapshots/13ddceec4e8bdf401e7cd7acf5aebc526222518c,runs/mit-b1_skd_j9200315/student_skd.ckpt,skd,img_000491,/home/manors/Guardrail-Distillation/data/cityscapes/leftImg8bit/val/munster/munster_000165_000019_leftImg8bit.png,,0.5387022080835643,0.4612977919164357,0.9636625647544861,0.9756536483764648,0.08440542966127396,0.06201400235295296,0.18561966717243195,0.9425956606864929,0.1862371861934662,-6.075284957885742,6.04551362991333,0.004661820363253355,0.03305857256054878,493155,4.339255499871797,7.411098250486248,16.277221749987802,0.6953797772232471,0.30462022277675294,150859,0.3942502550882976,0.6057497449117024,49681,0.06311488151550293,0.0007375748245976865,14.692255000227306,0.029691429808735847,0.9703085701912642,0.0834609717130661,0.24183763563632965,0.016674449667334557,0.5041685104370117,0.4958314895629883,0.5187153220176697,0.5469216108322144,0.29853662848472595,0.5041685104370117,0.4958314895629883,0.5041685104370117,0.4958314895629883,0.5167759186525508,0.4832240813474492,0.9685129523277283,0.9347678442188578,0.06523215578114216,0.23938806699561077,0.42135584479076016,0.5786441552092398,0.027105589702462574,0.0,0.0,0.012622806243598461,0.007772404234856367,1.0,0.0,0.02213502861559391,0.001731707132421434,456502
b1_cityscapes_val,2026-07-07 05:27:51,cityscapes,val,all,student_skd,/scratch/gautschi/manors/hf_cache/hub/models--nvidia--mit-b1/snapshots/13ddceec4e8bdf401e7cd7acf5aebc526222518c,runs/mit-b1_skd_j9200315/student_skd.ckpt,skd,img_000492,/home/manors/Guardrail-Distillation/data/cityscapes/leftImg8bit/val/munster/munster_000166_000019_leftImg8bit.png,,0.6386558535324756,0.36134414646752444,0.9561744928359985,0.9708510637283325,0.09426736831665039,0.0778578370809555,0.22056430578231812,0.9320623278617859,0.21802875399589539,-6.8701958656311035,6.8339972496032715,0.007902015000581741,0.04007144644856453,489875,4.354344750026939,7.4151212502329145,16.319526250299532,0.9654335867899937,0.03456641321000631,150859,0.6232949332780562,0.3767050667219438,42100,0.07950057834386826,0.0010924668749794364,14.754287749383366,0.03321461006999016,0.9667853899300098,0.11466009169816971,0.2503816783428192,0.020059144124388695,0.5050145983695984,0.4949854016304016,0.5187979936599731,0.5469473600387573,0.28548264503479004,0.5050145983695984,0.4949854016304016,0.5050145983695984,0.4949854016304016,0.7272234864412368,0.2727765135587632,0.9665200114250183,0.9782066066630184,0.021793393336981604,0.012773019873024705,0.7365461593589592,0.2634538406410408,0.11325122608090299,0.08856763290876124,0.08856763290876124,0.019947944208979607,0.009602448903024197,0.9114323670912388,0.08856763290876124,0.03235927224159241,0.002031130250543356,448203
b1_cityscapes_val,2026-07-07 05:27:51,cityscapes,val,all,student_skd,/scratch/gautschi/manors/hf_cache/hub/models--nvidia--mit-b1/snapshots/13ddceec4e8bdf401e7cd7acf5aebc526222518c,runs/mit-b1_skd_j9200315/student_skd.ckpt,skd,img_000493,/home/manors/Guardrail-Distillation/data/cityscapes/leftImg8bit/val/munster/munster_000167_000019_leftImg8bit.png,,0.6815198462910536,0.31848015370894645,0.9209437966346741,0.9391443133354187,0.1295306384563446,0.16031751036643982,0.29701289534568787,0.8691461682319641,0.3902752697467804,-6.709778785705566,6.634043216705322,0.016982601955533028,0.08298560976982117,456055,4.354344750026939,7.4151212502329145,16.319526250299532,0.8573101165114229,0.14268988348857714,127337,0.6592557977272749,0.34074420227272506,84008,0.1631169468164444,0.0018571174005046487,14.754287749383366,0.07295838743448257,0.9270416125655174,0.2708054184913635,0.3707217276096344,0.0692252516746521,0.5172994136810303,0.4827005863189697,0.5664231181144714,0.5941281914710999,0.31991612911224365,0.5172994136810303,0.4827005863189697,0.5172994136810303,0.4827005863189697,0.712941255799528,0.28705874420047195,0.9328107833862305,0.6883557058648127,0.31164429413518735,0.0,0.744519308867358,0.25548069113264205,0.08526351114008301,0.031421409508474496,0.031421409508474496,0.032099198549985886,0.02023220993578434,0.9685785904915255,0.031421409508474496,0.05852145329117775,0.001815570518374443,374183
b1_cityscapes_val,2026-07-07 05:27:51,cityscapes,val,all,student_skd,/scratch/gautschi/manors/hf_cache/hub/models--nvidia--mit-b1/snapshots/13ddceec4e8bdf401e7cd7acf5aebc526222518c,runs/mit-b1_skd_j9200315/student_skd.ckpt,skd,img_000494,/home/manors/Guardrail-Distillation/data/cityscapes/leftImg8bit/val/munster/munster_000168_000019_leftImg8bit.png,,0.6153284859820031,0.38467151401799693,0.9678928852081299,0.9749757647514343,0.08342333883047104,0.06550726294517517,0.1861695796251297,0.9406179189682007,0.18448375165462494,-7.296146869659424,7.265848636627197,0.0037975769955664873,0.031986888498067856,490576,4.354344750026939,7.4151212502329145,16.319526250299532,0.8656757277118661,0.13432427228813393,150859,0.4920406584607868,0.5079593415392132,73848,0.06661345064640045,0.0006104633212089539,14.754287749383366,0.024527374655008316,0.9754726253449917,0.06405459344387054,0.18971259891986847,0.012513048946857452,0.5031282305717468,0.4968717694282532,0.5116481184959412,0.5328578352928162,0.29543572664260864,0.5031282305717468,0.4968717694282532,0.5031282305717468,0.4968717694282532,0.6945580693692986,0.30544193063070135,0.9741100668907166,0.9308638889055443,0.06913611109445572,0.0651881611936782,0.49353240583644387,0.5064675941635561,0.0014917473756570487,0.07922958338729558,0.07922958338729558,0.012350788339972496,0.006133606657385826,0.9207704166127044,0.07922958338729558,0.01953214220702648,0.0008724438375793397,452362
b1_cityscapes_val,2026-07-07 05:27:51,cityscapes,val,all,student_skd,/scratch/gautschi/manors/hf_cache/hub/models--nvidia--mit-b1/snapshots/13ddceec4e8bdf401e7cd7acf5aebc526222518c,runs/mit-b1_skd_j9200315/student_skd.ckpt,skd,img_000495,/home/manors/Guardrail-Distillation/data/cityscapes/leftImg8bit/val/munster/munster_000169_000019_leftImg8bit.png,,0.5327335815766667,0.4672664184233333,0.9601707458496094,0.9692468643188477,0.09751974791288376,0.08187200129032135,0.2292860746383667,0.9299980401992798,0.22148342430591583,-6.690179824829102,6.651795387268066,0.008961278945207596,0.04254831001162529,492452,4.354344750026939,7.4151212502329145,16.319526250299532,1.0,0.0,150859,0.4580870237246222,0.5419129762753778,16930,0.0834316536784172,0.0010053772712126374,14.754287749383366,0.02997679077088833,0.9700232092291117,0.0955706313252449,0.2219119668006897,0.020545445382595062,0.5051361918449402,0.4948638081550598,0.5174800157546997,0.5414385199546814,0.26709651947021484,0.5051361918449402,0.4948638081550598,0.5051361918449402,0.4948638081550598,0.5869877708600424,0.4130122291399576,0.965275764465332,1.0,0.0,0.0,0.4434897848100731,0.5565102151899268,0.0,0.054254189283375664,0.054254189283375664,0.014998415485024452,0.009893350303173065,0.9457458107166243,0.054254189283375664,0.02891652286052704,0.0009178559412248433,448481
b1_cityscapes_val,2026-07-07 05:27:51,cityscapes,val,all,student_skd,/scratch/gautschi/manors/hf_cache/hub/models--nvidia--mit-b1/snapshots/13ddceec4e8bdf401e7cd7acf5aebc526222518c,runs/mit-b1_skd_j9200315/student_skd.ckpt,skd,img_000496,/home/manors/Guardrail-Distillation/data/cityscapes/leftImg8bit/val/munster/munster_000170_000019_leftImg8bit.png,,0.45960982648478504,0.540390173515215,0.9751944541931152,0.9819419384002686,0.07214603573083878,0.047206927090883255,0.1591394692659378,0.955292820930481,0.14506523311138153,-6.891239166259766,6.869306564331055,0.0034304449800401926,0.022713305428624153,494688,4.362364249573147,7.417275500301912,16.340926249540644,0.4426222560671376,0.5573777439328624,150859,0.24521754345036742,0.7547824565496326,8904,0.04808942973613739,0.0005647889338433743,14.759967750251235,0.018166333436965942,0.9818336665630341,0.023325057700276375,0.13213787972927094,0.003509801346808672,0.5008774399757385,0.4991225600242615,0.5084524750709534,0.516228973865509,0.2746814787387848,0.5008774399757385,0.4991225600242615,0.5008774399757385,0.4991225600242615,0.5375236534167036,0.4624763465832964,0.9825728535652161,0.969313320851851,0.030686679148149043,0.5266910647847134,0.29247163148191424,0.7075283685180858,0.04725408803154685,0.07791382693191862,0.07791382693191862,0.011544650420546532,0.004166262224316597,0.9220861730680814,0.07791382693191862,0.017138075083494186,0.0003537583106663078,467758
b1_cityscapes_val,2026-07-07 05:27:51,cityscapes,val,all,student_skd,/scratch/gautschi/manors/hf_cache/hub/models--nvidia--mit-b1/snapshots/13ddceec4e8bdf401e7cd7acf5aebc526222518c,runs/mit-b1_skd_j9200315/student_skd.ckpt,skd,img_000497,/home/manors/Guardrail-Distillation/data/cityscapes/leftImg8bit/val/munster/munster_000171_000019_leftImg8bit.png,,0.4859404298237308,0.5140595701762691,0.9401422142982483,0.9693269729614258,0.09333750605583191,0.08008936047554016,0.21222740411758423,0.9299064874649048,0.2158105969429016,-6.281835556030273,6.244258403778076,0.00631634471938014,0.03870423138141632,481291,4.362364249573147,7.417275500301912,16.340926249540644,0.624155862874454,0.375844137125546,150859,0.4511116008743256,0.5488883991256743,12627,0.08126834779977798,0.000816126586869359,14.759967750251235,0.04992038384079933,0.9500796161592007,0.22300894558429718,0.3472278118133545,0.04626772552728653,0.5115648508071899,0.48843514919281006,0.5548398494720459,0.5966377258300781,0.2887691557407379,0.5115648508071899,0.48843514919281006,0.5115648508071899,0.48843514919281006,0.5828667536759384,0.41713324632406157,0.967427134513855,0.9806655464495944,0.01933445355040564,0.35650968357514035,0.5939664696990392,0.4060335303009608,0.14285486882471354,0.09692632385220756,0.09692632385220756,0.034305647015571594,0.007020700257271528,0.9030736761477924,0.09692632385220756,0.04472345858812332,0.007151598110795021,435746
b1_cityscapes_val,2026-07-07 05:27:51,cityscapes,val,all,student_skd,/scratch/gautschi/manors/hf_cache/hub/models--nvidia--mit-b1/snapshots/13ddceec4e8bdf401e7cd7acf5aebc526222518c,runs/mit-b1_skd_j9200315/student_skd.ckpt,skd,img_000498,/home/manors/Guardrail-Distillation/data/cityscapes/leftImg8bit/val/munster/munster_000172_000019_leftImg8bit.png,,0.5337268880586449,0.4662731119413551,0.9728680849075317,0.9800631403923035,0.07589255273342133,0.05168899893760681,0.16958539187908173,0.9523489475250244,0.1521167755126953,-6.740460395812988,6.716186046600342,0.003402574686333537,0.02572668343782425,484633,4.362364249573147,7.417275500301912,16.340926249540644,0.9614915902793408,0.038508409720659165,149322,0.32959064580271463,0.6704093541972853,92772,0.05240678787231445,0.0004692864022217691,14.759967750251235,0.020528286695480347,0.9794717133045197,0.041140757501125336,0.1575387716293335,0.011778820306062698,0.5029446482658386,0.4970553517341614,0.5116420984268188,0.5289783477783203,0.2785368859767914,0.5029446482658386,0.4970553517341614,0.5029446482658386,0.4970553517341614,0.5566566354489909,0.4433433645510091,0.9810866713523865,0.9859241701915809,0.014075829808419149,0.024432579912240016,0.38520477000061265,0.6147952299993873,0.05561412419789802,0.022929747390346034,0.022929747390346034,0.014672958292067051,0.0064543685875833035,0.977070252609654,0.022929747390346034,0.02271203137934208,0.003392257494851947,455647
b1_cityscapes_val,2026-07-07 05:27:51,cityscapes,val,all,student_skd,/scratch/gautschi/manors/hf_cache/hub/models--nvidia--mit-b1/snapshots/13ddceec4e8bdf401e7cd7acf5aebc526222518c,runs/mit-b1_skd_j9200315/student_skd.ckpt,skd,img_000499,/home/manors/Guardrail-Distillation/data/cityscapes/leftImg8bit/val/munster/munster_000173_000019_leftImg8bit.png,,0.5154621956605914,0.48453780433940863,0.9634196162223816,0.9732481837272644,0.08417366445064545,0.0711054727435112,0.18617647886276245,0.9338779449462891,0.20670732855796814,-6.182065010070801,6.149889945983887,0.003665210446342826,0.03273824229836464,418257,4.362364249573147,7.417275500301912,16.340926249540644,0.7133481892252164,0.28665181077478363,91971,0.9667922750824305,0.033207724917569514,16984,0.07189315557479858,0.0005415451596491039,14.759967750251235,0.02929769642651081,0.9707023035734892,0.08680524677038193,0.21273578703403473,0.021690743044018745,0.5054224729537964,0.4945775270462036,0.52199786901474,0.5485840439796448,0.2939201891422272,0.5054224729537964,0.4945775270462036,0.5054224729537964,0.4945775270462036,0.6038434591876727,0.3961565408123273,0.9678164124488831,0.7040600502065719,0.2959399497934281,0.0,0.9717969853980216,0.028203014601978382,0.005004710315591132,0.08838126352708131,0.08838126352708131,0.012578390538692474,0.008181571960449219,0.9116187364729187,0.08838126352708131,0.0249248668551445,0.0026753884740173817,385704
