run_id,timestamp,dataset_name,split,domain,student_name,student_backbone,student_ckpt,train_method,image_id,image_path,condition,student_miou,student_risk,student_pixel_acc,student_msp,student_msp_std,student_entropy,student_entropy_std,temp_msp,temp_entropy,energy_score,max_logit,low_conf_frac_050,low_conf_frac_070,n_valid_pixels,student_latency_ms,guardrail_latency_ms,teacher_latency_ms,student_miou_near,student_risk_near,n_near_pixels,student_miou_dynamic,student_risk_dynamic,n_dynamic_pixels,mc_entropy,mc_mutual_info,mc_dropout_latency_ms,guardrailpp_utility_dense_bce,guardrailpp_keep_dense_bce,guardrailpp_utility_dense_bce_q90,guardrailpp_utility_dense_bce_q95,guardrailpp_utility_dense_gap_raw,guardrailpp_utility_dense_gap,guardrailpp_keep_dense_gap,guardrailpp_utility_dense_gap_q90,guardrailpp_utility_dense_gap_q95,guardrailpp_utility_scalar,guardrailpp_utility,guardrailpp_keep,guardrail_risk,guardrail_keep,teacher_miou,teacher_risk,teacher_pixel_acc,teacher_miou_near,teacher_risk_near,teacher_benefit_near,teacher_miou_dynamic,teacher_risk_dynamic,teacher_benefit_dynamic,teacher_gain,teacher_benefit,teacher_gap,student_better_gap,oracle_keep,oracle_fail,disagreement_rate,confident_wrong_teacher_right,n_confident_pixels
b2_cityscapes_val,2026-07-07 05:27:25,cityscapes,val,all,student_skd,/scratch/gautschi/manors/hf_cache/hub/models--nvidia--mit-b2/snapshots/3bb39e8739149c3777d0325349b2a6c32c6413db,runs/mit-b2_skd_j9196921/student_skd.ckpt,skd,img_000000,/home/manors/Guardrail-Distillation/data/cityscapes/leftImg8bit/val/frankfurt/frankfurt_000000_000294_leftImg8bit.png,,0.7690821082237873,0.2309178917762127,0.9745499491691589,0.977798581123352,0.07722394168376923,0.059140902012586594,0.1716536581516266,0.9434616565704346,0.18078778684139252,-7.672944068908691,7.646283149719238,0.002646604087203741,0.026938417926430702,463613,8.034733997192234,7.415924483211711,16.294717992423102,0.562575333865592,0.437424666134408,126850,0.948864986284801,0.05113501371519902,30532,0.059854861348867416,0.0003612249274738133,29.32677199714817,0.03129744902253151,0.9687025509774685,0.10065987706184387,0.218519389629364,0.009038236923515797,0.5022595524787903,0.4977404475212097,0.5182723999023438,0.53935706615448,0.617246687412262,0.5022595524787903,0.4977404475212097,0.5022595524787903,0.4977404475212097,0.7775342271072859,0.22246577289271408,0.9754946827888489,0.713467159456291,0.286532840543709,0.15089182559069902,0.9715798793768795,0.028420120623120493,0.022714893092078525,0.008452118883498616,0.008452118883498616,0.008125311695039272,0.007180558051913977,0.9915478811165014,0.008452118883498616,0.016520245000720024,0.000711800588760525,432550
b2_cityscapes_val,2026-07-07 05:27:25,cityscapes,val,all,student_skd,/scratch/gautschi/manors/hf_cache/hub/models--nvidia--mit-b2/snapshots/3bb39e8739149c3777d0325349b2a6c32c6413db,runs/mit-b2_skd_j9196921/student_skd.ckpt,skd,img_000001,/home/manors/Guardrail-Distillation/data/cityscapes/leftImg8bit/val/frankfurt/frankfurt_000000_000576_leftImg8bit.png,,0.6954226026269869,0.30457739737301315,0.9750168323516846,0.9790691137313843,0.0758780837059021,0.053796108812093735,0.16280986368656158,0.9495813846588135,0.1554640382528305,-8.421358108520508,8.396134376525879,0.0027089400682598352,0.025901155546307564,466234,8.034733997192234,7.415924483211711,16.294717992423102,0.8030155228104237,0.19698447718957635,126850,0.7231962862701601,0.2768037137298399,80334,0.05437379702925682,0.0003643141535576433,29.32677199714817,0.02417621947824955,0.9758237805217505,0.05175109952688217,0.1864747405052185,0.0029368905816227198,0.5007342100143433,0.49926578998565674,0.5086257457733154,0.5298603177070618,0.6079049706459045,0.5007342100143433,0.49926578998565674,0.5007342100143433,0.49926578998565674,0.7724517457884459,0.2275482542115541,0.9788260459899902,0.827367586025526,0.17263241397447404,0.024352063215102304,0.6931513775224106,0.3068486224775894,0.0,0.07702914316145903,0.07702914316145903,0.0103360116481781,0.006526765413582325,0.922970856838541,0.07702914316145903,0.01744617521762848,0.0006563227507285774,436285
b2_cityscapes_val,2026-07-07 05:27:25,cityscapes,val,all,student_skd,/scratch/gautschi/manors/hf_cache/hub/models--nvidia--mit-b2/snapshots/3bb39e8739149c3777d0325349b2a6c32c6413db,runs/mit-b2_skd_j9196921/student_skd.ckpt,skd,img_000002,/home/manors/Guardrail-Distillation/data/cityscapes/leftImg8bit/val/frankfurt/frankfurt_000000_001016_leftImg8bit.png,,0.7256779164919211,0.27432208350807885,0.9718692302703857,0.9818663001060486,0.07256735861301422,0.047703422605991364,0.1620202511548996,0.9544945359230042,0.14950071275234222,-7.955801963806152,7.933738708496094,0.003202705876901746,0.02369488589465618,467105,8.034733997192234,7.415924483211711,16.294717992423102,0.6330716275124737,0.3669283724875263,126850,0.8610709943831887,0.13892900561681132,76048,0.0484250970184803,0.00038392646820284426,29.32677199714817,0.02407737262547016,0.9759226273745298,0.05032150819897652,0.18241970241069794,0.000734571716748178,0.500183641910553,0.499816358089447,0.509462296962738,0.5267763137817383,0.6235148906707764,0.500183641910553,0.499816358089447,0.500183641910553,0.499816358089447,0.7402578611625877,0.25974213883741226,0.9740678668022156,0.6416814367425555,0.3583185632574445,0.00860980923008181,0.8681351336251246,0.13186486637487538,0.0070641392419359406,0.01457994467066659,0.01457994467066659,0.0071846796199679375,0.004986030515283346,0.9854200553293334,0.01457994467066659,0.014031105674803257,0.00015414092922583222,441811
b2_cityscapes_val,2026-07-07 05:27:25,cityscapes,val,all,student_skd,/scratch/gautschi/manors/hf_cache/hub/models--nvidia--mit-b2/snapshots/3bb39e8739149c3777d0325349b2a6c32c6413db,runs/mit-b2_skd_j9196921/student_skd.ckpt,skd,img_000003,/home/manors/Guardrail-Distillation/data/cityscapes/leftImg8bit/val/frankfurt/frankfurt_000000_001236_leftImg8bit.png,,0.5134693044775142,0.48653069552248585,0.958095133304596,0.9691511988639832,0.09743203967809677,0.08157961815595627,0.22580669820308685,0.9311219453811646,0.21143464744091034,-8.536947250366211,8.498461723327637,0.008861863985657692,0.04243557155132294,461641,8.034733997192234,7.415924483211711,16.294717992423102,0.9532279920636475,0.0467720079363525,126850,0.47957760781673664,0.5204223921832634,75713,0.082386814057827,0.00048682093620300293,29.32677199714817,0.03378200903534889,0.9662179909646511,0.11007704585790634,0.2679024338722229,0.012591192498803139,0.5031477212905884,0.4968522787094116,0.5169352293014526,0.5464364290237427,0.5973629355430603,0.5031477212905884,0.4968522787094116,0.5031477212905884,0.4968522787094116,0.5254695799846971,0.4745304200153029,0.9640954732894897,0.9602670308592824,0.039732969140717556,0.007039038795634944,0.42759150381700584,0.5724084961829942,0.0,0.012000275507182967,0.012000275507182967,0.012418740428984165,0.006418407429009676,0.987999724492817,0.012000275507182967,0.023520439863204956,0.00047656078822910786,420054
b2_cityscapes_val,2026-07-07 05:27:25,cityscapes,val,all,student_skd,/scratch/gautschi/manors/hf_cache/hub/models--nvidia--mit-b2/snapshots/3bb39e8739149c3777d0325349b2a6c32c6413db,runs/mit-b2_skd_j9196921/student_skd.ckpt,skd,img_000004,/home/manors/Guardrail-Distillation/data/cityscapes/leftImg8bit/val/frankfurt/frankfurt_000000_001751_leftImg8bit.png,,0.5956222277061396,0.4043777722938604,0.9627346396446228,0.9774802327156067,0.08051872253417969,0.057439472526311874,0.17252804338932037,0.9471006393432617,0.1618286818265915,-9.195331573486328,9.167915344238281,0.0035542799159884453,0.030111592262983322,420901,7.991522492375225,7.431470730807632,16.287504258798435,0.8324042457908934,0.16759575420910655,126850,0.4546230620398318,0.5453769379601682,49218,0.05805946886539459,0.00035037813358940184,29.301616770680994,0.02288581244647503,0.977114187553525,0.05234473943710327,0.17431585490703583,-0.0002616497513372451,0.4999345541000366,0.5000654458999634,0.5077875256538391,0.526774525642395,0.5971580147743225,0.4999345541000366,0.5000654458999634,0.4999345541000366,0.5000654458999634,0.5481876204156252,0.4518123795843748,0.9697576761245728,0.8592515496132345,0.14074845038676553,0.026847303822341018,0.47549951038015237,0.5245004896198476,0.02087644834032054,0.0,0.0,0.013765706680715084,0.006742678117007017,1.0,0.0,0.02156326361000538,0.0013851237017661333,393019
b2_cityscapes_val,2026-07-07 05:27:25,cityscapes,val,all,student_skd,/scratch/gautschi/manors/hf_cache/hub/models--nvidia--mit-b2/snapshots/3bb39e8739149c3777d0325349b2a6c32c6413db,runs/mit-b2_skd_j9196921/student_skd.ckpt,skd,img_000005,/home/manors/Guardrail-Distillation/data/cityscapes/leftImg8bit/val/frankfurt/frankfurt_000000_002196_leftImg8bit.png,,0.6351785001519658,0.36482149984803425,0.9547644853591919,0.9760832786560059,0.08206083625555038,0.061924006789922714,0.1814831793308258,0.9438642859458923,0.1736699342727661,-8.326621055603027,8.297608375549316,0.00375454593449831,0.03085399605333805,458644,7.991522492375225,7.431470730807632,16.287504258798435,0.49176586519511234,0.5082341348048877,126850,0.971440896637443,0.02855910336255696,48371,0.06250988692045212,0.00036362934042699635,29.301616770680994,0.0302287470549345,0.9697712529450655,0.08221840113401413,0.2281327247619629,0.009813016280531883,0.5024532079696655,0.4975467920303345,0.5157766938209534,0.5410584211349487,0.5979427099227905,0.5024532079696655,0.4975467920303345,0.5024532079696655,0.4975467920303345,0.7012192538910906,0.29878074610890937,0.9741302728652954,0.955951873713773,0.04404812628622701,0.46418600851866065,0.9713875173153801,0.02861248268461991,0.0,0.06604075373912488,0.06604075373912488,0.027629273012280464,0.008263489231467247,0.9339592462608751,0.06604075373912488,0.03716826066374779,0.014510164968669415,425197
b2_cityscapes_val,2026-07-07 05:27:25,cityscapes,val,all,student_skd,/scratch/gautschi/manors/hf_cache/hub/models--nvidia--mit-b2/snapshots/3bb39e8739149c3777d0325349b2a6c32c6413db,runs/mit-b2_skd_j9196921/student_skd.ckpt,skd,img_000006,/home/manors/Guardrail-Distillation/data/cityscapes/leftImg8bit/val/frankfurt/frankfurt_000000_002963_leftImg8bit.png,,0.6445078359921262,0.35549216400787376,0.9447352886199951,0.9725146889686584,0.08899450302124023,0.07192832976579666,0.1995227038860321,0.9356814622879028,0.2007695883512497,-8.54181957244873,8.508199691772461,0.005588567350059748,0.03636880964040756,463804,7.991522492375225,7.431470730807632,16.287504258798435,0.9457925946949095,0.054207405305090495,126850,0.5215663160864659,0.47843368391353414,42323,0.07274455577135086,0.000550447148270905,29.301616770680994,0.0314284972846508,0.9685715027153492,0.10897420346736908,0.239205002784729,0.005212971940636635,0.5013032555580139,0.4986967444419861,0.5141639709472656,0.5355737209320068,0.6023566722869873,0.5013032555580139,0.4986967444419861,0.5013032555580139,0.4986967444419861,0.6510673757530666,0.3489326242469334,0.9547200798988342,0.940765978187101,0.05923402181289905,0.0,0.6960949658719294,0.3039050341280706,0.17452864978546356,0.006559539760940369,0.006559539760940369,0.015157264657318592,0.005172443576157093,0.9934404602390596,0.006559539760940369,0.02641848661005497,0.0008494967478327453,425928
b2_cityscapes_val,2026-07-07 05:27:25,cityscapes,val,all,student_skd,/scratch/gautschi/manors/hf_cache/hub/models--nvidia--mit-b2/snapshots/3bb39e8739149c3777d0325349b2a6c32c6413db,runs/mit-b2_skd_j9196921/student_skd.ckpt,skd,img_000007,/home/manors/Guardrail-Distillation/data/cityscapes/leftImg8bit/val/frankfurt/frankfurt_000000_003025_leftImg8bit.png,,0.6857231284393573,0.31427687156064266,0.9610726237297058,0.9700498580932617,0.09100331366062164,0.07719451934099197,0.20087264478206635,0.9316478967666626,0.2075149267911911,-8.822827339172363,8.786477088928223,0.00442596897482872,0.03904644027352333,453460,7.991522492375225,7.431470730807632,16.287504258798435,0.49992116673236103,0.5000788332676389,126850,0.7380646127398784,0.26193538726012155,56711,0.07809367775917053,0.0005857930518686771,29.301616770680994,0.03482384607195854,0.9651761539280415,0.12353533506393433,0.2689647078514099,0.00916063692420721,0.5022901296615601,0.49770987033843994,0.515954852104187,0.5415745377540588,0.5954705476760864,0.5022901296615601,0.49770987033843994,0.5022901296615601,0.49770987033843994,0.7307228940962853,0.2692771059037147,0.9655426740646362,0.49996452502956246,0.5000354749704375,4.335829720136797e-05,0.8158227581548173,0.1841772418451827,0.07775814541493886,0.04499976565692798,0.04499976565692798,0.01445772498846054,0.00998765043914318,0.955000234343072,0.04499976565692798,0.027021124958992004,0.0011246857466176152,411854
b2_cityscapes_val,2026-07-07 05:27:25,cityscapes,val,all,student_skd,/scratch/gautschi/manors/hf_cache/hub/models--nvidia--mit-b2/snapshots/3bb39e8739149c3777d0325349b2a6c32c6413db,runs/mit-b2_skd_j9196921/student_skd.ckpt,skd,img_000008,/home/manors/Guardrail-Distillation/data/cityscapes/leftImg8bit/val/frankfurt/frankfurt_000000_003357_leftImg8bit.png,,0.6974260727960091,0.3025739272039909,0.9639662504196167,0.9759423136711121,0.08061297237873077,0.06256891787052155,0.17485545575618744,0.9417611360549927,0.18053622543811798,-8.966954231262207,8.938006401062012,0.003074598964303732,0.029727749526500702,452742,8.159892749972641,7.411077240249142,16.219595243455842,0.8735303003243096,0.12646969967569044,126850,0.9815026059063858,0.018497394093614172,69396,0.0633244663476944,0.0004933287273161113,29.290206264704466,0.02549557201564312,0.9745044279843569,0.06823578476905823,0.18969109654426575,0.0004397277079988271,0.5001099109649658,0.4998900890350342,0.5088901519775391,0.5242763161659241,0.6001935601234436,0.5001099109649658,0.4998900890350342,0.5001099109649658,0.4998900890350342,0.7130016363038638,0.2869983636961362,0.9674274325370789,0.9487607445034281,0.051239255496571934,0.0752304441791185,0.9634757470544429,0.036524252945557056,0.0,0.015575563507854717,0.015575563507854717,0.009970358572900295,0.006509226281195879,0.9844244364921453,0.015575563507854717,0.018538152799010277,0.0003776985686272383,419387
b2_cityscapes_val,2026-07-07 05:27:25,cityscapes,val,all,student_skd,/scratch/gautschi/manors/hf_cache/hub/models--nvidia--mit-b2/snapshots/3bb39e8739149c3777d0325349b2a6c32c6413db,runs/mit-b2_skd_j9196921/student_skd.ckpt,skd,img_000009,/home/manors/Guardrail-Distillation/data/cityscapes/leftImg8bit/val/frankfurt/frankfurt_000000_003920_leftImg8bit.png,,0.6834535199795541,0.31654648002044594,0.9516960382461548,0.9675878286361694,0.09676052629947662,0.08412379771471024,0.21805305778980255,0.9242411851882935,0.24114783108234406,-7.9436798095703125,7.9038405418396,0.0064085740596055984,0.043307214975357056,461101,8.159892749972641,7.411077240249142,16.219595243455842,0.8357925682130264,0.1642074317869736,126850,0.7535837177869767,0.24641628221302325,28764,0.08513614535331726,0.000636183365713805,29.290206264704466,0.0389733612537384,0.9610266387462616,0.14168158173561096,0.2776489555835724,0.018250225111842155,0.5045624375343323,0.4954375624656677,0.5241466164588928,0.5495379567146301,0.6137248873710632,0.5045624375343323,0.4954375624656677,0.5045624375343323,0.4954375624656677,0.6304674648936337,0.3695325351063663,0.9518803358078003,0.8564157020099517,0.14358429799004835,0.020623133796925264,0.8271211387788725,0.1728788612211275,0.07353742099189575,0.0,0.0,0.014018620364367962,0.013834279030561447,1.0,0.0,0.030605006963014603,0.0006744725978933275,416341
b2_cityscapes_val,2026-07-07 05:27:25,cityscapes,val,all,student_skd,/scratch/gautschi/manors/hf_cache/hub/models--nvidia--mit-b2/snapshots/3bb39e8739149c3777d0325349b2a6c32c6413db,runs/mit-b2_skd_j9196921/student_skd.ckpt,skd,img_000010,/home/manors/Guardrail-Distillation/data/cityscapes/leftImg8bit/val/frankfurt/frankfurt_000000_004617_leftImg8bit.png,,0.679498508177405,0.320501491822595,0.9617404341697693,0.9717222452163696,0.08752284944057465,0.07527171075344086,0.19693219661712646,0.9312595129013062,0.21443593502044678,-8.221049308776855,8.186894416809082,0.004113803617656231,0.035825811326503754,433905,8.159892749972641,7.411077240249142,16.219595243455842,0.4996490868372078,0.5003509131627921,126812,0.9616435477091215,0.03835645229087847,9516,0.07610997557640076,0.0005194258992560208,29.290206264704466,0.030021600425243378,0.9699783995747566,0.09385278820991516,0.22679269313812256,0.006632064003497362,0.501658022403717,0.49834197759628296,0.5125402212142944,0.5312007665634155,0.5983836054801941,0.501658022403717,0.49834197759628296,0.501658022403717,0.49834197759628296,0.5506247444711158,0.44937525552888424,0.9520286321640015,0.32969277355455323,0.6703072264454468,0.0,0.9457755359394704,0.05422446406052961,0.0,0.0,0.0,0.008836035616695881,0.018547838553786278,1.0,0.0,0.03229047730565071,0.0003249559085816145,396104
b2_cityscapes_val,2026-07-07 05:27:25,cityscapes,val,all,student_skd,/scratch/gautschi/manors/hf_cache/hub/models--nvidia--mit-b2/snapshots/3bb39e8739149c3777d0325349b2a6c32c6413db,runs/mit-b2_skd_j9196921/student_skd.ckpt,skd,img_000011,/home/manors/Guardrail-Distillation/data/cityscapes/leftImg8bit/val/frankfurt/frankfurt_000000_005543_leftImg8bit.png,,0.6021656106984099,0.3978343893015901,0.9110360741615295,0.9438033103942871,0.12478703260421753,0.15070076286792755,0.2929430305957794,0.8787288069725037,0.36185699701309204,-7.588187217712402,7.518471717834473,0.01592915505170822,0.07587668299674988,430343,8.159892749972641,7.411077240249142,16.219595243455842,0.8713001315321899,0.12869986846781012,126850,0.7619137497316492,0.23808625026835084,31473,0.15240082144737244,0.001112590660341084,29.290206264704466,0.07171324640512466,0.9282867535948753,0.30550089478492737,0.41611942648887634,0.04875456169247627,0.5121862292289734,0.4878137707710266,0.5652369260787964,0.6002036929130554,0.5778911113739014,0.5121862292289734,0.4878137707710266,0.5121862292289734,0.4878137707710266,0.5533781036863168,0.4466218963136832,0.9088773131370544,0.8683342666515447,0.13166573334845533,0.0,0.9145609472245076,0.08543905277549235,0.1526471974928585,0.0,0.0,0.020246639847755432,0.022405384108424187,1.0,0.0,0.05688020959496498,0.0023818209301680326,357511
b2_cityscapes_val,2026-07-07 05:27:26,cityscapes,val,all,student_skd,/scratch/gautschi/manors/hf_cache/hub/models--nvidia--mit-b2/snapshots/3bb39e8739149c3777d0325349b2a6c32c6413db,runs/mit-b2_skd_j9196921/student_skd.ckpt,skd,img_000012,/home/manors/Guardrail-Distillation/data/cityscapes/leftImg8bit/val/frankfurt/frankfurt_000000_005898_leftImg8bit.png,,0.5600273378554089,0.4399726621445911,0.9452652335166931,0.9634758830070496,0.1041056290268898,0.09399881958961487,0.2364688664674759,0.921569287776947,0.23565027117729187,-8.201382637023926,8.156055450439453,0.009011303074657917,0.05011795461177826,463307,7.963750016642734,7.4207804864272475,16.22539001982659,0.6586387069167657,0.34136129308323426,126850,0.6555362052853456,0.3444637947146544,30689,0.09510084986686707,0.0008632829412817955,29.32449773652479,0.045016080141067505,0.9549839198589325,0.17837896943092346,0.3371216654777527,0.020842766389250755,0.5052105188369751,0.4947894811630249,0.524571418762207,0.5603659749031067,0.6057778596878052,0.5052105188369751,0.4947894811630249,0.5052105188369751,0.4947894811630249,0.6739011571836937,0.3260988428163063,0.9493532180786133,0.9776670013032538,0.02233299869674621,0.31902829438648805,0.8657293453263316,0.1342706546736684,0.210193140040986,0.11387381932828478,0.11387381932828478,0.024877673014998436,0.020789669826626778,0.8861261806717152,0.11387381932828478,0.053180720657110214,0.002417403506115079,413076
b2_cityscapes_val,2026-07-07 05:27:26,cityscapes,val,all,student_skd,/scratch/gautschi/manors/hf_cache/hub/models--nvidia--mit-b2/snapshots/3bb39e8739149c3777d0325349b2a6c32c6413db,runs/mit-b2_skd_j9196921/student_skd.ckpt,skd,img_000013,/home/manors/Guardrail-Distillation/data/cityscapes/leftImg8bit/val/frankfurt/frankfurt_000000_006589_leftImg8bit.png,,0.5262873776775054,0.47371262232249456,0.9112234711647034,0.9597228169441223,0.10584431886672974,0.1025906503200531,0.23491322994232178,0.9154229760169983,0.24396391212940216,-7.887070178985596,7.837753772735596,0.007587679661810398,0.05355624482035637,458770,7.963750016642734,7.4207804864272475,16.22539001982659,0.3327628736378954,0.6672371263621046,126850,0.44835899828900294,0.5516410017109971,13144,0.10360261052846909,0.0008021555840969086,29.32449773652479,0.05781936272978783,0.9421806372702122,0.23834940791130066,0.40547069907188416,0.04756343364715576,0.5118886232376099,0.48811137676239014,0.5519062876701355,0.6034281849861145,0.6043927669525146,0.5118886232376099,0.48811137676239014,0.5118886232376099,0.48811137676239014,0.6934272444463314,0.3065727555536686,0.9653420448303223,0.5715457199074899,0.4284542800925101,0.23878284626959456,0.8062224788816537,0.19377752111834634,0.3578634805926507,0.16713986676882597,0.16713986676882597,0.06318634003400803,0.009067724458873272,0.832860133231174,0.16713986676882597,0.07684460282325745,0.022952677682042122,400717
b2_cityscapes_val,2026-07-07 05:27:26,cityscapes,val,all,student_skd,/scratch/gautschi/manors/hf_cache/hub/models--nvidia--mit-b2/snapshots/3bb39e8739149c3777d0325349b2a6c32c6413db,runs/mit-b2_skd_j9196921/student_skd.ckpt,skd,img_000014,/home/manors/Guardrail-Distillation/data/cityscapes/leftImg8bit/val/frankfurt/frankfurt_000000_007365_leftImg8bit.png,,0.6155528276483863,0.38444717235161374,0.952260434627533,0.9656293988227844,0.09714680165052414,0.08742215484380722,0.20762422680854797,0.9215509295463562,0.2349473387002945,-7.872191429138184,7.830399990081787,0.0053625223226845264,0.04546458274126053,466385,7.963750016642734,7.4207804864272475,16.22539001982659,0.8661342028628479,0.13386579713715208,126850,0.6195662751480966,0.3804337248519034,23151,0.0882573351264,0.0005995541578158736,29.32449773652479,0.041694436222314835,0.9583055637776852,0.16382494568824768,0.2897554337978363,0.021521378308534622,0.5053801536560059,0.49461984634399414,0.5323829650878906,0.562902569770813,0.6113253235816956,0.5053801536560059,0.49461984634399414,0.5053801536560059,0.49461984634399414,0.5946088243703617,0.40539117562963833,0.9469879865646362,0.7956302919710659,0.20436970802893406,0.0,0.6238500057195683,0.3761499942804317,0.004283730571471689,0.0,0.0,0.015049797482788563,0.020322265103459358,1.0,0.0,0.03647630289196968,0.0014237164286896586,417916
b2_cityscapes_val,2026-07-07 05:27:26,cityscapes,val,all,student_skd,/scratch/gautschi/manors/hf_cache/hub/models--nvidia--mit-b2/snapshots/3bb39e8739149c3777d0325349b2a6c32c6413db,runs/mit-b2_skd_j9196921/student_skd.ckpt,skd,img_000015,/home/manors/Guardrail-Distillation/data/cityscapes/leftImg8bit/val/frankfurt/frankfurt_000000_008206_leftImg8bit.png,,0.5360074810030437,0.46399251899695626,0.8995270133018494,0.941239595413208,0.12923233211040497,0.15607714653015137,0.30297571420669556,0.8770013451576233,0.3600808382034302,-7.956234455108643,7.882769584655762,0.018682515248656273,0.08157254755496979,463428,7.963750016642734,7.4207804864272475,16.22539001982659,0.49998029168309027,0.5000197083169098,126850,0.5098880405981197,0.49011195940188035,19643,0.1575213074684143,0.0009494239930063486,29.32449773652479,0.05417226627469063,0.9458277337253094,0.22468201816082,0.3375379145145416,0.023960640653967857,0.5059899091720581,0.4940100908279419,0.5352855324745178,0.5587447881698608,0.5801664590835571,0.5059899091720581,0.4940100908279419,0.5059899091720581,0.4940100908279419,0.5585315445985052,0.4414684554014948,0.9232329726219177,0.49998029168309027,0.5000197083169098,0.0,0.5404081784326681,0.4595918215673319,0.030520137834548433,0.02252406359546144,0.02252406359546144,0.038517311215400696,0.014811363071203232,0.9774759364045386,0.02252406359546144,0.060451678931713104,0.008432809263467789,382397
b2_cityscapes_val,2026-07-07 05:27:26,cityscapes,val,all,student_skd,/scratch/gautschi/manors/hf_cache/hub/models--nvidia--mit-b2/snapshots/3bb39e8739149c3777d0325349b2a6c32c6413db,runs/mit-b2_skd_j9196921/student_skd.ckpt,skd,img_000016,/home/manors/Guardrail-Distillation/data/cityscapes/leftImg8bit/val/frankfurt/frankfurt_000000_008451_leftImg8bit.png,,0.5550786914101199,0.4449213085898801,0.9329347610473633,0.9508641362190247,0.1190473735332489,0.12875758111476898,0.27419358491897583,0.8961585760116577,0.30380287766456604,-8.358884811401367,8.297661781311035,0.014359032735228539,0.06682557612657547,454766,7.971716986503452,7.444695249432698,16.28861975041218,0.5150253809289356,0.48497461907106443,126850,0.7936913795389404,0.20630862046105958,17383,0.13002358376979828,0.0007768330979160964,29.41885474137962,0.051568031311035156,0.9484319686889648,0.2148524969816208,0.3434903919696808,0.027035444974899292,0.506758451461792,0.493241548538208,0.536147952079773,0.5636677145957947,0.5830805897712708,0.506758451461792,0.493241548538208,0.506758451461792,0.493241548538208,0.5645695498324019,0.43543045016759807,0.9312415719032288,0.5714049212618377,0.42859507873816227,0.056379540332902156,0.7790656372787887,0.22093436272121125,0.0,0.009490858422282034,0.009490858422282034,0.014864787459373474,0.0165579654276371,0.990509141577718,0.009490858422282034,0.037775471806526184,0.0004947599372826517,388992
b2_cityscapes_val,2026-07-07 05:27:26,cityscapes,val,all,student_skd,/scratch/gautschi/manors/hf_cache/hub/models--nvidia--mit-b2/snapshots/3bb39e8739149c3777d0325349b2a6c32c6413db,runs/mit-b2_skd_j9196921/student_skd.ckpt,skd,img_000017,/home/manors/Guardrail-Distillation/data/cityscapes/leftImg8bit/val/frankfurt/frankfurt_000000_009291_leftImg8bit.png,,0.46829495429452234,0.5317050457054777,0.9371709227561951,0.9618606567382812,0.09997870773077011,0.10102512687444687,0.22305360436439514,0.9118648171424866,0.25874635577201843,-8.46280288696289,8.416647911071777,0.00625552237033844,0.04743992164731026,452720,7.971716986503452,7.444695249432698,16.28861975041218,1.0,0.0,126850,0.23199445293660914,0.7680055470633909,6123,0.10205747187137604,0.0005850250599905849,29.41885474137962,0.03915726765990257,0.9608427323400974,0.14507384598255157,0.27475592494010925,0.016553541645407677,0.5041382908821106,0.4958617091178894,0.5231510400772095,0.5458745956420898,0.5793709754943848,0.5041382908821106,0.4958617091178894,0.5041382908821106,0.4958617091178894,0.6087646073103693,0.3912353926896307,0.9442437291145325,1.0,0.0,0.0,0.8970644516848372,0.10293554831516283,0.665069998748228,0.14046965301584702,0.14046965301584702,0.017631208524107933,0.010558403097093105,0.859530346984153,0.14046965301584702,0.033855363726615906,0.002206661971285939,400392
b2_cityscapes_val,2026-07-07 05:27:26,cityscapes,val,all,student_skd,/scratch/gautschi/manors/hf_cache/hub/models--nvidia--mit-b2/snapshots/3bb39e8739149c3777d0325349b2a6c32c6413db,runs/mit-b2_skd_j9196921/student_skd.ckpt,skd,img_000018,/home/manors/Guardrail-Distillation/data/cityscapes/leftImg8bit/val/frankfurt/frankfurt_000000_009561_leftImg8bit.png,,0.5815028081778335,0.4184971918221665,0.9282773733139038,0.957217276096344,0.11225830763578415,0.11142322421073914,0.26144999265670776,0.9094783663749695,0.27221640944480896,-8.120889663696289,8.067699432373047,0.010764705948531628,0.06011292338371277,450918,7.971716986503452,7.444695249432698,16.28861975041218,1.0,0.0,126850,0.511216634601532,0.488783365398468,12383,0.11248276382684708,0.0007399480091407895,29.41885474137962,0.05433635041117668,0.9456636495888233,0.2349613755941391,0.36944401264190674,0.029240528121590614,0.50730961561203,0.49269038438796997,0.5392236113548279,0.5790029168128967,0.5700165033340454,0.50730961561203,0.49269038438796997,0.50730961561203,0.49269038438796997,0.6537024953312537,0.3462975046687463,0.9436149597167969,1.0,0.0,0.0,0.49908136294605876,0.5009186370539412,0.0,0.07219968715342018,0.07219968715342018,0.02835770510137081,0.013020104728639126,0.9278003128465798,0.07219968715342018,0.04645412042737007,0.004557369276881218,393610
b2_cityscapes_val,2026-07-07 05:27:26,cityscapes,val,all,student_skd,/scratch/gautschi/manors/hf_cache/hub/models--nvidia--mit-b2/snapshots/3bb39e8739149c3777d0325349b2a6c32c6413db,runs/mit-b2_skd_j9196921/student_skd.ckpt,skd,img_000019,/home/manors/Guardrail-Distillation/data/cityscapes/leftImg8bit/val/frankfurt/frankfurt_000000_009688_leftImg8bit.png,,0.6225953051719683,0.37740469482803174,0.964843213558197,0.9722082614898682,0.08859454840421677,0.0740821436047554,0.20075009763240814,0.9327586889266968,0.21060235798358917,-8.144234657287598,8.110349655151367,0.005548838060349226,0.03564660996198654,449103,7.971716986503452,7.444695249432698,16.28861975041218,0.9890259787667511,0.010974021233248865,126850,0.35010706321288715,0.6498929367871129,2712,0.0749284029006958,0.0005117027321830392,29.41885474137962,0.03450050950050354,0.9654994904994965,0.10748928040266037,0.24463418126106262,0.006276255939155817,0.5015690326690674,0.4984309673309326,0.5147905349731445,0.5397497415542603,0.5586940050125122,0.5015690326690674,0.4984309673309326,0.5015690326690674,0.4984309673309326,0.658449379951982,0.34155062004801795,0.9714608788490295,0.995163768430263,0.004836231569737004,0.006137789663511861,0.7001073785467495,0.29989262145325046,0.35000031533386244,0.03585407478001379,0.03585407478001379,0.013219684362411499,0.006602048873901367,0.9641459252199862,0.03585407478001379,0.021694354712963104,0.0006323716370388865,412040
b2_cityscapes_val,2026-07-07 05:27:26,cityscapes,val,all,student_skd,/scratch/gautschi/manors/hf_cache/hub/models--nvidia--mit-b2/snapshots/3bb39e8739149c3777d0325349b2a6c32c6413db,runs/mit-b2_skd_j9196921/student_skd.ckpt,skd,img_000020,/home/manors/Guardrail-Distillation/data/cityscapes/leftImg8bit/val/frankfurt/frankfurt_000000_009969_leftImg8bit.png,,0.6845776930498919,0.3154223069501081,0.9580075740814209,0.9676072597503662,0.09811540693044662,0.08645662665367126,0.22963383793830872,0.9247250556945801,0.23351576924324036,-8.365760803222656,8.325572967529297,0.00844041258096695,0.04338568449020386,457916,7.994547253474593,7.4187080026604235,16.32274201256223,0.7022405528433755,0.2977594471566245,126850,0.5524944758605026,0.4475055241394974,53207,0.0872802808880806,0.0005095264641568065,29.447208740748465,0.034787002950906754,0.9652129970490932,0.11563277244567871,0.24989011883735657,0.009143671952188015,0.502285897731781,0.497714102268219,0.515333354473114,0.5362040400505066,0.5880780220031738,0.502285897731781,0.497714102268219,0.502285897731781,0.497714102268219,0.7133491060231919,0.2866508939768081,0.9606717824935913,0.9371805731398659,0.06281942686013409,0.23494002029649041,0.5931256110685401,0.4068743889314599,0.04063113520803752,0.028771412973299992,0.028771412973299992,0.012515395879745483,0.009851151145994663,0.9712285870267,0.028771412973299992,0.027411140501499176,0.0010111024603247643,415005
b2_cityscapes_val,2026-07-07 05:27:26,cityscapes,val,all,student_skd,/scratch/gautschi/manors/hf_cache/hub/models--nvidia--mit-b2/snapshots/3bb39e8739149c3777d0325349b2a6c32c6413db,runs/mit-b2_skd_j9196921/student_skd.ckpt,skd,img_000021,/home/manors/Guardrail-Distillation/data/cityscapes/leftImg8bit/val/frankfurt/frankfurt_000000_010351_leftImg8bit.png,,0.6726166367388172,0.3273833632611828,0.9584600925445557,0.9716705083847046,0.09169661998748779,0.07451875507831573,0.20988187193870544,0.9342337250709534,0.20880211889743805,-7.863065242767334,7.828131198883057,0.00713143777102232,0.03769443556666374,462880,7.994547253474593,7.4187080026604235,16.32274201256223,0.802927845446451,0.19707215455354898,126724,0.9909865886035413,0.009013411396458726,100002,0.07537724077701569,0.00046362384455278516,29.447208740748465,0.04255283623933792,0.9574471637606621,0.11593436449766159,0.27121439576148987,0.02010200172662735,0.505025327205658,0.49497467279434204,0.5194288492202759,0.5501425862312317,0.5751872658729553,0.505025327205658,0.49497467279434204,0.505025327205658,0.49497467279434204,0.5988080497430982,0.4011919502569018,0.9685922861099243,0.8990272817871029,0.1009727182128971,0.09609943634065188,0.9749446324714366,0.02505536752856341,0.0,0.0,0.0,0.02217637374997139,0.012044157832860947,1.0,0.0,0.03670065477490425,0.003931904677301645,423731
b2_cityscapes_val,2026-07-07 05:27:26,cityscapes,val,all,student_skd,/scratch/gautschi/manors/hf_cache/hub/models--nvidia--mit-b2/snapshots/3bb39e8739149c3777d0325349b2a6c32c6413db,runs/mit-b2_skd_j9196921/student_skd.ckpt,skd,img_000022,/home/manors/Guardrail-Distillation/data/cityscapes/leftImg8bit/val/frankfurt/frankfurt_000000_010763_leftImg8bit.png,,0.5242967455190073,0.4757032544809927,0.9512529373168945,0.9572184681892395,0.10830866545438766,0.110639788210392,0.2389928102493286,0.904685378074646,0.28289610147476196,-7.716805458068848,7.664422512054443,0.008443254046142101,0.056639526039361954,457525,7.994547253474593,7.4187080026604235,16.32274201256223,0.9413820077040236,0.05861799229597642,126850,0.4944280998397921,0.5055719001602079,5049,0.111537866294384,0.0006459846626967192,29.447208740748465,0.05053284391760826,0.9494671560823917,0.20298941433429718,0.3388462960720062,0.024829722940921783,0.5062071084976196,0.49379289150238037,0.5317471027374268,0.5613034963607788,0.5872942209243774,0.5062071084976196,0.49379289150238037,0.5062071084976196,0.49379289150238037,0.4960897720417093,0.5039102279582908,0.9522473812103271,0.963212955133816,0.036787044866184004,0.021830947429792413,0.486046497480829,0.513953502519171,0.0,0.0,0.0,0.015223211608827114,0.014228730462491512,1.0,0.0,0.03480028361082077,0.00033222229103557765,398540
b2_cityscapes_val,2026-07-07 05:27:26,cityscapes,val,all,student_skd,/scratch/gautschi/manors/hf_cache/hub/models--nvidia--mit-b2/snapshots/3bb39e8739149c3777d0325349b2a6c32c6413db,runs/mit-b2_skd_j9196921/student_skd.ckpt,skd,img_000023,/home/manors/Guardrail-Distillation/data/cityscapes/leftImg8bit/val/frankfurt/frankfurt_000000_011007_leftImg8bit.png,,0.6592391323886769,0.34076086761132307,0.9330756664276123,0.9550653100013733,0.11260037869215012,0.11379554867744446,0.24702461063861847,0.9058817028999329,0.26820334792137146,-8.045153617858887,7.989725112915039,0.009875726886093616,0.061374809592962265,456979,7.994547253474593,7.4187080026604235,16.32274201256223,0.9507113411763372,0.049288658823662845,126850,0.6123748420820303,0.3876251579179697,12858,0.11478883028030396,0.0006724546547047794,29.447208740748465,0.04852623492479324,0.9514737650752068,0.2016633152961731,0.3126698434352875,0.02581009455025196,0.5064521431922913,0.49354785680770874,0.5342965126037598,0.5584323406219482,0.5767465829849243,0.5064521431922913,0.49354785680770874,0.5064521431922913,0.49354785680770874,0.6843069639910873,0.31569303600891274,0.9449427127838135,0.9550338440446874,0.044966155955312614,0.004322502868350231,0.6470587451072044,0.3529412548927956,0.0346839030251741,0.02506783160241033,0.02506783160241033,0.02446501888334751,0.012597952969372272,0.9749321683975897,0.02506783160241033,0.04103032872080803,0.0022823805920779705,395779
b2_cityscapes_val,2026-07-07 05:27:27,cityscapes,val,all,student_skd,/scratch/gautschi/manors/hf_cache/hub/models--nvidia--mit-b2/snapshots/3bb39e8739149c3777d0325349b2a6c32c6413db,runs/mit-b2_skd_j9196921/student_skd.ckpt,skd,img_000024,/home/manors/Guardrail-Distillation/data/cityscapes/leftImg8bit/val/frankfurt/frankfurt_000000_011074_leftImg8bit.png,,0.5606831313728428,0.43931686862715724,0.9208313822746277,0.9489684104919434,0.11718428134918213,0.13175976276397705,0.2589167654514313,0.8888601064682007,0.32390859723091125,-7.375261306762695,7.312554359436035,0.010985787026584148,0.06796170026063919,456772,7.986404496477917,7.424228737363592,16.320644528605044,0.6445994703887569,0.35540052961124313,126850,0.23709174818554749,0.7629082518144525,26698,0.13291434943675995,0.0006386449676938355,29.40555749228224,0.07143756002187729,0.9285624399781227,0.28312936425209045,0.38933005928993225,0.058504339307546616,0.514621913433075,0.48537808656692505,0.562188982963562,0.5941997766494751,0.5714091062545776,0.514621913433075,0.48537808656692505,0.514621913433075,0.48537808656692505,0.5553832973591988,0.4446167026408012,0.9246692061424255,0.9884489191138492,0.011551080886150755,0.3438494487250924,0.30466383222165877,0.6953361677783412,0.06757208403611137,0.0,0.0,0.021485555917024612,0.01764775440096855,1.0,0.0,0.04593320190906525,0.0024344748817384243,387145
b2_cityscapes_val,2026-07-07 05:27:27,cityscapes,val,all,student_skd,/scratch/gautschi/manors/hf_cache/hub/models--nvidia--mit-b2/snapshots/3bb39e8739149c3777d0325349b2a6c32c6413db,runs/mit-b2_skd_j9196921/student_skd.ckpt,skd,img_000025,/home/manors/Guardrail-Distillation/data/cityscapes/leftImg8bit/val/frankfurt/frankfurt_000000_011461_leftImg8bit.png,,0.530808682460105,0.46919131753989496,0.9226062893867493,0.9558714032173157,0.11324464529752731,0.11776214092969894,0.2638384699821472,0.903495192527771,0.2894625663757324,-8.263165473937988,8.208274841308594,0.013112726621329784,0.05924719199538231,433472,7.986404496477917,7.424228737363592,16.320644528605044,1.0,0.0,126850,0.33266669499788293,0.6673333050021171,22807,0.11871805042028427,0.0006567068048752844,29.40555749228224,0.04515461623668671,0.9548453837633133,0.17880591750144958,0.3193069100379944,0.020690124481916428,0.5051723122596741,0.4948276877403259,0.5268646478652954,0.5526833534240723,0.5987576842308044,0.5051723122596741,0.4948276877403259,0.5051723122596741,0.4948276877403259,0.6604996915763454,0.33950030842365464,0.9455996751785278,1.0,0.0,0.0,0.6569461257910634,0.3430538742089366,0.32427943079318045,0.12969100911624032,0.12969100911624032,0.0333816260099411,0.010388214141130447,0.8703089908837597,0.12969100911624032,0.04841604456305504,0.009253192692995071,377355
b2_cityscapes_val,2026-07-07 05:27:27,cityscapes,val,all,student_skd,/scratch/gautschi/manors/hf_cache/hub/models--nvidia--mit-b2/snapshots/3bb39e8739149c3777d0325349b2a6c32c6413db,runs/mit-b2_skd_j9196921/student_skd.ckpt,skd,img_000026,/home/manors/Guardrail-Distillation/data/cityscapes/leftImg8bit/val/frankfurt/frankfurt_000000_011810_leftImg8bit.png,,0.49854292498101177,0.5014570750189882,0.910085141658783,0.9550687074661255,0.11323198676109314,0.12013331800699234,0.2610250413417816,0.8967689871788025,0.3157506585121155,-8.025035858154297,7.96928071975708,0.012399292550981045,0.05979152023792267,461236,7.986404496477917,7.424228737363592,16.320644528605044,0.7797338319701032,0.22026616802989685,126850,0.3588906860160669,0.6411093139839331,52409,0.12145315110683441,0.0007983273244462907,29.40555749228224,0.053504183888435364,0.9464958161115646,0.22393018007278442,0.33945271372795105,0.02534976601600647,0.5063371062278748,0.49366289377212524,0.5318542718887329,0.5625219941139221,0.5848463773727417,0.5063371062278748,0.49366289377212524,0.5063371062278748,0.49366289377212524,0.525809564076686,0.474190435923314,0.92719566822052,0.7913663939481893,0.2086336060518107,0.011632561978086153,0.4764039080628275,0.5235960919371725,0.11751322204676062,0.027266639095674172,0.027266639095674172,0.03240206837654114,0.015291521325707436,0.9727333609043258,0.027266639095674172,0.055930156260728836,0.011549402959644794,401086
b2_cityscapes_val,2026-07-07 05:27:27,cityscapes,val,all,student_skd,/scratch/gautschi/manors/hf_cache/hub/models--nvidia--mit-b2/snapshots/3bb39e8739149c3777d0325349b2a6c32c6413db,runs/mit-b2_skd_j9196921/student_skd.ckpt,skd,img_000027,/home/manors/Guardrail-Distillation/data/cityscapes/leftImg8bit/val/frankfurt/frankfurt_000000_012009_leftImg8bit.png,,0.5322746853071537,0.4677253146928463,0.922810971736908,0.9559214115142822,0.11151272058486938,0.11085230112075806,0.2442535012960434,0.908271849155426,0.2634730339050293,-7.770626068115234,7.716351509094238,0.00948056299239397,0.060746487230062485,451450,7.986404496477917,7.424228737363592,16.320644528605044,0.5474881699671934,0.4525118300328066,126850,0.38961457104164343,0.6103854289583566,16519,0.11176665872335434,0.0005957409157417715,29.40555749228224,0.049939293414354324,0.9500607065856457,0.21313948929309845,0.3288911283016205,0.02725072205066681,0.5068122744560242,0.49318772554397583,0.5390018224716187,0.5685186386108398,0.5928245782852173,0.5068122744560242,0.49318772554397583,0.5068122744560242,0.49318772554397583,0.669390378277554,0.330609621722446,0.9388747811317444,0.5506379107026999,0.44936208929730015,0.0031497407355064455,0.7278676378374064,0.2721323621625936,0.33825306679576295,0.13711569297040027,0.13711569297040027,0.033846497535705566,0.017782701179385185,0.8628843070295997,0.13711569297040027,0.05692324787378311,0.005276332143694162,391310
b2_cityscapes_val,2026-07-07 05:27:27,cityscapes,val,all,student_skd,/scratch/gautschi/manors/hf_cache/hub/models--nvidia--mit-b2/snapshots/3bb39e8739149c3777d0325349b2a6c32c6413db,runs/mit-b2_skd_j9196921/student_skd.ckpt,skd,img_000028,/home/manors/Guardrail-Distillation/data/cityscapes/leftImg8bit/val/frankfurt/frankfurt_000000_012121_leftImg8bit.png,,0.4528484682299007,0.5471515317700992,0.9450045228004456,0.9639667868614197,0.09829162806272507,0.09298153221607208,0.2125859558582306,0.9162526726722717,0.25394779443740845,-7.92330265045166,7.879639148712158,0.005749850999563932,0.0461103655397892,430272,8.02215951262042,7.429623743519187,16.343512979801744,1.0,0.0,110826,0.6179160613062802,0.3820839386937198,63144,0.09396948665380478,0.0005987921031191945,29.411278752377257,0.045516565442085266,0.9544834345579147,0.15861809253692627,0.259377658367157,0.02426135540008545,0.5060650110244751,0.4939349889755249,0.5316291451454163,0.5576907396316528,0.5908900499343872,0.5060650110244751,0.4939349889755249,0.5060650110244751,0.4939349889755249,0.5154164668965645,0.4845835331034355,0.9535014629364014,0.49990307970158004,0.50009692029842,0.0,0.7213461043660457,0.27865389563395426,0.10343004305976555,0.06256799866666374,0.06256799866666374,0.025593111291527748,0.01709616184234619,0.9374320013333363,0.06256799866666374,0.046737875789403915,0.009493994526565075,383131
b2_cityscapes_val,2026-07-07 05:27:27,cityscapes,val,all,student_skd,/scratch/gautschi/manors/hf_cache/hub/models--nvidia--mit-b2/snapshots/3bb39e8739149c3777d0325349b2a6c32c6413db,runs/mit-b2_skd_j9196921/student_skd.ckpt,skd,img_000029,/home/manors/Guardrail-Distillation/data/cityscapes/leftImg8bit/val/frankfurt/frankfurt_000000_012868_leftImg8bit.png,,0.6800967324022061,0.31990326759779386,0.9439505338668823,0.9570646286010742,0.1095719188451767,0.11245956271886826,0.24873651564121246,0.9022579193115234,0.3021344244480133,-7.9121503829956055,7.85933256149292,0.00888019148260355,0.05823167786002159,448639,8.02215951262042,7.429623743519187,16.343512979801744,0.8921644829373994,0.10783551706260064,126850,0.8308889139355229,0.1691110860644771,104473,0.11391401290893555,0.000835657468996942,29.411278752377257,0.05144677683711052,0.9485532231628895,0.2072898894548416,0.31677180528640747,0.023006927222013474,0.5057514905929565,0.49424850940704346,0.5312281847000122,0.556765615940094,0.5959863662719727,0.5057514905929565,0.49424850940704346,0.5057514905929565,0.49424850940704346,0.686586175181502,0.313413824818498,0.9553762078285217,0.7876824361926197,0.21231756380738032,0.0,0.8207891118931755,0.1792108881068245,0.0,0.006489442779295862,0.006489442779295862,0.025869352743029594,0.014443684369325638,0.9935105572207041,0.006489442779295862,0.043779075145721436,0.00261903228238225,391246
b2_cityscapes_val,2026-07-07 05:27:27,cityscapes,val,all,student_skd,/scratch/gautschi/manors/hf_cache/hub/models--nvidia--mit-b2/snapshots/3bb39e8739149c3777d0325349b2a6c32c6413db,runs/mit-b2_skd_j9196921/student_skd.ckpt,skd,img_000030,/home/manors/Guardrail-Distillation/data/cityscapes/leftImg8bit/val/frankfurt/frankfurt_000000_013067_leftImg8bit.png,,0.5989177689363733,0.4010822310636267,0.9383881688117981,0.9547673463821411,0.11269321292638779,0.11997628957033157,0.25776422023773193,0.8982900381088257,0.30695465207099915,-7.866761207580566,7.810894966125488,0.011435188353061676,0.060277048498392105,424042,8.02215951262042,7.429623743519187,16.343512979801744,0.9533628205304828,0.046637179469517176,123252,0.5459395683638484,0.4540604316361516,44238,0.12124559283256531,0.0007459608605131507,29.411278752377257,0.052481744438409805,0.9475182555615902,0.2176932692527771,0.3428956866264343,0.02818497084081173,0.5070458054542542,0.49295419454574585,0.5365381240844727,0.5665431022644043,0.5886353850364685,0.5070458054542542,0.49295419454574585,0.5070458054542542,0.49295419454574585,0.6490793879534912,0.3509206120465088,0.9476891756057739,0.946964063162637,0.05303593683736296,0.0,0.7017000519841371,0.2982999480158629,0.15576048362028871,0.05016161901711791,0.05016161901711791,0.021790293976664543,0.01248932909220457,0.9498383809828821,0.05016161901711791,0.038786254823207855,0.0021271477453410625,367483
b2_cityscapes_val,2026-07-07 05:27:27,cityscapes,val,all,student_skd,/scratch/gautschi/manors/hf_cache/hub/models--nvidia--mit-b2/snapshots/3bb39e8739149c3777d0325349b2a6c32c6413db,runs/mit-b2_skd_j9196921/student_skd.ckpt,skd,img_000031,/home/manors/Guardrail-Distillation/data/cityscapes/leftImg8bit/val/frankfurt/frankfurt_000000_013240_leftImg8bit.png,,0.6890428872104873,0.31095711278951266,0.9336671233177185,0.9719533920288086,0.08665302395820618,0.0746888816356659,0.19285966455936432,0.930371105670929,0.22148753702640533,-7.518072605133057,7.484274387359619,0.004137807060033083,0.035111863166093826,445405,8.02215951262042,7.429623743519187,16.343512979801744,1.0,0.0,116920,0.9606195798639715,0.03938042013602849,20896,0.07544459402561188,0.0004868384567089379,29.411278752377257,0.04364454001188278,0.9563554599881172,0.17273452877998352,0.3095376789569855,0.023856069892644882,0.5059637427330017,0.4940362572669983,0.5344195365905762,0.5647927522659302,0.604342520236969,0.5059637427330017,0.4940362572669983,0.5059637427330017,0.4940362572669983,0.7178115288598991,0.2821884711401009,0.9431797862052917,0.49929011289770786,0.5007098871022921,0.0,0.9544172666684848,0.04558273333151519,0.0,0.02876864164941173,0.02876864164941173,0.027538981288671494,0.018026290461421013,0.9712313583505883,0.02876864164941173,0.04842783510684967,0.012570582330226898,407786
b2_cityscapes_val,2026-07-07 05:27:27,cityscapes,val,all,student_skd,/scratch/gautschi/manors/hf_cache/hub/models--nvidia--mit-b2/snapshots/3bb39e8739149c3777d0325349b2a6c32c6413db,runs/mit-b2_skd_j9196921/student_skd.ckpt,skd,img_000032,/home/manors/Guardrail-Distillation/data/cityscapes/leftImg8bit/val/frankfurt/frankfurt_000000_013382_leftImg8bit.png,,0.6017883934001999,0.39821160659980015,0.9716398119926453,0.9787651300430298,0.07997848093509674,0.05566759407520294,0.18221847712993622,0.9498964548110962,0.15981340408325195,-8.197561264038086,8.17139720916748,0.005120134446769953,0.028021685779094696,463855,7.990660262294114,7.418220746330917,16.291868727421388,0.9592515067484273,0.040748493251572704,126850,0.6396458473078539,0.3603541526921461,89894,0.05634786933660507,0.0004359724116511643,29.41652701701969,0.02323088049888611,0.9767691195011139,0.04263578727841377,0.17170585691928864,0.0008956355741247535,0.5002239346504211,0.49977606534957886,0.5080435276031494,0.5260982513427734,0.6120436787605286,0.5002239346504211,0.49977606534957886,0.5002239346504211,0.49977606534957886,0.6308476601883969,0.3691523398116031,0.9752486944198608,0.9608373535846387,0.03916264641536127,0.0015858468362114353,0.6467863835617286,0.3532136164382714,0.007140536253874674,0.029059266788197036,0.029059266788197036,0.010636944323778152,0.007028058171272278,0.970940733211803,0.029059266788197036,0.020027808845043182,0.0010261826682835817,434703
b2_cityscapes_val,2026-07-07 05:27:27,cityscapes,val,all,student_skd,/scratch/gautschi/manors/hf_cache/hub/models--nvidia--mit-b2/snapshots/3bb39e8739149c3777d0325349b2a6c32c6413db,runs/mit-b2_skd_j9196921/student_skd.ckpt,skd,img_000033,/home/manors/Guardrail-Distillation/data/cityscapes/leftImg8bit/val/frankfurt/frankfurt_000000_013942_leftImg8bit.png,,0.5804469734199194,0.41955302658008065,0.932396411895752,0.948104202747345,0.11963789165019989,0.13611756265163422,0.26989278197288513,0.884687602519989,0.34575748443603516,-7.62572717666626,7.561563968658447,0.012872501276433468,0.07002177834510803,458186,7.990660262294114,7.418220746330917,16.291868727421388,0.9047242547235418,0.09527574527645821,126850,0.527885297056336,0.472114702943664,18477,0.13759419322013855,0.0008452745387330651,29.41652701701969,0.05861365795135498,0.941386342048645,0.23820151388645172,0.3447037935256958,0.03446768969297409,0.5086160898208618,0.4913839101791382,0.5424594879150391,0.5701866149902344,0.5835290551185608,0.5086160898208618,0.4913839101791382,0.5086160898208618,0.4913839101791382,0.6089879920633305,0.39101200793666946,0.942209005355835,0.9543127020054109,0.04568729799458915,0.049588447281869064,0.44879755353367184,0.5512024464663281,0.0,0.028541018643411187,0.028541018643411187,0.022744037210941315,0.012931428849697113,0.9714589813565888,0.028541018643411187,0.04053812101483345,0.001584509271197021,387775
b2_cityscapes_val,2026-07-07 05:27:27,cityscapes,val,all,student_skd,/scratch/gautschi/manors/hf_cache/hub/models--nvidia--mit-b2/snapshots/3bb39e8739149c3777d0325349b2a6c32c6413db,runs/mit-b2_skd_j9196921/student_skd.ckpt,skd,img_000034,/home/manors/Guardrail-Distillation/data/cityscapes/leftImg8bit/val/frankfurt/frankfurt_000000_014480_leftImg8bit.png,,0.5895135414313133,0.4104864585686867,0.9115940928459167,0.9563931226730347,0.10698764771223068,0.10949378460645676,0.2253122329711914,0.9044725298881531,0.2742694020271301,-8.337174415588379,8.284253120422363,0.005846323445439339,0.056952062994241714,448658,7.990660262294114,7.418220746330917,16.291868727421388,0.5690223433952383,0.4309776566047617,119038,0.9526425876907436,0.047357412309256386,69798,0.11042869091033936,0.0005947515019215643,29.41652701701969,0.04789402335882187,0.9521059766411781,0.19512002170085907,0.31525272130966187,0.027921387925744057,0.5069798827171326,0.49302011728286743,0.5330051183700562,0.5664389133453369,0.5783990621566772,0.5069798827171326,0.49302011728286743,0.5069798827171326,0.49302011728286743,0.649386412126079,0.35061358787392105,0.9584761261940002,0.9111888620222381,0.08881113797776186,0.34216651862699987,0.9631196129384312,0.03688038706156882,0.010477025247687566,0.059872870694765656,0.059872870694765656,0.056570928543806076,0.009688894264400005,0.9401271293052343,0.059872870694765656,0.06846640259027481,0.021205460652709007,389962
b2_cityscapes_val,2026-07-07 05:27:27,cityscapes,val,all,student_skd,/scratch/gautschi/manors/hf_cache/hub/models--nvidia--mit-b2/snapshots/3bb39e8739149c3777d0325349b2a6c32c6413db,runs/mit-b2_skd_j9196921/student_skd.ckpt,skd,img_000035,/home/manors/Guardrail-Distillation/data/cityscapes/leftImg8bit/val/frankfurt/frankfurt_000000_015389_leftImg8bit.png,,0.43192781876604214,0.5680721812339579,0.9407576322555542,0.9533690810203552,0.11741027981042862,0.11787568032741547,0.2623799741268158,0.9058302044868469,0.2687172591686249,-8.282842636108398,8.224666595458984,0.012991508468985558,0.06682124733924866,459300,7.990660262294114,7.418220746330917,16.291868727421388,0.9692001154128408,0.03079988458715921,126850,0.33750711938663747,0.6624928806133625,9242,0.11872832477092743,0.0005711141275241971,29.41652701701969,0.0474248006939888,0.9525751993060112,0.20732168853282928,0.3199992775917053,0.022052103653550148,0.5055128335952759,0.4944871664047241,0.5320973992347717,0.5548871755599976,0.6040821075439453,0.5055128335952759,0.4944871664047241,0.5055128335952759,0.4944871664047241,0.4869827391947062,0.5130172608052939,0.9528630375862122,0.9832977030979455,0.016702296902054492,0.014097587685104718,0.29640449632830773,0.7035955036716923,0.0,0.055054920428664,0.055054920428664,0.02366209402680397,0.01155671663582325,0.944945079571336,0.055054920428664,0.039893314242362976,0.0030742434319108725,396555
b2_cityscapes_val,2026-07-07 05:27:28,cityscapes,val,all,student_skd,/scratch/gautschi/manors/hf_cache/hub/models--nvidia--mit-b2/snapshots/3bb39e8739149c3777d0325349b2a6c32c6413db,runs/mit-b2_skd_j9196921/student_skd.ckpt,skd,img_000036,/home/manors/Guardrail-Distillation/data/cityscapes/leftImg8bit/val/frankfurt/frankfurt_000000_015676_leftImg8bit.png,,0.5560715948332914,0.4439284051667086,0.9347764849662781,0.9494529962539673,0.11790034174919128,0.1301863193511963,0.2609208822250366,0.8920879364013672,0.31109780073165894,-8.010309219360352,7.948040962219238,0.011614066548645496,0.06950822472572327,442739,7.9732439771760255,7.420841749990359,16.290381754515693,0.877465335293145,0.12253466470685503,126850,0.39736417533702384,0.6026358246629762,49828,0.13136549293994904,0.0007062187069095671,29.40920300898142,0.054918307811021805,0.9450816921889782,0.22199952602386475,0.33364784717559814,0.030637230724096298,0.5076586604118347,0.4923413395881653,0.5403440594673157,0.5654439926147461,0.5760484933853149,0.5076586604118347,0.4923413395881653,0.5076586604118347,0.4923413395881653,0.6443185274278349,0.3556814725721651,0.9470862150192261,0.799138496557938,0.200861503442062,0.0,0.4321578670585393,0.5678421329414607,0.034793691721515474,0.08824693259454353,0.08824693259454353,0.022019745782017708,0.009710010141134262,0.9117530674054565,0.08824693259454353,0.03672366961836815,0.0013393895933404565,376071
b2_cityscapes_val,2026-07-07 05:27:28,cityscapes,val,all,student_skd,/scratch/gautschi/manors/hf_cache/hub/models--nvidia--mit-b2/snapshots/3bb39e8739149c3777d0325349b2a6c32c6413db,runs/mit-b2_skd_j9196921/student_skd.ckpt,skd,img_000037,/home/manors/Guardrail-Distillation/data/cityscapes/leftImg8bit/val/frankfurt/frankfurt_000000_016005_leftImg8bit.png,,0.5325555651421767,0.4674444348578233,0.8976571559906006,0.9317479133605957,0.1368493139743805,0.17478173971176147,0.3090997338294983,0.8662518262863159,0.36989277601242065,-7.909244060516357,7.823979377746582,0.020627735182642937,0.09515842795372009,454873,7.9732439771760255,7.420841749990359,16.290381754515693,0.9514698836653416,0.048530116334658424,126850,0.603561141267961,0.396438858732039,21410,0.17613957822322845,0.0008797261398285627,29.40920300898142,0.08073175698518753,0.9192682430148125,0.3292275667190552,0.4203996956348419,0.06196680665016174,0.5154867172241211,0.4845132827758789,0.5732446908950806,0.5996644496917725,0.5646079182624817,0.5154867172241211,0.4845132827758789,0.5154867172241211,0.4845132827758789,0.5006990200241945,0.49930097997580547,0.9253022074699402,0.9716935897556503,0.028306410244349656,0.02022370609030877,0.4015687950629844,0.5984312049370156,0.0,0.0,0.0,0.04711205139756203,0.01946697197854519,1.0,0.0,0.07612014561891556,0.007336113601922989,361528
b2_cityscapes_val,2026-07-07 05:27:28,cityscapes,val,all,student_skd,/scratch/gautschi/manors/hf_cache/hub/models--nvidia--mit-b2/snapshots/3bb39e8739149c3777d0325349b2a6c32c6413db,runs/mit-b2_skd_j9196921/student_skd.ckpt,skd,img_000038,/home/manors/Guardrail-Distillation/data/cityscapes/leftImg8bit/val/frankfurt/frankfurt_000000_016286_leftImg8bit.png,,0.5662739733775268,0.43372602662247317,0.9397814869880676,0.9493638277053833,0.12059677392244339,0.1311255246400833,0.2744908332824707,0.8930164575576782,0.3170119524002075,-8.352974891662598,8.289958953857422,0.013046960346400738,0.07126618921756744,419638,7.9732439771760255,7.420841749990359,16.290381754515693,0.777265538974285,0.22273446102571504,94976,0.4965430983325513,0.5034569016674487,46750,0.13263843953609467,0.00091066665481776,29.40920300898142,0.05589129403233528,0.9441087059676647,0.23808909952640533,0.35565105080604553,0.02735413797199726,0.5068380832672119,0.4931619167327881,0.5369494557380676,0.5664473176002502,0.5750643610954285,0.5068380832672119,0.4931619167327881,0.5068380832672119,0.4931619167327881,0.5919651007289692,0.40803489927103076,0.9411540627479553,0.7624131444488779,0.23758685555112213,0.0,0.5996256301329299,0.4003743698670701,0.10308253180037863,0.02569112735144241,0.02569112735144241,0.020246023312211037,0.018873410299420357,0.9743088726485576,0.02569112735144241,0.044628944247961044,0.0011986522004008293,356786
b2_cityscapes_val,2026-07-07 05:27:28,cityscapes,val,all,student_skd,/scratch/gautschi/manors/hf_cache/hub/models--nvidia--mit-b2/snapshots/3bb39e8739149c3777d0325349b2a6c32c6413db,runs/mit-b2_skd_j9196921/student_skd.ckpt,skd,img_000039,/home/manors/Guardrail-Distillation/data/cityscapes/leftImg8bit/val/frankfurt/frankfurt_000000_017228_leftImg8bit.png,,0.5918339199675924,0.4081660800324076,0.9619778394699097,0.9727136492729187,0.09020411223173141,0.07130202651023865,0.20427648723125458,0.9373354315757751,0.19557668268680573,-8.372343063354492,8.338727951049805,0.006058896891772747,0.0377969890832901,421859,7.9732439771760255,7.420841749990359,16.290381754515693,0.4996266011249232,0.5003733988750768,105785,0.5539804544166568,0.4460195455833432,7175,0.072103351354599,0.00047963394899852574,29.40920300898142,0.029492154717445374,0.9705078452825546,0.08305008709430695,0.2399062216281891,0.002143074059858918,0.500535786151886,0.499464213848114,0.5104805827140808,0.5324668288230896,0.6056383848190308,0.500535786151886,0.499464213848114,0.500535786151886,0.499464213848114,0.6090003574270959,0.3909996425729041,0.9666382074356079,0.49704116840761925,0.5029588315923808,0.0,0.7330762143440106,0.2669237856559894,0.17909575992735383,0.017166437459503525,0.017166437459503525,0.01270566787570715,0.00804534275084734,0.9828335625404965,0.017166437459503525,0.02543266862630844,0.001436498947441578,388015
b2_cityscapes_val,2026-07-07 05:27:28,cityscapes,val,all,student_skd,/scratch/gautschi/manors/hf_cache/hub/models--nvidia--mit-b2/snapshots/3bb39e8739149c3777d0325349b2a6c32c6413db,runs/mit-b2_skd_j9196921/student_skd.ckpt,skd,img_000040,/home/manors/Guardrail-Distillation/data/cityscapes/leftImg8bit/val/frankfurt/frankfurt_000000_017476_leftImg8bit.png,,0.48272987126115446,0.5172701287388455,0.944145679473877,0.9658111333847046,0.10499484091997147,0.09192831069231033,0.25185081362724304,0.9256747961044312,0.2298317849636078,-8.149470329284668,8.106155395507812,0.013065513223409653,0.047829680144786835,440396,8.0162824888248,7.417344255372882,16.31200750125572,1.0,0.0,126850,0.4300737382568773,0.5699262617431227,33085,0.09295158833265305,0.000685783801600337,29.408413742203265,0.03817882016301155,0.9618211798369884,0.13862764835357666,0.3066532611846924,0.009812907315790653,0.5024532079696655,0.4975467920303345,0.5162525177001953,0.5486656427383423,0.6049757599830627,0.5024532079696655,0.4975467920303345,0.5024532079696655,0.4975467920303345,0.5225674717498388,0.47743252825016125,0.9458827376365662,1.0,0.0,0.0,0.5283641318198122,0.47163586818018777,0.0982903935629349,0.03983760048868423,0.03983760048868423,0.01430530659854412,0.012568233534693718,0.9601623995113158,0.03983760048868423,0.035595234483480453,0.0013805755879729986,397452
b2_cityscapes_val,2026-07-07 05:27:28,cityscapes,val,all,student_skd,/scratch/gautschi/manors/hf_cache/hub/models--nvidia--mit-b2/snapshots/3bb39e8739149c3777d0325349b2a6c32c6413db,runs/mit-b2_skd_j9196921/student_skd.ckpt,skd,img_000041,/home/manors/Guardrail-Distillation/data/cityscapes/leftImg8bit/val/frankfurt/frankfurt_000000_018797_leftImg8bit.png,,0.539478292484056,0.460521707515944,0.9514866471290588,0.9704431295394897,0.09193447977304459,0.0753820389509201,0.20101098716259003,0.9341276288032532,0.196414977312088,-8.249368667602539,8.213220596313477,0.005521691869944334,0.039026521146297455,467067,8.0162824888248,7.417344255372882,16.31200750125572,1.0,0.0,126850,0.5518234958340783,0.4481765041659217,38573,0.07598423212766647,0.00041260235593654215,29.408413742203265,0.03352725878357887,0.9664727412164211,0.12086407840251923,0.25268250703811646,0.00841647107154131,0.5021041035652161,0.49789589643478394,0.5173912048339844,0.5412459969520569,0.5993942618370056,0.5021041035652161,0.49789589643478394,0.5021041035652161,0.49789589643478394,0.6972477040547744,0.30275229594522557,0.9657565951347351,1.0,0.0,0.0,0.8613550825209022,0.1386449174790978,0.3095315866868239,0.15776941157071844,0.15776941157071844,0.022065358236432076,0.007795455865561962,0.8422305884292816,0.15776941157071844,0.03143232315778732,0.0021388796158134937,425523
b2_cityscapes_val,2026-07-07 05:27:28,cityscapes,val,all,student_skd,/scratch/gautschi/manors/hf_cache/hub/models--nvidia--mit-b2/snapshots/3bb39e8739149c3777d0325349b2a6c32c6413db,runs/mit-b2_skd_j9196921/student_skd.ckpt,skd,img_000042,/home/manors/Guardrail-Distillation/data/cityscapes/leftImg8bit/val/frankfurt/frankfurt_000000_019607_leftImg8bit.png,,0.6431797454381104,0.3568202545618896,0.9432600736618042,0.9623862504959106,0.10467469692230225,0.0979410782456398,0.2383699268102646,0.9182689785957336,0.24331413209438324,-8.207475662231445,8.160980224609375,0.009199527092278004,0.05118604749441147,456980,8.0162824888248,7.417344255372882,16.31200750125572,1.0,0.0,126850,0.5575732447507389,0.4424267552492611,24473,0.09885594993829727,0.0005951318889856339,29.408413742203265,0.03911341726779938,0.9608865827322006,0.14737531542778015,0.28869035840034485,0.014225209131836891,0.5035562515258789,0.4964437484741211,0.5227349400520325,0.550233006477356,0.5947657227516174,0.5035562515258789,0.4964437484741211,0.5035562515258789,0.4964437484741211,0.610320701102028,0.38967929889797204,0.9543174505233765,1.0,0.0,0.0,0.6359486956501943,0.3640513043498057,0.07837545089945541,0.0,0.0,0.02058514580130577,0.009527768939733505,1.0,0.0,0.033312179148197174,0.0017484353156760335,405666
b2_cityscapes_val,2026-07-07 05:27:28,cityscapes,val,all,student_skd,/scratch/gautschi/manors/hf_cache/hub/models--nvidia--mit-b2/snapshots/3bb39e8739149c3777d0325349b2a6c32c6413db,runs/mit-b2_skd_j9196921/student_skd.ckpt,skd,img_000043,/home/manors/Guardrail-Distillation/data/cityscapes/leftImg8bit/val/frankfurt/frankfurt_000000_020215_leftImg8bit.png,,0.569251181614085,0.43074881838591506,0.9564756155014038,0.9668914079666138,0.09914428740739822,0.08598487824201584,0.22492849826812744,0.9278353452682495,0.21541981399059296,-8.361686706542969,8.320697784423828,0.00869529228657484,0.04505068436264992,458639,8.0162824888248,7.417344255372882,16.31200750125572,0.9307421800833777,0.06925781991662228,126850,0.7026647777159977,0.29733522228400233,87557,0.08680371940135956,0.0005206437781453133,29.408413742203265,0.03662214055657387,0.9633778594434261,0.1361578106880188,0.27954816818237305,0.010732120834290981,0.5026829838752747,0.49731701612472534,0.5200217962265015,0.5424121022224426,0.5988902449607849,0.5026829838752747,0.49731701612472534,0.5026829838752747,0.49731701612472534,0.6282936540152609,0.37170634598473906,0.9644906520843506,0.927043632535473,0.07295636746452705,0.0,0.7120336513575815,0.28796634864241855,0.009368873641583786,0.059042472401175994,0.059042472401175994,0.01680624671280384,0.008791228756308556,0.940957527598824,0.059042472401175994,0.028955236077308655,0.0006998968892730772,413960
b2_cityscapes_val,2026-07-07 05:27:28,cityscapes,val,all,student_skd,/scratch/gautschi/manors/hf_cache/hub/models--nvidia--mit-b2/snapshots/3bb39e8739149c3777d0325349b2a6c32c6413db,runs/mit-b2_skd_j9196921/student_skd.ckpt,skd,img_000044,/home/manors/Guardrail-Distillation/data/cityscapes/leftImg8bit/val/frankfurt/frankfurt_000000_020321_leftImg8bit.png,,0.6736676107019962,0.3263323892980038,0.9421438574790955,0.9591066837310791,0.10760049521923065,0.10711778700351715,0.24256056547164917,0.9087415933609009,0.272411972284317,-8.147284507751465,8.096874237060547,0.009932511486113071,0.054199524223804474,458897,7.982573995832354,7.4275454971939325,16.316695749992505,0.9904456890881179,0.00955431091188208,126850,0.8266896461512543,0.1733103538487457,23081,0.10814941674470901,0.0006020382861606777,29.43066050647758,0.04359101876616478,0.9564089812338352,0.17453749477863312,0.2981468439102173,0.018803173676133156,0.5047006607055664,0.4952993392944336,0.5286954641342163,0.5509203672409058,0.5957863926887512,0.5047006607055664,0.4952993392944336,0.5047006607055664,0.4952993392944336,0.6509120954246718,0.34908790457532823,0.9553886651992798,0.9939196573597573,0.0060803426402427085,0.0034739682716393716,0.8183494484153485,0.1816505515846515,0.0,0.0,0.0,0.023242687806487083,0.009997885674238205,1.0,0.0,0.03672065585851669,0.001063419389538467,402979
b2_cityscapes_val,2026-07-07 05:27:28,cityscapes,val,all,student_skd,/scratch/gautschi/manors/hf_cache/hub/models--nvidia--mit-b2/snapshots/3bb39e8739149c3777d0325349b2a6c32c6413db,runs/mit-b2_skd_j9196921/student_skd.ckpt,skd,img_000045,/home/manors/Guardrail-Distillation/data/cityscapes/leftImg8bit/val/frankfurt/frankfurt_000000_020880_leftImg8bit.png,,0.6570612285753894,0.3429387714246106,0.9548479318618774,0.9673601984977722,0.09573233127593994,0.08509223163127899,0.21303726732730865,0.924496591091156,0.23026740550994873,-8.017361640930176,7.97749662399292,0.006207563448697329,0.04276200756430626,460245,7.982573995832354,7.4275454971939325,16.316695749992505,0.49149141455461376,0.5085085854453862,126850,0.6263238812280635,0.3736761187719365,47319,0.08593197911977768,0.0005367033299989998,29.43066050647758,0.03751297667622566,0.9624870233237743,0.13499023020267487,0.2722395062446594,0.01200674008578062,0.5030016899108887,0.49699831008911133,0.5190477967262268,0.5446208119392395,0.6002071499824524,0.5030016899108887,0.49699831008911133,0.5030016899108887,0.49699831008911133,0.6789380963069996,0.32106190369300036,0.9606448411941528,0.652640378272641,0.347359621727359,0.16114896371802723,0.6358779184843281,0.36412208151567194,0.00955403725626458,0.02187686773161024,0.02187686773161024,0.01512238010764122,0.009325467981398106,0.9781231322683898,0.02187686773161024,0.02766352705657482,0.00116894266102463,415219
b2_cityscapes_val,2026-07-07 05:27:28,cityscapes,val,all,student_skd,/scratch/gautschi/manors/hf_cache/hub/models--nvidia--mit-b2/snapshots/3bb39e8739149c3777d0325349b2a6c32c6413db,runs/mit-b2_skd_j9196921/student_skd.ckpt,skd,img_000046,/home/manors/Guardrail-Distillation/data/cityscapes/leftImg8bit/val/frankfurt/frankfurt_000000_021667_leftImg8bit.png,,0.4814132883841073,0.5185867116158926,0.9616722464561462,0.9726632833480835,0.08665820956230164,0.07192930579185486,0.19307425618171692,0.9344424605369568,0.20365102589130402,-7.946887493133545,7.913808822631836,0.004193715751171112,0.034839436411857605,462120,7.982573995832354,7.4275454971939325,16.316695749992505,0.9481580156963195,0.05184198430368048,126850,0.37855275077552547,0.6214472492244745,6552,0.0726652592420578,0.00045477721141651273,29.43066050647758,0.03152436390519142,0.9684756360948086,0.09513570368289948,0.24134232103824615,0.007134773302823305,0.5017836689949036,0.49821633100509644,0.5162155628204346,0.5430764555931091,0.5966597199440002,0.5017836689949036,0.49821633100509644,0.5017836689949036,0.49821633100509644,0.5978691907137306,0.40213080928626943,0.9772613048553467,0.9597493096405559,0.040250690359444063,0.011591293944236414,0.6477145970502104,0.3522854029497896,0.26916184627468487,0.11645590232962322,0.11645590232962322,0.021613433957099915,0.006024409085512161,0.8835440976703768,0.11645590232962322,0.029996536672115326,0.004449060652405024,423867
b2_cityscapes_val,2026-07-07 05:27:28,cityscapes,val,all,student_skd,/scratch/gautschi/manors/hf_cache/hub/models--nvidia--mit-b2/snapshots/3bb39e8739149c3777d0325349b2a6c32c6413db,runs/mit-b2_skd_j9196921/student_skd.ckpt,skd,img_000047,/home/manors/Guardrail-Distillation/data/cityscapes/leftImg8bit/val/frankfurt/frankfurt_000000_021879_leftImg8bit.png,,0.4295080894790181,0.5704919105209819,0.9577690958976746,0.9708136320114136,0.09161844849586487,0.07975760847330093,0.21598489582538605,0.9304622411727905,0.21494358777999878,-8.575732231140137,8.539899826049805,0.007137103006243706,0.03700857609510422,458029,7.982573995832354,7.4275454971939325,16.316695749992505,1.0,0.0,126850,0.35575522754014893,0.644244772459851,20406,0.08060261607170105,0.0005384006653912365,29.43066050647758,0.03130725771188736,0.9686927422881126,0.098114974796772,0.24058479070663452,0.010019190609455109,0.5025047659873962,0.49749523401260376,0.5148552060127258,0.538557767868042,0.590476930141449,0.5025047659873962,0.49749523401260376,0.5025047659873962,0.49749523401260376,0.45122405331146637,0.5487759466885336,0.9603672027587891,1.0,0.0,0.0,0.34648560841777315,0.6535143915822268,0.0,0.021715963832448337,0.021715963832448337,0.010571383871138096,0.007973294705152512,0.9782840361675517,0.021715963832448337,0.021461524069309235,0.0005829325527884066,418086
b2_cityscapes_val,2026-07-07 05:27:29,cityscapes,val,all,student_skd,/scratch/gautschi/manors/hf_cache/hub/models--nvidia--mit-b2/snapshots/3bb39e8739149c3777d0325349b2a6c32c6413db,runs/mit-b2_skd_j9196921/student_skd.ckpt,skd,img_000048,/home/manors/Guardrail-Distillation/data/cityscapes/leftImg8bit/val/frankfurt/frankfurt_000000_022254_leftImg8bit.png,,0.7263692516404003,0.27363074835959966,0.9505137205123901,0.9620167016983032,0.10361084342002869,0.10257741063833237,0.24010077118873596,0.9105603098869324,0.2798949182033539,-7.9652557373046875,7.918575286865234,0.009136871434748173,0.05021069571375847,451358,7.976575754582882,7.4244425049982965,16.295618988806382,0.4999604283238229,0.5000395716761771,126353,0.7051410985463187,0.2948589014536813,35181,0.10364949703216553,0.0006575825973413885,29.432714509312063,0.04541265219449997,0.9545873478055,0.17496700584888458,0.3054467439651489,0.021333705633878708,0.5053331851959229,0.49466681480407715,0.5284056663513184,0.5551481246948242,0.5912402868270874,0.5053331851959229,0.49466681480407715,0.5053331851959229,0.49466681480407715,0.8036359643152721,0.19636403568472793,0.9611771106719971,0.49995647115620523,0.5000435288437948,0.0,0.8372414070295926,0.1627585929704074,0.13210030848327392,0.07726671267487173,0.07726671267487173,0.02110741287469864,0.0104440376162529,0.9227332873251283,0.07726671267487173,0.03449368104338646,0.0023706236388534307,400736
b2_cityscapes_val,2026-07-07 05:27:29,cityscapes,val,all,student_skd,/scratch/gautschi/manors/hf_cache/hub/models--nvidia--mit-b2/snapshots/3bb39e8739149c3777d0325349b2a6c32c6413db,runs/mit-b2_skd_j9196921/student_skd.ckpt,skd,img_000049,/home/manors/Guardrail-Distillation/data/cityscapes/leftImg8bit/val/frankfurt/frankfurt_000000_022797_leftImg8bit.png,,0.7248904037982263,0.27510959620177367,0.9453381896018982,0.9629018902778625,0.1028943657875061,0.09875917434692383,0.2371293306350708,0.915385901927948,0.25594425201416016,-7.927774906158447,7.881985664367676,0.009229651652276516,0.048201918601989746,465023,7.976575754582882,7.4244425049982965,16.295618988806382,0.44742629701367637,0.5525737029863236,126850,0.5907834895964882,0.4092165104035118,31574,0.09976183623075485,0.0006255013286136091,29.432714509312063,0.048181623220443726,0.9518183767795563,0.19599230587482452,0.321743905544281,0.024571698158979416,0.5061426162719727,0.49385738372802734,0.5338961482048035,0.5636570453643799,0.6020258069038391,0.5061426162719727,0.49385738372802734,0.5061426162719727,0.49385738372802734,0.7549463127263867,0.24505368727361332,0.9492949843406677,0.5883766495699692,0.41162335043003084,0.14095035255629274,0.6177845400618917,0.38221545993810835,0.027001050465403464,0.030055908928160346,0.030055908928160346,0.013521912507712841,0.009565118700265884,0.9699440910718397,0.030055908928160346,0.025327779352664948,0.0006300763925537467,413950
b2_cityscapes_val,2026-07-07 05:27:29,cityscapes,val,all,student_skd,/scratch/gautschi/manors/hf_cache/hub/models--nvidia--mit-b2/snapshots/3bb39e8739149c3777d0325349b2a6c32c6413db,runs/mit-b2_skd_j9196921/student_skd.ckpt,skd,img_000050,/home/manors/Guardrail-Distillation/data/cityscapes/leftImg8bit/val/frankfurt/frankfurt_000001_000538_leftImg8bit.png,,0.5718922664744319,0.4281077335255681,0.9268715381622314,0.9478475451469421,0.12038058042526245,0.1354922652244568,0.27429530024528503,0.88969886302948,0.3223971128463745,-7.777507305145264,7.712985992431641,0.012626506388187408,0.07125432789325714,465291,7.976575754582882,7.4244425049982965,16.295618988806382,0.9115850738435789,0.0884149261564211,126850,0.7780715437699026,0.22192845623009738,21067,0.13657160103321075,0.0007422384223900735,29.432714509312063,0.05392012745141983,0.9460798725485802,0.223129004240036,0.3362939655780792,0.028798606246709824,0.5071991682052612,0.49280083179473877,0.536579430103302,0.561392605304718,0.5851010084152222,0.5071991682052612,0.49280083179473877,0.5071991682052612,0.49280083179473877,0.6454542305685224,0.35454576943147764,0.938077449798584,0.6100665315040638,0.38993346849593624,0.0,0.872342533237698,0.12765746676230205,0.09427098946779533,0.07356196409409044,0.07356196409409044,0.029368717223405838,0.01816282607614994,0.9264380359059096,0.07356196409409044,0.05252411961555481,0.0035655105020850897,392507
b2_cityscapes_val,2026-07-07 05:27:29,cityscapes,val,all,student_skd,/scratch/gautschi/manors/hf_cache/hub/models--nvidia--mit-b2/snapshots/3bb39e8739149c3777d0325349b2a6c32c6413db,runs/mit-b2_skd_j9196921/student_skd.ckpt,skd,img_000051,/home/manors/Guardrail-Distillation/data/cityscapes/leftImg8bit/val/frankfurt/frankfurt_000001_001464_leftImg8bit.png,,0.5402203107258551,0.4597796892741449,0.9399417042732239,0.9564632177352905,0.11565393954515457,0.10631275177001953,0.25625112652778625,0.9151843190193176,0.24547474086284637,-7.893385887145996,7.838766574859619,0.010437365621328354,0.06641799956560135,454425,7.976575754582882,7.4244425049982965,16.295618988806382,1.0,0.0,126850,0.5128506759515697,0.48714932404843025,66578,0.10723249614238739,0.0007001443882472813,29.432714509312063,0.05204405635595322,0.9479559436440468,0.2419082075357437,0.35806649923324585,0.03119206614792347,0.5077974200248718,0.4922025799751282,0.5465572476387024,0.5844616293907166,0.5866025686264038,0.5077974200248718,0.4922025799751282,0.5077974200248718,0.4922025799751282,0.5467425023791941,0.4532574976208059,0.9494966268539429,1.0,0.0,0.0,0.6285401703541945,0.3714598296458055,0.11568949440262477,0.0065221916533390045,0.0065221916533390045,0.027610717341303825,0.018055785447359085,0.993477808346661,0.0065221916533390045,0.04958353936672211,0.0015602133935317397,396682
b2_cityscapes_val,2026-07-07 05:27:29,cityscapes,val,all,student_skd,/scratch/gautschi/manors/hf_cache/hub/models--nvidia--mit-b2/snapshots/3bb39e8739149c3777d0325349b2a6c32c6413db,runs/mit-b2_skd_j9196921/student_skd.ckpt,skd,img_000052,/home/manors/Guardrail-Distillation/data/cityscapes/leftImg8bit/val/frankfurt/frankfurt_000001_002512_leftImg8bit.png,,0.48372894232136193,0.516271057678638,0.9125826358795166,0.9420785307884216,0.12488217651844025,0.15137962996959686,0.281828373670578,0.8760776519775391,0.3542487621307373,-7.805295944213867,7.733689785003662,0.013771750032901764,0.07814518362283707,421152,8.00695875659585,7.419819507049397,16.293739259708673,0.890153329183936,0.10984667081606403,125846,0.5595238820984135,0.4404761179015865,10366,0.15264290571212769,0.0008168756612576544,29.389675008133054,0.06372567266225815,0.9362743273377419,0.24073529243469238,0.34349632263183594,0.045369718223810196,0.5113404989242554,0.48865950107574463,0.5529145002365112,0.5770554542541504,0.5852287411689758,0.5113404989242554,0.48865950107574463,0.5113404989242554,0.48865950107574463,0.5236553664707185,0.47634463352928147,0.9257227778434753,0.8755149847318779,0.12448501526812206,0.0,0.6728316899549756,0.32716831004502445,0.11330780785656203,0.03992642414935654,0.03992642414935654,0.030416572466492653,0.017276423051953316,0.9600735758506435,0.03992642414935654,0.05406124144792557,0.0014246638165786862,348812
b2_cityscapes_val,2026-07-07 05:27:29,cityscapes,val,all,student_skd,/scratch/gautschi/manors/hf_cache/hub/models--nvidia--mit-b2/snapshots/3bb39e8739149c3777d0325349b2a6c32c6413db,runs/mit-b2_skd_j9196921/student_skd.ckpt,skd,img_000053,/home/manors/Guardrail-Distillation/data/cityscapes/leftImg8bit/val/frankfurt/frankfurt_000001_002646_leftImg8bit.png,,0.5348043171518183,0.4651956828481817,0.911209225654602,0.9414860606193542,0.12577715516090393,0.14823618531227112,0.2782750725746155,0.8793003559112549,0.34627118706703186,-7.414106369018555,7.341910362243652,0.012254779227077961,0.08093757182359695,456883,8.00695875659585,7.419819507049397,16.293739259708673,0.39442567934297657,0.6055743206570234,126850,0.4620820010765441,0.5379179989234559,37859,0.14945659041404724,0.0008651393582113087,29.389675008133054,0.07565125823020935,0.9243487417697906,0.32651984691619873,0.40217000246047974,0.05791552737355232,0.5144748687744141,0.48552513122558594,0.5785636901855469,0.6070890426635742,0.5781079530715942,0.5144748687744141,0.48552513122558594,0.5144748687744141,0.48552513122558594,0.6403898046326992,0.35961019536730077,0.9561113119125366,0.9686163475666101,0.03138365243338992,0.5741906682236335,0.6798099852488078,0.32019001475119224,0.2177279841722637,0.10558548748088092,0.10558548748088092,0.05827312543988228,0.013371038250625134,0.8944145125191191,0.10558548748088092,0.07644408196210861,0.006623140070587397,375588
b2_cityscapes_val,2026-07-07 05:27:29,cityscapes,val,all,student_skd,/scratch/gautschi/manors/hf_cache/hub/models--nvidia--mit-b2/snapshots/3bb39e8739149c3777d0325349b2a6c32c6413db,runs/mit-b2_skd_j9196921/student_skd.ckpt,skd,img_000054,/home/manors/Guardrail-Distillation/data/cityscapes/leftImg8bit/val/frankfurt/frankfurt_000001_002759_leftImg8bit.png,,0.582684583182435,0.417315416817565,0.8815593719482422,0.9280439019203186,0.13484416902065277,0.17432570457458496,0.2849650979042053,0.8629043102264404,0.3612233102321625,-7.492321014404297,7.403809547424316,0.011535152792930603,0.10037320852279663,460332,8.00695875659585,7.419819507049397,16.293739259708673,0.45552158511661955,0.5444784148833804,126850,0.6842435772200449,0.3157564227799551,25629,0.17540325224399567,0.0007022878853604198,29.389675008133054,0.08265665173530579,0.9173433482646942,0.31179067492485046,0.37226402759552,0.06406395137310028,0.5160105228424072,0.4839894771575928,0.5744428038597107,0.5983439087867737,0.5689380168914795,0.5160105228424072,0.4839894771575928,0.5160105228424072,0.4839894771575928,0.5249598780046525,0.4750401219953475,0.815839409828186,0.32871929650383186,0.6712807034961681,0.0,0.6566527547675616,0.3433472452324384,0.0,0.0,0.0,0.029995741322636604,0.09571570158004761,1.0,0.0,0.13506990671157837,0.0025525055825710297,358856
b2_cityscapes_val,2026-07-07 05:27:29,cityscapes,val,all,student_skd,/scratch/gautschi/manors/hf_cache/hub/models--nvidia--mit-b2/snapshots/3bb39e8739149c3777d0325349b2a6c32c6413db,runs/mit-b2_skd_j9196921/student_skd.ckpt,skd,img_000055,/home/manors/Guardrail-Distillation/data/cityscapes/leftImg8bit/val/frankfurt/frankfurt_000001_003056_leftImg8bit.png,,0.6215472494192137,0.3784527505807863,0.9348993301391602,0.955209493637085,0.11201946437358856,0.11417695879936218,0.2457396388053894,0.9041292667388916,0.27751362323760986,-8.053915023803711,7.998756408691406,0.009763595648109913,0.06125260517001152,463866,8.00695875659585,7.419819507049397,16.293739259708673,0.5056272073662966,0.4943727926337034,126850,0.49276151431682785,0.5072384856831722,19439,0.11546642333269119,0.0006953923148103058,29.389675008133054,0.05318832769989967,0.9468116723001003,0.21879293024539948,0.3336828351020813,0.033646006137132645,0.5084106922149658,0.4915893077850342,0.5443436503410339,0.5746068954467773,0.5859616994857788,0.5084106922149658,0.4915893077850342,0.5084106922149658,0.4915893077850342,0.7255470958389638,0.2744529041610362,0.9438545107841492,0.506767137126474,0.49323286287352597,0.001139929760177405,0.9477198194451613,0.05228018055483874,0.45495830512833346,0.10399984641975013,0.10399984641975013,0.026986243203282356,0.01803107000887394,0.8960001535802499,0.10399984641975013,0.04914134740829468,0.008207111619412899,402084
b2_cityscapes_val,2026-07-07 05:27:29,cityscapes,val,all,student_skd,/scratch/gautschi/manors/hf_cache/hub/models--nvidia--mit-b2/snapshots/3bb39e8739149c3777d0325349b2a6c32c6413db,runs/mit-b2_skd_j9196921/student_skd.ckpt,skd,img_000056,/home/manors/Guardrail-Distillation/data/cityscapes/leftImg8bit/val/frankfurt/frankfurt_000001_003588_leftImg8bit.png,,0.5094507062646045,0.49054929373539546,0.9532720446586609,0.9639895558357239,0.1017979234457016,0.09507722407579422,0.2346133142709732,0.9206389784812927,0.23794282972812653,-8.211387634277344,8.167069435119629,0.008526315912604332,0.04906310886144638,407679,7.982909999554977,7.416660257149488,16.30379699054174,0.9407221023146741,0.059277897685325875,126850,0.675546472296912,0.324453527703088,22756,0.09612616896629333,0.000610253366176039,29.42404299392365,0.039395540952682495,0.9606044590473175,0.14958006143569946,0.2917281985282898,0.01323678158223629,0.5033091306686401,0.49669086933135986,0.5217599272727966,0.5503913164138794,0.5822555422782898,0.5033091306686401,0.49669086933135986,0.5033091306686401,0.49669086933135986,0.5177687896279272,0.48223121037207284,0.9564117789268494,0.9335150323682433,0.06648496763175671,0.0,0.6841232729145919,0.31587672708540815,0.008576800617679847,0.008318083363322626,0.008318083363322626,0.01453594584017992,0.01139622088521719,0.9916819166366774,0.008318083363322626,0.03183141350746155,0.0006868148338980973,363450
b2_cityscapes_val,2026-07-07 05:27:29,cityscapes,val,all,student_skd,/scratch/gautschi/manors/hf_cache/hub/models--nvidia--mit-b2/snapshots/3bb39e8739149c3777d0325349b2a6c32c6413db,runs/mit-b2_skd_j9196921/student_skd.ckpt,skd,img_000057,/home/manors/Guardrail-Distillation/data/cityscapes/leftImg8bit/val/frankfurt/frankfurt_000001_004327_leftImg8bit.png,,0.7000824907391553,0.2999175092608447,0.9618979096412659,0.9738031029701233,0.08361377567052841,0.06751653552055359,0.1783154308795929,0.9364808201789856,0.19633260369300842,-8.645816802978516,8.614312171936035,0.0031150884460657835,0.0325210876762867,459056,7.982909999554977,7.416660257149488,16.30379699054174,0.8832561027685861,0.11674389723141387,126850,0.49325606174796643,0.5067439382520336,38479,0.06833000481128693,0.0004780988674610853,29.42404299392365,0.03286102041602135,0.9671389795839787,0.10703417658805847,0.23723094165325165,0.005277025513350964,0.5013192296028137,0.4986807703971863,0.5149819254875183,0.5355976223945618,0.5877079963684082,0.5013192296028137,0.4986807703971863,0.5013192296028137,0.4986807703971863,0.7451660514472095,0.2548339485527905,0.9689754843711853,0.8837353051496686,0.11626469485033142,0.0004792023810824553,0.985940383066088,0.014059616933912,0.49268432131812157,0.04508356070805419,0.04508356070805419,0.014213952235877514,0.00713638449087739,0.9549164392919458,0.04508356070805419,0.02254626899957657,0.0017797392792999744,422522
b2_cityscapes_val,2026-07-07 05:27:29,cityscapes,val,all,student_skd,/scratch/gautschi/manors/hf_cache/hub/models--nvidia--mit-b2/snapshots/3bb39e8739149c3777d0325349b2a6c32c6413db,runs/mit-b2_skd_j9196921/student_skd.ckpt,skd,img_000058,/home/manors/Guardrail-Distillation/data/cityscapes/leftImg8bit/val/frankfurt/frankfurt_000001_004736_leftImg8bit.png,,0.5879044557210149,0.4120955442789851,0.9403736591339111,0.9593295454978943,0.1114482581615448,0.10890007764101028,0.2645440995693207,0.910573422908783,0.27171218395233154,-7.986475944519043,7.935359477996826,0.013522738590836525,0.05548539757728577,448208,7.982909999554977,7.416660257149488,16.30379699054174,1.0,0.0,126850,0.25555748417398405,0.744442515826016,6958,0.11009301245212555,0.0007374624838121235,29.42404299392365,0.04872429743409157,0.9512757025659084,0.1880408078432083,0.33617642521858215,0.024529865011572838,0.5061321258544922,0.4938678741455078,0.5326778292655945,0.5683950185775757,0.5884798765182495,0.5061321258544922,0.4938678741455078,0.5061321258544922,0.4938678741455078,0.5918893350202525,0.40811066497974746,0.9452084302902222,1.0,0.0,0.0,0.39667977811145555,0.6033202218885445,0.14112229393747144,0.003984879299237631,0.003984879299237631,0.0175454244017601,0.012710615992546082,0.9960151207007624,0.003984879299237631,0.038491055369377136,0.0015283082611858845,395305
b2_cityscapes_val,2026-07-07 05:27:29,cityscapes,val,all,student_skd,/scratch/gautschi/manors/hf_cache/hub/models--nvidia--mit-b2/snapshots/3bb39e8739149c3777d0325349b2a6c32c6413db,runs/mit-b2_skd_j9196921/student_skd.ckpt,skd,img_000059,/home/manors/Guardrail-Distillation/data/cityscapes/leftImg8bit/val/frankfurt/frankfurt_000001_004859_leftImg8bit.png,,0.4621230597515187,0.5378769402484813,0.9199890494346619,0.967610776424408,0.09980394691228867,0.08565066009759903,0.23479455709457397,0.9279763698577881,0.22026924788951874,-8.315808296203613,8.275336265563965,0.009223341010510921,0.04501313716173172,420455,7.982909999554977,7.416660257149488,16.30379699054174,0.6956762955455291,0.3043237044544709,125367,0.25968607654491355,0.7403139234550864,3564,0.08657718449831009,0.0005876314826309681,29.42404299392365,0.03344365581870079,0.9665563441812992,0.10427828133106232,0.2611849308013916,0.009112756699323654,0.5022781491279602,0.4977218508720398,0.5143903493881226,0.5385512709617615,0.5968286991119385,0.5022781491279602,0.4977218508720398,0.5022781491279602,0.4977218508720398,0.4671206750383186,0.5328793249616814,0.9275070428848267,0.7276053704967335,0.27239462950326654,0.03192907495120434,0.2987394032244163,0.7012605967755837,0.039053326679502676,0.0049976152867998724,0.0049976152867998724,0.015438036993145943,0.00791999138891697,0.9950023847132001,0.0049976152867998724,0.029820075258612633,0.0013865930959582329,381224
b2_cityscapes_val,2026-07-07 05:27:30,cityscapes,val,all,student_skd,/scratch/gautschi/manors/hf_cache/hub/models--nvidia--mit-b2/snapshots/3bb39e8739149c3777d0325349b2a6c32c6413db,runs/mit-b2_skd_j9196921/student_skd.ckpt,skd,img_000060,/home/manors/Guardrail-Distillation/data/cityscapes/leftImg8bit/val/frankfurt/frankfurt_000001_005184_leftImg8bit.png,,0.6771132584049082,0.3228867415950918,0.9512403011322021,0.9617668986320496,0.10457999259233475,0.09716948866844177,0.23321017622947693,0.9181877374649048,0.24307987093925476,-8.036520957946777,7.989492416381836,0.007866249419748783,0.05193048715591431,453202,7.9634035064373165,7.41123451734893,16.30249249865301,0.9077519442935958,0.09224805570640415,123379,0.44224085298954036,0.5577591470104597,10692,0.09805914759635925,0.0006821905844844878,29.413357755402103,0.04326314851641655,0.9567368514835835,0.18956205248832703,0.30965495109558105,0.017827872186899185,0.5044568777084351,0.49554312229156494,0.5284959077835083,0.5524452328681946,0.5849730372428894,0.5044568777084351,0.49554312229156494,0.5044568777084351,0.49554312229156494,0.626879353501013,0.373120646498987,0.9445942640304565,0.9375962751008466,0.06240372489915336,0.029844330807250796,0.34283639828163803,0.657163601718362,0.0,0.0,0.0,0.01508598867803812,0.021732032299041748,1.0,0.0,0.04033742472529411,0.0010811956599354744,400245
b2_cityscapes_val,2026-07-07 05:27:30,cityscapes,val,all,student_skd,/scratch/gautschi/manors/hf_cache/hub/models--nvidia--mit-b2/snapshots/3bb39e8739149c3777d0325349b2a6c32c6413db,runs/mit-b2_skd_j9196921/student_skd.ckpt,skd,img_000061,/home/manors/Guardrail-Distillation/data/cityscapes/leftImg8bit/val/frankfurt/frankfurt_000001_005410_leftImg8bit.png,,0.6894630965851996,0.31053690341480045,0.9346136450767517,0.9490942358970642,0.11823533475399017,0.13402695953845978,0.2673211395740509,0.8858026266098022,0.3453674614429474,-7.9496541023254395,7.886880874633789,0.012280328199267387,0.06879723072052002,460004,7.9634035064373165,7.41123451734893,16.30249249865301,0.937272728260279,0.06272727173972104,126850,0.834369234895953,0.16563076510404695,51870,0.13553228974342346,0.0008579615387134254,29.413357755402103,0.05506335198879242,0.9449366480112076,0.22056810557842255,0.3343130350112915,0.025848500430583954,0.5064617395401001,0.4935382604598999,0.5330030918121338,0.5566412210464478,0.5850239992141724,0.5064617395401001,0.4935382604598999,0.5064617395401001,0.4935382604598999,0.7656398130325618,0.2343601869674382,0.9479200839996338,0.9412883211132637,0.05871167888673634,0.004015592852984695,0.8409581127201918,0.15904188727980817,0.006588877824238781,0.07617671644736224,0.07617671644736224,0.025921514257788658,0.01261510793119669,0.9238232835526378,0.07617671644736224,0.04380831867456436,0.0008086886373348534,390764
b2_cityscapes_val,2026-07-07 05:27:30,cityscapes,val,all,student_skd,/scratch/gautschi/manors/hf_cache/hub/models--nvidia--mit-b2/snapshots/3bb39e8739149c3777d0325349b2a6c32c6413db,runs/mit-b2_skd_j9196921/student_skd.ckpt,skd,img_000062,/home/manors/Guardrail-Distillation/data/cityscapes/leftImg8bit/val/frankfurt/frankfurt_000001_005703_leftImg8bit.png,,0.492057565454051,0.507942434545949,0.9296457171440125,0.9539659023284912,0.11405299603939056,0.12112787365913391,0.26179054379463196,0.8978782892227173,0.3091222643852234,-8.038518905639648,7.981604099273682,0.011415740475058556,0.06218741834163666,456475,7.9634035064373165,7.41123451734893,16.30249249865301,0.7632925835966701,0.23670741640332993,126850,0.44094709723831305,0.559052902761687,41144,0.12233563512563705,0.0007257870165631175,29.413357755402103,0.04704256355762482,0.9529574364423752,0.1817307323217392,0.29459312558174133,0.018625300377607346,0.504656195640564,0.49534380435943604,0.5278305411338806,0.5492158532142639,0.5932255983352661,0.504656195640564,0.49534380435943604,0.504656195640564,0.49534380435943604,0.5511366587870339,0.4488633412129661,0.9357380270957947,0.7251889824328265,0.2748110175671735,0.0,0.5305945208474814,0.4694054791525186,0.08964742360916833,0.05907909333298289,0.05907909333298289,0.022662797942757607,0.016570458188652992,0.9409209066670171,0.05907909333298289,0.043772388249635696,0.0035423627123236656,394090
b2_cityscapes_val,2026-07-07 05:27:30,cityscapes,val,all,student_skd,/scratch/gautschi/manors/hf_cache/hub/models--nvidia--mit-b2/snapshots/3bb39e8739149c3777d0325349b2a6c32c6413db,runs/mit-b2_skd_j9196921/student_skd.ckpt,skd,img_000063,/home/manors/Guardrail-Distillation/data/cityscapes/leftImg8bit/val/frankfurt/frankfurt_000001_005898_leftImg8bit.png,,0.6073949573246264,0.39260504267537355,0.9677673578262329,0.9739165902137756,0.08581313490867615,0.07031431049108505,0.1970929503440857,0.9361680150032043,0.19991540908813477,-8.217645645141602,8.18580436706543,0.005369469989091158,0.03241334855556488,442688,7.9634035064373165,7.41123451734893,16.30249249865301,0.9254240901233044,0.0745759098766956,126850,0.6635766183360762,0.3364233816639238,49390,0.07106804847717285,0.0005071279592812061,29.413357755402103,0.031588442623615265,0.9684115573763847,0.09871581196784973,0.22736787796020508,0.007036165799945593,0.5017589926719666,0.49824100732803345,0.5146508812904358,0.5336281657218933,0.5907958149909973,0.5017589926719666,0.49824100732803345,0.5017589926719666,0.49824100732803345,0.6293252845638376,0.37067471543616237,0.9703560471534729,0.9526576896163893,0.0473423103836107,0.027233599493084903,0.8268866429865573,0.17311335701344266,0.16331002465048117,0.021930327239211178,0.021930327239211178,0.012182394973933697,0.009593663737177849,0.9780696727607888,0.021930327239211178,0.023029763251543045,0.0015044455649331212,408644
b2_cityscapes_val,2026-07-07 05:27:30,cityscapes,val,all,student_skd,/scratch/gautschi/manors/hf_cache/hub/models--nvidia--mit-b2/snapshots/3bb39e8739149c3777d0325349b2a6c32c6413db,runs/mit-b2_skd_j9196921/student_skd.ckpt,skd,img_000064,/home/manors/Guardrail-Distillation/data/cityscapes/leftImg8bit/val/frankfurt/frankfurt_000001_007285_leftImg8bit.png,,0.720174896786074,0.27982510321392595,0.9524142742156982,0.9609702825546265,0.10504035651683807,0.10206445306539536,0.2395794540643692,0.9126197099685669,0.2664538323879242,-8.001914978027344,7.953948497772217,0.008975849486887455,0.051463138312101364,457784,7.998863497050479,7.425761985359713,16.284048761008307,0.7211210464744471,0.2788789535255529,124225,0.6323925150143568,0.3676074849856432,55388,0.1031784936785698,0.0007601410616189241,29.405920242425054,0.042296040803194046,0.957703959196806,0.1628553867340088,0.2987184226512909,0.02044420875608921,0.5051109194755554,0.4948890805244446,0.5217381715774536,0.5508512258529663,0.5865989327430725,0.5051109194755554,0.4948890805244446,0.5051109194755554,0.4948890805244446,0.7375480388588002,0.26245196114119984,0.9594656229019165,0.7235485002259796,0.2764514997740204,0.0024274537515325267,0.6216873711263319,0.3783126288736681,0.0,0.01737314207272611,0.01737314207272611,0.01896309293806553,0.011911732144653797,0.9826268579272739,0.01737314207272611,0.034348078072071075,0.0007754749385640025,403323
b2_cityscapes_val,2026-07-07 05:27:30,cityscapes,val,all,student_skd,/scratch/gautschi/manors/hf_cache/hub/models--nvidia--mit-b2/snapshots/3bb39e8739149c3777d0325349b2a6c32c6413db,runs/mit-b2_skd_j9196921/student_skd.ckpt,skd,img_000065,/home/manors/Guardrail-Distillation/data/cityscapes/leftImg8bit/val/frankfurt/frankfurt_000001_007407_leftImg8bit.png,,0.6244396895585073,0.37556031044149274,0.9155969619750977,0.942145586013794,0.12200045585632324,0.14469753205776215,0.2650204300880432,0.8826767802238464,0.3237336277961731,-7.787968158721924,7.717365264892578,0.009193271398544312,0.0762038454413414,446631,7.998863497050479,7.425761985359713,16.284048761008307,0.8420042362206832,0.1579957637793168,126850,0.6220176639924888,0.3779823360075112,18347,0.1459375023841858,0.0008024050621315837,29.405920242425054,0.07672268897294998,0.92327731102705,0.31023386120796204,0.39277902245521545,0.06320761144161224,0.5157966613769531,0.4842033386230469,0.5679740905761719,0.5965762734413147,0.5908606648445129,0.5157966613769531,0.4842033386230469,0.5157966613769531,0.4842033386230469,0.6949012616125356,0.3050987383874644,0.9407474994659424,0.8859308588018319,0.11406914119816813,0.043926622581148655,0.7205084866351366,0.27949151336486344,0.09849082264264775,0.07046157205402837,0.07046157205402837,0.040583837777376175,0.015433321706950665,0.9295384279459716,0.07046157205402837,0.06189225614070892,0.006949808448553085,365490
b2_cityscapes_val,2026-07-07 05:27:30,cityscapes,val,all,student_skd,/scratch/gautschi/manors/hf_cache/hub/models--nvidia--mit-b2/snapshots/3bb39e8739149c3777d0325349b2a6c32c6413db,runs/mit-b2_skd_j9196921/student_skd.ckpt,skd,img_000066,/home/manors/Guardrail-Distillation/data/cityscapes/leftImg8bit/val/frankfurt/frankfurt_000001_007622_leftImg8bit.png,,0.5339218262069076,0.46607817379309235,0.8554787635803223,0.9537459015846252,0.11089374125003815,0.1255902498960495,0.25383758544921875,0.8898221850395203,0.33848538994789124,-7.323058605194092,7.266509532928467,0.010007542558014393,0.05950649082660675,445464,7.998863497050479,7.425761985359713,16.284048761008307,0.41196710803122677,0.5880328919687732,117003,0.630592083266905,0.36940791673309503,18424,0.12702666223049164,0.0007981797680258751,29.405920242425054,0.056664422154426575,0.9433355778455734,0.21461643278598785,0.32530081272125244,0.03786452114582062,0.5094649791717529,0.49053502082824707,0.5429425239562988,0.5679277181625366,0.5766523480415344,0.5094649791717529,0.49053502082824707,0.5094649791717529,0.49053502082824707,0.5519697987133705,0.4480302012866295,0.8641326427459717,0.4843860492285186,0.5156139507714814,0.07241894119729175,0.6394993303474612,0.3605006696525388,0.008907247080556235,0.01804797250646284,0.01804797250646284,0.023930104449391365,0.015276206657290459,0.9819520274935372,0.01804797250646284,0.04572535678744316,0.004646840039640665,385124
b2_cityscapes_val,2026-07-07 05:27:30,cityscapes,val,all,student_skd,/scratch/gautschi/manors/hf_cache/hub/models--nvidia--mit-b2/snapshots/3bb39e8739149c3777d0325349b2a6c32c6413db,runs/mit-b2_skd_j9196921/student_skd.ckpt,skd,img_000067,/home/manors/Guardrail-Distillation/data/cityscapes/leftImg8bit/val/frankfurt/frankfurt_000001_007857_leftImg8bit.png,,0.6952913918517746,0.3047086081482254,0.9448134303092957,0.9603883624076843,0.10542850941419601,0.10338057577610016,0.23614810407161713,0.910753071308136,0.2696186304092407,-8.011497497558594,7.962895393371582,0.00891027133911848,0.05301579087972641,462051,7.998863497050479,7.425761985359713,16.284048761008307,0.499775325187229,0.500224674812771,126850,0.7044864739623631,0.2955135260376369,30606,0.10434761643409729,0.0006169565604068339,29.405920242425054,0.04315252602100372,0.9568474739789963,0.16234880685806274,0.30114907026290894,0.02343008480966091,0.5058572292327881,0.4941427707672119,0.5261292457580566,0.5534416437149048,0.5886256694793701,0.5058572292327881,0.4941427707672119,0.5058572292327881,0.4941427707672119,0.720244991860691,0.279755008139309,0.9510703086853027,1.0,0.0,0.500224674812771,0.7011191068707348,0.29888089312926525,0.0,0.024953600008916443,0.024953600008916443,0.01849362812936306,0.012236744165420532,0.9750463999910836,0.024953600008916443,0.03295307233929634,0.0006492789252661169,407359
b2_cityscapes_val,2026-07-07 05:27:30,cityscapes,val,all,student_skd,/scratch/gautschi/manors/hf_cache/hub/models--nvidia--mit-b2/snapshots/3bb39e8739149c3777d0325349b2a6c32c6413db,runs/mit-b2_skd_j9196921/student_skd.ckpt,skd,img_000068,/home/manors/Guardrail-Distillation/data/cityscapes/leftImg8bit/val/frankfurt/frankfurt_000001_007973_leftImg8bit.png,,0.4733234392918099,0.52667656070819,0.9162106513977051,0.9447746872901917,0.1273014098405838,0.14379288256168365,0.29544082283973694,0.8872591853141785,0.33102303743362427,-8.062475204467773,7.993215084075928,0.01705428585410118,0.07925292104482651,455428,7.99777198699303,7.425770774716511,16.295240493491292,0.9355839965217507,0.06441600347824927,126850,0.4619618407965337,0.5380381592034663,18068,0.14527931809425354,0.0008513978100381792,29.391937016043812,0.057126812636852264,0.9428731873631477,0.25338509678840637,0.366625040769577,0.03104884922504425,0.507761538028717,0.49223846197128296,0.5450209975242615,0.5730407238006592,0.5913739204406738,0.507761538028717,0.49223846197128296,0.507761538028717,0.49223846197128296,0.4855460413219701,0.5144539586780299,0.9259026050567627,0.9816240630708719,0.01837593692912809,0.046040066549121184,0.3871799075209891,0.6128200924790109,0.0,0.012222602030160123,0.012222602030160123,0.02664526365697384,0.016953282058238983,0.9877773979698399,0.012222602030160123,0.05491757020354271,0.002312110736966133,380867
b2_cityscapes_val,2026-07-07 05:27:30,cityscapes,val,all,student_skd,/scratch/gautschi/manors/hf_cache/hub/models--nvidia--mit-b2/snapshots/3bb39e8739149c3777d0325349b2a6c32c6413db,runs/mit-b2_skd_j9196921/student_skd.ckpt,skd,img_000069,/home/manors/Guardrail-Distillation/data/cityscapes/leftImg8bit/val/frankfurt/frankfurt_000001_008200_leftImg8bit.png,,0.6211230626677448,0.37887693733225525,0.9600794911384583,0.9737055897712708,0.0872219130396843,0.06940961629152298,0.19919733703136444,0.9388566017150879,0.18910002708435059,-8.180792808532715,8.148598670959473,0.005704468581825495,0.03394298627972603,465074,7.99777198699303,7.425770774716511,16.295240493491292,1.0,0.0,126850,0.8629109571624789,0.1370890428375211,21922,0.07017882913351059,0.00047102669486775994,29.391937016043812,0.02847340516746044,0.9715265948325396,0.07826352119445801,0.2243042141199112,0.0046782223507761955,0.5011695623397827,0.4988304376602173,0.5127050876617432,0.5356418490409851,0.6017071008682251,0.5011695623397827,0.4988304376602173,0.5011695623397827,0.4988304376602173,0.6208920186267488,0.3791079813732512,0.9716582894325256,1.0,0.0,0.0,0.9215302343456132,0.07846976565438679,0.05861927718313431,0.0,0.0,0.01979685015976429,0.008218047209084034,1.0,0.0,0.029851164668798447,0.005745322443544865,428275
b2_cityscapes_val,2026-07-07 05:27:30,cityscapes,val,all,student_skd,/scratch/gautschi/manors/hf_cache/hub/models--nvidia--mit-b2/snapshots/3bb39e8739149c3777d0325349b2a6c32c6413db,runs/mit-b2_skd_j9196921/student_skd.ckpt,skd,img_000070,/home/manors/Guardrail-Distillation/data/cityscapes/leftImg8bit/val/frankfurt/frankfurt_000001_008688_leftImg8bit.png,,0.751330728332726,0.24866927166727404,0.9593634009361267,0.9648503065109253,0.10343658924102783,0.08825896680355072,0.22758467495441437,0.9254290461540222,0.22306428849697113,-8.262767791748047,8.21899700164795,0.008884615264832973,0.05029667168855667,451342,7.99777198699303,7.425770774716511,16.295240493491292,1.0,0.0,126850,0.9667547099325511,0.03324529006744892,23320,0.08901777863502502,0.0005376199842430651,29.391937016043812,0.035475946962833405,0.9645240530371666,0.12510868906974792,0.28457045555114746,0.010726431384682655,0.5026815533638,0.49731844663619995,0.5188468098640442,0.545486569404602,0.5987105369567871,0.5026815533638,0.49731844663619995,0.5026815533638,0.49731844663619995,0.7165228483959508,0.2834771516040492,0.9675390720367432,1.0,0.0,0.0,0.9415540567976997,0.05844594320230034,0.0,0.0,0.0,0.017769230529665947,0.009593612514436245,1.0,0.0,0.030535602942109108,0.001355956308543682,405199
b2_cityscapes_val,2026-07-07 05:27:30,cityscapes,val,all,student_skd,/scratch/gautschi/manors/hf_cache/hub/models--nvidia--mit-b2/snapshots/3bb39e8739149c3777d0325349b2a6c32c6413db,runs/mit-b2_skd_j9196921/student_skd.ckpt,skd,img_000071,/home/manors/Guardrail-Distillation/data/cityscapes/leftImg8bit/val/frankfurt/frankfurt_000001_009058_leftImg8bit.png,,0.6130060911202844,0.38699390887971563,0.9579618573188782,0.9753101468086243,0.08433391153812408,0.06432634592056274,0.18919898569583893,0.9419777393341064,0.18438032269477844,-7.776748180389404,7.746627330780029,0.0044656312093138695,0.03252547234296799,464436,7.99777198699303,7.425770774716511,16.295240493491292,1.0,0.0,126850,0.8765975461260552,0.12340245387394477,33309,0.06498629599809647,0.0004605079593602568,29.391937016043812,0.02886512130498886,0.9711348786950111,0.08911076933145523,0.22530223429203033,0.006278989836573601,0.5015697479248047,0.4984302520751953,0.5140348672866821,0.5412842035293579,0.616626501083374,0.5015697479248047,0.4984302520751953,0.5015697479248047,0.4984302520751953,0.7111215961655858,0.2888784038344142,0.9758718013763428,1.0,0.0,0.0,0.8612568506958287,0.1387431493041713,0.0,0.09811550504530142,0.09811550504530142,0.02601865492761135,0.008108759298920631,0.9018844949546986,0.09811550504530142,0.03567337617278099,0.008018326945602894,429674
b2_cityscapes_val,2026-07-07 05:27:30,cityscapes,val,all,student_skd,/scratch/gautschi/manors/hf_cache/hub/models--nvidia--mit-b2/snapshots/3bb39e8739149c3777d0325349b2a6c32c6413db,runs/mit-b2_skd_j9196921/student_skd.ckpt,skd,img_000072,/home/manors/Guardrail-Distillation/data/cityscapes/leftImg8bit/val/frankfurt/frankfurt_000001_009504_leftImg8bit.png,,0.5524702588783943,0.4475297411216057,0.9482160806655884,0.9658370614051819,0.09968921542167664,0.09062838554382324,0.23163290321826935,0.9218685030937195,0.24818967282772064,-7.362294673919678,7.320224761962891,0.007909650914371014,0.04556525498628616,466013,7.984012772794813,7.418911496642977,16.3062967476435,1.0,0.0,126850,0.6998691491553913,0.30013085084460867,30047,0.09151508659124374,0.0006191194406710565,29.40726123051718,0.03993656858801842,0.9600634314119816,0.16321291029453278,0.2845849394798279,0.015949778258800507,0.5039873719215393,0.4960126280784607,0.5289421677589417,0.5572848916053772,0.6089106798171997,0.5039873719215393,0.4960126280784607,0.5039873719215393,0.4960126280784607,0.6660438046571553,0.3339561953428447,0.9670717716217041,1.0,0.0,0.0,0.7309034880414915,0.2690965119585085,0.031034338886100188,0.113573545778761,0.113573545778761,0.027778195217251778,0.008922497741878033,0.886426454221239,0.113573545778761,0.03896887227892876,0.0054655130952596664,417234
b2_cityscapes_val,2026-07-07 05:27:30,cityscapes,val,all,student_skd,/scratch/gautschi/manors/hf_cache/hub/models--nvidia--mit-b2/snapshots/3bb39e8739149c3777d0325349b2a6c32c6413db,runs/mit-b2_skd_j9196921/student_skd.ckpt,skd,img_000073,/home/manors/Guardrail-Distillation/data/cityscapes/leftImg8bit/val/frankfurt/frankfurt_000001_009854_leftImg8bit.png,,0.6437170951092771,0.3562829048907229,0.9499179720878601,0.9695320129394531,0.09270385652780533,0.07697442919015884,0.20123612880706787,0.9331780076026917,0.19871386885643005,-8.300129890441895,8.263007164001465,0.004772425163537264,0.040698908269405365,457629,7.984012772794813,7.418911496642977,16.3062967476435,1.0,0.0,126850,0.6783642751147553,0.3216357248852447,21366,0.0777803435921669,0.0005239989259280264,29.40726123051718,0.029109297320246696,0.9708907026797533,0.08991370350122452,0.23312273621559143,0.005490974057465792,0.501372754573822,0.498627245426178,0.5133783221244812,0.5370458364486694,0.6168867945671082,0.501372754573822,0.498627245426178,0.501372754573822,0.498627245426178,0.7064733321989732,0.29352666780102676,0.9588684439659119,1.0,0.0,0.0,0.7001741923047688,0.29982580769523115,0.021809917190013572,0.06275623708969613,0.06275623708969613,0.019319143146276474,0.01036866195499897,0.9372437629103039,0.06275623708969613,0.03122398443520069,0.002368731191381812,414928
b2_cityscapes_val,2026-07-07 05:27:31,cityscapes,val,all,student_skd,/scratch/gautschi/manors/hf_cache/hub/models--nvidia--mit-b2/snapshots/3bb39e8739149c3777d0325349b2a6c32c6413db,runs/mit-b2_skd_j9196921/student_skd.ckpt,skd,img_000074,/home/manors/Guardrail-Distillation/data/cityscapes/leftImg8bit/val/frankfurt/frankfurt_000001_010156_leftImg8bit.png,,0.581753753096998,0.41824624690300205,0.915040135383606,0.945495069026947,0.12329430878162384,0.13505631685256958,0.2663653790950775,0.8871014714241028,0.3279595673084259,-7.752610683441162,7.685168266296387,0.01061231829226017,0.07842358201742172,440620,7.984012772794813,7.418911496642977,16.3062967476435,0.6223811061207953,0.37761889387920466,126850,0.5295852644374103,0.4704147355625897,36248,0.13612452149391174,0.0007591270259581506,29.40726123051718,0.05896035581827164,0.9410396441817284,0.256104439496994,0.3505043387413025,0.033301081508398056,0.5083245038986206,0.4916754961013794,0.5438032150268555,0.573731541633606,0.5836792588233948,0.5083245038986206,0.4916754961013794,0.5083245038986206,0.4916754961013794,0.6400449162311274,0.35995508376887264,0.9157482385635376,0.5783746803512243,0.4216253196487757,0.0,0.5447746567049797,0.4552253432950203,0.015189392267569435,0.05829116313412941,0.05829116313412941,0.022645361721515656,0.02193726971745491,0.9417088368658706,0.05829116313412941,0.04853615164756775,0.0007829875685274601,369176
b2_cityscapes_val,2026-07-07 05:27:31,cityscapes,val,all,student_skd,/scratch/gautschi/manors/hf_cache/hub/models--nvidia--mit-b2/snapshots/3bb39e8739149c3777d0325349b2a6c32c6413db,runs/mit-b2_skd_j9196921/student_skd.ckpt,skd,img_000075,/home/manors/Guardrail-Distillation/data/cityscapes/leftImg8bit/val/frankfurt/frankfurt_000001_010444_leftImg8bit.png,,0.6716776593828491,0.32832234061715093,0.9398916363716125,0.9487500786781311,0.1172771155834198,0.13861213624477386,0.27309954166412354,0.8824923634529114,0.3605028986930847,-7.303164482116699,7.240201950073242,0.012119918130338192,0.06699522584676743,449838,7.984012772794813,7.418911496642977,16.3062967476435,0.33316214194663046,0.6668378580533696,126564,0.5480371977731786,0.4519628022268214,27729,0.13996155560016632,0.0008688896778039634,29.40726123051718,0.06430041790008545,0.9356995820999146,0.2554415166378021,0.36892423033714294,0.028481638059020042,0.5071199536323547,0.49288004636764526,0.5406098365783691,0.564583957195282,0.5787370800971985,0.5071199536323547,0.49288004636764526,0.5071199536323547,0.49288004636764526,0.7052382802071594,0.2947617197928406,0.9475566148757935,0.33330172702155286,0.6666982729784472,0.00013958507492239924,0.5926376217409518,0.4073623782590482,0.044600423967773195,0.03356062082431033,0.03356062082431033,0.01856890693306923,0.010903924703598022,0.9664393791756897,0.03356062082431033,0.032585062086582184,0.00023564037110190839,381377
b2_cityscapes_val,2026-07-07 05:27:31,cityscapes,val,all,student_skd,/scratch/gautschi/manors/hf_cache/hub/models--nvidia--mit-b2/snapshots/3bb39e8739149c3777d0325349b2a6c32c6413db,runs/mit-b2_skd_j9196921/student_skd.ckpt,skd,img_000076,/home/manors/Guardrail-Distillation/data/cityscapes/leftImg8bit/val/frankfurt/frankfurt_000001_010600_leftImg8bit.png,,0.4971493679545948,0.5028506320454051,0.9587568044662476,0.9651995301246643,0.10001695156097412,0.08821122348308563,0.22061826288700104,0.9244236350059509,0.2269441932439804,-8.305848121643066,8.263168334960938,0.006068529095500708,0.04860638827085495,395483,7.987982506165281,7.423875504173338,16.291682492010295,0.9449247602084075,0.055075239791592456,114972,0.34821726565525146,0.6517827343447485,75412,0.08905952423810959,0.0005309893167577684,29.402430751360953,0.033606283366680145,0.9663937166333199,0.1203676164150238,0.2536638677120209,0.010553674772381783,0.5026383996009827,0.49736160039901733,0.5197283029556274,0.5426827669143677,0.5973451137542725,0.5026383996009827,0.49736160039901733,0.5026383996009827,0.49736160039901733,0.5447802402205899,0.4552197597794101,0.965975821018219,0.9441910261312279,0.05580897386877215,0.0,0.4373471985181451,0.5626528014818549,0.08912993286289361,0.04763087226599505,0.04763087226599505,0.017730219289660454,0.010511198081076145,0.952369127734005,0.04763087226599505,0.03000381961464882,0.0003691688471008092,353948
b2_cityscapes_val,2026-07-07 05:27:31,cityscapes,val,all,student_skd,/scratch/gautschi/manors/hf_cache/hub/models--nvidia--mit-b2/snapshots/3bb39e8739149c3777d0325349b2a6c32c6413db,runs/mit-b2_skd_j9196921/student_skd.ckpt,skd,img_000077,/home/manors/Guardrail-Distillation/data/cityscapes/leftImg8bit/val/frankfurt/frankfurt_000001_010830_leftImg8bit.png,,0.65233637633652,0.34766362366348,0.9501000642776489,0.9587990641593933,0.10295471549034119,0.1071014553308487,0.22364699840545654,0.9059160351753235,0.2738034129142761,-8.482069969177246,8.43226432800293,0.006850297562777996,0.050332751125097275,425091,7.987982506165281,7.423875504173338,16.291682492010295,0.49998640540883466,0.5000135945911653,110338,0.56399799409201,0.43600200590799,72573,0.10814840346574783,0.000599329243414104,29.402430751360953,0.04573678597807884,0.9542632140219212,0.17343442142009735,0.29431623220443726,0.02560454234480858,0.5064007639884949,0.4935992360115051,0.5313143134117126,0.5536882281303406,0.5800850987434387,0.5064007639884949,0.4935992360115051,0.5064007639884949,0.4935992360115051,0.7318332994483498,0.26816670055165015,0.9554142355918884,0.4995785676738748,0.5004214323261251,0.0,0.5735705162181491,0.42642948378185086,0.009572522126139127,0.07949692311182988,0.07949692311182988,0.015657823532819748,0.01034366711974144,0.9205030768881701,0.07949692311182988,0.028045758605003357,0.00034345584572292864,371504
b2_cityscapes_val,2026-07-07 05:27:31,cityscapes,val,all,student_skd,/scratch/gautschi/manors/hf_cache/hub/models--nvidia--mit-b2/snapshots/3bb39e8739149c3777d0325349b2a6c32c6413db,runs/mit-b2_skd_j9196921/student_skd.ckpt,skd,img_000078,/home/manors/Guardrail-Distillation/data/cityscapes/leftImg8bit/val/frankfurt/frankfurt_000001_011162_leftImg8bit.png,,0.5061452049246354,0.49385479507536456,0.931307315826416,0.9471157789230347,0.11946635693311691,0.14313536882400513,0.2784305810928345,0.8787624835968018,0.3723960220813751,-6.946281909942627,6.8811540603637695,0.01316936407238245,0.0691521167755127,424470,7.987982506165281,7.423875504173338,16.291682492010295,0.8790953730669937,0.1209046269330063,126850,0.3115263374088085,0.6884736625911916,29434,0.14465250074863434,0.0008593894308432937,29.402430751360953,0.06865251809358597,0.931347481906414,0.2793748676776886,0.3921368718147278,0.04460790753364563,0.5111501216888428,0.4888498783111572,0.5542507767677307,0.5837857723236084,0.5761730074882507,0.5111501216888428,0.4888498783111572,0.5111501216888428,0.4888498783111572,0.5044133931065556,0.49558660689344436,0.9441892504692078,0.9620250743790558,0.03797492562094418,0.08292970131206212,0.3499899535986907,0.6500100464013093,0.038463616189882255,0.0,0.0,0.02818809449672699,0.015306146815419197,1.0,0.0,0.04761938378214836,0.002845901995897293,357299
b2_cityscapes_val,2026-07-07 05:27:31,cityscapes,val,all,student_skd,/scratch/gautschi/manors/hf_cache/hub/models--nvidia--mit-b2/snapshots/3bb39e8739149c3777d0325349b2a6c32c6413db,runs/mit-b2_skd_j9196921/student_skd.ckpt,skd,img_000079,/home/manors/Guardrail-Distillation/data/cityscapes/leftImg8bit/val/frankfurt/frankfurt_000001_011715_leftImg8bit.png,,0.6711036375248326,0.3288963624751674,0.9439589381217957,0.9577387571334839,0.10755135118961334,0.11303021013736725,0.24150927364826202,0.8997572064399719,0.30504706501960754,-7.619809627532959,7.567973613739014,0.009984667412936687,0.05466703698039055,458503,7.987982506165281,7.423875504173338,16.291682492010295,0.912366939996831,0.08763306000316895,126850,0.6080746177402456,0.3919253822597544,51520,0.11413294076919556,0.0006643303786404431,29.402430751360953,0.054523732513189316,0.9454762674868107,0.2022411823272705,0.32120147347450256,0.02606075070798397,0.506514847278595,0.49348515272140503,0.5332096815109253,0.5577985048294067,0.5863372683525085,0.506514847278595,0.49348515272140503,0.506514847278595,0.49348515272140503,0.7531910028357528,0.2468089971642472,0.9529228806495667,0.8844006611002279,0.11559933889977214,0.0,0.6724575269291244,0.3275424730708756,0.06438290918887879,0.0820873653109202,0.0820873653109202,0.021890806034207344,0.012926851399242878,0.9179126346890798,0.0820873653109202,0.03958752751350403,0.0012889773352071643,403033
b2_cityscapes_val,2026-07-07 05:27:31,cityscapes,val,all,student_skd,/scratch/gautschi/manors/hf_cache/hub/models--nvidia--mit-b2/snapshots/3bb39e8739149c3777d0325349b2a6c32c6413db,runs/mit-b2_skd_j9196921/student_skd.ckpt,skd,img_000080,/home/manors/Guardrail-Distillation/data/cityscapes/leftImg8bit/val/frankfurt/frankfurt_000001_011835_leftImg8bit.png,,0.6028142644474515,0.39718573555254855,0.9338263869285583,0.9477353096008301,0.1152818575501442,0.13264307379722595,0.24572621285915375,0.8873444199562073,0.31927716732025146,-7.2466721534729,7.1832075119018555,0.008251878432929516,0.06854120641946793,460380,8.009290497284383,7.42227298906073,16.291844483930618,0.8386281012581692,0.16137189874183078,126850,0.6526331718452577,0.3473668281547423,85853,0.13380028307437897,0.00068552081938833,29.381891974480823,0.06418413668870926,0.9358158633112907,0.2733815014362335,0.3512890636920929,0.03865726664662361,0.5096631050109863,0.49033689498901367,0.5507060289382935,0.5769841074943542,0.5971199870109558,0.5096631050109863,0.49033689498901367,0.5096631050109863,0.49033689498901367,0.7154484496117298,0.2845515503882702,0.9604696035385132,0.9216899817619928,0.0783100182380072,0.08306188050382357,0.7491673341149094,0.25083266588509057,0.09653416226965172,0.11263418516427837,0.11263418516427837,0.035883400589227676,0.009240193292498589,0.8873658148357216,0.11263418516427837,0.047608498483896255,0.00621443148702383,387332
b2_cityscapes_val,2026-07-07 05:27:31,cityscapes,val,all,student_skd,/scratch/gautschi/manors/hf_cache/hub/models--nvidia--mit-b2/snapshots/3bb39e8739149c3777d0325349b2a6c32c6413db,runs/mit-b2_skd_j9196921/student_skd.ckpt,skd,img_000081,/home/manors/Guardrail-Distillation/data/cityscapes/leftImg8bit/val/frankfurt/frankfurt_000001_012038_leftImg8bit.png,,0.6264477102973355,0.3735522897026645,0.9426068067550659,0.9607312679290771,0.10376345366239548,0.10406982898712158,0.234073206782341,0.9092404246330261,0.2761058509349823,-8.130948066711426,8.082977294921875,0.008074088022112846,0.051418486982584,448224,8.009290497284383,7.42227298906073,16.291844483930618,0.8538055799277183,0.14619442007228167,126850,0.5066454842201144,0.49335451577988565,33240,0.10522614419460297,0.0007203483837656677,29.381891974480823,0.04734698683023453,0.9526530131697655,0.1871890127658844,0.31781938672065735,0.0243015568703413,0.5060750842094421,0.49392491579055786,0.5303890705108643,0.5573917031288147,0.5936059951782227,0.5060750842094421,0.49392491579055786,0.5060750842094421,0.49392491579055786,0.6072619908903679,0.3927380091096321,0.9502882361412048,0.8221994237592662,0.17780057624073375,0.0,0.5286700437458819,0.4713299562541181,0.02202455952576754,0.0,0.0,0.017576033249497414,0.009894606657326221,1.0,0.0,0.03303705155849457,0.001267223502509296,396053
b2_cityscapes_val,2026-07-07 05:27:31,cityscapes,val,all,student_skd,/scratch/gautschi/manors/hf_cache/hub/models--nvidia--mit-b2/snapshots/3bb39e8739149c3777d0325349b2a6c32c6413db,runs/mit-b2_skd_j9196921/student_skd.ckpt,skd,img_000082,/home/manors/Guardrail-Distillation/data/cityscapes/leftImg8bit/val/frankfurt/frankfurt_000001_012519_leftImg8bit.png,,0.5299782016438442,0.47002179835615576,0.9174371361732483,0.9576753377914429,0.10671789199113846,0.10725626349449158,0.23244640231132507,0.9079141020774841,0.2690945565700531,-7.959170818328857,7.907620429992676,0.006557951215654612,0.05604802444577217,445261,8.009290497284383,7.42227298906073,16.291844483930618,0.48951099467068093,0.5104890053293191,126850,0.8159863509033551,0.18401364909664486,56542,0.10832594335079193,0.000695044465828687,29.381891974480823,0.049138013273477554,0.9508619867265224,0.20796158909797668,0.32809320092201233,0.02769319899380207,0.5069228410720825,0.4930771589279175,0.5370209217071533,0.5664723515510559,0.5916733145713806,0.5069228410720825,0.4930771589279175,0.5069228410720825,0.4930771589279175,0.6153291299099406,0.3846708700900594,0.9328371286392212,0.47777321152229185,0.5222267884777081,0.0,0.8448916449967375,0.15510835500326248,0.028905294093382383,0.08535092826609636,0.08535092826609636,0.032053109258413315,0.0166531540453434,0.9146490717339036,0.08535092826609636,0.053633708506822586,0.006084071937948465,387298
b2_cityscapes_val,2026-07-07 05:27:31,cityscapes,val,all,student_skd,/scratch/gautschi/manors/hf_cache/hub/models--nvidia--mit-b2/snapshots/3bb39e8739149c3777d0325349b2a6c32c6413db,runs/mit-b2_skd_j9196921/student_skd.ckpt,skd,img_000083,/home/manors/Guardrail-Distillation/data/cityscapes/leftImg8bit/val/frankfurt/frankfurt_000001_012699_leftImg8bit.png,,0.5676321459622881,0.43236785403771194,0.932641863822937,0.9579713344573975,0.10370852053165436,0.1106543019413948,0.22797110676765442,0.9004707932472229,0.3077050745487213,-7.370960235595703,7.320266246795654,0.005558182019740343,0.05284352973103523,416683,8.009290497284383,7.42227298906073,16.291844483930618,0.8184469211322138,0.18155307886778616,126850,0.31879620314072,0.68120379685928,22874,0.1121019497513771,0.0007961612427607179,29.381891974480823,0.07824672758579254,0.9217532724142075,0.3121011257171631,0.41352468729019165,0.060673486441373825,0.5151637196540833,0.48483628034591675,0.5702598690986633,0.5960983037948608,0.58421391248703,0.5151637196540833,0.48483628034591675,0.5151637196540833,0.48483628034591675,0.6487796443619473,0.35122035563805265,0.9564512968063354,0.7248165193468945,0.2751834806531055,0.0,0.48021868539774903,0.519781314602251,0.16142248225702904,0.08114749839965929,0.08114749839965929,0.03318829834461212,0.009378832764923573,0.9188525016003407,0.08114749839965929,0.04603499546647072,0.006964527070522308,362603
b2_cityscapes_val,2026-07-07 05:27:31,cityscapes,val,all,student_skd,/scratch/gautschi/manors/hf_cache/hub/models--nvidia--mit-b2/snapshots/3bb39e8739149c3777d0325349b2a6c32c6413db,runs/mit-b2_skd_j9196921/student_skd.ckpt,skd,img_000084,/home/manors/Guardrail-Distillation/data/cityscapes/leftImg8bit/val/frankfurt/frankfurt_000001_012738_leftImg8bit.png,,0.4552583018783127,0.5447416981216873,0.7218385934829712,0.9576637744903564,0.10708419233560562,0.11972125619649887,0.2504051625728607,0.8805710077285767,0.4216799736022949,-6.565979480743408,6.514164447784424,0.00983624067157507,0.0536237508058548,431059,7.975161250215024,7.425072253681719,16.302141273627058,0.4604525691729711,0.5395474308270289,121286,0.3437693014672771,0.6562306985327229,52461,0.12157759070396423,0.0009253206080757082,29.422557243378833,0.15110068023204803,0.848899319767952,0.5395109057426453,0.6255254149436951,0.21041707694530487,0.5524110198020935,0.4475889801979065,0.6905455589294434,0.7712079882621765,0.5752367377281189,0.5524110198020935,0.4475889801979065,0.5524110198020935,0.4475889801979065,0.43838696526974474,0.5616130347302553,0.7307236790657043,0.38106005791586534,0.6189399420841346,0.0,0.475814708442169,0.524185291557831,0.13204540697489187,0.0,0.0,0.018538067117333412,0.009652971290051937,1.0,0.0,0.13275213539600372,0.0014429580187425017,375796
b2_cityscapes_val,2026-07-07 05:27:31,cityscapes,val,all,student_skd,/scratch/gautschi/manors/hf_cache/hub/models--nvidia--mit-b2/snapshots/3bb39e8739149c3777d0325349b2a6c32c6413db,runs/mit-b2_skd_j9196921/student_skd.ckpt,skd,img_000085,/home/manors/Guardrail-Distillation/data/cityscapes/leftImg8bit/val/frankfurt/frankfurt_000001_012870_leftImg8bit.png,,0.5384839947423903,0.4615160052576097,0.9123441576957703,0.9453728795051575,0.12234100699424744,0.13705241680145264,0.2647765576839447,0.8846423625946045,0.3390297591686249,-7.145899772644043,7.078503131866455,0.011026161722838879,0.0765434131026268,417371,7.975161250215024,7.425072253681719,16.302141273627058,0.3660303237342267,0.6339696762657733,107604,0.6310337110859828,0.36896628891401717,58169,0.13833358883857727,0.0008464512065984309,29.422557243378833,0.06036326289176941,0.9396367371082306,0.25395554304122925,0.3549397587776184,0.03627496957778931,0.5090677738189697,0.4909322261810303,0.5470131039619446,0.5718452334403992,0.5911036729812622,0.5090677738189697,0.4909322261810303,0.5090677738189697,0.4909322261810303,0.6361028692381144,0.36389713076188557,0.939245879650116,0.48102965242116325,0.5189703475788368,0.11499932868693652,0.6664681841736528,0.33353181582634717,0.035434473087670004,0.09761887449572415,0.09761887449572415,0.03869219496846199,0.011790469288825989,0.9023811255042758,0.09761887449572415,0.05470432713627815,0.005937163718044758,349151
b2_cityscapes_val,2026-07-07 05:27:31,cityscapes,val,all,student_skd,/scratch/gautschi/manors/hf_cache/hub/models--nvidia--mit-b2/snapshots/3bb39e8739149c3777d0325349b2a6c32c6413db,runs/mit-b2_skd_j9196921/student_skd.ckpt,skd,img_000086,/home/manors/Guardrail-Distillation/data/cityscapes/leftImg8bit/val/frankfurt/frankfurt_000001_013016_leftImg8bit.png,,0.6033399550931594,0.3966600449068406,0.9315931797027588,0.9591081142425537,0.10834787040948868,0.10230019688606262,0.23370982706546783,0.9137053489685059,0.2486152946949005,-8.499860763549805,8.449385643005371,0.009130921214818954,0.05664476379752159,459866,7.975161250215024,7.425072253681719,16.302141273627058,0.6338973763293921,0.36610262367060786,126264,0.6985223893571917,0.3014776106428083,117778,0.10311542451381683,0.0007319339201785624,29.422557243378833,0.04468559846282005,0.95531440153718,0.185048907995224,0.311551570892334,0.0163503997027874,0.504087507724762,0.49591249227523804,0.526129424571991,0.5519477725028992,0.5854056477546692,0.504087507724762,0.49591249227523804,0.504087507724762,0.49591249227523804,0.6615149220126215,0.3384850779873785,0.950866162776947,0.8638212032161836,0.1361787967838164,0.22992382688679147,0.6542772429168885,0.3457227570831115,0.0,0.05817496691946211,0.05817496691946211,0.031137332320213318,0.01186432596296072,0.9418250330805379,0.05817496691946211,0.04593077301979065,0.0029073688201606274,404593
b2_cityscapes_val,2026-07-07 05:27:31,cityscapes,val,all,student_skd,/scratch/gautschi/manors/hf_cache/hub/models--nvidia--mit-b2/snapshots/3bb39e8739149c3777d0325349b2a6c32c6413db,runs/mit-b2_skd_j9196921/student_skd.ckpt,skd,img_000087,/home/manors/Guardrail-Distillation/data/cityscapes/leftImg8bit/val/frankfurt/frankfurt_000001_013496_leftImg8bit.png,,0.5651209512885695,0.43487904871143046,0.955345630645752,0.9687713384628296,0.09464792907238007,0.0815378874540329,0.21090887486934662,0.9280975461006165,0.22049587965011597,-8.147467613220215,8.10921573638916,0.006525317672640085,0.04135335236787796,455610,7.975161250215024,7.425072253681719,16.302141273627058,1.0,0.0,122367,0.6025318813498468,0.3974681186501532,65118,0.08235936611890793,0.0004933358286507428,29.422557243378833,0.03275106102228165,0.9672489389777184,0.10900228470563889,0.2439218908548355,0.011583993211388588,0.5028959512710571,0.49710404872894287,0.5191138982772827,0.5466939210891724,0.5944643020629883,0.5028959512710571,0.49710404872894287,0.5028959512710571,0.49710404872894287,0.637612206265078,0.362387793734922,0.9625096321105957,1.0,0.0,0.0,0.6274728650004877,0.3725271349995123,0.024940983650640902,0.07249125497650843,0.07249125497650843,0.017550097778439522,0.01038607582449913,0.9275087450234916,0.07249125497650843,0.030530497431755066,0.0014771405840292573,413143
b2_cityscapes_val,2026-07-07 05:27:32,cityscapes,val,all,student_skd,/scratch/gautschi/manors/hf_cache/hub/models--nvidia--mit-b2/snapshots/3bb39e8739149c3777d0325349b2a6c32c6413db,runs/mit-b2_skd_j9196921/student_skd.ckpt,skd,img_000088,/home/manors/Guardrail-Distillation/data/cityscapes/leftImg8bit/val/frankfurt/frankfurt_000001_013710_leftImg8bit.png,,0.5829409532792444,0.41705904672075556,0.9406514167785645,0.9608786106109619,0.10657098144292831,0.10047116130590439,0.23957538604736328,0.9133795499801636,0.26411953568458557,-7.796105861663818,7.7476887702941895,0.008796004578471184,0.05350993573665619,460550,8.010241261217743,7.422471477184445,16.28620648989454,0.7106850667395332,0.28931493326046676,126850,0.371011017646083,0.628988982353917,23243,0.10137605667114258,0.0006058263825252652,29.403881751932204,0.049657028168439865,0.9503429718315601,0.19953614473342896,0.3340655565261841,0.029503682628273964,0.5073754191398621,0.49262458086013794,0.5375320911407471,0.5715157985687256,0.5877183079719543,0.5073754191398621,0.49262458086013794,0.5073754191398621,0.49262458086013794,0.6064196803495732,0.39358031965042684,0.9471262693405151,0.7231590165194123,0.2768409834805877,0.012473949779879034,0.4158516959893772,0.5841483040106228,0.044840678343294194,0.02347872707032872,0.02347872707032872,0.015029856003820896,0.008554988540709019,0.9765212729296713,0.02347872707032872,0.028652697801589966,0.0012767344014719129,406914
b2_cityscapes_val,2026-07-07 05:27:32,cityscapes,val,all,student_skd,/scratch/gautschi/manors/hf_cache/hub/models--nvidia--mit-b2/snapshots/3bb39e8739149c3777d0325349b2a6c32c6413db,runs/mit-b2_skd_j9196921/student_skd.ckpt,skd,img_000089,/home/manors/Guardrail-Distillation/data/cityscapes/leftImg8bit/val/frankfurt/frankfurt_000001_014221_leftImg8bit.png,,0.6899535174414452,0.3100464825585548,0.9548667073249817,0.9679136276245117,0.09465236961841583,0.08257106691598892,0.20911620557308197,0.9287638068199158,0.2093159407377243,-8.265581130981445,8.226481437683105,0.005397779401391745,0.042146433144807816,447962,8.010241261217743,7.422471477184445,16.28620648989454,0.943745000471827,0.05625499952817303,120972,0.5179734473731878,0.48202655262681215,58800,0.0833875760436058,0.0005302584613673389,29.403881751932204,0.03590936213731766,0.9640906378626823,0.12703949213027954,0.26897576451301575,0.012660069391131401,0.5031650066375732,0.49683499336242676,0.5211396813392639,0.543708086013794,0.6023492813110352,0.5031650066375732,0.49683499336242676,0.5031650066375732,0.49683499336242676,0.7129894050514429,0.2870105949485571,0.959018886089325,0.9468842689935011,0.05311573100649891,0.003139268521674121,0.5384402363389136,0.4615597636610864,0.020466788965725735,0.02303588760999775,0.02303588760999775,0.0157915186136961,0.011639379896223545,0.9769641123900022,0.02303588760999775,0.03214558586478233,0.001535844523459673,404591
b2_cityscapes_val,2026-07-07 05:27:32,cityscapes,val,all,student_skd,/scratch/gautschi/manors/hf_cache/hub/models--nvidia--mit-b2/snapshots/3bb39e8739149c3777d0325349b2a6c32c6413db,runs/mit-b2_skd_j9196921/student_skd.ckpt,skd,img_000090,/home/manors/Guardrail-Distillation/data/cityscapes/leftImg8bit/val/frankfurt/frankfurt_000001_014406_leftImg8bit.png,,0.7003609668757411,0.2996390331242589,0.9481653571128845,0.9635567665100098,0.09797854721546173,0.09493879973888397,0.2144031971693039,0.9169689416885376,0.24509979784488678,-8.412487030029297,8.3684663772583,0.005090394522994757,0.045998815447092056,453403,8.010241261217743,7.422471477184445,16.28620648989454,1.0,0.0,126850,0.8752875806785392,0.12471241932146082,32271,0.09597529470920563,0.00068017648300156,29.403881751932204,0.03945915028452873,0.9605408497154713,0.1517704725265503,0.2796713411808014,0.014677006751298904,0.5036691427230835,0.4963308572769165,0.5233559608459473,0.544463038444519,0.5856585502624512,0.5036691427230835,0.4963308572769165,0.5036691427230835,0.4963308572769165,0.7392658045361057,0.2607341954638943,0.9544798135757446,1.0,0.0,0.0,0.8658894488487693,0.13411055115123072,0.0,0.038904837660364566,0.038904837660364566,0.01820455677807331,0.01189008541405201,0.9610951623396354,0.038904837660364566,0.03340516239404678,0.0017423793906345963,402826
b2_cityscapes_val,2026-07-07 05:27:32,cityscapes,val,all,student_skd,/scratch/gautschi/manors/hf_cache/hub/models--nvidia--mit-b2/snapshots/3bb39e8739149c3777d0325349b2a6c32c6413db,runs/mit-b2_skd_j9196921/student_skd.ckpt,skd,img_000091,/home/manors/Guardrail-Distillation/data/cityscapes/leftImg8bit/val/frankfurt/frankfurt_000001_014565_leftImg8bit.png,,0.4652896585320524,0.5347103414679476,0.880893349647522,0.9617130160331726,0.10675019025802612,0.08878219127655029,0.21988439559936523,0.9256119132041931,0.2133665382862091,-7.726700782775879,7.679374694824219,0.004408096428960562,0.05840013921260834,420136,8.010241261217743,7.422471477184445,16.28620648989454,0.6662788442893155,0.3337211557106845,95580,0.34098778615880937,0.6590122138411907,17534,0.08959241956472397,0.000940648140385747,29.403881751932204,0.03929082304239273,0.9607091769576073,0.14588898420333862,0.24029362201690674,0.010351447388529778,0.5025878548622131,0.49741214513778687,0.5208227038383484,0.5415220260620117,0.6064693927764893,0.5025878548622131,0.49741214513778687,0.5025878548622131,0.49741214513778687,0.5648681909061875,0.43513180909381255,0.9663276076316833,0.6662142072264237,0.33378579277357634,0.0,0.47211988062931104,0.527880119370689,0.13113209447050167,0.09957853237413505,0.09957853237413505,0.09040644019842148,0.004972199443727732,0.900421467625865,0.09957853237413505,0.0995011180639267,0.048255804926157,372724
b2_cityscapes_val,2026-07-07 05:27:32,cityscapes,val,all,student_skd,/scratch/gautschi/manors/hf_cache/hub/models--nvidia--mit-b2/snapshots/3bb39e8739149c3777d0325349b2a6c32c6413db,runs/mit-b2_skd_j9196921/student_skd.ckpt,skd,img_000092,/home/manors/Guardrail-Distillation/data/cityscapes/leftImg8bit/val/frankfurt/frankfurt_000001_014741_leftImg8bit.png,,0.6380406393179303,0.3619593606820697,0.9280077219009399,0.9502653479576111,0.11791294813156128,0.12119641155004501,0.25288692116737366,0.9015305638313293,0.27614158391952515,-8.000127792358398,7.938818454742432,0.008820035494863987,0.0704280287027359,438547,8.01582375424914,7.4161855154670775,16.302288742735982,1.0,0.0,111935,0.6079540424352844,0.3920459575647156,13836,0.12239652127027512,0.0008770283893682063,29.407816764432937,0.057944342494010925,0.9420556575059891,0.26785382628440857,0.3761265277862549,0.03044266067445278,0.5076100826263428,0.4923899173736572,0.5439969301223755,0.5770540237426758,0.5913206338882446,0.5076100826263428,0.4923899173736572,0.5076100826263428,0.4923899173736572,0.6279667387138869,0.37203326128611314,0.9383806586265564,1.0,0.0,0.0,0.5235194298905991,0.4764805701094009,0.0,0.0,0.0,0.029807524755597115,0.01943463273346424,1.0,0.0,0.05401473492383957,0.0023099007084965706,371824
b2_cityscapes_val,2026-07-07 05:27:32,cityscapes,val,all,student_skd,/scratch/gautschi/manors/hf_cache/hub/models--nvidia--mit-b2/snapshots/3bb39e8739149c3777d0325349b2a6c32c6413db,runs/mit-b2_skd_j9196921/student_skd.ckpt,skd,img_000093,/home/manors/Guardrail-Distillation/data/cityscapes/leftImg8bit/val/frankfurt/frankfurt_000001_015091_leftImg8bit.png,,0.6530246563235524,0.34697534367644756,0.9680289030075073,0.9741135835647583,0.08647800981998444,0.06644938886165619,0.18782642483711243,0.9396960139274597,0.18433476984500885,-8.134249687194824,8.102598190307617,0.004947389010339975,0.034522414207458496,457413,8.01582375424914,7.4161855154670775,16.302288742735982,0.6507811115579918,0.3492188884420082,126850,0.8253350838941336,0.17466491610586643,42103,0.06704077124595642,0.0004069081915076822,29.407816764432937,0.02860032394528389,0.9713996760547161,0.07768210768699646,0.21706075966358185,0.0044617680832743645,0.5011154413223267,0.49888455867767334,0.510613203048706,0.5327454805374146,0.5985114574432373,0.5011154413223267,0.49888455867767334,0.5011154413223267,0.49888455867767334,0.8334779103439991,0.1665220896560009,0.9766862988471985,0.9620018498364175,0.037998150163582545,0.31122073827842567,0.8168791190608509,0.18312088093914913,0.0,0.18045325402044665,0.18045325402044665,0.013972056098282337,0.005314671900123358,0.8195467459795533,0.18045325402044665,0.020460721105337143,0.0012046006741002202,422369
b2_cityscapes_val,2026-07-07 05:27:32,cityscapes,val,all,student_skd,/scratch/gautschi/manors/hf_cache/hub/models--nvidia--mit-b2/snapshots/3bb39e8739149c3777d0325349b2a6c32c6413db,runs/mit-b2_skd_j9196921/student_skd.ckpt,skd,img_000094,/home/manors/Guardrail-Distillation/data/cityscapes/leftImg8bit/val/frankfurt/frankfurt_000001_015328_leftImg8bit.png,,0.5471847354534068,0.45281526454659315,0.9738031029701233,0.9852713942527771,0.06392426788806915,0.036751024425029755,0.1330990344285965,0.9651054739952087,0.10784029960632324,-8.860895156860352,8.843228340148926,0.0012499700533226132,0.018742993474006653,457611,8.01582375424914,7.4161855154670775,16.302288742735982,0.8119535714024684,0.18804642859753162,125543,0.42443819083921286,0.5755618091607871,99205,0.03708959370851517,0.00023923601838760078,29.407816764432937,0.014722716063261032,0.985277283936739,0.015091661363840103,0.09270972013473511,-0.005366379860788584,0.4986584484577179,0.5013415515422821,0.5036887526512146,0.512738049030304,0.6191258430480957,0.4986584484577179,0.5013415515422821,0.4986584484577179,0.5013415515422821,0.5923246040782798,0.4076753959217202,0.9781364798545837,0.8396417311517496,0.16035826884825044,0.027688159749281183,0.5320287255142973,0.46797127448570275,0.10759053467508439,0.04513986862487296,0.04513986862487296,0.007231032941490412,0.002897657686844468,0.954860131375127,0.04513986862487296,0.01101372204720974,0.0008959575206972659,436894
b2_cityscapes_val,2026-07-07 05:27:32,cityscapes,val,all,student_skd,/scratch/gautschi/manors/hf_cache/hub/models--nvidia--mit-b2/snapshots/3bb39e8739149c3777d0325349b2a6c32c6413db,runs/mit-b2_skd_j9196921/student_skd.ckpt,skd,img_000095,/home/manors/Guardrail-Distillation/data/cityscapes/leftImg8bit/val/frankfurt/frankfurt_000001_015768_leftImg8bit.png,,0.6597593403713448,0.34024065962865524,0.8896822333335876,0.97341388463974,0.084851935505867,0.06936531513929367,0.18204611539840698,0.935199499130249,0.19787514209747314,-8.26514720916748,8.233028411865234,0.004260010085999966,0.03306679055094719,381924,8.01582375424914,7.4161855154670775,16.302288742735982,0.5731809643045821,0.4268190356954179,126645,0.7265219675723729,0.27347803242762714,100824,0.07003248482942581,0.00039493184885941446,29.407816764432937,0.029366519302129745,0.9706334806978703,0.08931958675384521,0.22364497184753418,0.007838225923478603,0.5019595623016357,0.49804043769836426,0.5141025185585022,0.5386450290679932,0.5826371312141418,0.5019595623016357,0.49804043769836426,0.5019595623016357,0.49804043769836426,0.7471047071156866,0.25289529288431345,0.973332405090332,0.8611402207835699,0.1388597792164301,0.2879592564789878,0.7743963041099259,0.22560369589007412,0.04787433653755302,0.08734536674434179,0.08734536674434179,0.08733674883842468,0.0036865973379462957,0.9126546332556582,0.08734536674434179,0.09461044520139694,0.06435311585664749,352011
b2_cityscapes_val,2026-07-07 05:27:32,cityscapes,val,all,student_skd,/scratch/gautschi/manors/hf_cache/hub/models--nvidia--mit-b2/snapshots/3bb39e8739149c3777d0325349b2a6c32c6413db,runs/mit-b2_skd_j9196921/student_skd.ckpt,skd,img_000096,/home/manors/Guardrail-Distillation/data/cityscapes/leftImg8bit/val/frankfurt/frankfurt_000001_016029_leftImg8bit.png,,0.5467174050685362,0.45328259493146383,0.897590160369873,0.9435132741928101,0.12638530135154724,0.14451885223388672,0.2816246449947357,0.8845804333686829,0.3295029401779175,-8.043371200561523,7.973086833953857,0.01569533348083496,0.08028335124254227,454976,7.9940569994505495,7.428302749758586,16.283812234178185,0.8658184623558047,0.13418153764419527,126850,0.37668829007495963,0.6233117099250404,15251,0.14560861885547638,0.0007468777475878596,29.398397251497954,0.06582391262054443,0.9341760873794556,0.2880839407444,0.39996621012687683,0.0423610620200634,0.5105887055397034,0.48941129446029663,0.5495171546936035,0.5879149436950684,0.5888540148735046,0.5105887055397034,0.48941129446029663,0.5105887055397034,0.48941129446029663,0.626134091915432,0.373865908084568,0.9293391108512878,0.9251000071801875,0.07489999281981252,0.05928154482438275,0.3739677464500397,0.6260322535499603,0.0,0.07941668684689585,0.07941668684689585,0.043457236140966415,0.01170830987393856,0.9205833131531042,0.07941668684689585,0.06019658222794533,0.005154117941856384,378831
b2_cityscapes_val,2026-07-07 05:27:32,cityscapes,val,all,student_skd,/scratch/gautschi/manors/hf_cache/hub/models--nvidia--mit-b2/snapshots/3bb39e8739149c3777d0325349b2a6c32c6413db,runs/mit-b2_skd_j9196921/student_skd.ckpt,skd,img_000097,/home/manors/Guardrail-Distillation/data/cityscapes/leftImg8bit/val/frankfurt/frankfurt_000001_016273_leftImg8bit.png,,0.5888643803226875,0.4111356196773125,0.9544858932495117,0.9708334803581238,0.09034879505634308,0.07485410571098328,0.19894953072071075,0.932142972946167,0.210379958152771,-8.118941307067871,8.083491325378418,0.00436629680916667,0.038336411118507385,432174,7.9940569994505495,7.428302749758586,16.283812234178185,0.9415292826634333,0.058470717336566724,126564,0.6325184930162472,0.3674815069837528,22328,0.0756324827671051,0.00046568308607675135,29.398397251497954,0.03783992677927017,0.9621600732207298,0.1383996605873108,0.28035926818847656,0.01549418643116951,0.5038734674453735,0.49612653255462646,0.5225849747657776,0.5525539517402649,0.5987604856491089,0.5038734674453735,0.49612653255462646,0.5038734674453735,0.49612653255462646,0.5750228748981937,0.4249771251018063,0.9585490822792053,0.9181687977922696,0.08183120220773044,0.0,0.4783902234938819,0.5216097765061181,0.0,0.0,0.0,0.012941546738147736,0.008878367953002453,1.0,0.0,0.027336210012435913,0.0006802815478295088,393481
b2_cityscapes_val,2026-07-07 05:27:32,cityscapes,val,all,student_skd,/scratch/gautschi/manors/hf_cache/hub/models--nvidia--mit-b2/snapshots/3bb39e8739149c3777d0325349b2a6c32c6413db,runs/mit-b2_skd_j9196921/student_skd.ckpt,skd,img_000098,/home/manors/Guardrail-Distillation/data/cityscapes/leftImg8bit/val/frankfurt/frankfurt_000001_016462_leftImg8bit.png,,0.6365243215747532,0.36347567842524675,0.9156809449195862,0.941642165184021,0.12625521421432495,0.15627381205558777,0.2923758029937744,0.8690780401229858,0.40078192949295044,-7.977176666259766,7.90478515625,0.01577230915427208,0.07882317155599594,443055,7.9940569994505495,7.428302749758586,16.283812234178185,0.5024149436860312,0.49758505631396877,126679,0.5977462357005486,0.40225376429945137,73721,0.15795911848545074,0.0010833280393853784,29.398397251497954,0.07334612309932709,0.9266538769006729,0.28444725275039673,0.388182669878006,0.049543995410203934,0.5123834609985352,0.48761653900146484,0.5551942586898804,0.5818033218383789,0.5717158913612366,0.5123834609985352,0.48761653900146484,0.5123834609985352,0.48761653900146484,0.6573502409588029,0.3426497590411971,0.9241516590118408,0.5204895181078404,0.4795104818921596,0.018074574421809153,0.6454125879536099,0.3545874120463901,0.04766635225306126,0.02082591938404965,0.02082591938404965,0.02889934740960598,0.02042861469089985,0.9791740806159503,0.02082591938404965,0.0629131868481636,0.002694925060495734,366724
b2_cityscapes_val,2026-07-07 05:27:32,cityscapes,val,all,student_skd,/scratch/gautschi/manors/hf_cache/hub/models--nvidia--mit-b2/snapshots/3bb39e8739149c3777d0325349b2a6c32c6413db,runs/mit-b2_skd_j9196921/student_skd.ckpt,skd,img_000099,/home/manors/Guardrail-Distillation/data/cityscapes/leftImg8bit/val/frankfurt/frankfurt_000001_017101_leftImg8bit.png,,0.7455000538748687,0.25449994612513127,0.914819598197937,0.9453709721565247,0.12410884350538254,0.14306609332561493,0.28535327315330505,0.8838247656822205,0.3451347351074219,-7.758139610290527,7.690196514129639,0.015131875872612,0.07470511645078659,462137,7.9940569994505495,7.428302749758586,16.283812234178185,0.7678004897764482,0.23219951022355179,126850,0.8536136020324553,0.1463863979675447,20373,0.14456480741500854,0.0011041646357625723,29.398397251497954,0.06723075360059738,0.9327692463994026,0.28532350063323975,0.4003030061721802,0.04064888134598732,0.5101608037948608,0.48983919620513916,0.5495054125785828,0.5827050805091858,0.5889398455619812,0.5101608037948608,0.48983919620513916,0.5101608037948608,0.48983919620513916,0.6752490287274954,0.32475097127250463,0.9434409737586975,0.8945829094183898,0.1054170905816102,0.1267824196419416,0.5884483028987321,0.41155169710126793,0.0,0.0,0.0,0.039421211928129196,0.010799827985465527,1.0,0.0,0.05594661086797714,0.0060782842338085175,386720
b2_cityscapes_val,2026-07-07 05:27:33,cityscapes,val,all,student_skd,/scratch/gautschi/manors/hf_cache/hub/models--nvidia--mit-b2/snapshots/3bb39e8739149c3777d0325349b2a6c32c6413db,runs/mit-b2_skd_j9196921/student_skd.ckpt,skd,img_000100,/home/manors/Guardrail-Distillation/data/cityscapes/leftImg8bit/val/frankfurt/frankfurt_000001_017459_leftImg8bit.png,,0.502911481786284,0.497088518213716,0.7719672322273254,0.9356894493103027,0.12678641080856323,0.16640931367874146,0.27531152963638306,0.8579616546630859,0.4133151173591614,-7.24691104888916,7.168240547180176,0.012655528262257576,0.0830385759472847,450080,7.991231745108962,7.419448753353208,16.305842000292614,0.5089052710253712,0.4910947289746288,126850,0.6697522858486025,0.33024771415139753,69511,0.16813436150550842,0.000886083347722888,29.4099185266532,0.07254619151353836,0.9274538084864616,0.2720933258533478,0.35795313119888306,0.043437182903289795,0.5108575820922852,0.48914241790771484,0.5474557876586914,0.570236325263977,0.5609353184700012,0.5108575820922852,0.48914241790771484,0.5108575820922852,0.48914241790771484,0.5770914394501311,0.4229085605498689,0.9106248021125793,0.6907632907837913,0.3092367092162087,0.1818580197584201,0.665590110530035,0.33440988946996497,0.0,0.07417995766384711,0.07417995766384711,0.1562611162662506,0.017603538930416107,0.9258200423361529,0.07417995766384711,0.18067455291748047,0.1164926290512085,362971
b2_cityscapes_val,2026-07-07 05:27:33,cityscapes,val,all,student_skd,/scratch/gautschi/manors/hf_cache/hub/models--nvidia--mit-b2/snapshots/3bb39e8739149c3777d0325349b2a6c32c6413db,runs/mit-b2_skd_j9196921/student_skd.ckpt,skd,img_000101,/home/manors/Guardrail-Distillation/data/cityscapes/leftImg8bit/val/frankfurt/frankfurt_000001_017842_leftImg8bit.png,,0.59350939423134,0.40649060576866003,0.8988020420074463,0.9471698999404907,0.12187957018613815,0.13687288761138916,0.275607705116272,0.8868318796157837,0.3346850275993347,-7.912755966186523,7.847179412841797,0.013126598671078682,0.07362602651119232,459525,7.991231745108962,7.419448753353208,16.305842000292614,0.44637382988944874,0.5536261701105513,126850,0.8663462587488265,0.13365374125117346,22479,0.13814392685890198,0.0008322159410454333,29.4099185266532,0.054613132029771805,0.9453868679702282,0.22288841009140015,0.32300645112991333,0.0271920133382082,0.5067976117134094,0.4932023882865906,0.5371672511100769,0.5638232827186584,0.5784444212913513,0.5067976117134094,0.4932023882865906,0.5067976117134094,0.4932023882865906,0.6408838393611995,0.3591161606388005,0.9184440970420837,0.986990362266356,0.013009637733644053,0.5406165323769072,0.7701572739727995,0.22984272602720046,0.0,0.047374445129859555,0.047374445129859555,0.03180675953626633,0.012164736166596413,0.9526255548701404,0.047374445129859555,0.052169088274240494,0.0032054840121418238,388418
b2_cityscapes_val,2026-07-07 05:27:33,cityscapes,val,all,student_skd,/scratch/gautschi/manors/hf_cache/hub/models--nvidia--mit-b2/snapshots/3bb39e8739149c3777d0325349b2a6c32c6413db,runs/mit-b2_skd_j9196921/student_skd.ckpt,skd,img_000102,/home/manors/Guardrail-Distillation/data/cityscapes/leftImg8bit/val/frankfurt/frankfurt_000001_018113_leftImg8bit.png,,0.6251068777413531,0.3748931222586469,0.9398790597915649,0.9578021764755249,0.10516247153282166,0.11286316066980362,0.2381119579076767,0.9008801579475403,0.3025531470775604,-7.925297260284424,7.874115943908691,0.007445645984262228,0.05314265936613083,430050,7.991231745108962,7.419448753353208,16.305842000292614,0.6409946121447377,0.35900538785526226,126850,0.744209698657928,0.25579030134207204,22270,0.11416593194007874,0.0007493594894185662,29.4099185266532,0.060056570917367935,0.9399434290826321,0.24861648678779602,0.37391161918640137,0.03674593195319176,0.5091854333877563,0.49081456661224365,0.5441210865974426,0.5782393217086792,0.5810924172401428,0.5091854333877563,0.49081456661224365,0.5091854333877563,0.49081456661224365,0.6375522913439744,0.3624477086560256,0.9383955597877502,0.6625993980341724,0.33740060196582755,0.021604785889434708,0.7403947182569464,0.25960528174305364,0.0,0.012445413602621302,0.012445413602621302,0.022825252264738083,0.02430880069732666,0.9875545863973787,0.012445413602621302,0.05324729532003403,0.0036995697300881147,373954
b2_cityscapes_val,2026-07-07 05:27:33,cityscapes,val,all,student_skd,/scratch/gautschi/manors/hf_cache/hub/models--nvidia--mit-b2/snapshots/3bb39e8739149c3777d0325349b2a6c32c6413db,runs/mit-b2_skd_j9196921/student_skd.ckpt,skd,img_000103,/home/manors/Guardrail-Distillation/data/cityscapes/leftImg8bit/val/frankfurt/frankfurt_000001_019698_leftImg8bit.png,,0.5468876749742267,0.45311232502577325,0.9450711011886597,0.9674431681632996,0.09756845980882645,0.081671804189682,0.21318021416664124,0.9310342073440552,0.20032887160778046,-8.574056625366211,8.533992767333984,0.006087386514991522,0.045122213661670685,463253,7.991231745108962,7.419448753353208,16.305842000292614,0.907515499679279,0.09248450032072097,126850,0.6387242126128772,0.36127578738712285,1876,0.08232226222753525,0.0004926114925183356,29.4099185266532,0.030890367925167084,0.9691096320748329,0.10212291777133942,0.24514757096767426,0.006343420594930649,0.501585841178894,0.49841415882110596,0.5144089460372925,0.5356199741363525,0.6177618503570557,0.501585841178894,0.49841415882110596,0.501585841178894,0.49841415882110596,0.5946954407878456,0.40530455921215436,0.9400457143783569,0.9149552283673472,0.08504477163265278,0.007439728688068192,0.7677575067909845,0.23224249320901547,0.12903329417810738,0.0478077658136189,0.0478077658136189,0.013077087700366974,0.01810242049396038,0.9521922341863811,0.0478077658136189,0.03407209366559982,0.001534798531793058,418232
b2_cityscapes_val,2026-07-07 05:27:33,cityscapes,val,all,student_skd,/scratch/gautschi/manors/hf_cache/hub/models--nvidia--mit-b2/snapshots/3bb39e8739149c3777d0325349b2a6c32c6413db,runs/mit-b2_skd_j9196921/student_skd.ckpt,skd,img_000104,/home/manors/Guardrail-Distillation/data/cityscapes/leftImg8bit/val/frankfurt/frankfurt_000001_019854_leftImg8bit.png,,0.5101415847722277,0.4898584152277723,0.9382371306419373,0.9599433541297913,0.10462215542793274,0.1054278090596199,0.2379375547170639,0.9106435179710388,0.2649998962879181,-8.407362937927246,8.35839557647705,0.00850651040673256,0.05103687942028046,457767,7.9909210035111755,7.449549011653289,16.296758520184085,0.9297164880725561,0.07028351192744386,126850,0.37494130069916787,0.6250586993008321,34552,0.10630830377340317,0.0006150411791168153,29.419023485388607,0.04117605462670326,0.9588239453732967,0.16547776758670807,0.2845460772514343,0.016054274514317513,0.5040134787559509,0.4959865212440491,0.5244302153587341,0.5464310050010681,0.5987517237663269,0.5040134787559509,0.4959865212440491,0.5040134787559509,0.4959865212440491,0.5299853736229266,0.47001462637707336,0.9470188617706299,0.9345621701046564,0.06543782989534364,0.004845682032100229,0.37088803350328625,0.6291119664967137,0.0,0.01984378885069893,0.01984378885069893,0.018371790647506714,0.009590031579136848,0.9801562111493011,0.01984378885069893,0.03277868404984474,0.001509501482360065,401261
b2_cityscapes_val,2026-07-07 05:27:33,cityscapes,val,all,student_skd,/scratch/gautschi/manors/hf_cache/hub/models--nvidia--mit-b2/snapshots/3bb39e8739149c3777d0325349b2a6c32c6413db,runs/mit-b2_skd_j9196921/student_skd.ckpt,skd,img_000105,/home/manors/Guardrail-Distillation/data/cityscapes/leftImg8bit/val/frankfurt/frankfurt_000001_019969_leftImg8bit.png,,0.5804962472254568,0.4195037527745432,0.9602800011634827,0.9773865342140198,0.07942948490381241,0.05910847708582878,0.17497093975543976,0.9454367160797119,0.16972482204437256,-8.693970680236816,8.666583061218262,0.0034699628595262766,0.028445396572351456,457930,7.9909210035111755,7.449549011653289,16.296758520184085,0.8493107807198401,0.15068921928015988,126850,0.5725940435590472,0.4274059564409528,2726,0.05988398194313049,0.00043900078162550926,29.419023485388607,0.02519189938902855,0.9748081006109715,0.06116368621587753,0.19409309327602386,0.00013235857477411628,0.5000330805778503,0.49996691942214966,0.5088298916816711,0.5274293422698975,0.6208943128585815,0.5000330805778503,0.49996691942214966,0.5000330805778503,0.49996691942214966,0.6213589792734118,0.37864102072658823,0.9645622968673706,0.9217412804212821,0.07825871957871788,0.072430499701442,0.6067941144587247,0.39320588554127534,0.03420007089967747,0.040862732047954986,0.040862732047954986,0.011322692036628723,0.007040377706289291,0.959137267952045,0.040862732047954986,0.020743345841765404,0.002563710790127516,426369
b2_cityscapes_val,2026-07-07 05:27:33,cityscapes,val,all,student_skd,/scratch/gautschi/manors/hf_cache/hub/models--nvidia--mit-b2/snapshots/3bb39e8739149c3777d0325349b2a6c32c6413db,runs/mit-b2_skd_j9196921/student_skd.ckpt,skd,img_000106,/home/manors/Guardrail-Distillation/data/cityscapes/leftImg8bit/val/frankfurt/frankfurt_000001_020046_leftImg8bit.png,,0.6637419795698386,0.3362580204301614,0.9539966583251953,0.9690446257591248,0.09279929101467133,0.0788053572177887,0.2000540941953659,0.9304444789886475,0.20616313815116882,-8.436637878417969,8.398996353149414,0.0045821103267371655,0.04116956889629364,460923,7.9909210035111755,7.449549011653289,16.296758520184085,0.499988158206363,0.500011841793637,126670,0.9339606404052869,0.06603935959471308,6008,0.07964525371789932,0.0005056267254985869,29.419023485388607,0.03353772684931755,0.9664622731506824,0.11428298056125641,0.25492289662361145,0.007996129803359509,0.501999020576477,0.49800097942352295,0.5147107839584351,0.5344976782798767,0.6017687916755676,0.501999020576477,0.49800097942352295,0.501999020576477,0.49800097942352295,0.6030905996415511,0.3969094003584489,0.959572434425354,1.0,0.0,0.500011841793637,0.8891669602930431,0.1108330397069569,0.0,0.0,0.0,0.018248166888952255,0.012672399170696735,1.0,0.0,0.03425084054470062,0.001154205878265202,417827
b2_cityscapes_val,2026-07-07 05:27:33,cityscapes,val,all,student_skd,/scratch/gautschi/manors/hf_cache/hub/models--nvidia--mit-b2/snapshots/3bb39e8739149c3777d0325349b2a6c32c6413db,runs/mit-b2_skd_j9196921/student_skd.ckpt,skd,img_000107,/home/manors/Guardrail-Distillation/data/cityscapes/leftImg8bit/val/frankfurt/frankfurt_000001_020287_leftImg8bit.png,,0.6504165821834654,0.34958341781653457,0.9483059644699097,0.9655798673629761,0.0985858291387558,0.08787930756807327,0.2188904881477356,0.924412190914154,0.224537193775177,-8.339064598083496,8.29693603515625,0.006327895447611809,0.04604760557413101,462239,7.9909210035111755,7.449549011653289,16.296758520184085,0.9816565920925429,0.018343407907457143,126850,0.4373965864695253,0.5626034135304747,11199,0.08867562562227249,0.0005290145054459572,29.419023485388607,0.03829994052648544,0.9617000594735146,0.1437016725540161,0.28467628359794617,0.015576316975057125,0.503894031047821,0.49610596895217896,0.5213664174079895,0.5483459830284119,0.5981916785240173,0.503894031047821,0.49610596895217896,0.503894031047821,0.49610596895217896,0.7469518427298586,0.2530481572701414,0.9597308039665222,0.9963487883648985,0.0036512116351015145,0.014692196272355629,0.8647557626056923,0.1352442373943077,0.42735917613616703,0.09653526054639316,0.09653526054639316,0.021337445825338364,0.009912621229887009,0.9034647394536068,0.09653526054639316,0.034787196666002274,0.0016073936130851507,413758
b2_cityscapes_val,2026-07-07 05:27:33,cityscapes,val,all,student_skd,/scratch/gautschi/manors/hf_cache/hub/models--nvidia--mit-b2/snapshots/3bb39e8739149c3777d0325349b2a6c32c6413db,runs/mit-b2_skd_j9196921/student_skd.ckpt,skd,img_000108,/home/manors/Guardrail-Distillation/data/cityscapes/leftImg8bit/val/frankfurt/frankfurt_000001_020693_leftImg8bit.png,,0.6303252669578833,0.36967473304211673,0.9381294846534729,0.9678263068199158,0.0958356261253357,0.08463308215141296,0.21715660393238068,0.9268853664398193,0.22033122181892395,-8.42518424987793,8.385723114013672,0.007109030149877071,0.041911862790584564,464761,7.980497495736927,7.423411239869893,16.299325245199725,0.9778913822113214,0.022108617788678564,126850,0.7362888713564676,0.2637111286435324,9907,0.0855257511138916,0.0005307007231749594,29.395748249953613,0.03580830246210098,0.964191697537899,0.12721167504787445,0.26425546407699585,0.013849761337041855,0.5034623742103577,0.49653762578964233,0.5191052556037903,0.5441481471061707,0.6013943552970886,0.5034623742103577,0.49653762578964233,0.5034623742103577,0.49653762578964233,0.7105987668410116,0.28940123315898836,0.9513448476791382,0.9618288300365435,0.038171169963456486,0.0,0.8120532672527764,0.18794673274722362,0.07576439589630879,0.08027349988312837,0.08027349988312837,0.02174881286919117,0.00853341817855835,0.9197265001168716,0.08027349988312837,0.036668308079242706,0.00537480553612113,419806
b2_cityscapes_val,2026-07-07 05:27:33,cityscapes,val,all,student_skd,/scratch/gautschi/manors/hf_cache/hub/models--nvidia--mit-b2/snapshots/3bb39e8739149c3777d0325349b2a6c32c6413db,runs/mit-b2_skd_j9196921/student_skd.ckpt,skd,img_000109,/home/manors/Guardrail-Distillation/data/cityscapes/leftImg8bit/val/frankfurt/frankfurt_000001_021406_leftImg8bit.png,,0.7722655584660431,0.22773444153395694,0.9193354249000549,0.9494942426681519,0.11497082561254501,0.12876564264297485,0.2440548986196518,0.8879814147949219,0.32412898540496826,-8.18207836151123,8.120515823364258,0.008581891655921936,0.0668305829167366,460388,7.980497495736927,7.423411239869893,16.299325245199725,1.0,0.0,126850,0.9505163755101044,0.04948362448989563,17337,0.12987791001796722,0.0007176879444159567,29.395748249953613,0.08092602342367172,0.9190739765763283,0.32733118534088135,0.4259898364543915,0.06415431946516037,0.5160331130027771,0.4839668869972229,0.5699471235275269,0.6082503199577332,0.5849537253379822,0.5160331130027771,0.4839668869972229,0.5160331130027771,0.4839668869972229,0.8588687637578101,0.14113123624218993,0.9546034932136536,1.0,0.0,0.0,0.9709122390276899,0.02908776097231014,0.02039586351758549,0.08660320529176702,0.08660320529176702,0.051028698682785034,0.015760619193315506,0.913396794708233,0.08660320529176702,0.07067299634218216,0.008405953645706177,390726
b2_cityscapes_val,2026-07-07 05:27:33,cityscapes,val,all,student_skd,/scratch/gautschi/manors/hf_cache/hub/models--nvidia--mit-b2/snapshots/3bb39e8739149c3777d0325349b2a6c32c6413db,runs/mit-b2_skd_j9196921/student_skd.ckpt,skd,img_000110,/home/manors/Guardrail-Distillation/data/cityscapes/leftImg8bit/val/frankfurt/frankfurt_000001_021825_leftImg8bit.png,,0.6322838110076817,0.3677161889923183,0.9261483550071716,0.9576362371444702,0.10755779594182968,0.11006791144609451,0.2406316101551056,0.905320405960083,0.28072112798690796,-8.088913917541504,8.037054061889648,0.00844554789364338,0.05499642714858055,463321,7.980497495736927,7.423411239869893,16.299325245199725,0.9531193485741691,0.046880651425830866,126850,0.6356675122429175,0.3643324877570825,43884,0.11119340360164642,0.0006977964076213539,29.395748249953613,0.046780310571193695,0.9532196894288063,0.17979469895362854,0.30793535709381104,0.024785131216049194,0.5061959624290466,0.49380403757095337,0.5299036502838135,0.554416298866272,0.5900546908378601,0.5061959624290466,0.49380403757095337,0.5061959624290466,0.49380403757095337,0.6737217756818598,0.32627822431814024,0.9241238236427307,0.9364008317866883,0.06359916821331169,0.0,0.9261737893329568,0.0738262106670432,0.2905062770900393,0.04143796467417804,0.04143796467417804,0.018488261848688126,0.02051277458667755,0.958562035325822,0.04143796467417804,0.04405584558844566,0.002067680936306715,403808
b2_cityscapes_val,2026-07-07 05:27:33,cityscapes,val,all,student_skd,/scratch/gautschi/manors/hf_cache/hub/models--nvidia--mit-b2/snapshots/3bb39e8739149c3777d0325349b2a6c32c6413db,runs/mit-b2_skd_j9196921/student_skd.ckpt,skd,img_000111,/home/manors/Guardrail-Distillation/data/cityscapes/leftImg8bit/val/frankfurt/frankfurt_000001_023235_leftImg8bit.png,,0.5572770439239381,0.44272295607606194,0.9066696763038635,0.9520708918571472,0.11418453603982925,0.12370489537715912,0.25497233867645264,0.8979034423828125,0.2935103476047516,-7.822173595428467,7.763298511505127,0.010735943913459778,0.062482450157403946,430889,7.980497495736927,7.423411239869893,16.299325245199725,0.8814032991527206,0.11859670084727936,126850,0.5196552339685594,0.4803447660314406,7354,0.12469003349542618,0.0006540528265759349,29.395748249953613,0.06302651017904282,0.9369734898209572,0.25041845440864563,0.36125561594963074,0.04866967350244522,0.5121650099754333,0.48783499002456665,0.5490357279777527,0.5775154829025269,0.5963217616081238,0.5121650099754333,0.48783499002456665,0.5121650099754333,0.48783499002456665,0.6849896759302239,0.31501032406977614,0.9510477185249329,0.8876071144464325,0.11239288555356752,0.006203815293711834,0.7081131486780488,0.29188685132195125,0.18845791470948936,0.1277126320062858,0.1277126320062858,0.05620472878217697,0.01182671170681715,0.8722873679937142,0.1277126320062858,0.07219260931015015,0.016786225140094757,367454
b2_cityscapes_val,2026-07-07 05:27:34,cityscapes,val,all,student_skd,/scratch/gautschi/manors/hf_cache/hub/models--nvidia--mit-b2/snapshots/3bb39e8739149c3777d0325349b2a6c32c6413db,runs/mit-b2_skd_j9196921/student_skd.ckpt,skd,img_000112,/home/manors/Guardrail-Distillation/data/cityscapes/leftImg8bit/val/frankfurt/frankfurt_000001_023369_leftImg8bit.png,,0.5325925215271304,0.46740747847286956,0.9536711573600769,0.9646367430686951,0.09944487363100052,0.09149826318025589,0.22056208550930023,0.9195448756217957,0.24383237957954407,-7.882004261016846,7.838779926300049,0.006724977865815163,0.04714105650782585,453087,8.006626012502238,7.4255840154364705,16.298180999001488,0.9466267858431251,0.053373214156874904,126850,0.5851276322496202,0.41487236775037983,9772,0.0923139750957489,0.00045773189049214125,29.412718751700595,0.04188161715865135,0.9581183828413486,0.15501151978969574,0.27959761023521423,0.022159496322274208,0.5055396556854248,0.4944603443145752,0.5304200649261475,0.5549002885818481,0.6187000274658203,0.5055396556854248,0.4944603443145752,0.5055396556854248,0.4944603443145752,0.5064025059820644,0.4935974940179356,0.9116925001144409,0.4435726724876706,0.5564273275123294,0.0,0.5990138983656288,0.4009861016343712,0.013886266116008628,0.0,0.0,0.012918049469590187,0.05489674210548401,1.0,0.0,0.07421974092721939,0.00041934550972655416,405027
b2_cityscapes_val,2026-07-07 05:27:34,cityscapes,val,all,student_skd,/scratch/gautschi/manors/hf_cache/hub/models--nvidia--mit-b2/snapshots/3bb39e8739149c3777d0325349b2a6c32c6413db,runs/mit-b2_skd_j9196921/student_skd.ckpt,skd,img_000113,/home/manors/Guardrail-Distillation/data/cityscapes/leftImg8bit/val/frankfurt/frankfurt_000001_023769_leftImg8bit.png,,0.5716054098848818,0.42839459011511816,0.9375410079956055,0.9620330333709717,0.10434373468160629,0.09746987372636795,0.23058770596981049,0.9157156944274902,0.25113773345947266,-8.189906120300293,8.143064498901367,0.008768300525844097,0.05049676448106766,430186,8.006626012502238,7.4255840154364705,16.298180999001488,0.6311681474302844,0.3688318525697156,103014,0.8923284574990213,0.10767154250097866,66761,0.09830780327320099,0.000599850551225245,29.412718751700595,0.04330412670969963,0.9566958732903004,0.16682246327400208,0.2985612750053406,0.02097240276634693,0.5052429437637329,0.4947570562362671,0.5278594493865967,0.5522913932800293,0.6143697500228882,0.5052429437637329,0.4947570562362671,0.5052429437637329,0.4947570562362671,0.6820521897699788,0.31794781023002117,0.9574788808822632,0.6815155804413161,0.3184844195586839,0.05034743301103173,0.9181992740805218,0.08180072591947818,0.025870816581500478,0.11044677988509699,0.11044677988509699,0.028808468952775,0.008870582096278667,0.889553220114903,0.11044677988509699,0.04099854454398155,0.005334901623427868,381687
b2_cityscapes_val,2026-07-07 05:27:34,cityscapes,val,all,student_skd,/scratch/gautschi/manors/hf_cache/hub/models--nvidia--mit-b2/snapshots/3bb39e8739149c3777d0325349b2a6c32c6413db,runs/mit-b2_skd_j9196921/student_skd.ckpt,skd,img_000114,/home/manors/Guardrail-Distillation/data/cityscapes/leftImg8bit/val/frankfurt/frankfurt_000001_024927_leftImg8bit.png,,0.5247915227870844,0.4752084772129156,0.9494746923446655,0.9640762209892273,0.10182718187570572,0.09567826241254807,0.23481376469135284,0.9169954061508179,0.25620490312576294,-8.204151153564453,8.159830093383789,0.00855490006506443,0.0478181429207325,461373,8.006626012502238,7.4255840154364705,16.298180999001488,1.0,0.0,126850,0.41782970288556875,0.5821702971144312,39107,0.09668106585741043,0.0005955094238743186,29.412718751700595,0.037697650492191315,0.9623023495078087,0.13667823374271393,0.2703448235988617,0.011974852532148361,0.5029937028884888,0.49700629711151123,0.5181621313095093,0.541270911693573,0.5920650362968445,0.5029937028884888,0.49700629711151123,0.5029937028884888,0.49700629711151123,0.5045587118046535,0.4954412881953465,0.9563238024711609,1.0,0.0,0.0,0.3232695803006189,0.6767304196993811,0.0,0.0,0.0,0.014829649589955807,0.007980527356266975,1.0,0.0,0.028491046279668808,0.0012766242725774646,412172
b2_cityscapes_val,2026-07-07 05:27:34,cityscapes,val,all,student_skd,/scratch/gautschi/manors/hf_cache/hub/models--nvidia--mit-b2/snapshots/3bb39e8739149c3777d0325349b2a6c32c6413db,runs/mit-b2_skd_j9196921/student_skd.ckpt,skd,img_000115,/home/manors/Guardrail-Distillation/data/cityscapes/leftImg8bit/val/frankfurt/frankfurt_000001_025512_leftImg8bit.png,,0.5794365877171309,0.4205634122828691,0.9403091669082642,0.9547669291496277,0.11140834540128708,0.11845193058252335,0.2513635456562042,0.897684633731842,0.30759361386299133,-8.039533615112305,7.983949661254883,0.00942798238247633,0.05964476615190506,455983,8.006626012502238,7.4255840154364705,16.298180999001488,0.9367541232522716,0.06324587674772841,126248,0.9109436326948149,0.08905636730518507,32350,0.11953140050172806,0.000713794375769794,29.412718751700595,0.051648035645484924,0.9483519643545151,0.20753638446331024,0.32444941997528076,0.02205568738281727,0.5055136680603027,0.49448633193969727,0.529551088809967,0.5584632754325867,0.580626368522644,0.5055136680603027,0.49448633193969727,0.5055136680603027,0.49448633193969727,0.6048496283436092,0.3951503716563908,0.9455198645591736,0.7045454466978901,0.2954545533021099,0.0,0.9025359659567753,0.09746403404322468,0.0,0.02541304062647831,0.02541304062647831,0.01883622817695141,0.01362550724297762,0.9745869593735217,0.02541304062647831,0.037277702242136,0.000315801240503788,394238
b2_cityscapes_val,2026-07-07 05:27:34,cityscapes,val,all,student_skd,/scratch/gautschi/manors/hf_cache/hub/models--nvidia--mit-b2/snapshots/3bb39e8739149c3777d0325349b2a6c32c6413db,runs/mit-b2_skd_j9196921/student_skd.ckpt,skd,img_000116,/home/manors/Guardrail-Distillation/data/cityscapes/leftImg8bit/val/frankfurt/frankfurt_000001_025713_leftImg8bit.png,,0.6023792015737298,0.3976207984262702,0.9472121000289917,0.9567127227783203,0.11022081226110458,0.11410149186849594,0.25375911593437195,0.9038083553314209,0.29084497690200806,-7.851410865783691,7.7980780601501465,0.00976063497364521,0.05767470970749855,462265,7.975265238201246,7.423386501614004,16.283564502373338,0.984798441296254,0.015201558703745954,126850,0.8896259206686078,0.1103740793313922,9386,0.11529900878667831,0.0007410588441416621,29.39832050469704,0.051445718854665756,0.9485542811453342,0.20653456449508667,0.32543283700942993,0.024825578555464745,0.5062060952186584,0.49379390478134155,0.5333034992218018,0.5630727410316467,0.5852463841438293,0.5062060952186584,0.49379390478134155,0.5062060952186584,0.49379390478134155,0.6221571319687438,0.3778428680312562,0.9505781531333923,0.6544824133701881,0.3455175866298119,0.0,0.8032164423478073,0.1967835576521927,0.0,0.019777930395013965,0.019777930395013965,0.019895514473319054,0.01652947999536991,0.980222069604986,0.019777930395013965,0.041160374879837036,0.000508366443682462,401968
b2_cityscapes_val,2026-07-07 05:27:34,cityscapes,val,all,student_skd,/scratch/gautschi/manors/hf_cache/hub/models--nvidia--mit-b2/snapshots/3bb39e8739149c3777d0325349b2a6c32c6413db,runs/mit-b2_skd_j9196921/student_skd.ckpt,skd,img_000117,/home/manors/Guardrail-Distillation/data/cityscapes/leftImg8bit/val/frankfurt/frankfurt_000001_025921_leftImg8bit.png,,0.6226945845414301,0.3773054154585699,0.9512344598770142,0.9600343704223633,0.10587314516305923,0.1079762652516365,0.24800826609134674,0.9084784984588623,0.27946093678474426,-7.961490154266357,7.912337303161621,0.009539813734591007,0.05162659287452698,464160,7.975265238201246,7.423386501614004,16.283564502373338,0.9826111012338834,0.0173888987661166,126850,0.6333060440065602,0.3666939559934398,47413,0.1092379167675972,0.0007690706988796592,29.39832050469704,0.05190787836909294,0.9480921216309071,0.20842060446739197,0.3332502543926239,0.026847342029213905,0.5067114233970642,0.4932885766029358,0.5342227220535278,0.5698447227478027,0.5809328556060791,0.5067114233970642,0.4932885766029358,0.5067114233970642,0.4932885766029358,0.5988977804652341,0.4011022195347659,0.9579024314880371,0.6554631276118017,0.3445368723881983,0.0,0.6268537081209063,0.37314629187909365,0.0,0.0,0.0,0.01892450824379921,0.012256549671292305,1.0,0.0,0.03524646535515785,0.00098888308275491,407964
b2_cityscapes_val,2026-07-07 05:27:34,cityscapes,val,all,student_skd,/scratch/gautschi/manors/hf_cache/hub/models--nvidia--mit-b2/snapshots/3bb39e8739149c3777d0325349b2a6c32c6413db,runs/mit-b2_skd_j9196921/student_skd.ckpt,skd,img_000118,/home/manors/Guardrail-Distillation/data/cityscapes/leftImg8bit/val/frankfurt/frankfurt_000001_027325_leftImg8bit.png,,0.5830251039584329,0.4169748960415671,0.9018747210502625,0.9700802564620972,0.09452486038208008,0.07883869856595993,0.21186582744121552,0.9284148812294006,0.2271289825439453,-8.04085636138916,8.00383186340332,0.007971051149070263,0.040368735790252686,453767,7.975265238201246,7.423386501614004,16.283564502373338,0.5173896748498135,0.48261032515018654,126850,0.9006382725418355,0.09936172745816452,80032,0.07978711277246475,0.0006043119938112795,29.39832050469704,0.037310581654310226,0.9626894183456898,0.12405046075582504,0.2713216245174408,0.013345473445951939,0.5033363103866577,0.4966636896133423,0.5183714032173157,0.5421512126922607,0.5803238153457642,0.5033363103866577,0.4966636896133423,0.5033363103866577,0.4966636896133423,0.5882048011732822,0.4117951988267178,0.9118291735649109,0.5155656639041577,0.4844343360958423,0.0,0.6893183743778994,0.31068162562210055,0.0,0.005179697214849344,0.005179697214849344,0.015142131596803665,0.005187684204429388,0.9948203027851507,0.005179697214849344,0.023362210020422935,0.002851683646440506,414843
b2_cityscapes_val,2026-07-07 05:27:34,cityscapes,val,all,student_skd,/scratch/gautschi/manors/hf_cache/hub/models--nvidia--mit-b2/snapshots/3bb39e8739149c3777d0325349b2a6c32c6413db,runs/mit-b2_skd_j9196921/student_skd.ckpt,skd,img_000119,/home/manors/Guardrail-Distillation/data/cityscapes/leftImg8bit/val/frankfurt/frankfurt_000001_028232_leftImg8bit.png,,0.6199513716866609,0.3800486283133391,0.9552578330039978,0.9617807865142822,0.10542748868465424,0.09795986115932465,0.23561915755271912,0.9181948900222778,0.23842981457710266,-8.143379211425781,8.0961332321167,0.009298632852733135,0.05244429036974907,459745,7.975265238201246,7.423386501614004,16.283564502373338,0.8666508073733951,0.13334919262660494,126850,0.542413385621254,0.45758661437874604,32935,0.09876476973295212,0.0005442897672764957,29.39832050469704,0.037690356373786926,0.9623096436262131,0.14211930334568024,0.2838399410247803,0.013187378644943237,0.5032967925071716,0.49670320749282837,0.5191022753715515,0.5403769016265869,0.6027660965919495,0.5032967925071716,0.49670320749282837,0.5032967925071716,0.49670320749282837,0.5598802596186476,0.4401197403813524,0.9629838466644287,0.8674612403359058,0.13253875966409423,0.0008104329625107098,0.5757795677172646,0.4242204322827354,0.03336618209601061,0.0,0.0,0.016802793368697166,0.009076771326363087,1.0,0.0,0.02928145043551922,0.00043719890527427197,407777
b2_cityscapes_val,2026-07-07 05:27:34,cityscapes,val,all,student_skd,/scratch/gautschi/manors/hf_cache/hub/models--nvidia--mit-b2/snapshots/3bb39e8739149c3777d0325349b2a6c32c6413db,runs/mit-b2_skd_j9196921/student_skd.ckpt,skd,img_000120,/home/manors/Guardrail-Distillation/data/cityscapes/leftImg8bit/val/frankfurt/frankfurt_000001_028335_leftImg8bit.png,,0.6131972341299358,0.38680276587006424,0.9456285834312439,0.9659767150878906,0.09799831360578537,0.09079322218894958,0.22295145690441132,0.9191837310791016,0.24965481460094452,-7.91938591003418,7.877694606781006,0.007504988927394152,0.044666681438684464,445970,7.985539501532912,7.4268772441428155,16.30963574280031,0.8398662751041414,0.16013372489585864,126345,0.8153913765775225,0.18460862342247752,64234,0.09168421477079391,0.0005428902804851532,29.398938495432958,0.03669586777687073,0.9633041322231293,0.12756791710853577,0.26721781492233276,0.014461943879723549,0.5036153793334961,0.4963846206665039,0.5201869010925293,0.5453775525093079,0.5937864780426025,0.5036153793334961,0.4963846206665039,0.5036153793334961,0.4963846206665039,0.5898903463244881,0.4101096536755119,0.955066442489624,0.8913744887783954,0.10862551122160458,0.051508213674254066,0.617147221310755,0.38285277868924505,0.0,0.0,0.0,0.017422696575522423,0.007984842173755169,1.0,0.0,0.029300177469849586,0.002103280508890748,401598
b2_cityscapes_val,2026-07-07 05:27:34,cityscapes,val,all,student_skd,/scratch/gautschi/manors/hf_cache/hub/models--nvidia--mit-b2/snapshots/3bb39e8739149c3777d0325349b2a6c32c6413db,runs/mit-b2_skd_j9196921/student_skd.ckpt,skd,img_000121,/home/manors/Guardrail-Distillation/data/cityscapes/leftImg8bit/val/frankfurt/frankfurt_000001_028590_leftImg8bit.png,,0.5669761679577056,0.43302383204229444,0.9047709107398987,0.9586313962936401,0.1037326529622078,0.10828068852424622,0.22826822102069855,0.9057238698005676,0.2750507593154907,-8.121929168701172,8.071828842163086,0.0064543550834059715,0.051450807601213455,456436,7.985539501532912,7.4268772441428155,16.30963574280031,0.9854306880556667,0.014569311944333307,126850,0.5299976997329289,0.4700023002670711,56696,0.10931523889303207,0.0006024629692547023,29.398938495432958,0.0388714075088501,0.9611285924911499,0.14487594366073608,0.25167253613471985,0.012837863527238369,0.5032094120979309,0.4967905879020691,0.5223804116249084,0.54121994972229,0.5772572755813599,0.5032094120979309,0.4967905879020691,0.5032094120979309,0.4967905879020691,0.5878603377760917,0.4121396622239083,0.9192702174186707,0.990641265188914,0.009358734811085956,0.005210577133247352,0.5756785054808311,0.4243214945191689,0.04568080574790223,0.020884169818386145,0.020884169818386145,0.022106057032942772,0.007606761995702982,0.9791158301816139,0.020884169818386145,0.033470191061496735,0.002480084775015712,398798
b2_cityscapes_val,2026-07-07 05:27:34,cityscapes,val,all,student_skd,/scratch/gautschi/manors/hf_cache/hub/models--nvidia--mit-b2/snapshots/3bb39e8739149c3777d0325349b2a6c32c6413db,runs/mit-b2_skd_j9196921/student_skd.ckpt,skd,img_000122,/home/manors/Guardrail-Distillation/data/cityscapes/leftImg8bit/val/frankfurt/frankfurt_000001_028854_leftImg8bit.png,,0.520366262449669,0.479633737550331,0.9194077253341675,0.9487482309341431,0.11912541091442108,0.13150274753570557,0.26466211676597595,0.8925192356109619,0.3097204864025116,-7.953432083129883,7.89019775390625,0.012077420018613338,0.07056315243244171,442313,7.985539501532912,7.4268772441428155,16.30963574280031,0.9710059954925213,0.028994004507478688,126850,0.5358372900409345,0.4641627099590655,11478,0.1324102133512497,0.000698472314979881,29.398938495432958,0.05128888040781021,0.9487111195921898,0.21384604275226593,0.32011666893959045,0.02566487155854702,0.5064159035682678,0.4935840964317322,0.5349076986312866,0.5569114685058594,0.5838889479637146,0.5064159035682678,0.4935840964317322,0.5064159035682678,0.4935840964317322,0.5572721298656591,0.4427278701343409,0.9314308762550354,0.9580823324633269,0.04191766753667314,0.0,0.4624161188931922,0.5375838811068079,0.0,0.03690586741599011,0.03690586741599011,0.027064545080065727,0.015041384845972061,0.9630941325840099,0.03690586741599011,0.04561249539256096,0.0025389259681105614,374634
b2_cityscapes_val,2026-07-07 05:27:34,cityscapes,val,all,student_skd,/scratch/gautschi/manors/hf_cache/hub/models--nvidia--mit-b2/snapshots/3bb39e8739149c3777d0325349b2a6c32c6413db,runs/mit-b2_skd_j9196921/student_skd.ckpt,skd,img_000123,/home/manors/Guardrail-Distillation/data/cityscapes/leftImg8bit/val/frankfurt/frankfurt_000001_029086_leftImg8bit.png,,0.6939711468798436,0.3060288531201564,0.9357877969741821,0.9580559134483337,0.10437450557947159,0.10978061705827713,0.2285090982913971,0.9039484858512878,0.28180208802223206,-7.986304759979248,7.935525417327881,0.006716577801853418,0.052724044770002365,457078,7.985539501532912,7.4268772441428155,16.30963574280031,0.560417820958974,0.43958217904102603,126850,0.8328335665339216,0.1671664334660784,41803,0.11085639894008636,0.0006395864184014499,29.398938495432958,0.04281672462821007,0.9571832753717899,0.15886805951595306,0.27127164602279663,0.019305963069200516,0.5048263669013977,0.4951736330986023,0.5272865295410156,0.54997318983078,0.5798874497413635,0.5048263669013977,0.4951736330986023,0.5048263669013977,0.4951736330986023,0.777887432646314,0.222112567353686,0.9560600519180298,0.6109839525001438,0.3890160474998562,0.050566131541169845,0.8248756715207571,0.17512432847924286,0.0,0.08391628576647037,0.08391628576647037,0.028756579384207726,0.008484329096972942,0.9160837142335296,0.08391628576647037,0.03988378494977951,0.002601306652650237,398604
b2_cityscapes_val,2026-07-07 05:27:35,cityscapes,val,all,student_skd,/scratch/gautschi/manors/hf_cache/hub/models--nvidia--mit-b2/snapshots/3bb39e8739149c3777d0325349b2a6c32c6413db,runs/mit-b2_skd_j9196921/student_skd.ckpt,skd,img_000124,/home/manors/Guardrail-Distillation/data/cityscapes/leftImg8bit/val/frankfurt/frankfurt_000001_029236_leftImg8bit.png,,0.5562044952535858,0.44379550474641416,0.9506611227989197,0.9670321345329285,0.09472920745611191,0.08772945404052734,0.21253591775894165,0.9210005402565002,0.2434827834367752,-7.538650989532471,7.498616695404053,0.006307072006165981,0.042038965970277786,448227,7.963662996189669,7.422616501571611,16.304063494317234,0.8835301461327056,0.11646985386729436,120357,0.3254567943144706,0.6745432056855294,108312,0.08922918885946274,0.001136855804361403,29.39004375366494,0.05792473256587982,0.9420752674341202,0.23376314342021942,0.3580832779407501,0.03829069063067436,0.5095714926719666,0.49042850732803345,0.5474327206611633,0.580501139163971,0.5934364199638367,0.5095714926719666,0.49042850732803345,0.5095714926719666,0.49042850732803345,0.5972422966374599,0.40275770336254013,0.9620258808135986,0.9134097345318433,0.08659026546815674,0.029879588399137624,0.42436184393513504,0.5756381560648649,0.09890504962066449,0.04103780138387403,0.04103780138387403,0.021013904362916946,0.009649128653109074,0.958962198616126,0.04103780138387403,0.03388015180826187,0.0028891609981656075,404351
b2_cityscapes_val,2026-07-07 05:27:35,cityscapes,val,all,student_skd,/scratch/gautschi/manors/hf_cache/hub/models--nvidia--mit-b2/snapshots/3bb39e8739149c3777d0325349b2a6c32c6413db,runs/mit-b2_skd_j9196921/student_skd.ckpt,skd,img_000125,/home/manors/Guardrail-Distillation/data/cityscapes/leftImg8bit/val/frankfurt/frankfurt_000001_029600_leftImg8bit.png,,0.41326625628470787,0.5867337437152922,0.9311580061912537,0.9766420125961304,0.08312245458364487,0.06288997083902359,0.1872153878211975,0.9380312561988831,0.20715312659740448,-7.502450942993164,7.47372579574585,0.005533227697014809,0.031052108854055405,439165,7.963662996189669,7.422616501571611,16.304063494317234,0.537996495281593,0.462003504718407,106125,0.3269246186130957,0.6730753813869044,72437,0.06379371881484985,0.00048643266200087965,29.39004375366494,0.06800146400928497,0.931998535990715,0.29627203941345215,0.3889721632003784,0.05506335571408272,0.513762354850769,0.48623764514923096,0.5699185132980347,0.5953465700149536,0.598598837852478,0.513762354850769,0.48623764514923096,0.513762354850769,0.48623764514923096,0.46600536163606776,0.5339946383639322,0.9015677571296692,0.6631017081319877,0.33689829186801235,0.12510521285039466,0.3561985173086854,0.6438014826913145,0.02927389869558983,0.05273910535135995,0.05273910535135995,0.017153006047010422,0.046743251383304596,0.94726089464864,0.05273910535135995,0.07373082637786865,0.0059317112900316715,410054
b2_cityscapes_val,2026-07-07 05:27:35,cityscapes,val,all,student_skd,/scratch/gautschi/manors/hf_cache/hub/models--nvidia--mit-b2/snapshots/3bb39e8739149c3777d0325349b2a6c32c6413db,runs/mit-b2_skd_j9196921/student_skd.ckpt,skd,img_000126,/home/manors/Guardrail-Distillation/data/cityscapes/leftImg8bit/val/frankfurt/frankfurt_000001_030067_leftImg8bit.png,,0.5348039804449514,0.46519601955504863,0.9383533596992493,0.9657329320907593,0.10125837475061417,0.08802764117717743,0.22672876715660095,0.9253311157226562,0.2258637696504593,-7.870929718017578,7.828492641448975,0.00893445871770382,0.04830602556467056,433714,7.963662996189669,7.422616501571611,16.304063494317234,0.6860822996959348,0.3139177003040652,109198,0.22952290977798773,0.7704770902220123,31888,0.08888848125934601,0.000710026768501848,29.39004375366494,0.048337422311306,0.951662577688694,0.19139496982097626,0.35661569237709045,0.03358769044280052,0.5083961486816406,0.4916038513183594,0.5404960513114929,0.5831465125083923,0.6052970290184021,0.5083961486816406,0.4916038513183594,0.5083961486816406,0.4916038513183594,0.6396147775984565,0.36038522240154347,0.9554314613342285,0.7025929081517573,0.29740709184824266,0.01651060845582253,0.37388493504203635,0.6261150649579637,0.14436202526404862,0.10481079715350516,0.10481079715350516,0.025816552340984344,0.00873847771435976,0.8951892028464948,0.10481079715350516,0.04443250596523285,0.0024094218388199806,389686
b2_cityscapes_val,2026-07-07 05:27:35,cityscapes,val,all,student_skd,/scratch/gautschi/manors/hf_cache/hub/models--nvidia--mit-b2/snapshots/3bb39e8739149c3777d0325349b2a6c32c6413db,runs/mit-b2_skd_j9196921/student_skd.ckpt,skd,img_000127,/home/manors/Guardrail-Distillation/data/cityscapes/leftImg8bit/val/frankfurt/frankfurt_000001_030310_leftImg8bit.png,,0.6717346196606516,0.3282653803393484,0.9653381705284119,0.9725845456123352,0.0873129814863205,0.07112335413694382,0.1933038830757141,0.9367969036102295,0.19165687263011932,-8.204900741577148,8.171660423278809,0.004383615683764219,0.03528532013297081,466738,7.963662996189669,7.422616501571611,16.304063494317234,0.9022451774471891,0.09775482255281087,126850,0.8845943749753882,0.11540562502461182,82779,0.07180453091859818,0.0004459366318769753,29.39004375366494,0.02454640530049801,0.975453594699502,0.067563995718956,0.1879936307668686,-0.00016947956464719027,0.4999576210975647,0.5000423789024353,0.5084344148635864,0.5255370736122131,0.5965555906295776,0.4999576210975647,0.5000423789024353,0.4999576210975647,0.5000423789024353,0.6621171978484449,0.3378828021515551,0.9721749424934387,0.9334038190572056,0.0665961809427944,0.03115864161001647,0.9310268411779308,0.06897315882206922,0.0464324662025426,0.0,0.0,0.01269020326435566,0.005853390786796808,1.0,0.0,0.020148348063230515,0.0006556140724569559,427088
b2_cityscapes_val,2026-07-07 05:27:35,cityscapes,val,all,student_skd,/scratch/gautschi/manors/hf_cache/hub/models--nvidia--mit-b2/snapshots/3bb39e8739149c3777d0325349b2a6c32c6413db,runs/mit-b2_skd_j9196921/student_skd.ckpt,skd,img_000128,/home/manors/Guardrail-Distillation/data/cityscapes/leftImg8bit/val/frankfurt/frankfurt_000001_030669_leftImg8bit.png,,0.6954634894487697,0.3045365105512303,0.8985126614570618,0.952551543712616,0.11520533263683319,0.11914104968309402,0.2517605125904083,0.9013256430625916,0.28261128067970276,-8.007936477661133,7.94951057434082,0.009824653156101704,0.06590492278337479,450194,7.984948228113353,7.414019724819809,16.294945729896426,0.6485231347685483,0.3514768652314517,126612,0.9252554968205816,0.07474450317941839,67924,0.12014109641313553,0.0006872090161778033,29.393209755653515,0.06186016649007797,0.938139833509922,0.2929494380950928,0.42722082138061523,0.04769524931907654,0.5119215846061707,0.48807841539382935,0.5508518218994141,0.6152673363685608,0.5853835344314575,0.5119215846061707,0.48807841539382935,0.5119215846061707,0.48807841539382935,0.7796861452165599,0.22031385478344012,0.9413807988166809,0.6617155897782503,0.3382844102217497,0.013192455009702009,0.9521101896784312,0.047889810321568804,0.026854692857849582,0.0842226557677902,0.0842226557677902,0.056431226432323456,0.01356304157525301,0.9157773442322098,0.0842226557677902,0.09130508452653885,0.014002852141857147,385353
b2_cityscapes_val,2026-07-07 05:27:35,cityscapes,val,all,student_skd,/scratch/gautschi/manors/hf_cache/hub/models--nvidia--mit-b2/snapshots/3bb39e8739149c3777d0325349b2a6c32c6413db,runs/mit-b2_skd_j9196921/student_skd.ckpt,skd,img_000129,/home/manors/Guardrail-Distillation/data/cityscapes/leftImg8bit/val/frankfurt/frankfurt_000001_031266_leftImg8bit.png,,0.7079285660480471,0.2920714339519529,0.9787691235542297,0.982843279838562,0.06616713106632233,0.046144578605890274,0.14322127401828766,0.953395426273346,0.1508834958076477,-8.460851669311523,8.440523147583008,0.0013255486264824867,0.01957511529326439,451134,7.984948228113353,7.414019724819809,16.294945729896426,0.49997995477797913,0.5000200452220209,124718,0.5815313958223429,0.4184686041776571,59400,0.04676344245672226,0.00034113842411898077,29.393209755653515,0.026166129857301712,0.9738338701426983,0.05872847139835358,0.20811888575553894,0.004237722605466843,0.5010594725608826,0.49894052743911743,0.5089344382286072,0.5329026579856873,0.6022934913635254,0.5010594725608826,0.49894052743911743,0.5010594725608826,0.49894052743911743,0.6719441413704985,0.3280558586295015,0.968858540058136,1.0,0.0,0.5000200452220209,0.6297145760981998,0.3702854239018002,0.048183180275856885,0.0,0.0,0.006567893549799919,0.01647847518324852,1.0,0.0,0.024254435673356056,0.00021058045967947692,427734
b2_cityscapes_val,2026-07-07 05:27:35,cityscapes,val,all,student_skd,/scratch/gautschi/manors/hf_cache/hub/models--nvidia--mit-b2/snapshots/3bb39e8739149c3777d0325349b2a6c32c6413db,runs/mit-b2_skd_j9196921/student_skd.ckpt,skd,img_000130,/home/manors/Guardrail-Distillation/data/cityscapes/leftImg8bit/val/frankfurt/frankfurt_000001_031416_leftImg8bit.png,,0.5722244744724304,0.4277755255275696,0.9708714485168457,0.9762033224105835,0.07997921109199524,0.0625162273645401,0.17496801912784576,0.9409385919570923,0.1860312521457672,-8.525278091430664,8.49666690826416,0.0030810332391411066,0.028528571128845215,456665,7.984948228113353,7.414019724819809,16.294945729896426,0.4999605759071484,0.5000394240928516,126826,0.49839947712858945,0.5016005228714105,98645,0.06324517726898193,0.0003823999722953886,29.393209755653515,0.02795036882162094,0.9720496311783791,0.07378386706113815,0.21766260266304016,0.008966262452304363,0.5022415518760681,0.4977584481239319,0.512710690498352,0.5396472215652466,0.5931187272071838,0.5022415518760681,0.4977584481239319,0.5022415518760681,0.4977584481239319,0.5839635789759761,0.41603642102402394,0.9738495349884033,1.0,0.0,0.5000394240928516,0.46461348769795663,0.5353865123020434,0.0,0.01173910450354565,0.01173910450354565,0.012078876607120037,0.009100763127207756,0.9882608954964544,0.01173910450354565,0.02222197875380516,0.0013467202661558986,423085
b2_cityscapes_val,2026-07-07 05:27:35,cityscapes,val,all,student_skd,/scratch/gautschi/manors/hf_cache/hub/models--nvidia--mit-b2/snapshots/3bb39e8739149c3777d0325349b2a6c32c6413db,runs/mit-b2_skd_j9196921/student_skd.ckpt,skd,img_000131,/home/manors/Guardrail-Distillation/data/cityscapes/leftImg8bit/val/frankfurt/frankfurt_000001_032018_leftImg8bit.png,,0.6239854120073532,0.37601458799264675,0.9533522129058838,0.9664217829704285,0.09825936704874039,0.08864851295948029,0.22390754520893097,0.9224311709403992,0.23934192955493927,-8.222195625305176,8.1809663772583,0.007323539350181818,0.04528411477804184,433397,7.984948228113353,7.414019724819809,16.294945729896426,0.5952657879330909,0.40473421206690907,126850,0.6150307913447282,0.38496920865527184,98295,0.0895732194185257,0.0005982733564451337,29.393209755653515,0.03302941471338272,0.9669705852866173,0.11011157184839249,0.2510676980018616,0.012539428658783436,0.5031348466873169,0.4968651533126831,0.5178849697113037,0.5445189476013184,0.604337215423584,0.5031348466873169,0.4968651533126831,0.5031348466873169,0.4968651533126831,0.6976239609853622,0.30237603901463783,0.9592406153678894,0.8654467058749827,0.13455329412501726,0.2701809179418918,0.9193785483776049,0.08062145162239509,0.30434775703287675,0.07363854897800892,0.07363854897800892,0.015113163739442825,0.009224798530340195,0.9263614510219911,0.07363854897800892,0.027464425191283226,0.0014121001586318016,389893
b2_cityscapes_val,2026-07-07 05:27:35,cityscapes,val,all,student_skd,/scratch/gautschi/manors/hf_cache/hub/models--nvidia--mit-b2/snapshots/3bb39e8739149c3777d0325349b2a6c32c6413db,runs/mit-b2_skd_j9196921/student_skd.ckpt,skd,img_000132,/home/manors/Guardrail-Distillation/data/cityscapes/leftImg8bit/val/frankfurt/frankfurt_000001_032556_leftImg8bit.png,,0.489866586573038,0.510133413426962,0.9600630402565002,0.9747663736343384,0.08418133854866028,0.06649263203144073,0.18922656774520874,0.9396277070045471,0.18843558430671692,-8.15276050567627,8.12209701538086,0.00435088574886322,0.03197436407208443,451862,7.978773268405348,7.4076305027119815,16.285231249639764,1.0,0.0,126850,0.2811331537421911,0.718866846257809,11283,0.06720148772001266,0.0005030081374570727,29.410691757220775,0.025316299870610237,0.9746837001293898,0.06759265065193176,0.18810632824897766,0.0036659203469753265,0.5009164810180664,0.4990835189819336,0.5109379887580872,0.5310238599777222,0.6100348830223083,0.5009164810180664,0.4990835189819336,0.5009164810180664,0.4990835189819336,0.5327586766214314,0.4672413233785686,0.9687116742134094,1.0,0.0,0.0,0.2922093757607093,0.7077906242392906,0.011076222018518322,0.04289209004839334,0.04289209004839334,0.016549300402402878,0.007900642231106758,0.9571079099516067,0.04289209004839334,0.027196357026696205,0.002972146263346076,417456
b2_cityscapes_val,2026-07-07 05:27:35,cityscapes,val,all,student_skd,/scratch/gautschi/manors/hf_cache/hub/models--nvidia--mit-b2/snapshots/3bb39e8739149c3777d0325349b2a6c32c6413db,runs/mit-b2_skd_j9196921/student_skd.ckpt,skd,img_000133,/home/manors/Guardrail-Distillation/data/cityscapes/leftImg8bit/val/frankfurt/frankfurt_000001_032711_leftImg8bit.png,,0.5226509955188233,0.4773490044811767,0.9676821231842041,0.9842168092727661,0.06526529788970947,0.04089822992682457,0.13918957114219666,0.9596796631813049,0.12999854981899261,-8.623068809509277,8.604196548461914,0.0014847120037302375,0.01925371214747429,462716,7.978773268405348,7.4076305027119815,16.285231249639764,0.9524155600695523,0.0475844399304477,126850,0.4525329755184929,0.5474670244815071,102082,0.04144810512661934,0.00028042311896570027,29.410691757220775,0.0148289380595088,0.9851710619404912,0.019982147961854935,0.0904717743396759,-0.006970709189772606,0.4982573091983795,0.5017426908016205,0.5035561919212341,0.5124866962432861,0.6080674529075623,0.4982573091983795,0.5017426908016205,0.4982573091983795,0.5017426908016205,0.5813923567374137,0.41860764326258626,0.9713345170021057,0.9568787550569785,0.0431212449430215,0.0044631949874262,0.44115768505843345,0.5588423149415666,0.0,0.058741361218590415,0.058741361218590415,0.007401948794722557,0.0037496003787964582,0.9412586387814096,0.058741361218590415,0.011557845398783684,0.0006526681827381253,440449
b2_cityscapes_val,2026-07-07 05:27:35,cityscapes,val,all,student_skd,/scratch/gautschi/manors/hf_cache/hub/models--nvidia--mit-b2/snapshots/3bb39e8739149c3777d0325349b2a6c32c6413db,runs/mit-b2_skd_j9196921/student_skd.ckpt,skd,img_000134,/home/manors/Guardrail-Distillation/data/cityscapes/leftImg8bit/val/frankfurt/frankfurt_000001_032942_leftImg8bit.png,,0.5845780670567716,0.4154219329432284,0.9664911031723022,0.9781057834625244,0.07809624820947647,0.05650154501199722,0.168406143784523,0.9450343251228333,0.17876876890659332,-8.508341789245605,8.481890678405762,0.00277043622918427,0.028281357139348984,462743,7.978773268405348,7.4076305027119815,16.285231249639764,0.871888559498481,0.128111440501519,126850,0.5400759157673288,0.45992408423267117,103521,0.057203616946935654,0.00039356949855573475,29.410691757220775,0.03229484707117081,0.9677051529288292,0.11374681442975998,0.2203264683485031,0.01113966666162014,0.5027849078178406,0.4972150921821594,0.5196126699447632,0.5401571989059448,0.5919293165206909,0.5027849078178406,0.4972150921821594,0.5027849078178406,0.4972150921821594,0.5764664682879576,0.42353353171204244,0.971647322177887,0.9082453621728793,0.09175463782712068,0.036356802674398336,0.6074629804556272,0.3925370195443728,0.06738706468829836,0.0,0.0,0.012253021821379662,0.007096811663359404,1.0,0.0,0.021210476756095886,0.0011885646963492036,432201
b2_cityscapes_val,2026-07-07 05:27:35,cityscapes,val,all,student_skd,/scratch/gautschi/manors/hf_cache/hub/models--nvidia--mit-b2/snapshots/3bb39e8739149c3777d0325349b2a6c32c6413db,runs/mit-b2_skd_j9196921/student_skd.ckpt,skd,img_000135,/home/manors/Guardrail-Distillation/data/cityscapes/leftImg8bit/val/frankfurt/frankfurt_000001_033655_leftImg8bit.png,,0.5121912152426353,0.48780878475736467,0.9747921228408813,0.9820973873138428,0.0709264948964119,0.04634730890393257,0.15641751885414124,0.957033097743988,0.13452576100826263,-8.714547157287598,8.692923545837402,0.002474257256835699,0.022200914099812508,459936,7.978773268405348,7.4076305027119815,16.285231249639764,0.9330075347983693,0.06699246520163071,126850,0.6035625528282437,0.39643744717175633,85798,0.04689592495560646,0.0003164196969009936,29.410691757220775,0.015691086649894714,0.9843089133501053,0.026833198964595795,0.10705633461475372,-0.0073945666663348675,0.49815136194229126,0.5018486380577087,0.503474235534668,0.5162003636360168,0.6024536490440369,0.49815136194229126,0.5018486380577087,0.49815136194229126,0.5018486380577087,0.5931866426606254,0.4068133573393746,0.9797471761703491,0.9359079724522199,0.0640920275477801,0.0029004376538506182,0.6041405871157957,0.39585941288420434,0.0005780342875519873,0.08099542741799004,0.08099542741799004,0.009349126368761063,0.004394089803099632,0.91900457258201,0.08099542741799004,0.014830323867499828,0.0012675676262006164,434633
b2_cityscapes_val,2026-07-07 05:27:36,cityscapes,val,all,student_skd,/scratch/gautschi/manors/hf_cache/hub/models--nvidia--mit-b2/snapshots/3bb39e8739149c3777d0325349b2a6c32c6413db,runs/mit-b2_skd_j9196921/student_skd.ckpt,skd,img_000136,/home/manors/Guardrail-Distillation/data/cityscapes/leftImg8bit/val/frankfurt/frankfurt_000001_034047_leftImg8bit.png,,0.6364845057282849,0.36351549427171514,0.9483730792999268,0.9540306925773621,0.11709856986999512,0.12013289332389832,0.27344822883605957,0.9022965431213379,0.2913762629032135,-7.916674613952637,7.859017372131348,0.01328369416296482,0.06451023370027542,459586,8.010202756850049,7.413810235448182,16.30026998464018,0.8507761234146952,0.14922387658530478,126850,0.807736144223032,0.19226385577696803,19831,0.12118689715862274,0.0006872463854961097,29.39633425557986,0.04932914674282074,0.9506708532571793,0.20480836927890778,0.3316930830478668,0.024982308968901634,0.5062452554702759,0.4937547445297241,0.5335589647293091,0.5649172067642212,0.580021321773529,0.5062452554702759,0.4937547445297241,0.5062452554702759,0.4937547445297241,0.6819512782440719,0.31804872175592813,0.9522939920425415,0.8858520492890111,0.11414795071098893,0.03507592587431585,0.8816236657640916,0.11837633423590843,0.0738875215410596,0.04546677251578701,0.04546677251578701,0.019789548590779305,0.01586862839758396,0.954533227484213,0.04546677251578701,0.03839759901165962,0.0007767860661260784,398881
b2_cityscapes_val,2026-07-07 05:27:36,cityscapes,val,all,student_skd,/scratch/gautschi/manors/hf_cache/hub/models--nvidia--mit-b2/snapshots/3bb39e8739149c3777d0325349b2a6c32c6413db,runs/mit-b2_skd_j9196921/student_skd.ckpt,skd,img_000137,/home/manors/Guardrail-Distillation/data/cityscapes/leftImg8bit/val/frankfurt/frankfurt_000001_034816_leftImg8bit.png,,0.4459495532525582,0.5540504467474419,0.9228264689445496,0.9561806321144104,0.11197715252637863,0.11511769145727158,0.2564449608325958,0.9024754166603088,0.30052804946899414,-7.163425445556641,7.1092529296875,0.010599172674119473,0.0604410395026207,458149,8.010202756850049,7.413810235448182,16.30026998464018,0.9185874168556131,0.08141258314438693,126850,0.46468395930564754,0.5353160406943525,40102,0.11660879850387573,0.000994906178675592,29.39633425557986,0.06244180351495743,0.9375581964850426,0.2689161002635956,0.395683616399765,0.039833299815654755,0.5099570155143738,0.4900429844856262,0.5475651025772095,0.5874630212783813,0.6026211977005005,0.5099570155143738,0.4900429844856262,0.5099570155143738,0.4900429844856262,0.48877790780322117,0.5112220921967788,0.9383519887924194,0.9284334315689254,0.07156656843107456,0.009846014713312368,0.3885113729905734,0.6114886270094266,0.0,0.04282835455066303,0.04282835455066303,0.02808256819844246,0.01255705114454031,0.957171645449337,0.04282835455066303,0.047822870314121246,0.004195142071694136,398652
b2_cityscapes_val,2026-07-07 05:27:36,cityscapes,val,all,student_skd,/scratch/gautschi/manors/hf_cache/hub/models--nvidia--mit-b2/snapshots/3bb39e8739149c3777d0325349b2a6c32c6413db,runs/mit-b2_skd_j9196921/student_skd.ckpt,skd,img_000138,/home/manors/Guardrail-Distillation/data/cityscapes/leftImg8bit/val/frankfurt/frankfurt_000001_035144_leftImg8bit.png,,0.6521113236648503,0.34788867633514975,0.9239087104797363,0.9561911821365356,0.10833735018968582,0.1124473288655281,0.23678527772426605,0.9037512540817261,0.28068745136260986,-7.875089645385742,7.821774005889893,0.0067486814223229885,0.05918515473604202,435937,8.010202756850049,7.413810235448182,16.30026998464018,0.49955913501580324,0.5004408649841967,102393,0.6308701560497019,0.36912984395029813,62528,0.1135680228471756,0.0007909098058007658,29.39633425557986,0.06959597021341324,0.9304040297865868,0.27506008744239807,0.3879894018173218,0.05418088287115097,0.5135419368743896,0.48645806312561035,0.5597028732299805,0.591393768787384,0.5844179391860962,0.5135419368743896,0.48645806312561035,0.5135419368743896,0.48645806312561035,0.685404795510489,0.31459520448951095,0.9343620538711548,0.6716483284511415,0.32835167154885847,0.17208919343533824,0.6722043997533405,0.32779560024665955,0.041334243703638585,0.0332934718456388,0.0332934718456388,0.025561030954122543,0.015107686631381512,0.9667065281543612,0.0332934718456388,0.04595617949962616,0.0027710425201803446,377767
b2_cityscapes_val,2026-07-07 05:27:36,cityscapes,val,all,student_skd,/scratch/gautschi/manors/hf_cache/hub/models--nvidia--mit-b2/snapshots/3bb39e8739149c3777d0325349b2a6c32c6413db,runs/mit-b2_skd_j9196921/student_skd.ckpt,skd,img_000139,/home/manors/Guardrail-Distillation/data/cityscapes/leftImg8bit/val/frankfurt/frankfurt_000001_035864_leftImg8bit.png,,0.6059384123184284,0.3940615876815716,0.9608204364776611,0.9684298634529114,0.09499356150627136,0.08236658573150635,0.21489855647087097,0.9295987486839294,0.21026264131069183,-7.902134895324707,7.8634185791015625,0.006613175384700298,0.04123105853796005,466493,8.010202756850049,7.413810235448182,16.30026998464018,0.957894179473942,0.042105820526058046,126850,0.6269945437818238,0.37300545621817616,108338,0.08326262980699539,0.0005592498346231878,29.39633425557986,0.03909609094262123,0.9609039090573788,0.1370893120765686,0.28422197699546814,0.016573045402765274,0.5041431784629822,0.4958568215370178,0.5202541351318359,0.5497066974639893,0.5961896777153015,0.5041431784629822,0.4958568215370178,0.5041431784629822,0.4958568215370178,0.6723645303496609,0.3276354696503391,0.970938503742218,0.9602338229111957,0.039766177088804255,0.002339643437253791,0.6572310437136778,0.3427689562863222,0.030236499931853955,0.06642611803123255,0.06642611803123255,0.016913436353206635,0.006795385852456093,0.9335738819687674,0.06642611803123255,0.02557380311191082,0.002430904656648636,422086
b2_cityscapes_val,2026-07-07 05:27:36,cityscapes,val,all,student_skd,/scratch/gautschi/manors/hf_cache/hub/models--nvidia--mit-b2/snapshots/3bb39e8739149c3777d0325349b2a6c32c6413db,runs/mit-b2_skd_j9196921/student_skd.ckpt,skd,img_000140,/home/manors/Guardrail-Distillation/data/cityscapes/leftImg8bit/val/frankfurt/frankfurt_000001_037705_leftImg8bit.png,,0.6315986004754093,0.3684013995245907,0.9192355871200562,0.9328938126564026,0.1341165453195572,0.16338494420051575,0.287751704454422,0.8667647242546082,0.3756832778453827,-7.182319164276123,7.0991129875183105,0.012453948147594929,0.0968857929110527,418823,7.973921252414584,7.440073735779151,16.299391019856557,0.8392263982453736,0.1607736017546264,122794,0.645586171664036,0.354413828335964,70918,0.1648082137107849,0.0008221549214795232,29.432299750624225,0.07102631777524948,0.9289736822247505,0.300406813621521,0.3748551905155182,0.050098907202482224,0.5125221014022827,0.4874778985977173,0.5617879629135132,0.594082236289978,0.5600952506065369,0.5125221014022827,0.4874778985977173,0.5125221014022827,0.4874778985977173,0.6296534070682268,0.3703465929317732,0.9449456930160522,0.8985774809878709,0.10142251901212906,0.05935108274249734,0.6484478942825472,0.35155210571745277,0.002861722618511253,0.0,0.0,0.039639655500650406,0.013929512351751328,1.0,0.0,0.059538278728723526,0.0022945252712816,334950
b2_cityscapes_val,2026-07-07 05:27:36,cityscapes,val,all,student_skd,/scratch/gautschi/manors/hf_cache/hub/models--nvidia--mit-b2/snapshots/3bb39e8739149c3777d0325349b2a6c32c6413db,runs/mit-b2_skd_j9196921/student_skd.ckpt,skd,img_000141,/home/manors/Guardrail-Distillation/data/cityscapes/leftImg8bit/val/frankfurt/frankfurt_000001_038245_leftImg8bit.png,,0.5308492821162686,0.4691507178837314,0.9287269711494446,0.9553982019424438,0.11554954200983047,0.11568944901227951,0.2644229233264923,0.9062356352806091,0.2785658836364746,-8.202795028686523,8.14704418182373,0.012951965443789959,0.0635875016450882,443562,7.973921252414584,7.440073735779151,16.299391019856557,0.4999842333464722,0.5000157666535279,126850,0.5860013794013601,0.4139986205986399,26168,0.11681471019983292,0.0006732669426128268,29.432299750624225,0.047112174332141876,0.9528878256678581,0.19795595109462738,0.3251252770423889,0.021786969155073166,0.5054465532302856,0.49455344676971436,0.5307466983795166,0.5565605163574219,0.5947293639183044,0.5054465532302856,0.49455344676971436,0.5054465532302856,0.49455344676971436,0.5541922177267057,0.4458077822732943,0.9363064765930176,1.0,0.0,0.5000157666535279,0.5827583757347319,0.4172416242652681,0.0,0.0233429356104371,0.0233429356104371,0.019850661978125572,0.012271113693714142,0.9766570643895629,0.0233429356104371,0.04094579443335533,0.0011249836534261703,385803
b2_cityscapes_val,2026-07-07 05:27:36,cityscapes,val,all,student_skd,/scratch/gautschi/manors/hf_cache/hub/models--nvidia--mit-b2/snapshots/3bb39e8739149c3777d0325349b2a6c32c6413db,runs/mit-b2_skd_j9196921/student_skd.ckpt,skd,img_000142,/home/manors/Guardrail-Distillation/data/cityscapes/leftImg8bit/val/frankfurt/frankfurt_000001_038418_leftImg8bit.png,,0.5743364359603205,0.42566356403967953,0.9350900053977966,0.9652681946754456,0.0973985493183136,0.09314319491386414,0.22149917483329773,0.9159481525421143,0.2630317807197571,-8.0631685256958,8.020882606506348,0.006557617802172899,0.04420765861868858,448791,7.973921252414584,7.440073735779151,16.299391019856557,0.49998817389110517,0.5000118261088948,126838,0.6735410506336439,0.3264589493663561,22208,0.09422286599874496,0.00053407036466524,29.432299750624225,0.046641696244478226,0.9533583037555218,0.1800670176744461,0.29643258452415466,0.02476499415934086,0.5061908960342407,0.4938091039657593,0.5305322408676147,0.5617757439613342,0.5962966084480286,0.5061908960342407,0.4938091039657593,0.5061908960342407,0.4938091039657593,0.6560253488473982,0.34397465115260184,0.9396645426750183,0.49998817389110517,0.5000118261088948,0.0,0.9198030852005371,0.08019691479946289,0.24626203456689322,0.08168891288707769,0.08168891288707769,0.011069740168750286,0.006495228037238121,0.9183110871129223,0.08168891288707769,0.025245603173971176,0.0013569790171459317,402215
b2_cityscapes_val,2026-07-07 05:27:36,cityscapes,val,all,student_skd,/scratch/gautschi/manors/hf_cache/hub/models--nvidia--mit-b2/snapshots/3bb39e8739149c3777d0325349b2a6c32c6413db,runs/mit-b2_skd_j9196921/student_skd.ckpt,skd,img_000143,/home/manors/Guardrail-Distillation/data/cityscapes/leftImg8bit/val/frankfurt/frankfurt_000001_038645_leftImg8bit.png,,0.5782865864223867,0.42171341357761327,0.9372038841247559,0.9517144560813904,0.11697253584861755,0.12661096453666687,0.2652996778488159,0.893197774887085,0.32194438576698303,-7.7985005378723145,7.738669395446777,0.012587789446115494,0.06613681465387344,427160,7.973921252414584,7.440073735779151,16.299391019856557,0.6529705125842546,0.34702948741574535,126850,0.5848674118597315,0.41513258814026854,28853,0.12774215638637543,0.0007698938134126365,29.432299750624225,0.04655197262763977,0.9534480273723602,0.18072156608104706,0.30281391739845276,0.025744326412677765,0.506435751914978,0.493564248085022,0.5342481136322021,0.5577862858772278,0.5839468836784363,0.506435751914978,0.493564248085022,0.506435751914978,0.493564248085022,0.6502947863075345,0.34970521369246554,0.9478135108947754,0.9856495770051031,0.014350422994896861,0.3326790644208485,0.608157870010448,0.39184212998955203,0.02329045815071651,0.07200819988514773,0.07200819988514773,0.02512875758111477,0.014519150368869305,0.9279918001148523,0.07200819988514773,0.044243376702070236,0.0027039048727601767,366273
b2_cityscapes_val,2026-07-07 05:27:36,cityscapes,val,all,student_skd,/scratch/gautschi/manors/hf_cache/hub/models--nvidia--mit-b2/snapshots/3bb39e8739149c3777d0325349b2a6c32c6413db,runs/mit-b2_skd_j9196921/student_skd.ckpt,skd,img_000144,/home/manors/Guardrail-Distillation/data/cityscapes/leftImg8bit/val/frankfurt/frankfurt_000001_038844_leftImg8bit.png,,0.5467241514532274,0.4532758485467726,0.9158169031143188,0.963203489780426,0.09679178893566132,0.10021597146987915,0.21680948138237,0.9070873260498047,0.29052215814590454,-7.880449295043945,7.836215019226074,0.00556973647326231,0.04396228492259979,434850,7.983802759554237,7.423895003739744,16.299217008054256,0.8715814807412023,0.12841851925879766,126836,0.6126357785996575,0.38736422140034255,29859,0.10134615004062653,0.0006459620781242847,29.40235601272434,0.051496051251888275,0.9485039487481117,0.20504848659038544,0.31955012679100037,0.033107005059719086,0.5082759857177734,0.49172401428222656,0.5404715538024902,0.5692768096923828,0.5831247568130493,0.5082759857177734,0.49172401428222656,0.5082759857177734,0.49172401428222656,0.5887272675294036,0.41127273247059637,0.9215683341026306,0.8484565150163039,0.15154348498369608,0.0,0.6139912499948966,0.3860087500051034,0.0013554713952391717,0.04200311607617624,0.04200311607617624,0.018231574445962906,0.012480164878070354,0.9579968839238238,0.04200311607617624,0.03557778522372246,0.003909394145011902,386124
b2_cityscapes_val,2026-07-07 05:27:36,cityscapes,val,all,student_skd,/scratch/gautschi/manors/hf_cache/hub/models--nvidia--mit-b2/snapshots/3bb39e8739149c3777d0325349b2a6c32c6413db,runs/mit-b2_skd_j9196921/student_skd.ckpt,skd,img_000145,/home/manors/Guardrail-Distillation/data/cityscapes/leftImg8bit/val/frankfurt/frankfurt_000001_039895_leftImg8bit.png,,0.5711487410477648,0.4288512589522352,0.9481099843978882,0.9629225134849548,0.10237626731395721,0.09384524077177048,0.22372396290302277,0.9193982481956482,0.23847807943820953,-8.212678909301758,8.167241096496582,0.006623503286391497,0.050452157855033875,456254,7.983802759554237,7.423895003739744,16.299217008054256,0.8858904327451181,0.11410956725488186,126850,0.7596981126091393,0.24030188739086067,82897,0.0949316993355751,0.0006946850917302072,29.40235601272434,0.03754379600286484,0.9624562039971352,0.14086082577705383,0.2645931839942932,0.01564119942486286,0.5039102435112,0.49608975648880005,0.5230703949928284,0.5484603047370911,0.581602931022644,0.5039102435112,0.49608975648880005,0.5039102435112,0.49608975648880005,0.5158316010823273,0.4841683989176727,0.9651092886924744,0.4984272763106031,0.501572723689397,0.0,0.5701534516491565,0.42984654835084346,0.0,0.0,0.0,0.025724705308675766,0.008725402876734734,1.0,0.0,0.03701227530837059,0.0035221606958657503,404853
b2_cityscapes_val,2026-07-07 05:27:36,cityscapes,val,all,student_skd,/scratch/gautschi/manors/hf_cache/hub/models--nvidia--mit-b2/snapshots/3bb39e8739149c3777d0325349b2a6c32c6413db,runs/mit-b2_skd_j9196921/student_skd.ckpt,skd,img_000146,/home/manors/Guardrail-Distillation/data/cityscapes/leftImg8bit/val/frankfurt/frankfurt_000001_040575_leftImg8bit.png,,0.5196603460211603,0.4803396539788397,0.9219074249267578,0.9489230513572693,0.1191839650273323,0.1308567076921463,0.2670421600341797,0.8935291171073914,0.30474376678466797,-8.063325881958008,8.000178337097168,0.011774356476962566,0.06965252757072449,449876,7.983802759554237,7.423895003739744,16.299217008054256,0.8405024957977214,0.1594975042022786,126850,0.6949557594934026,0.3050442405065974,18680,0.13205961883068085,0.0007585042039863765,29.40235601272434,0.04543127864599228,0.9545687213540077,0.18472805619239807,0.299483060836792,0.020477421581745148,0.5051191449165344,0.4948808550834656,0.5284090042114258,0.5528184175491333,0.574338972568512,0.5051191449165344,0.4948808550834656,0.5051191449165344,0.4948808550834656,0.5637310969216304,0.43626890307836963,0.9426242113113403,0.5972253271658854,0.4027746728341146,0.0,0.6919977033758427,0.30800229662415735,0.0,0.04407075090047008,0.04407075090047008,0.035451993346214294,0.014735172502696514,0.9559292490995299,0.04407075090047008,0.05611101910471916,0.006866336800158024,380719
b2_cityscapes_val,2026-07-07 05:27:36,cityscapes,val,all,student_skd,/scratch/gautschi/manors/hf_cache/hub/models--nvidia--mit-b2/snapshots/3bb39e8739149c3777d0325349b2a6c32c6413db,runs/mit-b2_skd_j9196921/student_skd.ckpt,skd,img_000147,/home/manors/Guardrail-Distillation/data/cityscapes/leftImg8bit/val/frankfurt/frankfurt_000001_040732_leftImg8bit.png,,0.46792287083294515,0.5320771291670549,0.9122727513313293,0.9582229256629944,0.11088550090789795,0.10981576144695282,0.2550888657569885,0.9094118475914001,0.27013102173805237,-8.19362735748291,8.141668319702148,0.01213056594133377,0.057107582688331604,453565,7.983802759554237,7.423895003739744,16.299217008054256,1.0,0.0,126850,0.5099497409976521,0.4900502590023479,12803,0.11101122200489044,0.0007053628214634955,29.40235601272434,0.03871513903141022,0.9612848609685898,0.1423843801021576,0.2822176516056061,0.01522732526063919,0.5038067698478699,0.4961932301521301,0.5223939418792725,0.5470397472381592,0.5966453552246094,0.5038067698478699,0.4961932301521301,0.5038067698478699,0.4961932301521301,0.5075576336061934,0.49244236639380656,0.9417657852172852,1.0,0.0,0.0,0.5254715633332087,0.47452843666679134,0.015521822335556545,0.03963476277324829,0.03963476277324829,0.043171320110559464,0.01367830391973257,0.9603652372267517,0.03963476277324829,0.06121504306793213,0.020457927137613297,397574
b2_cityscapes_val,2026-07-07 05:27:36,cityscapes,val,all,student_skd,/scratch/gautschi/manors/hf_cache/hub/models--nvidia--mit-b2/snapshots/3bb39e8739149c3777d0325349b2a6c32c6413db,runs/mit-b2_skd_j9196921/student_skd.ckpt,skd,img_000148,/home/manors/Guardrail-Distillation/data/cityscapes/leftImg8bit/val/frankfurt/frankfurt_000001_041074_leftImg8bit.png,,0.5376682298535765,0.46233177014642346,0.9227368235588074,0.9420849084854126,0.1292465776205063,0.14691515266895294,0.29376521706581116,0.8861480951309204,0.32344645261764526,-7.746326446533203,7.6738762855529785,0.01578146405518055,0.08405745774507523,450085,7.981826987816021,7.417033746605739,16.296144749503583,0.9682864917207755,0.03171350827922448,123458,0.7079111246739138,0.2920888753260862,2666,0.14798744022846222,0.0007561530219390988,29.396639758488163,0.06485389918088913,0.9351461008191109,0.2808091342449188,0.3810250759124756,0.03939375281333923,0.5098471641540527,0.49015283584594727,0.5530998110771179,0.5818445682525635,0.5871826410293579,0.5098471641540527,0.49015283584594727,0.5098471641540527,0.49015283584594727,0.5521547603860251,0.44784523961397493,0.9395291805267334,0.652336457615052,0.347663542384948,0.0,0.792173372312402,0.20782662768759796,0.08426224763848822,0.014486530532448527,0.014486530532448527,0.03503560274839401,0.018243221566081047,0.9855134694675515,0.014486530532448527,0.061832766979932785,0.0048168678767979145,372653
b2_cityscapes_val,2026-07-07 05:27:36,cityscapes,val,all,student_skd,/scratch/gautschi/manors/hf_cache/hub/models--nvidia--mit-b2/snapshots/3bb39e8739149c3777d0325349b2a6c32c6413db,runs/mit-b2_skd_j9196921/student_skd.ckpt,skd,img_000149,/home/manors/Guardrail-Distillation/data/cityscapes/leftImg8bit/val/frankfurt/frankfurt_000001_041354_leftImg8bit.png,,0.6509975369238292,0.3490024630761708,0.9178133010864258,0.9646416902542114,0.09683216363191605,0.08783354610204697,0.20260591804981232,0.9243453145027161,0.21260730922222137,-8.153979301452637,8.111250877380371,0.004089283756911755,0.04554763808846474,443843,7.981826987816021,7.417033746605739,16.296144749503583,0.4580158698990119,0.5419841301009881,122310,0.9869387178763062,0.01306128212369384,28328,0.0885603055357933,0.00036958191776648164,29.396639758488163,0.03652898222208023,0.9634710177779198,0.1335577368736267,0.2557467222213745,0.016222484409809113,0.5040555000305176,0.4959444999694824,0.5234582424163818,0.5471892952919006,0.5973389148712158,0.5040555000305176,0.4959444999694824,0.5040555000305176,0.4959444999694824,0.7899334930942504,0.21006650690574957,0.9766899347305298,0.6614323366897058,0.3385676633102942,0.20341646679069392,0.9836204462016379,0.01637955379836209,0.0,0.1389359561704212,0.1389359561704212,0.06586337834596634,0.006986704654991627,0.8610640438295788,0.1389359561704212,0.07380086928606033,0.0353030227124691,395487
b2_cityscapes_val,2026-07-07 05:27:36,cityscapes,val,all,student_skd,/scratch/gautschi/manors/hf_cache/hub/models--nvidia--mit-b2/snapshots/3bb39e8739149c3777d0325349b2a6c32c6413db,runs/mit-b2_skd_j9196921/student_skd.ckpt,skd,img_000150,/home/manors/Guardrail-Distillation/data/cityscapes/leftImg8bit/val/frankfurt/frankfurt_000001_041517_leftImg8bit.png,,0.7219165969561653,0.2780834030438347,0.9411004185676575,0.9721310138702393,0.08727164566516876,0.0731039047241211,0.19365376234054565,0.9347343444824219,0.19722266495227814,-8.15219783782959,8.11848258972168,0.004258166532963514,0.035249363631010056,460292,7.981826987816021,7.417033746605739,16.296144749503583,1.0,0.0,126850,0.9159747285270499,0.08402527147295014,34103,0.07386691868305206,0.00046120959450490773,29.396639758488163,0.03614959865808487,0.9638504013419151,0.11872904002666473,0.2687070965766907,0.012857885099947453,0.503214418888092,0.49678558111190796,0.5209795236587524,0.5498283505439758,0.6006052494049072,0.503214418888092,0.49678558111190796,0.503214418888092,0.49678558111190796,0.7636773027379294,0.23632269726207056,0.9558649063110352,1.0,0.0,0.0,0.9344606422004196,0.06553935779958042,0.018485913673369714,0.04176070578176416,0.04176070578176416,0.023026686161756516,0.008262146264314651,0.9582392942182358,0.04176070578176416,0.033415742218494415,0.007816776633262634,421360
b2_cityscapes_val,2026-07-07 05:27:37,cityscapes,val,all,student_skd,/scratch/gautschi/manors/hf_cache/hub/models--nvidia--mit-b2/snapshots/3bb39e8739149c3777d0325349b2a6c32c6413db,runs/mit-b2_skd_j9196921/student_skd.ckpt,skd,img_000151,/home/manors/Guardrail-Distillation/data/cityscapes/leftImg8bit/val/frankfurt/frankfurt_000001_041664_leftImg8bit.png,,0.6168344915795809,0.3831655084204191,0.9568371772766113,0.9611696600914001,0.10258349776268005,0.09946753829717636,0.225690096616745,0.9163729548454285,0.23884227871894836,-8.14400863647461,8.09669303894043,0.0070213512517511845,0.04982243850827217,456180,7.981826987816021,7.417033746605739,16.296144749503583,0.9753852776016234,0.024614722398376587,126850,0.8336274876631626,0.16637251233683736,9790,0.1003231480717659,0.0005465676076710224,29.396639758488163,0.046005647629499435,0.9539943523705006,0.18193435668945312,0.3084065914154053,0.021003607660531998,0.5052506923675537,0.4947493076324463,0.5298346281051636,0.5559162497520447,0.6094468235969543,0.5052506923675537,0.4947493076324463,0.5052506923675537,0.4947493076324463,0.5790765966117528,0.4209234033882472,0.9634354710578918,0.6584911808298118,0.34150881917018816,0.0,0.5712445999589585,0.4287554000410415,0.0,0.0,0.0,0.01462142076343298,0.008023148402571678,1.0,0.0,0.02550966665148735,0.00032881757942959666,402173
b2_cityscapes_val,2026-07-07 05:27:37,cityscapes,val,all,student_skd,/scratch/gautschi/manors/hf_cache/hub/models--nvidia--mit-b2/snapshots/3bb39e8739149c3777d0325349b2a6c32c6413db,runs/mit-b2_skd_j9196921/student_skd.ckpt,skd,img_000152,/home/manors/Guardrail-Distillation/data/cityscapes/leftImg8bit/val/frankfurt/frankfurt_000001_042098_leftImg8bit.png,,0.4452130775965951,0.5547869224034049,0.8751415610313416,0.9551427960395813,0.11368405818939209,0.11698979884386063,0.25897127389907837,0.9048452973365784,0.27665194869041443,-8.157655715942383,8.101969718933105,0.012484060600399971,0.06090661138296127,448572,7.977028260938823,7.415471016429365,16.298232483677566,0.9956585741693438,0.00434142583065622,126668,0.3020797717329814,0.6979202282670186,3116,0.11800286173820496,0.0006417380063794553,29.398065496934578,0.04896486550569534,0.9510351344943047,0.1930767148733139,0.3133523762226105,0.02781754918396473,0.5069539546966553,0.4930460453033447,0.5407401323318481,0.5647991895675659,0.5931341052055359,0.5069539546966553,0.4930460453033447,0.5069539546966553,0.4930460453033447,0.5831788530813008,0.4168211469186992,0.9402794241905212,0.6627783244076696,0.3372216755923304,0.0,0.32390109701037195,0.676098902989628,0.021821325277390557,0.13796577548470568,0.13796577548470568,0.07341742515563965,0.008279607631266117,0.8620342245152943,0.13796577548470568,0.08692918717861176,0.0363241583108902,389287
b2_cityscapes_val,2026-07-07 05:27:37,cityscapes,val,all,student_skd,/scratch/gautschi/manors/hf_cache/hub/models--nvidia--mit-b2/snapshots/3bb39e8739149c3777d0325349b2a6c32c6413db,runs/mit-b2_skd_j9196921/student_skd.ckpt,skd,img_000153,/home/manors/Guardrail-Distillation/data/cityscapes/leftImg8bit/val/frankfurt/frankfurt_000001_042384_leftImg8bit.png,,0.6858165577538302,0.3141834422461698,0.9441055655479431,0.963172435760498,0.1063196137547493,0.09684672206640244,0.24687837064266205,0.9198095798492432,0.242235466837883,-8.304463386535645,8.25837230682373,0.01139515358954668,0.051962535828351974,442030,7.977028260938823,7.415471016429365,16.298232483677566,0.9395615352709937,0.06043846472900627,126850,0.863423012053149,0.13657698794685103,5540,0.0976988896727562,0.0005548418266698718,29.398065496934578,0.03736193850636482,0.9626380614936352,0.131959930062294,0.2891301214694977,0.013985944911837578,0.5034964084625244,0.4965035915374756,0.5185365676879883,0.5464765429496765,0.6009618639945984,0.5034964084625244,0.4965035915374756,0.5034964084625244,0.4965035915374756,0.7449097250529034,0.2550902749470966,0.9558197259902954,0.8895030015790235,0.11049699842097649,0.0,0.8583131512536633,0.14168684874633675,0.0,0.05909316729907321,0.05909316729907321,0.02304142154753208,0.011327285319566727,0.9409068327009268,0.05909316729907321,0.039490532130002975,0.0013347510248422623,395326
b2_cityscapes_val,2026-07-07 05:27:37,cityscapes,val,all,student_skd,/scratch/gautschi/manors/hf_cache/hub/models--nvidia--mit-b2/snapshots/3bb39e8739149c3777d0325349b2a6c32c6413db,runs/mit-b2_skd_j9196921/student_skd.ckpt,skd,img_000154,/home/manors/Guardrail-Distillation/data/cityscapes/leftImg8bit/val/frankfurt/frankfurt_000001_042733_leftImg8bit.png,,0.6485641915118073,0.35143580848819267,0.9363580346107483,0.9590333104133606,0.10971108078956604,0.10814599692821503,0.25125589966773987,0.908734917640686,0.2779556214809418,-8.077177047729492,8.026266098022461,0.012015449814498425,0.055904705077409744,463986,7.977028260938823,7.415471016429365,16.298232483677566,0.9519849997945972,0.048015000205402836,126850,0.629193056231671,0.370806943768329,99841,0.10914252698421478,0.0006595033337362111,29.398065496934578,0.04555397480726242,0.9544460251927376,0.1884516179561615,0.3279992938041687,0.01877630315721035,0.5046939253807068,0.4953060746192932,0.5264004468917847,0.5568130612373352,0.5867027044296265,0.5046939253807068,0.4953060746192932,0.5046939253807068,0.4953060746192932,0.7161799012102518,0.28382009878974823,0.9567573666572571,0.9763440487034356,0.023655951296564393,0.024359048908838443,0.6732986866885918,0.32670131331140817,0.04410563045692084,0.06761570969844444,0.06761570969844444,0.028526723384857178,0.008127400651574135,0.9323842903015556,0.06761570969844444,0.044477637857198715,0.0030712136067450047,408310
b2_cityscapes_val,2026-07-07 05:27:37,cityscapes,val,all,student_skd,/scratch/gautschi/manors/hf_cache/hub/models--nvidia--mit-b2/snapshots/3bb39e8739149c3777d0325349b2a6c32c6413db,runs/mit-b2_skd_j9196921/student_skd.ckpt,skd,img_000155,/home/manors/Guardrail-Distillation/data/cityscapes/leftImg8bit/val/frankfurt/frankfurt_000001_043395_leftImg8bit.png,,0.6492330438204641,0.3507669561795359,0.9623705744743347,0.9667359590530396,0.09884921461343765,0.08489334583282471,0.21924370527267456,0.9276886582374573,0.21666057407855988,-8.327162742614746,8.286141395568848,0.007581231649965048,0.04570920392870903,455335,7.977028260938823,7.415471016429365,16.298232483677566,1.0,0.0,126850,0.6309561614879515,0.36904383851204847,31508,0.08573716878890991,0.0005183647735975683,29.398065496934578,0.03448130562901497,0.965518694370985,0.1312529593706131,0.25460556149482727,0.00901353731751442,0.5022534132003784,0.4977465867996216,0.5200537443161011,0.5416935682296753,0.595660924911499,0.5022534132003784,0.4977465867996216,0.5022534132003784,0.4977465867996216,0.7403139814328847,0.25968601856711526,0.968544065952301,1.0,0.0,0.0,0.8538725787577218,0.14612742124227818,0.2229164172697703,0.09108093761242064,0.09108093761242064,0.01422469224780798,0.008051215671002865,0.9089190623875794,0.09108093761242064,0.023775901645421982,0.000858708459418267,409781
b2_cityscapes_val,2026-07-07 05:27:37,cityscapes,val,all,student_skd,/scratch/gautschi/manors/hf_cache/hub/models--nvidia--mit-b2/snapshots/3bb39e8739149c3777d0325349b2a6c32c6413db,runs/mit-b2_skd_j9196921/student_skd.ckpt,skd,img_000156,/home/manors/Guardrail-Distillation/data/cityscapes/leftImg8bit/val/frankfurt/frankfurt_000001_043564_leftImg8bit.png,,0.4878186086594113,0.5121813913405887,0.9237220883369446,0.9611932635307312,0.10795774310827255,0.10171519219875336,0.2502075135707855,0.9159979224205017,0.25703978538513184,-7.799750804901123,7.751458644866943,0.010595601983368397,0.05551626533269882,460946,8.009190001757815,7.40460999077186,16.299368755426258,1.0,0.0,126544,0.6680998801816889,0.33190011981831113,10132,0.10269926488399506,0.0007266245083883405,29.387377988314256,0.04212930426001549,0.9578706957399845,0.17107462882995605,0.31799954175949097,0.018433012068271637,0.504608154296875,0.495391845703125,0.5277999639511108,0.5599737167358398,0.6082068681716919,0.504608154296875,0.495391845703125,0.504608154296875,0.495391845703125,0.46939089707971926,0.5306091029202807,0.9497902393341064,1.0,0.0,0.0,0.23042593172564985,0.7695740682743502,0.0,0.0,0.0,0.04062081128358841,0.01455268170684576,1.0,0.0,0.06092036888003349,0.014513631351292133,408392
b2_cityscapes_val,2026-07-07 05:27:37,cityscapes,val,all,student_skd,/scratch/gautschi/manors/hf_cache/hub/models--nvidia--mit-b2/snapshots/3bb39e8739149c3777d0325349b2a6c32c6413db,runs/mit-b2_skd_j9196921/student_skd.ckpt,skd,img_000157,/home/manors/Guardrail-Distillation/data/cityscapes/leftImg8bit/val/frankfurt/frankfurt_000001_044227_leftImg8bit.png,,0.5433264100777264,0.4566735899222736,0.9027052521705627,0.947745680809021,0.11818792670965195,0.13023565709590912,0.25172150135040283,0.8909778594970703,0.30902132391929626,-7.789748668670654,7.725753307342529,0.009292306378483772,0.0717928558588028,457260,8.009190001757815,7.40460999077186,16.299368755426258,0.6259189187011758,0.3740810812988242,126850,0.8484841214650745,0.15151587853492554,21719,0.13117657601833344,0.0006036941194906831,29.387377988314256,0.06359580904245377,0.9364041909575462,0.26922208070755005,0.3645426332950592,0.04391394183039665,0.5109767317771912,0.48902326822280884,0.5556747913360596,0.5836788415908813,0.5993579030036926,0.5109767317771912,0.48902326822280884,0.5109767317771912,0.48902326822280884,0.5731926074238183,0.4268073925761817,0.9369046092033386,0.9940553581295806,0.0059446418704194315,0.3681364394284048,0.6362263134160193,0.3637736865839807,0.0,0.02986619734609186,0.02986619734609186,0.05323229730129242,0.019032934680581093,0.9701338026539081,0.02986619734609186,0.08569303900003433,0.024952979758381844,385203
b2_cityscapes_val,2026-07-07 05:27:37,cityscapes,val,all,student_skd,/scratch/gautschi/manors/hf_cache/hub/models--nvidia--mit-b2/snapshots/3bb39e8739149c3777d0325349b2a6c32c6413db,runs/mit-b2_skd_j9196921/student_skd.ckpt,skd,img_000158,/home/manors/Guardrail-Distillation/data/cityscapes/leftImg8bit/val/frankfurt/frankfurt_000001_044413_leftImg8bit.png,,0.4971488066201466,0.5028511933798534,0.9226195216178894,0.9718829393386841,0.0871748998761177,0.073404960334301,0.1918419599533081,0.9332126975059509,0.20451657474040985,-8.174474716186523,8.140538215637207,0.004156194161623716,0.03531763330101967,449209,8.009190001757815,7.40460999077186,16.299368755426258,0.460746361358418,0.539253638641582,123555,0.5494820469238395,0.4505179530761605,16472,0.07411755621433258,0.0003871218068525195,29.387377988314256,0.032759685069322586,0.9672403149306774,0.11869827657938004,0.24694281816482544,0.013410832732915878,0.5033526420593262,0.49664735794067383,0.5192518830299377,0.5465832948684692,0.6150904297828674,0.5033526420593262,0.49664735794067383,0.5033526420593262,0.49664735794067383,0.572062233892839,0.42793776610716106,0.965274453163147,0.9066405851565242,0.09335941484347576,0.4458942237981063,0.5707548803617281,0.42924511963827194,0.02127283343788855,0.07491342727269235,0.07491342727269235,0.05128125101327896,0.008626273833215237,0.9250865727273077,0.07491342727269235,0.0613834522664547,0.028481172397732735,410409
b2_cityscapes_val,2026-07-07 05:27:37,cityscapes,val,all,student_skd,/scratch/gautschi/manors/hf_cache/hub/models--nvidia--mit-b2/snapshots/3bb39e8739149c3777d0325349b2a6c32c6413db,runs/mit-b2_skd_j9196921/student_skd.ckpt,skd,img_000159,/home/manors/Guardrail-Distillation/data/cityscapes/leftImg8bit/val/frankfurt/frankfurt_000001_044525_leftImg8bit.png,,0.45986767566387926,0.5401323243361207,0.9458100199699402,0.9580992460250854,0.10975579917430878,0.10640061646699905,0.24159575998783112,0.9115551710128784,0.25541627407073975,-8.31716537475586,8.265362739562988,0.009836416691541672,0.05732075870037079,457077,8.009190001757815,7.40460999077186,16.299368755426258,0.9250598366860958,0.07494016331390418,126850,0.4003636707368184,0.5996363292631817,9142,0.10728458315134048,0.0006195571040734649,29.387377988314256,0.0433867871761322,0.9566132128238678,0.17731508612632751,0.30537208914756775,0.020459039136767387,0.5051145553588867,0.4948854446411133,0.5277135372161865,0.5524398684501648,0.5933918952941895,0.5051145553588867,0.4948854446411133,0.5051145553588867,0.4948854446411133,0.4863072448467426,0.5136927551532574,0.95088791847229,0.880235713181053,0.11976428681894702,0.0,0.43608481792788095,0.5639151820721191,0.03572114719106256,0.026439569182863276,0.026439569182863276,0.02070329524576664,0.015625376254320145,0.9735604308171367,0.026439569182863276,0.041137490421533585,0.0012317399960011244,400358
b2_cityscapes_val,2026-07-07 05:27:37,cityscapes,val,all,student_skd,/scratch/gautschi/manors/hf_cache/hub/models--nvidia--mit-b2/snapshots/3bb39e8739149c3777d0325349b2a6c32c6413db,runs/mit-b2_skd_j9196921/student_skd.ckpt,skd,img_000160,/home/manors/Guardrail-Distillation/data/cityscapes/leftImg8bit/val/frankfurt/frankfurt_000001_044658_leftImg8bit.png,,0.5090807791615711,0.49091922083842887,0.9315980076789856,0.9705867171287537,0.08959314227104187,0.0768069326877594,0.19798298180103302,0.9303940534591675,0.2137954980134964,-8.314668655395508,8.279068946838379,0.004279711749404669,0.03748973831534386,449563,7.9612530244048685,7.409476995235309,16.29918400431052,1.0,0.0,126850,0.4642800277428493,0.5357199722571506,24813,0.07758068293333054,0.0004207898455206305,29.3831032468006,0.03783635422587395,0.962163645774126,0.13706907629966736,0.28688156604766846,0.019097473472356796,0.5047742128372192,0.49522578716278076,0.5248505473136902,0.5574716925621033,0.6044740676879883,0.5047742128372192,0.49522578716278076,0.5047742128372192,0.49522578716278076,0.5864931685632058,0.41350683143679423,0.9407647252082825,1.0,0.0,0.0,0.516045365119399,0.483954634880601,0.05176533737654965,0.07741238940163464,0.07741238940163464,0.0182888712733984,0.009122191928327084,0.9225876105983654,0.07741238940163464,0.030709821730852127,0.005661053117364645,408999
b2_cityscapes_val,2026-07-07 05:27:37,cityscapes,val,all,student_skd,/scratch/gautschi/manors/hf_cache/hub/models--nvidia--mit-b2/snapshots/3bb39e8739149c3777d0325349b2a6c32c6413db,runs/mit-b2_skd_j9196921/student_skd.ckpt,skd,img_000161,/home/manors/Guardrail-Distillation/data/cityscapes/leftImg8bit/val/frankfurt/frankfurt_000001_044787_leftImg8bit.png,,0.5200114598901783,0.4799885401098217,0.8382954597473145,0.9491555094718933,0.12066876143217087,0.13531744480133057,0.28156131505966187,0.8913945555686951,0.31998777389526367,-8.059394836425781,7.9960126876831055,0.015463369898498058,0.06853964179754257,423711,7.9612530244048685,7.409476995235309,16.29918400431052,0.4974859867944781,0.5025140132055219,108714,0.8122219903625693,0.18777800963743074,27143,0.13652193546295166,0.0009031175868585706,29.3831032468006,0.06483300030231476,0.9351669996976852,0.2731662094593048,0.4133395552635193,0.05007379129528999,0.5125158429145813,0.4874841570854187,0.5564852356910706,0.6010134816169739,0.596331000328064,0.5125158429145813,0.4874841570854187,0.5125158429145813,0.4874841570854187,0.5702917327612004,0.4297082672387996,0.8503885865211487,0.6636240703177823,0.33637592968221774,0.16613808352330417,0.8586120421862207,0.14138795781377933,0.04639005182365141,0.0502802728710221,0.0502802728710221,0.019869675859808922,0.0077765267342329025,0.9497197271289779,0.0502802728710221,0.043494269251823425,0.0010384436463937163,360083
b2_cityscapes_val,2026-07-07 05:27:37,cityscapes,val,all,student_skd,/scratch/gautschi/manors/hf_cache/hub/models--nvidia--mit-b2/snapshots/3bb39e8739149c3777d0325349b2a6c32c6413db,runs/mit-b2_skd_j9196921/student_skd.ckpt,skd,img_000162,/home/manors/Guardrail-Distillation/data/cityscapes/leftImg8bit/val/frankfurt/frankfurt_000001_046126_leftImg8bit.png,,0.5002084794075056,0.49979152059249443,0.9229893684387207,0.9599270820617676,0.10705091059207916,0.11037137359380722,0.25671109557151794,0.9077967405319214,0.2819545567035675,-7.944374084472656,7.894793510437012,0.011431177146732807,0.05232847109436989,460495,7.9612530244048685,7.409476995235309,16.29918400431052,0.49998817500985415,0.5000118249901458,126850,0.48921435017554754,0.5107856498244525,10925,0.11156828701496124,0.0007583582773804665,29.3831032468006,0.048864517360925674,0.9511354826390743,0.19819651544094086,0.3341599702835083,0.026871299371123314,0.5067174434661865,0.4932825565338135,0.5342522263526917,0.5668333172798157,0.5906084179878235,0.5067174434661865,0.4932825565338135,0.5067174434661865,0.4932825565338135,0.5815838140708929,0.4184161859291071,0.9357994794845581,1.0,0.0,0.5000118249901458,0.5106480373490554,0.4893519626509446,0.02143368717350791,0.08137533466338731,0.08137533466338731,0.02024560421705246,0.007435476873070002,0.9186246653366127,0.08137533466338731,0.03583317995071411,0.00452122138813138,406430
b2_cityscapes_val,2026-07-07 05:27:37,cityscapes,val,all,student_skd,/scratch/gautschi/manors/hf_cache/hub/models--nvidia--mit-b2/snapshots/3bb39e8739149c3777d0325349b2a6c32c6413db,runs/mit-b2_skd_j9196921/student_skd.ckpt,skd,img_000163,/home/manors/Guardrail-Distillation/data/cityscapes/leftImg8bit/val/frankfurt/frankfurt_000001_046272_leftImg8bit.png,,0.6939699954934131,0.3060300045065869,0.9325640201568604,0.9521267414093018,0.11287141591310501,0.12170351296663284,0.24196340143680573,0.8936415910720825,0.3132748305797577,-7.840758800506592,7.782337188720703,0.008352489210665226,0.06432309001684189,459384,7.9612530244048685,7.409476995235309,16.29918400431052,0.9245638255077585,0.07543617449224149,126850,0.9255936064558568,0.07440639354414325,30175,0.12275626510381699,0.0006833724328316748,29.3831032468006,0.050087738782167435,0.9499122612178326,0.21066701412200928,0.3132750391960144,0.025456206873059273,0.5063636898994446,0.4936363101005554,0.5345687866210938,0.5560949444770813,0.5873966217041016,0.5063636898994446,0.4936363101005554,0.5063636898994446,0.4936363101005554,0.7229637709655689,0.27703622903443115,0.939109742641449,0.9244961148683268,0.07550388513167317,0.0,0.9461599277717057,0.053840072228294344,0.0205663213158489,0.02899377547215576,0.02899377547215576,0.026322204619646072,0.01977648213505745,0.9710062245278442,0.02899377547215576,0.05061560496687889,0.0013039200566709042,393166
b2_cityscapes_val,2026-07-07 05:27:38,cityscapes,val,all,student_skd,/scratch/gautschi/manors/hf_cache/hub/models--nvidia--mit-b2/snapshots/3bb39e8739149c3777d0325349b2a6c32c6413db,runs/mit-b2_skd_j9196921/student_skd.ckpt,skd,img_000164,/home/manors/Guardrail-Distillation/data/cityscapes/leftImg8bit/val/frankfurt/frankfurt_000001_046504_leftImg8bit.png,,0.5953889406755896,0.40461105932441044,0.9558976292610168,0.9732650518417358,0.08552657067775726,0.06992024928331375,0.18904098868370056,0.9365039467811584,0.19336843490600586,-8.648898124694824,8.616528511047363,0.004055601079016924,0.032951757311820984,428050,7.984524738276377,7.421075250022113,16.29604698973708,0.7705160573701577,0.22948394262984229,126850,0.8888471473983802,0.11115285260161978,43572,0.07054968923330307,0.0003981970949098468,29.406098503386602,0.03711817413568497,0.962881825864315,0.117061547935009,0.2660106420516968,0.026527414098381996,0.5066314339637756,0.49336856603622437,0.5176103115081787,0.5442190766334534,0.6045635342597961,0.5066314339637756,0.49336856603622437,0.5066314339637756,0.49336856603622437,0.6245062705631862,0.3754937294368138,0.965611457824707,0.8545583047428479,0.14544169525715211,0.08404224737269017,0.9117567112881376,0.08824328871186238,0.0229095638897574,0.029117329887596632,0.029117329887596632,0.01744188740849495,0.0077280690893530846,0.9708826701124034,0.029117329887596632,0.027501460164785385,0.0020698516163975,393392
b2_cityscapes_val,2026-07-07 05:27:38,cityscapes,val,all,student_skd,/scratch/gautschi/manors/hf_cache/hub/models--nvidia--mit-b2/snapshots/3bb39e8739149c3777d0325349b2a6c32c6413db,runs/mit-b2_skd_j9196921/student_skd.ckpt,skd,img_000165,/home/manors/Guardrail-Distillation/data/cityscapes/leftImg8bit/val/frankfurt/frankfurt_000001_046779_leftImg8bit.png,,0.44344327778888754,0.5565567222111125,0.9565470814704895,0.9708458781242371,0.0940563827753067,0.07384596765041351,0.20909728109836578,0.9375866651535034,0.18509991466999054,-8.716192245483398,8.680005073547363,0.0073508587665855885,0.03972167149186134,466068,7.984524738276377,7.421075250022113,16.29604698973708,0.9058015024257402,0.0941984975742598,126850,0.4414944262242728,0.5585055737757272,113132,0.07465546578168869,0.0004961569211445749,29.406098503386602,0.029753193259239197,0.9702468067407608,0.08348315209150314,0.23893125355243683,0.006953454576432705,0.5017383694648743,0.49826163053512573,0.5115862488746643,0.5339467525482178,0.6059902310371399,0.5017383694648743,0.49826163053512573,0.5017383694648743,0.49826163053512573,0.46894061551021743,0.5310593844897826,0.960377037525177,0.9028578264613439,0.09714217353865606,0.0,0.45290687032594046,0.5470931296740595,0.01141244410166764,0.025497337721329894,0.025497337721329894,0.013028142042458057,0.00919822882860899,0.9745026622786701,0.025497337721329894,0.02652188017964363,0.0015298196813091636,426097
b2_cityscapes_val,2026-07-07 05:27:38,cityscapes,val,all,student_skd,/scratch/gautschi/manors/hf_cache/hub/models--nvidia--mit-b2/snapshots/3bb39e8739149c3777d0325349b2a6c32c6413db,runs/mit-b2_skd_j9196921/student_skd.ckpt,skd,img_000166,/home/manors/Guardrail-Distillation/data/cityscapes/leftImg8bit/val/frankfurt/frankfurt_000001_047178_leftImg8bit.png,,0.5735378614738268,0.4264621385261732,0.970586895942688,0.9754587411880493,0.08151420950889587,0.0624382384121418,0.1728745400905609,0.942637026309967,0.17201992869377136,-8.731959342956543,8.702428817749023,0.002781416056677699,0.030860986560583115,463433,7.984524738276377,7.421075250022113,16.29604698973708,0.9651533545377186,0.034846645462281445,126850,0.695880832449804,0.30411916755019597,161633,0.06307150423526764,0.0004102580714970827,29.406098503386602,0.024160107597708702,0.9758398924022913,0.05968122556805611,0.18496975302696228,0.00013670416956301779,0.5000341534614563,0.4999658465385437,0.5073153376579285,0.523337185382843,0.6020702719688416,0.5000341534614563,0.4999658465385437,0.5000341534614563,0.4999658465385437,0.6365242426869322,0.3634757573130678,0.9731740951538086,0.9666408800177176,0.03335911998228236,0.0014875254799990856,0.6917079342362737,0.30829206576372625,0.0,0.0629863812131054,0.0629863812131054,0.009090850129723549,0.006503636948764324,0.9370136187868946,0.0629863812131054,0.017029430717229843,0.0001898871996672824,428708
b2_cityscapes_val,2026-07-07 05:27:38,cityscapes,val,all,student_skd,/scratch/gautschi/manors/hf_cache/hub/models--nvidia--mit-b2/snapshots/3bb39e8739149c3777d0325349b2a6c32c6413db,runs/mit-b2_skd_j9196921/student_skd.ckpt,skd,img_000167,/home/manors/Guardrail-Distillation/data/cityscapes/leftImg8bit/val/frankfurt/frankfurt_000001_047552_leftImg8bit.png,,0.6501235627813637,0.34987643721863626,0.9555021524429321,0.9761955738067627,0.08189276605844498,0.058575015515089035,0.1701434701681137,0.9474380612373352,0.15469278395175934,-8.667583465576172,8.63874340057373,0.0028841961175203323,0.03146415203809738,465641,7.984524738276377,7.421075250022113,16.29604698973708,0.8121813581528322,0.1878186418471678,126850,0.9966515592234323,0.003348440776567707,118264,0.05905735120177269,0.0003091548278462142,29.406098503386602,0.024387359619140625,0.9756126403808594,0.05382413789629936,0.19875319302082062,0.003518011188134551,0.5008795261383057,0.49912047386169434,0.5069637298583984,0.5278502106666565,0.6089796423912048,0.5008795261383057,0.49912047386169434,0.5008795261383057,0.49912047386169434,0.6626064473292028,0.3373935526707972,0.9699231386184692,0.9284087078796891,0.0715912921203109,0.11622734972685689,0.9915358858147872,0.008464114185212757,0.0,0.01248288454783908,0.01248288454783908,0.02214796282351017,0.007726982235908508,0.9875171154521609,0.01248288454783908,0.03157367929816246,0.0028047356754541397,431866
b2_cityscapes_val,2026-07-07 05:27:38,cityscapes,val,all,student_skd,/scratch/gautschi/manors/hf_cache/hub/models--nvidia--mit-b2/snapshots/3bb39e8739149c3777d0325349b2a6c32c6413db,runs/mit-b2_skd_j9196921/student_skd.ckpt,skd,img_000168,/home/manors/Guardrail-Distillation/data/cityscapes/leftImg8bit/val/frankfurt/frankfurt_000001_048196_leftImg8bit.png,,0.613810997146887,0.386189002853113,0.9507994651794434,0.9694872498512268,0.08984176069498062,0.07856699824333191,0.19380076229572296,0.9292710423469543,0.2100926637649536,-8.539163589477539,8.502453804016113,0.0037430771626532078,0.03828449174761772,466194,7.982394745340571,7.427225005812943,16.285027493722737,1.0,0.0,126850,0.640614161295428,0.35938583870457197,35233,0.07937558740377426,0.0005132828955538571,29.397581005468965,0.03760871663689613,0.9623912833631039,0.14187608659267426,0.2641807496547699,0.019655879586935043,0.5049138069152832,0.4950861930847168,0.5249627828598022,0.5503314733505249,0.596816897392273,0.5049138069152832,0.4950861930847168,0.5049138069152832,0.4950861930847168,0.7068804790596411,0.29311952094035887,0.9630240201950073,1.0,0.0,0.0,0.9233339243103709,0.07666607568962913,0.28271976301494284,0.0930694819127541,0.0930694819127541,0.021478183567523956,0.00925365835428238,0.9069305180872459,0.0930694819127541,0.032894033938646317,0.004139907658100128,422178
b2_cityscapes_val,2026-07-07 05:27:38,cityscapes,val,all,student_skd,/scratch/gautschi/manors/hf_cache/hub/models--nvidia--mit-b2/snapshots/3bb39e8739149c3777d0325349b2a6c32c6413db,runs/mit-b2_skd_j9196921/student_skd.ckpt,skd,img_000169,/home/manors/Guardrail-Distillation/data/cityscapes/leftImg8bit/val/frankfurt/frankfurt_000001_048355_leftImg8bit.png,,0.6724895112566184,0.3275104887433816,0.9596956968307495,0.9691023230552673,0.09246624261140823,0.07806812971830368,0.1981617957353592,0.9314877986907959,0.2008298933506012,-8.072310447692871,8.034770965576172,0.004604671150445938,0.040428537875413895,466700,7.982394745340571,7.427225005812943,16.285027493722737,0.9423786450685516,0.057621354931448376,126850,0.6965230659133809,0.30347693408661913,131622,0.07875073701143265,0.00046139993355609477,29.397581005468965,0.0323774479329586,0.9676225520670414,0.10543457418680191,0.24617525935173035,0.008948801085352898,0.5022372007369995,0.4977627992630005,0.5165324211120605,0.5392783284187317,0.5948634147644043,0.5022372007369995,0.4977627992630005,0.5022372007369995,0.4977627992630005,0.5949883312857313,0.40501166871426875,0.9675937294960022,0.9625231614968184,0.03747683850318162,0.020144516428266757,0.3902517040404233,0.6097482959595767,0.0,0.0,0.0,0.01539104338735342,0.007493035867810249,1.0,0.0,0.0274073276668787,0.0009899293072521687,423004
b2_cityscapes_val,2026-07-07 05:27:38,cityscapes,val,all,student_skd,/scratch/gautschi/manors/hf_cache/hub/models--nvidia--mit-b2/snapshots/3bb39e8739149c3777d0325349b2a6c32c6413db,runs/mit-b2_skd_j9196921/student_skd.ckpt,skd,img_000170,/home/manors/Guardrail-Distillation/data/cityscapes/leftImg8bit/val/frankfurt/frankfurt_000001_048654_leftImg8bit.png,,0.6176117191206184,0.3823882808793816,0.9600532650947571,0.9660659432411194,0.09671014547348022,0.08829255402088165,0.21420074999332428,0.9214112162590027,0.23834270238876343,-8.292007446289062,8.250699043273926,0.005852529313415289,0.04449222981929779,461339,7.982394745340571,7.427225005812943,16.285027493722737,0.9623782702026853,0.03762172979731471,126850,0.9056788884881665,0.09432111151183353,15430,0.08914060145616531,0.0005092353094369173,29.397581005468965,0.03439144417643547,0.9656085558235645,0.12011465430259705,0.25149017572402954,0.010853675194084644,0.5027133822441101,0.4972866177558899,0.5192491412162781,0.5418300628662109,0.5995712280273438,0.5027133822441101,0.4972866177558899,0.5027133822441101,0.4972866177558899,0.6974702283659382,0.3025297716340618,0.9647656083106995,0.9659354640596769,0.034064535940323104,0.003557193856991603,0.9146217784460867,0.08537822155391328,0.008942889957920253,0.07985850924531979,0.07985850924531979,0.013909511268138885,0.009197141975164413,0.9201414907546802,0.07985850924531979,0.02506616711616516,0.0008540357812307775,414409
b2_cityscapes_val,2026-07-07 05:27:38,cityscapes,val,all,student_skd,/scratch/gautschi/manors/hf_cache/hub/models--nvidia--mit-b2/snapshots/3bb39e8739149c3777d0325349b2a6c32c6413db,runs/mit-b2_skd_j9196921/student_skd.ckpt,skd,img_000171,/home/manors/Guardrail-Distillation/data/cityscapes/leftImg8bit/val/frankfurt/frankfurt_000001_049078_leftImg8bit.png,,0.4583609865968776,0.5416390134031224,0.970626175403595,0.9749634861946106,0.0822535827755928,0.0650382861495018,0.1808166801929474,0.9420402646064758,0.17272886633872986,-8.235953330993652,8.205805778503418,0.0032380279153585434,0.030855216085910797,457686,7.982394745340571,7.427225005812943,16.285027493722737,1.0,0.0,126850,0.4955032933626077,0.5044967066373923,23742,0.06555275619029999,0.0003108664823230356,29.397581005468965,0.024474285542964935,0.9755257144570351,0.06883765012025833,0.19103366136550903,0.0010619335807859898,0.5002654790878296,0.4997345209121704,0.5095857381820679,0.528764545917511,0.6121277809143066,0.5002654790878296,0.4997345209121704,0.5002654790878296,0.4997345209121704,0.47292643015216246,0.5270735698478375,0.9744563102722168,1.0,0.0,0.0,0.4921050409524614,0.5078949590475386,0.0,0.014565443555284885,0.014565443555284885,0.008647850714623928,0.004817713517695665,0.9854345564447151,0.014565443555284885,0.014538352377712727,0.0002578186977189034,421805
b2_cityscapes_val,2026-07-07 05:27:38,cityscapes,val,all,student_skd,/scratch/gautschi/manors/hf_cache/hub/models--nvidia--mit-b2/snapshots/3bb39e8739149c3777d0325349b2a6c32c6413db,runs/mit-b2_skd_j9196921/student_skd.ckpt,skd,img_000172,/home/manors/Guardrail-Distillation/data/cityscapes/leftImg8bit/val/frankfurt/frankfurt_000001_049209_leftImg8bit.png,,0.5238333085198393,0.47616669148016066,0.9567798972129822,0.9667011499404907,0.10021793097257614,0.08573225140571594,0.22789928317070007,0.9288380742073059,0.20908060669898987,-8.560608863830566,8.519196510314941,0.00856751948595047,0.04547997936606407,457542,7.975588494446129,7.422045979183167,16.304421238601208,1.0,0.0,126850,0.4679514020658332,0.5320485979341668,28140,0.08646199107170105,0.0005669877864420414,29.42342424648814,0.037883732467889786,0.9621162675321102,0.1352950632572174,0.2885597348213196,0.01712324470281601,0.5042807459831238,0.4957192540168762,0.5210446715354919,0.5498569011688232,0.5893586277961731,0.5042807459831238,0.4957192540168762,0.5042807459831238,0.4957192540168762,0.5834385325945464,0.41656146740545363,0.9659266471862793,1.0,0.0,0.0,0.4438040598962328,0.5561959401037673,0.0,0.05960522407470703,0.05960522407470703,0.0162061620503664,0.007059461437165737,0.940394775925293,0.05960522407470703,0.026168089359998703,0.0008720511104911566,412569
b2_cityscapes_val,2026-07-07 05:27:38,cityscapes,val,all,student_skd,/scratch/gautschi/manors/hf_cache/hub/models--nvidia--mit-b2/snapshots/3bb39e8739149c3777d0325349b2a6c32c6413db,runs/mit-b2_skd_j9196921/student_skd.ckpt,skd,img_000173,/home/manors/Guardrail-Distillation/data/cityscapes/leftImg8bit/val/frankfurt/frankfurt_000001_049298_leftImg8bit.png,,0.5906615346724872,0.40933846532751283,0.9621006846427917,0.966642439365387,0.09708017855882645,0.0857274979352951,0.2124464362859726,0.9248846173286438,0.22196587920188904,-8.38651180267334,8.345670700073242,0.006575978826731443,0.044309910386800766,423359,7.975588494446129,7.422045979183167,16.304421238601208,0.49922993106049496,0.500770068939505,95446,0.5011358651912665,0.4988641348087335,5111,0.08646804094314575,0.0004971019807271659,29.42342424648814,0.036252710968256,0.963747289031744,0.1326827108860016,0.2529476284980774,0.012524544261395931,0.503131091594696,0.49686890840530396,0.520440936088562,0.542534351348877,0.5829548835754395,0.503131091594696,0.49686890840530396,0.503131091594696,0.49686890840530396,0.607829321088038,0.392170678911962,0.9683743119239807,0.49897324141399324,0.5010267585860068,0.0,0.5077746620906293,0.49222533790937073,0.006638796899362753,0.017167786415550834,0.017167786415550834,0.01580691523849964,0.009533279575407505,0.9828322135844492,0.017167786415550834,0.027782566845417023,0.0013180302921682596,381896
b2_cityscapes_val,2026-07-07 05:27:38,cityscapes,val,all,student_skd,/scratch/gautschi/manors/hf_cache/hub/models--nvidia--mit-b2/snapshots/3bb39e8739149c3777d0325349b2a6c32c6413db,runs/mit-b2_skd_j9196921/student_skd.ckpt,skd,img_000174,/home/manors/Guardrail-Distillation/data/cityscapes/leftImg8bit/val/frankfurt/frankfurt_000001_049698_leftImg8bit.png,,0.7075926319667237,0.29240736803327627,0.9217115640640259,0.9531365036964417,0.11164993792772293,0.11932232230901718,0.2394103854894638,0.8947504162788391,0.3085424304008484,-8.204633712768555,8.147419929504395,0.007874875329434872,0.062066543847322464,421467,7.975588494446129,7.422045979183167,16.304421238601208,0.5433471073364184,0.45665289266358156,103389,0.8151856318164267,0.18481436818357333,93392,0.12057133764028549,0.000764377589803189,29.42342424648814,0.047502532601356506,0.9524974673986435,0.17561601102352142,0.2939651608467102,0.01992611773312092,0.5049813389778137,0.4950186610221863,0.521542489528656,0.5468930602073669,0.5692587494850159,0.5049813389778137,0.4950186610221863,0.5049813389778137,0.4950186610221863,0.7620442735376708,0.2379557264623292,0.9489568471908569,0.8393952990630885,0.16060470093691148,0.2960481917266701,0.7103956763560129,0.28960432364398714,0.0,0.05445164157094706,0.05445164157094706,0.03990348055958748,0.012658167630434036,0.9455483584290529,0.05445164157094706,0.053861867636442184,0.020525924861431122,362852
b2_cityscapes_val,2026-07-07 05:27:38,cityscapes,val,all,student_skd,/scratch/gautschi/manors/hf_cache/hub/models--nvidia--mit-b2/snapshots/3bb39e8739149c3777d0325349b2a6c32c6413db,runs/mit-b2_skd_j9196921/student_skd.ckpt,skd,img_000175,/home/manors/Guardrail-Distillation/data/cityscapes/leftImg8bit/val/frankfurt/frankfurt_000001_049770_leftImg8bit.png,,0.5375687640471373,0.46243123595286273,0.904542088508606,0.9498958587646484,0.11548297852277756,0.12746061384677887,0.24719977378845215,0.8898137807846069,0.31944313645362854,-8.257980346679688,8.196643829345703,0.009630863554775715,0.06638433039188385,425507,7.975588494446129,7.422045979183167,16.304421238601208,0.46502386154392916,0.5349761384560708,106151,0.4840723157513619,0.5159276842486381,89757,0.12876921892166138,0.0008711640839464962,29.42342424648814,0.04850305989384651,0.9514969401061535,0.19009464979171753,0.2995852828025818,0.018916703760623932,0.5047290325164795,0.4952709674835205,0.522743284702301,0.5456382632255554,0.5736045241355896,0.5047290325164795,0.4952709674835205,0.5047290325164795,0.4952709674835205,0.6520611920742825,0.3479388079257175,0.9474109411239624,0.9054498190068702,0.09455018099312984,0.440425957462941,0.48355188581625297,0.516448114183747,0.0,0.11449242802714521,0.11449242802714521,0.05726815015077591,0.014399292878806591,0.8855075719728548,0.11449242802714521,0.07528900355100632,0.022909140214323997,361488
b2_cityscapes_val,2026-07-07 05:27:39,cityscapes,val,all,student_skd,/scratch/gautschi/manors/hf_cache/hub/models--nvidia--mit-b2/snapshots/3bb39e8739149c3777d0325349b2a6c32c6413db,runs/mit-b2_skd_j9196921/student_skd.ckpt,skd,img_000176,/home/manors/Guardrail-Distillation/data/cityscapes/leftImg8bit/val/frankfurt/frankfurt_000001_050149_leftImg8bit.png,,0.6144212915878432,0.3855787084121568,0.9205631017684937,0.9539828300476074,0.11442858725786209,0.12087991833686829,0.2614082992076874,0.897314190864563,0.31192150712013245,-8.017489433288574,7.960555076599121,0.01116784755140543,0.06435911357402802,427119,7.987446762854233,7.412148755975068,16.31355201243423,0.46463818381181693,0.535361816188183,106490,0.6918602100802547,0.30813978991974533,20070,0.12202730029821396,0.0008081229752860963,29.397851234534755,0.04880472645163536,0.9511952735483646,0.19691859185695648,0.3105129599571228,0.01770826242864132,0.5044269561767578,0.4955730438232422,0.5288519263267517,0.553398609161377,0.5782259106636047,0.5044269561767578,0.4955730438232422,0.5044269561767578,0.4955730438232422,0.7402303839996388,0.2597696160003612,0.952423095703125,0.9531582503391799,0.04684174966082011,0.4885200665273629,0.8360894749802762,0.1639105250197238,0.14422926490002153,0.1258090924117956,0.1258090924117956,0.04397369176149368,0.012113720178604126,0.8741909075882044,0.1258090924117956,0.060186974704265594,0.024990692734718323,369537
b2_cityscapes_val,2026-07-07 05:27:39,cityscapes,val,all,student_skd,/scratch/gautschi/manors/hf_cache/hub/models--nvidia--mit-b2/snapshots/3bb39e8739149c3777d0325349b2a6c32c6413db,runs/mit-b2_skd_j9196921/student_skd.ckpt,skd,img_000177,/home/manors/Guardrail-Distillation/data/cityscapes/leftImg8bit/val/frankfurt/frankfurt_000001_050686_leftImg8bit.png,,0.6906702210320833,0.3093297789679167,0.9331779479980469,0.9591773748397827,0.10795628279447556,0.10611585527658463,0.24430003762245178,0.9102588295936584,0.267609179019928,-8.271589279174805,8.221174240112305,0.00981821957975626,0.054597511887550354,409341,7.987446762854233,7.412148755975068,16.31355201243423,0.5922295837774012,0.4077704162225988,98992,0.7782965694680148,0.22170343053198516,97316,0.1073252335190773,0.0007170676835812628,29.397851234534755,0.04424809291958809,0.9557519070804119,0.17192208766937256,0.29919031262397766,0.016475139185786247,0.5041186809539795,0.4958813190460205,0.5243367552757263,0.547646701335907,0.5664572715759277,0.5041186809539795,0.4958813190460205,0.5041186809539795,0.4958813190460205,0.782491907720432,0.21750809227956802,0.9558631777763367,0.6337986134746147,0.36620138652538525,0.041569029697213544,0.916924871537047,0.08307512846295295,0.1386283020690322,0.09182168668834867,0.09182168668834867,0.031145181506872177,0.008459939621388912,0.9081783133116513,0.09182168668834867,0.04257575049996376,0.003857419593259692,359405
b2_cityscapes_val,2026-07-07 05:27:39,cityscapes,val,all,student_skd,/scratch/gautschi/manors/hf_cache/hub/models--nvidia--mit-b2/snapshots/3bb39e8739149c3777d0325349b2a6c32c6413db,runs/mit-b2_skd_j9196921/student_skd.ckpt,skd,img_000178,/home/manors/Guardrail-Distillation/data/cityscapes/leftImg8bit/val/frankfurt/frankfurt_000001_051516_leftImg8bit.png,,0.6027114285180962,0.3972885714819038,0.9335485100746155,0.9634135961532593,0.09981182217597961,0.08907517045736313,0.20772655308246613,0.9240491986274719,0.2138262391090393,-7.781857967376709,7.737482070922852,0.0031724669970571995,0.05017716810107231,463677,7.987446762854233,7.412148755975068,16.31355201243423,0.95609263196797,0.04390736803202999,126850,0.984251968503937,0.015748031496062964,1397,0.08972492814064026,0.0004832374688703567,29.397851234534755,0.04572644457221031,0.9542735554277897,0.19745391607284546,0.30308061838150024,0.02393953874707222,0.5059846043586731,0.4940153956413269,0.5375242829322815,0.5660907626152039,0.6369019150733948,0.5059846043586731,0.4940153956413269,0.5059846043586731,0.4940153956413269,0.7441605353079932,0.2558394646920068,0.9499198198318481,0.6185085637737493,0.3814914362262507,0.0,0.9599141016463851,0.04008589835361487,0.0,0.14144910678989697,0.14144910678989697,0.04020039737224579,0.023829087615013123,0.858550893210103,0.14144910678989697,0.06592735648155212,0.007733831647783518,410503
b2_cityscapes_val,2026-07-07 05:27:39,cityscapes,val,all,student_skd,/scratch/gautschi/manors/hf_cache/hub/models--nvidia--mit-b2/snapshots/3bb39e8739149c3777d0325349b2a6c32c6413db,runs/mit-b2_skd_j9196921/student_skd.ckpt,skd,img_000179,/home/manors/Guardrail-Distillation/data/cityscapes/leftImg8bit/val/frankfurt/frankfurt_000001_051737_leftImg8bit.png,,0.7467717472483194,0.2532282527516806,0.9493271112442017,0.9729310870170593,0.08934357017278671,0.07102395594120026,0.20261810719966888,0.9377413988113403,0.19306322932243347,-8.004206657409668,7.970916271209717,0.006266909651458263,0.03631968796253204,464982,7.987446762854233,7.412148755975068,16.31355201243423,0.9544382751346897,0.045561724865310294,126850,0.9300077912834266,0.06999220871657341,18970,0.07183507829904556,0.00047110809828154743,29.397851234534755,0.027282962575554848,0.9727170374244452,0.07415926456451416,0.20611931383609772,0.003023006720468402,0.5007557272911072,0.4992442727088928,0.510549008846283,0.5311272144317627,0.6159483790397644,0.5007557272911072,0.4992442727088928,0.5007557272911072,0.4992442727088928,0.7746490297016716,0.2253509702983284,0.9572973251342773,0.9841208078131616,0.01587919218683842,0.029682532678471873,0.9433325584070446,0.05666744159295545,0.013324767123617964,0.027877282453352192,0.027877282453352192,0.015675876289606094,0.007705674972385168,0.9721227175466478,0.027877282453352192,0.025807451456785202,0.0029958148952573538,427573
b2_cityscapes_val,2026-07-07 05:27:39,cityscapes,val,all,student_skd,/scratch/gautschi/manors/hf_cache/hub/models--nvidia--mit-b2/snapshots/3bb39e8739149c3777d0325349b2a6c32c6413db,runs/mit-b2_skd_j9196921/student_skd.ckpt,skd,img_000180,/home/manors/Guardrail-Distillation/data/cityscapes/leftImg8bit/val/frankfurt/frankfurt_000001_051807_leftImg8bit.png,,0.5770171949910727,0.42298280500892727,0.9402512907981873,0.9626463055610657,0.10210232436656952,0.09466694295406342,0.22124558687210083,0.9181444048881531,0.24027517437934875,-7.9771528244018555,7.931480407714844,0.0067140646278858185,0.05032103508710861,449951,7.977396511705592,7.4221722315996885,16.304163495078683,1.0,0.0,126850,0.4686185138597482,0.5313814861402518,17123,0.09554097801446915,0.0005524998414330184,29.410403774818406,0.037094343453645706,0.9629056565463543,0.13629138469696045,0.2662988603115082,0.012348328717052937,0.503087043762207,0.49691295623779297,0.5228598713874817,0.5460894107818604,0.5977025628089905,0.503087043762207,0.49691295623779297,0.503087043762207,0.49691295623779297,0.6578772131859896,0.3421227868140104,0.9486232995986938,1.0,0.0,0.0,0.6105676724387216,0.38943232756127844,0.1419491585789734,0.08086001819491684,0.08086001819491684,0.020186642184853554,0.011814619414508343,0.9191399818050832,0.08086001819491684,0.033765897154808044,0.002104673534631729,399481
b2_cityscapes_val,2026-07-07 05:27:39,cityscapes,val,all,student_skd,/scratch/gautschi/manors/hf_cache/hub/models--nvidia--mit-b2/snapshots/3bb39e8739149c3777d0325349b2a6c32c6413db,runs/mit-b2_skd_j9196921/student_skd.ckpt,skd,img_000181,/home/manors/Guardrail-Distillation/data/cityscapes/leftImg8bit/val/frankfurt/frankfurt_000001_052120_leftImg8bit.png,,0.5656080798223998,0.4343919201776002,0.9711951017379761,0.9780651330947876,0.07775474339723587,0.05836000293493271,0.1733267605304718,0.9453434944152832,0.17103363573551178,-8.555936813354492,8.529452323913574,0.0033830644097179174,0.0274957325309515,449888,7.977396511705592,7.4221722315996885,16.304163495078683,1.0,0.0,124174,0.8640191991013082,0.1359808008986918,49454,0.05893556773662567,0.00031193712493404746,29.410403774818406,0.023156285285949707,0.9768437147140503,0.05520695447921753,0.17086684703826904,0.003475182456895709,0.5008687973022461,0.4991312026977539,0.5094747543334961,0.5259665846824646,0.6080189347267151,0.5008687973022461,0.4991312026977539,0.5008687973022461,0.4991312026977539,0.5144065187634231,0.48559348123657686,0.9761318564414978,1.0,0.0,0.0,0.6873100244118809,0.31268997558811906,0.0,0.0,0.0,0.009824668057262897,0.004887883085757494,1.0,0.0,0.01590840332210064,0.00029118359088897705,420430
b2_cityscapes_val,2026-07-07 05:27:39,cityscapes,val,all,student_skd,/scratch/gautschi/manors/hf_cache/hub/models--nvidia--mit-b2/snapshots/3bb39e8739149c3777d0325349b2a6c32c6413db,runs/mit-b2_skd_j9196921/student_skd.ckpt,skd,img_000182,/home/manors/Guardrail-Distillation/data/cityscapes/leftImg8bit/val/frankfurt/frankfurt_000001_052594_leftImg8bit.png,,0.6705682836767151,0.32943171632328494,0.9617623090744019,0.9685090780258179,0.09535957127809525,0.08167785406112671,0.21636950969696045,0.9312682747840881,0.2060835212469101,-8.31479549407959,8.276153564453125,0.006779879797250032,0.0416954830288887,449713,7.977396511705592,7.4221722315996885,16.304163495078683,0.7626794792072877,0.23732052079271226,126850,0.8703738268589049,0.12962617314109515,45060,0.08243012428283691,0.0005360537325032055,29.410403774818406,0.0345335453748703,0.9654664546251297,0.13166868686676025,0.2677581310272217,0.010716958902776241,0.5026792287826538,0.4973207712173462,0.5197201371192932,0.5438584685325623,0.6064398288726807,0.5026792287826538,0.4973207712173462,0.5026792287826538,0.4973207712173462,0.7040066441546391,0.2959933558453609,0.9693715572357178,0.8146679494991513,0.18533205050084867,0.0519884702918636,0.8339928342545947,0.1660071657454053,0.0,0.033438360477924034,0.033438360477924034,0.015614403411746025,0.008005105890333652,0.966561639522076,0.033438360477924034,0.025829806923866272,0.0006871048826724291,406461
b2_cityscapes_val,2026-07-07 05:27:39,cityscapes,val,all,student_skd,/scratch/gautschi/manors/hf_cache/hub/models--nvidia--mit-b2/snapshots/3bb39e8739149c3777d0325349b2a6c32c6413db,runs/mit-b2_skd_j9196921/student_skd.ckpt,skd,img_000183,/home/manors/Guardrail-Distillation/data/cityscapes/leftImg8bit/val/frankfurt/frankfurt_000001_053102_leftImg8bit.png,,0.6681517915820916,0.3318482084179084,0.9709169864654541,0.9715423583984375,0.0904638022184372,0.07631946355104446,0.21278119087219238,0.9356994032859802,0.1964498907327652,-8.185036659240723,8.150148391723633,0.006496733985841274,0.035895463079214096,446686,7.977396511705592,7.4221722315996885,16.304163495078683,1.0,0.0,126850,0.7879795134392595,0.21202048656074046,25559,0.07697081565856934,0.00043246211134828627,29.410403774818406,0.03241664916276932,0.9675833508372307,0.12532812356948853,0.24441954493522644,0.00882438663393259,0.5022060871124268,0.49779391288757324,0.5192900896072388,0.5407766103744507,0.6106795072555542,0.5022060871124268,0.49779391288757324,0.5022060871124268,0.49779391288757324,0.7022529525789678,0.2977470474210322,0.9758577942848206,1.0,0.0,0.0,0.8261517240842482,0.1738482759157518,0.03817221064498866,0.03410116099687621,0.03410116099687621,0.010685359127819538,0.00574452755972743,0.9658988390031238,0.03410116099687621,0.01921931840479374,0.0007768320501782,407887
b2_cityscapes_val,2026-07-07 05:27:39,cityscapes,val,all,student_skd,/scratch/gautschi/manors/hf_cache/hub/models--nvidia--mit-b2/snapshots/3bb39e8739149c3777d0325349b2a6c32c6413db,runs/mit-b2_skd_j9196921/student_skd.ckpt,skd,img_000184,/home/manors/Guardrail-Distillation/data/cityscapes/leftImg8bit/val/frankfurt/frankfurt_000001_054077_leftImg8bit.png,,0.7647844291992006,0.23521557080079936,0.9607223868370056,0.9719206690788269,0.08662901073694229,0.07074974477291107,0.1831541210412979,0.936903715133667,0.18566492199897766,-7.667538642883301,7.633758544921875,0.0030565974302589893,0.035025037825107574,464896,7.9833905037958175,7.447007519658655,16.31267325137742,1.0,0.0,126850,0.8430295520119843,0.15697044798801574,15240,0.07143011689186096,0.00048249505925923586,29.436229495331645,0.03309663012623787,0.9669033698737621,0.10860412567853928,0.2588408589363098,0.009984825737774372,0.5024961829185486,0.4975038170814514,0.5186340808868408,0.5394987463951111,0.6145005822181702,0.5024961829185486,0.4975038170814514,0.5024961829185486,0.4975038170814514,0.7290468791218947,0.2709531208781053,0.9724324941635132,1.0,0.0,0.0,0.6480455185379427,0.3519544814620573,0.0,0.0,0.0,0.01960008218884468,0.007889936678111553,1.0,0.0,0.02888818085193634,0.0032716994173824787,424125
b2_cityscapes_val,2026-07-07 05:27:39,cityscapes,val,all,student_skd,/scratch/gautschi/manors/hf_cache/hub/models--nvidia--mit-b2/snapshots/3bb39e8739149c3777d0325349b2a6c32c6413db,runs/mit-b2_skd_j9196921/student_skd.ckpt,skd,img_000185,/home/manors/Guardrail-Distillation/data/cityscapes/leftImg8bit/val/frankfurt/frankfurt_000001_054219_leftImg8bit.png,,0.6880918160328354,0.3119081839671646,0.9307814836502075,0.9417909979820251,0.125244602560997,0.14649707078933716,0.2734629213809967,0.8803181648254395,0.3411370813846588,-7.872005939483643,7.800230026245117,0.012130895629525185,0.07987606525421143,441847,7.9833905037958175,7.447007519658655,16.31267325137742,0.6664177367420568,0.33358226325794316,109083,0.6209571020132252,0.3790428979867748,102039,0.1476636677980423,0.0008271484985016286,29.436229495331645,0.061607085168361664,0.9383929148316383,0.25178492069244385,0.3460956811904907,0.03689107671380043,0.5092217326164246,0.49077826738357544,0.547042727470398,0.5680291056632996,0.5704954862594604,0.5092217326164246,0.49077826738357544,0.5092217326164246,0.49077826738357544,0.7239207132861755,0.27607928671382453,0.9462823271751404,1.0,0.0,0.33358226325794316,0.6411983208837402,0.3588016791162598,0.020241218870515,0.03582889725334004,0.03582889725334004,0.028475919738411903,0.01297507993876934,0.96417110274666,0.03582889725334004,0.04573076218366623,0.0008781320066191256,363096
b2_cityscapes_val,2026-07-07 05:27:39,cityscapes,val,all,student_skd,/scratch/gautschi/manors/hf_cache/hub/models--nvidia--mit-b2/snapshots/3bb39e8739149c3777d0325349b2a6c32c6413db,runs/mit-b2_skd_j9196921/student_skd.ckpt,skd,img_000186,/home/manors/Guardrail-Distillation/data/cityscapes/leftImg8bit/val/frankfurt/frankfurt_000001_054415_leftImg8bit.png,,0.5393963837671866,0.46060361623281343,0.9533085227012634,0.9672568440437317,0.09831172972917557,0.08738110959529877,0.2276948243379593,0.9250969886779785,0.22920554876327515,-8.426141738891602,8.385628700256348,0.00868623610585928,0.04357241839170456,424810,7.9833905037958175,7.447007519658655,16.31267325137742,0.6666587222142778,0.3333412777857222,126005,0.43108371671774276,0.5689162832822572,63719,0.08816003799438477,0.0005717293242923915,29.436229495331645,0.03525351732969284,0.9647464826703072,0.1153411865234375,0.2637150287628174,0.012959916144609451,0.5032399296760559,0.4967600703239441,0.5191085338592529,0.5444206595420837,0.5922980904579163,0.5032399296760559,0.4967600703239441,0.5032399296760559,0.4967600703239441,0.5623741678073274,0.4376258321926726,0.961705207824707,1.0,0.0,0.3333412777857222,0.44457440135392484,0.5554255986460752,0.013490684636181971,0.022977784040140836,0.022977784040140836,0.015625808387994766,0.0072291139513254166,0.9770222159598592,0.022977784040140836,0.027633529156446457,0.0007014900911599398,383563
b2_cityscapes_val,2026-07-07 05:27:39,cityscapes,val,all,student_skd,/scratch/gautschi/manors/hf_cache/hub/models--nvidia--mit-b2/snapshots/3bb39e8739149c3777d0325349b2a6c32c6413db,runs/mit-b2_skd_j9196921/student_skd.ckpt,skd,img_000187,/home/manors/Guardrail-Distillation/data/cityscapes/leftImg8bit/val/frankfurt/frankfurt_000001_054640_leftImg8bit.png,,0.5824885270485058,0.41751147295149416,0.9388936161994934,0.9550268054008484,0.11154671758413315,0.11856043338775635,0.2540600597858429,0.8996791243553162,0.29942962527275085,-8.369268417358398,8.313957214355469,0.010547413490712643,0.05911139398813248,431575,7.9833905037958175,7.447007519658655,16.31267325137742,0.6421031972367797,0.35789680276322033,126850,0.5071605440037414,0.49283945599625856,49539,0.11966510117053986,0.00073752406751737,29.436229495331645,0.04626181349158287,0.9537381865084171,0.18550686538219452,0.31508129835128784,0.019184673205018044,0.504796028137207,0.49520397186279297,0.5273942351341248,0.5492865443229675,0.5837231278419495,0.504796028137207,0.49520397186279297,0.504796028137207,0.49520397186279297,0.5554802155963269,0.4445197844036731,0.9465354084968567,0.6447909411015964,0.3552090588984036,0.0026877438648167384,0.4982527707476951,0.5017472292523049,0.0,0.0,0.0,0.022132886573672295,0.014491108246147633,1.0,0.0,0.04303771257400513,0.001800382393412292,373297
b2_cityscapes_val,2026-07-07 05:27:40,cityscapes,val,all,student_skd,/scratch/gautschi/manors/hf_cache/hub/models--nvidia--mit-b2/snapshots/3bb39e8739149c3777d0325349b2a6c32c6413db,runs/mit-b2_skd_j9196921/student_skd.ckpt,skd,img_000188,/home/manors/Guardrail-Distillation/data/cityscapes/leftImg8bit/val/frankfurt/frankfurt_000001_054884_leftImg8bit.png,,0.6928107732671434,0.30718922673285665,0.9438267350196838,0.9655141234397888,0.09916845709085464,0.08801461011171341,0.21849016845226288,0.9243556261062622,0.22390706837177277,-8.412933349609375,8.370657920837402,0.006394408643245697,0.04712173715233803,448986,8.00179352518171,7.417221233481541,16.300721996231005,0.9293846768615303,0.07061532313846974,126850,0.6150390622568394,0.38496093774316065,92233,0.08901850879192352,0.0005996485124342144,29.40342726651579,0.04057497903704643,0.9594250209629536,0.16012373566627502,0.2869775891304016,0.018200283870100975,0.5045499205589294,0.49545007944107056,0.5256786942481995,0.5535577535629272,0.5934028029441833,0.5045499205589294,0.49545007944107056,0.5045499205589294,0.49545007944107056,0.7078106643121818,0.29218933568781824,0.9670345783233643,0.9075448788982112,0.09245512110178877,0.0,0.7573251559116889,0.24267484408831108,0.14228609365484957,0.014999891045038405,0.014999891045038405,0.030800513923168182,0.00759266410022974,0.9850001089549616,0.014999891045038405,0.04078968986868858,0.009499181993305683,402756
b2_cityscapes_val,2026-07-07 05:27:40,cityscapes,val,all,student_skd,/scratch/gautschi/manors/hf_cache/hub/models--nvidia--mit-b2/snapshots/3bb39e8739149c3777d0325349b2a6c32c6413db,runs/mit-b2_skd_j9196921/student_skd.ckpt,skd,img_000189,/home/manors/Guardrail-Distillation/data/cityscapes/leftImg8bit/val/frankfurt/frankfurt_000001_055062_leftImg8bit.png,,0.6414927998566553,0.3585072001433447,0.9558441638946533,0.9703459739685059,0.09438730776309967,0.07937555760145187,0.21907967329025269,0.9297539591789246,0.2250572293996811,-8.171158790588379,8.134437561035156,0.008193958550691605,0.039954088628292084,439104,8.00179352518171,7.417221233481541,16.300721996231005,0.4999329917225069,0.5000670082774932,126850,0.6682278866822624,0.3317721133177376,67339,0.08035889267921448,0.0005810683942399919,29.40342726651579,0.03514442965388298,0.964855570346117,0.1142643615603447,0.27277693152427673,0.011901945807039738,0.5029754638671875,0.4970245361328125,0.519115149974823,0.5452433824539185,0.5943592190742493,0.5029754638671875,0.4970245361328125,0.5029754638671875,0.4970245361328125,0.6760625453093332,0.3239374546906668,0.9662312269210815,1.0,0.0,0.5000670082774932,0.6818616105978496,0.31813838940215045,0.013633723915587148,0.03456974545267788,0.03456974545267788,0.019127586856484413,0.00874052569270134,0.9654302545473221,0.03456974545267788,0.03166903555393219,0.002211321145296097,400886
b2_cityscapes_val,2026-07-07 05:27:40,cityscapes,val,all,student_skd,/scratch/gautschi/manors/hf_cache/hub/models--nvidia--mit-b2/snapshots/3bb39e8739149c3777d0325349b2a6c32c6413db,runs/mit-b2_skd_j9196921/student_skd.ckpt,skd,img_000190,/home/manors/Guardrail-Distillation/data/cityscapes/leftImg8bit/val/frankfurt/frankfurt_000001_055172_leftImg8bit.png,,0.7831881807411767,0.2168118192588233,0.9529082179069519,0.9667953848838806,0.09725529700517654,0.08227003365755081,0.20664799213409424,0.9287751317024231,0.20823223888874054,-8.022083282470703,7.98147439956665,0.005802266299724579,0.045451804995536804,464646,8.00179352518171,7.417221233481541,16.300721996231005,0.46678924254195614,0.5332107574580438,126850,0.9356162156403914,0.06438378435960856,79146,0.08313692361116409,0.0005299477488733828,29.40342726651579,0.04224582761526108,0.9577541723847389,0.18121369183063507,0.3200327455997467,0.014226951636373997,0.5035566687583923,0.49644333124160767,0.5294042825698853,0.5534588098526001,0.6148608922958374,0.5035566687583923,0.49644333124160767,0.5035566687583923,0.49644333124160767,0.7167885191583265,0.28321148084167347,0.9675731062889099,0.8005435360273605,0.1994564639726395,0.3337542934854043,0.9292994426003358,0.07070055739966419,0.0,0.0,0.0,0.02437339350581169,0.00970846600830555,1.0,0.0,0.035454947501420975,0.0013494143495336175,417898
b2_cityscapes_val,2026-07-07 05:27:40,cityscapes,val,all,student_skd,/scratch/gautschi/manors/hf_cache/hub/models--nvidia--mit-b2/snapshots/3bb39e8739149c3777d0325349b2a6c32c6413db,runs/mit-b2_skd_j9196921/student_skd.ckpt,skd,img_000191,/home/manors/Guardrail-Distillation/data/cityscapes/leftImg8bit/val/frankfurt/frankfurt_000001_055306_leftImg8bit.png,,0.5305006738116991,0.4694993261883009,0.9510746598243713,0.9663898348808289,0.09805302321910858,0.08685731887817383,0.2192016839981079,0.9247590899467468,0.23093347251415253,-7.5115509033203125,7.470339775085449,0.006542504765093327,0.04537263885140419,449522,8.00179352518171,7.417221233481541,16.300721996231005,0.9878294733450326,0.012170526654967428,126850,0.4575020210644887,0.5424979789355113,50350,0.08779346197843552,0.0005283795180730522,29.40342726651579,0.039886005222797394,0.9601139947772026,0.143521249294281,0.30949667096138,0.01666286401450634,0.5041655898094177,0.4958344101905823,0.5230517387390137,0.5505556464195251,0.5938780307769775,0.5041655898094177,0.4958344101905823,0.5041655898094177,0.4958344101905823,0.5866276587235233,0.4133723412764767,0.9651251435279846,0.991949114177196,0.008050885822804,0.004119640832163429,0.5798345567970451,0.4201654432029549,0.12233253573255642,0.05612698491182422,0.05612698491182422,0.02203229069709778,0.00798181165009737,0.9438730150881758,0.05612698491182422,0.03389822691679001,0.0025271286722272635,403978
b2_cityscapes_val,2026-07-07 05:27:40,cityscapes,val,all,student_skd,/scratch/gautschi/manors/hf_cache/hub/models--nvidia--mit-b2/snapshots/3bb39e8739149c3777d0325349b2a6c32c6413db,runs/mit-b2_skd_j9196921/student_skd.ckpt,skd,img_000192,/home/manors/Guardrail-Distillation/data/cityscapes/leftImg8bit/val/frankfurt/frankfurt_000001_055387_leftImg8bit.png,,0.6713299571990767,0.32867004280092327,0.9464753866195679,0.9632003307342529,0.10301284492015839,0.09580336511135101,0.23204942047595978,0.9176194071769714,0.2523438334465027,-8.05168342590332,8.006306648254395,0.008954727090895176,0.04942956566810608,456407,8.007241500308737,7.421904738293961,16.28880648058839,0.9438736986589423,0.05612630134105767,126850,0.7509235574121206,0.24907644258787942,62845,0.09686630219221115,0.0006695250631310046,29.403346736216918,0.045317716896533966,0.954682283103466,0.17702658474445343,0.31783345341682434,0.021963639184832573,0.5054907202720642,0.4945092797279358,0.5276517868041992,0.5560154318809509,0.602954626083374,0.5054907202720642,0.4945092797279358,0.5054907202720642,0.4945092797279358,0.7196312654991969,0.28036873450080313,0.9567907452583313,0.7172326456802812,0.2827673543197188,0.0,0.8101616282844999,0.1898383717155001,0.05923807087237931,0.04830130830012014,0.04830130830012014,0.01860181801021099,0.008286463096737862,0.9516986916998799,0.04830130830012014,0.030626174062490463,0.0014175943797454238,406772
b2_cityscapes_val,2026-07-07 05:27:40,cityscapes,val,all,student_skd,/scratch/gautschi/manors/hf_cache/hub/models--nvidia--mit-b2/snapshots/3bb39e8739149c3777d0325349b2a6c32c6413db,runs/mit-b2_skd_j9196921/student_skd.ckpt,skd,img_000193,/home/manors/Guardrail-Distillation/data/cityscapes/leftImg8bit/val/frankfurt/frankfurt_000001_055538_leftImg8bit.png,,0.7099793888868722,0.2900206111131278,0.9362860321998596,0.9536282420158386,0.11305315792560577,0.12124975770711899,0.2554839551448822,0.8968412280082703,0.31338071823120117,-7.417820930480957,7.360873699188232,0.009975898079574108,0.06336508691310883,435650,8.007241500308737,7.421904738293961,16.28880648058839,0.6420239132464026,0.3579760867535974,114081,0.7980642511619516,0.20193574883804843,28464,0.12235799431800842,0.0007191464537754655,29.403346736216918,0.0630439966917038,0.9369560033082962,0.26000475883483887,0.3846297562122345,0.03976107016205788,0.5099389553070068,0.49006104469299316,0.5495774745941162,0.5825432538986206,0.591253936290741,0.5099389553070068,0.49006104469299316,0.5099389553070068,0.49006104469299316,0.7438170201608565,0.2561829798391435,0.9524986147880554,0.6521180160154684,0.34788198398453163,0.01009410276906575,0.8501343044370006,0.14986569556299945,0.05207005327504899,0.033837631273984314,0.033837631273984314,0.025290945544838905,0.009078389033675194,0.9661623687260157,0.033837631273984314,0.039189718663692474,0.0013795478735119104,374817
b2_cityscapes_val,2026-07-07 05:27:40,cityscapes,val,all,student_skd,/scratch/gautschi/manors/hf_cache/hub/models--nvidia--mit-b2/snapshots/3bb39e8739149c3777d0325349b2a6c32c6413db,runs/mit-b2_skd_j9196921/student_skd.ckpt,skd,img_000194,/home/manors/Guardrail-Distillation/data/cityscapes/leftImg8bit/val/frankfurt/frankfurt_000001_055603_leftImg8bit.png,,0.68951882529625,0.31048117470375003,0.936520516872406,0.9519234299659729,0.11474130302667618,0.12847332656383514,0.26322782039642334,0.8898503184318542,0.33687716722488403,-7.980790615081787,7.921728134155273,0.010782447643578053,0.06483282893896103,427083,8.007241500308737,7.421904738293961,16.28880648058839,0.9358324950363855,0.06416750496361445,126850,0.6379382823889183,0.36206171761108175,40456,0.13003943860530853,0.0008933584322221577,29.403346736216918,0.06335389614105225,0.9366461038589478,0.26398172974586487,0.3905595541000366,0.03905083239078522,0.5097614526748657,0.4902385473251343,0.5457419753074646,0.5817708969116211,0.5887131690979004,0.5097614526748657,0.4902385473251343,0.5097614526748657,0.4902385473251343,0.6714633651193961,0.3285366348806039,0.948148250579834,0.9341453447448756,0.06585465525512435,0.0,0.5368215683172096,0.4631784316827904,0.0,0.0,0.0,0.024906165897846222,0.013278448954224586,1.0,0.0,0.04215339943766594,0.001934050233103335,365750
b2_cityscapes_val,2026-07-07 05:27:40,cityscapes,val,all,student_skd,/scratch/gautschi/manors/hf_cache/hub/models--nvidia--mit-b2/snapshots/3bb39e8739149c3777d0325349b2a6c32c6413db,runs/mit-b2_skd_j9196921/student_skd.ckpt,skd,img_000195,/home/manors/Guardrail-Distillation/data/cityscapes/leftImg8bit/val/frankfurt/frankfurt_000001_055709_leftImg8bit.png,,0.5990082138244979,0.40099178617550213,0.9237720966339111,0.9458589553833008,0.12277164310216904,0.14326885342597961,0.2820836305618286,0.8822004199028015,0.35346320271492004,-8.024151802062988,7.9570512771606445,0.01465874258428812,0.07371630519628525,416475,8.007241500308737,7.421904738293961,16.28880648058839,0.9656184636526001,0.03438153634739993,126850,0.6403987924469817,0.3596012075530183,53154,0.14480091631412506,0.0009768531890586019,29.403346736216918,0.06808844953775406,0.9319115504622459,0.28723251819610596,0.3988836109638214,0.04510990530252457,0.5112755298614502,0.4887244701385498,0.5552858710289001,0.5873531103134155,0.5862263441085815,0.5112755298614502,0.4887244701385498,0.5112755298614502,0.4887244701385498,0.7260917447376234,0.2739082552623766,0.9443759918212891,0.9689173774831729,0.03108262251682714,0.0032989138305727916,0.7814641853542896,0.21853581464571037,0.1410653929073079,0.12708353091312552,0.12708353091312552,0.038295213133096695,0.017691338434815407,0.8729164690868745,0.12708353091312552,0.06272885203361511,0.005051923915743828,348974
b2_cityscapes_val,2026-07-07 05:27:40,cityscapes,val,all,student_skd,/scratch/gautschi/manors/hf_cache/hub/models--nvidia--mit-b2/snapshots/3bb39e8739149c3777d0325349b2a6c32c6413db,runs/mit-b2_skd_j9196921/student_skd.ckpt,skd,img_000196,/home/manors/Guardrail-Distillation/data/cityscapes/leftImg8bit/val/frankfurt/frankfurt_000001_056580_leftImg8bit.png,,0.5013215119446044,0.4986784880553956,0.9426516890525818,0.964623212814331,0.10356418043375015,0.09359242767095566,0.2398727834224701,0.9217127561569214,0.2381412237882614,-8.162202835083008,8.118095397949219,0.010916383937001228,0.04859106242656708,456195,7.999135763384402,7.410763762891293,16.30484950146638,0.4994481671265274,0.5005518328734726,126850,0.45133668499061474,0.5486633150093853,51439,0.09463634341955185,0.0005655754939652979,29.421248007565737,0.038796618580818176,0.9612033814191818,0.14233870804309845,0.29998353123664856,0.013712383806705475,0.503428041934967,0.49657195806503296,0.5205919146537781,0.5509273409843445,0.583972692489624,0.503428041934967,0.49657195806503296,0.503428041934967,0.49657195806503296,0.4454142553234029,0.5545857446765972,0.9469875693321228,0.49980291683090267,0.5001970831690974,0.00035474970437521236,0.3650812200910817,0.6349187799089183,0.0,0.0,0.0,0.016830522567033768,0.012494656257331371,1.0,0.0,0.03480309993028641,0.0013108429266139865,409344
b2_cityscapes_val,2026-07-07 05:27:40,cityscapes,val,all,student_skd,/scratch/gautschi/manors/hf_cache/hub/models--nvidia--mit-b2/snapshots/3bb39e8739149c3777d0325349b2a6c32c6413db,runs/mit-b2_skd_j9196921/student_skd.ckpt,skd,img_000197,/home/manors/Guardrail-Distillation/data/cityscapes/leftImg8bit/val/frankfurt/frankfurt_000001_057181_leftImg8bit.png,,0.4583887677588571,0.5416112322411428,0.9371797442436218,0.9604146480560303,0.10610459744930267,0.10541284084320068,0.24422971904277802,0.9102758765220642,0.2722194790840149,-8.066027641296387,8.017212867736816,0.010266655124723911,0.05193901062011719,453994,7.999135763384402,7.410763762891293,16.30484950146638,0.8262200623684168,0.17377993763158317,126850,0.2876688315732566,0.7123311684267434,52513,0.10649523138999939,0.0007207370363175869,29.421248007565737,0.046099379658699036,0.953900620341301,0.18054719269275665,0.3296327590942383,0.0192255862057209,0.5048062801361084,0.4951937198638916,0.5258823037147522,0.5588740706443787,0.5761613249778748,0.5048062801361084,0.4951937198638916,0.5048062801361084,0.4951937198638916,0.4625917927861105,0.5374082072138895,0.9407084584236145,0.8676389685754453,0.1323610314245547,0.04141890620702848,0.35753847687121004,0.64246152312879,0.06986964529795336,0.004203025027253338,0.004203025027253338,0.016471583396196365,0.012942901812493801,0.9957969749727467,0.004203025027253338,0.035870518535375595,0.0007467059185728431,400493
b2_cityscapes_val,2026-07-07 05:27:40,cityscapes,val,all,student_skd,/scratch/gautschi/manors/hf_cache/hub/models--nvidia--mit-b2/snapshots/3bb39e8739149c3777d0325349b2a6c32c6413db,runs/mit-b2_skd_j9196921/student_skd.ckpt,skd,img_000198,/home/manors/Guardrail-Distillation/data/cityscapes/leftImg8bit/val/frankfurt/frankfurt_000001_057478_leftImg8bit.png,,0.5216967482653343,0.4783032517346657,0.9431990385055542,0.9657789468765259,0.10078876465559006,0.09285826236009598,0.23610572516918182,0.9190869927406311,0.2557002902030945,-7.888689994812012,7.846250534057617,0.009592465125024319,0.04607006907463074,449728,7.999135763384402,7.410763762891293,16.30484950146638,1.0,0.0,126850,0.6194902869430692,0.3805097130569308,36491,0.09387796372175217,0.0005633606342598796,29.421248007565737,0.04005960375070572,0.9599403962492943,0.147498220205307,0.2948210537433624,0.013328987173736095,0.5033321976661682,0.4966678023338318,0.5217330455780029,0.5484004616737366,0.5746721029281616,0.5033321976661682,0.4966678023338318,0.5033321976661682,0.4966678023338318,0.5561115469052812,0.4438884530947188,0.9519243240356445,1.0,0.0,0.0,0.5180521153760187,0.4819478846239813,0.0,0.0344147986399469,0.0344147986399469,0.016727888956665993,0.00800261553376913,0.9655852013600531,0.0344147986399469,0.03159687668085098,0.0009672513115219772,404853
b2_cityscapes_val,2026-07-07 05:27:40,cityscapes,val,all,student_skd,/scratch/gautschi/manors/hf_cache/hub/models--nvidia--mit-b2/snapshots/3bb39e8739149c3777d0325349b2a6c32c6413db,runs/mit-b2_skd_j9196921/student_skd.ckpt,skd,img_000199,/home/manors/Guardrail-Distillation/data/cityscapes/leftImg8bit/val/frankfurt/frankfurt_000001_057954_leftImg8bit.png,,0.5338492288385764,0.46615077116142356,0.9304247498512268,0.9640121459960938,0.0981052815914154,0.09506850689649582,0.2139556109905243,0.9122809767723083,0.27129799127578735,-8.192241668701172,8.148625373840332,0.006141180172562599,0.04598803445696831,430699,7.999135763384402,7.410763762891293,16.30484950146638,1.0,0.0,126850,0.24278995244986562,0.7572100475501344,58050,0.09591726213693619,0.0005687633529305458,29.421248007565737,0.04097292199730873,0.9590270780026913,0.15617285668849945,0.28927117586135864,0.015107897110283375,0.5037769079208374,0.4962230920791626,0.5219658613204956,0.5455287098884583,0.5880360007286072,0.5037769079208374,0.4962230920791626,0.5037769079208374,0.4962230920791626,0.584380487042565,0.41561951295743504,0.9439702033996582,1.0,0.0,0.0,0.24018822069393453,0.7598117793060655,0.0,0.050531258203988516,0.050531258203988516,0.020805714651942253,0.007260290905833244,0.9494687417960115,0.050531258203988516,0.03165319561958313,0.0009264010586775839,384356
b2_cityscapes_val,2026-07-07 05:27:41,cityscapes,val,all,student_skd,/scratch/gautschi/manors/hf_cache/hub/models--nvidia--mit-b2/snapshots/3bb39e8739149c3777d0325349b2a6c32c6413db,runs/mit-b2_skd_j9196921/student_skd.ckpt,skd,img_000200,/home/manors/Guardrail-Distillation/data/cityscapes/leftImg8bit/val/frankfurt/frankfurt_000001_058057_leftImg8bit.png,,0.5402698478382313,0.4597301521617687,0.9700339436531067,0.9759218096733093,0.08239074051380157,0.06142069771885872,0.17922574281692505,0.9447988271713257,0.17011065781116486,-8.349043846130371,8.319840431213379,0.003583829617127776,0.03127003833651543,466261,8.006166259292513,7.4217602668795735,16.296212241286412,0.7751592594624142,0.22484074053758585,126850,0.6461695548816426,0.3538304451183574,121760,0.06224370002746582,0.0005083789583295584,29.39020050689578,0.026824835687875748,0.9731751643121243,0.07705304026603699,0.20064577460289001,0.004420884884893894,0.5011051893234253,0.4988948106765747,0.5107210278511047,0.5348773002624512,0.5944700241088867,0.5011051893234253,0.4988948106765747,0.5011051893234253,0.4988948106765747,0.5743328634413396,0.4256671365586604,0.9743019342422485,0.9259787239714149,0.0740212760285851,0.15081946450900074,0.6990956284760617,0.30090437152393834,0.05292607359441903,0.034063015603108315,0.034063015603108315,0.01264098845422268,0.00837299320846796,0.9659369843968917,0.034063015603108315,0.022146394476294518,0.002520047826692462,431948
b2_cityscapes_val,2026-07-07 05:27:41,cityscapes,val,all,student_skd,/scratch/gautschi/manors/hf_cache/hub/models--nvidia--mit-b2/snapshots/3bb39e8739149c3777d0325349b2a6c32c6413db,runs/mit-b2_skd_j9196921/student_skd.ckpt,skd,img_000201,/home/manors/Guardrail-Distillation/data/cityscapes/leftImg8bit/val/frankfurt/frankfurt_000001_058176_leftImg8bit.png,,0.5071766286118427,0.49282337138815735,0.9075056910514832,0.9675976634025574,0.09488088637590408,0.08144187927246094,0.20223510265350342,0.9279599189758301,0.2130560427904129,-7.90011739730835,7.860694885253906,0.004722827114164829,0.04329293966293335,464764,8.006166259292513,7.4217602668795735,16.296212241286412,1.0,0.0,126850,0.34920496523732164,0.6507950347626783,84695,0.0824422612786293,0.0007195333600975573,29.39020050689578,0.03949733078479767,0.9605026692152023,0.14790306985378265,0.27038687467575073,0.014354432001709938,0.5035885572433472,0.49641144275665283,0.5246635675430298,0.5508105754852295,0.5830546617507935,0.5035885572433472,0.49641144275665283,0.5035885572433472,0.49641144275665283,0.5465582590024839,0.4534417409975161,0.9548760056495667,1.0,0.0,0.0,0.46934740376750117,0.5306525962324988,0.12014243853017947,0.03938163039064124,0.03938163039064124,0.05723549798130989,0.009865221567451954,0.9606183696093588,0.03938163039064124,0.07016249001026154,0.03690259903669357,419323
b2_cityscapes_val,2026-07-07 05:27:41,cityscapes,val,all,student_skd,/scratch/gautschi/manors/hf_cache/hub/models--nvidia--mit-b2/snapshots/3bb39e8739149c3777d0325349b2a6c32c6413db,runs/mit-b2_skd_j9196921/student_skd.ckpt,skd,img_000202,/home/manors/Guardrail-Distillation/data/cityscapes/leftImg8bit/val/frankfurt/frankfurt_000001_058504_leftImg8bit.png,,0.7052842585857118,0.29471574141428825,0.9636024832725525,0.9708582758903503,0.09150342643260956,0.07243040949106216,0.19644908607006073,0.9371677041053772,0.18651655316352844,-8.346783638000488,8.31119155883789,0.004433473106473684,0.03960856422781944,464647,8.006166259292513,7.4217602668795735,16.296212241286412,1.0,0.0,126850,0.762858059294068,0.23714194070593198,46046,0.07301279157400131,0.00037905731005594134,29.39020050689578,0.026992155238986015,0.973007844761014,0.08424289524555206,0.22026239335536957,0.0005671348189935088,0.5001417994499207,0.49985820055007935,0.5107777714729309,0.5322206020355225,0.6021474003791809,0.5001417994499207,0.49985820055007935,0.5001417994499207,0.49985820055007935,0.6557133082561473,0.34428669174385274,0.963750958442688,1.0,0.0,0.0,0.842573470590712,0.15742652940928803,0.07971541129664395,0.0,0.0,0.011806812137365341,0.011658312752842903,1.0,0.0,0.025092165917158127,0.0002711736015044153,423277
b2_cityscapes_val,2026-07-07 05:27:41,cityscapes,val,all,student_skd,/scratch/gautschi/manors/hf_cache/hub/models--nvidia--mit-b2/snapshots/3bb39e8739149c3777d0325349b2a6c32c6413db,runs/mit-b2_skd_j9196921/student_skd.ckpt,skd,img_000203,/home/manors/Guardrail-Distillation/data/cityscapes/leftImg8bit/val/frankfurt/frankfurt_000001_058914_leftImg8bit.png,,0.5135786921369835,0.4864213078630165,0.9522337913513184,0.9688810110092163,0.09368088841438293,0.08127836138010025,0.21019482612609863,0.9282651543617249,0.22113820910453796,-7.953113555908203,7.915119171142578,0.005950302816927433,0.040443092584609985,464010,8.006166259292513,7.4217602668795735,16.296212241286412,0.9010185731790181,0.09898142682098188,126850,0.3887187314186502,0.6112812685813498,62448,0.08223655819892883,0.000566895876545459,29.39020050689578,0.031481508165597916,0.9685184918344021,0.09730109572410583,0.23140038549900055,0.005543742328882217,0.5013859272003174,0.4986140727996826,0.5133315920829773,0.5371618270874023,0.6006771922111511,0.5013859272003174,0.4986140727996826,0.5013859272003174,0.4986140727996826,0.5098998697969208,0.4901001302030792,0.9579728841781616,0.9513031846015509,0.048696815398449056,0.05028461142253282,0.42492658003840944,0.5750734199615906,0.03620784861975923,0.0,0.0,0.014818646013736725,0.009079545736312866,1.0,0.0,0.026079177856445312,0.0012068705400452018,420573
b2_cityscapes_val,2026-07-07 05:27:41,cityscapes,val,all,student_skd,/scratch/gautschi/manors/hf_cache/hub/models--nvidia--mit-b2/snapshots/3bb39e8739149c3777d0325349b2a6c32c6413db,runs/mit-b2_skd_j9196921/student_skd.ckpt,skd,img_000204,/home/manors/Guardrail-Distillation/data/cityscapes/leftImg8bit/val/frankfurt/frankfurt_000001_059119_leftImg8bit.png,,0.5086832010962319,0.4913167989037681,0.9546240568161011,0.9665160179138184,0.09729262441396713,0.08500400930643082,0.21214893460273743,0.9261507391929626,0.22026367485523224,-7.847592830657959,7.806648254394531,0.005825873930007219,0.04501397907733917,461390,7.99891326460056,7.429062738083303,16.3048017420806,1.0,0.0,126850,0.2974712354049028,0.7025287645950973,46725,0.0857904925942421,0.0005280848126858473,29.408703499939293,0.03371717035770416,0.9662828296422958,0.10985863208770752,0.2570919394493103,0.00643788231536746,0.5016095042228699,0.4983904957771301,0.5161454677581787,0.5448536276817322,0.5968145728111267,0.5016095042228699,0.4983904957771301,0.5016095042228699,0.4983904957771301,0.582411212055911,0.41758878794408905,0.9605388045310974,1.0,0.0,0.0,0.4709893783858618,0.5290106216141381,0.17351814298095913,0.07372801095967907,0.07372801095967907,0.015477145090699196,0.009562409482896328,0.9262719890403209,0.07372801095967907,0.028578858822584152,0.0008647781796753407,414889
b2_cityscapes_val,2026-07-07 05:27:41,cityscapes,val,all,student_skd,/scratch/gautschi/manors/hf_cache/hub/models--nvidia--mit-b2/snapshots/3bb39e8739149c3777d0325349b2a6c32c6413db,runs/mit-b2_skd_j9196921/student_skd.ckpt,skd,img_000205,/home/manors/Guardrail-Distillation/data/cityscapes/leftImg8bit/val/frankfurt/frankfurt_000001_059642_leftImg8bit.png,,0.5625934655098436,0.43740653449015643,0.9649818539619446,0.9747401475906372,0.0864887610077858,0.06513173133134842,0.1943175196647644,0.9434913992881775,0.17260077595710754,-8.103422164916992,8.072356224060059,0.005655568093061447,0.03367185592651367,466443,7.99891326460056,7.429062738083303,16.3048017420806,0.9042016073180164,0.09579839268198365,126850,0.4273164367967519,0.5726835632032481,42607,0.06578142195940018,0.000424884696258232,29.408703499939293,0.02308901771903038,0.9769109822809696,0.054662011563777924,0.17871186137199402,-0.0023878319188952446,0.4994029998779297,0.5005970001220703,0.5105661153793335,0.5263693928718567,0.6147060394287109,0.4994029998779297,0.5005970001220703,0.4994029998779297,0.5005970001220703,0.6381233789975008,0.3618766210024992,0.9707702994346619,0.9225990176669261,0.07740098233307391,0.018397410348909737,0.5538877288455079,0.44611227115449215,0.12657129204875595,0.07552991348765725,0.07552991348765725,0.013735869899392128,0.007947380654513836,0.9244700865123427,0.07552991348765725,0.023621322587132454,0.0006753237103112042,431057
b2_cityscapes_val,2026-07-07 05:27:41,cityscapes,val,all,student_skd,/scratch/gautschi/manors/hf_cache/hub/models--nvidia--mit-b2/snapshots/3bb39e8739149c3777d0325349b2a6c32c6413db,runs/mit-b2_skd_j9196921/student_skd.ckpt,skd,img_000206,/home/manors/Guardrail-Distillation/data/cityscapes/leftImg8bit/val/frankfurt/frankfurt_000001_059789_leftImg8bit.png,,0.678053274210923,0.321946725789077,0.9398537874221802,0.9590857028961182,0.10863428562879562,0.10465092211961746,0.2437082976102829,0.9145517945289612,0.2449629008769989,-8.448598861694336,8.397987365722656,0.009817914105951786,0.055416516959667206,435123,7.99891326460056,7.429062738083303,16.3048017420806,0.7168041137809184,0.28319588621908165,119367,0.9656405832381587,0.03435941676184129,31336,0.10573819279670715,0.0006423521554097533,29.408703499939293,0.043546296656131744,0.9564537033438683,0.19040004909038544,0.3101704716682434,0.019498102366924286,0.5048744082450867,0.49512559175491333,0.5331881046295166,0.5607159733772278,0.5907613039016724,0.5048744082450867,0.49512559175491333,0.5048744082450867,0.49512559175491333,0.6496088748992558,0.3503911251007442,0.9463485479354858,0.7212890537395468,0.27871094626045323,0.00448493995862842,0.9572371618317802,0.0427628381682198,0.0,0.0,0.0,0.0184683408588171,0.011973625980317593,1.0,0.0,0.03542906418442726,0.0005331825814209878,381923
b2_cityscapes_val,2026-07-07 05:27:41,cityscapes,val,all,student_skd,/scratch/gautschi/manors/hf_cache/hub/models--nvidia--mit-b2/snapshots/3bb39e8739149c3777d0325349b2a6c32c6413db,runs/mit-b2_skd_j9196921/student_skd.ckpt,skd,img_000207,/home/manors/Guardrail-Distillation/data/cityscapes/leftImg8bit/val/frankfurt/frankfurt_000001_060135_leftImg8bit.png,,0.4874412179736782,0.5125587820263218,0.8743347525596619,0.940686821937561,0.12907078862190247,0.14868998527526855,0.28487905859947205,0.8818347454071045,0.3286148011684418,-7.896700859069824,7.82268762588501,0.016005225479602814,0.08285529911518097,448541,7.99891326460056,7.429062738083303,16.3048017420806,0.7598848658583688,0.24011513414163121,126850,0.7841592128801431,0.21584078711985688,19712,0.1499078869819641,0.0007884923252277076,29.408703499939293,0.06660724431276321,0.9333927556872368,0.26913100481033325,0.3760649263858795,0.051606711000204086,0.5128988027572632,0.4871011972427368,0.5574743747711182,0.5992173552513123,0.579643964767456,0.5128988027572632,0.4871011972427368,0.5128988027572632,0.4871011972427368,0.6058325668340868,0.3941674331659132,0.9441767334938049,0.9661445208147021,0.033855479185297854,0.20625965495633336,0.909124203821656,0.09087579617834396,0.12496499094151292,0.11839134886040859,0.11839134886040859,0.08466338366270065,0.014821386896073818,0.8816086511395914,0.11839134886040859,0.1032547727227211,0.05130411311984062,370515
b2_cityscapes_val,2026-07-07 05:27:41,cityscapes,val,all,student_skd,/scratch/gautschi/manors/hf_cache/hub/models--nvidia--mit-b2/snapshots/3bb39e8739149c3777d0325349b2a6c32c6413db,runs/mit-b2_skd_j9196921/student_skd.ckpt,skd,img_000208,/home/manors/Guardrail-Distillation/data/cityscapes/leftImg8bit/val/frankfurt/frankfurt_000001_060422_leftImg8bit.png,,0.4603473922041106,0.5396526077958894,0.970379114151001,0.9751926064491272,0.08304177224636078,0.06425705552101135,0.18075202405452728,0.9420788884162903,0.17369547486305237,-8.741540908813477,8.71150016784668,0.003841135883703828,0.03188363462686539,452991,7.986678014276549,7.397120498353615,16.2935669941362,1.0,0.0,126850,0.24668362302949687,0.7533163769705031,55871,0.06478523463010788,0.00033370492747053504,29.389565490419045,0.024289747700095177,0.9757102522999048,0.06707100570201874,0.17732290923595428,-0.0010705817257985473,0.4997324049472809,0.5002675950527191,0.5084702372550964,0.5265665054321289,0.5849546790122986,0.4997324049472809,0.5002675950527191,0.4997324049472809,0.5002675950527191,0.4488762711320448,0.5511237288679551,0.9727103114128113,1.0,0.0,0.0,0.19456697729644154,0.8054330227035584,0.0,0.0,0.0,0.010567539371550083,0.008236367255449295,1.0,0.0,0.02019686996936798,0.0007042082725092769,419284
b2_cityscapes_val,2026-07-07 05:27:41,cityscapes,val,all,student_skd,/scratch/gautschi/manors/hf_cache/hub/models--nvidia--mit-b2/snapshots/3bb39e8739149c3777d0325349b2a6c32c6413db,runs/mit-b2_skd_j9196921/student_skd.ckpt,skd,img_000209,/home/manors/Guardrail-Distillation/data/cityscapes/leftImg8bit/val/frankfurt/frankfurt_000001_060545_leftImg8bit.png,,0.47556143886244995,0.52443856113755,0.9539787173271179,0.9749748706817627,0.08874594420194626,0.06614749878644943,0.21052081882953644,0.9456760883331299,0.1659102737903595,-8.379589080810547,8.3483304977417,0.007420175243169069,0.03409382328391075,456593,7.986678014276549,7.397120498353615,16.2935669941362,1.0,0.0,126850,0.4064265846160738,0.5935734153839263,22713,0.06684412807226181,0.0005025395075790584,29.389565490419045,0.02668660320341587,0.9733133967965841,0.05995941162109375,0.22119499742984772,0.001020877854898572,0.5002552270889282,0.4997447729110718,0.506539523601532,0.5297992825508118,0.5944597125053406,0.5002552270889282,0.4997447729110718,0.5002552270889282,0.4997447729110718,0.5457101864956831,0.45428981350431685,0.9628247022628784,1.0,0.0,0.0,0.49748759246967134,0.5025124075303287,0.09106100785359761,0.0701487476332332,0.0701487476332332,0.015823721885681152,0.006977768149226904,0.9298512523667668,0.0701487476332332,0.028982048854231834,0.0025077038444578648,422823
b2_cityscapes_val,2026-07-07 05:27:41,cityscapes,val,all,student_skd,/scratch/gautschi/manors/hf_cache/hub/models--nvidia--mit-b2/snapshots/3bb39e8739149c3777d0325349b2a6c32c6413db,runs/mit-b2_skd_j9196921/student_skd.ckpt,skd,img_000210,/home/manors/Guardrail-Distillation/data/cityscapes/leftImg8bit/val/frankfurt/frankfurt_000001_060906_leftImg8bit.png,,0.590160156102746,0.40983984389725403,0.9606382250785828,0.9691241383552551,0.09468569606542587,0.08206581324338913,0.21935993432998657,0.9301387071609497,0.2122192084789276,-8.716933250427246,8.678947448730469,0.007154927123337984,0.040755175054073334,462199,7.986678014276549,7.397120498353615,16.2935669941362,0.9064799244891848,0.0935200755108152,126850,0.5560121090262147,0.4439878909737853,109598,0.08305628597736359,0.0006845472962595522,29.389565490419045,0.038728754967451096,0.9612712450325489,0.15127310156822205,0.28878241777420044,0.0068888128735125065,0.5017222166061401,0.49827778339385986,0.5189030766487122,0.5432220101356506,0.567837655544281,0.5017222166061401,0.49827778339385986,0.5017222166061401,0.49827778339385986,0.5853548265719778,0.4146451734280222,0.9642254114151001,0.9115795630305223,0.08842043696947766,0.005099638541337548,0.5944526126572252,0.40554738734277485,0.03844050363101048,0.0,0.0,0.013424954377114773,0.00983775407075882,1.0,0.0,0.025969333946704865,0.0014041571412235498,419804
b2_cityscapes_val,2026-07-07 05:27:41,cityscapes,val,all,student_skd,/scratch/gautschi/manors/hf_cache/hub/models--nvidia--mit-b2/snapshots/3bb39e8739149c3777d0325349b2a6c32c6413db,runs/mit-b2_skd_j9196921/student_skd.ckpt,skd,img_000211,/home/manors/Guardrail-Distillation/data/cityscapes/leftImg8bit/val/frankfurt/frankfurt_000001_061682_leftImg8bit.png,,0.627701831208316,0.372298168791684,0.9419015645980835,0.9653806686401367,0.10066284239292145,0.08894768357276917,0.22638826072216034,0.9258716106414795,0.21911856532096863,-8.899971008300781,8.857256889343262,0.007832626812160015,0.047492895275354385,452594,7.986678014276549,7.397120498353615,16.2935669941362,0.89641672913837,0.10358327086163,126850,0.6037899036992809,0.39621009630071913,80068,0.0902063399553299,0.000780609727371484,29.389565490419045,0.04432317987084389,0.9556768201291561,0.18971098959445953,0.3270508348941803,0.021087482571601868,0.5052716732025146,0.49472832679748535,0.5265085697174072,0.5689470767974854,0.5654032826423645,0.5052716732025146,0.49472832679748535,0.5052716732025146,0.49472832679748535,0.7218757471299609,0.27812425287003906,0.9693610668182373,0.9501760195520894,0.04982398044791059,0.05375929041371941,0.6497554103925912,0.3502445896074088,0.04596550669331034,0.09417391592164492,0.09417391592164492,0.03427133336663246,0.006811844650655985,0.9058260840783551,0.09417391592164492,0.04490337893366814,0.01013491116464138,405200
b2_cityscapes_val,2026-07-07 05:27:42,cityscapes,val,all,student_skd,/scratch/gautschi/manors/hf_cache/hub/models--nvidia--mit-b2/snapshots/3bb39e8739149c3777d0325349b2a6c32c6413db,runs/mit-b2_skd_j9196921/student_skd.ckpt,skd,img_000212,/home/manors/Guardrail-Distillation/data/cityscapes/leftImg8bit/val/frankfurt/frankfurt_000001_061763_leftImg8bit.png,,0.771246924109716,0.22875307589028404,0.9646188616752625,0.972797155380249,0.08688101917505264,0.07286545634269714,0.19793345034122467,0.9351174235343933,0.1997201144695282,-8.8787841796875,8.845751762390137,0.004927526693791151,0.034300025552511215,441195,7.967456505866721,7.421919523039833,16.304403980029747,0.9509150960553231,0.049084903944676905,126850,0.8590085740613164,0.14099142593868363,99564,0.07386581599712372,0.0005580303259193897,29.39645800506696,0.035557761788368225,0.9644422382116318,0.12788674235343933,0.2724459767341614,0.008395244367420673,0.502098798751831,0.49790120124816895,0.5150678753852844,0.5419076085090637,0.5736671090126038,0.502098798751831,0.49790120124816895,0.502098798751831,0.49790120124816895,0.8279115289980605,0.17208847100193947,0.975657045841217,0.9824104267790845,0.017589573220915478,0.03149533072376143,0.8439777274452772,0.15602227255472279,0.0,0.05666460488834457,0.05666460488834457,0.01690862327814102,0.00587042048573494,0.9433353951116554,0.05666460488834457,0.02400299161672592,0.0021147113293409348,404846
b2_cityscapes_val,2026-07-07 05:27:42,cityscapes,val,all,student_skd,/scratch/gautschi/manors/hf_cache/hub/models--nvidia--mit-b2/snapshots/3bb39e8739149c3777d0325349b2a6c32c6413db,runs/mit-b2_skd_j9196921/student_skd.ckpt,skd,img_000213,/home/manors/Guardrail-Distillation/data/cityscapes/leftImg8bit/val/frankfurt/frankfurt_000001_062016_leftImg8bit.png,,0.6596645639450225,0.3403354360549775,0.9538072943687439,0.9642980694770813,0.10046879202127457,0.09348523616790771,0.22745156288146973,0.920293390750885,0.23630841076374054,-8.006893157958984,7.9630537033081055,0.008119340054690838,0.046086713671684265,462476,7.967456505866721,7.421919523039833,16.304403980029747,1.0,0.0,126850,0.5976165571785801,0.4023834428214199,11693,0.09445665031671524,0.0006891824305057526,29.39645800506696,0.04341081529855728,0.9565891847014427,0.16590194404125214,0.3049035668373108,0.020982464775443077,0.5052454471588135,0.4947545528411865,0.5312694311141968,0.559964656829834,0.5849963426589966,0.5052454471588135,0.4947545528411865,0.5052454471588135,0.4947545528411865,0.7302558137241544,0.2697441862758456,0.9699465036392212,1.0,0.0,0.0,0.6663112956744263,0.33368870432557374,0.06869473849584617,0.07059124977913189,0.07059124977913189,0.025607815012335777,0.00946859922260046,0.9294087502208681,0.07059124977913189,0.03810792416334152,0.0022682256530970335,412634
b2_cityscapes_val,2026-07-07 05:27:42,cityscapes,val,all,student_skd,/scratch/gautschi/manors/hf_cache/hub/models--nvidia--mit-b2/snapshots/3bb39e8739149c3777d0325349b2a6c32c6413db,runs/mit-b2_skd_j9196921/student_skd.ckpt,skd,img_000214,/home/manors/Guardrail-Distillation/data/cityscapes/leftImg8bit/val/frankfurt/frankfurt_000001_062250_leftImg8bit.png,,0.5251969936310182,0.47480300636898176,0.9380004405975342,0.9574000239372253,0.11235176771879196,0.1135871484875679,0.2617748975753784,0.9060532450675964,0.28364649415016174,-7.584519863128662,7.531405925750732,0.012867344543337822,0.05889808386564255,455261,7.967456505866721,7.421919523039833,16.304403980029747,1.0,0.0,126850,0.52148574819888,0.47851425180111995,9916,0.11472718417644501,0.0007408137316815555,29.39645800506696,0.043986838310956955,0.956013161689043,0.16878682374954224,0.3223477005958557,0.019483182579278946,0.5048706531524658,0.4951293468475342,0.5269175171852112,0.5618640780448914,0.5796657204627991,0.5048706531524658,0.4951293468475342,0.5048706531524658,0.4951293468475342,0.5783952938667206,0.4216047061332794,0.9478365182876587,1.0,0.0,0.0,0.593159051634755,0.406840948365245,0.07167330343587497,0.05319830023570238,0.05319830023570238,0.019913852214813232,0.010077735409140587,0.9468016997642976,0.05319830023570238,0.036021094769239426,0.0015331865288317204,399263
b2_cityscapes_val,2026-07-07 05:27:42,cityscapes,val,all,student_skd,/scratch/gautschi/manors/hf_cache/hub/models--nvidia--mit-b2/snapshots/3bb39e8739149c3777d0325349b2a6c32c6413db,runs/mit-b2_skd_j9196921/student_skd.ckpt,skd,img_000215,/home/manors/Guardrail-Distillation/data/cityscapes/leftImg8bit/val/frankfurt/frankfurt_000001_062396_leftImg8bit.png,,0.7060891464971382,0.29391085350286184,0.9546979665756226,0.9677988886833191,0.09648597240447998,0.08332619816064835,0.21444889903068542,0.9259611368179321,0.2294684648513794,-7.640293598175049,7.600767135620117,0.006738594267517328,0.04420746490359306,454991,7.967456505866721,7.421919523039833,16.304403980029747,1.0,0.0,126850,0.7930029315819106,0.2069970684180894,11892,0.08416139334440231,0.0005011698813177645,29.39645800506696,0.03378700464963913,0.9662129953503609,0.1108388900756836,0.25512146949768066,0.012144004926085472,0.5030359625816345,0.4969640374183655,0.5199575424194336,0.5490434765815735,0.6020212769508362,0.5030359625816345,0.4969640374183655,0.5030359625816345,0.4969640374183655,0.6977886815395793,0.3022113184604207,0.9683509469032288,1.0,0.0,0.0,0.8704339838688734,0.12956601613112662,0.07743105228696279,0.0,0.0,0.020099297165870667,0.006446280982345343,1.0,0.0,0.02917639911174774,0.0025187309365719557,411511
b2_cityscapes_val,2026-07-07 05:27:42,cityscapes,val,all,student_skd,/scratch/gautschi/manors/hf_cache/hub/models--nvidia--mit-b2/snapshots/3bb39e8739149c3777d0325349b2a6c32c6413db,runs/mit-b2_skd_j9196921/student_skd.ckpt,skd,img_000216,/home/manors/Guardrail-Distillation/data/cityscapes/leftImg8bit/val/frankfurt/frankfurt_000001_062509_leftImg8bit.png,,0.6346417236158808,0.3653582763841192,0.9753292202949524,0.9808593988418579,0.07610093802213669,0.05007753521203995,0.17217378318309784,0.9542468190193176,0.14735069870948792,-7.903614044189453,7.880083084106445,0.004389493726193905,0.025958897545933723,454950,7.978961250046268,7.427508273394778,16.305124998325482,1.0,0.0,126850,0.5450190530296922,0.4549809469703078,19972,0.05067848786711693,0.00033296135370619595,29.39942351076752,0.019973697140812874,0.9800263028591871,0.029925404116511345,0.13986709713935852,-0.0027439286932349205,0.4993140697479248,0.5006859302520752,0.5052723288536072,0.5256141424179077,0.615151047706604,0.4993140697479248,0.5006859302520752,0.4993140697479248,0.5006859302520752,0.6893768011657838,0.3106231988342162,0.9805737137794495,1.0,0.0,0.0,0.592604535387833,0.407395464612167,0.04758548235814075,0.05473507754990303,0.05473507754990303,0.009022969752550125,0.0037784373853355646,0.945264922450097,0.05473507754990303,0.013803714886307716,0.0006989779649302363,429512
b2_cityscapes_val,2026-07-07 05:27:42,cityscapes,val,all,student_skd,/scratch/gautschi/manors/hf_cache/hub/models--nvidia--mit-b2/snapshots/3bb39e8739149c3777d0325349b2a6c32c6413db,runs/mit-b2_skd_j9196921/student_skd.ckpt,skd,img_000217,/home/manors/Guardrail-Distillation/data/cityscapes/leftImg8bit/val/frankfurt/frankfurt_000001_062653_leftImg8bit.png,,0.6597515680508312,0.34024843194916876,0.9542742967605591,0.9652336239814758,0.09754674136638641,0.09131614863872528,0.21788868308067322,0.9192957878112793,0.24713319540023804,-7.766610145568848,7.724310874938965,0.0060973577201366425,0.04484608769416809,449047,7.978961250046268,7.427508273394778,16.305124998325482,0.914426664224989,0.08557333577501103,120022,0.7894181452413612,0.21058185475863878,34680,0.09221884608268738,0.0005885824211873114,29.39942351076752,0.038695577532052994,0.961304422467947,0.14268162846565247,0.27446532249450684,0.016180433332920074,0.5040450096130371,0.4959549903869629,0.5268732309341431,0.5485121011734009,0.5936747193336487,0.5040450096130371,0.4959549903869629,0.5040450096130371,0.4959549903869629,0.7413893546367899,0.2586106453632101,0.9637165069580078,0.9459435895917112,0.05405641040828879,0.03151692536672224,0.8132276083550445,0.18677239164495552,0.02380946311368326,0.08163778658595866,0.08163778658595866,0.0172476377338171,0.0078054191544651985,0.9183622134140413,0.08163778658595866,0.027057303115725517,0.0011156961554661393,401731
b2_cityscapes_val,2026-07-07 05:27:42,cityscapes,val,all,student_skd,/scratch/gautschi/manors/hf_cache/hub/models--nvidia--mit-b2/snapshots/3bb39e8739149c3777d0325349b2a6c32c6413db,runs/mit-b2_skd_j9196921/student_skd.ckpt,skd,img_000218,/home/manors/Guardrail-Distillation/data/cityscapes/leftImg8bit/val/frankfurt/frankfurt_000001_062793_leftImg8bit.png,,0.618432009683814,0.38156799031618605,0.9595211148262024,0.9661174416542053,0.09541868418455124,0.08893866837024689,0.21213160455226898,0.9216603636741638,0.23399005830287933,-8.104363441467285,8.063340187072754,0.0053269099444150925,0.043151021003723145,459178,7.978961250046268,7.427508273394778,16.305124998325482,1.0,0.0,126850,0.5634229237369218,0.4365770762630782,16686,0.08977796882390976,0.0005726036615669727,29.39942351076752,0.037200961261987686,0.9627990387380123,0.1341463327407837,0.2740994989871979,0.010510423220694065,0.5026275515556335,0.49737244844436646,0.5195505619049072,0.5421023368835449,0.6006594300270081,0.5026275515556335,0.49737244844436646,0.5026275515556335,0.49737244844436646,0.6697854046942783,0.3302145953057217,0.967711865901947,1.0,0.0,0.0,0.6536920961347245,0.34630790386527555,0.09026917239780263,0.05135339501046432,0.05135339501046432,0.016758207231760025,0.00856748316437006,0.9486466049895357,0.05135339501046432,0.028076257556676865,0.0014025061391294003,411548
b2_cityscapes_val,2026-07-07 05:27:42,cityscapes,val,all,student_skd,/scratch/gautschi/manors/hf_cache/hub/models--nvidia--mit-b2/snapshots/3bb39e8739149c3777d0325349b2a6c32c6413db,runs/mit-b2_skd_j9196921/student_skd.ckpt,skd,img_000219,/home/manors/Guardrail-Distillation/data/cityscapes/leftImg8bit/val/frankfurt/frankfurt_000001_063045_leftImg8bit.png,,0.5900427723318253,0.40995722766817466,0.9352940320968628,0.9521877765655518,0.11468185484409332,0.1232093796133995,0.25524699687957764,0.896431565284729,0.30391746759414673,-7.944945335388184,7.886137008666992,0.010332328267395496,0.06440316885709763,455754,7.978961250046268,7.427508273394778,16.305124998325482,0.9881031275510861,0.011896872448913909,126850,0.4548273255198444,0.5451726744801556,29996,0.12444926798343658,0.0007069531711749732,29.39942351076752,0.05001375451683998,0.94998624548316,0.20448891818523407,0.32737085223197937,0.02566179446876049,0.506415069103241,0.49358493089675903,0.533324658870697,0.5615078210830688,0.5867545008659363,0.506415069103241,0.49358493089675903,0.506415069103241,0.49358493089675903,0.563963876264781,0.43603612373521905,0.9516032934188843,0.9957690458429894,0.00423095415701058,0.007665918291903329,0.4793139609288796,0.5206860390711203,0.024486635409035284,0.0,0.0,0.02770354226231575,0.011394305154681206,1.0,0.0,0.04496724158525467,0.0033504918683320284,390173
b2_cityscapes_val,2026-07-07 05:27:42,cityscapes,val,all,student_skd,/scratch/gautschi/manors/hf_cache/hub/models--nvidia--mit-b2/snapshots/3bb39e8739149c3777d0325349b2a6c32c6413db,runs/mit-b2_skd_j9196921/student_skd.ckpt,skd,img_000220,/home/manors/Guardrail-Distillation/data/cityscapes/leftImg8bit/val/frankfurt/frankfurt_000001_064130_leftImg8bit.png,,0.6102540904627534,0.38974590953724664,0.9333877563476562,0.9542922973632812,0.11102080345153809,0.11847794055938721,0.24465274810791016,0.8954386115074158,0.3186412453651428,-7.498260021209717,7.442326545715332,0.008889215998351574,0.05997822806239128,448296,8.01404399680905,7.419972767820582,16.287963022477925,0.4706744246999977,0.5293255753000023,125710,0.48197344986517077,0.5180265501348292,54061,0.11978120356798172,0.0008173323585651815,29.398340004263446,0.05426090955734253,0.9457390904426575,0.2107665240764618,0.3110330104827881,0.02659817598760128,0.5066491365432739,0.4933508634567261,0.5342954397201538,0.5601217150688171,0.5884712338447571,0.5066491365432739,0.4933508634567261,0.5066491365432739,0.4933508634567261,0.5512038704181367,0.4487961295818633,0.942589282989502,0.573703293746141,0.42629670625385896,0.10302886904614339,0.42233507196521414,0.5776649280347859,0.0,0.0,0.0,0.021251583471894264,0.012050073593854904,1.0,0.0,0.03795037046074867,0.0019786034245043993,386929
b2_cityscapes_val,2026-07-07 05:27:42,cityscapes,val,all,student_skd,/scratch/gautschi/manors/hf_cache/hub/models--nvidia--mit-b2/snapshots/3bb39e8739149c3777d0325349b2a6c32c6413db,runs/mit-b2_skd_j9196921/student_skd.ckpt,skd,img_000221,/home/manors/Guardrail-Distillation/data/cityscapes/leftImg8bit/val/frankfurt/frankfurt_000001_064305_leftImg8bit.png,,0.6459781569211137,0.3540218430788863,0.9540495276451111,0.9687785506248474,0.09282185882329941,0.0821676030755043,0.2072972059249878,0.9258127808570862,0.23205965757369995,-8.158510208129883,8.120549201965332,0.00565098412334919,0.039875470101833344,455142,8.01404399680905,7.419972767820582,16.287963022477925,1.0,0.0,126850,0.8021105755596664,0.19788942444033364,47085,0.08292979001998901,0.0005392542807385325,29.398340004263446,0.03537110239267349,0.9646288976073265,0.12525057792663574,0.25258442759513855,0.014729304239153862,0.5036822557449341,0.4963177442550659,0.5226027369499207,0.5497390031814575,0.6101285219192505,0.5036822557449341,0.4963177442550659,0.5036822557449341,0.4963177442550659,0.6832893829584636,0.31671061704153636,0.9595577120780945,1.0,0.0,0.0,0.8391708194076218,0.16082918059237816,0.037060243847955476,0.03731122603734993,0.03731122603734993,0.015357845462858677,0.009849674068391323,0.9626887739626501,0.03731122603734993,0.026993773877620697,0.002137794392183423,411826
b2_cityscapes_val,2026-07-07 05:27:42,cityscapes,val,all,student_skd,/scratch/gautschi/manors/hf_cache/hub/models--nvidia--mit-b2/snapshots/3bb39e8739149c3777d0325349b2a6c32c6413db,runs/mit-b2_skd_j9196921/student_skd.ckpt,skd,img_000222,/home/manors/Guardrail-Distillation/data/cityscapes/leftImg8bit/val/frankfurt/frankfurt_000001_064651_leftImg8bit.png,,0.5267840036232762,0.47321599637672385,0.9694541692733765,0.9764671921730042,0.08068079501390457,0.06138477101922035,0.17686812579631805,0.9437693357467651,0.17208808660507202,-8.489941596984863,8.461471557617188,0.003653156105428934,0.02949751913547516,466446,8.01404399680905,7.419972767820582,16.287963022477925,0.9685749937643217,0.03142500623567834,126850,0.5217625869035405,0.4782374130964595,91152,0.06207290291786194,0.00039356754859909415,29.398340004263446,0.02044251188635826,0.9795574881136417,0.04537055641412735,0.15323904156684875,-0.004064750857651234,0.498983770608902,0.501016229391098,0.5054200887680054,0.5183337926864624,0.6023460030555725,0.498983770608902,0.501016229391098,0.498983770608902,0.501016229391098,0.6074593567964929,0.3925406432035071,0.9732273817062378,0.9669868689469396,0.03301313105306036,0.0,0.6814229154166977,0.31857708458330225,0.15966032851315726,0.08067535317321672,0.08067535317321672,0.00880487821996212,0.005031664855778217,0.9193246468267833,0.08067535317321672,0.015275080688297749,0.0005895645008422434,433456
b2_cityscapes_val,2026-07-07 05:27:42,cityscapes,val,all,student_skd,/scratch/gautschi/manors/hf_cache/hub/models--nvidia--mit-b2/snapshots/3bb39e8739149c3777d0325349b2a6c32c6413db,runs/mit-b2_skd_j9196921/student_skd.ckpt,skd,img_000223,/home/manors/Guardrail-Distillation/data/cityscapes/leftImg8bit/val/frankfurt/frankfurt_000001_064798_leftImg8bit.png,,0.6839331136458223,0.3160668863541777,0.9657444953918457,0.975900411605835,0.08308033645153046,0.06201256811618805,0.1799497902393341,0.9430755376815796,0.17516639828681946,-8.409072875976562,8.37967300415039,0.005002869758754969,0.03089100681245327,466932,8.01404399680905,7.419972767820582,16.287963022477925,0.9450396438296538,0.054960356170346225,126850,0.8125987144269787,0.18740128557302127,85141,0.06258422881364822,0.00037958467146381736,29.398340004263446,0.028069568797945976,0.971930431202054,0.0763227567076683,0.21989116072654724,0.006137026473879814,0.5015342831611633,0.49846571683883667,0.5108262300491333,0.5363848209381104,0.6054369807243347,0.5015342831611633,0.49846571683883667,0.5015342831611633,0.49846571683883667,0.7435422805630628,0.2564577194369372,0.974773645401001,0.949352573251382,0.050647426748617996,0.004312929421728229,0.8425265741188824,0.15747342588111757,0.029927859691903702,0.0596091669172405,0.0596091669172405,0.01430186815559864,0.005272716283798218,0.9403908330827595,0.0596091669172405,0.022388698533177376,0.0009123384370468557,433500
b2_cityscapes_val,2026-07-07 05:27:42,cityscapes,val,all,student_skd,/scratch/gautschi/manors/hf_cache/hub/models--nvidia--mit-b2/snapshots/3bb39e8739149c3777d0325349b2a6c32c6413db,runs/mit-b2_skd_j9196921/student_skd.ckpt,skd,img_000224,/home/manors/Guardrail-Distillation/data/cityscapes/leftImg8bit/val/frankfurt/frankfurt_000001_064925_leftImg8bit.png,,0.4822077785927043,0.5177922214072956,0.9741346836090088,0.9810166954994202,0.07232443988323212,0.04894116893410683,0.1548827439546585,0.9529896974563599,0.14803367853164673,-8.406962394714355,8.384111404418945,0.0023775433655828238,0.023673010990023613,458877,8.001598995178938,7.423748495057225,16.307790006976575,0.584901376384208,0.415098623615792,122917,0.24958077257195807,0.7504192274280419,86441,0.04944203421473503,0.0003262639220338315,29.39497449551709,0.017704376950860023,0.98229562304914,0.030866898596286774,0.11610282957553864,-0.004414084833115339,0.4988964796066284,0.5011035203933716,0.5051608681678772,0.5163828730583191,0.6062992811203003,0.4988964796066284,0.5011035203933716,0.4988964796066284,0.5011035203933716,0.5704683089216356,0.4295316910783644,0.977904736995697,0.6149530604061962,0.38504693959380376,0.030051684021988212,0.414511138385494,0.585488861614506,0.16493036581353593,0.08826053032893122,0.08826053032893122,0.00888909213244915,0.005119018722325563,0.9117394696710688,0.08826053032893122,0.014742512255907059,0.0009523248882032931,432586
b2_cityscapes_val,2026-07-07 05:27:42,cityscapes,val,all,student_skd,/scratch/gautschi/manors/hf_cache/hub/models--nvidia--mit-b2/snapshots/3bb39e8739149c3777d0325349b2a6c32c6413db,runs/mit-b2_skd_j9196921/student_skd.ckpt,skd,img_000225,/home/manors/Guardrail-Distillation/data/cityscapes/leftImg8bit/val/frankfurt/frankfurt_000001_065160_leftImg8bit.png,,0.5680069649014912,0.43199303509850884,0.9610298275947571,0.9706931114196777,0.0923302173614502,0.07592970132827759,0.20599861443042755,0.934055507183075,0.1972193568944931,-8.749797821044922,8.713766098022461,0.006374748423695564,0.03861791640520096,465587,8.001598995178938,7.423748495057225,16.307790006976575,0.9155703640501085,0.0844296359498915,126850,0.24715032739699322,0.7528496726030067,87449,0.07662273943424225,0.0004510725266300142,29.39497449551709,0.02932136133313179,0.9706786386668682,0.08466355502605438,0.2325030118227005,0.0064331903122365475,0.5016083121299744,0.49839168787002563,0.511182963848114,0.5319722890853882,0.6075962781906128,0.5016083121299744,0.49839168787002563,0.5016083121299744,0.49839168787002563,0.5999843193186506,0.4000156806813494,0.9653577208518982,0.9142694421664095,0.08573055783359051,0.0,0.24728715960448738,0.7527128403955126,0.00013683220749416414,0.03197735441715943,0.03197735441715943,0.011493018828332424,0.007165148388594389,0.9680226455828406,0.03197735441715943,0.020812436938285828,0.0002104869781760499,425379
b2_cityscapes_val,2026-07-07 05:27:42,cityscapes,val,all,student_skd,/scratch/gautschi/manors/hf_cache/hub/models--nvidia--mit-b2/snapshots/3bb39e8739149c3777d0325349b2a6c32c6413db,runs/mit-b2_skd_j9196921/student_skd.ckpt,skd,img_000226,/home/manors/Guardrail-Distillation/data/cityscapes/leftImg8bit/val/frankfurt/frankfurt_000001_065617_leftImg8bit.png,,0.6281385641061118,0.3718614358938882,0.9616391658782959,0.9718974828720093,0.08768915385007858,0.0757778137922287,0.19941101968288422,0.9307515025138855,0.2165428102016449,-8.230720520019531,8.19667911529541,0.004859794396907091,0.03504487872123718,459896,8.001598995178938,7.423748495057225,16.307790006976575,1.0,0.0,126850,0.6082543263395579,0.3917456736604421,32367,0.07667772471904755,0.00046503276098519564,29.39497449551709,0.035849519073963165,0.9641504809260368,0.12202830612659454,0.2644275426864624,0.015495236963033676,0.5038737654685974,0.4961262345314026,0.518951416015625,0.5467111468315125,0.5954370498657227,0.5038737654685974,0.4961262345314026,0.5038737654685974,0.4961262345314026,0.7106349290470876,0.2893650709529124,0.9679101705551147,1.0,0.0,0.0,0.7121163823350712,0.28788361766492876,0.10386205599551335,0.08249636494097579,0.08249636494097579,0.014255397021770477,0.007984413765370846,0.9175036350590242,0.08249636494097579,0.02382495254278183,0.0009110755636356771,420552
b2_cityscapes_val,2026-07-07 05:27:42,cityscapes,val,all,student_skd,/scratch/gautschi/manors/hf_cache/hub/models--nvidia--mit-b2/snapshots/3bb39e8739149c3777d0325349b2a6c32c6413db,runs/mit-b2_skd_j9196921/student_skd.ckpt,skd,img_000227,/home/manors/Guardrail-Distillation/data/cityscapes/leftImg8bit/val/frankfurt/frankfurt_000001_065850_leftImg8bit.png,,0.5215880007008928,0.47841199929910716,0.9300932884216309,0.9470930695533752,0.12667110562324524,0.13094553351402283,0.279205858707428,0.8954207897186279,0.302112340927124,-8.280168533325195,8.21342945098877,0.015867551788687706,0.07914923131465912,456151,8.001598995178938,7.423748495057225,16.307790006976575,0.9420685756761548,0.05793142432384524,126850,0.8450563392312169,0.15494366076878308,33913,0.13200458884239197,0.0007179753156378865,29.39497449551709,0.05200451239943504,0.947995487600565,0.22608725726604462,0.3452407717704773,0.02834138460457325,0.5070849061012268,0.4929150938987732,0.5361719727516174,0.5679648518562317,0.6002144813537598,0.5070849061012268,0.4929150938987732,0.5070849061012268,0.4929150938987732,0.5366964787051045,0.4633035212948955,0.9404627084732056,0.9532829427014722,0.04671705729852782,0.011214367025317418,0.8530615607639179,0.14693843923608207,0.008005221532701001,0.015108478004211667,0.015108478004211667,0.02649780362844467,0.016128430142998695,0.9848915219957883,0.015108478004211667,0.04796876385807991,0.0014753886498510838,387023
b2_cityscapes_val,2026-07-07 05:27:43,cityscapes,val,all,student_skd,/scratch/gautschi/manors/hf_cache/hub/models--nvidia--mit-b2/snapshots/3bb39e8739149c3777d0325349b2a6c32c6413db,runs/mit-b2_skd_j9196921/student_skd.ckpt,skd,img_000228,/home/manors/Guardrail-Distillation/data/cityscapes/leftImg8bit/val/frankfurt/frankfurt_000001_066092_leftImg8bit.png,,0.4820840314244733,0.5179159685755267,0.837494432926178,0.9235153794288635,0.1435622274875641,0.19431564211845398,0.3182148337364197,0.8468891382217407,0.4376257359981537,-7.29970121383667,7.204050540924072,0.021728476509451866,0.11255691945552826,450883,7.98026449047029,7.422865746775642,16.30159650812857,0.3584803464924809,0.6415196535075192,126666,0.6383875097396204,0.36161249026037956,38643,0.19658878445625305,0.0017257614526897669,29.40588499768637,0.10611619055271149,0.8938838094472885,0.3802144229412079,0.4653835594654083,0.09862920641899109,0.5246373414993286,0.4753626585006714,0.6015920639038086,0.6287676095962524,0.5758923292160034,0.5246373414993286,0.4753626585006714,0.5246373414993286,0.4753626585006714,0.6363973297831554,0.36360267021684456,0.883830189704895,0.5973245483040133,0.40267545169598673,0.23884420181153243,0.9856569741716656,0.014343025828334355,0.3472694644320452,0.15431329835868213,0.15431329835868213,0.06794001907110214,0.021604275330901146,0.8456867016413179,0.15431329835868213,0.10620494186878204,0.018024632707238197,351078
b2_cityscapes_val,2026-07-07 05:27:43,cityscapes,val,all,student_skd,/scratch/gautschi/manors/hf_cache/hub/models--nvidia--mit-b2/snapshots/3bb39e8739149c3777d0325349b2a6c32c6413db,runs/mit-b2_skd_j9196921/student_skd.ckpt,skd,img_000229,/home/manors/Guardrail-Distillation/data/cityscapes/leftImg8bit/val/frankfurt/frankfurt_000001_066438_leftImg8bit.png,,0.49267585604973285,0.5073241439502671,0.913235604763031,0.9589132070541382,0.10756069421768188,0.10453752428293228,0.23176711797714233,0.907702624797821,0.27691125869750977,-8.057826042175293,8.007307052612305,0.008161153644323349,0.056571993976831436,438786,7.98026449047029,7.422865746775642,16.30159650812857,0.6298701944044238,0.3701298055955762,126850,0.7583587264091807,0.24164127359081933,22538,0.10551898926496506,0.0005269558751024306,29.40588499768637,0.050645504146814346,0.9493544958531857,0.20653118193149567,0.3185516893863678,0.027992285788059235,0.5069975852966309,0.49300241470336914,0.5383881330490112,0.5620104074478149,0.6026957035064697,0.5069975852966309,0.49300241470336914,0.5069975852966309,0.49300241470336914,0.4769144836939086,0.5230855163060915,0.9227344989776611,0.9078811120903076,0.09211888790969236,0.2780109176858838,0.6206839330630429,0.3793160669369571,0.0,0.0,0.0,0.019993800669908524,0.010494865477085114,1.0,0.0,0.04256972670555115,0.0026869589928537607,386223
b2_cityscapes_val,2026-07-07 05:27:43,cityscapes,val,all,student_skd,/scratch/gautschi/manors/hf_cache/hub/models--nvidia--mit-b2/snapshots/3bb39e8739149c3777d0325349b2a6c32c6413db,runs/mit-b2_skd_j9196921/student_skd.ckpt,skd,img_000230,/home/manors/Guardrail-Distillation/data/cityscapes/leftImg8bit/val/frankfurt/frankfurt_000001_066574_leftImg8bit.png,,0.4538610495392269,0.5461389504607731,0.8861731290817261,0.9067619442939758,0.1505657136440277,0.2396269589662552,0.33259323239326477,0.8107727766036987,0.5360432267189026,-6.389619827270508,6.273747444152832,0.024937914684414864,0.12815603613853455,425216,7.98026449047029,7.422865746775642,16.30159650812857,0.38039356043843575,0.6196064395615642,116331,0.6241671059135092,0.3758328940864908,19335,0.24182264506816864,0.0017592664808034897,29.40588499768637,0.11677172034978867,0.8832282796502113,0.36725449562072754,0.44838574528694153,0.0846235603094101,0.5211433172225952,0.4788566827774048,0.5788223147392273,0.6013150215148926,0.5382472276687622,0.5211433172225952,0.4788566827774048,0.5211433172225952,0.4788566827774048,0.4091768594590521,0.5908231405409479,0.8764368891716003,0.40204636802593197,0.597953631974068,0.021652807587496214,0.47138315087003047,0.5286168491299695,0.0,0.0,0.0,0.04209860414266586,0.0518348328769207,1.0,0.0,0.10496076941490173,0.0028879439923912287,306740
b2_cityscapes_val,2026-07-07 05:27:43,cityscapes,val,all,student_skd,/scratch/gautschi/manors/hf_cache/hub/models--nvidia--mit-b2/snapshots/3bb39e8739149c3777d0325349b2a6c32c6413db,runs/mit-b2_skd_j9196921/student_skd.ckpt,skd,img_000231,/home/manors/Guardrail-Distillation/data/cityscapes/leftImg8bit/val/frankfurt/frankfurt_000001_066832_leftImg8bit.png,,0.5980688985994759,0.4019311014005241,0.9265483617782593,0.9598518013954163,0.10654319077730179,0.10755583643913269,0.24507927894592285,0.9069264531135559,0.28547659516334534,-8.017436981201172,7.967930316925049,0.010222523473203182,0.052584223449230194,381217,7.98026449047029,7.422865746775642,16.30159650812857,0.3998637828762404,0.6001362171237596,126270,0.6356998317106756,0.36430016828932443,47571,0.10881994664669037,0.0006523508345708251,29.40588499768637,0.044647905975580215,0.9553520940244198,0.17022031545639038,0.2995385527610779,0.02613247185945511,0.5065327882766724,0.49346721172332764,0.5348166227340698,0.5616899132728577,0.5824416875839233,0.5065327882766724,0.49346721172332764,0.5065327882766724,0.49346721172332764,0.5524158943897761,0.4475841056102239,0.9305933117866516,0.19999683215991257,0.8000031678400874,0.0,0.6128442642398976,0.3871557357601024,0.0,0.0,0.0,0.016735874116420746,0.012690934352576733,1.0,0.0,0.03636249154806137,0.002701873192563653,336019
b2_cityscapes_val,2026-07-07 05:27:43,cityscapes,val,all,student_skd,/scratch/gautschi/manors/hf_cache/hub/models--nvidia--mit-b2/snapshots/3bb39e8739149c3777d0325349b2a6c32c6413db,runs/mit-b2_skd_j9196921/student_skd.ckpt,skd,img_000232,/home/manors/Guardrail-Distillation/data/cityscapes/leftImg8bit/val/frankfurt/frankfurt_000001_067092_leftImg8bit.png,,0.6657480671746919,0.3342519328253081,0.9423617124557495,0.9607079029083252,0.10337556898593903,0.09828999638557434,0.21989500522613525,0.9166606068611145,0.23440933227539062,-8.940776824951172,8.89297866821289,0.006001837085932493,0.052637483924627304,436533,7.981857226695865,7.417855988023803,16.299894254188985,0.9993275639095254,0.0006724360904746263,118673,0.5398418675360152,0.46015813246398485,102174,0.09916622191667557,0.0004899680498056114,29.409004520857707,0.03567196801304817,0.9643280319869518,0.13957054913043976,0.2508096396923065,0.012718554586172104,0.5031796097755432,0.4968203902244568,0.5210492610931396,0.5403052568435669,0.5857878923416138,0.5031796097755432,0.4968203902244568,0.5031796097755432,0.4968203902244568,0.7787300727763468,0.22126992722365324,0.9588736295700073,0.9995292938800016,0.00047070611999844303,0.00020172997047618324,0.8910743629565271,0.10892563704347291,0.35123249542051194,0.11298200560165483,0.11298200560165483,0.027409153059124947,0.010897228494286537,0.8870179943983452,0.11298200560165483,0.040892668068408966,0.011442434042692184,383680
b2_cityscapes_val,2026-07-07 05:27:43,cityscapes,val,all,student_skd,/scratch/gautschi/manors/hf_cache/hub/models--nvidia--mit-b2/snapshots/3bb39e8739149c3777d0325349b2a6c32c6413db,runs/mit-b2_skd_j9196921/student_skd.ckpt,skd,img_000233,/home/manors/Guardrail-Distillation/data/cityscapes/leftImg8bit/val/frankfurt/frankfurt_000001_067178_leftImg8bit.png,,0.3939240736581696,0.6060759263418304,0.9443912506103516,0.9644678831100464,0.0970202311873436,0.0876828208565712,0.2029205858707428,0.9243282079696655,0.21293652057647705,-8.82740306854248,8.784537315368652,0.0031096639577299356,0.04630771279335022,429950,7.981857226695865,7.417855988023803,16.299894254188985,0.9936117473167481,0.006388252683251938,117561,0.37249127728424924,0.6275087227157508,99770,0.08834711462259293,0.0004288705822546035,29.409004520857707,0.03531511873006821,0.9646848812699318,0.13780291378498077,0.23634350299835205,0.014714202843606472,0.5036785006523132,0.49632149934768677,0.5248413681983948,0.546680212020874,0.5863509774208069,0.5036785006523132,0.49632149934768677,0.5036785006523132,0.49632149934768677,0.5088880279706296,0.4911119720293704,0.9603838324546814,1.0,0.0,0.006388252683251938,0.6353524376460443,0.3646475623539557,0.2628611603617951,0.11496395431245998,0.11496395431245998,0.026617050170898438,0.010624491609632969,0.88503604568754,0.11496395431245998,0.03970694541931152,0.013394581153988838,382244
b2_cityscapes_val,2026-07-07 05:27:43,cityscapes,val,all,student_skd,/scratch/gautschi/manors/hf_cache/hub/models--nvidia--mit-b2/snapshots/3bb39e8739149c3777d0325349b2a6c32c6413db,runs/mit-b2_skd_j9196921/student_skd.ckpt,skd,img_000234,/home/manors/Guardrail-Distillation/data/cityscapes/leftImg8bit/val/frankfurt/frankfurt_000001_067295_leftImg8bit.png,,0.5203853183614975,0.4796146816385025,0.926211416721344,0.9546458125114441,0.11159193515777588,0.11792829632759094,0.2497744858264923,0.8997928500175476,0.2958914637565613,-8.452887535095215,8.397226333618164,0.009277306497097015,0.06039927154779434,444310,7.981857226695865,7.417855988023803,16.299894254188985,0.872863633809703,0.127136366190297,126850,0.5926375947430366,0.40736240525696343,55271,0.11924006789922714,0.0008437778451479971,29.409004520857707,0.046306319534778595,0.9536936804652214,0.18625380098819733,0.3040263056755066,0.020913437008857727,0.5052281618118286,0.4947718381881714,0.529348611831665,0.5528536438941956,0.5863339304924011,0.5052281618118286,0.4947718381881714,0.5052281618118286,0.4947718381881714,0.617527610301381,0.38247238969861896,0.9420742392539978,0.5523088468490714,0.44769115315092856,0.0,0.6879019277704651,0.3120980722295349,0.09526433302742854,0.09714229193988355,0.09714229193988355,0.026704328134655952,0.010841529816389084,0.9028577080601164,0.09714229193988355,0.0451846681535244,0.006682271603494883,383309
b2_cityscapes_val,2026-07-07 05:27:43,cityscapes,val,all,student_skd,/scratch/gautschi/manors/hf_cache/hub/models--nvidia--mit-b2/snapshots/3bb39e8739149c3777d0325349b2a6c32c6413db,runs/mit-b2_skd_j9196921/student_skd.ckpt,skd,img_000235,/home/manors/Guardrail-Distillation/data/cityscapes/leftImg8bit/val/frankfurt/frankfurt_000001_067474_leftImg8bit.png,,0.6354111084440126,0.3645888915559874,0.9452306628227234,0.9719332456588745,0.09044483304023743,0.07376953214406967,0.20878756046295166,0.9367178678512573,0.19378967583179474,-8.256580352783203,8.222138404846191,0.006199976895004511,0.0368417464196682,455163,7.981857226695865,7.417855988023803,16.299894254188985,1.0,0.0,126850,0.5872676795914257,0.4127323204085743,32621,0.0747249647974968,0.0006552817649208009,29.409004520857707,0.033310405910015106,0.9666895940899849,0.09992439299821854,0.26737797260284424,0.012155772186815739,0.5030388832092285,0.4969611167907715,0.5173968076705933,0.5424982905387878,0.6133184432983398,0.5030388832092285,0.4969611167907715,0.5030388832092285,0.4969611167907715,0.7102966612576358,0.2897033387423642,0.972978949546814,1.0,0.0,0.0,0.8644191609880789,0.13558083901192108,0.27715148139665324,0.07488555281362319,0.07488555281362319,0.033932898193597794,0.0061845979653298855,0.9251144471863768,0.07488555281362319,0.0429406613111496,0.01156289130449295,416361
b2_cityscapes_val,2026-07-07 05:27:43,cityscapes,val,all,student_skd,/scratch/gautschi/manors/hf_cache/hub/models--nvidia--mit-b2/snapshots/3bb39e8739149c3777d0325349b2a6c32c6413db,runs/mit-b2_skd_j9196921/student_skd.ckpt,skd,img_000236,/home/manors/Guardrail-Distillation/data/cityscapes/leftImg8bit/val/frankfurt/frankfurt_000001_067735_leftImg8bit.png,,0.5564919678255895,0.4435080321744105,0.9665051698684692,0.9740729928016663,0.08348493278026581,0.06791902333498001,0.18341697752475739,0.9366840124130249,0.1983523666858673,-8.512231826782227,8.480987548828125,0.003383146831765771,0.031768400222063065,415885,7.9883809958118945,7.44068474159576,16.329807258443907,0.9563543984837595,0.04364560151624053,126850,0.5369460469817184,0.46305395301828156,94368,0.06865759193897247,0.0004097960772924125,29.415009514195845,0.03001505881547928,0.9699849411845207,0.10117542743682861,0.22329562902450562,0.003899597330018878,0.5009748935699463,0.4990251064300537,0.5118579268455505,0.5316334366798401,0.5952037572860718,0.5009748935699463,0.4990251064300537,0.5009748935699463,0.4990251064300537,0.569636185709591,0.43036381429040904,0.9714152216911316,0.9780490709775874,0.02195092902241258,0.02169467249382795,0.5509591365514117,0.4490408634485883,0.014013089569693271,0.013144217884001441,0.013144217884001441,0.010178294964134693,0.005268283654004335,0.9868557821159986,0.013144217884001441,0.016831576824188232,0.0002669007226359099,383117
b2_cityscapes_val,2026-07-07 05:27:43,cityscapes,val,all,student_skd,/scratch/gautschi/manors/hf_cache/hub/models--nvidia--mit-b2/snapshots/3bb39e8739149c3777d0325349b2a6c32c6413db,runs/mit-b2_skd_j9196921/student_skd.ckpt,skd,img_000237,/home/manors/Guardrail-Distillation/data/cityscapes/leftImg8bit/val/frankfurt/frankfurt_000001_068063_leftImg8bit.png,,0.570946815375392,0.42905318462460795,0.9495376348495483,0.9687910676002502,0.0954974964261055,0.08209585398435593,0.21814511716365814,0.928915798664093,0.21761557459831238,-8.428704261779785,8.390303611755371,0.007111395709216595,0.04235946387052536,462919,7.9883809958118945,7.44068474159576,16.329807258443907,0.8299551583285624,0.17004484167143763,126850,0.8580702555811448,0.1419297444188552,38012,0.08294928073883057,0.0004990010056644678,29.415009514195845,0.02623777464032173,0.9737622253596783,0.07008109986782074,0.2001953423023224,0.003798066871240735,0.500949501991272,0.499050498008728,0.5097674131393433,0.5295169353485107,0.60648113489151,0.500949501991272,0.499050498008728,0.500949501991272,0.499050498008728,0.5800368509467232,0.4199631490532768,0.9558259844779968,0.8939317105151847,0.10606828948481528,0.06397655218662235,0.8910524431213142,0.10894755687868585,0.03298218754016935,0.009090035571331145,0.009090035571331145,0.014536021277308464,0.008247663266956806,0.9909099644286689,0.009090035571331145,0.028303008526563644,0.0014127742033451796,419911
b2_cityscapes_val,2026-07-07 05:27:43,cityscapes,val,all,student_skd,/scratch/gautschi/manors/hf_cache/hub/models--nvidia--mit-b2/snapshots/3bb39e8739149c3777d0325349b2a6c32c6413db,runs/mit-b2_skd_j9196921/student_skd.ckpt,skd,img_000238,/home/manors/Guardrail-Distillation/data/cityscapes/leftImg8bit/val/frankfurt/frankfurt_000001_068208_leftImg8bit.png,,0.5957735598590027,0.4042264401409973,0.9346897602081299,0.9522345066070557,0.11752758920192719,0.1238652914762497,0.26342740654945374,0.8951720595359802,0.31428512930870056,-7.762911319732666,7.703458786010742,0.013472460210323334,0.06591516733169556,459530,7.9883809958118945,7.44068474159576,16.329807258443907,0.47480193210803906,0.525198067891961,126850,0.44325034280452863,0.5567496571954713,6318,0.12505660951137543,0.0007471729186363518,29.415009514195845,0.04915793612599373,0.9508420638740063,0.19174237549304962,0.33521369099617004,0.029112089425325394,0.5072775483131409,0.49272245168685913,0.5301437973976135,0.5633718371391296,0.6042349934577942,0.5072775483131409,0.49272245168685913,0.5072775483131409,0.49272245168685913,0.6331337581527716,0.3668662418472284,0.9455029368400574,0.8582226680271896,0.1417773319728104,0.3834207359191506,0.5050140432765756,0.4949859567234244,0.061763700472046934,0.03736019829376891,0.03736019829376891,0.026113636791706085,0.015300414524972439,0.9626398017062311,0.03736019829376891,0.04473048448562622,0.0005788522539660335,396197
b2_cityscapes_val,2026-07-07 05:27:43,cityscapes,val,all,student_skd,/scratch/gautschi/manors/hf_cache/hub/models--nvidia--mit-b2/snapshots/3bb39e8739149c3777d0325349b2a6c32c6413db,runs/mit-b2_skd_j9196921/student_skd.ckpt,skd,img_000239,/home/manors/Guardrail-Distillation/data/cityscapes/leftImg8bit/val/frankfurt/frankfurt_000001_068682_leftImg8bit.png,,0.7738400815777549,0.22615991842224514,0.9531119465827942,0.9618029594421387,0.10258854925632477,0.09805089235305786,0.22247904539108276,0.9135006666183472,0.2558218836784363,-8.127442359924316,8.080779075622559,0.007025629281997681,0.05084051936864853,461738,7.9883809958118945,7.44068474159576,16.329807258443907,0.9659311963154922,0.03406880368450782,126850,0.8867327155980353,0.11326728440196465,11688,0.09889306873083115,0.00047475993051193655,29.415009514195845,0.04126987233757973,0.9587301276624203,0.15843214094638824,0.27006465196609497,0.01565699838101864,0.5039141774177551,0.4960858225822449,0.5244794487953186,0.5456617474555969,0.5812557935714722,0.5039141774177551,0.4960858225822449,0.5039141774177551,0.4960858225822449,0.7656522604333333,0.23434773956666666,0.956620454788208,0.9922481980495352,0.007751801950464765,0.026317001734043055,0.89293083872588,0.10706916127412003,0.006198123127844624,0.0,0.0,0.017490439116954803,0.013981955125927925,1.0,0.0,0.034785959869623184,0.003976280800998211,409611
b2_cityscapes_val,2026-07-07 05:27:44,cityscapes,val,all,student_skd,/scratch/gautschi/manors/hf_cache/hub/models--nvidia--mit-b2/snapshots/3bb39e8739149c3777d0325349b2a6c32c6413db,runs/mit-b2_skd_j9196921/student_skd.ckpt,skd,img_000240,/home/manors/Guardrail-Distillation/data/cityscapes/leftImg8bit/val/frankfurt/frankfurt_000001_068772_leftImg8bit.png,,0.5989648095282355,0.4010351904717645,0.9604400396347046,0.979033887386322,0.07783521711826324,0.05544181913137436,0.1755829155445099,0.947978138923645,0.16714102029800415,-8.401779174804688,8.376214981079102,0.003954463638365269,0.027256691828370094,456952,8.01626275642775,7.438938511768356,16.296100482577458,0.715955046700081,0.28404495329991897,125900,0.38851392786618605,0.611486072133814,62945,0.05607431381940842,0.00037340543349273503,29.389448754955083,0.02748519368469715,0.9725148063153028,0.07542677223682404,0.20104065537452698,0.006100974977016449,0.5015252232551575,0.49847477674484253,0.5108602643013,0.5338267087936401,0.604220449924469,0.5015252232551575,0.49847477674484253,0.5015252232551575,0.49847477674484253,0.5444450694798199,0.45555493052018015,0.9617268443107605,0.7163861201411603,0.2836138798588397,0.00043107344107928824,0.322293126111546,0.677706873888454,0.0,0.0,0.0,0.00926574319601059,0.007978956215083599,1.0,0.0,0.01995176635682583,0.0005580454599112272,428643
b2_cityscapes_val,2026-07-07 05:27:44,cityscapes,val,all,student_skd,/scratch/gautschi/manors/hf_cache/hub/models--nvidia--mit-b2/snapshots/3bb39e8739149c3777d0325349b2a6c32c6413db,runs/mit-b2_skd_j9196921/student_skd.ckpt,skd,img_000241,/home/manors/Guardrail-Distillation/data/cityscapes/leftImg8bit/val/frankfurt/frankfurt_000001_069633_leftImg8bit.png,,0.6997332844859966,0.3002667155140034,0.9592784643173218,0.9714104533195496,0.0906866192817688,0.07524443417787552,0.2057640552520752,0.9341623187065125,0.20392528176307678,-8.300241470336914,8.26526927947998,0.005811345763504505,0.037730444222688675,450326,8.01626275642775,7.438938511768356,16.296100482577458,0.4995664170279858,0.5004335829720141,126850,0.6531574133857345,0.3468425866142655,43914,0.07603969424962997,0.0004764747864101082,29.389448754955083,0.03171142190694809,0.9682885780930519,0.1008075699210167,0.2534340023994446,0.009053857065737247,0.5022634267807007,0.4977365732192993,0.5167493224143982,0.5406252145767212,0.6133751273155212,0.5022634267807007,0.4977365732192993,0.5022634267807007,0.4977365732192993,0.686577307252869,0.31342269274713097,0.9663844108581543,0.818024064592924,0.18197593540707602,0.3184576475649381,0.5439283632709115,0.45607163672908846,0.0,0.0,0.0,0.013867732137441635,0.006761768367141485,1.0,0.0,0.02218393050134182,0.0013834423152729869,411078
b2_cityscapes_val,2026-07-07 05:27:44,cityscapes,val,all,student_skd,/scratch/gautschi/manors/hf_cache/hub/models--nvidia--mit-b2/snapshots/3bb39e8739149c3777d0325349b2a6c32c6413db,runs/mit-b2_skd_j9196921/student_skd.ckpt,skd,img_000242,/home/manors/Guardrail-Distillation/data/cityscapes/leftImg8bit/val/frankfurt/frankfurt_000001_070099_leftImg8bit.png,,0.7221567178689328,0.27784328213106724,0.9501752853393555,0.9648119211196899,0.09830190241336823,0.09232383966445923,0.21855252981185913,0.9189112782478333,0.24301213026046753,-8.641324996948242,8.598465919494629,0.006879863329231739,0.04524336755275726,387217,8.01626275642775,7.438938511768356,16.296100482577458,0.9428571297247514,0.05714287027524856,84748,0.9607231106782125,0.03927688932178752,85194,0.09335015714168549,0.0005752159631811082,29.389448754955083,0.03419143334031105,0.965808566659689,0.11981465667486191,0.2542576789855957,0.00760277034714818,0.5019006729125977,0.49809932708740234,0.5161026120185852,0.5357850790023804,0.6060637831687927,0.5019006729125977,0.49809932708740234,0.5019006729125977,0.49809932708740234,0.7248775362875539,0.2751224637124461,0.951711893081665,0.9219740046346272,0.0780259953653728,0.0,0.9656676286606728,0.034332371339327206,0.004944517982460317,0.0027208184186211515,0.0027208184186211515,0.013351687230169773,0.011815081350505352,0.9972791815813788,0.0027208184186211515,0.027738969773054123,0.0011466438882052898,345953
b2_cityscapes_val,2026-07-07 05:27:44,cityscapes,val,all,student_skd,/scratch/gautschi/manors/hf_cache/hub/models--nvidia--mit-b2/snapshots/3bb39e8739149c3777d0325349b2a6c32c6413db,runs/mit-b2_skd_j9196921/student_skd.ckpt,skd,img_000243,/home/manors/Guardrail-Distillation/data/cityscapes/leftImg8bit/val/frankfurt/frankfurt_000001_071288_leftImg8bit.png,,0.5999072660053212,0.4000927339946788,0.9747337698936462,0.9756090641021729,0.08142174035310745,0.06295813620090485,0.17582041025161743,0.9416523575782776,0.17815691232681274,-8.704310417175293,8.674893379211426,0.0030832591000944376,0.030091894790530205,448227,8.01626275642775,7.438938511768356,16.296100482577458,0.613598465873491,0.386401534126509,115503,0.4922859790126915,0.5077140209873086,46409,0.06358656287193298,0.0003739036910701543,29.389448754955083,0.027740927413105965,0.972259072586894,0.07496295869350433,0.22806212306022644,0.009473052807152271,0.5023682117462158,0.4976317882537842,0.5114392638206482,0.5340086817741394,0.616937518119812,0.5023682117462158,0.4976317882537842,0.5023682117462158,0.4976317882537842,0.673189676953129,0.32681032304687097,0.9779397249221802,0.6725770802681981,0.32742291973180193,0.058978614394707085,0.49089596621272197,0.5091040337872781,0.0,0.07328241094780785,0.07328241094780785,0.008332830853760242,0.005126866512000561,0.9267175890521921,0.07328241094780785,0.01408438105136156,0.0002632594550959766,415032
b2_cityscapes_val,2026-07-07 05:27:44,cityscapes,val,all,student_skd,/scratch/gautschi/manors/hf_cache/hub/models--nvidia--mit-b2/snapshots/3bb39e8739149c3777d0325349b2a6c32c6413db,runs/mit-b2_skd_j9196921/student_skd.ckpt,skd,img_000244,/home/manors/Guardrail-Distillation/data/cityscapes/leftImg8bit/val/frankfurt/frankfurt_000001_071781_leftImg8bit.png,,0.713238669560925,0.28676133043907504,0.9609078764915466,0.9681971669197083,0.09164006263017654,0.08369088917970657,0.20133313536643982,0.9243624210357666,0.2275872826576233,-8.396709442138672,8.358396530151367,0.004046764224767685,0.04005735367536545,463086,8.017921005375683,7.414613995933905,16.290139727061614,1.0,0.0,126850,0.640872294097623,0.35912770590237697,23956,0.08463117480278015,0.000492527091410011,29.39653125940822,0.03286072239279747,0.9671392776072025,0.11044657975435257,0.24137863516807556,0.008651006035506725,0.502162754535675,0.49783724546432495,0.5162530541419983,0.5355095863342285,0.6056442856788635,0.502162754535675,0.49783724546432495,0.502162754535675,0.49783724546432495,0.71478465401869,0.28521534598131004,0.9636417031288147,1.0,0.0,0.0,0.8147796772220444,0.18522032277795564,0.17390738312442133,0.0015459844577649928,0.0015459844577649928,0.012116539292037487,0.009382706135511398,0.998454015542235,0.0015459844577649928,0.022738756611943245,0.0006564655341207981,418294
b2_cityscapes_val,2026-07-07 05:27:44,cityscapes,val,all,student_skd,/scratch/gautschi/manors/hf_cache/hub/models--nvidia--mit-b2/snapshots/3bb39e8739149c3777d0325349b2a6c32c6413db,runs/mit-b2_skd_j9196921/student_skd.ckpt,skd,img_000245,/home/manors/Guardrail-Distillation/data/cityscapes/leftImg8bit/val/frankfurt/frankfurt_000001_072155_leftImg8bit.png,,0.5556793095124536,0.4443206904875464,0.947921872138977,0.964899480342865,0.0979243740439415,0.09301352500915527,0.22006958723068237,0.9176759719848633,0.25203028321266174,-8.160078048706055,8.117385864257812,0.006765798199921846,0.04517078027129173,437938,8.017921005375683,7.414613995933905,16.290139727061614,0.664780348759222,0.335219651240778,110491,0.6118845432882192,0.3881154567117808,16560,0.09385067224502563,0.0005788454436697066,29.39653125940822,0.03932327777147293,0.9606767222285271,0.15165236592292786,0.28122061491012573,0.016216322779655457,0.5040540099143982,0.4959459900856018,0.526077389717102,0.5531790256500244,0.6084640622138977,0.5040540099143982,0.4959459900856018,0.5040540099143982,0.4959459900856018,0.5932374983524848,0.40676250164751515,0.9559960961341858,0.6661499610404898,0.33385003895951015,0.0013696122812678624,0.6129078454403109,0.38709215455968915,0.0010233021520916763,0.03755818884003126,0.03755818884003126,0.017554996535182,0.00948079489171505,0.9624418111599687,0.03755818884003126,0.029193630442023277,0.0026670442894101143,391393
b2_cityscapes_val,2026-07-07 05:27:44,cityscapes,val,all,student_skd,/scratch/gautschi/manors/hf_cache/hub/models--nvidia--mit-b2/snapshots/3bb39e8739149c3777d0325349b2a6c32c6413db,runs/mit-b2_skd_j9196921/student_skd.ckpt,skd,img_000246,/home/manors/Guardrail-Distillation/data/cityscapes/leftImg8bit/val/frankfurt/frankfurt_000001_072295_leftImg8bit.png,,0.5403922377201619,0.45960776227983813,0.9164654016494751,0.9700114130973816,0.08935274183750153,0.07638079673051834,0.1908615082502365,0.9313831925392151,0.20355002582073212,-8.384653091430664,8.348567962646484,0.003198992693796754,0.038139715790748596,435137,8.017921005375683,7.414613995933905,16.290139727061614,0.2379595138892062,0.7620404861107938,109254,0.9895182343169053,0.010481765683094668,25282,0.07717153429985046,0.0004353687399998307,29.39653125940822,0.033145803958177567,0.9668541960418224,0.12215273827314377,0.24292731285095215,0.011004786007106304,0.5027511715888977,0.4972488284111023,0.5204839110374451,0.5442999601364136,0.6139101386070251,0.5027511715888977,0.4972488284111023,0.5027511715888977,0.4972488284111023,0.6434589757379547,0.35654102426204526,0.931941032409668,0.23847851580039287,0.7615214841996072,0.0005190019111865896,0.9830314057432166,0.01696859425678343,0.0,0.10306673801779287,0.10306673801779287,0.021839100867509842,0.0063635134138166904,0.8969332619822071,0.10306673801779287,0.03258054330945015,0.005896993447095156,394309
b2_cityscapes_val,2026-07-07 05:27:44,cityscapes,val,all,student_skd,/scratch/gautschi/manors/hf_cache/hub/models--nvidia--mit-b2/snapshots/3bb39e8739149c3777d0325349b2a6c32c6413db,runs/mit-b2_skd_j9196921/student_skd.ckpt,skd,img_000247,/home/manors/Guardrail-Distillation/data/cityscapes/leftImg8bit/val/frankfurt/frankfurt_000001_073088_leftImg8bit.png,,0.6111868637388292,0.38881313626117076,0.8586230278015137,0.9324077367782593,0.14342230558395386,0.18108484148979187,0.34449008107185364,0.8630670309066772,0.4077829122543335,-7.967393398284912,7.880663871765137,0.029467573389410973,0.09716640412807465,379977,8.017921005375683,7.414613995933905,16.290139727061614,1.0,0.0,126850,0.8448331886673527,0.15516681133264731,10054,0.1827823668718338,0.0014444467378780246,29.39653125940822,0.09495814889669418,0.9050418511033058,0.42811715602874756,0.5229852795600891,0.08263882249593735,0.5206479430198669,0.47935205698013306,0.6120035648345947,0.6545907855033875,0.5812636613845825,0.5206479430198669,0.47935205698013306,0.5206479430198669,0.47935205698013306,0.6142156378953676,0.3857843621046324,0.9122762680053711,1.0,0.0,0.0,0.619350454345406,0.38064954565459397,0.0,0.0030287741565383497,0.0030287741565383497,0.07414133101701736,0.020488081499934196,0.9969712258434617,0.0030287741565383497,0.10689857602119446,0.00977164413779974,308079
b2_cityscapes_val,2026-07-07 05:27:44,cityscapes,val,all,student_skd,/scratch/gautschi/manors/hf_cache/hub/models--nvidia--mit-b2/snapshots/3bb39e8739149c3777d0325349b2a6c32c6413db,runs/mit-b2_skd_j9196921/student_skd.ckpt,skd,img_000248,/home/manors/Guardrail-Distillation/data/cityscapes/leftImg8bit/val/frankfurt/frankfurt_000001_073243_leftImg8bit.png,,0.33924270057465494,0.660757299425345,0.9542706608772278,0.9713565707206726,0.09093309193849564,0.07256440818309784,0.1945059597492218,0.934860110282898,0.19655224680900574,-8.677775382995605,8.64267635345459,0.005705715157091618,0.03827092796564102,466725,7.999322755495086,7.418064749799669,16.296954738209024,1.0,0.0,126850,0.24821957668442662,0.7517804233155734,75307,0.07306863367557526,0.0003710177552420646,29.422669002087787,0.028360025957226753,0.9716399740427732,0.08278223127126694,0.22564777731895447,0.0061111352406442165,0.5015277862548828,0.4984722137451172,0.5104305744171143,0.5290504693984985,0.6049408912658691,0.5015277862548828,0.4984722137451172,0.5015277862548828,0.4984722137451172,0.35229849559533355,0.6477015044046665,0.9560211896896362,1.0,0.0,0.0,0.2469417843244033,0.7530582156755967,0.0,0.013055795020678551,0.013055795020678551,0.009795918129384518,0.008045422844588757,0.9869442049793214,0.013055795020678551,0.024877604097127914,0.0004006641684100032,427426
b2_cityscapes_val,2026-07-07 05:27:44,cityscapes,val,all,student_skd,/scratch/gautschi/manors/hf_cache/hub/models--nvidia--mit-b2/snapshots/3bb39e8739149c3777d0325349b2a6c32c6413db,runs/mit-b2_skd_j9196921/student_skd.ckpt,skd,img_000249,/home/manors/Guardrail-Distillation/data/cityscapes/leftImg8bit/val/frankfurt/frankfurt_000001_073464_leftImg8bit.png,,0.5096933377115714,0.49030666228842856,0.9583988189697266,0.9701107740402222,0.09452098608016968,0.07630613446235657,0.2089683711528778,0.9333159923553467,0.20279905200004578,-8.605306625366211,8.568358421325684,0.007211595773696899,0.04113440588116646,462727,7.999322755495086,7.418064749799669,16.296954738209024,0.8857427757186963,0.1142572242813037,126850,0.4794387041197357,0.5205612958802643,86517,0.07696538418531418,0.0005405236152000725,29.422669002087787,0.031118344515562057,0.9688816554844379,0.09742991626262665,0.24158784747123718,0.007623655255883932,0.5019058585166931,0.4980941414833069,0.5136146545410156,0.534177839756012,0.600942850112915,0.5019058585166931,0.4980941414833069,0.5019058585166931,0.4980941414833069,0.5794556594098761,0.4205443405901239,0.9628376960754395,0.8699534501356082,0.1300465498643918,0.0,0.6258438358409193,0.3741561641590807,0.14640513172118363,0.06976232169830465,0.06976232169830465,0.012677021324634552,0.008238119073212147,0.9302376783016953,0.06976232169830465,0.02550964243710041,0.0005532419891096652,422239
b2_cityscapes_val,2026-07-07 05:27:44,cityscapes,val,all,student_skd,/scratch/gautschi/manors/hf_cache/hub/models--nvidia--mit-b2/snapshots/3bb39e8739149c3777d0325349b2a6c32c6413db,runs/mit-b2_skd_j9196921/student_skd.ckpt,skd,img_000250,/home/manors/Guardrail-Distillation/data/cityscapes/leftImg8bit/val/frankfurt/frankfurt_000001_073911_leftImg8bit.png,,0.6489975667985839,0.3510024332014161,0.9494151473045349,0.9714055061340332,0.08840753138065338,0.07566582411527634,0.1979721486568451,0.9308687448501587,0.2175271064043045,-8.095117568969727,8.060523986816406,0.00443469500169158,0.035952091217041016,463617,7.999322755495086,7.418064749799669,16.296954738209024,0.4999487583760347,0.5000512416239653,126850,0.7408737694057012,0.25912623059429885,24801,0.07651201635599136,0.0004818086454179138,29.422669002087787,0.0334138497710228,0.9665861502289772,0.11095684766769409,0.25304532051086426,0.009208733215928078,0.5023021697998047,0.4976978302001953,0.5150107145309448,0.5406113266944885,0.6110738515853882,0.5023021697998047,0.4976978302001953,0.5023021697998047,0.4976978302001953,0.7485128254416982,0.25148717455830183,0.9603552222251892,1.0,0.0,0.5000512416239653,0.8876124187076929,0.11238758129230708,0.14673864930199176,0.09951525864311428,0.09951525864311428,0.018608031794428825,0.007667967583984137,0.9004847413568857,0.09951525864311428,0.028517073020339012,0.003595640417188406,422955
b2_cityscapes_val,2026-07-07 05:27:44,cityscapes,val,all,student_skd,/scratch/gautschi/manors/hf_cache/hub/models--nvidia--mit-b2/snapshots/3bb39e8739149c3777d0325349b2a6c32c6413db,runs/mit-b2_skd_j9196921/student_skd.ckpt,skd,img_000251,/home/manors/Guardrail-Distillation/data/cityscapes/leftImg8bit/val/frankfurt/frankfurt_000001_075296_leftImg8bit.png,,0.578115794600372,0.421884205399628,0.9636332392692566,0.9707417488098145,0.09034018963575363,0.07438095659017563,0.19511078298091888,0.9340918064117432,0.1967238485813141,-8.39031982421875,8.354740142822266,0.004507339559495449,0.03802873566746712,451264,7.999322755495086,7.418064749799669,16.296954738209024,0.968419038046286,0.03158096195371396,126850,0.5581384400172801,0.4418615599827199,34750,0.07512111216783524,0.00046676743659190834,29.422669002087787,0.0312630832195282,0.9687369167804718,0.10281307995319366,0.23878461122512817,0.009151996113359928,0.5022879838943481,0.49771201610565186,0.5161861777305603,0.5394291877746582,0.6027329564094543,0.5022879838943481,0.49771201610565186,0.5022879838943481,0.49771201610565186,0.6812841362211148,0.31871586377888517,0.9691932201385498,0.9621721080938146,0.03782789190618541,0.0,0.773754259757657,0.226245740242343,0.2156158197403769,0.10316834162074284,0.10316834162074284,0.0129392109811306,0.007379272487014532,0.8968316583792572,0.10316834162074284,0.02177439257502556,0.0009728230070322752,411177
b2_cityscapes_val,2026-07-07 05:27:45,cityscapes,val,all,student_skd,/scratch/gautschi/manors/hf_cache/hub/models--nvidia--mit-b2/snapshots/3bb39e8739149c3777d0325349b2a6c32c6413db,runs/mit-b2_skd_j9196921/student_skd.ckpt,skd,img_000252,/home/manors/Guardrail-Distillation/data/cityscapes/leftImg8bit/val/frankfurt/frankfurt_000001_075984_leftImg8bit.png,,0.5943663167373002,0.4056336832626998,0.954011082649231,0.9605038166046143,0.10402560234069824,0.1004461944103241,0.2288973033428192,0.9122740030288696,0.2606910765171051,-7.151978492736816,7.103678226470947,0.006100551690906286,0.0516638308763504,432256,7.994958490598947,7.421768765198067,16.310851991875097,0.9151260508857137,0.08487394911428625,119869,0.34907870874786806,0.6509212912521319,88547,0.10138554871082306,0.0006207482074387372,29.41572474082932,0.04207983985543251,0.9579201601445675,0.16116905212402344,0.2709428668022156,0.014634689316153526,0.5036585927009583,0.49634140729904175,0.5236507058143616,0.546758770942688,0.5832719802856445,0.5036585927009583,0.49634140729904175,0.5036585927009583,0.49634140729904175,0.522660329046315,0.477339670953685,0.9490441083908081,0.9376450018764547,0.06235499812354528,0.02251895099074097,0.33090238395300603,0.6690976160469939,0.0,0.0,0.0,0.020203305408358574,0.02517027035355568,1.0,0.0,0.04889926314353943,0.0022972498554736376,381092
b2_cityscapes_val,2026-07-07 05:27:45,cityscapes,val,all,student_skd,/scratch/gautschi/manors/hf_cache/hub/models--nvidia--mit-b2/snapshots/3bb39e8739149c3777d0325349b2a6c32c6413db,runs/mit-b2_skd_j9196921/student_skd.ckpt,skd,img_000253,/home/manors/Guardrail-Distillation/data/cityscapes/leftImg8bit/val/frankfurt/frankfurt_000001_076502_leftImg8bit.png,,0.6715500921371337,0.3284499078628663,0.945503294467926,0.9608840942382812,0.10381077975034714,0.10255581140518188,0.2313404530286789,0.9101004600524902,0.27282869815826416,-8.262359619140625,8.214536666870117,0.00820088293403387,0.05094702169299126,453000,7.994958490598947,7.421768765198067,16.310851991875097,0.9468187221034364,0.05318127789656357,126850,0.9034557578401577,0.09654424215984225,30634,0.10360342264175415,0.0006699474761262536,29.41572474082932,0.04378771036863327,0.9562122896313667,0.17487084865570068,0.3024306297302246,0.016784247010946274,0.5041959881782532,0.4958040118217468,0.5254431962966919,0.548641562461853,0.5860823392868042,0.5041959881782532,0.4958040118217468,0.5041959881782532,0.4958040118217468,0.7164160240423527,0.2835839759576473,0.9587174654006958,0.9850432616213471,0.014956738378652856,0.038224539517910716,0.8914834898713976,0.10851651012860242,0.0,0.044865931905219036,0.044865931905219036,0.022754967212677002,0.009540839120745659,0.955134068094781,0.044865931905219036,0.03483664616942406,0.001812361995689571,399413
b2_cityscapes_val,2026-07-07 05:27:45,cityscapes,val,all,student_skd,/scratch/gautschi/manors/hf_cache/hub/models--nvidia--mit-b2/snapshots/3bb39e8739149c3777d0325349b2a6c32c6413db,runs/mit-b2_skd_j9196921/student_skd.ckpt,skd,img_000254,/home/manors/Guardrail-Distillation/data/cityscapes/leftImg8bit/val/frankfurt/frankfurt_000001_077092_leftImg8bit.png,,0.40001876794145447,0.5999812320585456,0.955941379070282,0.9654337763786316,0.09651172161102295,0.08691766858100891,0.20399680733680725,0.9243491291999817,0.21692320704460144,-8.695441246032715,8.653565406799316,0.004589396994560957,0.04462718591094017,462588,7.994958490598947,7.421768765198067,16.310851991875097,0.8533865266324324,0.14661347336756758,126850,0.36590728398360295,0.634092716016397,75617,0.08773987740278244,0.00046723076957277954,29.41572474082932,0.03457418084144592,0.9654258191585541,0.12991422414779663,0.25431084632873535,0.009949403814971447,0.5024873614311218,0.4975126385688782,0.520333468914032,0.5427305102348328,0.5833578705787659,0.5024873614311218,0.4975126385688782,0.5024873614311218,0.4975126385688782,0.44472553463442693,0.555274465365573,0.9632978439331055,0.8522994142226579,0.14770058577734213,0.0,0.40353120780934626,0.5964687921906537,0.03762392382574331,0.04470676669297258,0.04470676669297258,0.014332408085465431,0.006975970230996609,0.9552932333070274,0.04470676669297258,0.023669010028243065,0.0003393949009478092,413652
b2_cityscapes_val,2026-07-07 05:27:45,cityscapes,val,all,student_skd,/scratch/gautschi/manors/hf_cache/hub/models--nvidia--mit-b2/snapshots/3bb39e8739149c3777d0325349b2a6c32c6413db,runs/mit-b2_skd_j9196921/student_skd.ckpt,skd,img_000255,/home/manors/Guardrail-Distillation/data/cityscapes/leftImg8bit/val/frankfurt/frankfurt_000001_077233_leftImg8bit.png,,0.6044049566901335,0.3955950433098665,0.9608444571495056,0.9746963381767273,0.08280661702156067,0.06590887904167175,0.18017198145389557,0.9389194250106812,0.1885606348514557,-8.442822456359863,8.412307739257812,0.00346329715102911,0.03126263618469238,462565,7.994958490598947,7.421768765198067,16.310851991875097,0.9545541687320733,0.04544583126792667,126850,0.5070756758534842,0.49292432414651577,71999,0.06670788675546646,0.0004264558374416083,29.41572474082932,0.025325996801257133,0.9746740031987429,0.07083092629909515,0.18196351826190948,0.0007303883321583271,0.500182569026947,0.499817430973053,0.5105932354927063,0.5287017822265625,0.5965220332145691,0.500182569026947,0.499817430973053,0.500182569026947,0.499817430973053,0.6789630718520756,0.3210369281479244,0.969452977180481,0.9582194630374337,0.04178053696256634,0.0036652943053603337,0.5466123179858285,0.45338768201417146,0.03953664213234431,0.0745581151619421,0.0745581151619421,0.013926692306995392,0.005318171810358763,0.9254418848380579,0.0745581151619421,0.020407943055033684,0.001150108641013503,426909
b2_cityscapes_val,2026-07-07 05:27:45,cityscapes,val,all,student_skd,/scratch/gautschi/manors/hf_cache/hub/models--nvidia--mit-b2/snapshots/3bb39e8739149c3777d0325349b2a6c32c6413db,runs/mit-b2_skd_j9196921/student_skd.ckpt,skd,img_000256,/home/manors/Guardrail-Distillation/data/cityscapes/leftImg8bit/val/frankfurt/frankfurt_000001_077434_leftImg8bit.png,,0.6159928495887348,0.3840071504112652,0.9541420936584473,0.9650897979736328,0.10038310289382935,0.09285833686590195,0.230598583817482,0.9189459085464478,0.2535969614982605,-7.992378234863281,7.949367523193359,0.008479048497974873,0.04658813029527664,439554,7.977169734658673,7.423330505844206,16.29641102044843,0.868205123432085,0.131794876567915,126850,0.6152217971115513,0.38477820288844866,41664,0.09393957257270813,0.0006439078133553267,29.39643751597032,0.042909298092126846,0.9570907019078732,0.16426175832748413,0.3104645311832428,0.020576169714331627,0.5051438808441162,0.4948561191558838,0.5287017822265625,0.559813916683197,0.5965884327888489,0.5051438808441162,0.4948561191558838,0.5051438808441162,0.4948561191558838,0.6656693032859337,0.33433069671406634,0.965453565120697,0.8647877744846557,0.1352122255153443,0.0,0.6853936077861591,0.3146063922138409,0.07017181067460776,0.049676453697198864,0.049676453697198864,0.02000436745584011,0.008692901581525803,0.9503235463028011,0.049676453697198864,0.03174581378698349,0.004456790164113045,393743
b2_cityscapes_val,2026-07-07 05:27:45,cityscapes,val,all,student_skd,/scratch/gautschi/manors/hf_cache/hub/models--nvidia--mit-b2/snapshots/3bb39e8739149c3777d0325349b2a6c32c6413db,runs/mit-b2_skd_j9196921/student_skd.ckpt,skd,img_000257,/home/manors/Guardrail-Distillation/data/cityscapes/leftImg8bit/val/frankfurt/frankfurt_000001_078803_leftImg8bit.png,,0.5285972582511551,0.4714027417488449,0.8498157262802124,0.9341197609901428,0.132144957780838,0.1746319979429245,0.30050450563430786,0.8583894968032837,0.4153485894203186,-7.450182914733887,7.368569374084473,0.018358532339334488,0.08862476050853729,445406,7.977169734658673,7.423330505844206,16.29641102044843,0.7292197560705097,0.2707802439294903,126091,0.831400178146009,0.16859982185399103,12896,0.17626021802425385,0.0012787408195436,29.39643751597032,0.09677157551050186,0.9032284244894981,0.38827091455459595,0.47098466753959656,0.07806448638439178,0.5195062160491943,0.48049378395080566,0.5929558277130127,0.6234900951385498,0.587569534778595,0.5195062160491943,0.48049378395080566,0.5195062160491943,0.48049378395080566,0.599583414078308,0.40041658592169205,0.9299111366271973,0.9761323851688677,0.02386761483113231,0.24691262909835798,0.8378611933483571,0.16213880665164293,0.006461015202348097,0.07098615582715284,0.07098615582715284,0.09915447980165482,0.019059015437960625,0.9290138441728472,0.07098615582715284,0.1297355741262436,0.036797888576984406,357804
b2_cityscapes_val,2026-07-07 05:27:45,cityscapes,val,all,student_skd,/scratch/gautschi/manors/hf_cache/hub/models--nvidia--mit-b2/snapshots/3bb39e8739149c3777d0325349b2a6c32c6413db,runs/mit-b2_skd_j9196921/student_skd.ckpt,skd,img_000258,/home/manors/Guardrail-Distillation/data/cityscapes/leftImg8bit/val/frankfurt/frankfurt_000001_079206_leftImg8bit.png,,0.5641290491647549,0.4358709508352451,0.9193909764289856,0.9546947479248047,0.11922036111354828,0.11756353825330734,0.2767775058746338,0.9077680110931396,0.2695680856704712,-8.369683265686035,8.312267303466797,0.01593027450144291,0.06552035361528397,456301,7.977169734658673,7.423330505844206,16.29641102044843,0.9713011040190443,0.028698895980955652,126850,0.7255952030992183,0.2744047969007817,26201,0.11849904805421829,0.0008268046076409519,29.39643751597032,0.04982117936015129,0.9501788206398487,0.2135884165763855,0.3676248788833618,0.02530580200254917,0.5063261389732361,0.4936738610267639,0.5328953862190247,0.5720736980438232,0.6011102795600891,0.5063261389732361,0.4936738610267639,0.5063261389732361,0.4936738610267639,0.5889944102900166,0.41100558970998335,0.9294150471687317,0.9721318759852822,0.027868124014717832,0.0008307719662378199,0.6677182162860764,0.3322817837139236,0.0,0.02486536112526172,0.02486536112526172,0.021983297541737556,0.011959211900830269,0.9751346388747383,0.02486536112526172,0.04948926344513893,0.0019701907876878977,397596
b2_cityscapes_val,2026-07-07 05:27:45,cityscapes,val,all,student_skd,/scratch/gautschi/manors/hf_cache/hub/models--nvidia--mit-b2/snapshots/3bb39e8739149c3777d0325349b2a6c32c6413db,runs/mit-b2_skd_j9196921/student_skd.ckpt,skd,img_000259,/home/manors/Guardrail-Distillation/data/cityscapes/leftImg8bit/val/frankfurt/frankfurt_000001_080091_leftImg8bit.png,,0.649867597704472,0.350132402295528,0.9564661979675293,0.9740990996360779,0.08626396209001541,0.06831399351358414,0.1921176314353943,0.9372851252555847,0.19611716270446777,-8.178793907165527,8.1471529006958,0.00518550630658865,0.034193005412817,465914,7.977169734658673,7.423330505844206,16.29641102044843,0.8554121652375727,0.14458783476242731,126850,0.6005429646665355,0.39945703533346455,112856,0.06908341497182846,0.0004616722872015089,29.39643751597032,0.023598872125148773,0.9764011278748512,0.0498848557472229,0.1700514256954193,3.944849959225394e-05,0.5000098943710327,0.4999901056289673,0.5069604516029358,0.5231519341468811,0.5910444855690002,0.5000098943710327,0.4999901056289673,0.5000098943710327,0.4999901056289673,0.6070307977317884,0.39296920226821164,0.9652467966079712,0.857476922962325,0.14252307703767497,0.002064757724752342,0.5680330104959229,0.4319669895040771,0.0,0.0,0.0,0.0149941835552454,0.006213592831045389,1.0,0.0,0.02496812678873539,0.001787883578799665,430440
b2_cityscapes_val,2026-07-07 05:27:45,cityscapes,val,all,student_skd,/scratch/gautschi/manors/hf_cache/hub/models--nvidia--mit-b2/snapshots/3bb39e8739149c3777d0325349b2a6c32c6413db,runs/mit-b2_skd_j9196921/student_skd.ckpt,skd,img_000260,/home/manors/Guardrail-Distillation/data/cityscapes/leftImg8bit/val/frankfurt/frankfurt_000001_080391_leftImg8bit.png,,0.5169142838280555,0.4830857161719445,0.9291483759880066,0.961321234703064,0.11003439128398895,0.10219690948724747,0.2596205174922943,0.917556881904602,0.24717211723327637,-8.495975494384766,8.447224617004395,0.012590194121003151,0.05544591695070267,452495,7.992877508513629,7.418699242407456,16.30658350768499,0.3016610997591827,0.6983389002408174,126462,0.8982713232375013,0.10172867676249875,39527,0.1031116172671318,0.0005882804398424923,29.410508257569745,0.044121693819761276,0.9558783061802387,0.1716131716966629,0.3372151851654053,0.020182035863399506,0.5050453543663025,0.4949546456336975,0.5253642201423645,0.5610619187355042,0.5968527793884277,0.5050453543663025,0.4949546456336975,0.5050453543663025,0.4949546456336975,0.5470466367384103,0.45295336326158975,0.9362490177154541,0.41962746229619197,0.580372537703808,0.11796636253700932,0.8854203328258742,0.11457966717412582,0.0,0.030132352910354765,0.030132352910354765,0.023142796009778976,0.016042165458202362,0.9698676470896452,0.030132352910354765,0.04603586718440056,0.0036950684152543545,402138
b2_cityscapes_val,2026-07-07 05:27:45,cityscapes,val,all,student_skd,/scratch/gautschi/manors/hf_cache/hub/models--nvidia--mit-b2/snapshots/3bb39e8739149c3777d0325349b2a6c32c6413db,runs/mit-b2_skd_j9196921/student_skd.ckpt,skd,img_000261,/home/manors/Guardrail-Distillation/data/cityscapes/leftImg8bit/val/frankfurt/frankfurt_000001_080830_leftImg8bit.png,,0.5095549217106113,0.49044507828938866,0.9340173602104187,0.9639167785644531,0.10298801213502884,0.09382949024438858,0.23528583347797394,0.9215558171272278,0.2322314828634262,-8.143964767456055,8.099225997924805,0.009332873858511448,0.04817821457982063,464380,7.992877508513629,7.418699242407456,16.30658350768499,0.647043391746558,0.352956608253442,126850,0.24792026258453354,0.7520797374154664,36299,0.09474623203277588,0.000606314220931381,29.410508257569745,0.03866219148039818,0.9613378085196018,0.14538967609405518,0.27962106466293335,0.016443943604826927,0.5041108727455139,0.4958891272544861,0.5249316096305847,0.5475060939788818,0.6031443476676941,0.5041108727455139,0.4958891272544861,0.5041108727455139,0.4958891272544861,0.544957960584302,0.455042039415698,0.9378719925880432,0.6399087491530794,0.3600912508469206,0.0,0.24644359140816846,0.7535564085918316,0.0,0.03540303887369067,0.03540303887369067,0.014811146073043346,0.010956543497741222,0.9645969611263093,0.03540303887369067,0.03063439391553402,0.0009151987615041435,414748
b2_cityscapes_val,2026-07-07 05:27:45,cityscapes,val,all,student_skd,/scratch/gautschi/manors/hf_cache/hub/models--nvidia--mit-b2/snapshots/3bb39e8739149c3777d0325349b2a6c32c6413db,runs/mit-b2_skd_j9196921/student_skd.ckpt,skd,img_000262,/home/manors/Guardrail-Distillation/data/cityscapes/leftImg8bit/val/frankfurt/frankfurt_000001_082087_leftImg8bit.png,,0.46617064897893207,0.5338293510210679,0.8607197403907776,0.9293311238288879,0.13571210205554962,0.17300550639629364,0.28433433175086975,0.8598469495773315,0.38909170031547546,-6.649182319641113,6.561908721923828,0.015237804502248764,0.10021618753671646,457940,7.992877508513629,7.418699242407456,16.30658350768499,0.6629948973324861,0.33700510266751393,126850,0.29570555117003955,0.7042944488299605,23695,0.17509500682353973,0.0018329304875805974,29.410508257569745,0.09600774943828583,0.9039922505617142,0.32964077591896057,0.4192497134208679,0.08282016962766647,0.5206931829452515,0.47930681705474854,0.5784382224082947,0.602626621723175,0.5899971723556519,0.5206931829452515,0.47930681705474854,0.5206931829452515,0.47930681705474854,0.531717886254007,0.46828211374599304,0.9130585193634033,0.741433890743387,0.25856610925661305,0.07843899341090088,0.3636056658763137,0.6363943341236863,0.06790011470627422,0.06554723727507483,0.06554723727507483,0.0697842538356781,0.0174455177038908,0.9344527627249252,0.06554723727507483,0.09897803515195847,0.016087260097265244,360845
b2_cityscapes_val,2026-07-07 05:27:45,cityscapes,val,all,student_skd,/scratch/gautschi/manors/hf_cache/hub/models--nvidia--mit-b2/snapshots/3bb39e8739149c3777d0325349b2a6c32c6413db,runs/mit-b2_skd_j9196921/student_skd.ckpt,skd,img_000263,/home/manors/Guardrail-Distillation/data/cityscapes/leftImg8bit/val/frankfurt/frankfurt_000001_082466_leftImg8bit.png,,0.5444150276461707,0.45558497235382933,0.9070254564285278,0.9714667797088623,0.09359198063611984,0.07522090524435043,0.21946361660957336,0.9365575909614563,0.19390355050563812,-8.369243621826172,8.333662986755371,0.007929661311209202,0.038622140884399414,464837,7.992877508513629,7.418699242407456,16.30658350768499,0.9332437863725901,0.06675621362740991,126850,0.30196386130595804,0.6980361386940419,69777,0.07593157887458801,0.0005444381386041641,29.410508257569745,0.027999242767691612,0.9720007572323084,0.06469090282917023,0.2259811908006668,0.004863737616688013,0.501215934753418,0.49878406524658203,0.5116826891899109,0.5335069298744202,0.6156764030456543,0.501215934753418,0.49878406524658203,0.501215934753418,0.49878406524658203,0.5823675705838797,0.41763242941612033,0.9159318208694458,0.9575021138580123,0.042497886141987684,0.024258327485422226,0.3951686348706645,0.6048313651293356,0.09320477356470636,0.037952542937709,0.037952542937709,0.016280975192785263,0.007374627981334925,0.962047457062291,0.037952542937709,0.026019873097538948,0.0010412251576781273,426217
b2_cityscapes_val,2026-07-07 05:27:46,cityscapes,val,all,student_skd,/scratch/gautschi/manors/hf_cache/hub/models--nvidia--mit-b2/snapshots/3bb39e8739149c3777d0325349b2a6c32c6413db,runs/mit-b2_skd_j9196921/student_skd.ckpt,skd,img_000264,/home/manors/Guardrail-Distillation/data/cityscapes/leftImg8bit/val/frankfurt/frankfurt_000001_083029_leftImg8bit.png,,0.513695705303501,0.48630429469649905,0.9303924441337585,0.9526143670082092,0.12183086574077606,0.1248619332909584,0.28739553689956665,0.9029311537742615,0.2862161099910736,-8.159873008728027,8.099784851074219,0.018076404929161072,0.06842664629220963,458111,7.96985425404273,7.409097481286153,16.21975051239133,1.0,0.0,126850,0.4214326451982259,0.5785673548017741,4437,0.12609395384788513,0.0007510490249842405,29.27943499526009,0.046000540256500244,0.9539994597434998,0.18710164725780487,0.34002748131752014,0.0216562207788229,0.505413830280304,0.49458616971969604,0.5283679366111755,0.562480092048645,0.5880865454673767,0.505413830280304,0.49458616971969604,0.505413830280304,0.49458616971969604,0.603418211983256,0.39658178801674404,0.9451355934143066,1.0,0.0,0.0,0.7089551089393755,0.2910448910606245,0.28752246374114965,0.08972250667975501,0.08972250667975501,0.025050697848200798,0.010307545773684978,0.910277493320245,0.08972250667975501,0.04390857368707657,0.0008753337315283716,396145
b2_cityscapes_val,2026-07-07 05:27:46,cityscapes,val,all,student_skd,/scratch/gautschi/manors/hf_cache/hub/models--nvidia--mit-b2/snapshots/3bb39e8739149c3777d0325349b2a6c32c6413db,runs/mit-b2_skd_j9196921/student_skd.ckpt,skd,img_000265,/home/manors/Guardrail-Distillation/data/cityscapes/leftImg8bit/val/frankfurt/frankfurt_000001_083199_leftImg8bit.png,,0.48448391475821084,0.5155160852417892,0.9476628303527832,0.95948326587677,0.11018279939889908,0.10646580904722214,0.2559165954589844,0.9130856394767761,0.2596016824245453,-8.402941703796387,8.352337837219238,0.011725900694727898,0.05586816743016243,459922,7.96985425404273,7.409097481286153,16.21975051239133,1.0,0.0,126850,0.26577666484939844,0.7342233351506016,16235,0.10748802870512009,0.0006640572682954371,29.27943499526009,0.03866827115416527,0.9613317288458347,0.14213873445987701,0.2888990640640259,0.009562823921442032,0.5023906826972961,0.49760931730270386,0.5197189450263977,0.5403329730033875,0.5897647738456726,0.5023906826972961,0.49760931730270386,0.5023906826972961,0.49760931730270386,0.5066677860534837,0.4933322139465163,0.9573753476142883,1.0,0.0,0.0,0.4176391755008957,0.5823608244991043,0.15186251065149725,0.022183871295272883,0.022183871295272883,0.0191836878657341,0.009471170604228973,0.9778161287047271,0.022183871295272883,0.03286644071340561,0.0010175638599321246,405534
b2_cityscapes_val,2026-07-07 05:27:46,cityscapes,val,all,student_skd,/scratch/gautschi/manors/hf_cache/hub/models--nvidia--mit-b2/snapshots/3bb39e8739149c3777d0325349b2a6c32c6413db,runs/mit-b2_skd_j9196921/student_skd.ckpt,skd,img_000266,/home/manors/Guardrail-Distillation/data/cityscapes/leftImg8bit/val/frankfurt/frankfurt_000001_083852_leftImg8bit.png,,0.6271130539279473,0.37288694607205275,0.9566038250923157,0.9740861058235168,0.08411982655525208,0.06989941745996475,0.19224216043949127,0.9366082549095154,0.19660604000091553,-8.757411003112793,8.726078987121582,0.0041410732083022594,0.03188285976648331,440707,7.96985425404273,7.409097481286153,16.21975051239133,0.40528595648867805,0.594714043511322,117183,0.3966037835973361,0.6033962164026638,50487,0.07067713141441345,0.0004208713071420789,29.27943499526009,0.025709619745612144,0.9742903802543879,0.07563714683055878,0.19832992553710938,0.0038284873589873314,0.5009571313858032,0.4990428686141968,0.5105471611022949,0.5327626466751099,0.5990387797355652,0.5009571313858032,0.4990428686141968,0.5009571313858032,0.4990428686141968,0.558062406082084,0.441937593917916,0.9590408205986023,0.5478234532967,0.4521765467033,0.14253749680802197,0.429120718712263,0.570879281287737,0.032516935114926815,0.0,0.0,0.009189778938889503,0.006752785760909319,1.0,0.0,0.018134497106075287,0.0005536558455787599,405782
b2_cityscapes_val,2026-07-07 05:27:46,cityscapes,val,all,student_skd,/scratch/gautschi/manors/hf_cache/hub/models--nvidia--mit-b2/snapshots/3bb39e8739149c3777d0325349b2a6c32c6413db,runs/mit-b2_skd_j9196921/student_skd.ckpt,skd,img_000267,/home/manors/Guardrail-Distillation/data/cityscapes/leftImg8bit/val/lindau/lindau_000000_000019_leftImg8bit.png,,0.5720433111886529,0.4279566888113471,0.9250670671463013,0.9631884694099426,0.10517717152833939,0.09231964498758316,0.2303188443183899,0.9245456457138062,0.2146066427230835,-8.31083869934082,8.265056610107422,0.010862991213798523,0.05084683746099472,492774,7.96985425404273,7.409097481286153,16.21975051239133,0.5675052833821914,0.4324947166178086,150859,0.48625682626724975,0.5137431737327502,44411,0.09297090023756027,0.0005235864082351327,29.27943499526009,0.043542299419641495,0.9564577005803585,0.17705203592777252,0.33348792791366577,0.026507500559091568,0.5066264867782593,0.4933735132217407,0.5296289920806885,0.5784271359443665,0.5967853665351868,0.5066264867782593,0.4933735132217407,0.5066264867782593,0.4933735132217407,0.5505639916124265,0.44943600838757347,0.905999481678009,0.5684788049499908,0.4315211950500092,0.0009735215677993958,0.48517535502018966,0.5148246449798104,0.0,0.0,0.0,0.01297755166888237,0.032045114785432816,1.0,0.0,0.05230186507105827,0.0019806239288300276,439363
b2_cityscapes_val,2026-07-07 05:27:46,cityscapes,val,all,student_skd,/scratch/gautschi/manors/hf_cache/hub/models--nvidia--mit-b2/snapshots/3bb39e8739149c3777d0325349b2a6c32c6413db,runs/mit-b2_skd_j9196921/student_skd.ckpt,skd,img_000268,/home/manors/Guardrail-Distillation/data/cityscapes/leftImg8bit/val/lindau/lindau_000001_000019_leftImg8bit.png,,0.7163607832247836,0.2836392167752164,0.9750856161117554,0.9860368371009827,0.062493231147527695,0.03489508107304573,0.13051991164684296,0.9665303826332092,0.10641931742429733,-8.00989818572998,7.9931206703186035,0.0014356633182615042,0.017689712345600128,495938,7.964468240970746,7.41371072945185,16.224591992795467,0.6978958239009213,0.3021041760990787,150859,0.9446641561140168,0.05533584388598323,139173,0.035206787288188934,0.00028837809804826975,29.304810013854876,0.02143806405365467,0.9785619359463453,0.03575960919260979,0.1331666111946106,-0.005641515366733074,0.4985896348953247,0.5014103651046753,0.5054944157600403,0.5193747282028198,0.5859942436218262,0.4985896348953247,0.5014103651046753,0.4985896348953247,0.5014103651046753,0.6809116800174423,0.3190883199825577,0.9717424511909485,0.5629534518660443,0.4370465481339557,0.0,0.9782385888630293,0.02176141113697072,0.033574432749012506,0.0,0.0,0.0075452979654073715,0.010888458229601383,1.0,0.0,0.019790781661868095,0.0019135456532239914,474904
b2_cityscapes_val,2026-07-07 05:27:46,cityscapes,val,all,student_skd,/scratch/gautschi/manors/hf_cache/hub/models--nvidia--mit-b2/snapshots/3bb39e8739149c3777d0325349b2a6c32c6413db,runs/mit-b2_skd_j9196921/student_skd.ckpt,skd,img_000269,/home/manors/Guardrail-Distillation/data/cityscapes/leftImg8bit/val/lindau/lindau_000002_000019_leftImg8bit.png,,0.7362093829996593,0.2637906170003407,0.9604784250259399,0.9768699407577515,0.08570638298988342,0.059166181832551956,0.1907109171152115,0.9495100378990173,0.15152020752429962,-8.408735275268555,8.379817008972168,0.007461856119334698,0.03156021237373352,494515,7.964468240970746,7.41371072945185,16.224591992795467,0.9709808880894597,0.029019111910540296,150859,0.8583726581107483,0.14162734188925175,35638,0.059813614934682846,0.0004199123941361904,29.304810013854876,0.02871869131922722,0.9712813086807728,0.06880511343479156,0.23216424882411957,0.0077913920395076275,0.501947820186615,0.498052179813385,0.5119898319244385,0.5428351163864136,0.6038123369216919,0.501947820186615,0.498052179813385,0.501947820186615,0.498052179813385,0.8068401448870872,0.19315985511291278,0.9733132123947144,0.9819659249452193,0.018034075054780718,0.010985036855759578,0.8887059892231695,0.11129401077683054,0.030333331112421202,0.0706307618874279,0.0706307618874279,0.019558556377887726,0.006723759230226278,0.9293692381125721,0.0706307618874279,0.028882842510938644,0.003878547577187419,461501
b2_cityscapes_val,2026-07-07 05:27:46,cityscapes,val,all,student_skd,/scratch/gautschi/manors/hf_cache/hub/models--nvidia--mit-b2/snapshots/3bb39e8739149c3777d0325349b2a6c32c6413db,runs/mit-b2_skd_j9196921/student_skd.ckpt,skd,img_000270,/home/manors/Guardrail-Distillation/data/cityscapes/leftImg8bit/val/lindau/lindau_000003_000019_leftImg8bit.png,,0.6540954713785755,0.3459045286214245,0.9630346298217773,0.9802913665771484,0.07491963356733322,0.05208107456564903,0.16790026426315308,0.9515646696090698,0.15292422473430634,-8.318967819213867,8.295042037963867,0.0034107391256839037,0.025006374344229698,466761,7.964468240970746,7.41371072945185,16.224591992795467,0.981299992122,0.01870000787799997,150859,0.7349681706801139,0.2650318293198861,21406,0.052652131766080856,0.000349633046425879,29.304810013854876,0.023304475471377373,0.9766955245286226,0.04593900218605995,0.16648073494434357,0.0011447195429354906,0.5002861618995667,0.49971383810043335,0.5081924796104431,0.527395486831665,0.5900739431381226,0.5002861618995667,0.49971383810043335,0.5002861618995667,0.49971383810043335,0.6428995957157525,0.3571004042842475,0.9684678316116333,0.9805777957067753,0.01942220429322472,0.0,0.711246902538086,0.288753097461914,0.0,0.0,0.0,0.012318938970565796,0.006885751150548458,1.0,0.0,0.021934138610959053,0.0025387725327163935,439321
b2_cityscapes_val,2026-07-07 05:27:46,cityscapes,val,all,student_skd,/scratch/gautschi/manors/hf_cache/hub/models--nvidia--mit-b2/snapshots/3bb39e8739149c3777d0325349b2a6c32c6413db,runs/mit-b2_skd_j9196921/student_skd.ckpt,skd,img_000271,/home/manors/Guardrail-Distillation/data/cityscapes/leftImg8bit/val/lindau/lindau_000004_000019_leftImg8bit.png,,0.5989053294363563,0.4010946705636437,0.9572175741195679,0.9753963947296143,0.08231474459171295,0.0642322525382042,0.1817864626646042,0.941807746887207,0.17705872654914856,-8.445411682128906,8.415672302246094,0.0035019335336983204,0.030876604840159416,490015,7.964468240970746,7.41371072945185,16.224591992795467,0.9507087751732125,0.049291224826787494,150859,0.876489138051857,0.12351086194814298,22832,0.0649980679154396,0.00041999388486146927,29.304810013854876,0.030535168945789337,0.9694648310542107,0.08456337451934814,0.24571479856967926,0.00941584911197424,0.5023539662361145,0.4976460337638855,0.5116746425628662,0.5350457429885864,0.6056523323059082,0.5023539662361145,0.4976460337638855,0.5023539662361145,0.4976460337638855,0.6239985813765063,0.3760014186234937,0.9698110818862915,0.9494507263505862,0.05054927364941375,0.0,0.8831026629292221,0.11689733707077787,0.006613524877365107,0.025093251940149996,0.025093251940149996,0.018395354971289635,0.00580186303704977,0.97490674805985,0.025093251940149996,0.025876758620142937,0.004352927673608065,453228
b2_cityscapes_val,2026-07-07 05:27:46,cityscapes,val,all,student_skd,/scratch/gautschi/manors/hf_cache/hub/models--nvidia--mit-b2/snapshots/3bb39e8739149c3777d0325349b2a6c32c6413db,runs/mit-b2_skd_j9196921/student_skd.ckpt,skd,img_000272,/home/manors/Guardrail-Distillation/data/cityscapes/leftImg8bit/val/lindau/lindau_000005_000019_leftImg8bit.png,,0.590889370650516,0.40911062934948395,0.965142011642456,0.9766972064971924,0.0824115201830864,0.060956742614507675,0.18483582139015198,0.9459666609764099,0.16477122902870178,-8.235559463500977,8.207039833068848,0.004755806177854538,0.03020535036921501,484881,7.983845745911822,7.423914998071268,16.29969451460056,0.9337181283590867,0.06628187164091326,150859,0.5900759166590447,0.4099240833409553,32792,0.0615936703979969,0.00038162688724696636,29.41227750852704,0.023586628958582878,0.9764133710414171,0.05661608651280403,0.17130397260189056,0.000584030756726861,0.5001460313796997,0.4998539686203003,0.509350597858429,0.5264535546302795,0.5883408784866333,0.5001460313796997,0.4998539686203003,0.5001460313796997,0.4998539686203003,0.6651684029126095,0.3348315970873905,0.9722096920013428,0.9482585845679539,0.051741415432046134,0.014540456208867125,0.8245006948792253,0.17549930512077472,0.2344247782201806,0.07427903226209343,0.07427903226209343,0.013001129031181335,0.005933414679020643,0.9257209677379066,0.07427903226209343,0.019949225708842278,0.0012931008823215961,451277
b2_cityscapes_val,2026-07-07 05:27:46,cityscapes,val,all,student_skd,/scratch/gautschi/manors/hf_cache/hub/models--nvidia--mit-b2/snapshots/3bb39e8739149c3777d0325349b2a6c32c6413db,runs/mit-b2_skd_j9196921/student_skd.ckpt,skd,img_000273,/home/manors/Guardrail-Distillation/data/cityscapes/leftImg8bit/val/lindau/lindau_000006_000019_leftImg8bit.png,,0.5832697991538603,0.41673020084613965,0.954156219959259,0.9674809575080872,0.09772220999002457,0.08451531082391739,0.2209022492170334,0.928372323513031,0.21366599202156067,-8.065926551818848,8.025838851928711,0.00740875443443656,0.04458896070718765,483752,7.983845745911822,7.423914998071268,16.29969451460056,0.9903670565885443,0.009632943411455708,150859,0.4904187817258883,0.5095812182741117,16040,0.08544168621301651,0.0005583348101936281,29.41227750852704,0.03304072842001915,0.9669592715799809,0.11323662847280502,0.25607219338417053,0.0098869064822793,0.5024716854095459,0.4975283145904541,0.5180898308753967,0.546455442905426,0.5824610590934753,0.5024716854095459,0.4975283145904541,0.5024716854095459,0.4975283145904541,0.5811112695837226,0.4188887304162774,0.9559153914451599,0.9786196015581323,0.021380398441867676,0.0,0.4858559532134003,0.5141440467865996,0.0,0.0,0.0,0.012535348534584045,0.010776182636618614,1.0,0.0,0.02594924531877041,0.0009736393112689257,437186
b2_cityscapes_val,2026-07-07 05:27:46,cityscapes,val,all,student_skd,/scratch/gautschi/manors/hf_cache/hub/models--nvidia--mit-b2/snapshots/3bb39e8739149c3777d0325349b2a6c32c6413db,runs/mit-b2_skd_j9196921/student_skd.ckpt,skd,img_000274,/home/manors/Guardrail-Distillation/data/cityscapes/leftImg8bit/val/lindau/lindau_000007_000019_leftImg8bit.png,,0.577714214805429,0.42228578519457105,0.9549942016601562,0.9712936878204346,0.09364649653434753,0.07600849121809006,0.21858850121498108,0.935897946357727,0.19640713930130005,-8.077282905578613,8.041587829589844,0.008029059506952763,0.03903734311461449,482871,7.983845745911822,7.423914998071268,16.29969451460056,0.9878976104587844,0.012102389541215564,150859,0.4890846034178997,0.5109153965821003,17966,0.07684647291898727,0.0005898182862438262,29.41227750852704,0.033772099763154984,0.966227900236845,0.10648950934410095,0.28336629271507263,0.009442794136703014,0.5023607015609741,0.4976392984390259,0.5163092613220215,0.5485995411872864,0.5872606039047241,0.5023607015609741,0.4976392984390259,0.5023607015609741,0.4976392984390259,0.5254506953321323,0.4745493046678677,0.9549921154975891,0.9808543110890366,0.019145688910963354,0.0,0.3682005070507458,0.6317994929492542,0.0,0.0,0.0,0.010249114595353603,0.010251184925436974,1.0,0.0,0.026044223457574844,0.00030857103411108255,442198
b2_cityscapes_val,2026-07-07 05:27:46,cityscapes,val,all,student_skd,/scratch/gautschi/manors/hf_cache/hub/models--nvidia--mit-b2/snapshots/3bb39e8739149c3777d0325349b2a6c32c6413db,runs/mit-b2_skd_j9196921/student_skd.ckpt,skd,img_000275,/home/manors/Guardrail-Distillation/data/cityscapes/leftImg8bit/val/lindau/lindau_000008_000019_leftImg8bit.png,,0.6891184751791777,0.3108815248208223,0.9770416021347046,0.9794687628746033,0.07646491378545761,0.051607370376586914,0.16488640010356903,0.9532085061073303,0.14230073988437653,-8.448409080505371,8.423514366149902,0.002504094736650586,0.027010248973965645,476819,7.983845745911822,7.423914998071268,16.29969451460056,1.0,0.0,150859,0.9916232737151913,0.008376726284808678,26502,0.05198648199439049,0.00027565835625864565,29.41227750852704,0.020515460520982742,0.9794845394790173,0.03434496372938156,0.1581789255142212,0.001567455125041306,0.5003918409347534,0.4996081590652466,0.5072008371353149,0.5251502394676208,0.6242314577102661,0.5003918409347534,0.4996081590652466,0.5003918409347534,0.4996081590652466,0.7600819049414191,0.23991809505858086,0.9776937961578369,1.0,0.0,0.0,0.9924533997434156,0.007546600256584379,0.0008301260282242984,0.07096342976224146,0.07096342976224146,0.007019435055553913,0.00636719586327672,0.9290365702377585,0.07096342976224146,0.014011605642735958,9.647266415413469e-05,447023
b2_cityscapes_val,2026-07-07 05:27:47,cityscapes,val,all,student_skd,/scratch/gautschi/manors/hf_cache/hub/models--nvidia--mit-b2/snapshots/3bb39e8739149c3777d0325349b2a6c32c6413db,runs/mit-b2_skd_j9196921/student_skd.ckpt,skd,img_000276,/home/manors/Guardrail-Distillation/data/cityscapes/leftImg8bit/val/lindau/lindau_000009_000019_leftImg8bit.png,,0.5736830899169305,0.4263169100830695,0.9337878823280334,0.9536925554275513,0.11369779706001282,0.12128634005784988,0.25440362095832825,0.8975961804389954,0.30150333046913147,-8.051435470581055,7.994339942932129,0.01165494229644537,0.062190212309360504,469672,7.9902129946276546,7.416989741614088,16.291790758259594,0.5023284878723803,0.49767151212761973,150859,0.7604000084363749,0.2395999915636251,19876,0.12223489582538605,0.000608669884968549,29.40903525450267,0.04864432290196419,0.9513556770980358,0.19463859498500824,0.32925665378570557,0.028148317709565163,0.5070366263389587,0.49296337366104126,0.5342653393745422,0.5654290914535522,0.5980578064918518,0.5070366263389587,0.49296337366104126,0.5070366263389587,0.49296337366104126,0.5319574668291552,0.46804253317084477,0.9289014935493469,0.3847125823267293,0.6152874176732708,0.0,0.5463058789448276,0.4536941210551724,0.0,0.0,0.0,0.0139118367806077,0.0187982264906168,1.0,0.0,0.03916563093662262,0.0002022688277065754,405452
b2_cityscapes_val,2026-07-07 05:27:47,cityscapes,val,all,student_skd,/scratch/gautschi/manors/hf_cache/hub/models--nvidia--mit-b2/snapshots/3bb39e8739149c3777d0325349b2a6c32c6413db,runs/mit-b2_skd_j9196921/student_skd.ckpt,skd,img_000277,/home/manors/Guardrail-Distillation/data/cityscapes/leftImg8bit/val/lindau/lindau_000010_000019_leftImg8bit.png,,0.6769948888644749,0.3230051111355251,0.9681627750396729,0.9752786159515381,0.08577398210763931,0.06461368501186371,0.19248148798942566,0.9429523348808289,0.17381712794303894,-8.322956085205078,8.292518615722656,0.005901567172259092,0.03272213786840439,461064,7.9902129946276546,7.416989741614088,16.291790758259594,0.9892945109018212,0.010705489098178811,149451,0.4847023919896162,0.5152976080103838,16180,0.06521710753440857,0.00037190885632298887,29.40903525450267,0.02857036702334881,0.9714296329766512,0.08094877004623413,0.22140303254127502,0.008370127528905869,0.5020924806594849,0.49790751934051514,0.5150381326675415,0.5448302626609802,0.6155850291252136,0.5020924806594849,0.49790751934051514,0.5020924806594849,0.49790751934051514,0.709580840278656,0.290419159721344,0.9729322195053101,0.9788143859589192,0.02118561404108077,0.0,0.4754883778437191,0.5245116221562809,0.0,0.03258595141418108,0.03258595141418108,0.011950618587434292,0.007181215565651655,0.9674140485858189,0.03258595141418108,0.02229408547282219,0.0008914163918234408,427727
b2_cityscapes_val,2026-07-07 05:27:47,cityscapes,val,all,student_skd,/scratch/gautschi/manors/hf_cache/hub/models--nvidia--mit-b2/snapshots/3bb39e8739149c3777d0325349b2a6c32c6413db,runs/mit-b2_skd_j9196921/student_skd.ckpt,skd,img_000278,/home/manors/Guardrail-Distillation/data/cityscapes/leftImg8bit/val/lindau/lindau_000011_000019_leftImg8bit.png,,0.6706266619679593,0.3293733380320407,0.8772658109664917,0.957908570766449,0.10874791443347931,0.10658058524131775,0.23575535416603088,0.9097408056259155,0.2595784664154053,-7.595019817352295,7.543299198150635,0.00838557444512844,0.058322638273239136,494182,7.9902129946276546,7.416989741614088,16.291790758259594,0.3386296344873883,0.6613703655126117,149440,0.689781471149319,0.310218528850681,8395,0.10748642683029175,0.0006216976908035576,29.40903525450267,0.06646529585123062,0.9335347041487694,0.3086411952972412,0.3859659731388092,0.053626757115125656,0.5134034752845764,0.4865965247154236,0.572871208190918,0.5986889600753784,0.6076409816741943,0.5134034752845764,0.4865965247154236,0.5134034752845764,0.4865965247154236,0.7061541435563133,0.29384585644368666,0.9332411289215088,0.47327141903395264,0.5267285809660474,0.1346417845465644,0.7521609553848209,0.24783904461517914,0.06237948423550188,0.03552748158835406,0.03552748158835406,0.07173065841197968,0.01575532928109169,0.9644725184116459,0.03552748158835406,0.104271300137043,0.036516908556222916,433095
b2_cityscapes_val,2026-07-07 05:27:47,cityscapes,val,all,student_skd,/scratch/gautschi/manors/hf_cache/hub/models--nvidia--mit-b2/snapshots/3bb39e8739149c3777d0325349b2a6c32c6413db,runs/mit-b2_skd_j9196921/student_skd.ckpt,skd,img_000279,/home/manors/Guardrail-Distillation/data/cityscapes/leftImg8bit/val/lindau/lindau_000012_000019_leftImg8bit.png,,0.6603195542265695,0.3396804457734305,0.9237452745437622,0.9552204012870789,0.10997207462787628,0.10630485415458679,0.22269292175769806,0.9084106087684631,0.2551250457763672,-7.704639911651611,7.650125980377197,0.0038225818425416946,0.06407848745584488,492599,7.9902129946276546,7.416989741614088,16.291790758259594,0.719214268063818,0.28078573193618195,150859,0.8515597655642725,0.1484402344357275,12035,0.10720121115446091,0.0005189978401176631,29.40903525450267,0.055400870740413666,0.9445991292595863,0.2490769326686859,0.3405212163925171,0.031970102339982986,0.5079918503761292,0.49200814962387085,0.5472794771194458,0.5786775946617126,0.5986706018447876,0.5079918503761292,0.49200814962387085,0.5079918503761292,0.49200814962387085,0.6941146454202011,0.30588535457979893,0.9577546715736389,0.9144377702192289,0.0855622297807711,0.19522350215541084,0.8201216400084507,0.17987835999154933,0.0,0.033795091193631555,0.033795091193631555,0.04234681650996208,0.008337410166859627,0.9662049088063684,0.033795091193631555,0.051597751677036285,0.005686166696250439,426207
b2_cityscapes_val,2026-07-07 05:27:47,cityscapes,val,all,student_skd,/scratch/gautschi/manors/hf_cache/hub/models--nvidia--mit-b2/snapshots/3bb39e8739149c3777d0325349b2a6c32c6413db,runs/mit-b2_skd_j9196921/student_skd.ckpt,skd,img_000280,/home/manors/Guardrail-Distillation/data/cityscapes/leftImg8bit/val/lindau/lindau_000013_000019_leftImg8bit.png,,0.5126584383358631,0.4873415616641369,0.9321927428245544,0.9616290926933289,0.10430239140987396,0.09046551585197449,0.2169700413942337,0.9264500141143799,0.1976822465658188,-8.364319801330566,8.3173189163208,0.0046324762515723705,0.05388333648443222,491098,7.978987996466458,7.422990252962336,16.295626730425283,0.6650387494342846,0.33496125056571535,150859,0.434112018470415,0.565887981529585,10517,0.09100154787302017,0.0005544119630940259,29.391511983703822,0.05055755749344826,0.9494424425065517,0.22795367240905762,0.3676997423171997,0.02815156988799572,0.5070374608039856,0.4929625391960144,0.5405370593070984,0.5881043672561646,0.5929778814315796,0.5070374608039856,0.4929625391960144,0.5070374608039856,0.4929625391960144,0.6171867307706418,0.3828132692293582,0.9719526171684265,0.9638753331691877,0.03612466683081228,0.29883658373490307,0.4498029139503377,0.5501970860496623,0.01569089547992264,0.10452829243477868,0.10452829243477868,0.04764832928776741,0.007888445630669594,0.8954717075652213,0.10452829243477868,0.057259444147348404,0.004783159121870995,433106
b2_cityscapes_val,2026-07-07 05:27:47,cityscapes,val,all,student_skd,/scratch/gautschi/manors/hf_cache/hub/models--nvidia--mit-b2/snapshots/3bb39e8739149c3777d0325349b2a6c32c6413db,runs/mit-b2_skd_j9196921/student_skd.ckpt,skd,img_000281,/home/manors/Guardrail-Distillation/data/cityscapes/leftImg8bit/val/lindau/lindau_000014_000019_leftImg8bit.png,,0.7427310621374815,0.2572689378625185,0.9620357155799866,0.9612841606140137,0.09883240610361099,0.10197427868843079,0.21081767976284027,0.9029320478439331,0.30195513367652893,-7.279860019683838,7.233366966247559,0.004579286556690931,0.04788775369524956,495492,7.978987996466458,7.422990252962336,16.295626730425283,0.6421425683890333,0.3578574316109667,150859,0.8246691473779693,0.17533085262203074,34916,0.10308335721492767,0.0005634179105982184,29.391511983703822,0.07696817815303802,0.923031821846962,0.28752848505973816,0.4163432717323303,0.08973083645105362,0.5224176645278931,0.47758233547210693,0.5770542025566101,0.6294705867767334,0.5918243527412415,0.5224176645278931,0.47758233547210693,0.5224176645278931,0.47758233547210693,0.7689204475992824,0.23107955240071765,0.9649136662483215,0.647289398350302,0.35271060164969803,0.005146829961268695,0.8929499438007409,0.10705005619925911,0.06828079642277163,0.02618938546180083,0.02618938546180083,0.018131474032998085,0.015253525227308273,0.9738106145381992,0.02618938546180083,0.03485020995140076,0.0009303883416578174,438100
b2_cityscapes_val,2026-07-07 05:27:47,cityscapes,val,all,student_skd,/scratch/gautschi/manors/hf_cache/hub/models--nvidia--mit-b2/snapshots/3bb39e8739149c3777d0325349b2a6c32c6413db,runs/mit-b2_skd_j9196921/student_skd.ckpt,skd,img_000282,/home/manors/Guardrail-Distillation/data/cityscapes/leftImg8bit/val/lindau/lindau_000015_000019_leftImg8bit.png,,0.721560498648506,0.278439501351494,0.9626702070236206,0.9807907938957214,0.07177753001451492,0.04912196472287178,0.15178245306015015,0.9540610313415527,0.1395934373140335,-8.16051959991455,8.137535095214844,0.0016108141280710697,0.023642923682928085,491056,7.978987996466458,7.422990252962336,16.295626730425283,0.6715387663391008,0.3284612336608992,150859,0.9948700575908629,0.0051299424091371115,20663,0.04963879659771919,0.00028649598243646324,29.391511983703822,0.023903490975499153,0.9760965090245008,0.051843203604221344,0.18866923451423645,0.0040818252600729465,0.5010204315185547,0.4989795684814453,0.5092229247093201,0.5311143398284912,0.6301615834236145,0.5010204315185547,0.4989795684814453,0.5010204315185547,0.4989795684814453,0.8347993636824278,0.1652006363175722,0.9784586429595947,0.7861081670628176,0.2138918329371824,0.1145694007237168,0.9901756763296714,0.009824323670328594,0.0,0.11323886503392178,0.11323886503392178,0.019069107249379158,0.003280684817582369,0.8867611349660782,0.11323886503392178,0.024514514952898026,0.0057834540493786335,462265
b2_cityscapes_val,2026-07-07 05:27:47,cityscapes,val,all,student_skd,/scratch/gautschi/manors/hf_cache/hub/models--nvidia--mit-b2/snapshots/3bb39e8739149c3777d0325349b2a6c32c6413db,runs/mit-b2_skd_j9196921/student_skd.ckpt,skd,img_000283,/home/manors/Guardrail-Distillation/data/cityscapes/leftImg8bit/val/lindau/lindau_000016_000019_leftImg8bit.png,,0.7183072442208676,0.28169275577913244,0.9567574262619019,0.9754234552383423,0.08249678462743759,0.06400991976261139,0.1829260140657425,0.941737949848175,0.18162521719932556,-7.751286506652832,7.72154426574707,0.0036308413837105036,0.03113231621682644,488592,7.978987996466458,7.422990252962336,16.295626730425283,0.564426639124731,0.435573360875269,150859,0.482604924589216,0.517395075410784,21403,0.06474487483501434,0.0003968871897086501,29.391511983703822,0.03668418154120445,0.9633158184587955,0.10807356983423233,0.2714073657989502,0.015709470957517624,0.5039272904396057,0.4960727095603943,0.5194883942604065,0.5486146211624146,0.582149088382721,0.5039272904396057,0.4960727095603943,0.5039272904396057,0.4960727095603943,0.6692048440349527,0.33079515596504727,0.961479127407074,0.5768501592206474,0.4231498407793526,0.012423520095916407,0.8838954185340995,0.11610458146590052,0.4012904939448835,0.0,0.0,0.013880702666938305,0.009158971719443798,1.0,0.0,0.026250943541526794,0.0012443921295925975,451633
b2_cityscapes_val,2026-07-07 05:27:47,cityscapes,val,all,student_skd,/scratch/gautschi/manors/hf_cache/hub/models--nvidia--mit-b2/snapshots/3bb39e8739149c3777d0325349b2a6c32c6413db,runs/mit-b2_skd_j9196921/student_skd.ckpt,skd,img_000284,/home/manors/Guardrail-Distillation/data/cityscapes/leftImg8bit/val/lindau/lindau_000017_000019_leftImg8bit.png,,0.4403308264671368,0.5596691735328632,0.9767721891403198,0.979139506816864,0.07485019415616989,0.054099634289741516,0.15983682870864868,0.9458739757537842,0.1766752451658249,-6.2582316398620605,6.2332305908203125,0.001966207753866911,0.02572455070912838,256331,7.971777493366972,7.410489517496899,16.30171897704713,0.49828473413379076,0.5017152658662092,1166,0.0,1.0,0,0.05456780269742012,0.000330028822645545,29.404069005977362,0.026616277173161507,0.9733837228268385,0.06663533300161362,0.1890275776386261,0.0031757738906890154,0.5007939338684082,0.4992060661315918,0.51320481300354,0.5327105522155762,0.6016333103179932,0.5007939338684082,0.4992060661315918,0.5007939338684082,0.4992060661315918,0.48832556391466314,0.5116744360853369,0.970978856086731,0.4669811320754717,0.5330188679245282,0.0,0.0,1.0,0.0,0.04799473744752625,0.04799473744752625,0.009273165836930275,0.01506645604968071,0.9520052625524738,0.04799473744752625,0.024948209524154663,0.003167778952047229,239700
b2_cityscapes_val,2026-07-07 05:27:47,cityscapes,val,all,student_skd,/scratch/gautschi/manors/hf_cache/hub/models--nvidia--mit-b2/snapshots/3bb39e8739149c3777d0325349b2a6c32c6413db,runs/mit-b2_skd_j9196921/student_skd.ckpt,skd,img_000285,/home/manors/Guardrail-Distillation/data/cityscapes/leftImg8bit/val/lindau/lindau_000018_000019_leftImg8bit.png,,0.412509907714352,0.5874900922856481,0.9567969441413879,0.9795039296150208,0.07335682958364487,0.053534913808107376,0.15974998474121094,0.9460616707801819,0.17947806417942047,-6.345409393310547,6.32094669342041,0.001873302273452282,0.02473149262368679,256232,7.971777493366972,7.410489517496899,16.30171897704713,0.40947776585170825,0.5905222341482917,14898,0.0,1.0,0,0.05407070368528366,0.0002751169668044895,29.404069005977362,0.022896066308021545,0.9771039336919785,0.053256239742040634,0.15296748280525208,0.0007685758173465729,0.5001921653747559,0.49980783462524414,0.5099958181381226,0.5319260358810425,0.6189109683036804,0.5001921653747559,0.49980783462524414,0.5001921653747559,0.49980783462524414,0.34978960664803915,0.6502103933519608,0.9525859355926514,0.32242214060487695,0.677577859395123,0.0,0.0,1.0,0.0,0.0,0.0,0.005896999500691891,0.010108026675879955,1.0,0.0,0.016305536031723022,7.805426321283448e-06,240209
b2_cityscapes_val,2026-07-07 05:27:47,cityscapes,val,all,student_skd,/scratch/gautschi/manors/hf_cache/hub/models--nvidia--mit-b2/snapshots/3bb39e8739149c3777d0325349b2a6c32c6413db,runs/mit-b2_skd_j9196921/student_skd.ckpt,skd,img_000286,/home/manors/Guardrail-Distillation/data/cityscapes/leftImg8bit/val/lindau/lindau_000019_000019_leftImg8bit.png,,0.4002281569359464,0.5997718430640536,0.9834230542182922,0.9874591827392578,0.055865559726953506,0.03445884957909584,0.11728418618440628,0.9584206938743591,0.1538933664560318,-5.88933801651001,5.874599933624268,0.00022682250710204244,0.014531762339174747,264524,7.971777493366972,7.410489517496899,16.30171897704713,1.0,0.0,117,0.0,1.0,0,0.0348498597741127,0.00022364803589880466,29.404069005977362,0.029919227585196495,0.9700807724148035,0.083514504134655,0.23429769277572632,0.00759462732821703,0.5018986463546753,0.4981013536453247,0.516130268573761,0.5554418563842773,0.6199038028717041,0.5018986463546753,0.4981013536453247,0.5018986463546753,0.4981013536453247,0.5850374238587881,0.4149625761412119,0.984829306602478,0.0,1.0,0.0,0.0,1.0,0.0,0.18480926692284172,0.18480926692284172,0.008158049546182156,0.0067517501302063465,0.8151907330771583,0.18480926692284172,0.014913580380380154,0.001255084527656436,254855
b2_cityscapes_val,2026-07-07 05:27:47,cityscapes,val,all,student_skd,/scratch/gautschi/manors/hf_cache/hub/models--nvidia--mit-b2/snapshots/3bb39e8739149c3777d0325349b2a6c32c6413db,runs/mit-b2_skd_j9196921/student_skd.ckpt,skd,img_000287,/home/manors/Guardrail-Distillation/data/cityscapes/leftImg8bit/val/lindau/lindau_000020_000019_leftImg8bit.png,,0.5085786441108207,0.49142135588917935,0.9313737750053406,0.9465361833572388,0.10902126133441925,0.1292894333600998,0.2129809558391571,0.8927651643753052,0.2713259756565094,-5.99458122253418,5.931230545043945,0.0011937825474888086,0.06357095390558243,492552,7.971777493366972,7.410489517496899,16.30171897704713,0.600329861542295,0.39967013845770505,148075,0.9570606463036742,0.042939353696325844,2259,0.12979388236999512,0.00031456418219022453,29.404069005977362,0.05792959779500961,0.9420704022049904,0.23913173377513885,0.31836462020874023,0.0323331356048584,0.5080825686454773,0.4919174313545227,0.5538367033004761,0.5806495547294617,0.6199920773506165,0.5080825686454773,0.4919174313545227,0.5080825686454773,0.4919174313545227,0.5227272477403977,0.4772727522596023,0.9225015640258789,0.6168192254778201,0.3831807745221799,0.016489363935525136,0.8968570163789288,0.10314298362107122,0.0,0.014148603629577039,0.014148603629577039,0.02943851612508297,0.03831067681312561,0.985851396370423,0.014148603629577039,0.0688231885433197,0.005166967399418354,407678
b2_cityscapes_val,2026-07-07 05:27:47,cityscapes,val,all,student_skd,/scratch/gautschi/manors/hf_cache/hub/models--nvidia--mit-b2/snapshots/3bb39e8739149c3777d0325349b2a6c32c6413db,runs/mit-b2_skd_j9196921/student_skd.ckpt,skd,img_000288,/home/manors/Guardrail-Distillation/data/cityscapes/leftImg8bit/val/lindau/lindau_000021_000019_leftImg8bit.png,,0.4983062031645857,0.5016937968354143,0.9561650156974792,0.9635691046714783,0.0883495956659317,0.09437061101198196,0.17967990040779114,0.9130924940109253,0.24701187014579773,-5.887701511383057,5.845245838165283,0.00034596340265125036,0.036711014807224274,488491,7.995044987183064,7.417047512717545,16.285657009575516,0.6373930540138079,0.36260694598619214,149701,0.0,1.0,0,0.09478277713060379,0.00026526080910116434,29.418374499073252,0.04248124733567238,0.9575187526643276,0.14388544857501984,0.24456733465194702,0.012085078284144402,0.503021240234375,0.496978759765625,0.5232807397842407,0.5523754358291626,0.6134719252586365,0.503021240234375,0.496978759765625,0.503021240234375,0.496978759765625,0.6899365430831508,0.3100634569168492,0.9847018718719482,0.7068697279900531,0.2931302720099469,0.06947667397624524,0.0,1.0,0.0,0.19163033991856504,0.19163033991856504,0.03166281431913376,0.0031259532552212477,0.808369660081435,0.19163033991856504,0.034981198608875275,0.005261100362986326,431568
b2_cityscapes_val,2026-07-07 05:27:47,cityscapes,val,all,student_skd,/scratch/gautschi/manors/hf_cache/hub/models--nvidia--mit-b2/snapshots/3bb39e8739149c3777d0325349b2a6c32c6413db,runs/mit-b2_skd_j9196921/student_skd.ckpt,skd,img_000289,/home/manors/Guardrail-Distillation/data/cityscapes/leftImg8bit/val/lindau/lindau_000022_000019_leftImg8bit.png,,0.5518426149970072,0.44815738500299285,0.9643509387969971,0.9623032212257385,0.09464660286903381,0.09925126284360886,0.2066514492034912,0.911046028137207,0.2651400864124298,-6.324240207672119,6.279419898986816,0.004248913377523422,0.04100462421774864,478946,7.995044987183064,7.417047512717545,16.285657009575516,0.6873138711110987,0.31268612888890135,145304,0.4669746952835188,0.5330253047164812,5657,0.0999486893415451,0.00041062827222049236,29.418374499073252,0.0516204871237278,0.9483795128762722,0.2173844277858734,0.29125499725341797,0.02565751038491726,0.506413996219635,0.493586003780365,0.5402917861938477,0.5585709810256958,0.6184698939323425,0.506413996219635,0.493586003780365,0.506413996219635,0.493586003780365,0.535589161652723,0.46441083834727703,0.9714853167533875,0.7099561104692793,0.2900438895307207,0.02264223935818066,0.2761879130105081,0.723812086989492,0.0,0.0,0.0,0.017525983974337578,0.010391568765044212,1.0,0.0,0.029681844636797905,0.0007265955209732056,421319
b2_cityscapes_val,2026-07-07 05:27:48,cityscapes,val,all,student_skd,/scratch/gautschi/manors/hf_cache/hub/models--nvidia--mit-b2/snapshots/3bb39e8739149c3777d0325349b2a6c32c6413db,runs/mit-b2_skd_j9196921/student_skd.ckpt,skd,img_000290,/home/manors/Guardrail-Distillation/data/cityscapes/leftImg8bit/val/lindau/lindau_000023_000019_leftImg8bit.png,,0.5387628250922384,0.4612371749077616,0.8983606696128845,0.953996479511261,0.11112592369318008,0.11947537213563919,0.2488609105348587,0.8975039124488831,0.3015415072441101,-7.002929210662842,6.9466094970703125,0.008411317132413387,0.05963093787431717,456290,7.995044987183064,7.417047512717545,16.285657009575516,0.8258142778711227,0.17418572212887729,150821,0.6741815395819553,0.32581846041804474,19237,0.12041173875331879,0.0006573083228431642,29.418374499073252,0.05738072469830513,0.9426192753016949,0.21498288214206696,0.32812783122062683,0.03504643216729164,0.5087606906890869,0.4912393093109131,0.5436288714408875,0.5693792104721069,0.5821431875228882,0.5087606906890869,0.4912393093109131,0.5087606906890869,0.4912393093109131,0.5925516415410463,0.40744835845895366,0.8904862999916077,0.8961357785053217,0.10386422149467833,0.07032150063419895,0.8533615565475026,0.14663844345249744,0.1791800169655473,0.05378881644880795,0.05378881644880795,0.015520831570029259,0.02339520864188671,0.946211183551192,0.05378881644880795,0.04326634481549263,0.0009774485370144248,392994
b2_cityscapes_val,2026-07-07 05:27:48,cityscapes,val,all,student_skd,/scratch/gautschi/manors/hf_cache/hub/models--nvidia--mit-b2/snapshots/3bb39e8739149c3777d0325349b2a6c32c6413db,runs/mit-b2_skd_j9196921/student_skd.ckpt,skd,img_000291,/home/manors/Guardrail-Distillation/data/cityscapes/leftImg8bit/val/lindau/lindau_000024_000019_leftImg8bit.png,,0.6306570376017964,0.36934296239820363,0.8453549742698669,0.9299700260162354,0.13004091382026672,0.16857869923114777,0.25815582275390625,0.8616684675216675,0.36642026901245117,-6.661134243011475,6.5759148597717285,0.00688024191185832,0.09736604243516922,461321,7.995044987183064,7.417047512717545,16.285657009575516,0.6184625416758343,0.38153745832416575,150859,0.7456015316322369,0.25439846836776314,40764,0.16965720057487488,0.0006157791940495372,29.418374499073252,0.07446164637804031,0.9255383536219597,0.2592235803604126,0.3218756914138794,0.049283988773822784,0.51231849193573,0.48768150806427,0.5557335615158081,0.5727339386940002,0.5804170370101929,0.51231849193573,0.48768150806427,0.51231849193573,0.48768150806427,0.6514590583716293,0.3485409416283707,0.9280089735984802,0.512998614129884,0.487001385870116,0.0,0.7425971000260205,0.25740289997397947,0.0,0.020802020769832952,0.020802020769832952,0.0905681774020195,0.007914229296147823,0.979197979230167,0.020802020769832952,0.10527810454368591,0.03287515789270401,364892
b2_cityscapes_val,2026-07-07 05:27:48,cityscapes,val,all,student_skd,/scratch/gautschi/manors/hf_cache/hub/models--nvidia--mit-b2/snapshots/3bb39e8739149c3777d0325349b2a6c32c6413db,runs/mit-b2_skd_j9196921/student_skd.ckpt,skd,img_000292,/home/manors/Guardrail-Distillation/data/cityscapes/leftImg8bit/val/lindau/lindau_000025_000019_leftImg8bit.png,,0.5975843659305353,0.4024156340694647,0.9391437768936157,0.9487143754959106,0.11730502545833588,0.12240594625473022,0.2387980818748474,0.8967399597167969,0.28766870498657227,-6.322715759277344,6.259939193725586,0.007694200146943331,0.07272686064243317,491799,7.972066232468933,7.422227994538844,16.293280757963657,0.6039719875042759,0.39602801249572406,150797,0.950317740581111,0.04968225941888904,29780,0.12311544269323349,0.0003886951308231801,29.403304506558925,0.046328041702508926,0.9536719582974911,0.17501382529735565,0.29717081785202026,0.030520807951688766,0.5076296329498291,0.4923703670501709,0.5404411554336548,0.5777338147163391,0.6188897490501404,0.5076296329498291,0.4923703670501709,0.5076296329498291,0.4923703670501709,0.6806512785337505,0.3193487214662495,0.951736330986023,0.6791227212230182,0.3208772787769818,0.07515073371874226,0.9748390863315686,0.02516091366843143,0.024521345750457613,0.08306691260321519,0.08306691260321519,0.01859702728688717,0.006004485301673412,0.9169330873967848,0.08306691260321519,0.028058210387825966,0.000858074112329632,416457
b2_cityscapes_val,2026-07-07 05:27:48,cityscapes,val,all,student_skd,/scratch/gautschi/manors/hf_cache/hub/models--nvidia--mit-b2/snapshots/3bb39e8739149c3777d0325349b2a6c32c6413db,runs/mit-b2_skd_j9196921/student_skd.ckpt,skd,img_000293,/home/manors/Guardrail-Distillation/data/cityscapes/leftImg8bit/val/lindau/lindau_000026_000019_leftImg8bit.png,,0.622531590589578,0.37746840941042203,0.9573172330856323,0.9741303324699402,0.08491549640893936,0.06569433957338333,0.184183269739151,0.9428009390830994,0.16364048421382904,-8.443363189697266,8.411942481994629,0.004178834147751331,0.03217853233218193,464005,7.972066232468933,7.422227994538844,16.293280757963657,0.9666255066450931,0.03337449335490694,136188,0.9832171201434708,0.016782879856529154,74719,0.06617424637079239,0.0003498298756312579,29.403304506558925,0.029045891016721725,0.9709541089832783,0.08338899910449982,0.2335265427827835,0.008375666104257107,0.5020939111709595,0.4979060888290405,0.5160178542137146,0.5429850220680237,0.6080164313316345,0.5020939111709595,0.4979060888290405,0.5020939111709595,0.4979060888290405,0.6841169374740788,0.31588306252592124,0.9696382284164429,0.976537412247923,0.02346258775207699,0.009911905602829951,0.9876069005206173,0.012393099479382719,0.004389780377146435,0.06158534688450079,0.06158534688450079,0.019081689417362213,0.006760702934116125,0.9384146531154992,0.06158534688450079,0.027540650218725204,0.001084040035493672,427668
b2_cityscapes_val,2026-07-07 05:27:48,cityscapes,val,all,student_skd,/scratch/gautschi/manors/hf_cache/hub/models--nvidia--mit-b2/snapshots/3bb39e8739149c3777d0325349b2a6c32c6413db,runs/mit-b2_skd_j9196921/student_skd.ckpt,skd,img_000294,/home/manors/Guardrail-Distillation/data/cityscapes/leftImg8bit/val/lindau/lindau_000027_000019_leftImg8bit.png,,0.6332965359951449,0.3667034640048551,0.9771876335144043,0.9815747737884521,0.07027843594551086,0.04776886850595474,0.14741842448711395,0.9532592296600342,0.1441851556301117,-7.855499267578125,7.833465576171875,0.001497460762038827,0.02308850921690464,470797,7.972066232468933,7.422227994538844,16.293280757963657,0.45326294339019374,0.5467370566098062,141700,0.9921034032836794,0.007896596716320592,73576,0.04821495711803436,0.0002329747803742066,29.403304506558925,0.022522876039147377,0.9774771239608526,0.04616253077983856,0.16020989418029785,0.0009261695086024702,0.5002315640449524,0.4997684359550476,0.5110588669776917,0.5279349684715271,0.6085207462310791,0.5002315640449524,0.4997684359550476,0.5002315640449524,0.4997684359550476,0.6465692253185986,0.3534307746814014,0.9825955033302307,0.4842291790241337,0.5157708209758662,0.030966235633939965,0.9906219419375883,0.009378058062411654,0.0,0.013272689323453712,0.013272689323453712,0.010420627892017365,0.0050127762369811535,0.9867273106765463,0.013272689323453712,0.017215488478541374,0.0003292289620731026,444953
b2_cityscapes_val,2026-07-07 05:27:48,cityscapes,val,all,student_skd,/scratch/gautschi/manors/hf_cache/hub/models--nvidia--mit-b2/snapshots/3bb39e8739149c3777d0325349b2a6c32c6413db,runs/mit-b2_skd_j9196921/student_skd.ckpt,skd,img_000295,/home/manors/Guardrail-Distillation/data/cityscapes/leftImg8bit/val/lindau/lindau_000028_000019_leftImg8bit.png,,0.755697496054681,0.24430250394531905,0.9789248704910278,0.9802317023277283,0.07448365539312363,0.04956357553601265,0.15685155987739563,0.954576313495636,0.13586366176605225,-8.065401077270508,8.041516304016113,0.0024069068022072315,0.025560986250638962,493995,7.972066232468933,7.422227994538844,16.293280757963657,0.6936805056915458,0.3063194943084542,150859,0.9897237990531536,0.010276200946846448,44569,0.04990727826952934,0.00025360824656672776,29.403304506558925,0.025303971022367477,0.9746960289776325,0.061049990355968475,0.20092374086380005,0.003120717592537403,0.5007801651954651,0.4992198348045349,0.5122557878494263,0.5395669341087341,0.6375451683998108,0.5007801651954651,0.4992198348045349,0.5007801651954651,0.4992198348045349,0.5786962168480433,0.4213037831519567,0.970066487789154,0.5334342953912201,0.4665657046087799,0.0,0.48543830913863895,0.514561690861361,0.0,0.0,0.0,0.00727740116417408,0.016135789453983307,1.0,0.0,0.02516624517738819,7.28752274881117e-05,464594
b2_cityscapes_val,2026-07-07 05:27:48,cityscapes,val,all,student_skd,/scratch/gautschi/manors/hf_cache/hub/models--nvidia--mit-b2/snapshots/3bb39e8739149c3777d0325349b2a6c32c6413db,runs/mit-b2_skd_j9196921/student_skd.ckpt,skd,img_000296,/home/manors/Guardrail-Distillation/data/cityscapes/leftImg8bit/val/lindau/lindau_000029_000019_leftImg8bit.png,,0.40282834957307545,0.5971716504269245,0.8769518136978149,0.9543222784996033,0.10608433187007904,0.11745502054691315,0.227869912981987,0.8981322646141052,0.29194873571395874,-7.290491104125977,7.235624313354492,0.006508210673928261,0.053310852497816086,371838,7.9702617367729545,7.421347254421562,16.296462999889627,0.4423694048215884,0.5576305951784116,92197,0.974570761191514,0.02542923880848602,41527,0.11836020648479462,0.0005559995770454407,29.441273742122576,0.06204375624656677,0.9379562437534332,0.2561379671096802,0.3387107253074646,0.048814862966537476,0.5122013092041016,0.48779869079589844,0.5629212856292725,0.5880666971206665,0.5817432999610901,0.5122013092041016,0.48779869079589844,0.5122013092041016,0.48779869079589844,0.41617127600369425,0.5838287239963058,0.893407940864563,0.4604741874966183,0.5395258125033817,0.018104782675029907,0.9816264117321261,0.01837358826787394,0.0070556505406120795,0.01334292643061874,0.01334292643061874,0.022071439772844315,0.005615348927676678,0.9866570735693813,0.01334292643061874,0.03483237326145172,0.004682146944105625,318139
b2_cityscapes_val,2026-07-07 05:27:48,cityscapes,val,all,student_skd,/scratch/gautschi/manors/hf_cache/hub/models--nvidia--mit-b2/snapshots/3bb39e8739149c3777d0325349b2a6c32c6413db,runs/mit-b2_skd_j9196921/student_skd.ckpt,skd,img_000297,/home/manors/Guardrail-Distillation/data/cityscapes/leftImg8bit/val/lindau/lindau_000030_000019_leftImg8bit.png,,0.4322737844432318,0.5677262155567682,0.9408916234970093,0.9427092671394348,0.12003966420888901,0.1360548883676529,0.23534181714057922,0.8831036686897278,0.3190324604511261,-6.191521167755127,6.121970176696777,0.003757998812943697,0.07532130181789398,483502,7.9702617367729545,7.421347254421562,16.296462999889627,0.6426677004990873,0.3573322995009127,150266,0.6049199795692517,0.3950800204307483,4782,0.13670632243156433,0.00041811130358837545,29.441273742122576,0.050120510160923004,0.949879489839077,0.179635688662529,0.26833003759384155,0.02698231115937233,0.5067451596260071,0.4932548403739929,0.5351159572601318,0.5591906309127808,0.607806921005249,0.5067451596260071,0.4932548403739929,0.5067451596260071,0.4932548403739929,0.3942286094326555,0.6057713905673445,0.956105649471283,0.6141312704668397,0.3858687295331603,0.0,0.591091342470418,0.40890865752958205,0.0,0.0,0.0,0.023671049624681473,0.008457048796117306,1.0,0.0,0.03505673259496689,0.004519112408161163,400035
b2_cityscapes_val,2026-07-07 05:27:48,cityscapes,val,all,student_skd,/scratch/gautschi/manors/hf_cache/hub/models--nvidia--mit-b2/snapshots/3bb39e8739149c3777d0325349b2a6c32c6413db,runs/mit-b2_skd_j9196921/student_skd.ckpt,skd,img_000298,/home/manors/Guardrail-Distillation/data/cityscapes/leftImg8bit/val/lindau/lindau_000031_000019_leftImg8bit.png,,0.5863845623487663,0.41361543765123365,0.9446623921394348,0.9042021036148071,0.13873949646949768,0.2189243733882904,0.2748272716999054,0.8311865329742432,0.41554924845695496,-6.043135643005371,5.92833137512207,0.005349886603653431,0.11309847980737686,468795,7.9702617367729545,7.421347254421562,16.296462999889627,0.2915605047860785,0.7084394952139215,143047,0.6130908399032768,0.38690916009672316,25372,0.21970869600772858,0.0005680019967257977,29.441273742122576,0.0816585049033165,0.9183414950966835,0.2579752802848816,0.34601330757141113,0.06127850338816643,0.5153148174285889,0.48468518257141113,0.5630044341087341,0.5859885811805725,0.5657185316085815,0.5153148174285889,0.48468518257141113,0.5153148174285889,0.48468518257141113,0.6079596857501383,0.39204031424986174,0.968421220779419,0.525780913000778,0.474219086999222,0.23422040821469947,0.9338165711058073,0.06618342889419271,0.32072573120253045,0.02157512340137191,0.02157512340137191,0.028453802689909935,0.004695015959441662,0.9784248765986281,0.02157512340137191,0.03600507974624634,0.0009385765879414976,315317
b2_cityscapes_val,2026-07-07 05:27:48,cityscapes,val,all,student_skd,/scratch/gautschi/manors/hf_cache/hub/models--nvidia--mit-b2/snapshots/3bb39e8739149c3777d0325349b2a6c32c6413db,runs/mit-b2_skd_j9196921/student_skd.ckpt,skd,img_000299,/home/manors/Guardrail-Distillation/data/cityscapes/leftImg8bit/val/lindau/lindau_000032_000019_leftImg8bit.png,,0.44855389392501854,0.5514461060749815,0.9590049386024475,0.9791815280914307,0.07665152102708817,0.04836724326014519,0.15158262848854065,0.9574510455131531,0.12004543095827103,-7.821788311004639,7.79667854309082,0.0008847120334394276,0.02859247475862503,479252,7.9702617367729545,7.421347254421562,16.296462999889627,0.6180872107037253,0.3819127892962747,150859,0.0,1.0,0,0.048598192632198334,0.00018139267922379076,29.441273742122576,0.02532522939145565,0.9746747706085443,0.06386857479810715,0.23013660311698914,0.007040029391646385,0.5017600059509277,0.49823999404907227,0.5140179395675659,0.5427866578102112,0.6462503671646118,0.5017600059509277,0.49823999404907227,0.5017600059509277,0.49823999404907227,0.47629840542205887,0.5237015945779411,0.9805176258087158,0.9198956077697756,0.08010439223022436,0.30180839706605034,0.0,1.0,0.0,0.02774451149704038,0.02774451149704038,0.02749701775610447,0.005984325893223286,0.9722554885029596,0.02774451149704038,0.03370460867881775,0.0073990304954349995,448411
b2_cityscapes_val,2026-07-07 05:27:48,cityscapes,val,all,student_skd,/scratch/gautschi/manors/hf_cache/hub/models--nvidia--mit-b2/snapshots/3bb39e8739149c3777d0325349b2a6c32c6413db,runs/mit-b2_skd_j9196921/student_skd.ckpt,skd,img_000300,/home/manors/Guardrail-Distillation/data/cityscapes/leftImg8bit/val/lindau/lindau_000033_000019_leftImg8bit.png,,0.522540802772068,0.47745919722793195,0.9608399271965027,0.9736601710319519,0.08414052426815033,0.06696519255638123,0.17787930369377136,0.9383615851402283,0.18386021256446838,-8.114368438720703,8.082648277282715,0.002977200550958514,0.032819900661706924,495096,8.063356741331518,7.411808765027672,16.295730252750218,1.0,0.0,150859,0.4880004416168698,0.5119995583831303,73154,0.06753599643707275,0.0003635572793427855,29.421430255752057,0.026811258867383003,0.973188741132617,0.07494011521339417,0.20705458521842957,0.005991264246404171,0.5014978051185608,0.4985021948814392,0.5144073367118835,0.5318673849105835,0.60111403465271,0.5014978051185608,0.4985021948814392,0.5014978051185608,0.4985021948814392,0.4804507909653755,0.5195492090346245,0.9587777256965637,1.0,0.0,0.0,0.48683503492745833,0.5131649650725416,0.0,0.0,0.0,0.011924960650503635,0.013987187296152115,1.0,0.0,0.027309855446219444,0.0003777045349124819,455226
b2_cityscapes_val,2026-07-07 05:27:48,cityscapes,val,all,student_skd,/scratch/gautschi/manors/hf_cache/hub/models--nvidia--mit-b2/snapshots/3bb39e8739149c3777d0325349b2a6c32c6413db,runs/mit-b2_skd_j9196921/student_skd.ckpt,skd,img_000301,/home/manors/Guardrail-Distillation/data/cityscapes/leftImg8bit/val/lindau/lindau_000034_000019_leftImg8bit.png,,0.28795065282422994,0.7120493471757701,0.9068053364753723,0.9682717323303223,0.09441803395748138,0.07679429650306702,0.19587180018424988,0.9339179396629333,0.19009946286678314,-7.104388236999512,7.065802574157715,0.0028358434792608023,0.04441285878419876,303966,8.063356741331518,7.411808765027672,16.295730252750218,1.0,0.0,9414,0.3453991364709985,0.6546008635290015,56813,0.07737544178962708,0.0004019739862997085,29.421430255752057,0.04435226321220398,0.955647736787796,0.2356153279542923,0.32204964756965637,0.026754677295684814,0.5066882967948914,0.49331170320510864,0.5492081642150879,0.5710954666137695,0.6213318705558777,0.5066882967948914,0.49331170320510864,0.5066882967948914,0.49331170320510864,0.47975860165405537,0.5202413983459446,0.9768953919410706,0.4841725090291056,0.5158274909708944,0.0,0.96415986372911,0.03584013627089,0.6187607272581115,0.19180794882982544,0.19180794882982544,0.07575517892837524,0.005665107164531946,0.8081920511701746,0.19180794882982544,0.08460485190153122,0.031329162418842316,274929
b2_cityscapes_val,2026-07-07 05:27:48,cityscapes,val,all,student_skd,/scratch/gautschi/manors/hf_cache/hub/models--nvidia--mit-b2/snapshots/3bb39e8739149c3777d0325349b2a6c32c6413db,runs/mit-b2_skd_j9196921/student_skd.ckpt,skd,img_000302,/home/manors/Guardrail-Distillation/data/cityscapes/leftImg8bit/val/lindau/lindau_000035_000019_leftImg8bit.png,,0.4241213485882151,0.5758786514117848,0.9682514667510986,0.9735879898071289,0.08261698484420776,0.06853489577770233,0.17488734424114227,0.933845043182373,0.2058812379837036,-6.9915666580200195,6.959980010986328,0.0025614690966904163,0.031825046986341476,248295,8.063356741331518,7.411808765027672,16.295730252750218,0.0,1.0,0,0.48173801426952056,0.5182619857304794,60072,0.06920324265956879,0.00038414899609051645,29.421430255752057,0.030405204743146896,0.9695947952568531,0.10621426999568939,0.20462335646152496,0.00664791464805603,0.5016619563102722,0.4983380436897278,0.5201864242553711,0.5349681973457336,0.6153650879859924,0.5016619563102722,0.4983380436897278,0.5016619563102722,0.4983380436897278,0.5367367363609648,0.46326326363903525,0.9762499928474426,0.0,1.0,0.0,0.9332912548692256,0.0667087451307744,0.45155324059970503,0.1126153877727496,0.1126153877727496,0.015103002078831196,0.007104452233761549,0.8873846122272504,0.1126153877727496,0.02265853062272072,0.003048792714253068,228448
b2_cityscapes_val,2026-07-07 05:27:48,cityscapes,val,all,student_skd,/scratch/gautschi/manors/hf_cache/hub/models--nvidia--mit-b2/snapshots/3bb39e8739149c3777d0325349b2a6c32c6413db,runs/mit-b2_skd_j9196921/student_skd.ckpt,skd,img_000303,/home/manors/Guardrail-Distillation/data/cityscapes/leftImg8bit/val/lindau/lindau_000036_000019_leftImg8bit.png,,0.6654069085097931,0.3345930914902069,0.9623458385467529,0.9752331972122192,0.07960305362939835,0.06826180964708328,0.1711953580379486,0.9317266345024109,0.21416421234607697,-6.94315242767334,6.913503170013428,0.0040206885896623135,0.028463393449783325,480266,8.063356741331518,7.411808765027672,16.295730252750218,0.5635360727059673,0.4364639272940327,150859,0.9675013319126265,0.03249866808737345,3754,0.06882111728191376,0.00026615976821631193,29.421430255752057,0.028097234666347504,0.9719027653336525,0.062330253422260284,0.20260809361934662,0.006773957516998053,0.5016934871673584,0.4983065128326416,0.5128734111785889,0.5369976162910461,0.6192826628684998,0.5016934871673584,0.4983065128326416,0.5016934871673584,0.4983065128326416,0.629157420223838,0.370842579776162,0.966697633266449,0.868736107783588,0.131263892216412,0.3052000350776207,0.9675013319126265,0.03249866808737345,0.0,0.0,0.0,0.009065809659659863,0.0047140540555119514,1.0,0.0,0.014750159345567226,0.0001415881997672841,447658
b2_cityscapes_val,2026-07-07 05:27:49,cityscapes,val,all,student_skd,/scratch/gautschi/manors/hf_cache/hub/models--nvidia--mit-b2/snapshots/3bb39e8739149c3777d0325349b2a6c32c6413db,runs/mit-b2_skd_j9196921/student_skd.ckpt,skd,img_000304,/home/manors/Guardrail-Distillation/data/cityscapes/leftImg8bit/val/lindau/lindau_000037_000019_leftImg8bit.png,,0.58810220887894,0.41189779112105995,0.9625802040100098,0.9767193794250488,0.07946393638849258,0.05857210233807564,0.16722622513771057,0.9454998970031738,0.1664627194404602,-7.517261505126953,7.489277362823486,0.002202762756496668,0.02965385839343071,479398,8.023761009098962,7.422763766953722,16.328009747667238,0.5449048935907843,0.4550951064092157,149354,0.6050253148164159,0.39497468518358414,20092,0.05904660001397133,0.0003063461044803262,29.44202200160362,0.02653898485004902,0.973461015149951,0.07599549740552902,0.2120874971151352,0.004537662491202354,0.5011343955993652,0.49886560440063477,0.515997052192688,0.543586254119873,0.6341920495033264,0.5011343955993652,0.49886560440063477,0.5011343955993652,0.49886560440063477,0.6067120379248602,0.39328796207513983,0.9682769179344177,0.7247371598606691,0.2752628401393309,0.1798322662698848,0.589561375492388,0.41043862450761204,0.0,0.018609829045920123,0.018609829045920123,0.010897000320255756,0.005200271960347891,0.9813901709540799,0.018609829045920123,0.017651304602622986,0.000548604701180011,445170
b2_cityscapes_val,2026-07-07 05:27:49,cityscapes,val,all,student_skd,/scratch/gautschi/manors/hf_cache/hub/models--nvidia--mit-b2/snapshots/3bb39e8739149c3777d0325349b2a6c32c6413db,runs/mit-b2_skd_j9196921/student_skd.ckpt,skd,img_000305,/home/manors/Guardrail-Distillation/data/cityscapes/leftImg8bit/val/lindau/lindau_000038_000019_leftImg8bit.png,,0.698251672638953,0.30174832736104695,0.9651753306388855,0.974058210849762,0.08670906722545624,0.0631016194820404,0.1802207976579666,0.9423144459724426,0.17616154253482819,-8.234847068786621,8.203166961669922,0.0034083896316587925,0.03501492738723755,494075,8.023761009098962,7.422763766953722,16.328009747667238,0.912835425004741,0.08716457499525898,150859,0.5375287054099803,0.4624712945900197,81909,0.06351227313280106,0.00025843430194072425,29.44202200160362,0.03043152391910553,0.9695684760808945,0.09651903808116913,0.2597461938858032,0.010355300270020962,0.5025888085365295,0.49741119146347046,0.5154205560684204,0.5464150905609131,0.6101451516151428,0.5025888085365295,0.49741119146347046,0.5025888085365295,0.49741119146347046,0.7924985069040542,0.2075014930959458,0.9772241115570068,0.923281235477862,0.076718764522138,0.010445810473120987,0.6304138364475199,0.3695861635524801,0.09288513103753959,0.09424683426510116,0.09424683426510116,0.017489248886704445,0.005440469831228256,0.9057531657348988,0.09424683426510116,0.02529170736670494,0.0019329049391672015,455249
b2_cityscapes_val,2026-07-07 05:27:49,cityscapes,val,all,student_skd,/scratch/gautschi/manors/hf_cache/hub/models--nvidia--mit-b2/snapshots/3bb39e8739149c3777d0325349b2a6c32c6413db,runs/mit-b2_skd_j9196921/student_skd.ckpt,skd,img_000306,/home/manors/Guardrail-Distillation/data/cityscapes/leftImg8bit/val/lindau/lindau_000039_000019_leftImg8bit.png,,0.5802083522318051,0.4197916477681949,0.978731632232666,0.9840406775474548,0.06974933296442032,0.040874283760786057,0.151190847158432,0.9614633917808533,0.12548434734344482,-7.938590049743652,7.918975353240967,0.00407417444512248,0.02087106741964817,495806,8.023761009098962,7.422763766953722,16.328009747667238,0.745193515907697,0.254806484092303,150859,0.888100527268834,0.11189947273116596,58509,0.04130131006240845,0.00025846241624094546,29.44202200160362,0.025242220610380173,0.9747577793896198,0.046477362513542175,0.1810341477394104,0.008110481314361095,0.5020275712013245,0.49797242879867554,0.5098760724067688,0.5318045020103455,0.6364715099334717,0.5020275712013245,0.49797242879867554,0.5020275712013245,0.49797242879867554,0.6354336892840251,0.3645663107159749,0.9754944443702698,0.7071579483572061,0.29284205164279387,0.0,0.8987658632539814,0.10123413674601855,0.010665335985147406,0.05522533705221999,0.05522533705221999,0.004818417131900787,0.008055570535361767,0.94477466294778,0.05522533705221999,0.015132935717701912,0.0007482765358872712,472557
b2_cityscapes_val,2026-07-07 05:27:49,cityscapes,val,all,student_skd,/scratch/gautschi/manors/hf_cache/hub/models--nvidia--mit-b2/snapshots/3bb39e8739149c3777d0325349b2a6c32c6413db,runs/mit-b2_skd_j9196921/student_skd.ckpt,skd,img_000307,/home/manors/Guardrail-Distillation/data/cityscapes/leftImg8bit/val/lindau/lindau_000040_000019_leftImg8bit.png,,0.40264746777976124,0.5973525322202388,0.9921815395355225,0.9974683523178101,0.026293396949768066,0.006649813149124384,0.05212346091866493,0.9897323846817017,0.04707060754299164,-6.447537422180176,6.44453239440918,2.9649308999069035e-05,0.0032436344772577286,337276,8.023761009098962,7.422763766953722,16.328009747667238,1.0,0.0,12768,0.0,1.0,0,0.006796938367187977,9.933825640473515e-05,29.44202200160362,0.005658977199345827,0.9943410228006542,0.0029173230286687613,0.008842887356877327,-0.011309266090393066,0.49717268347740173,0.5028273165225983,0.4998578727245331,0.5023171901702881,0.6516586542129517,0.49717268347740173,0.5028273165225983,0.49717268347740173,0.5028273165225983,0.4881409895008394,0.5118590104991606,0.9967682361602783,1.0,0.0,0.0,0.0,1.0,0.0,0.08549352172107816,0.08549352172107816,0.00577272055670619,0.0011859723599627614,0.9145064782789218,0.08549352172107816,0.006967587396502495,0.00279000005684793,334939
b2_cityscapes_val,2026-07-07 05:27:49,cityscapes,val,all,student_skd,/scratch/gautschi/manors/hf_cache/hub/models--nvidia--mit-b2/snapshots/3bb39e8739149c3777d0325349b2a6c32c6413db,runs/mit-b2_skd_j9196921/student_skd.ckpt,skd,img_000308,/home/manors/Guardrail-Distillation/data/cityscapes/leftImg8bit/val/lindau/lindau_000041_000019_leftImg8bit.png,,0.5746584813422744,0.4253415186577256,0.9724277853965759,0.9750865697860718,0.08284951746463776,0.06460657715797424,0.1818385273218155,0.9420555830001831,0.17386482656002045,-8.250405311584473,8.220281600952148,0.003737095510587096,0.03134559467434883,495572,7.974541484145448,7.424212002661079,16.323724761605263,1.0,0.0,150859,0.49158113251066776,0.5084188674893322,52095,0.06526699662208557,0.0003333029744680971,29.442730505252257,0.02669764682650566,0.9733023531734943,0.08118206262588501,0.20204462110996246,0.0034151053987443447,0.5008537769317627,0.4991462230682373,0.5128259062767029,0.5308687686920166,0.6139578819274902,0.5008537769317627,0.4991462230682373,0.5008537769317627,0.4991462230682373,0.5365558069613767,0.4634441930386233,0.9763202667236328,1.0,0.0,0.0,0.3248760235266982,0.6751239764733018,0.0,0.0,0.0,0.010385978035628796,0.006493506487458944,1.0,0.0,0.018267778679728508,0.0005286819650791585,457851
b2_cityscapes_val,2026-07-07 05:27:49,cityscapes,val,all,student_skd,/scratch/gautschi/manors/hf_cache/hub/models--nvidia--mit-b2/snapshots/3bb39e8739149c3777d0325349b2a6c32c6413db,runs/mit-b2_skd_j9196921/student_skd.ckpt,skd,img_000309,/home/manors/Guardrail-Distillation/data/cityscapes/leftImg8bit/val/lindau/lindau_000042_000019_leftImg8bit.png,,0.4762784419675704,0.5237215580324296,0.9479132890701294,0.9731429219245911,0.08503198623657227,0.07042037695646286,0.1931619942188263,0.9371939301490784,0.19418245553970337,-7.903049468994141,7.870731830596924,0.0033713269513100386,0.03314727917313576,447005,7.974541484145448,7.424212002661079,16.323724761605263,0.509436537986534,0.490563462013466,128875,0.41344533587216076,0.5865546641278392,75514,0.0709482729434967,0.00032346005900762975,29.442730505252257,0.028135279193520546,0.9718647208064795,0.08200011402368546,0.21177689731121063,0.007434103172272444,0.5018584728240967,0.4981415271759033,0.5136512517929077,0.5346807241439819,0.5972669124603271,0.5018584728240967,0.4981415271759033,0.5018584728240967,0.4981415271759033,0.5325428868652784,0.4674571131347216,0.963038444519043,0.6516683639529876,0.34833163604701245,0.14223182596645356,0.514193775309045,0.485806224690955,0.10074843943688416,0.05626444489770799,0.05626444489770799,0.021028846502304077,0.005903737153857946,0.943735555102292,0.05626444489770799,0.028784912079572678,0.004997706972062588,408897
b2_cityscapes_val,2026-07-07 05:27:49,cityscapes,val,all,student_skd,/scratch/gautschi/manors/hf_cache/hub/models--nvidia--mit-b2/snapshots/3bb39e8739149c3777d0325349b2a6c32c6413db,runs/mit-b2_skd_j9196921/student_skd.ckpt,skd,img_000310,/home/manors/Guardrail-Distillation/data/cityscapes/leftImg8bit/val/lindau/lindau_000043_000019_leftImg8bit.png,,0.45245030142017256,0.5475496985798274,0.8853236436843872,0.9686486124992371,0.09033805876970291,0.07904289662837982,0.19010992348194122,0.9291035532951355,0.20589721202850342,-7.934811592102051,7.897183418273926,0.0030227270908653736,0.03882836177945137,485985,7.974541484145448,7.424212002661079,16.323724761605263,0.4054589997934386,0.5945410002065614,148752,0.9751835772096265,0.02481642279037355,18657,0.07966876029968262,0.0003871506196446717,29.442730505252257,0.031845852732658386,0.9681541472673416,0.1048705130815506,0.23521344363689423,0.008742859587073326,0.5021857023239136,0.4978142976760864,0.5186441540718079,0.5430716276168823,0.6312523484230042,0.5021857023239136,0.4978142976760864,0.5021857023239136,0.4978142976760864,0.48324474282712626,0.5167552571728737,0.8872393369674683,0.4194120556875154,0.5805879443124846,0.013953055894076805,0.9801683014418181,0.0198316985581819,0.004984724232191651,0.030794441406953643,0.030794441406953643,0.017646634951233864,0.01573093794286251,0.9692055585930464,0.030794441406953643,0.03798265382647514,0.001372470404021442,438733
b2_cityscapes_val,2026-07-07 05:27:49,cityscapes,val,all,student_skd,/scratch/gautschi/manors/hf_cache/hub/models--nvidia--mit-b2/snapshots/3bb39e8739149c3777d0325349b2a6c32c6413db,runs/mit-b2_skd_j9196921/student_skd.ckpt,skd,img_000311,/home/manors/Guardrail-Distillation/data/cityscapes/leftImg8bit/val/lindau/lindau_000044_000019_leftImg8bit.png,,0.5675337835784464,0.4324662164215536,0.9861720204353333,0.9888594150543213,0.05518006905913353,0.028519079089164734,0.11674237996339798,0.9705786108970642,0.10067770630121231,-6.7136616706848145,6.700351715087891,0.0009007729240693152,0.013279136270284653,309734,7.974541484145448,7.424212002661079,16.323724761605263,0.4976742022513722,0.5023257977486277,10749,0.9770264521134162,0.02297354788658379,79918,0.02877855859696865,0.00014588914928026497,29.442730505252257,0.011201019398868084,0.9887989806011319,0.0095143374055624,0.05558665841817856,-0.011031881906092167,0.4972420632839203,0.5027579367160797,0.5026010870933533,0.513977587223053,0.633306086063385,0.4972420632839203,0.5027579367160797,0.4972420632839203,0.5027579367160797,0.31635186423067774,0.6836481357693223,0.9886451363563538,1.0,0.0,0.5023257977486277,0.9870367126304462,0.012963287369553766,0.010010260517030023,0.0,0.0,0.005588666535913944,0.0031155766919255257,1.0,0.0,0.00906907208263874,0.0004197149828542024,299018
b2_cityscapes_val,2026-07-07 05:27:49,cityscapes,val,all,student_skd,/scratch/gautschi/manors/hf_cache/hub/models--nvidia--mit-b2/snapshots/3bb39e8739149c3777d0325349b2a6c32c6413db,runs/mit-b2_skd_j9196921/student_skd.ckpt,skd,img_000312,/home/manors/Guardrail-Distillation/data/cityscapes/leftImg8bit/val/lindau/lindau_000045_000019_leftImg8bit.png,,0.4806291169572055,0.5193708830427946,0.9349955916404724,0.9692825078964233,0.09098482877016068,0.07839963585138321,0.19475683569908142,0.9285207986831665,0.21575836837291718,-6.363335132598877,6.326221466064453,0.004295168910175562,0.03861576318740845,318963,7.9903199803084135,7.422776252496988,16.312641266267747,0.32962360342770364,0.6703763965722964,15365,0.0,1.0,0,0.07907456904649734,0.00039971922524273396,29.39959825016558,0.0411345399916172,0.9588654600083828,0.16342119872570038,0.27427831292152405,0.023501724004745483,0.5058751702308655,0.4941248297691345,0.5386465787887573,0.5657734274864197,0.5648896098136902,0.5058751702308655,0.4941248297691345,0.5058751702308655,0.4941248297691345,0.513900866066926,0.486099133933074,0.9442819356918335,0.4920598763423365,0.5079401236576635,0.16243627291463292,0.0,1.0,0.0,0.03327174910972053,0.03327174910972053,0.021206220611929893,0.011919877491891384,0.9667282508902795,0.03327174910972053,0.03623304143548012,0.005564908962696791,288804
b2_cityscapes_val,2026-07-07 05:27:49,cityscapes,val,all,student_skd,/scratch/gautschi/manors/hf_cache/hub/models--nvidia--mit-b2/snapshots/3bb39e8739149c3777d0325349b2a6c32c6413db,runs/mit-b2_skd_j9196921/student_skd.ckpt,skd,img_000313,/home/manors/Guardrail-Distillation/data/cityscapes/leftImg8bit/val/lindau/lindau_000046_000019_leftImg8bit.png,,0.4097965391258691,0.5902034608741309,0.9513824582099915,0.9614474177360535,0.09959449619054794,0.09582559019327164,0.2059689611196518,0.9147588014602661,0.2469555288553238,-6.063733100891113,6.017366409301758,0.0037236229982227087,0.04951447248458862,308839,7.9903199803084135,7.422776252496988,16.312641266267747,0.31459518529232156,0.6854048147076784,10371,0.3178130774861239,0.6821869225138761,1308,0.09668987989425659,0.0005072453641332686,29.39959825016558,0.05754724144935608,0.9424527585506439,0.2319931536912918,0.3100450038909912,0.03886853903532028,0.5097159147262573,0.4902840852737427,0.5499448776245117,0.5700188279151917,0.5862143039703369,0.5097159147262573,0.4902840852737427,0.5097159147262573,0.4902840852737427,0.43412288160410184,0.5658771183958982,0.956323504447937,0.49826439109054094,0.5017356089094591,0.18366920579821933,0.3521428081643848,0.6478571918356152,0.03432973067826095,0.024326342478232732,0.024326342478232732,0.015827016904950142,0.010885930620133877,0.9756736575217673,0.024326342478232732,0.027580713853240013,0.0008321487694047391,272041
b2_cityscapes_val,2026-07-07 05:27:49,cityscapes,val,all,student_skd,/scratch/gautschi/manors/hf_cache/hub/models--nvidia--mit-b2/snapshots/3bb39e8739149c3777d0325349b2a6c32c6413db,runs/mit-b2_skd_j9196921/student_skd.ckpt,skd,img_000314,/home/manors/Guardrail-Distillation/data/cityscapes/leftImg8bit/val/lindau/lindau_000047_000019_leftImg8bit.png,,0.5490684149301318,0.4509315850698682,0.9693871736526489,0.9677537679672241,0.09264210611581802,0.08076111227273941,0.1940748542547226,0.9230849742889404,0.24191690981388092,-5.999936580657959,5.9610915184021,0.0030277841724455357,0.040992025285959244,316403,7.9903199803084135,7.422776252496988,16.312641266267747,0.4521559568879675,0.5478440431120325,17097,0.547825726884079,0.45217427311592095,4600,0.08148662000894547,0.00047958362847566605,29.39959825016558,0.057692840695381165,0.9423071593046188,0.18070828914642334,0.2761632204055786,0.05046089366078377,0.512612521648407,0.487387478351593,0.5392487049102783,0.5653520226478577,0.5540149807929993,0.512612521648407,0.487387478351593,0.512612521648407,0.487387478351593,0.43984579176652244,0.5601542082334776,0.9581862688064575,0.2719392123287671,0.7280607876712328,0.0,0.4970285433981738,0.5029714566018262,0.0,0.0,0.0,0.011219868436455727,0.022420773282647133,1.0,0.0,0.03584352880716324,0.0008975894888862967,284304
b2_cityscapes_val,2026-07-07 05:27:49,cityscapes,val,all,student_skd,/scratch/gautschi/manors/hf_cache/hub/models--nvidia--mit-b2/snapshots/3bb39e8739149c3777d0325349b2a6c32c6413db,runs/mit-b2_skd_j9196921/student_skd.ckpt,skd,img_000315,/home/manors/Guardrail-Distillation/data/cityscapes/leftImg8bit/val/lindau/lindau_000048_000019_leftImg8bit.png,,0.565919640651226,0.434080359348774,0.964040219783783,0.9698525071144104,0.08926241844892502,0.07701742649078369,0.19218942523002625,0.929585337638855,0.21948952972888947,-6.005462646484375,5.969211101531982,0.0035076579079031944,0.0374087318778038,318161,7.9903199803084135,7.422776252496988,16.312641266267747,0.4706912637501494,0.5293087362498505,14227,0.9770791463297923,0.022920853670207686,20898,0.07768146693706512,0.00038867132388986647,29.39959825016558,0.04440801963210106,0.9555919803678989,0.18428631126880646,0.2928643226623535,0.024287015199661255,0.5060714483261108,0.49392855167388916,0.5368127226829529,0.561417818069458,0.6138096451759338,0.5060714483261108,0.49392855167388916,0.5060714483261108,0.49392855167388916,0.45520760021419143,0.5447923997858086,0.9724133014678955,0.5661045707381657,0.43389542926183433,0.0954133069880162,0.9880849842090152,0.011915015790984751,0.011005837879222935,0.0,0.0,0.013546600006520748,0.005173481069505215,1.0,0.0,0.019367553293704987,0.0005374636966735125,288735
b2_cityscapes_val,2026-07-07 05:27:50,cityscapes,val,all,student_skd,/scratch/gautschi/manors/hf_cache/hub/models--nvidia--mit-b2/snapshots/3bb39e8739149c3777d0325349b2a6c32c6413db,runs/mit-b2_skd_j9196921/student_skd.ckpt,skd,img_000316,/home/manors/Guardrail-Distillation/data/cityscapes/leftImg8bit/val/lindau/lindau_000049_000019_leftImg8bit.png,,0.5295951618724642,0.47040483812753575,0.9898987412452698,0.9905371069908142,0.05382271483540535,0.02476268634200096,0.12081882357597351,0.9752137064933777,0.08962560445070267,-5.986595630645752,5.975013256072998,0.001781986909918487,0.012759292498230934,301349,8.021676010685042,7.425135263474658,16.308684746036306,0.493006993006993,0.506993006993007,2574,0.4635416666666667,0.5364583333333333,384,0.024988356977701187,0.00010356364509789273,29.439003759762272,0.008830228820443153,0.9911697711795568,0.005349493585526943,0.0275273397564888,-0.01323198713362217,0.496692031621933,0.503307968378067,0.49886804819107056,0.5095767974853516,0.6366296410560608,0.496692031621933,0.503307968378067,0.496692031621933,0.503307968378067,0.5959662243289623,0.4040337756710377,0.9928321838378906,1.0,0.0,0.506993006993007,0.9739583333333334,0.02604166666666663,0.5104166666666666,0.06637106245649804,0.06637106245649804,0.004705507308244705,0.0017720317700877786,0.933628937543502,0.06637106245649804,0.00655386270955205,0.00012941804016008973,293188
b2_cityscapes_val,2026-07-07 05:27:50,cityscapes,val,all,student_skd,/scratch/gautschi/manors/hf_cache/hub/models--nvidia--mit-b2/snapshots/3bb39e8739149c3777d0325349b2a6c32c6413db,runs/mit-b2_skd_j9196921/student_skd.ckpt,skd,img_000317,/home/manors/Guardrail-Distillation/data/cityscapes/leftImg8bit/val/lindau/lindau_000050_000019_leftImg8bit.png,,0.4008498136004748,0.5991501863995252,0.9190095663070679,0.9757112264633179,0.080140620470047,0.06483606994152069,0.1796702742576599,0.9403144121170044,0.18862934410572052,-5.9674224853515625,5.938246250152588,0.0037917261943221092,0.027843721210956573,335731,8.021676010685042,7.425135263474658,16.308684746036306,0.2132498352010547,0.7867501647989453,24970,0.6732283464566929,0.32677165354330706,508,0.06535853445529938,0.00031927114468999207,29.439003759762272,0.038167860358953476,0.9618321396410465,0.12186713516712189,0.32331591844558716,0.018206557258963585,0.5045515298843384,0.4954484701156616,0.5260420441627502,0.5660570859909058,0.6098560690879822,0.5045515298843384,0.4954484701156616,0.5045515298843384,0.4954484701156616,0.33582168471887397,0.664178315281126,0.9168590307235718,0.10640162595296267,0.8935983740470373,0.0,0.8090551181102362,0.19094488188976377,0.1358267716535433,0.0,0.0,0.007890245877206326,0.010040776804089546,1.0,0.0,0.04480670765042305,0.0013731231447309256,310042
b2_cityscapes_val,2026-07-07 05:27:50,cityscapes,val,all,student_skd,/scratch/gautschi/manors/hf_cache/hub/models--nvidia--mit-b2/snapshots/3bb39e8739149c3777d0325349b2a6c32c6413db,runs/mit-b2_skd_j9196921/student_skd.ckpt,skd,img_000318,/home/manors/Guardrail-Distillation/data/cityscapes/leftImg8bit/val/lindau/lindau_000051_000019_leftImg8bit.png,,0.3576692456002867,0.6423307543997133,0.8270371556282043,0.9389833211898804,0.12765274941921234,0.15485318005084991,0.2771280109882355,0.871685266494751,0.36798620223999023,-6.295563220977783,6.220229148864746,0.014343991875648499,0.08341633528470993,273076,8.021676010685042,7.425135263474658,16.308684746036306,0.3066285169289461,0.6933714830710539,2097,0.5971211508586018,0.40287884914139815,30320,0.15618914365768433,0.0008017216459847987,29.439003759762272,0.07354363054037094,0.9264563694596291,0.2997903823852539,0.4144642949104309,0.05558972805738449,0.5138938426971436,0.48610615730285645,0.5692595839500427,0.6069414615631104,0.5873404145240784,0.5138938426971436,0.48610615730285645,0.5138938426971436,0.48610615730285645,0.301639426615045,0.6983605733849549,0.8645944595336914,0.1622953425528533,0.8377046574471467,0.0,0.5657339946080113,0.4342660053919887,0.0,0.0,0.0,0.05523737147450447,0.017680060118436813,1.0,0.0,0.07992646843194962,0.009799470193684101,223573
b2_cityscapes_val,2026-07-07 05:27:50,cityscapes,val,all,student_skd,/scratch/gautschi/manors/hf_cache/hub/models--nvidia--mit-b2/snapshots/3bb39e8739149c3777d0325349b2a6c32c6413db,runs/mit-b2_skd_j9196921/student_skd.ckpt,skd,img_000319,/home/manors/Guardrail-Distillation/data/cityscapes/leftImg8bit/val/lindau/lindau_000052_000019_leftImg8bit.png,,0.4203267056753769,0.5796732943246231,0.8471238613128662,0.990288257598877,0.0528922975063324,0.026505501940846443,0.12408147007226944,0.9734886884689331,0.09611690044403076,-6.1787238121032715,6.166991710662842,0.0014702777843922377,0.011991498060524464,274778,8.021676010685042,7.425135263474658,16.308684746036306,0.0,1.0,0,0.49319726425608673,0.5068027357439133,4087,0.026811296120285988,0.00018994756101164967,29.439003759762272,0.009336759336292744,0.9906632406637073,0.0037332959473133087,0.027484368532896042,-0.010524946264922619,0.49736878275871277,0.5026312172412872,0.5001790523529053,0.5132142901420593,0.6311933994293213,0.49736878275871277,0.5026312172412872,0.49736878275871277,0.5026312172412872,0.5327595169665762,0.4672404830334238,0.8516693115234375,0.0,1.0,0.0,0.7751307173547239,0.22486928264527606,0.28193345309863727,0.11243281129119931,0.11243281129119931,0.006303269881755114,0.0017577826511114836,0.8875671887088007,0.11243281129119931,0.010335615836083889,0.0008261214243248105,266620
b2_cityscapes_val,2026-07-07 05:27:50,cityscapes,val,all,student_skd,/scratch/gautschi/manors/hf_cache/hub/models--nvidia--mit-b2/snapshots/3bb39e8739149c3777d0325349b2a6c32c6413db,runs/mit-b2_skd_j9196921/student_skd.ckpt,skd,img_000320,/home/manors/Guardrail-Distillation/data/cityscapes/leftImg8bit/val/lindau/lindau_000053_000019_leftImg8bit.png,,0.5493059166772398,0.4506940833227602,0.9723188281059265,0.9785586595535278,0.08191486448049545,0.05743627995252609,0.18963266909122467,0.9469114542007446,0.17856568098068237,-7.50585412979126,7.47921085357666,0.006380577106028795,0.029327642172574997,365014,7.9838034871499985,7.417146989610046,16.282385011436418,0.9738283421398922,0.026171657860107778,26838,0.48672047461368656,0.5132795253863134,14762,0.05828377604484558,0.0004135259077884257,29.3987512413878,0.026085397228598595,0.9739146027714014,0.04176664724946022,0.2057708352804184,0.005294532049447298,0.5013236403465271,0.4986763596534729,0.5065500736236572,0.5304996371269226,0.6320293545722961,0.5013236403465271,0.4986763596534729,0.5013236403465271,0.4986763596534729,0.6935057400092978,0.30649425999070223,0.9572125673294067,0.9814396227104267,0.01856037728957327,0.007611280570534507,0.8180478099221564,0.18195219007784358,0.3313273353084698,0.14419982333205794,0.14419982333205794,0.007509300950914621,0.022615570574998856,0.8558001766679421,0.14419982333205794,0.034637026488780975,0.0005588826606981456,342642
b2_cityscapes_val,2026-07-07 05:27:50,cityscapes,val,all,student_skd,/scratch/gautschi/manors/hf_cache/hub/models--nvidia--mit-b2/snapshots/3bb39e8739149c3777d0325349b2a6c32c6413db,runs/mit-b2_skd_j9196921/student_skd.ckpt,skd,img_000321,/home/manors/Guardrail-Distillation/data/cityscapes/leftImg8bit/val/lindau/lindau_000054_000019_leftImg8bit.png,,0.5206885291262568,0.47931147087374315,0.8780337572097778,0.9723473787307739,0.08620589971542358,0.06808721274137497,0.18040359020233154,0.9408500790596008,0.1669549196958542,-8.321695327758789,8.288411140441895,0.002471765736117959,0.03486287221312523,491956,7.9838034871499985,7.417146989610046,16.282385011436418,0.38941992191384006,0.6105800780861599,150859,0.2925603456394086,0.7074396543605914,2819,0.06872786581516266,0.00046293469495140016,29.3987512413878,0.0321931354701519,0.9678068645298481,0.11130814254283905,0.23763082921504974,0.00771656958386302,0.5019291043281555,0.4980708956718445,0.5162312984466553,0.5434143543243408,0.5896512269973755,0.5019291043281555,0.4980708956718445,0.5019291043281555,0.4980708956718445,0.5641500317091055,0.4358499682908945,0.892246425151825,0.4162858967863834,0.5837141032136166,0.026865974872543275,0.24629712746858168,0.7537028725314183,0.0,0.04346150258284864,0.04346150258284864,0.026449518278241158,0.012236866168677807,0.9565384974171514,0.04346150258284864,0.040560536086559296,0.006638804916292429,449384
b2_cityscapes_val,2026-07-07 05:27:50,cityscapes,val,all,student_skd,/scratch/gautschi/manors/hf_cache/hub/models--nvidia--mit-b2/snapshots/3bb39e8739149c3777d0325349b2a6c32c6413db,runs/mit-b2_skd_j9196921/student_skd.ckpt,skd,img_000322,/home/manors/Guardrail-Distillation/data/cityscapes/leftImg8bit/val/lindau/lindau_000055_000019_leftImg8bit.png,,0.42484807648053985,0.5751519235194602,0.9351797103881836,0.9534929394721985,0.11596953868865967,0.11802744120359421,0.25883761048316956,0.9017107486724854,0.29760706424713135,-6.7261199951171875,6.668413162231445,0.010514071211218834,0.06667778640985489,443596,7.9838034871499985,7.417146989610046,16.282385011436418,0.3280132439104442,0.6719867560895558,150859,0.3101116990005879,0.6898883009994121,11491,0.11887464672327042,0.0005894803907722235,29.3987512413878,0.04965795576572418,0.9503420442342758,0.19871112704277039,0.31996244192123413,0.032849472016096115,0.508211612701416,0.491788387298584,0.5422351956367493,0.5757473111152649,0.6072561740875244,0.508211612701416,0.491788387298584,0.508211612701416,0.491788387298584,0.4517886064516879,0.5482113935483122,0.9547132253646851,0.8741099056484898,0.12589009435151022,0.5460966617380456,0.23935185185185184,0.7606481481481482,0.0,0.02694052997114804,0.02694052997114804,0.04125826060771942,0.021724721416831017,0.973059470028852,0.02694052997114804,0.06492619216442108,0.0035392562858760357,381864
b2_cityscapes_val,2026-07-07 05:27:50,cityscapes,val,all,student_skd,/scratch/gautschi/manors/hf_cache/hub/models--nvidia--mit-b2/snapshots/3bb39e8739149c3777d0325349b2a6c32c6413db,runs/mit-b2_skd_j9196921/student_skd.ckpt,skd,img_000323,/home/manors/Guardrail-Distillation/data/cityscapes/leftImg8bit/val/lindau/lindau_000056_000019_leftImg8bit.png,,0.6271923019497604,0.3728076980502396,0.9549195766448975,0.966781735420227,0.10057228058576584,0.08390142023563385,0.22437000274658203,0.9288265705108643,0.2157021462917328,-7.804508686065674,7.763217926025391,0.007526093162596226,0.04794713109731674,473021,7.9838034871499985,7.417146989610046,16.282385011436418,0.911120218215329,0.08887978178467104,150859,0.9266649720386375,0.07333502796136249,7868,0.08456050604581833,0.0004426889936439693,29.3987512413878,0.034098975360393524,0.9659010246396065,0.12185770273208618,0.27714934945106506,0.019298376515507698,0.5048244595527649,0.4951755404472351,0.5240012407302856,0.5618576407432556,0.6197120547294617,0.5048244595527649,0.4951755404472351,0.5048244595527649,0.4951755404472351,0.6102318055880341,0.38976819441196586,0.9498605728149414,0.9164616544679659,0.0835383455320341,0.005341436252636944,0.4616166751398068,0.5383833248601932,0.0,0.0,0.0,0.013551196083426476,0.018610168248414993,1.0,0.0,0.03440016508102417,0.0005686851218342781,426865
b2_cityscapes_val,2026-07-07 05:27:50,cityscapes,val,all,student_skd,/scratch/gautschi/manors/hf_cache/hub/models--nvidia--mit-b2/snapshots/3bb39e8739149c3777d0325349b2a6c32c6413db,runs/mit-b2_skd_j9196921/student_skd.ckpt,skd,img_000324,/home/manors/Guardrail-Distillation/data/cityscapes/leftImg8bit/val/lindau/lindau_000057_000019_leftImg8bit.png,,0.5948978293802255,0.4051021706197745,0.9066229462623596,0.9603772759437561,0.10390080511569977,0.1031215563416481,0.23149079084396362,0.9112679958343506,0.26090437173843384,-8.326507568359375,8.278166770935059,0.007175246719270945,0.051931560039520264,455176,7.979167276062071,7.423474744427949,16.30762923741713,0.6719568370661575,0.3280431629338425,150859,0.7949098778790634,0.20509012212093658,23346,0.1041836366057396,0.0006312268087640405,29.411134513793513,0.04955338314175606,0.9504466168582439,0.20068296790122986,0.33571577072143555,0.025269698351621628,0.5063170790672302,0.4936829209327698,0.5363203883171082,0.567878007888794,0.5722329020500183,0.5063170790672302,0.4936829209327698,0.5063170790672302,0.4936829209327698,0.596906435685754,0.40309356431424603,0.9343067407608032,0.9739325749504966,0.026067425049503434,0.30197573788433907,0.6674056262240331,0.3325943737759669,0.0,0.0020086063055284598,0.0020086063055284598,0.04013392701745033,0.012450129725039005,0.9979913936944715,0.0020086063055284598,0.05696258321404457,0.022055204957723618,401046
b2_cityscapes_val,2026-07-07 05:27:50,cityscapes,val,all,student_skd,/scratch/gautschi/manors/hf_cache/hub/models--nvidia--mit-b2/snapshots/3bb39e8739149c3777d0325349b2a6c32c6413db,runs/mit-b2_skd_j9196921/student_skd.ckpt,skd,img_000325,/home/manors/Guardrail-Distillation/data/cityscapes/leftImg8bit/val/lindau/lindau_000058_000019_leftImg8bit.png,,0.46363877891350824,0.5363612210864918,0.9788925051689148,0.9897159337997437,0.0538167767226696,0.026220068335533142,0.1138453483581543,0.9731649160385132,0.09078723192214966,-7.36077356338501,7.34841775894165,0.0007366437348537147,0.013053820468485355,485988,7.979167276062071,7.423474744427949,16.30762923741713,0.9327048266090807,0.06729517339091928,147841,0.9578863726658721,0.042113627334127934,2517,0.026512987911701202,0.0001452972792321816,29.411134513793513,0.014480364508926868,0.9855196354910731,0.015613948926329613,0.09401161223649979,-0.004697619006037712,0.4988255798816681,0.5011744201183319,0.5027917623519897,0.5132154226303101,0.63493812084198,0.4988255798816681,0.5011744201183319,0.4988255798816681,0.5011744201183319,0.5606347252723839,0.4393652747276161,0.9780550003051758,0.8999559414320619,0.10004405856793808,0.0,0.9483512117600318,0.05164878823996821,0.0,0.09699594635887565,0.09699594635887565,0.0028827872592955828,0.0037202564999461174,0.9030040536411243,0.09699594635887565,0.006891116965562105,0.00019136274931952357,471091
b2_cityscapes_val,2026-07-07 05:27:50,cityscapes,val,all,student_skd,/scratch/gautschi/manors/hf_cache/hub/models--nvidia--mit-b2/snapshots/3bb39e8739149c3777d0325349b2a6c32c6413db,runs/mit-b2_skd_j9196921/student_skd.ckpt,skd,img_000326,/home/manors/Guardrail-Distillation/data/cityscapes/leftImg8bit/val/munster/munster_000000_000019_leftImg8bit.png,,0.6610915680983338,0.3389084319016662,0.9545084834098816,0.9682862758636475,0.09400064498186111,0.08184405416250229,0.2077433466911316,0.9280406832695007,0.21769361197948456,-8.474475860595703,8.435857772827148,0.00548792677000165,0.04144894331693649,483607,7.979167276062071,7.423474744427949,16.30762923741713,0.9051692325434891,0.09483076745651087,150859,0.491085847660762,0.508914152339238,35630,0.08288510143756866,0.0006887259660288692,29.411134513793513,0.034526657313108444,0.9654733426868916,0.12219318002462387,0.2622850239276886,0.004309213254600763,0.5010772943496704,0.4989227056503296,0.5135928392410278,0.5336594581604004,0.5992411375045776,0.5010772943496704,0.4989227056503296,0.5010772943496704,0.4989227056503296,0.6646762614676045,0.3353237385323955,0.9648164510726929,0.9084620927780159,0.09153790722198407,0.0032928602345267954,0.5348889379954258,0.4651110620045742,0.043803090334663786,0.0035846933692706973,0.0035846933692706973,0.018668049946427345,0.008360093459486961,0.9964153066307293,0.0035846933692706973,0.028543837368488312,0.001604608609341085,437090
b2_cityscapes_val,2026-07-07 05:27:50,cityscapes,val,all,student_skd,/scratch/gautschi/manors/hf_cache/hub/models--nvidia--mit-b2/snapshots/3bb39e8739149c3777d0325349b2a6c32c6413db,runs/mit-b2_skd_j9196921/student_skd.ckpt,skd,img_000327,/home/manors/Guardrail-Distillation/data/cityscapes/leftImg8bit/val/munster/munster_000001_000019_leftImg8bit.png,,0.5934494935449682,0.40655050645503177,0.9841752052307129,0.9861275553703308,0.06375780701637268,0.03536803647875786,0.13659429550170898,0.9664186239242554,0.1067628264427185,-8.563422203063965,8.546574592590332,0.0021534052211791277,0.018351640552282333,492708,7.979167276062071,7.423474744427949,16.30762923741713,0.9448017157693529,0.0551982842306471,150859,0.9308013163369768,0.06919868366302317,55404,0.03579486161470413,0.00023895851336419582,29.411134513793513,0.01455830130726099,0.985441698692739,0.011968741193413734,0.08088111132383347,-0.00978104304522276,0.497554749250412,0.502445250749588,0.502966046333313,0.5093738436698914,0.6289874315261841,0.497554749250412,0.502445250749588,0.497554749250412,0.502445250749588,0.6634532473624049,0.33654675263759515,0.9859145879745483,0.9483710661187787,0.05162893388122125,0.0035693503494258483,0.9529871144657923,0.04701288553420768,0.022185798128815493,0.07000375381743662,0.07000375381743662,0.00478985533118248,0.003050488419830799,0.9299962461825634,0.07000375381743662,0.00829700380563736,0.00020295997092034668,472503
b2_cityscapes_val,2026-07-07 05:27:51,cityscapes,val,all,student_skd,/scratch/gautschi/manors/hf_cache/hub/models--nvidia--mit-b2/snapshots/3bb39e8739149c3777d0325349b2a6c32c6413db,runs/mit-b2_skd_j9196921/student_skd.ckpt,skd,img_000328,/home/manors/Guardrail-Distillation/data/cityscapes/leftImg8bit/val/munster/munster_000002_000019_leftImg8bit.png,,0.6384187354613317,0.36158126453866835,0.9648498296737671,0.9750019907951355,0.08274926245212555,0.06498261541128159,0.1806323379278183,0.9402921199798584,0.18349482119083405,-8.103601455688477,8.07343578338623,0.003232901217415929,0.03209374099969864,476043,7.992219238076359,7.421238493407145,16.284593235468492,0.9677184513188827,0.03228154868111732,147259,0.44080149355944837,0.5591985064405516,7142,0.06558991223573685,0.0003789128386415541,29.425993241602555,0.028737463057041168,0.9712625369429588,0.08562548458576202,0.22144798934459686,0.004903395660221577,0.5012258291244507,0.4987741708755493,0.5129618644714355,0.5352563261985779,0.6122342944145203,0.5012258291244507,0.4987741708755493,0.5012258291244507,0.4987741708755493,0.6567773915659583,0.34322260843404173,0.9677718281745911,0.9774461696385686,0.022553830361431437,0.009727718319685885,0.5193624029749022,0.4806375970250978,0.0785609094154538,0.018358656104626614,0.018358656104626614,0.014097466133534908,0.011175461113452911,0.9816413438953734,0.018358656104626614,0.026882026344537735,0.002684631384909153,440051
b2_cityscapes_val,2026-07-07 05:27:51,cityscapes,val,all,student_skd,/scratch/gautschi/manors/hf_cache/hub/models--nvidia--mit-b2/snapshots/3bb39e8739149c3777d0325349b2a6c32c6413db,runs/mit-b2_skd_j9196921/student_skd.ckpt,skd,img_000329,/home/manors/Guardrail-Distillation/data/cityscapes/leftImg8bit/val/munster/munster_000003_000019_leftImg8bit.png,,0.6498927059886658,0.3501072940113342,0.9645851850509644,0.97309410572052,0.0907023698091507,0.07017923146486282,0.20797528326511383,0.9406715035438538,0.1814660131931305,-7.956908702850342,7.923492908477783,0.007308978121727705,0.035765647888183594,490219,7.992219238076359,7.421238493407145,16.284593235468492,1.0,0.0,150859,0.7585081109719137,0.24149188902808627,15380,0.07092901319265366,0.0005389276193454862,29.425993241602555,0.028827425092458725,0.9711725749075413,0.07743556052446365,0.2441721260547638,0.002744651399552822,0.5006861686706543,0.4993138313293457,0.5102133750915527,0.5373404026031494,0.6147409677505493,0.5006861686706543,0.4993138313293457,0.5006861686706543,0.4993138313293457,0.6239057780871115,0.37609422191288855,0.9697951078414917,1.0,0.0,0.0,0.7314143909428205,0.26858560905717954,0.0,0.0,0.0,0.010827813297510147,0.005617897026240826,1.0,0.0,0.019219979643821716,0.0007547646528109908,450842
b2_cityscapes_val,2026-07-07 05:27:51,cityscapes,val,all,student_skd,/scratch/gautschi/manors/hf_cache/hub/models--nvidia--mit-b2/snapshots/3bb39e8739149c3777d0325349b2a6c32c6413db,runs/mit-b2_skd_j9196921/student_skd.ckpt,skd,img_000330,/home/manors/Guardrail-Distillation/data/cityscapes/leftImg8bit/val/munster/munster_000004_000019_leftImg8bit.png,,0.6479780983977913,0.3520219016022087,0.9558511972427368,0.9692890048027039,0.09406383335590363,0.07995729148387909,0.20868989825248718,0.9283924102783203,0.2206892967224121,-7.738205909729004,7.700528621673584,0.006813542451709509,0.04016263782978058,488439,7.992219238076359,7.421238493407145,16.284593235468492,0.8687598074384597,0.1312401925615403,150859,0.6673133592907252,0.3326866407092748,5684,0.08090361952781677,0.0005368627025745809,29.425993241602555,0.031412892043590546,0.9685871079564095,0.10761682689189911,0.23100300133228302,0.006949532777070999,0.5017373561859131,0.4982626438140869,0.5179705619812012,0.5425048470497131,0.5869929194450378,0.5017373561859131,0.4982626438140869,0.5017373561859131,0.4982626438140869,0.640203344101003,0.359796655898997,0.9698303937911987,0.9415527671980377,0.05844723280196229,0.072792959759578,0.6162772143744618,0.3837227856255382,0.0,0.0,0.0,0.024062369018793106,0.01008314173668623,1.0,0.0,0.03561345487833023,0.005957755260169506,443596
b2_cityscapes_val,2026-07-07 05:27:51,cityscapes,val,all,student_skd,/scratch/gautschi/manors/hf_cache/hub/models--nvidia--mit-b2/snapshots/3bb39e8739149c3777d0325349b2a6c32c6413db,runs/mit-b2_skd_j9196921/student_skd.ckpt,skd,img_000331,/home/manors/Guardrail-Distillation/data/cityscapes/leftImg8bit/val/munster/munster_000005_000019_leftImg8bit.png,,0.6312484208230068,0.3687515791769932,0.939857542514801,0.9671000838279724,0.09471036493778229,0.0870223119854927,0.21168184280395508,0.9228087663650513,0.23192717134952545,-8.020129203796387,7.980143070220947,0.006126361899077892,0.04130253940820694,486096,7.992219238076359,7.421238493407145,16.284593235468492,0.480698344062633,0.519301655937367,150859,0.6769399694598106,0.3230600305401894,5209,0.08782100677490234,0.000497846573125571,29.425993241602555,0.03690503537654877,0.9630949646234512,0.13157996535301208,0.270647257566452,0.011607700958848,0.5029019117355347,0.49709808826446533,0.5214481353759766,0.5419412851333618,0.6066834926605225,0.5029019117355347,0.49709808826446533,0.5029019117355347,0.49709808826446533,0.58891849105265,0.41108150894734996,0.9381541609764099,0.6359378916705016,0.36406210832949837,0.15523954760786862,0.44271348244126774,0.5572865175587323,0.0,0.0,0.0,0.011318751610815525,0.013022119179368019,1.0,0.0,0.027445195242762566,0.0007961390074342489,438076
b2_cityscapes_val,2026-07-07 05:27:51,cityscapes,val,all,student_skd,/scratch/gautschi/manors/hf_cache/hub/models--nvidia--mit-b2/snapshots/3bb39e8739149c3777d0325349b2a6c32c6413db,runs/mit-b2_skd_j9196921/student_skd.ckpt,skd,img_000332,/home/manors/Guardrail-Distillation/data/cityscapes/leftImg8bit/val/munster/munster_000006_000019_leftImg8bit.png,,0.7313336669696943,0.26866633303030574,0.952933132648468,0.9619632363319397,0.10927616059780121,0.0981675535440445,0.24889852106571198,0.9205116629600525,0.23418483138084412,-7.976219654083252,7.928321838378906,0.013062574900686741,0.05452350899577141,447385,7.985725271282718,7.419999776175246,16.28678000997752,0.869381774319595,0.13061822568040504,139691,0.8632385824192497,0.13676141758075033,11598,0.09917303919792175,0.0005504092550836504,29.444381245411932,0.0452975258231163,0.9547024741768837,0.16935355961322784,0.3630877733230591,0.02620149403810501,0.5065500140190125,0.49344998598098755,0.5270572304725647,0.5760524272918701,0.6058407425880432,0.5065500140190125,0.49344998598098755,0.5065500140190125,0.49344998598098755,0.7936520599744702,0.2063479400255298,0.9631882905960083,0.7995429916185242,0.20045700838147584,0.0,0.9565170046109384,0.04348299538906164,0.09327842219168869,0.06231839300477593,0.06231839300477593,0.0205125343054533,0.010257384739816189,0.9376816069952241,0.06231839300477593,0.03386792168021202,0.001388066215440631,398801
b2_cityscapes_val,2026-07-07 05:27:51,cityscapes,val,all,student_skd,/scratch/gautschi/manors/hf_cache/hub/models--nvidia--mit-b2/snapshots/3bb39e8739149c3777d0325349b2a6c32c6413db,runs/mit-b2_skd_j9196921/student_skd.ckpt,skd,img_000333,/home/manors/Guardrail-Distillation/data/cityscapes/leftImg8bit/val/munster/munster_000007_000019_leftImg8bit.png,,0.6401215779766026,0.35987842202339737,0.94402015209198,0.9578846096992493,0.1135939434170723,0.10520219057798386,0.24852462112903595,0.9141049385070801,0.24890664219856262,-7.848650932312012,7.795906066894531,0.011922074481844902,0.06255386769771576,486157,7.985725271282718,7.419999776175246,16.28678000997752,0.9746779439009827,0.025322056099017276,150859,0.6132234209646396,0.38677657903536045,29855,0.1061774492263794,0.0006494568078778684,29.444381245411932,0.04307302087545395,0.956926979124546,0.1762578785419464,0.3190213143825531,0.020881829783320427,0.5052202343940735,0.4947797656059265,0.5295913815498352,0.5676806569099426,0.6061090230941772,0.5052202343940735,0.4947797656059265,0.5052202343940735,0.4947797656059265,0.6649792775236254,0.3350207224763746,0.9519352912902832,0.9823485583531409,0.017651441646859056,0.00767061445215822,0.635243981832254,0.36475601816774605,0.02202056086761439,0.02485769954702277,0.02485769954702277,0.021797485649585724,0.013882346451282501,0.9751423004529772,0.02485769954702277,0.0406494215130806,0.0006499958108179271,427497
b2_cityscapes_val,2026-07-07 05:27:51,cityscapes,val,all,student_skd,/scratch/gautschi/manors/hf_cache/hub/models--nvidia--mit-b2/snapshots/3bb39e8739149c3777d0325349b2a6c32c6413db,runs/mit-b2_skd_j9196921/student_skd.ckpt,skd,img_000334,/home/manors/Guardrail-Distillation/data/cityscapes/leftImg8bit/val/munster/munster_000008_000019_leftImg8bit.png,,0.7288738139679132,0.2711261860320868,0.9749782681465149,0.9797005653381348,0.07396911829710007,0.05134637653827667,0.15531407296657562,0.9517727494239807,0.14611101150512695,-8.586127281188965,8.561785697937012,0.0019616575445979834,0.024807175621390343,493970,7.985725271282718,7.419999776175246,16.28678000997752,0.9697301357807504,0.030269864219249598,150859,0.4963984929078014,0.5036015070921986,108288,0.051900412887334824,0.00031058641616255045,29.444381245411932,0.019642449915409088,0.9803575500845909,0.03667761757969856,0.14468322694301605,-0.002536103129386902,0.49936601519584656,0.5006339848041534,0.5060467720031738,0.5186424255371094,0.6096483469009399,0.49936601519584656,0.5006339848041534,0.49936601519584656,0.5006339848041534,0.7454112855862323,0.25458871441376774,0.9822438955307007,0.9709794167915042,0.029020583208495765,0.0012492810107538332,0.989204713356974,0.01079528664302598,0.49280622044917266,0.01653747161831909,0.01653747161831909,0.011227402836084366,0.003961779177188873,0.9834625283816809,0.01653747161831909,0.016069801524281502,0.0006862765294499695,463107
b2_cityscapes_val,2026-07-07 05:27:51,cityscapes,val,all,student_skd,/scratch/gautschi/manors/hf_cache/hub/models--nvidia--mit-b2/snapshots/3bb39e8739149c3777d0325349b2a6c32c6413db,runs/mit-b2_skd_j9196921/student_skd.ckpt,skd,img_000335,/home/manors/Guardrail-Distillation/data/cityscapes/leftImg8bit/val/munster/munster_000009_000019_leftImg8bit.png,,0.6278333635385119,0.37216663646148807,0.9612030982971191,0.9680284857749939,0.09625569730997086,0.08095178008079529,0.21210642158985138,0.9323732256889343,0.19405946135520935,-8.408308029174805,8.36904239654541,0.005983333569020033,0.043901193886995316,469805,7.985725271282718,7.419999776175246,16.28678000997752,0.948037416078793,0.051962583921207006,150859,0.6628630445748139,0.33713695542518607,119696,0.08170927315950394,0.0004769615479744971,29.444381245411932,0.031882043927907944,0.9681179560720921,0.10959074646234512,0.24790270626544952,0.009882875718176365,0.5024707317352295,0.4975292682647705,0.5176199674606323,0.5412735939025879,0.6011692881584167,0.5024707317352295,0.4975292682647705,0.5024707317352295,0.4975292682647705,0.6815386008033268,0.31846139919667316,0.9706622958183289,0.9357778868290438,0.06422211317095616,0.0,0.8874739332499726,0.11252606675002741,0.22461088867515866,0.05370523726481491,0.05370523726481491,0.016347208991646767,0.006887964438647032,0.9462947627351851,0.05370523726481491,0.025823481380939484,0.0011345132952556014,424840
b2_cityscapes_val,2026-07-07 05:27:51,cityscapes,val,all,student_skd,/scratch/gautschi/manors/hf_cache/hub/models--nvidia--mit-b2/snapshots/3bb39e8739149c3777d0325349b2a6c32c6413db,runs/mit-b2_skd_j9196921/student_skd.ckpt,skd,img_000336,/home/manors/Guardrail-Distillation/data/cityscapes/leftImg8bit/val/munster/munster_000010_000019_leftImg8bit.png,,0.7123489760147534,0.28765102398524656,0.9495291709899902,0.9583016633987427,0.1078173890709877,0.10717220604419708,0.2385079562664032,0.9096857309341431,0.2624300718307495,-8.047374725341797,7.996183395385742,0.00868220441043377,0.05581182613968849,487549,7.962434989167377,7.402490504318848,16.221901518292725,0.9751500077049822,0.02484999229501783,150540,0.7396564624459072,0.2603435375540928,49557,0.10812642425298691,0.0006339268293231726,29.32095801224932,0.04350673034787178,0.9564932696521282,0.17342104017734528,0.29943910241127014,0.018634425476193428,0.5046584606170654,0.49534153938293457,0.5288384556770325,0.5517297387123108,0.5922662615776062,0.5046584606170654,0.49534153938293457,0.5046584606170654,0.49534153938293457,0.6751879049551897,0.32481209504481035,0.948725163936615,0.6554530293227118,0.34454697067728823,0.0,0.6233911615633337,0.37660883843666626,0.0,0.0,0.0,0.01965135708451271,0.02045537903904915,1.0,0.0,0.04292081296443939,0.0016449628164991736,426580
b2_cityscapes_val,2026-07-07 05:27:51,cityscapes,val,all,student_skd,/scratch/gautschi/manors/hf_cache/hub/models--nvidia--mit-b2/snapshots/3bb39e8739149c3777d0325349b2a6c32c6413db,runs/mit-b2_skd_j9196921/student_skd.ckpt,skd,img_000337,/home/manors/Guardrail-Distillation/data/cityscapes/leftImg8bit/val/munster/munster_000011_000019_leftImg8bit.png,,0.5459960982952968,0.45400390170470317,0.9511793255805969,0.9681872725486755,0.09602469205856323,0.08038289844989777,0.21315591037273407,0.932438313961029,0.19695740938186646,-8.450178146362305,8.41109848022461,0.005636627320200205,0.043432172387838364,487703,7.962434989167377,7.402490504318848,16.221901518292725,0.8241984268473669,0.17580157315263312,150859,0.5005620258127801,0.4994379741872199,75119,0.08104219287633896,0.00044112259638495743,29.32095801224932,0.03202131390571594,0.9679786860942841,0.10106189548969269,0.25857844948768616,0.008124002255499363,0.5020309686660767,0.49796903133392334,0.5140119194984436,0.5375001430511475,0.6080577373504639,0.5020309686660767,0.49796903133392334,0.5020309686660767,0.49796903133392334,0.5691120352634904,0.4308879647365096,0.963625431060791,0.8717658069258869,0.1282341930741131,0.047567380078520016,0.4958215179002462,0.5041784820997538,0.0,0.023115936968193584,0.023115936968193584,0.018673250451683998,0.006227150559425354,0.9768840630318064,0.023115936968193584,0.027338359504938126,0.0013983921380713582,441217
b2_cityscapes_val,2026-07-07 05:27:51,cityscapes,val,all,student_skd,/scratch/gautschi/manors/hf_cache/hub/models--nvidia--mit-b2/snapshots/3bb39e8739149c3777d0325349b2a6c32c6413db,runs/mit-b2_skd_j9196921/student_skd.ckpt,skd,img_000338,/home/manors/Guardrail-Distillation/data/cityscapes/leftImg8bit/val/munster/munster_000012_000019_leftImg8bit.png,,0.7347431821,0.2652568179,0.9584780335426331,0.9720564484596252,0.085597924888134,0.07123809307813644,0.1822347342967987,0.9344253540039062,0.1983519196510315,-8.156048774719238,8.122564315795898,0.002314122160896659,0.03482173755764961,491331,7.962434989167377,7.402490504318848,16.221901518292725,0.9444417109628905,0.055558289037109465,150859,0.850560068631269,0.14943993136873102,100610,0.07202388346195221,0.0004320846637710929,29.32095801224932,0.034410592168569565,0.9655894078314304,0.1082274466753006,0.23099011182785034,0.0075549050234258175,0.5018886923789978,0.4981113076210022,0.514958918094635,0.5342451930046082,0.595302164554596,0.5018886923789978,0.4981113076210022,0.5018886923789978,0.4981113076210022,0.7886596214415089,0.21134037855849108,0.9720941185951233,0.9659554967061674,0.03404450329383257,0.021513785743276892,0.8826137172676999,0.11738628273230012,0.0320536486364309,0.053916439341508915,0.053916439341508915,0.019809454679489136,0.0061933803372085094,0.9460835606584911,0.053916439341508915,0.026721293106675148,0.0026397681795060635,448698
b2_cityscapes_val,2026-07-07 05:27:51,cityscapes,val,all,student_skd,/scratch/gautschi/manors/hf_cache/hub/models--nvidia--mit-b2/snapshots/3bb39e8739149c3777d0325349b2a6c32c6413db,runs/mit-b2_skd_j9196921/student_skd.ckpt,skd,img_000339,/home/manors/Guardrail-Distillation/data/cityscapes/leftImg8bit/val/munster/munster_000013_000019_leftImg8bit.png,,0.7027202877385034,0.29727971226149663,0.952743649482727,0.9683825969696045,0.09262657910585403,0.08330249041318893,0.20424315333366394,0.9234545826911926,0.23857523500919342,-7.954174041748047,7.915856838226318,0.005314826499670744,0.039792243391275406,471323,7.962434989167377,7.402490504318848,16.221901518292725,0.7818468869265465,0.21815311307345353,138347,0.7791334275714535,0.22086657242854646,35767,0.08430590480566025,0.0006056377897039056,29.32095801224932,0.033965032547712326,0.9660349674522877,0.11570341140031815,0.2476164996623993,0.00860975868999958,0.5021524429321289,0.4978475570678711,0.517729640007019,0.5379127264022827,0.5953224897384644,0.5021524429321289,0.4978475570678711,0.5021524429321289,0.4978475570678711,0.7321837299304739,0.26781627006952613,0.95936119556427,0.8456043721468439,0.15439562785315608,0.06375748522029745,0.8099245350481195,0.19007546495188055,0.030791107476665913,0.0294634421919705,0.0294634421919705,0.014092246070504189,0.0074747041799128056,0.9705365578080295,0.0294634421919705,0.023272786289453506,0.0006174109876155853,426093
b2_cityscapes_val,2026-07-07 05:27:52,cityscapes,val,all,student_skd,/scratch/gautschi/manors/hf_cache/hub/models--nvidia--mit-b2/snapshots/3bb39e8739149c3777d0325349b2a6c32c6413db,runs/mit-b2_skd_j9196921/student_skd.ckpt,skd,img_000340,/home/manors/Guardrail-Distillation/data/cityscapes/leftImg8bit/val/munster/munster_000014_000019_leftImg8bit.png,,0.6227161483048049,0.37728385169519507,0.9704670906066895,0.9789924025535583,0.07689855992794037,0.05351440981030464,0.16547733545303345,0.9504489898681641,0.15381066501140594,-8.21419620513916,8.188785552978516,0.002747726859524846,0.02717333287000656,486948,7.985907752299681,7.405357260722667,16.233907750574872,0.9125649850246451,0.08743501497535489,150859,0.5296026155345487,0.4703973844654513,53975,0.053996242582798004,0.00031069034594111145,29.349995747907087,0.019612668082118034,0.980387331917882,0.04200487583875656,0.145912766456604,-0.005557271186262369,0.4986106753349304,0.5013893246650696,0.5057681202888489,0.5208011269569397,0.6105642318725586,0.4986106753349304,0.5013893246650696,0.4986106753349304,0.5013893246650696,0.7172481733338322,0.2827518266661678,0.9747406840324402,0.8473419519234799,0.15265804807652006,0.0,0.91130104500711,0.08869895499289004,0.3816984294725613,0.09453202502902724,0.09453202502902724,0.012297001667320728,0.008023444563150406,0.9054679749709728,0.09453202502902724,0.021534128114581108,0.0010760902659967542,455850
b2_cityscapes_val,2026-07-07 05:27:52,cityscapes,val,all,student_skd,/scratch/gautschi/manors/hf_cache/hub/models--nvidia--mit-b2/snapshots/3bb39e8739149c3777d0325349b2a6c32c6413db,runs/mit-b2_skd_j9196921/student_skd.ckpt,skd,img_000341,/home/manors/Guardrail-Distillation/data/cityscapes/leftImg8bit/val/munster/munster_000015_000019_leftImg8bit.png,,0.7260767573082146,0.27392324269178536,0.9597024917602539,0.973124623298645,0.08514957129955292,0.06957558542490005,0.18408729135990143,0.9356800317764282,0.19802135229110718,-7.957064628601074,7.924665927886963,0.003403113456442952,0.0335812047123909,488964,7.985907752299681,7.405357260722667,16.233907750574872,0.6976247460164674,0.3023752539835326,150859,0.8267075179371693,0.17329248206283066,50798,0.07042249292135239,0.00047854467993602157,29.349995747907087,0.029639311134815216,0.9703606888651848,0.0924733355641365,0.22336500883102417,0.0069535779766738415,0.5017383694648743,0.49826163053512573,0.5147801041603088,0.533355712890625,0.6171818971633911,0.5017383694648743,0.49826163053512573,0.5017383694648743,0.49826163053512573,0.727789546366909,0.27221045363309104,0.9679178595542908,0.6790005841673878,0.32099941583261216,0.0,0.8687848283520787,0.1312151716479213,0.042077310414909364,0.0017127890586943195,0.0017127890586943195,0.01437120046466589,0.006155872251838446,0.9982872109413057,0.0017127890586943195,0.02170507423579693,0.0013068446423858404,448743
b2_cityscapes_val,2026-07-07 05:27:52,cityscapes,val,all,student_skd,/scratch/gautschi/manors/hf_cache/hub/models--nvidia--mit-b2/snapshots/3bb39e8739149c3777d0325349b2a6c32c6413db,runs/mit-b2_skd_j9196921/student_skd.ckpt,skd,img_000342,/home/manors/Guardrail-Distillation/data/cityscapes/leftImg8bit/val/munster/munster_000016_000019_leftImg8bit.png,,0.5399597623985151,0.46004023760148494,0.9781665802001953,0.9834205508232117,0.06683117896318436,0.04307780787348747,0.14383694529533386,0.9587144255638123,0.12915350496768951,-8.606587409973145,8.586740493774414,0.001550784450955689,0.019698679447174072,457188,7.985907752299681,7.405357260722667,16.233907750574872,0.39926352112647684,0.6007364788735232,126118,0.6310959051979107,0.3689040948020893,115241,0.04344823583960533,0.00020904807024635375,29.349995747907087,0.017052289098501205,0.9829477109014988,0.03028661571443081,0.12082284688949585,-0.004494768567383289,0.49887630343437195,0.501123696565628,0.5047357082366943,0.5190223455429077,0.6143319606781006,0.49887630343437195,0.501123696565628,0.49887630343437195,0.501123696565628,0.690897400442183,0.30910259955781705,0.9832497835159302,0.7441194605317595,0.2558805394682405,0.3448559394052827,0.6458601692700728,0.35413983072992716,0.014764264072162137,0.1509376380436679,0.1509376380436679,0.009361575357615948,0.00427832780405879,0.8490623619563321,0.1509376380436679,0.014333272352814674,0.0008464789134450257,433809
b2_cityscapes_val,2026-07-07 05:27:52,cityscapes,val,all,student_skd,/scratch/gautschi/manors/hf_cache/hub/models--nvidia--mit-b2/snapshots/3bb39e8739149c3777d0325349b2a6c32c6413db,runs/mit-b2_skd_j9196921/student_skd.ckpt,skd,img_000343,/home/manors/Guardrail-Distillation/data/cityscapes/leftImg8bit/val/munster/munster_000017_000019_leftImg8bit.png,,0.6149179144028489,0.38508208559715107,0.9625734090805054,0.9768784642219543,0.07945775240659714,0.05745561420917511,0.16607487201690674,0.9487204551696777,0.1483052670955658,-8.659635543823242,8.631804466247559,0.002064070198684931,0.02941138669848442,464616,7.985907752299681,7.405357260722667,16.233907750574872,1.0,0.0,124953,0.6650390161189261,0.33496098388107387,144972,0.057945799082517624,0.00031573663000017405,29.349995747907087,0.023787235841155052,0.976212764158845,0.06123204901814461,0.18967120349407196,0.004111262504011393,0.5010278224945068,0.49897217750549316,0.509071409702301,0.5299941301345825,0.6130646467208862,0.5010278224945068,0.49897217750549316,0.5010278224945068,0.49897217750549316,0.5710264391281097,0.4289735608718903,0.9610969424247742,1.0,0.0,0.0,0.7051243005280055,0.29487569947199455,0.040085284409079325,0.0,0.0,0.007074659690260887,0.008551147766411304,1.0,0.0,0.01632746309041977,0.000544535752851516,431525
b2_cityscapes_val,2026-07-07 05:27:52,cityscapes,val,all,student_skd,/scratch/gautschi/manors/hf_cache/hub/models--nvidia--mit-b2/snapshots/3bb39e8739149c3777d0325349b2a6c32c6413db,runs/mit-b2_skd_j9196921/student_skd.ckpt,skd,img_000344,/home/manors/Guardrail-Distillation/data/cityscapes/leftImg8bit/val/munster/munster_000018_000019_leftImg8bit.png,,0.6776676557829923,0.32233234421700774,0.952245831489563,0.9688132405281067,0.09333180636167526,0.07908152043819427,0.20257389545440674,0.9316732287406921,0.19978974759578705,-7.937965393066406,7.900012493133545,0.004995843395590782,0.040843501687049866,483602,7.988444238435477,7.4282185232732445,16.300016024615616,0.983785562238524,0.01621443776147602,150859,0.709087658727278,0.29091234127272203,26777,0.07983602583408356,0.0004784365009982139,29.396888479823247,0.03516276553273201,0.964837234467268,0.1359381377696991,0.26893845200538635,0.009107986465096474,0.5022769570350647,0.4977230429649353,0.521797239780426,0.54311203956604,0.605439305305481,0.5022769570350647,0.4977230429649353,0.5022769570350647,0.4977230429649353,0.7559731755415355,0.24402682445846446,0.9493178129196167,0.9883048575276201,0.011695142472379905,0.004519295289096115,0.7577771419314991,0.24222285806850086,0.04868948320422117,0.07830551975854327,0.07830551975854327,0.012830798514187336,0.015758825466036797,0.9216944802414567,0.07830551975854327,0.0302748940885067,0.0009098390582948923,437397
b2_cityscapes_val,2026-07-07 05:27:52,cityscapes,val,all,student_skd,/scratch/gautschi/manors/hf_cache/hub/models--nvidia--mit-b2/snapshots/3bb39e8739149c3777d0325349b2a6c32c6413db,runs/mit-b2_skd_j9196921/student_skd.ckpt,skd,img_000345,/home/manors/Guardrail-Distillation/data/cityscapes/leftImg8bit/val/munster/munster_000019_000019_leftImg8bit.png,,0.5885321589398237,0.4114678410601763,0.974989116191864,0.980339527130127,0.07456875592470169,0.05162123963236809,0.1656169891357422,0.952997624874115,0.14410218596458435,-8.659688949584961,8.635879516601562,0.003242651466280222,0.024956101551651955,438530,7.988444238435477,7.4282185232732445,16.300016024615616,0.7169113064527994,0.28308869354720056,124278,0.33097169137068455,0.6690283086293154,85856,0.052107375115156174,0.00027928990311920643,29.396888479823247,0.0200661551207304,0.9799338448792696,0.03840327635407448,0.1460517942905426,-0.0008739763870835304,0.49978145956993103,0.500218540430069,0.5060596466064453,0.5208848118782043,0.6107150316238403,0.49978145956993103,0.500218540430069,0.49978145956993103,0.500218540430069,0.5605705914057266,0.4394294085942734,0.9791028499603271,0.7347888320743823,0.2652111679256177,0.017877525621582846,0.24753990369480816,0.7524600963051918,0.0,0.0,0.0,0.008907030336558819,0.004793286323547363,1.0,0.0,0.014726472087204456,0.0006316557410173118,412633
b2_cityscapes_val,2026-07-07 05:27:52,cityscapes,val,all,student_skd,/scratch/gautschi/manors/hf_cache/hub/models--nvidia--mit-b2/snapshots/3bb39e8739149c3777d0325349b2a6c32c6413db,runs/mit-b2_skd_j9196921/student_skd.ckpt,skd,img_000346,/home/manors/Guardrail-Distillation/data/cityscapes/leftImg8bit/val/munster/munster_000020_000019_leftImg8bit.png,,0.7415339047018465,0.25846609529815345,0.9588344097137451,0.966707170009613,0.09742336720228195,0.08692599833011627,0.21851205825805664,0.925611138343811,0.22068768739700317,-7.9759016036987305,7.9350810050964355,0.007119134534150362,0.04463253915309906,480255,7.988444238435477,7.4282185232732445,16.300016024615616,0.8149014198020986,0.18509858019790137,150859,0.8164518047567407,0.18354819524325927,21907,0.08763712644577026,0.0005001400713808835,29.396888479823247,0.03619461879134178,0.9638053812086582,0.12404271960258484,0.27499932050704956,0.014027254655957222,0.5035067796707153,0.49649322032928467,0.521908700466156,0.5459859371185303,0.6041865944862366,0.5035067796707153,0.49649322032928467,0.5035067796707153,0.49649322032928467,0.7912817380450139,0.2087182619549861,0.96775883436203,0.8373379137438732,0.16266208625612677,0.022436493941774605,0.8214650598380855,0.1785349401619145,0.0050132550813447585,0.04974783334316735,0.04974783334316735,0.015543825924396515,0.006619400344789028,0.9502521666568327,0.04974783334316735,0.02394144795835018,0.0005268034874461591,433108
b2_cityscapes_val,2026-07-07 05:27:52,cityscapes,val,all,student_skd,/scratch/gautschi/manors/hf_cache/hub/models--nvidia--mit-b2/snapshots/3bb39e8739149c3777d0325349b2a6c32c6413db,runs/mit-b2_skd_j9196921/student_skd.ckpt,skd,img_000347,/home/manors/Guardrail-Distillation/data/cityscapes/leftImg8bit/val/munster/munster_000021_000019_leftImg8bit.png,,0.42222605023566717,0.5777739497643328,0.9396693706512451,0.9721128344535828,0.09060656279325485,0.07144708186388016,0.19903682172298431,0.9365746378898621,0.19221019744873047,-7.959506988525391,7.925189018249512,0.0055359057150781155,0.03746762126684189,483751,7.988444238435477,7.4282185232732445,16.300016024615616,0.3765622074751073,0.6234377925248926,150859,0.32359889533696334,0.6764011046630367,38732,0.07214049249887466,0.00040153658483177423,29.396888479823247,0.03148582577705383,0.9685141742229462,0.09630340337753296,0.2582383155822754,0.01182946190237999,0.5029573440551758,0.4970426559448242,0.5169347524642944,0.5474910140037537,0.6168864965438843,0.5029573440551758,0.4970426559448242,0.5029573440551758,0.4970426559448242,0.4489765861192624,0.5510234138807376,0.9509230852127075,0.5213853399880696,0.4786146600119304,0.1448231325129622,0.3224758973385728,0.6775241026614272,0.0,0.026750535883595217,0.026750535883595217,0.032696571201086044,0.021442849189043045,0.9732494641164048,0.026750535883595217,0.056634508073329926,0.018873345106840134,444338
b2_cityscapes_val,2026-07-07 05:27:52,cityscapes,val,all,student_skd,/scratch/gautschi/manors/hf_cache/hub/models--nvidia--mit-b2/snapshots/3bb39e8739149c3777d0325349b2a6c32c6413db,runs/mit-b2_skd_j9196921/student_skd.ckpt,skd,img_000348,/home/manors/Guardrail-Distillation/data/cityscapes/leftImg8bit/val/munster/munster_000022_000019_leftImg8bit.png,,0.6040150134905482,0.3959849865094518,0.9533228278160095,0.967467725276947,0.09640251845121384,0.08389516174793243,0.2166168987751007,0.9292380213737488,0.20650508999824524,-8.344270706176758,8.304332733154297,0.0064340331591665745,0.042543113231658936,491760,7.980505499290302,7.4296530219726264,16.296575748128816,0.5429277817373547,0.4570722182626453,150859,0.6937313330816808,0.3062686669183192,19676,0.08465390652418137,0.0004965742700733244,29.403236985672265,0.03667023405432701,0.963329765945673,0.13462069630622864,0.2717653512954712,0.01680571399629116,0.5042012929916382,0.4957987070083618,0.5212795734405518,0.5450425148010254,0.6036359667778015,0.5042012929916382,0.4957987070083618,0.5042012929916382,0.4957987070083618,0.5568485833996714,0.44315141660032864,0.9539369344711304,0.6984842774092941,0.3015157225907059,0.1555564956719394,0.49931682173375913,0.5006831782662409,0.0,0.0,0.0,0.010263136588037014,0.009649015963077545,1.0,0.0,0.024347243830561638,0.00028672523330897093,443567
b2_cityscapes_val,2026-07-07 05:27:52,cityscapes,val,all,student_skd,/scratch/gautschi/manors/hf_cache/hub/models--nvidia--mit-b2/snapshots/3bb39e8739149c3777d0325349b2a6c32c6413db,runs/mit-b2_skd_j9196921/student_skd.ckpt,skd,img_000349,/home/manors/Guardrail-Distillation/data/cityscapes/leftImg8bit/val/munster/munster_000023_000019_leftImg8bit.png,,0.757891205709724,0.24210879429027599,0.9661230444908142,0.9743882417678833,0.08384615927934647,0.06908061355352402,0.19066859781742096,0.9362195134162903,0.20227238535881042,-7.910849571228027,7.8798747062683105,0.004336281213909388,0.03141399472951889,478290,7.980505499290302,7.4296530219726264,16.296575748128816,0.9828711556254206,0.0171288443745794,150632,0.6637682044964679,0.3362317955035321,16379,0.06992308050394058,0.0004740018048323691,29.403236985672265,0.029328787699341774,0.9706712123006582,0.0886935144662857,0.22490139305591583,0.00754846865311265,0.5018871426582336,0.49811285734176636,0.5139005780220032,0.5347657203674316,0.6086087822914124,0.5018871426582336,0.49811285734176636,0.5018871426582336,0.49811285734176636,0.6554923388408677,0.34450766115913234,0.9653222560882568,0.6534912919755773,0.3465087080244227,0.0,0.6587230375324388,0.34127696246756123,0.0,0.0,0.0,0.00954859983175993,0.01034936960786581,1.0,0.0,0.02227727882564068,0.0005666018114425242,440912
b2_cityscapes_val,2026-07-07 05:27:52,cityscapes,val,all,student_skd,/scratch/gautschi/manors/hf_cache/hub/models--nvidia--mit-b2/snapshots/3bb39e8739149c3777d0325349b2a6c32c6413db,runs/mit-b2_skd_j9196921/student_skd.ckpt,skd,img_000350,/home/manors/Guardrail-Distillation/data/cityscapes/leftImg8bit/val/munster/munster_000024_000019_leftImg8bit.png,,0.5617356720870276,0.43826432791297243,0.9653794765472412,0.9705050587654114,0.09213446825742722,0.0740378201007843,0.1992369294166565,0.9368548393249512,0.18166907131671906,-8.277071952819824,8.240979194641113,0.005053879227489233,0.03992733359336853,474487,7.980505499290302,7.4296530219726264,16.296575748128816,0.9642100532972355,0.035789946702764475,150859,0.2473329505273656,0.7526670494726344,33696,0.0745740458369255,0.0003866416809614748,29.403236985672265,0.028693296015262604,0.9713067039847374,0.09487887471914291,0.22499124705791473,0.005624075885862112,0.5014060139656067,0.4985939860343933,0.5154675841331482,0.5343955159187317,0.5998955965042114,0.5014060139656067,0.4985939860343933,0.5014060139656067,0.4985939860343933,0.6262229436772986,0.3737770563227014,0.9653162360191345,0.9672719340995917,0.03272806590040833,0.003061880802356143,0.43029630513372685,0.5697036948662731,0.18296335460636126,0.06448727159027101,0.06448727159027101,0.010164662264287472,0.010227888822555542,0.935512728409729,0.06448727159027101,0.02176666632294655,0.00023393686569761485,432316
b2_cityscapes_val,2026-07-07 05:27:52,cityscapes,val,all,student_skd,/scratch/gautschi/manors/hf_cache/hub/models--nvidia--mit-b2/snapshots/3bb39e8739149c3777d0325349b2a6c32c6413db,runs/mit-b2_skd_j9196921/student_skd.ckpt,skd,img_000351,/home/manors/Guardrail-Distillation/data/cityscapes/leftImg8bit/val/munster/munster_000025_000019_leftImg8bit.png,,0.524398465321575,0.47560153467842503,0.9673407077789307,0.9752371907234192,0.08404270559549332,0.06439647823572159,0.18768398463726044,0.9430115818977356,0.17385172843933105,-8.37496566772461,8.344822883605957,0.004118423908948898,0.03223934769630432,492907,7.980505499290302,7.4296530219726264,16.296575748128816,1.0,0.0,150859,0.326251151366288,0.673748848633712,27414,0.06501597166061401,0.00037073655403219163,29.403236985672265,0.02255534939467907,0.9774446506053209,0.05434520170092583,0.170116126537323,-0.0013529250863939524,0.49966180324554443,0.5003381967544556,0.5070337057113647,0.5244016051292419,0.6062309741973877,0.49966180324554443,0.5003381967544556,0.49966180324554443,0.5003381967544556,0.5598393242871569,0.4401606757128431,0.9711689949035645,1.0,0.0,0.0,0.38222497644368447,0.6177750235563155,0.055973825077396455,0.03544085896558191,0.03544085896558191,0.010192591696977615,0.0063642836175858974,0.9645591410344181,0.03544085896558191,0.01884939707815647,0.0005112526123411953,455255
b2_cityscapes_val,2026-07-07 05:27:52,cityscapes,val,all,student_skd,/scratch/gautschi/manors/hf_cache/hub/models--nvidia--mit-b2/snapshots/3bb39e8739149c3777d0325349b2a6c32c6413db,runs/mit-b2_skd_j9196921/student_skd.ckpt,skd,img_000352,/home/manors/Guardrail-Distillation/data/cityscapes/leftImg8bit/val/munster/munster_000026_000019_leftImg8bit.png,,0.667616276472329,0.332383723527671,0.900922954082489,0.9467898011207581,0.11969619989395142,0.13707071542739868,0.266929566860199,0.8852589130401611,0.33701291680336,-7.8316569328308105,7.766234874725342,0.011408758349716663,0.07167521119117737,490588,7.976373512065038,7.427022006595507,16.29904448054731,0.5474995810463942,0.4525004189536058,150859,0.5441807678565337,0.4558192321434663,47593,0.13844065368175507,0.001010713167488575,29.400358005659655,0.06305735558271408,0.9369426444172859,0.24962282180786133,0.35094353556632996,0.035961929708719254,0.5089895129203796,0.49101048707962036,0.5450907945632935,0.5728409886360168,0.5919128060340881,0.5089895129203796,0.49101048707962036,0.5089895129203796,0.49101048707962036,0.7436570264960077,0.25634297350399227,0.9401289820671082,0.7750399287507158,0.2249600712492842,0.22754034770432163,0.6175440733514495,0.38245592664855055,0.07336330549491576,0.07604075002367872,0.07604075002367872,0.056387435644865036,0.01718142256140709,0.9239592499763213,0.07604075002367872,0.07843444496393204,0.02152315154671669,411747
b2_cityscapes_val,2026-07-07 05:27:53,cityscapes,val,all,student_skd,/scratch/gautschi/manors/hf_cache/hub/models--nvidia--mit-b2/snapshots/3bb39e8739149c3777d0325349b2a6c32c6413db,runs/mit-b2_skd_j9196921/student_skd.ckpt,skd,img_000353,/home/manors/Guardrail-Distillation/data/cityscapes/leftImg8bit/val/munster/munster_000027_000019_leftImg8bit.png,,0.488537793406838,0.511462206593162,0.9531720280647278,0.9705639481544495,0.09190692007541656,0.07816185802221298,0.211205393075943,0.9318132400512695,0.20816576480865479,-8.219686508178711,8.183609962463379,0.006309005431830883,0.038493793457746506,462672,7.976373512065038,7.427022006595507,16.29904448054731,0.8876673751701842,0.11233262482981576,135107,0.42191218889623766,0.5780878111037624,58070,0.0788130983710289,0.0004558647924568504,29.400358005659655,0.029942983761429787,0.9700570162385702,0.0891856700181961,0.23094815015792847,0.00703034270554781,0.5017575621604919,0.49824243783950806,0.5149157643318176,0.5320212841033936,0.6047255992889404,0.5017575621604919,0.49824243783950806,0.5017575621604919,0.49824243783950806,0.5669269451329236,0.43307305486707637,0.9591158032417297,0.7034396285558053,0.29656037144419467,0.0,0.6102466920689044,0.38975330793109564,0.18833450317266676,0.07838915172608563,0.07838915172608563,0.014306031167507172,0.008362296037375927,0.9216108482739144,0.07838915172608563,0.026991045102477074,0.000970449938904494,422287
b2_cityscapes_val,2026-07-07 05:27:53,cityscapes,val,all,student_skd,/scratch/gautschi/manors/hf_cache/hub/models--nvidia--mit-b2/snapshots/3bb39e8739149c3777d0325349b2a6c32c6413db,runs/mit-b2_skd_j9196921/student_skd.ckpt,skd,img_000354,/home/manors/Guardrail-Distillation/data/cityscapes/leftImg8bit/val/munster/munster_000028_000019_leftImg8bit.png,,0.5642933592326499,0.4357066407673501,0.9622592926025391,0.9718344211578369,0.08728430420160294,0.07209083437919617,0.19090504944324493,0.9372193217277527,0.18389859795570374,-7.971397876739502,7.937427043914795,0.0035114274360239506,0.03496372699737549,491538,7.976373512065038,7.427022006595507,16.29904448054731,0.9405591497514971,0.059440850248502874,150859,0.6354115541566003,0.36458844584339967,12309,0.07296685874462128,0.0004382625047583133,29.400358005659655,0.031405847519636154,0.9685941524803638,0.10627803951501846,0.25819066166877747,0.0051621631719172,0.5012905597686768,0.49870944023132324,0.5147102475166321,0.5378133654594421,0.6210991144180298,0.5012905597686768,0.49870944023132324,0.5012905597686768,0.49870944023132324,0.5812130679801673,0.41878693201983275,0.9673535227775574,0.9446173577068027,0.05538264229319734,0.004058207955305537,0.6237252214475942,0.37627477855240576,0.0,0.01691970874751736,0.01691970874751736,0.013054941780865192,0.00796072743833065,0.9830802912524826,0.01691970874751736,0.022340083494782448,0.001420032698661089,447774
b2_cityscapes_val,2026-07-07 05:27:53,cityscapes,val,all,student_skd,/scratch/gautschi/manors/hf_cache/hub/models--nvidia--mit-b2/snapshots/3bb39e8739149c3777d0325349b2a6c32c6413db,runs/mit-b2_skd_j9196921/student_skd.ckpt,skd,img_000355,/home/manors/Guardrail-Distillation/data/cityscapes/leftImg8bit/val/munster/munster_000029_000019_leftImg8bit.png,,0.6901906921099115,0.30980930789008854,0.960590124130249,0.9677774310112,0.0975104495882988,0.08105503767728806,0.21489764750003815,0.9326460361480713,0.19546973705291748,-7.9845733642578125,7.944810390472412,0.007025336846709251,0.04381318390369415,491222,7.976373512065038,7.427022006595507,16.29904448054731,0.9255090714542825,0.07449092854571748,150859,0.6693581891538116,0.3306418108461884,15875,0.08173120021820068,0.000458336784504354,29.400358005659655,0.03213493525981903,0.967865064740181,0.11071104556322098,0.2595233917236328,0.00895295012742281,0.5022382140159607,0.4977617859840393,0.5186750888824463,0.5430948734283447,0.6228765845298767,0.5022382140159607,0.4977617859840393,0.5022382140159607,0.4977617859840393,0.5842166094734754,0.4157833905265246,0.9596598148345947,0.9007105656373695,0.09928943436263049,0.0,0.3851589326308543,0.6148410673691457,0.0,0.0,0.0,0.012831266038119793,0.013761598616838455,1.0,0.0,0.028653033077716827,0.0002748248225543648,443451
b2_cityscapes_val,2026-07-07 05:27:53,cityscapes,val,all,student_skd,/scratch/gautschi/manors/hf_cache/hub/models--nvidia--mit-b2/snapshots/3bb39e8739149c3777d0325349b2a6c32c6413db,runs/mit-b2_skd_j9196921/student_skd.ckpt,skd,img_000356,/home/manors/Guardrail-Distillation/data/cityscapes/leftImg8bit/val/munster/munster_000030_000019_leftImg8bit.png,,0.5031756689207582,0.49682433107924184,0.9521309733390808,0.9727548956871033,0.0858364924788475,0.07108473777770996,0.1879788190126419,0.9357331991195679,0.1936497986316681,-8.089536666870117,8.05667781829834,0.0035760633181780577,0.034357812255620956,485450,7.990694488398731,7.403797731967643,16.212154499953613,0.9879297710463626,0.012070228953637407,150819,0.6278395844878845,0.37216041551211554,8328,0.07178516685962677,0.0004314542165957391,29.283414274686947,0.028299273923039436,0.9717007260769606,0.08350853621959686,0.21783897280693054,0.005441526882350445,0.5013603568077087,0.49863964319229126,0.5134363174438477,0.5339686274528503,0.6070778965950012,0.5013603568077087,0.49863964319229126,0.5013603568077087,0.49863964319229126,0.5673564129925593,0.43264358700744066,0.9515748023986816,0.989570928318583,0.010429071681417046,0.0016411572722203616,0.6769327866449776,0.3230672133550224,0.04909320215709312,0.06418074407180119,0.06418074407180119,0.011603666469454765,0.012159851379692554,0.9358192559281988,0.06418074407180119,0.027644453570246696,0.0011618086136877537,445360
b2_cityscapes_val,2026-07-07 05:27:53,cityscapes,val,all,student_skd,/scratch/gautschi/manors/hf_cache/hub/models--nvidia--mit-b2/snapshots/3bb39e8739149c3777d0325349b2a6c32c6413db,runs/mit-b2_skd_j9196921/student_skd.ckpt,skd,img_000357,/home/manors/Guardrail-Distillation/data/cityscapes/leftImg8bit/val/munster/munster_000031_000019_leftImg8bit.png,,0.6789172269449746,0.3210827730550254,0.9606863260269165,0.9734070897102356,0.08749093860387802,0.07019408047199249,0.19692446291446686,0.9369876980781555,0.19550703465938568,-8.173469543457031,8.140926361083984,0.0053625330328941345,0.03496886417269707,489321,7.990694488398731,7.403797731967643,16.212154499953613,0.9927797108859575,0.0072202891140424885,150859,0.7239421542405549,0.27605784575944514,34020,0.07110445946455002,0.0004938659258186817,29.283414274686947,0.026908352971076965,0.973091647028923,0.0730893462896347,0.20815791189670563,0.00559074804186821,0.5013976693153381,0.49860233068466187,0.5110712647438049,0.5291430950164795,0.59145188331604,0.5013976693153381,0.49860233068466187,0.5013976693153381,0.49860233068466187,0.6799800634547141,0.32001993654528593,0.964601993560791,0.9930495876619057,0.006950412338094347,0.0002698767759481413,0.8294265074542442,0.17057349254575582,0.10548435321368932,0.0010628365097394843,0.0010628365097394843,0.012065699324011803,0.008150069043040276,0.9989371634902605,0.0010628365097394843,0.022281896322965622,0.0007173205376602709,451117
b2_cityscapes_val,2026-07-07 05:27:53,cityscapes,val,all,student_skd,/scratch/gautschi/manors/hf_cache/hub/models--nvidia--mit-b2/snapshots/3bb39e8739149c3777d0325349b2a6c32c6413db,runs/mit-b2_skd_j9196921/student_skd.ckpt,skd,img_000358,/home/manors/Guardrail-Distillation/data/cityscapes/leftImg8bit/val/munster/munster_000032_000019_leftImg8bit.png,,0.6154405818730283,0.3845594181269717,0.9551517963409424,0.9738404154777527,0.08723175525665283,0.06911103427410126,0.19884717464447021,0.9381935000419617,0.1941874921321869,-8.082740783691406,8.050692558288574,0.005336748901754618,0.034618619829416275,491123,7.990694488398731,7.403797731967643,16.212154499953613,1.0,0.0,150859,0.865773260421436,0.134226739578564,44614,0.0698724314570427,0.0005439574015326798,29.283414274686947,0.030546141788363457,0.9694538582116365,0.0944516733288765,0.24625784158706665,0.006327525712549686,0.5015819072723389,0.49841809272766113,0.5126914978027344,0.5410625338554382,0.608266294002533,0.5015819072723389,0.49841809272766113,0.5015819072723389,0.49841809272766113,0.6295648451437955,0.3704351548562045,0.9579291343688965,1.0,0.0,0.0,0.8894182689911743,0.11058173100882573,0.02364500856973828,0.014124263270767212,0.014124263270767212,0.010681642219424248,0.007904333993792534,0.9858757367292328,0.014124263270767212,0.022075938060879707,0.0008633275865577161,452803
b2_cityscapes_val,2026-07-07 05:27:53,cityscapes,val,all,student_skd,/scratch/gautschi/manors/hf_cache/hub/models--nvidia--mit-b2/snapshots/3bb39e8739149c3777d0325349b2a6c32c6413db,runs/mit-b2_skd_j9196921/student_skd.ckpt,skd,img_000359,/home/manors/Guardrail-Distillation/data/cityscapes/leftImg8bit/val/munster/munster_000033_000019_leftImg8bit.png,,0.7948058982500429,0.20519410174995711,0.9739656448364258,0.9812144041061401,0.0725884661078453,0.04923824220895767,0.1609215885400772,0.9533953666687012,0.1496358960866928,-8.218512535095215,8.195793151855469,0.002636707853525877,0.023373231291770935,490005,7.990694488398731,7.403797731967643,16.212154499953613,0.6411740442014207,0.35882595579857934,150859,0.914006217905379,0.08599378209462105,58354,0.049848735332489014,0.0004193910863250494,29.283414274686947,0.020572680979967117,0.9794273190200329,0.04349207878112793,0.1495314985513687,-0.0033387348521500826,0.4991653263568878,0.5008346736431122,0.506903350353241,0.5208284854888916,0.6258465647697449,0.4991653263568878,0.5008346736431122,0.4991653263568878,0.5008346736431122,0.708143247855021,0.29185675214497897,0.9804247617721558,0.6991210686905517,0.3008789313094483,0.05794702448913103,0.9191285582108545,0.08087144178914552,0.005122340305475537,0.0,0.0,0.011263150721788406,0.004804032854735851,1.0,0.0,0.016844727098941803,0.001185702276416123,462203
b2_cityscapes_val,2026-07-07 05:27:53,cityscapes,val,all,student_skd,/scratch/gautschi/manors/hf_cache/hub/models--nvidia--mit-b2/snapshots/3bb39e8739149c3777d0325349b2a6c32c6413db,runs/mit-b2_skd_j9196921/student_skd.ckpt,skd,img_000360,/home/manors/Guardrail-Distillation/data/cityscapes/leftImg8bit/val/munster/munster_000034_000019_leftImg8bit.png,,0.7206396897751547,0.2793603102248453,0.9606218934059143,0.9730541706085205,0.08458110690116882,0.0704997330904007,0.1835336536169052,0.9348527193069458,0.19930489361286163,-8.165114402770996,8.132695198059082,0.0037832469679415226,0.03261058032512665,495606,7.949554506922141,7.415261497953907,16.218992503127083,0.8728818806804058,0.12711811931959416,150859,0.997302062186131,0.002697937813868956,112308,0.07117888331413269,0.0003831110370811075,29.3086355086416,0.04222001135349274,0.9577799886465073,0.15254800021648407,0.29014158248901367,0.017839636653661728,0.504459798336029,0.49554020166397095,0.5256072878837585,0.5553596615791321,0.6018921136856079,0.504459798336029,0.49554020166397095,0.504459798336029,0.49554020166397095,0.7416291705963249,0.25837082940367506,0.9669515490531921,0.9239792998744206,0.07602070012557938,0.05109741919401478,0.9922712540513587,0.007728745948641258,0.0,0.020989480821170248,0.020989480821170248,0.015110792592167854,0.00878116860985756,0.9790105191788298,0.020989480821170248,0.02445894479751587,0.0018361358670517802,454936
b2_cityscapes_val,2026-07-07 05:27:53,cityscapes,val,all,student_skd,/scratch/gautschi/manors/hf_cache/hub/models--nvidia--mit-b2/snapshots/3bb39e8739149c3777d0325349b2a6c32c6413db,runs/mit-b2_skd_j9196921/student_skd.ckpt,skd,img_000361,/home/manors/Guardrail-Distillation/data/cityscapes/leftImg8bit/val/munster/munster_000035_000019_leftImg8bit.png,,0.6031266796349305,0.3968733203650695,0.967228889465332,0.967674195766449,0.09084542095661163,0.0826922208070755,0.19201667606830597,0.9268092513084412,0.20958511531352997,-8.033220291137695,7.994467735290527,0.0034220078960061073,0.03872886300086975,488602,7.949554506922141,7.415261497953907,16.218992503127083,0.9409751441184436,0.05902485588155637,150859,0.9983495784393559,0.0016504215606440997,54614,0.08330267667770386,0.0003634128370322287,29.3086355086416,0.05091908574104309,0.9490809142589569,0.2129993587732315,0.3380838632583618,0.027561791241168976,0.5068899989128113,0.4931100010871887,0.5340823531150818,0.5729189515113831,0.5957595705986023,0.5068899989128113,0.4931100010871887,0.5068899989128113,0.4931100010871887,0.6346208665447719,0.3653791334552281,0.9762485027313232,0.954200811182052,0.04579918881794798,0.013225667063608393,0.9903285984483676,0.009671401551632375,0.0,0.031494186909841404,0.031494186909841404,0.014707266353070736,0.0056876554153859615,0.9685058130901586,0.031494186909841404,0.02207931876182556,0.001860409858636558,439851
b2_cityscapes_val,2026-07-07 05:27:53,cityscapes,val,all,student_skd,/scratch/gautschi/manors/hf_cache/hub/models--nvidia--mit-b2/snapshots/3bb39e8739149c3777d0325349b2a6c32c6413db,runs/mit-b2_skd_j9196921/student_skd.ckpt,skd,img_000362,/home/manors/Guardrail-Distillation/data/cityscapes/leftImg8bit/val/munster/munster_000036_000019_leftImg8bit.png,,0.7907345168213997,0.20926548317860028,0.9694420099258423,0.9676311016082764,0.08969598263502121,0.08192045241594315,0.1849006563425064,0.9269529581069946,0.20370663702487946,-8.341751098632812,8.303171157836914,0.002290197880938649,0.039007775485515594,483801,7.949554506922141,7.415261497953907,16.218992503127083,0.8782454236206728,0.12175457637932718,150802,0.9688396816340037,0.03116031836599631,71097,0.08259892463684082,0.00039621174801141024,29.3086355086416,0.047230858355760574,0.9527691416442394,0.15976138412952423,0.314215749502182,0.03442201018333435,0.5086046457290649,0.49139535427093506,0.5305947661399841,0.5680904388427734,0.592024564743042,0.5086046457290649,0.49139535427093506,0.5086046457290649,0.49139535427093506,0.7700098337650068,0.22999016623499324,0.9768438339233398,0.9032144643193787,0.09678553568062132,0.02496904069870587,0.973408174106943,0.026591825893056975,0.004568492472939334,0.0,0.0,0.014603111892938614,0.007201308384537697,1.0,0.0,0.022726288065314293,0.0007482415530830622,436718
b2_cityscapes_val,2026-07-07 05:27:53,cityscapes,val,all,student_skd,/scratch/gautschi/manors/hf_cache/hub/models--nvidia--mit-b2/snapshots/3bb39e8739149c3777d0325349b2a6c32c6413db,runs/mit-b2_skd_j9196921/student_skd.ckpt,skd,img_000363,/home/manors/Guardrail-Distillation/data/cityscapes/leftImg8bit/val/munster/munster_000037_000019_leftImg8bit.png,,0.6526057056969868,0.34739429430301316,0.9690027832984924,0.9760481715202332,0.08505856990814209,0.05922132730484009,0.18423427641391754,0.9487451910972595,0.15317821502685547,-8.081915855407715,8.052416801452637,0.004476779140532017,0.03314019739627838,482043,7.949554506922141,7.415261497953907,16.218992503127083,0.8237859688078412,0.17621403119215884,150859,0.6140711517563521,0.3859288482436479,10032,0.059797920286655426,0.00037815625546500087,29.3086355086416,0.023662004619836807,0.9763379953801632,0.04654866084456444,0.1943066269159317,0.0009632114670239389,0.5002408027648926,0.4997591972351074,0.5067774057388306,0.5324793457984924,0.6187169551849365,0.5002408027648926,0.4997591972351074,0.5002408027648926,0.4997591972351074,0.5411658923087972,0.4588341076912028,0.9750188589096069,0.862552194619983,0.137447805380017,0.03876622581214184,0.6395071811142811,0.36049281888571894,0.02543602935792899,0.0,0.0,0.011679456569254398,0.005663395393639803,1.0,0.0,0.018429892137646675,0.0008132054936140776,447352
b2_cityscapes_val,2026-07-07 05:27:53,cityscapes,val,all,student_skd,/scratch/gautschi/manors/hf_cache/hub/models--nvidia--mit-b2/snapshots/3bb39e8739149c3777d0325349b2a6c32c6413db,runs/mit-b2_skd_j9196921/student_skd.ckpt,skd,img_000364,/home/manors/Guardrail-Distillation/data/cityscapes/leftImg8bit/val/munster/munster_000038_000019_leftImg8bit.png,,0.6299493710089994,0.3700506289910006,0.9486217498779297,0.9647719264030457,0.09930196404457092,0.09119463711977005,0.22131013870239258,0.9208571910858154,0.23761086165905,-8.186728477478027,8.143614768981934,0.00701445247977972,0.045987702906131744,491414,8.00049997633323,7.427236239891499,16.349810495739803,0.9868380193180624,0.013161980681937635,150859,0.6198645237457056,0.38013547625429445,70293,0.09224759787321091,0.0005829985602758825,29.4709007430356,0.03869405388832092,0.9613059461116791,0.1541820615530014,0.28037959337234497,0.013643662445247173,0.5034108757972717,0.49658912420272827,0.5238527059555054,0.5475860238075256,0.5927426815032959,0.5034108757972717,0.49658912420272827,0.5034108757972717,0.49658912420272827,0.7407522605023554,0.25924773949764457,0.9650458097457886,0.9814821825491074,0.01851781745089265,0.0,0.6742089820564053,0.32579101794359466,0.054344458310699784,0.11080288949335604,0.11080288949335604,0.024775445461273193,0.008351410739123821,0.889197110506644,0.11080288949335604,0.03580280765891075,0.003296609502285719,439218
b2_cityscapes_val,2026-07-07 05:27:53,cityscapes,val,all,student_skd,/scratch/gautschi/manors/hf_cache/hub/models--nvidia--mit-b2/snapshots/3bb39e8739149c3777d0325349b2a6c32c6413db,runs/mit-b2_skd_j9196921/student_skd.ckpt,skd,img_000365,/home/manors/Guardrail-Distillation/data/cityscapes/leftImg8bit/val/munster/munster_000039_000019_leftImg8bit.png,,0.5784851361514848,0.4215148638485152,0.9625530242919922,0.974891722202301,0.08629631996154785,0.06610921025276184,0.19942432641983032,0.9432076811790466,0.1751295030117035,-8.22075366973877,8.189863204956055,0.005335940979421139,0.03351295366883278,492884,8.00049997633323,7.427236239891499,16.349810495739803,0.9301694471016565,0.0698305528983435,150859,0.6611210329935922,0.33887896700640785,36215,0.06674957275390625,0.0004893697914667428,29.4709007430356,0.033410314470529556,0.9665896855294704,0.11756891012191772,0.2737560272216797,0.010823843069374561,0.5027059316635132,0.4972940683364868,0.5207707285881042,0.5470178127288818,0.6324154734611511,0.5027059316635132,0.4972940683364868,0.5027059316635132,0.4972940683364868,0.6815377729889569,0.3184622270110431,0.9709444642066956,0.9484609487368028,0.051539051263197244,0.018291501635146257,0.6695224196600571,0.3304775803399429,0.00840138666646495,0.10305263683747212,0.10305263683747212,0.01632026955485344,0.007928842678666115,0.8969473631625279,0.10305263683747212,0.026691878214478493,0.0021850981283932924,455789
b2_cityscapes_val,2026-07-07 05:27:53,cityscapes,val,all,student_skd,/scratch/gautschi/manors/hf_cache/hub/models--nvidia--mit-b2/snapshots/3bb39e8739149c3777d0325349b2a6c32c6413db,runs/mit-b2_skd_j9196921/student_skd.ckpt,skd,img_000366,/home/manors/Guardrail-Distillation/data/cityscapes/leftImg8bit/val/munster/munster_000040_000019_leftImg8bit.png,,0.696685073874291,0.303314926125709,0.9478756785392761,0.9671810269355774,0.09770815819501877,0.08592060953378677,0.21780994534492493,0.9227875471115112,0.24335429072380066,-7.889354228973389,7.848924160003662,0.008428383618593216,0.04340155050158501,475536,8.00049997633323,7.427236239891499,16.349810495739803,0.7144512024517028,0.2855487975482972,150859,0.6608348028664387,0.3391651971335613,65821,0.08700885623693466,0.0006710804882459342,29.4709007430356,0.040040794759988785,0.9599592052400112,0.15233351290225983,0.28567537665367126,0.01236223429441452,0.5030905604362488,0.4969094395637512,0.5207610130310059,0.5455033779144287,0.5965014100074768,0.5030905604362488,0.4969094395637512,0.5030905604362488,0.4969094395637512,0.713969624879585,0.28603037512041496,0.9512150287628174,0.7645423274496531,0.23545767255034689,0.05009112499795032,0.7000253990134956,0.2999746009865044,0.03919059614705689,0.017284551005294024,0.017284551005294024,0.015050385147333145,0.011710995808243752,0.982715448994706,0.017284551005294024,0.029943054541945457,0.0006750277825631201,429639
b2_cityscapes_val,2026-07-07 05:27:53,cityscapes,val,all,student_skd,/scratch/gautschi/manors/hf_cache/hub/models--nvidia--mit-b2/snapshots/3bb39e8739149c3777d0325349b2a6c32c6413db,runs/mit-b2_skd_j9196921/student_skd.ckpt,skd,img_000367,/home/manors/Guardrail-Distillation/data/cityscapes/leftImg8bit/val/munster/munster_000041_000019_leftImg8bit.png,,0.6936625372197666,0.30633746278023344,0.9680674076080322,0.9809240698814392,0.07407137006521225,0.05226881429553032,0.17180055379867554,0.9503502249717712,0.1645614355802536,-8.511635780334473,8.488444328308105,0.003755004610866308,0.02445722185075283,462849,8.00049997633323,7.427236239891499,16.349810495739803,1.0,0.0,150859,0.725931366220048,0.27406863377995205,59173,0.052928999066352844,0.00043450036901049316,29.4709007430356,0.02567407861351967,0.9743259213864803,0.0530434250831604,0.20814990997314453,0.0034974804148077965,0.500874400138855,0.499125599861145,0.508878767490387,0.5316739082336426,0.6126274466514587,0.500874400138855,0.499125599861145,0.500874400138855,0.499125599861145,0.6613808881510372,0.33861911184896276,0.9688624739646912,1.0,0.0,0.0,0.7812688806146444,0.2187311193853556,0.05533751439459644,0.0,0.0,0.01150699332356453,0.010711917653679848,1.0,0.0,0.024764016270637512,0.001549101434648037,436283
b2_cityscapes_val,2026-07-07 05:27:54,cityscapes,val,all,student_skd,/scratch/gautschi/manors/hf_cache/hub/models--nvidia--mit-b2/snapshots/3bb39e8739149c3777d0325349b2a6c32c6413db,runs/mit-b2_skd_j9196921/student_skd.ckpt,skd,img_000368,/home/manors/Guardrail-Distillation/data/cityscapes/leftImg8bit/val/munster/munster_000042_000019_leftImg8bit.png,,0.7222484957588456,0.27775150424115436,0.9730355739593506,0.980859100818634,0.07345154136419296,0.05084129795432091,0.1640385240316391,0.952207624912262,0.1529904007911682,-8.400450706481934,8.377289772033691,0.0032394910231232643,0.024164851754903793,479705,8.005222247447819,7.42246926529333,16.33673027390614,0.9884635089664089,0.011536491033591112,150464,0.8025824038037845,0.19741759619621546,45917,0.05145272612571716,0.00031318748369812965,29.424348758766428,0.02120431326329708,0.9787956867367029,0.0413491316139698,0.15783126652240753,0.0018411370692774653,0.5004602670669556,0.49953973293304443,0.5085742473602295,0.5246660113334656,0.6211928129196167,0.5004602670669556,0.49953973293304443,0.5004602670669556,0.49953973293304443,0.7042048407529756,0.2957951592470244,0.9765897989273071,0.9852757146251403,0.014724285374859702,0.0,0.855355834042019,0.14464416595798102,0.05277343023823444,0.0,0.0,0.008786650374531746,0.005232382565736771,1.0,0.0,0.015009225346148014,0.00022930761042516679,452099
b2_cityscapes_val,2026-07-07 05:27:54,cityscapes,val,all,student_skd,/scratch/gautschi/manors/hf_cache/hub/models--nvidia--mit-b2/snapshots/3bb39e8739149c3777d0325349b2a6c32c6413db,runs/mit-b2_skd_j9196921/student_skd.ckpt,skd,img_000369,/home/manors/Guardrail-Distillation/data/cityscapes/leftImg8bit/val/munster/munster_000043_000019_leftImg8bit.png,,0.7727668739739048,0.22723312602609524,0.9709956645965576,0.979498565196991,0.07653870433568954,0.05178526043891907,0.16428840160369873,0.9530444741249084,0.1435633897781372,-7.966745376586914,7.9418625831604,0.002782492432743311,0.026756152510643005,488411,8.005222247447819,7.42246926529333,16.33673027390614,0.9591687432875421,0.04083125671245791,150859,0.880857317273354,0.11914268272664597,69468,0.052416812628507614,0.00037837083800695837,29.424348758766428,0.025801710784435272,0.9741982892155647,0.05909346789121628,0.21516969799995422,0.008585178293287754,0.502146303653717,0.49785369634628296,0.514845073223114,0.5356404185295105,0.6332041621208191,0.502146303653717,0.49785369634628296,0.502146303653717,0.49785369634628296,0.84334991158988,0.15665008841011996,0.9806351065635681,0.9796220747148742,0.02037792528512583,0.020453331427332078,0.8794647907503548,0.12053520924964523,0.0,0.07058303761597529,0.07058303761597529,0.013376029208302498,0.0037366067990660667,0.9294169623840247,0.07058303761597529,0.01803194358944893,0.0010319177526980639,458015
b2_cityscapes_val,2026-07-07 05:27:54,cityscapes,val,all,student_skd,/scratch/gautschi/manors/hf_cache/hub/models--nvidia--mit-b2/snapshots/3bb39e8739149c3777d0325349b2a6c32c6413db,runs/mit-b2_skd_j9196921/student_skd.ckpt,skd,img_000370,/home/manors/Guardrail-Distillation/data/cityscapes/leftImg8bit/val/munster/munster_000044_000019_leftImg8bit.png,,0.7993502212386471,0.20064977876135293,0.9639118909835815,0.9761876463890076,0.08216594904661179,0.06152009591460228,0.17983216047286987,0.9443260431289673,0.1710715889930725,-8.295007705688477,8.2660551071167,0.0043142614886164665,0.03042294643819332,493016,8.005222247447819,7.42246926529333,16.33673027390614,0.7835367504320525,0.2164632495679475,150859,0.849376157652353,0.15062384234764703,65666,0.06222404167056084,0.00048167601926252246,29.424348758766428,0.02858569473028183,0.9714143052697182,0.08208126574754715,0.22806331515312195,0.005232197232544422,0.501308023929596,0.49869197607040405,0.5133508443832397,0.5324231386184692,0.6241135597229004,0.501308023929596,0.49869197607040405,0.501308023929596,0.49869197607040405,0.8124378823588508,0.18756211764114916,0.9701855182647705,0.8185831694948797,0.18141683050512025,0.03504641906282724,0.8586106320717888,0.14138936792821122,0.009234474419435812,0.013087661120203764,0.013087661120203764,0.012764290906488895,0.006490661296993494,0.9869123388797962,0.013087661120203764,0.020672757178544998,0.0008113326621241868,457654
b2_cityscapes_val,2026-07-07 05:27:54,cityscapes,val,all,student_skd,/scratch/gautschi/manors/hf_cache/hub/models--nvidia--mit-b2/snapshots/3bb39e8739149c3777d0325349b2a6c32c6413db,runs/mit-b2_skd_j9196921/student_skd.ckpt,skd,img_000371,/home/manors/Guardrail-Distillation/data/cityscapes/leftImg8bit/val/munster/munster_000045_000019_leftImg8bit.png,,0.608984576808428,0.391015423191572,0.9712242484092712,0.9794827699661255,0.0769171342253685,0.052212510257959366,0.1686415672302246,0.954008936882019,0.13765037059783936,-8.362325668334961,8.337349891662598,0.0032952676992863417,0.026471847668290138,492221,8.005222247447819,7.42246926529333,16.33673027390614,0.956806722637949,0.04319327736205103,150859,0.6639155523694871,0.33608444763051293,53429,0.05271764099597931,0.00033733778400346637,29.424348758766428,0.021363044157624245,0.9786369558423758,0.04349939525127411,0.1676274836063385,0.0012492622481659055,0.500312328338623,0.49968767166137695,0.5075559616088867,0.5254323482513428,0.6274436712265015,0.500312328338623,0.49968767166137695,0.500312328338623,0.49968767166137695,0.7085835910480666,0.29141640895193344,0.9741721153259277,0.9581662724720315,0.041833727527968545,0.0013595498340824852,0.7154088485615056,0.28459115143849445,0.05149329619201848,0.09959901423963857,0.09959901423963857,0.008945168927311897,0.005997305735945702,0.9004009857603614,0.09959901423963857,0.016393043100833893,0.0004063215455971658,461622
b2_cityscapes_val,2026-07-07 05:27:54,cityscapes,val,all,student_skd,/scratch/gautschi/manors/hf_cache/hub/models--nvidia--mit-b2/snapshots/3bb39e8739149c3777d0325349b2a6c32c6413db,runs/mit-b2_skd_j9196921/student_skd.ckpt,skd,img_000372,/home/manors/Guardrail-Distillation/data/cityscapes/leftImg8bit/val/munster/munster_000046_000019_leftImg8bit.png,,0.6535958946681663,0.34640410533183374,0.943915069103241,0.9643680453300476,0.09889829158782959,0.0909842923283577,0.21544025838375092,0.9205857515335083,0.23503921926021576,-8.199698448181152,8.156352043151855,0.005660125054419041,0.0477604903280735,470661,8.020519744604826,7.412672741338611,16.31660625571385,0.3710513064642219,0.6289486935357781,141775,0.7927966368220261,0.20720336317797394,63319,0.09191237390041351,0.0006617542239837348,29.4511234969832,0.04085587337613106,0.9591441266238689,0.160821333527565,0.28943774104118347,0.015110647305846214,0.5037775635719299,0.49622243642807007,0.5250123143196106,0.5483306050300598,0.5977354645729065,0.5037775635719299,0.49622243642807007,0.5037775635719299,0.49622243642807007,0.6717751263681345,0.3282248736318655,0.9444058537483215,0.3558928644605695,0.6441071355394306,0.0,0.8277231688163752,0.1722768311836248,0.03492653199434914,0.018179231699968268,0.018179231699968268,0.01836141012609005,0.01787061244249344,0.9818207683000317,0.018179231699968268,0.040122296661138535,0.003756419289857149,419741
b2_cityscapes_val,2026-07-07 05:27:54,cityscapes,val,all,student_skd,/scratch/gautschi/manors/hf_cache/hub/models--nvidia--mit-b2/snapshots/3bb39e8739149c3777d0325349b2a6c32c6413db,runs/mit-b2_skd_j9196921/student_skd.ckpt,skd,img_000373,/home/manors/Guardrail-Distillation/data/cityscapes/leftImg8bit/val/munster/munster_000047_000019_leftImg8bit.png,,0.6055297660007493,0.39447023399925074,0.9515644311904907,0.9744126200675964,0.08645578473806381,0.07066640257835388,0.20549292862415314,0.9364122748374939,0.20633934438228607,-7.99349308013916,7.9620795249938965,0.006454880349338055,0.033028896898031235,479792,8.020519744604826,7.412672741338611,16.31660625571385,0.5865628723067892,0.41343712769321084,150859,0.8547648510591649,0.1452351489408351,27430,0.07155050337314606,0.0004879737098235637,29.4511234969832,0.029372533783316612,0.9706274662166834,0.08455856144428253,0.2302495539188385,0.00655742222443223,0.5016393661499023,0.49836063385009766,0.5120345950126648,0.5357868671417236,0.6419317126274109,0.5016393661499023,0.49836063385009766,0.5016393661499023,0.49836063385009766,0.6465662633053358,0.35343373669466416,0.9672983288764954,0.8932786135304696,0.10672138646953044,0.3067157412236804,0.8589437667186763,0.14105623328132366,0.004178915659511451,0.04103649730458658,0.04103649730458658,0.02272443100810051,0.006990529131144285,0.9589635026954134,0.04103649730458658,0.03188673406839371,0.008166038431227207,443459
b2_cityscapes_val,2026-07-07 05:27:54,cityscapes,val,all,student_skd,/scratch/gautschi/manors/hf_cache/hub/models--nvidia--mit-b2/snapshots/3bb39e8739149c3777d0325349b2a6c32c6413db,runs/mit-b2_skd_j9196921/student_skd.ckpt,skd,img_000374,/home/manors/Guardrail-Distillation/data/cityscapes/leftImg8bit/val/munster/munster_000048_000019_leftImg8bit.png,,0.6349811629965734,0.36501883700342663,0.9375481605529785,0.9595597386360168,0.1096508800983429,0.10814744234085083,0.2589455842971802,0.9102030396461487,0.27584517002105713,-8.179908752441406,8.129508018493652,0.011957907117903233,0.05547754466533661,492812,8.020519744604826,7.412672741338611,16.31660625571385,0.8508482367952092,0.14915176320479084,150859,0.609020241812132,0.390979758187868,64834,0.10937858372926712,0.0007934154127724469,29.4511234969832,0.047056641429662704,0.9529433585703373,0.1879149079322815,0.3328314423561096,0.020800240337848663,0.5051998496055603,0.4948001503944397,0.5265031456947327,0.5589321255683899,0.6069067716598511,0.5051998496055603,0.4948001503944397,0.5051998496055603,0.4948001503944397,0.6878768219076893,0.3121231780923107,0.9502426981925964,0.9053310080855581,0.09466899191444189,0.05448277129034895,0.7489496629186698,0.2510503370813302,0.13992942110653783,0.05289565891111592,0.05289565891111592,0.02360737882554531,0.010912883095443249,0.9471043410888841,0.05289565891111592,0.041598014533519745,0.002432976383715868,434704
b2_cityscapes_val,2026-07-07 05:27:54,cityscapes,val,all,student_skd,/scratch/gautschi/manors/hf_cache/hub/models--nvidia--mit-b2/snapshots/3bb39e8739149c3777d0325349b2a6c32c6413db,runs/mit-b2_skd_j9196921/student_skd.ckpt,skd,img_000375,/home/manors/Guardrail-Distillation/data/cityscapes/leftImg8bit/val/munster/munster_000049_000019_leftImg8bit.png,,0.6107379829594894,0.38926201704051056,0.9541074633598328,0.9660013914108276,0.09699764102697372,0.0867127776145935,0.2138463854789734,0.9266620874404907,0.21169109642505646,-8.193682670593262,8.152281761169434,0.005451258271932602,0.04427170380949974,480623,8.020519744604826,7.412672741338611,16.31660625571385,1.0,0.0,150859,0.7279774543311025,0.2720225456688975,33099,0.08758746087551117,0.0004866344388574362,29.4511234969832,0.03391848877072334,0.9660815112292767,0.12203032523393631,0.2567886710166931,0.008326636627316475,0.5020816326141357,0.49791836738586426,0.5188104510307312,0.5398471355438232,0.5976044535636902,0.5020816326141357,0.49791836738586426,0.5020816326141357,0.49791836738586426,0.614280832622609,0.385719167377391,0.9555867910385132,1.0,0.0,0.0,0.5683119788854455,0.4316880211145545,0.0,0.003542849663119574,0.003542849663119574,0.013068455271422863,0.01158912479877472,0.9964571503368804,0.003542849663119574,0.026723647490143776,0.0009841392748057842,429965
b2_cityscapes_val,2026-07-07 05:27:54,cityscapes,val,all,student_skd,/scratch/gautschi/manors/hf_cache/hub/models--nvidia--mit-b2/snapshots/3bb39e8739149c3777d0325349b2a6c32c6413db,runs/mit-b2_skd_j9196921/student_skd.ckpt,skd,img_000376,/home/manors/Guardrail-Distillation/data/cityscapes/leftImg8bit/val/munster/munster_000050_000019_leftImg8bit.png,,0.5989192992486047,0.40108070075139535,0.9685828685760498,0.9738817811012268,0.08554111421108246,0.06988787651062012,0.19439518451690674,0.9364332556724548,0.19893580675125122,-7.840827465057373,7.809059143066406,0.004773898050189018,0.03285805135965347,489956,8.022527006687596,7.4217397486791015,16.292826738208532,1.0,0.0,150859,0.32687589231672315,0.6731241076832768,24312,0.0706077367067337,0.00040700333192944527,29.41886123153381,0.03304174914956093,0.9669582508504391,0.11719567328691483,0.22224721312522888,0.00885009951889515,0.5022125244140625,0.4977874755859375,0.5225789546966553,0.5370523929595947,0.6017469763755798,0.5022125244140625,0.4977874755859375,0.5022125244140625,0.4977874755859375,0.6667134877850833,0.3332865122149167,0.9741690754890442,1.0,0.0,0.0,0.4560967507220348,0.5439032492779652,0.1292208584053116,0.06779418853647867,0.06779418853647867,0.010672386735677719,0.0050861709751188755,0.9322058114635213,0.06779418853647867,0.017175011336803436,0.0011552057694643736,451141
b2_cityscapes_val,2026-07-07 05:27:54,cityscapes,val,all,student_skd,/scratch/gautschi/manors/hf_cache/hub/models--nvidia--mit-b2/snapshots/3bb39e8739149c3777d0325349b2a6c32c6413db,runs/mit-b2_skd_j9196921/student_skd.ckpt,skd,img_000377,/home/manors/Guardrail-Distillation/data/cityscapes/leftImg8bit/val/munster/munster_000051_000019_leftImg8bit.png,,0.7033507752357889,0.2966492247642111,0.9417933225631714,0.9610238075256348,0.10545744001865387,0.10304932296276093,0.24215976893901825,0.9114996790885925,0.27183032035827637,-7.830036640167236,7.782003402709961,0.009444540366530418,0.051924169063568115,480701,8.022527006687596,7.4217397486791015,16.292826738208532,0.9082495445009173,0.09175045549908267,143323,0.5956742881149101,0.4043257118850899,36984,0.10413499921560287,0.0007336955168284476,29.41886123153381,0.049830831587314606,0.9501691684126854,0.206948384642601,0.3293458819389343,0.02698027528822422,0.5067446827888489,0.4932553172111511,0.5380112528800964,0.5675625801086426,0.5898942947387695,0.5067446827888489,0.4932553172111511,0.5067446827888489,0.4932553172111511,0.7299581447523535,0.27004185524764646,0.9496131539344788,0.9430902248215959,0.05690977517840412,0.03484068032067855,0.6811601473459965,0.3188398526540035,0.08548585923108643,0.026607369516564616,0.026607369516564616,0.02522565983235836,0.017405830323696136,0.9733926304834354,0.026607369516564616,0.04537123814225197,0.004360298626124859,425007
b2_cityscapes_val,2026-07-07 05:27:54,cityscapes,val,all,student_skd,/scratch/gautschi/manors/hf_cache/hub/models--nvidia--mit-b2/snapshots/3bb39e8739149c3777d0325349b2a6c32c6413db,runs/mit-b2_skd_j9196921/student_skd.ckpt,skd,img_000378,/home/manors/Guardrail-Distillation/data/cityscapes/leftImg8bit/val/munster/munster_000052_000019_leftImg8bit.png,,0.7618072631760174,0.23819273682398256,0.9525949954986572,0.9578136205673218,0.10716375708580017,0.10970845073461533,0.23885966837406158,0.906535267829895,0.2743349075317383,-8.215221405029297,8.163627624511719,0.008373599499464035,0.054895225912332535,476617,8.022527006687596,7.4217397486791015,16.292826738208532,0.7377336004216168,0.26226639957838316,150859,0.8398019979889573,0.16019800201104273,46928,0.11070360988378525,0.0006549085373990238,29.41886123153381,0.042596522718667984,0.957403477281332,0.16553618013858795,0.29084059596061707,0.01626572757959366,0.5040663480758667,0.4959336519241333,0.524562656879425,0.5456869006156921,0.5839276909828186,0.5040663480758667,0.4959336519241333,0.5040663480758667,0.4959336519241333,0.7898543814423991,0.21014561855760094,0.9608301520347595,0.7023011954888035,0.29769880451119646,0.0,0.8837042889627923,0.1162957110372077,0.04390229097383502,0.02804711826638162,0.02804711826638162,0.017806749790906906,0.009571625851094723,0.9719528817336184,0.02804711826638162,0.029463907703757286,0.0009924110490828753,416027
b2_cityscapes_val,2026-07-07 05:27:54,cityscapes,val,all,student_skd,/scratch/gautschi/manors/hf_cache/hub/models--nvidia--mit-b2/snapshots/3bb39e8739149c3777d0325349b2a6c32c6413db,runs/mit-b2_skd_j9196921/student_skd.ckpt,skd,img_000379,/home/manors/Guardrail-Distillation/data/cityscapes/leftImg8bit/val/munster/munster_000053_000019_leftImg8bit.png,,0.5747774137662558,0.4252225862337442,0.9563164114952087,0.9700413942337036,0.09411386400461197,0.07708252966403961,0.20866870880126953,0.9312496781349182,0.21444302797317505,-8.102684020996094,8.065763473510742,0.006816661451011896,0.041222862899303436,473839,8.022527006687596,7.4217397486791015,16.292826738208532,0.8749802240452376,0.12501977595476244,149442,0.629366117537882,0.37063388246211804,59425,0.07796099781990051,0.0005677728331647813,29.41886123153381,0.03480175510048866,0.9651982448995113,0.12041213363409042,0.26177793741226196,0.012495051138103008,0.5031237006187439,0.4968762993812561,0.5201137661933899,0.5474956035614014,0.605199933052063,0.5031237006187439,0.4968762993812561,0.5031237006187439,0.4968762993812561,0.5863590663990165,0.41364093360098353,0.9653722047805786,0.8952174750846766,0.10478252491532336,0.020237251039439075,0.6979880706151238,0.3020119293848762,0.06862195307724184,0.011581652632760675,0.011581652632760675,0.01739831455051899,0.008342496119439602,0.9884183473672393,0.011581652632760675,0.029020406305789948,0.0011438484070822597,432044
b2_cityscapes_val,2026-07-07 05:27:55,cityscapes,val,all,student_skd,/scratch/gautschi/manors/hf_cache/hub/models--nvidia--mit-b2/snapshots/3bb39e8739149c3777d0325349b2a6c32c6413db,runs/mit-b2_skd_j9196921/student_skd.ckpt,skd,img_000380,/home/manors/Guardrail-Distillation/data/cityscapes/leftImg8bit/val/munster/munster_000054_000019_leftImg8bit.png,,0.6613328905978263,0.3386671094021737,0.965080738067627,0.9761359691619873,0.0820096954703331,0.06340440362691879,0.18544839322566986,0.9414800405502319,0.18565784394741058,-8.418824195861816,8.389822006225586,0.004129928536713123,0.030155880376696587,486207,7.993079721927643,7.425299991155043,16.313791769789532,0.8526973485347421,0.1473026514652579,150859,0.6383225730712162,0.3616774269287838,30102,0.0640263557434082,0.0004343516775406897,29.42834925488569,0.022867418825626373,0.9771325811743736,0.05104241892695427,0.17696568369865417,-0.001973377075046301,0.4995066523551941,0.5004933476448059,0.5079856514930725,0.5213228464126587,0.6104094386100769,0.4995066523551941,0.5004933476448059,0.4995066523551941,0.5004933476448059,0.6359174389351602,0.3640825610648398,0.9686964750289917,0.8802061438380088,0.11979385616199123,0.027508795303266664,0.5173841284032578,0.48261587159674224,0.0,0.0,0.0,0.009703686460852623,0.00608794204890728,1.0,0.0,0.018198011443018913,0.000553262303583324,451170
b2_cityscapes_val,2026-07-07 05:27:55,cityscapes,val,all,student_skd,/scratch/gautschi/manors/hf_cache/hub/models--nvidia--mit-b2/snapshots/3bb39e8739149c3777d0325349b2a6c32c6413db,runs/mit-b2_skd_j9196921/student_skd.ckpt,skd,img_000381,/home/manors/Guardrail-Distillation/data/cityscapes/leftImg8bit/val/munster/munster_000055_000019_leftImg8bit.png,,0.7372809448162876,0.2627190551837124,0.9520703554153442,0.964897871017456,0.0987752377986908,0.09224987030029297,0.2225252091884613,0.9190896153450012,0.24563436210155487,-8.34737777709961,8.304537773132324,0.006220065988600254,0.04648894816637039,492117,7.993079721927643,7.425299991155043,16.313791769789532,0.8610770059876965,0.13892299401230346,150859,0.8841020152255508,0.11589798477444924,67199,0.09316879510879517,0.0006146361702121794,29.42834925488569,0.039494212716817856,0.9605057872831821,0.14651775360107422,0.2863650918006897,0.013077343814074993,0.5032692551612854,0.4967307448387146,0.5202235579490662,0.5415834784507751,0.6007963418960571,0.5032692551612854,0.4967307448387146,0.5032692551612854,0.4967307448387146,0.6846594919685204,0.3153405080314796,0.9553622603416443,0.9116988746926141,0.08830112530738587,0.05062186870491758,0.8895198081912394,0.11048019180876056,0.0054177929656886725,0.0,0.0,0.015778768807649612,0.012486868537962437,1.0,0.0,0.03170181065797806,0.0006197713664732873,440116
b2_cityscapes_val,2026-07-07 05:27:55,cityscapes,val,all,student_skd,/scratch/gautschi/manors/hf_cache/hub/models--nvidia--mit-b2/snapshots/3bb39e8739149c3777d0325349b2a6c32c6413db,runs/mit-b2_skd_j9196921/student_skd.ckpt,skd,img_000382,/home/manors/Guardrail-Distillation/data/cityscapes/leftImg8bit/val/munster/munster_000056_000019_leftImg8bit.png,,0.7167060422131382,0.28329395778686184,0.966441810131073,0.9722307324409485,0.08820846676826477,0.07165108621120453,0.19649197161197662,0.9374672770500183,0.18708111345767975,-8.139008522033691,8.105240821838379,0.0044306861236691475,0.03573615849018097,481641,7.993079721927643,7.425299991155043,16.313791769789532,0.9713673758911914,0.028632624108808624,150859,0.8369468594915751,0.1630531405084249,107311,0.07227778434753418,0.00042033352656289935,29.42834925488569,0.028200272470712662,0.9717997275292873,0.08326631039381027,0.21958929300308228,0.006946158595383167,0.5017365217208862,0.49826347827911377,0.5139102339744568,0.535435140132904,0.6007046103477478,0.5017365217208862,0.49826347827911377,0.5017365217208862,0.49826347827911377,0.6917887410045724,0.30821125899542756,0.9705070853233337,0.9813156438125622,0.0186843561874378,0.009948267921370824,0.8844345128754376,0.11556548712456238,0.047487653383862516,0.0,0.0,0.010561808943748474,0.006496539805084467,1.0,0.0,0.018661202862858772,0.0004131708119530231,440650
b2_cityscapes_val,2026-07-07 05:27:55,cityscapes,val,all,student_skd,/scratch/gautschi/manors/hf_cache/hub/models--nvidia--mit-b2/snapshots/3bb39e8739149c3777d0325349b2a6c32c6413db,runs/mit-b2_skd_j9196921/student_skd.ckpt,skd,img_000383,/home/manors/Guardrail-Distillation/data/cityscapes/leftImg8bit/val/munster/munster_000057_000019_leftImg8bit.png,,0.6536364024669109,0.3463635975330891,0.9640443921089172,0.9752983450889587,0.08408770710229874,0.06538968533277512,0.19088752567768097,0.9412128329277039,0.18327262997627258,-8.109442710876465,8.0792875289917,0.004944279789924622,0.03147421032190323,488241,7.993079721927643,7.425299991155043,16.313791769789532,0.867062380225069,0.13293761977493102,150859,0.6502578157548677,0.34974218424513226,52475,0.06619378179311752,0.0004381889011710882,29.42834925488569,0.02833876945078373,0.9716612305492163,0.08157889544963837,0.22427231073379517,0.0049914345145225525,0.5012478828430176,0.4987521171569824,0.5135836601257324,0.5325056314468384,0.6219274997711182,0.5012478828430176,0.4987521171569824,0.5012478828430176,0.4987521171569824,0.72835508822889,0.27164491177111005,0.9712437391281128,0.9028261440931756,0.09717385590682437,0.035763763868106646,0.6847760589408212,0.31522394105917884,0.03451824318595342,0.07471868576197904,0.07471868576197904,0.012209135107696056,0.005009821150451899,0.925281314238021,0.07471868576197904,0.019578445702791214,0.0005939689581282437,452469
b2_cityscapes_val,2026-07-07 05:27:55,cityscapes,val,all,student_skd,/scratch/gautschi/manors/hf_cache/hub/models--nvidia--mit-b2/snapshots/3bb39e8739149c3777d0325349b2a6c32c6413db,runs/mit-b2_skd_j9196921/student_skd.ckpt,skd,img_000384,/home/manors/Guardrail-Distillation/data/cityscapes/leftImg8bit/val/munster/munster_000058_000019_leftImg8bit.png,,0.825829369308812,0.174170630691188,0.9775960445404053,0.9834524393081665,0.0669807493686676,0.04289749637246132,0.14442621171474457,0.9591736197471619,0.12791456282138824,-8.088271141052246,8.068463325500488,0.0016201090766116977,0.02033565752208233,486387,8.004285744391382,7.423905743053183,16.317402507411316,0.9866767876694453,0.013323212330554668,150859,0.8166690341698307,0.18333096583016928,30891,0.04340384528040886,0.00030156521825119853,29.460854246281087,0.02022683247923851,0.9797731675207615,0.04026109352707863,0.14329710602760315,-9.976531146094203e-06,0.49999749660491943,0.5000025033950806,0.5082090497016907,0.5216917991638184,0.6227659583091736,0.49999749660491943,0.5000025033950806,0.49999749660491943,0.5000025033950806,0.8629668343138545,0.13703316568614554,0.9815825819969177,0.9838687784910687,0.016131221508931315,0.0,0.8802284991392276,0.11977150086077237,0.0635594649693969,0.03713746500504245,0.03713746500504245,0.007816820405423641,0.0038302831817418337,0.9628625349949576,0.03713746500504245,0.012337911874055862,0.0007051997818052769,461671
b2_cityscapes_val,2026-07-07 05:27:55,cityscapes,val,all,student_skd,/scratch/gautschi/manors/hf_cache/hub/models--nvidia--mit-b2/snapshots/3bb39e8739149c3777d0325349b2a6c32c6413db,runs/mit-b2_skd_j9196921/student_skd.ckpt,skd,img_000385,/home/manors/Guardrail-Distillation/data/cityscapes/leftImg8bit/val/munster/munster_000059_000019_leftImg8bit.png,,0.6776665583801069,0.3223334416198931,0.9679494500160217,0.9717293381690979,0.08840112388134003,0.07608641684055328,0.2006642371416092,0.9304015636444092,0.2184918224811554,-7.687990188598633,7.653575897216797,0.005872166715562344,0.03524767607450485,476996,8.004285744391382,7.423905743053183,16.317402507411316,0.969959594398537,0.03004040560146304,145614,0.6398530413252379,0.3601469586747621,20668,0.07708803564310074,0.000548117037396878,29.460854246281087,0.03724803403019905,0.962751965969801,0.132880300283432,0.2646270990371704,0.012742487713694572,0.5031855702400208,0.49681442975997925,0.5239644050598145,0.5449087619781494,0.5908286571502686,0.5031855702400208,0.49681442975997925,0.5031855702400208,0.49681442975997925,0.788274935300661,0.21172506469933905,0.9720752835273743,0.9470295537947039,0.05297044620529612,0.0,0.7052579103625315,0.2947420896374685,0.06540486903729359,0.11060837692055403,0.11060837692055403,0.01188060361891985,0.00775478221476078,0.889391623079446,0.11060837692055403,0.022075658664107323,0.00072537298547104,438694
b2_cityscapes_val,2026-07-07 05:27:55,cityscapes,val,all,student_skd,/scratch/gautschi/manors/hf_cache/hub/models--nvidia--mit-b2/snapshots/3bb39e8739149c3777d0325349b2a6c32c6413db,runs/mit-b2_skd_j9196921/student_skd.ckpt,skd,img_000386,/home/manors/Guardrail-Distillation/data/cityscapes/leftImg8bit/val/munster/munster_000060_000019_leftImg8bit.png,,0.568285079460757,0.431714920539243,0.8961431980133057,0.9692357778549194,0.09638218581676483,0.07940563559532166,0.218648299574852,0.9334122538566589,0.19816842675209045,-7.906956672668457,7.868748664855957,0.007814577780663967,0.0419253446161747,488702,8.004285744391382,7.423905743053183,16.317402507411316,0.4116160644085762,0.5883839355914238,150859,0.41612957182145227,0.5838704281785477,47351,0.08002307265996933,0.0004703235172200948,29.460854246281087,0.03509066253900528,0.9649093374609947,0.1190188080072403,0.27656012773513794,0.014256994239985943,0.503564178943634,0.49643582105636597,0.5210888385772705,0.551580548286438,0.6083465218544006,0.503564178943634,0.49643582105636597,0.503564178943634,0.49643582105636597,0.7070957756400981,0.29290422435990193,0.9662595391273499,0.7621717297282565,0.23782827027174347,0.3505556653196803,0.5646720280941552,0.4353279719058448,0.1485424562727029,0.13881069617934105,0.13881069617934105,0.07785521447658539,0.007738866843283176,0.861189303820659,0.13881069617934105,0.08975612372159958,0.05570470169186592,444890
b2_cityscapes_val,2026-07-07 05:27:55,cityscapes,val,all,student_skd,/scratch/gautschi/manors/hf_cache/hub/models--nvidia--mit-b2/snapshots/3bb39e8739149c3777d0325349b2a6c32c6413db,runs/mit-b2_skd_j9196921/student_skd.ckpt,skd,img_000387,/home/manors/Guardrail-Distillation/data/cityscapes/leftImg8bit/val/munster/munster_000061_000019_leftImg8bit.png,,0.7009729279447088,0.2990270720552912,0.9754877686500549,0.9764851927757263,0.08036800473928452,0.06126556545495987,0.17874622344970703,0.9450616836547852,0.16687831282615662,-8.244824409484863,8.216432571411133,0.003407768439501524,0.029246022924780846,480373,8.004285744391382,7.423905743053183,16.317402507411316,0.8530579652461502,0.14694203475384982,143741,0.6426915509927182,0.35730844900728176,42382,0.061957962810993195,0.00043846204061992466,29.460854246281087,0.02679961547255516,0.9732003845274448,0.06806588172912598,0.20812001824378967,0.0029782254714518785,0.5007445812225342,0.4992554187774658,0.5095313191413879,0.5258864164352417,0.617464542388916,0.5007445812225342,0.4992554187774658,0.5007445812225342,0.4992554187774658,0.7213034056935822,0.2786965943064178,0.9794076085090637,0.9023257849867313,0.09767421501326867,0.04926781974058114,0.6653389121323313,0.3346610878676687,0.022647361139613076,0.02033047774887342,0.02033047774887342,0.009679977782070637,0.005760107189416885,0.9796695222511266,0.02033047774887342,0.016568373888731003,0.0005454095080494881,445723
b2_cityscapes_val,2026-07-07 05:27:55,cityscapes,val,all,student_skd,/scratch/gautschi/manors/hf_cache/hub/models--nvidia--mit-b2/snapshots/3bb39e8739149c3777d0325349b2a6c32c6413db,runs/mit-b2_skd_j9196921/student_skd.ckpt,skd,img_000388,/home/manors/Guardrail-Distillation/data/cityscapes/leftImg8bit/val/munster/munster_000062_000019_leftImg8bit.png,,0.7252097476765643,0.2747902523234357,0.9493938088417053,0.9620935320854187,0.10251171886920929,0.09839195013046265,0.22670841217041016,0.9132521748542786,0.2633971869945526,-7.816315174102783,7.769970417022705,0.007039989810436964,0.05050038546323776,491620,8.01466649863869,7.409922749502584,16.2342892435845,0.9015962547879308,0.09840374521206918,150859,0.6992256825609319,0.30077431743906813,34189,0.09944970905780792,0.0006424348102882504,29.344458249397576,0.039302729070186615,0.9606972709298134,0.14905297756195068,0.2763441801071167,0.015109159983694553,0.5037772059440613,0.4962227940559387,0.5215780735015869,0.5446814298629761,0.599199652671814,0.5037772059440613,0.4962227940559387,0.5037772059440613,0.4962227940559387,0.8022315430934984,0.19776845690650158,0.9584394097328186,0.8669071788221785,0.1330928211778215,0.0,0.7588846521770494,0.24111534782295063,0.059658969616117496,0.0770217954169341,0.0770217954169341,0.02177087962627411,0.01272527500987053,0.9229782045830659,0.0770217954169341,0.036825187504291534,0.006008705589920282,436119
b2_cityscapes_val,2026-07-07 05:27:55,cityscapes,val,all,student_skd,/scratch/gautschi/manors/hf_cache/hub/models--nvidia--mit-b2/snapshots/3bb39e8739149c3777d0325349b2a6c32c6413db,runs/mit-b2_skd_j9196921/student_skd.ckpt,skd,img_000389,/home/manors/Guardrail-Distillation/data/cityscapes/leftImg8bit/val/munster/munster_000063_000019_leftImg8bit.png,,0.6561299897336782,0.3438700102663218,0.9584970474243164,0.9729541540145874,0.08878356218338013,0.0719364583492279,0.20422111451625824,0.9339886903762817,0.215863898396492,-7.757739543914795,7.724565029144287,0.005897905211895704,0.036001626402139664,491700,8.01466649863869,7.409922749502584,16.2342892435845,0.9580566572980646,0.04194334270193545,150859,0.6981984239059305,0.30180157609406955,43095,0.07277217507362366,0.0005338445771485567,29.344458249397576,0.03325648605823517,0.9667435139417648,0.10398616641759872,0.24720323085784912,0.00603468157351017,0.5015086531639099,0.4984913468360901,0.5137701630592346,0.536432147026062,0.6308066248893738,0.5015086531639099,0.4984913468360901,0.5015086531639099,0.4984913468360901,0.6601121286093452,0.3398878713906548,0.9613077044487,0.8190063786059686,0.1809936213940314,0.0,0.7694949929959931,0.2305050070040069,0.07129656909006266,0.003982138875667007,0.003982138875667007,0.013668904080986977,0.010858247056603432,0.996017861124333,0.003982138875667007,0.026835469529032707,0.0015781980473548174,452113
b2_cityscapes_val,2026-07-07 05:27:55,cityscapes,val,all,student_skd,/scratch/gautschi/manors/hf_cache/hub/models--nvidia--mit-b2/snapshots/3bb39e8739149c3777d0325349b2a6c32c6413db,runs/mit-b2_skd_j9196921/student_skd.ckpt,skd,img_000390,/home/manors/Guardrail-Distillation/data/cityscapes/leftImg8bit/val/munster/munster_000064_000019_leftImg8bit.png,,0.7529181460124722,0.2470818539875278,0.9572061896324158,0.9598498344421387,0.10264268517494202,0.10352547466754913,0.2216244637966156,0.9080135226249695,0.27195408940315247,-7.886324405670166,7.83770751953125,0.006159055046737194,0.05125397443771362,484977,8.01466649863869,7.409922749502584,16.2342892435845,0.7735977726074014,0.22640222739259863,150859,0.8555110841708777,0.14448891582912227,24137,0.10455572605133057,0.0005733410944230855,29.344458249397576,0.04422347992658615,0.9557765200734138,0.16229312121868134,0.2777472138404846,0.023207684978842735,0.5058016180992126,0.49419838190078735,0.5284932255744934,0.5524880290031433,0.5867530703544617,0.5058016180992126,0.49419838190078735,0.5058016180992126,0.49419838190078735,0.678920853720835,0.321079146279165,0.9621425271034241,0.775093593027699,0.22490640697230102,0.001495820420297611,0.693735369143189,0.306264630856811,0.0,0.0,0.0,0.017534852027893066,0.012598535045981407,1.0,0.0,0.0317932590842247,0.0020681393798440695,425546
b2_cityscapes_val,2026-07-07 05:27:55,cityscapes,val,all,student_skd,/scratch/gautschi/manors/hf_cache/hub/models--nvidia--mit-b2/snapshots/3bb39e8739149c3777d0325349b2a6c32c6413db,runs/mit-b2_skd_j9196921/student_skd.ckpt,skd,img_000391,/home/manors/Guardrail-Distillation/data/cityscapes/leftImg8bit/val/munster/munster_000065_000019_leftImg8bit.png,,0.7401525824977867,0.2598474175022133,0.9618931412696838,0.9648149013519287,0.10200110822916031,0.09112193435430527,0.2278345823287964,0.9226222634315491,0.228998601436615,-8.311726570129395,8.268147468566895,0.009636374190449715,0.0480356439948082,478707,8.01466649863869,7.409922749502584,16.2342892435845,0.7240473591344003,0.2759526408655997,140057,0.8825806712530322,0.11741932874696781,86534,0.0917992815375328,0.0005690544494427741,29.344458249397576,0.033224429935216904,0.9667755700647831,0.11358002573251724,0.24950198829174042,0.011977355927228928,0.5029942989349365,0.4970057010650635,0.5185688138008118,0.5404223203659058,0.6007941961288452,0.5029942989349365,0.4970057010650635,0.5029942989349365,0.4970057010650635,0.6705756934693186,0.32942430653068144,0.9672011733055115,0.7177464189423909,0.2822535810576091,0.0,0.6029106711244447,0.39708932887555526,0.0,0.0,0.0,0.014261332340538502,0.008953284472227097,1.0,0.0,0.02512810379266739,0.0004700160934589803,429521
b2_cityscapes_val,2026-07-07 05:27:56,cityscapes,val,all,student_skd,/scratch/gautschi/manors/hf_cache/hub/models--nvidia--mit-b2/snapshots/3bb39e8739149c3777d0325349b2a6c32c6413db,runs/mit-b2_skd_j9196921/student_skd.ckpt,skd,img_000392,/home/manors/Guardrail-Distillation/data/cityscapes/leftImg8bit/val/munster/munster_000066_000019_leftImg8bit.png,,0.610216223624137,0.38978377637586303,0.9652301669120789,0.971045196056366,0.09171739965677261,0.07378577440977097,0.20205561816692352,0.9359902739524841,0.19204585254192352,-8.223224639892578,8.187721252441406,0.005803619511425495,0.038638193160295486,481596,8.006804273463786,7.433588500134647,16.316429246217012,1.0,0.0,147511,0.6098395762002159,0.3901604237997841,32197,0.07453017681837082,0.0004204273864161223,29.432610754156485,0.025551073253154755,0.9744489267468452,0.07005120813846588,0.20169934630393982,-0.00025247156736440957,0.49993687868118286,0.5000631213188171,0.508863627910614,0.5261808037757874,0.6115506291389465,0.49993687868118286,0.5000631213188171,0.49993687868118286,0.5000631213188171,0.6858478098965897,0.31415219010341033,0.9681413173675537,1.0,0.0,0.0,0.7577634188171942,0.24223658118280578,0.14792384261697833,0.0756315862724527,0.0756315862724527,0.013565311208367348,0.01065415795892477,0.9243684137275473,0.0756315862724527,0.02635403908789158,0.0008243423653766513,439461
b2_cityscapes_val,2026-07-07 05:27:56,cityscapes,val,all,student_skd,/scratch/gautschi/manors/hf_cache/hub/models--nvidia--mit-b2/snapshots/3bb39e8739149c3777d0325349b2a6c32c6413db,runs/mit-b2_skd_j9196921/student_skd.ckpt,skd,img_000393,/home/manors/Guardrail-Distillation/data/cityscapes/leftImg8bit/val/munster/munster_000067_000019_leftImg8bit.png,,0.6867262654774755,0.3132737345225245,0.9828261137008667,0.9840051531791687,0.06821393966674805,0.04087434336543083,0.14969900250434875,0.9628366231918335,0.115794837474823,-8.434320449829102,8.414891242980957,0.0023505508434027433,0.020859133452177048,436068,8.006804273463786,7.433588500134647,16.316429246217012,0.981307635822349,0.018692364177650966,102836,0.4633203991583134,0.5366796008416865,75532,0.041171345859766006,0.00023738143499940634,29.432610754156485,0.01599697396159172,0.9840030260384083,0.012870078906416893,0.1121257022023201,-0.005415537394583225,0.4986461102962494,0.5013538897037506,0.503776490688324,0.5131947994232178,0.6325016021728516,0.4986461102962494,0.5013538897037506,0.4986461102962494,0.5013538897037506,0.5972544379853724,0.40274556201462763,0.9827275276184082,0.9841307635417548,0.01586923645824523,0.002823127719405738,0.5696096154316872,0.4303903845683128,0.10628921627337373,0.0,0.0,0.005086362827569246,0.005184971261769533,1.0,0.0,0.011023510247468948,0.00011236780119361356,414813
b2_cityscapes_val,2026-07-07 05:27:56,cityscapes,val,all,student_skd,/scratch/gautschi/manors/hf_cache/hub/models--nvidia--mit-b2/snapshots/3bb39e8739149c3777d0325349b2a6c32c6413db,runs/mit-b2_skd_j9196921/student_skd.ckpt,skd,img_000394,/home/manors/Guardrail-Distillation/data/cityscapes/leftImg8bit/val/munster/munster_000068_000019_leftImg8bit.png,,0.6305904177792615,0.3694095822207385,0.9578888416290283,0.9657831192016602,0.09923410415649414,0.08710668236017227,0.21770566701889038,0.9244290590286255,0.22745460271835327,-7.8393659591674805,7.797337055206299,0.006854670122265816,0.04664701595902443,482153,8.006804273463786,7.433588500134647,16.316429246217012,1.0,0.0,150859,0.6567797635382772,0.34322023646172284,37624,0.08793440461158752,0.0005560205318033695,29.432610754156485,0.03267831727862358,0.9673216827213764,0.1128513365983963,0.24577517807483673,0.006321507506072521,0.5015804171562195,0.4984195828437805,0.5161506533622742,0.5376677513122559,0.5967893004417419,0.5015804171562195,0.4984195828437805,0.5015804171562195,0.4984195828437805,0.6950524033378489,0.3049475966621511,0.964984118938446,1.0,0.0,0.0,0.8241060349631888,0.1758939650368112,0.16732627142491163,0.0644619855585874,0.0644619855585874,0.01492887083441019,0.007833613082766533,0.9355380144414126,0.0644619855585874,0.024716218933463097,0.0015493007376790047,432517
b2_cityscapes_val,2026-07-07 05:27:56,cityscapes,val,all,student_skd,/scratch/gautschi/manors/hf_cache/hub/models--nvidia--mit-b2/snapshots/3bb39e8739149c3777d0325349b2a6c32c6413db,runs/mit-b2_skd_j9196921/student_skd.ckpt,skd,img_000395,/home/manors/Guardrail-Distillation/data/cityscapes/leftImg8bit/val/munster/munster_000069_000019_leftImg8bit.png,,0.6660698552564577,0.3339301447435423,0.9707268476486206,0.9772863984107971,0.08452747762203217,0.05956083908677101,0.19574736058712006,0.949118435382843,0.15825490653514862,-8.464344024658203,8.43606185913086,0.006548818200826645,0.03122168779373169,483446,8.006804273463786,7.433588500134647,16.316429246217012,0.9179061509822851,0.08209384901771488,150859,0.5455104049079675,0.45448959509203246,86743,0.06028168275952339,0.00046770134940743446,29.432610754156485,0.02238655276596546,0.9776134472340345,0.042272694408893585,0.17084674537181854,-0.0030150804668664932,0.4992462396621704,0.5007537603378296,0.5057615637779236,0.520858108997345,0.6067557334899902,0.4992462396621704,0.5007537603378296,0.4992462396621704,0.5007537603378296,0.7035510350896858,0.29644896491031425,0.9741584658622742,0.9273038079600155,0.07269619203998445,0.009397656977730429,0.6170144725401467,0.38298552745985326,0.0715040676321792,0.03748117983322807,0.03748117983322807,0.009169586934149265,0.005737972911447287,0.9625188201667719,0.03748117983322807,0.0179440937936306,0.0005481480620801449,451417
b2_cityscapes_val,2026-07-07 05:27:56,cityscapes,val,all,student_skd,/scratch/gautschi/manors/hf_cache/hub/models--nvidia--mit-b2/snapshots/3bb39e8739149c3777d0325349b2a6c32c6413db,runs/mit-b2_skd_j9196921/student_skd.ckpt,skd,img_000396,/home/manors/Guardrail-Distillation/data/cityscapes/leftImg8bit/val/munster/munster_000070_000019_leftImg8bit.png,,0.5367936601375609,0.4632063398624391,0.9572048187255859,0.965704619884491,0.10097000002861023,0.09145651012659073,0.23515546321868896,0.9222651720046997,0.23974744975566864,-7.84567403793335,7.8030924797058105,0.009500973857939243,0.04564230144023895,478372,8.014988241484389,7.425462506944314,16.319379239575937,0.9869407083766628,0.013059291623337188,150859,0.45799968668807994,0.54200031331192,31111,0.0925268903374672,0.000694556045345962,29.468382737832144,0.0385710783302784,0.9614289216697216,0.14403802156448364,0.28095149993896484,0.013153892941772938,0.5032883882522583,0.4967116117477417,0.521218478679657,0.5456481575965881,0.5912591814994812,0.5032883882522583,0.4967116117477417,0.5032883882522583,0.4967116117477417,0.5905162995057025,0.4094837004942975,0.9582375288009644,0.9832274206586936,0.01677257934130638,0.0,0.5975591147108866,0.40244088528911337,0.13955942802280663,0.05372263936814159,0.05372263936814159,0.012444290332496166,0.011411621235311031,0.9462773606318584,0.05372263936814159,0.027765002101659775,0.0012605253141373396,430382
b2_cityscapes_val,2026-07-07 05:27:56,cityscapes,val,all,student_skd,/scratch/gautschi/manors/hf_cache/hub/models--nvidia--mit-b2/snapshots/3bb39e8739149c3777d0325349b2a6c32c6413db,runs/mit-b2_skd_j9196921/student_skd.ckpt,skd,img_000397,/home/manors/Guardrail-Distillation/data/cityscapes/leftImg8bit/val/munster/munster_000071_000019_leftImg8bit.png,,0.561948172008475,0.438051827991525,0.9661474823951721,0.9771052598953247,0.08053407818078995,0.05959654971957207,0.17946135997772217,0.9468460083007812,0.16371779143810272,-8.299081802368164,8.27131175994873,0.0035841327626258135,0.02972343936562538,482683,8.014988241484389,7.425462506944314,16.319379239575937,0.9646910642185014,0.03530893578149863,150859,0.3767862684501083,0.6232137315498917,35843,0.06012209132313728,0.0004069871793035418,29.468382737832144,0.0237360130995512,0.9762639869004488,0.044951364398002625,0.20080283284187317,0.0008733037975616753,0.5002183318138123,0.49978166818618774,0.507718563079834,0.5273900032043457,0.6157558560371399,0.5002183318138123,0.49978166818618774,0.5002183318138123,0.49978166818618774,0.559991135721203,0.44000886427879704,0.9642332196235657,0.9426485359491668,0.057351464050833245,0.0,0.3794471053973801,0.62055289460262,0.0026608369472717053,0.0,0.0,0.006787062622606754,0.008701362647116184,1.0,0.0,0.016899289563298225,0.00027761489036493003,448786
b2_cityscapes_val,2026-07-07 05:27:56,cityscapes,val,all,student_skd,/scratch/gautschi/manors/hf_cache/hub/models--nvidia--mit-b2/snapshots/3bb39e8739149c3777d0325349b2a6c32c6413db,runs/mit-b2_skd_j9196921/student_skd.ckpt,skd,img_000398,/home/manors/Guardrail-Distillation/data/cityscapes/leftImg8bit/val/munster/munster_000072_000019_leftImg8bit.png,,0.5314439426848724,0.4685560573151276,0.9722731113433838,0.9754739999771118,0.0836886316537857,0.06288276612758636,0.18428941071033478,0.9445410370826721,0.16676115989685059,-8.246988296508789,8.217119216918945,0.003998534753918648,0.031986210495233536,483177,8.014988241484389,7.425462506944314,16.319379239575937,0.7163619278388625,0.28363807216113746,150859,0.2517939871874279,0.748206012812572,59202,0.06341901421546936,0.00036361056845635176,29.468382737832144,0.02494645118713379,0.9750535488128662,0.06252145767211914,0.20540234446525574,0.0017932838527485728,0.5004483461380005,0.4995516538619995,0.5095403790473938,0.5277450680732727,0.6109282374382019,0.5004483461380005,0.4995516538619995,0.5004483461380005,0.4995516538619995,0.6111238820008008,0.3888761179991992,0.9761495590209961,0.6654800079247437,0.3345199920752563,0.0,0.45350870156084205,0.5464912984391579,0.20171471437341415,0.07967993931592843,0.07967993931592843,0.00991355162113905,0.006037125363945961,0.9203200606840716,0.07967993931592843,0.01746564917266369,0.00040978772449307144,447008
b2_cityscapes_val,2026-07-07 05:27:56,cityscapes,val,all,student_skd,/scratch/gautschi/manors/hf_cache/hub/models--nvidia--mit-b2/snapshots/3bb39e8739149c3777d0325349b2a6c32c6413db,runs/mit-b2_skd_j9196921/student_skd.ckpt,skd,img_000399,/home/manors/Guardrail-Distillation/data/cityscapes/leftImg8bit/val/munster/munster_000073_000019_leftImg8bit.png,,0.8519357683773359,0.14806423162266413,0.9831187725067139,0.9843953251838684,0.06605155766010284,0.039742279797792435,0.14113672077655792,0.9619247913360596,0.12140318006277084,-7.9064040184021,7.887627601623535,0.001677337451837957,0.019767286255955696,482312,8.014988241484389,7.425462506944314,16.319379239575937,0.6772618134893462,0.3227381865106538,150640,0.8822190708058285,0.11778092919417149,70050,0.04014965891838074,0.00022209766029845923,29.468382737832144,0.015459814108908176,0.9845401858910918,0.01899140141904354,0.09558156132698059,-0.006547188386321068,0.498363196849823,0.501636803150177,0.5046154856681824,0.5164638161659241,0.6236240267753601,0.498363196849823,0.501636803150177,0.498363196849823,0.501636803150177,0.7844132375029951,0.21558676249700492,0.986458957195282,0.6859712810058678,0.3140287189941322,0.008709467516521574,0.8913514050967878,0.10864859490321221,0.009132334290959276,0.0,0.0,0.006108079105615616,0.002767917700111866,1.0,0.0,0.009238832630217075,0.00042918274994008243,459349
b2_cityscapes_val,2026-07-07 05:27:56,cityscapes,val,all,student_skd,/scratch/gautschi/manors/hf_cache/hub/models--nvidia--mit-b2/snapshots/3bb39e8739149c3777d0325349b2a6c32c6413db,runs/mit-b2_skd_j9196921/student_skd.ckpt,skd,img_000400,/home/manors/Guardrail-Distillation/data/cityscapes/leftImg8bit/val/munster/munster_000074_000019_leftImg8bit.png,,0.7307137579492515,0.26928624205074847,0.9590652585029602,0.9752283692359924,0.08457619696855545,0.0652867779135704,0.19292539358139038,0.9430777430534363,0.17318381369113922,-7.982083320617676,7.951783180236816,0.005299531854689121,0.03150789067149162,466645,7.976461492944509,7.427809265209362,16.29240726470016,0.9766688930281987,0.023331106971801296,132359,0.6630176681611307,0.3369823318388693,74809,0.06580280512571335,0.00032142625423148274,29.41435223328881,0.027869340032339096,0.9721306599676609,0.08255153149366379,0.21394087374210358,0.007417577784508467,0.5018543601036072,0.4981456398963928,0.513795793056488,0.5378205180168152,0.6101537942886353,0.5018543601036072,0.4981456398963928,0.5018543601036072,0.4981456398963928,0.7698080098628178,0.23019199013718217,0.9635354280471802,0.9906872024360066,0.009312797563993391,0.014018309407807905,0.7279927373274268,0.27200726267257325,0.06497506916629603,0.0390942519135663,0.0390942519135663,0.010974081233143806,0.0065038735046982765,0.9609057480864337,0.0390942519135663,0.019044455140829086,0.0007800362072885036,431964
b2_cityscapes_val,2026-07-07 05:27:56,cityscapes,val,all,student_skd,/scratch/gautschi/manors/hf_cache/hub/models--nvidia--mit-b2/snapshots/3bb39e8739149c3777d0325349b2a6c32c6413db,runs/mit-b2_skd_j9196921/student_skd.ckpt,skd,img_000401,/home/manors/Guardrail-Distillation/data/cityscapes/leftImg8bit/val/munster/munster_000075_000019_leftImg8bit.png,,0.6407293037946116,0.35927069620538843,0.985710859298706,0.987787127494812,0.0619276687502861,0.03220400586724281,0.14140941202640533,0.9696376919746399,0.10039173066616058,-8.165623664855957,8.150492668151855,0.003210076130926609,0.015959568321704865,473509,7.976461492944509,7.427809265209362,16.29240726470016,0.9972603181297144,0.002739681870285615,136963,0.48540351433720763,0.5145964856627924,69104,0.03251279518008232,0.00021169228421058506,29.41435223328881,0.01453083474189043,0.9854691652581096,0.01614280976355076,0.07390028238296509,-0.004850646480917931,0.49878737330436707,0.5012126266956329,0.504631757736206,0.5150046348571777,0.6332664489746094,0.49878737330436707,0.5012126266956329,0.49878737330436707,0.5012126266956329,0.6599858681272244,0.3400141318727756,0.987480640411377,0.9958778995656346,0.00412210043436545,0.0,0.5220095446706247,0.47799045532937534,0.03660603033341703,0.019256564332612802,0.019256564332612802,0.00637791445478797,0.004608148708939552,0.9807434356673872,0.019256564332612802,0.012031449936330318,0.00024497948470525444,457054
b2_cityscapes_val,2026-07-07 05:27:56,cityscapes,val,all,student_skd,/scratch/gautschi/manors/hf_cache/hub/models--nvidia--mit-b2/snapshots/3bb39e8739149c3777d0325349b2a6c32c6413db,runs/mit-b2_skd_j9196921/student_skd.ckpt,skd,img_000402,/home/manors/Guardrail-Distillation/data/cityscapes/leftImg8bit/val/munster/munster_000076_000019_leftImg8bit.png,,0.5182990922388064,0.48170090776119356,0.9674991965293884,0.9711971879005432,0.09175378084182739,0.07609070837497711,0.2099185436964035,0.9337378740310669,0.20433282852172852,-7.944604873657227,7.909219264984131,0.006532173603773117,0.038844551891088486,493557,7.976461492944509,7.427809265209362,16.29240726470016,0.9831320596879443,0.01686794031205574,150859,0.24707332101047444,0.7529266789895256,13568,0.07680590450763702,0.0003951444523409009,29.41435223328881,0.029767870903015137,0.9702321290969849,0.08816441148519516,0.22907301783561707,0.0062869577668607235,0.501571774482727,0.49842822551727295,0.5139259099960327,0.5375543832778931,0.607375979423523,0.501571774482727,0.49842822551727295,0.501571774482727,0.49842822551727295,0.4570758040053557,0.5429241959946443,0.9696164727210999,0.9855955206510407,0.014404479348959276,0.0024634609630964643,0.24255850942967508,0.757441490570325,0.0,0.0,0.0,0.00992590468376875,0.007808621972799301,1.0,0.0,0.01943848468363285,0.0002451591135468334,451390
b2_cityscapes_val,2026-07-07 05:27:56,cityscapes,val,all,student_skd,/scratch/gautschi/manors/hf_cache/hub/models--nvidia--mit-b2/snapshots/3bb39e8739149c3777d0325349b2a6c32c6413db,runs/mit-b2_skd_j9196921/student_skd.ckpt,skd,img_000403,/home/manors/Guardrail-Distillation/data/cityscapes/leftImg8bit/val/munster/munster_000077_000019_leftImg8bit.png,,0.6749528023993432,0.3250471976006568,0.9697481989860535,0.9728571176528931,0.08927217870950699,0.06999749690294266,0.20018954575061798,0.9406276345252991,0.17572209239006042,-8.112482070922852,8.079164505004883,0.00567940529435873,0.036593999713659286,487375,7.976461492944509,7.427809265209362,16.29240726470016,1.0,0.0,150859,0.850629588055375,0.14937041194462497,13930,0.07048051059246063,0.00042914244113489985,29.41435223328881,0.029170824214816093,0.9708291757851839,0.08492404222488403,0.2388797253370285,0.008241918869316578,0.5020604729652405,0.4979395270347595,0.5156750082969666,0.5368918180465698,0.6216248273849487,0.5020604729652405,0.4979395270347595,0.5020604729652405,0.4979395270347595,0.7140475561153886,0.2859524438846114,0.9717938303947449,1.0,0.0,0.0,0.810118089367814,0.18988191063218596,0.0,0.03909475371604543,0.03909475371604543,0.012341626919806004,0.010295974090695381,0.9609052462839546,0.03909475371604543,0.02461349219083786,0.000896640180144459,447791
b2_cityscapes_val,2026-07-07 05:27:57,cityscapes,val,all,student_skd,/scratch/gautschi/manors/hf_cache/hub/models--nvidia--mit-b2/snapshots/3bb39e8739149c3777d0325349b2a6c32c6413db,runs/mit-b2_skd_j9196921/student_skd.ckpt,skd,img_000404,/home/manors/Guardrail-Distillation/data/cityscapes/leftImg8bit/val/munster/munster_000078_000019_leftImg8bit.png,,0.7342502981240352,0.2657497018759648,0.9377813935279846,0.9651045203208923,0.09695038199424744,0.09192363172769547,0.21526651084423065,0.9169591665267944,0.25547724962234497,-8.1491117477417,8.10681438446045,0.005587016697973013,0.04484391584992409,487201,7.99092699890025,7.424468261888251,16.36725474963896,0.6362679495915364,0.36373205040846357,150859,0.6371670004291433,0.3628329995708567,82193,0.09316227585077286,0.000770885671954602,29.453696741256863,0.04344731196761131,0.9565526880323887,0.16844354569911957,0.28961506485939026,0.016172755509614944,0.5040431022644043,0.4959568977355957,0.5236598253250122,0.5491786599159241,0.5811159610748291,0.5040431022644043,0.4959568977355957,0.5040431022644043,0.4959568977355957,0.6966756532052913,0.30332434679470865,0.9471491575241089,0.6356113401957457,0.3643886598042543,0.0,0.6424370994024422,0.3575629005975578,0.005270098973298887,0.0,0.0,0.017565647140145302,0.008197848685085773,1.0,0.0,0.02799871191382408,0.0013608346926048398,435503
b2_cityscapes_val,2026-07-07 05:27:57,cityscapes,val,all,student_skd,/scratch/gautschi/manors/hf_cache/hub/models--nvidia--mit-b2/snapshots/3bb39e8739149c3777d0325349b2a6c32c6413db,runs/mit-b2_skd_j9196921/student_skd.ckpt,skd,img_000405,/home/manors/Guardrail-Distillation/data/cityscapes/leftImg8bit/val/munster/munster_000079_000019_leftImg8bit.png,,0.7842822880847966,0.2157177119152034,0.9740782976150513,0.9810944199562073,0.07265619188547134,0.04978448152542114,0.16064657270908356,0.9517902731895447,0.1586347073316574,-7.765380859375,7.7425432205200195,0.00276782619766891,0.023577703163027763,488470,7.99092699890025,7.424468261888251,16.36725474963896,0.9756811374858234,0.024318862514176587,150859,0.7914319502086621,0.20856804979133792,29039,0.05033118650317192,0.000341889972332865,29.453696741256863,0.021142568439245224,0.9788574315607548,0.04427148774266243,0.1487489491701126,-0.0015895167598500848,0.49960264563560486,0.5003973543643951,0.5080598592758179,0.5219108462333679,0.6155403256416321,0.49960264563560486,0.5003973543643951,0.49960264563560486,0.5003973543643951,0.7075288836236765,0.2924711163763235,0.9740414023399353,0.9696369987927753,0.030363001207224682,0.0,0.7827977505834265,0.2172022494165735,0.0,0.0,0.0,0.007607427425682545,0.007644277065992355,1.0,0.0,0.016271214932203293,0.0005363686941564083,460485
b2_cityscapes_val,2026-07-07 05:27:57,cityscapes,val,all,student_skd,/scratch/gautschi/manors/hf_cache/hub/models--nvidia--mit-b2/snapshots/3bb39e8739149c3777d0325349b2a6c32c6413db,runs/mit-b2_skd_j9196921/student_skd.ckpt,skd,img_000406,/home/manors/Guardrail-Distillation/data/cityscapes/leftImg8bit/val/munster/munster_000080_000019_leftImg8bit.png,,0.6553689422284867,0.34463105777151326,0.9612140655517578,0.9728810787200928,0.09029250591993332,0.07101084291934967,0.2073957473039627,0.9391624927520752,0.18680177628993988,-8.283866882324219,8.25035285949707,0.006737619172781706,0.03666069358587265,492162,7.99092699890025,7.424468261888251,16.36725474963896,0.9199668594681186,0.08003314053188137,150859,0.585545839952188,0.414454160047812,89633,0.07192891836166382,0.0006207918631844223,29.453696741256863,0.029533008113503456,0.9704669918864965,0.08506150543689728,0.23435962200164795,0.006403661333024502,0.5016009211540222,0.4983990788459778,0.5139789581298828,0.5341447591781616,0.6064161658287048,0.5016009211540222,0.4983990788459778,0.5016009211540222,0.4983990788459778,0.6732391107773783,0.3267608892226217,0.9703736305236816,0.9427915023999308,0.057208497600069186,0.02282464293181219,0.5905820757937132,0.40941792420628675,0.005036235841525238,0.017870168548891563,0.017870168548891563,0.014950362965464592,0.005790776573121548,0.9821298314511084,0.017870168548891563,0.0241262037307024,0.0017026914283633232,452899
b2_cityscapes_val,2026-07-07 05:27:57,cityscapes,val,all,student_skd,/scratch/gautschi/manors/hf_cache/hub/models--nvidia--mit-b2/snapshots/3bb39e8739149c3777d0325349b2a6c32c6413db,runs/mit-b2_skd_j9196921/student_skd.ckpt,skd,img_000407,/home/manors/Guardrail-Distillation/data/cityscapes/leftImg8bit/val/munster/munster_000081_000019_leftImg8bit.png,,0.6256626051733027,0.37433739482669726,0.9758864045143127,0.9823338389396667,0.07049062103033066,0.04417808726429939,0.1501186341047287,0.9604038000106812,0.11729086935520172,-8.759556770324707,8.73823356628418,0.0019446806982159615,0.022698037326335907,495197,7.99092699890025,7.424468261888251,16.36725474963896,0.7229153710399903,0.27708462896000974,150859,0.9947466064179571,0.005253393582042909,163323,0.044610247015953064,0.00022946918033994734,29.453696741256863,0.016032172366976738,0.9839678276330233,0.017589520663022995,0.10922843962907791,-0.004671056754887104,0.49883222579956055,0.5011677742004395,0.5033777356147766,0.5128482580184937,0.6179497241973877,0.49883222579956055,0.5011677742004395,0.49883222579956055,0.5011677742004395,0.6738228149536478,0.3261771850463522,0.9803451895713806,0.8441208183470658,0.15587918165293424,0.1212054473070755,0.9921872608267054,0.007812739173294614,0.0,0.048160209780345076,0.048160209780345076,0.008404736407101154,0.003945904318243265,0.9518397902196549,0.048160209780345076,0.012928188778460026,0.001183367450721562,468380
b2_cityscapes_val,2026-07-07 05:27:57,cityscapes,val,all,student_skd,/scratch/gautschi/manors/hf_cache/hub/models--nvidia--mit-b2/snapshots/3bb39e8739149c3777d0325349b2a6c32c6413db,runs/mit-b2_skd_j9196921/student_skd.ckpt,skd,img_000408,/home/manors/Guardrail-Distillation/data/cityscapes/leftImg8bit/val/munster/munster_000082_000019_leftImg8bit.png,,0.6417456900064717,0.35825430999352825,0.9668897390365601,0.978735625743866,0.07679996639490128,0.051344770938158035,0.15667417645454407,0.9541981220245361,0.13209575414657593,-8.42743968963623,8.401850700378418,0.001211350318044424,0.028478845953941345,495315,8.019732485990971,7.418827997753397,16.323507763445377,0.887531216275345,0.11246878372465496,150859,0.9132414301692491,0.08675856983075092,152135,0.051721978932619095,0.00029507954604923725,29.417197743896395,0.018266774713993073,0.9817332252860069,0.030491026118397713,0.1411103755235672,-0.0029610132332891226,0.49925974011421204,0.500740259885788,0.5052669644355774,0.5198786854743958,0.6247839331626892,0.49925974011421204,0.500740259885788,0.49925974011421204,0.500740259885788,0.6466892802029713,0.35331071979702866,0.9757447242736816,0.921554388509267,0.07844561149073304,0.03402317223392193,0.9090350233542968,0.09096497664570324,0.0,0.004943590196499592,0.004943590196499592,0.011830855160951614,0.0029758841264992952,0.9950564098035004,0.004943590196499592,0.015226674266159534,0.00038965101703070104,462637
b2_cityscapes_val,2026-07-07 05:27:57,cityscapes,val,all,student_skd,/scratch/gautschi/manors/hf_cache/hub/models--nvidia--mit-b2/snapshots/3bb39e8739149c3777d0325349b2a6c32c6413db,runs/mit-b2_skd_j9196921/student_skd.ckpt,skd,img_000409,/home/manors/Guardrail-Distillation/data/cityscapes/leftImg8bit/val/munster/munster_000083_000019_leftImg8bit.png,,0.564369963651651,0.43563003634834896,0.9389848113059998,0.959693431854248,0.10998020321130753,0.10546527057886124,0.2517029643058777,0.9107357263565063,0.2716576159000397,-8.083410263061523,8.033066749572754,0.012353316880762577,0.055612388998270035,489747,8.019732485990971,7.418827997753397,16.323507763445377,0.8898998844344139,0.11010011556558608,150859,0.4876318219264138,0.5123681780735863,68690,0.10669837892055511,0.0007493723533116281,29.417197743896395,0.04625324159860611,0.9537467584013939,0.17478515207767487,0.32253217697143555,0.021832557395100594,0.5054579377174377,0.49454206228256226,0.5259838104248047,0.5585137009620667,0.5861034393310547,0.5054579377174377,0.49454206228256226,0.5054579377174377,0.49454206228256226,0.6005345845166356,0.39946541548336445,0.9557057023048401,0.8642151043382132,0.13578489566178675,0.0,0.5756459419589056,0.4243540580410944,0.08801412003249187,0.03616462086498451,0.03616462086498451,0.02599913813173771,0.009278260171413422,0.9638353791350155,0.03616462086498451,0.0416949987411499,0.005200644489377737,432647
b2_cityscapes_val,2026-07-07 05:27:57,cityscapes,val,all,student_skd,/scratch/gautschi/manors/hf_cache/hub/models--nvidia--mit-b2/snapshots/3bb39e8739149c3777d0325349b2a6c32c6413db,runs/mit-b2_skd_j9196921/student_skd.ckpt,skd,img_000410,/home/manors/Guardrail-Distillation/data/cityscapes/leftImg8bit/val/munster/munster_000084_000019_leftImg8bit.png,,0.675168176048821,0.32483182395117904,0.9356032013893127,0.9476728439331055,0.11656329035758972,0.1378830522298813,0.2608645558357239,0.8853756189346313,0.3298130929470062,-7.853644371032715,7.789806365966797,0.010498053394258022,0.06764079630374908,491996,8.019732485990971,7.418827997753397,16.323507763445377,0.912511823184276,0.08748817681572396,150859,0.7951445709632067,0.20485542903679332,28666,0.13913820683956146,0.0007774931145831943,29.417197743896395,0.06478886306285858,0.9352111369371414,0.25578200817108154,0.3438812494277954,0.03738008439540863,0.5093439221382141,0.4906560778617859,0.5456380248069763,0.5662996768951416,0.6083760857582092,0.5093439221382141,0.4906560778617859,0.5093439221382141,0.4906560778617859,0.703040097933369,0.29695990206663103,0.9385523796081543,0.6512086600758819,0.34879133992411815,0.0,0.7873829905018848,0.21261700949811524,0.0,0.027871921884548012,0.027871921884548012,0.02533557265996933,0.02238636277616024,0.972128078115452,0.027871921884548012,0.05039675161242485,0.002219530288130045,414422
b2_cityscapes_val,2026-07-07 05:27:57,cityscapes,val,all,student_skd,/scratch/gautschi/manors/hf_cache/hub/models--nvidia--mit-b2/snapshots/3bb39e8739149c3777d0325349b2a6c32c6413db,runs/mit-b2_skd_j9196921/student_skd.ckpt,skd,img_000411,/home/manors/Guardrail-Distillation/data/cityscapes/leftImg8bit/val/munster/munster_000085_000019_leftImg8bit.png,,0.7315816462766707,0.26841835372332934,0.9560633301734924,0.9642619490623474,0.09844277799129486,0.09180197864770889,0.21342989802360535,0.9185500741004944,0.24270208179950714,-8.2011137008667,8.157695770263672,0.0056520127691328526,0.04600460082292557,460367,8.019732485990971,7.418827997753397,16.323507763445377,0.8006007897818771,0.1993992102181229,134441,0.874928637818268,0.12507136218173198,54486,0.09270603209733963,0.0005858991062268615,29.417197743896395,0.03631555289030075,0.9636844471096992,0.13073194026947021,0.2580515742301941,0.012781744822859764,0.5031953454017639,0.4968046545982361,0.520808219909668,0.5420807600021362,0.6079674363136292,0.5031953454017639,0.4968046545982361,0.5031953454017639,0.4968046545982361,0.6550593393461391,0.34494066065386086,0.9639070630073547,0.8645073792019201,0.1354926207980799,0.06390658942004301,0.5255637497457502,0.47443625025424985,0.0,0.0,0.0,0.019391052424907684,0.011547309346497059,1.0,0.0,0.03288029134273529,0.0025783777236938477,410612
b2_cityscapes_val,2026-07-07 05:27:57,cityscapes,val,all,student_skd,/scratch/gautschi/manors/hf_cache/hub/models--nvidia--mit-b2/snapshots/3bb39e8739149c3777d0325349b2a6c32c6413db,runs/mit-b2_skd_j9196921/student_skd.ckpt,skd,img_000412,/home/manors/Guardrail-Distillation/data/cityscapes/leftImg8bit/val/munster/munster_000086_000019_leftImg8bit.png,,0.5144466221899188,0.48555337781008123,0.9696125984191895,0.9757846593856812,0.08182850480079651,0.061478663235902786,0.1747426837682724,0.9441448450088501,0.16699154675006866,-8.300612449645996,8.271350860595703,0.0029165155719965696,0.031172707676887512,485168,8.015473751584068,7.419460511300713,16.308256512274966,0.9495221092009231,0.05047789079907694,150859,0.4430563466635622,0.5569436533364378,96329,0.06204503774642944,0.00037619195063598454,29.44527647923678,0.023022271692752838,0.9769777283072472,0.05816043168306351,0.17945492267608643,-0.000971778470557183,0.4997570514678955,0.5002429485321045,0.5073450207710266,0.5236321687698364,0.6130232810974121,0.4997570514678955,0.5002429485321045,0.4997570514678955,0.5002429485321045,0.6132147018932945,0.3867852981067055,0.9742377996444702,0.9354135522364723,0.06458644776352773,0.0,0.43990058164833923,0.5600994183516608,0.0,0.09876807970337576,0.09876807970337576,0.012107145972549915,0.007481944281607866,0.9012319202966242,0.09876807970337576,0.020401179790496826,0.0009357583476230502,449526
b2_cityscapes_val,2026-07-07 05:27:57,cityscapes,val,all,student_skd,/scratch/gautschi/manors/hf_cache/hub/models--nvidia--mit-b2/snapshots/3bb39e8739149c3777d0325349b2a6c32c6413db,runs/mit-b2_skd_j9196921/student_skd.ckpt,skd,img_000413,/home/manors/Guardrail-Distillation/data/cityscapes/leftImg8bit/val/munster/munster_000087_000019_leftImg8bit.png,,0.5789742297172432,0.4210257702827568,0.9785523414611816,0.9849777221679688,0.06497544050216675,0.03836404159665108,0.13951250910758972,0.9640949368476868,0.11113876104354858,-8.531634330749512,8.513519287109375,0.0019809079822152853,0.018802423030138016,493713,8.015473751584068,7.419460511300713,16.308256512274966,0.9118249487591864,0.0881750512408136,150859,0.32957814524452644,0.6704218547554736,107106,0.038764599710702896,0.00022877752780914307,29.44527647923678,0.01253561768680811,0.9874643823131919,0.0122227156534791,0.06715403497219086,-0.008420049212872982,0.4978949725627899,0.5021050274372101,0.5035650134086609,0.5097136497497559,0.6266345977783203,0.4978949725627899,0.5021050274372101,0.4978949725627899,0.5021050274372101,0.6608513391984547,0.33914866080154527,0.9801666736602783,0.9194931441802155,0.08050685581978445,0.007668195421029145,0.34261730683725666,0.6573826931627433,0.01303916159273022,0.08187710948121152,0.08187710948121152,0.005349261686205864,0.0037349637132138014,0.9181228905187885,0.08187710948121152,0.010779542848467827,0.00016811386740300804,471147
b2_cityscapes_val,2026-07-07 05:27:57,cityscapes,val,all,student_skd,/scratch/gautschi/manors/hf_cache/hub/models--nvidia--mit-b2/snapshots/3bb39e8739149c3777d0325349b2a6c32c6413db,runs/mit-b2_skd_j9196921/student_skd.ckpt,skd,img_000414,/home/manors/Guardrail-Distillation/data/cityscapes/leftImg8bit/val/munster/munster_000088_000019_leftImg8bit.png,,0.6359902121628355,0.36400978783716453,0.9766601324081421,0.984983503818512,0.06330308318138123,0.03992482274770737,0.13784615695476532,0.9598671793937683,0.12997739017009735,-8.386066436767578,8.368149757385254,0.0013456292217597365,0.017841292545199394,491220,8.015473751584068,7.419460511300713,16.308256512274966,0.6536861519138424,0.3463138480861576,150859,0.4454440384173266,0.5545559615826734,74833,0.0402897372841835,0.0002162349846912548,29.44527647923678,0.016145864501595497,0.9838541354984045,0.025419026613235474,0.10334540903568268,-0.0037603697273880243,0.49905988574028015,0.5009401142597198,0.504623293876648,0.5167489647865295,0.6335991024971008,0.49905988574028015,0.5009401142597198,0.49905988574028015,0.5009401142597198,0.7182425369030988,0.2817574630969012,0.9769552946090698,0.6522749848122761,0.3477250151877239,0.0,0.5521248848189068,0.44787511518109324,0.10668084640158015,0.08225232474026334,0.08225232474026334,0.006072635296732187,0.005777452141046524,0.9177476752597367,0.08225232474026334,0.012485240586102009,0.0006738324882462621,468883
b2_cityscapes_val,2026-07-07 05:27:57,cityscapes,val,all,student_skd,/scratch/gautschi/manors/hf_cache/hub/models--nvidia--mit-b2/snapshots/3bb39e8739149c3777d0325349b2a6c32c6413db,runs/mit-b2_skd_j9196921/student_skd.ckpt,skd,img_000415,/home/manors/Guardrail-Distillation/data/cityscapes/leftImg8bit/val/munster/munster_000089_000019_leftImg8bit.png,,0.7989987575566693,0.20100124244333073,0.9703248143196106,0.9756162166595459,0.08250122517347336,0.06335894018411636,0.18171218037605286,0.9430670142173767,0.17279493808746338,-8.233619689941406,8.204054832458496,0.003819479839876294,0.030901584774255753,491690,8.015473751584068,7.419460511300713,16.308256512274966,0.9609721181064551,0.03902788189354489,150859,0.8623982022139752,0.13760179778602477,34341,0.0639573484659195,0.000378467608243227,29.44527647923678,0.023539595305919647,0.9764604046940804,0.05798274651169777,0.17781531810760498,-0.00016359354776795954,0.4999591112136841,0.5000408887863159,0.5078609585762024,0.5239598155021667,0.6158196330070496,0.4999591112136841,0.5000408887863159,0.4999591112136841,0.5000408887863159,0.7858127781805239,0.21418722181947614,0.9707193970680237,0.9504307678583344,0.04956923214166564,0.0,0.887233053909378,0.11276694609062199,0.024834851695402782,0.0,0.0,0.010598141700029373,0.010203584097325802,1.0,0.0,0.02213386446237564,0.0006996278534643352,455297
b2_cityscapes_val,2026-07-07 05:27:58,cityscapes,val,all,student_skd,/scratch/gautschi/manors/hf_cache/hub/models--nvidia--mit-b2/snapshots/3bb39e8739149c3777d0325349b2a6c32c6413db,runs/mit-b2_skd_j9196921/student_skd.ckpt,skd,img_000416,/home/manors/Guardrail-Distillation/data/cityscapes/leftImg8bit/val/munster/munster_000090_000019_leftImg8bit.png,,0.5388190419547013,0.4611809580452987,0.9568995237350464,0.9650072455406189,0.10267937928438187,0.09254992753267288,0.23805661499500275,0.922935426235199,0.23281915485858917,-7.891692161560059,7.848135948181152,0.010318782180547714,0.04779086634516716,492500,7.9876027593854815,7.425331772537902,16.289592487737536,0.6495571919141271,0.3504428080858729,150859,0.35187417862170345,0.6481258213782966,26207,0.09349064528942108,0.0006046780035831034,29.418404505122453,0.03976479545235634,0.9602352045476437,0.16259513795375824,0.29788854718208313,0.01702841743826866,0.5042570233345032,0.4957429766654968,0.5280067920684814,0.5590922832489014,0.6165271401405334,0.5042570233345032,0.4957429766654968,0.5042570233345032,0.4957429766654968,0.5552545415844876,0.4447454584155124,0.9591858386993408,0.6418292364892771,0.35817076351072286,0.0,0.3439359810842639,0.6560640189157361,0.0,0.0164354996297863,0.0164354996297863,0.014702538959681988,0.012416244484484196,0.9835645003702137,0.0164354996297863,0.03044264018535614,0.0005360406357795,441667
b2_cityscapes_val,2026-07-07 05:27:58,cityscapes,val,all,student_skd,/scratch/gautschi/manors/hf_cache/hub/models--nvidia--mit-b2/snapshots/3bb39e8739149c3777d0325349b2a6c32c6413db,runs/mit-b2_skd_j9196921/student_skd.ckpt,skd,img_000417,/home/manors/Guardrail-Distillation/data/cityscapes/leftImg8bit/val/munster/munster_000091_000019_leftImg8bit.png,,0.6022399471254171,0.39776005287458294,0.9671216607093811,0.9771108031272888,0.08022703230381012,0.05996633693575859,0.1797226071357727,0.9459892511367798,0.16521841287612915,-8.428163528442383,8.40035629272461,0.0038260859437286854,0.028677308931946754,490841,7.9876027593854815,7.425331772537902,16.289592487737536,0.4999933712058439,0.500006628794156,150857,0.6471577825693974,0.3528422174306026,76556,0.0608513168990612,0.0005764637026004493,29.418404505122453,0.03044217824935913,0.9695578217506409,0.0977044552564621,0.22211098670959473,0.006351294461637735,0.5015878081321716,0.49841219186782837,0.5177920460700989,0.5358525514602661,0.6027194261550903,0.5015878081321716,0.49841219186782837,0.5015878081321716,0.49841219186782837,0.608658468360364,0.39134153163963603,0.972235381603241,0.4999668560292197,0.5000331439707804,0.0,0.6039463495174652,0.3960536504825348,0.0,0.006418521234946906,0.006418521234946906,0.010801868513226509,0.005688196048140526,0.9935814787650531,0.006418521234946906,0.01841125637292862,0.0014240863965824246,456724
b2_cityscapes_val,2026-07-07 05:27:58,cityscapes,val,all,student_skd,/scratch/gautschi/manors/hf_cache/hub/models--nvidia--mit-b2/snapshots/3bb39e8739149c3777d0325349b2a6c32c6413db,runs/mit-b2_skd_j9196921/student_skd.ckpt,skd,img_000418,/home/manors/Guardrail-Distillation/data/cityscapes/leftImg8bit/val/munster/munster_000092_000019_leftImg8bit.png,,0.5316365018330523,0.46836349816694767,0.9692420363426208,0.9759107828140259,0.0836615264415741,0.062093138694763184,0.18423759937286377,0.9450528621673584,0.1674749106168747,-8.151256561279297,8.121838569641113,0.00471916189417243,0.032116085290908813,449868,7.9876027593854815,7.425331772537902,16.289592487737536,1.0,0.0,113187,0.4924751727231884,0.5075248272768116,74697,0.06278238445520401,0.000420265132561326,29.418404505122453,0.02664504200220108,0.9733549579977989,0.06824741512537003,0.21353663504123688,0.004307660739868879,0.5010769367218018,0.49892306327819824,0.5107330679893494,0.5313723683357239,0.6162548065185547,0.5010769367218018,0.49892306327819824,0.5010769367218018,0.49892306327819824,0.5648343011982891,0.43516569880171085,0.9736410975456238,1.0,0.0,0.0,0.413353032276481,0.586646967723519,0.0,0.03319779936523681,0.03319779936523681,0.011343327350914478,0.006944258697330952,0.9668022006347632,0.03319779936523681,0.019701333716511726,0.0007602229597978294,417491
b2_cityscapes_val,2026-07-07 05:27:58,cityscapes,val,all,student_skd,/scratch/gautschi/manors/hf_cache/hub/models--nvidia--mit-b2/snapshots/3bb39e8739149c3777d0325349b2a6c32c6413db,runs/mit-b2_skd_j9196921/student_skd.ckpt,skd,img_000419,/home/manors/Guardrail-Distillation/data/cityscapes/leftImg8bit/val/munster/munster_000093_000019_leftImg8bit.png,,0.5997087659021925,0.40029123409780754,0.9480627775192261,0.9783155918121338,0.07659903913736343,0.056810274720191956,0.16739526391029358,0.9471750259399414,0.16252757608890533,-8.346437454223633,8.320387840270996,0.0026102252304553986,0.026651227846741676,482717,7.9876027593854815,7.425331772537902,16.289592487737536,0.9735487999466388,0.026451200053361212,145520,0.48664911045105186,0.5133508895489481,65360,0.0572853684425354,0.000297904247418046,29.418404505122453,0.0208789873868227,0.9791210126131773,0.0447961799800396,0.15586085617542267,-2.1517154891625978e-05,0.4999946355819702,0.5000053644180298,0.508675217628479,0.5225867629051208,0.6220695972442627,0.4999946355819702,0.5000053644180298,0.4999946355819702,0.5000053644180298,0.5319831832040034,0.4680168167959966,0.9502068758010864,0.9884234579459609,0.01157654205403913,0.014874657999322083,0.32639250390421654,0.6736074960957834,0.0,0.0,0.0,0.009144074283540249,0.0069999611005187035,1.0,0.0,0.01701411046087742,0.0002693089481908828,450578
b2_cityscapes_val,2026-07-07 05:27:58,cityscapes,val,all,student_skd,/scratch/gautschi/manors/hf_cache/hub/models--nvidia--mit-b2/snapshots/3bb39e8739149c3777d0325349b2a6c32c6413db,runs/mit-b2_skd_j9196921/student_skd.ckpt,skd,img_000420,/home/manors/Guardrail-Distillation/data/cityscapes/leftImg8bit/val/munster/munster_000094_000019_leftImg8bit.png,,0.5571014680138895,0.4428985319861105,0.9497390985488892,0.964056670665741,0.10094901919364929,0.09461851418018341,0.2299620807170868,0.9192267060279846,0.2426910102367401,-8.053352355957031,8.009242057800293,0.007762067019939423,0.04764970764517784,475260,7.997005246579647,7.4246402364224195,16.31291225203313,0.4990163584589838,0.5009836415410163,149953,0.4199758640452963,0.5800241359547037,30055,0.09566975384950638,0.0006211280706338584,29.429123736917973,0.042021360248327255,0.9579786397516727,0.16104720532894135,0.3089383840560913,0.015123488381505013,0.5037807822227478,0.4962192177772522,0.5244686603546143,0.5506533980369568,0.6074908375740051,0.5037807822227478,0.4962192177772522,0.5037807822227478,0.4962192177772522,0.5769690094977884,0.4230309905022116,0.9562407732009888,0.49975992477642994,0.5002400752235701,0.0007435663174462093,0.45634767882081917,0.5436523211791808,0.03637181477552287,0.01986754148389891,0.01986754148389891,0.017260026186704636,0.010758321732282639,0.9801324585161011,0.01986754148389891,0.03129445016384125,0.001117283129133284,424259
b2_cityscapes_val,2026-07-07 05:27:58,cityscapes,val,all,student_skd,/scratch/gautschi/manors/hf_cache/hub/models--nvidia--mit-b2/snapshots/3bb39e8739149c3777d0325349b2a6c32c6413db,runs/mit-b2_skd_j9196921/student_skd.ckpt,skd,img_000421,/home/manors/Guardrail-Distillation/data/cityscapes/leftImg8bit/val/munster/munster_000095_000019_leftImg8bit.png,,0.6324605049605516,0.3675394950394484,0.9537917971611023,0.9710343480110168,0.08920833468437195,0.07684192806482315,0.20151109993457794,0.9311858415603638,0.20976606011390686,-8.180179595947266,8.14503002166748,0.004936804063618183,0.03642750531435013,484524,7.997005246579647,7.4246402364224195,16.31291225203313,0.9388801675774955,0.061119832422504516,150859,0.6044009414755807,0.39559905852441934,57334,0.07763110846281052,0.0004636820522136986,29.429123736917973,0.03313450887799263,0.9668654911220074,0.1075955480337143,0.24582543969154358,0.013469562865793705,0.5033673644065857,0.4966326355934143,0.5196288228034973,0.5434741377830505,0.5941369533538818,0.5033673644065857,0.4966326355934143,0.5033673644065857,0.4966326355934143,0.708102340071057,0.291897659928943,0.9544501900672913,0.9235891818561468,0.0764108181438532,0.0,0.6688949130016411,0.33110508699835894,0.0644939715260604,0.07564183511050537,0.07564183511050537,0.01142564695328474,0.01076726894825697,0.9243581648894946,0.07564183511050537,0.02705954760313034,0.0004808843368664384,442280
b2_cityscapes_val,2026-07-07 05:27:58,cityscapes,val,all,student_skd,/scratch/gautschi/manors/hf_cache/hub/models--nvidia--mit-b2/snapshots/3bb39e8739149c3777d0325349b2a6c32c6413db,runs/mit-b2_skd_j9196921/student_skd.ckpt,skd,img_000422,/home/manors/Guardrail-Distillation/data/cityscapes/leftImg8bit/val/munster/munster_000096_000019_leftImg8bit.png,,0.5563565162519394,0.4436434837480606,0.9724037647247314,0.9781927466392517,0.07691217958927155,0.054410483688116074,0.16180062294006348,0.951233983039856,0.14235888421535492,-8.26910400390625,8.242907524108887,0.0018494402756914496,0.02730952948331833,495285,7.997005246579647,7.4246402364224195,16.31291225203313,0.9574264839213509,0.04257351607864912,150859,0.38464090843595866,0.6153590915640413,71967,0.05486028641462326,0.0002909787290263921,29.429123736917973,0.020007768645882607,0.9799922313541174,0.04405473917722702,0.1494837999343872,-0.0038524321280419827,0.49903684854507446,0.5009631514549255,0.5069130063056946,0.5187433958053589,0.6235495209693909,0.49903684854507446,0.5009631514549255,0.49903684854507446,0.5009631514549255,0.6055968243416617,0.39440317565833827,0.9748266339302063,0.9575644268071271,0.042435573192872944,0.00013794288577617664,0.49884495391623496,0.501155046083765,0.1142040454802763,0.04924030808972235,0.04924030808972235,0.009386515244841576,0.006963667459785938,0.9507596919102776,0.04924030808972235,0.01714366488158703,0.00043611254659481347,461797
b2_cityscapes_val,2026-07-07 05:27:58,cityscapes,val,all,student_skd,/scratch/gautschi/manors/hf_cache/hub/models--nvidia--mit-b2/snapshots/3bb39e8739149c3777d0325349b2a6c32c6413db,runs/mit-b2_skd_j9196921/student_skd.ckpt,skd,img_000423,/home/manors/Guardrail-Distillation/data/cityscapes/leftImg8bit/val/munster/munster_000097_000019_leftImg8bit.png,,0.7526865638831294,0.24731343611687062,0.9412462711334229,0.9602713584899902,0.10444441437721252,0.10006630420684814,0.22614143788814545,0.9149993658065796,0.2448650747537613,-8.077472686767578,8.028956413269043,0.006671298760920763,0.05255983769893646,492258,7.997005246579647,7.4246402364224195,16.31291225203313,0.9531744031980441,0.04682559680195586,150859,0.8236213329219572,0.17637866707804284,74138,0.10101044178009033,0.0006530994432978332,29.429123736917973,0.044230103492736816,0.9557698965072632,0.18318749964237213,0.31261342763900757,0.01917353831231594,0.5047932267189026,0.4952067732810974,0.5289255976676941,0.553379237651825,0.6028103828430176,0.5047932267189026,0.4952067732810974,0.5047932267189026,0.4952067732810974,0.7913703403278433,0.20862965967215674,0.9551210999488831,0.9664904950258925,0.03350950497410754,0.01331609182784832,0.8360001643340941,0.16399983566590592,0.012378831412136915,0.03868377644471388,0.03868377644471388,0.02623014897108078,0.012355309911072254,0.9613162235552861,0.03868377644471388,0.04224411025643349,0.0017145480960607529,432587
b2_cityscapes_val,2026-07-07 05:27:58,cityscapes,val,all,student_skd,/scratch/gautschi/manors/hf_cache/hub/models--nvidia--mit-b2/snapshots/3bb39e8739149c3777d0325349b2a6c32c6413db,runs/mit-b2_skd_j9196921/student_skd.ckpt,skd,img_000424,/home/manors/Guardrail-Distillation/data/cityscapes/leftImg8bit/val/munster/munster_000098_000019_leftImg8bit.png,,0.6711654541415512,0.32883454585844885,0.978613018989563,0.9825263023376465,0.06974659115076065,0.04348954185843468,0.14707361161708832,0.9604834318161011,0.11763142049312592,-8.504585266113281,8.483560562133789,0.001625274308025837,0.022239001467823982,495301,8.012602513190359,7.429784745909274,16.317218745825812,0.9685882663829536,0.03141173361704641,150859,0.5660726147651247,0.4339273852348753,171638,0.04388431832194328,0.0003038970462512225,29.474568262230605,0.017312971875071526,0.9826870281249285,0.024798190221190453,0.12216035276651382,-0.004481374751776457,0.49887967109680176,0.5011203289031982,0.5054265856742859,0.5184817314147949,0.6202287673950195,0.49887967109680176,0.5011203289031982,0.49887967109680176,0.5011203289031982,0.6873581727237982,0.3126418272762018,0.983250617980957,0.9831325813419222,0.016867418658077837,0.014544314958968574,0.5843751906378227,0.41562480936217727,0.018302575872698013,0.016192718582247023,0.016192718582247023,0.008473635651171207,0.0038360513281077147,0.983807281417753,0.016192718582247023,0.013068821281194687,0.00029477025964297354,468527
b2_cityscapes_val,2026-07-07 05:27:58,cityscapes,val,all,student_skd,/scratch/gautschi/manors/hf_cache/hub/models--nvidia--mit-b2/snapshots/3bb39e8739149c3777d0325349b2a6c32c6413db,runs/mit-b2_skd_j9196921/student_skd.ckpt,skd,img_000425,/home/manors/Guardrail-Distillation/data/cityscapes/leftImg8bit/val/munster/munster_000099_000019_leftImg8bit.png,,0.7855465221350444,0.2144534778649556,0.9791948795318604,0.9824903011322021,0.0693046897649765,0.043416593223810196,0.14488540589809418,0.9608768224716187,0.1149047240614891,-8.494573593139648,8.473573684692383,0.0012750617461279035,0.021829623728990555,494878,8.012602513190359,7.429784745909274,16.317218745825812,0.9456018217282842,0.05439817827171578,150859,0.8281915209688574,0.1718084790311426,150538,0.043722983449697495,0.00024051043146755546,29.474568262230605,0.016292612999677658,0.9837073870003223,0.01907704956829548,0.12070748209953308,-0.004924978129565716,0.49876874685287476,0.5012312531471252,0.5045321583747864,0.5160999894142151,0.6290923357009888,0.49876874685287476,0.5012312531471252,0.49876874685287476,0.5012312531471252,0.764523649749619,0.23547635025038105,0.9760870337486267,0.9400871125270417,0.05991288747295831,0.0,0.9383923456855195,0.06160765431448045,0.11020082471666215,0.0,0.0,0.005292213521897793,0.00840004999190569,1.0,0.0,0.014328784309327602,0.0001070971047738567,467710
b2_cityscapes_val,2026-07-07 05:27:58,cityscapes,val,all,student_skd,/scratch/gautschi/manors/hf_cache/hub/models--nvidia--mit-b2/snapshots/3bb39e8739149c3777d0325349b2a6c32c6413db,runs/mit-b2_skd_j9196921/student_skd.ckpt,skd,img_000426,/home/manors/Guardrail-Distillation/data/cityscapes/leftImg8bit/val/munster/munster_000100_000019_leftImg8bit.png,,0.7265371726528552,0.2734628273471448,0.9769117832183838,0.9886038899421692,0.05614541098475456,0.028416279703378677,0.11592822521924973,0.9720195531845093,0.08811841160058975,-8.48719310760498,8.473562240600586,0.0006555016152560711,0.014364849776029587,480548,8.012602513190359,7.429784745909274,16.317218745825812,0.4819102431737803,0.5180897568262197,136569,0.9825088339222615,0.017491166077738485,22640,0.028744880110025406,0.00018654369341675192,29.474568262230605,0.016175009310245514,0.9838249906897545,0.02262081205844879,0.09320355206727982,-0.0029320900794118643,0.49926698207855225,0.5007330179214478,0.5062492489814758,0.5181397199630737,0.615528404712677,0.49926698207855225,0.5007330179214478,0.49926698207855225,0.5007330179214478,0.6952938266472062,0.3047061733527938,0.974402129650116,0.4785785939708133,0.5214214060291866,0.0,0.9741166077738516,0.02588339222614844,0.0,0.0,0.0,0.003935090731829405,0.006444725673645735,1.0,0.0,0.010537968948483467,0.00013526223483495414,463518
b2_cityscapes_val,2026-07-07 05:27:58,cityscapes,val,all,student_skd,/scratch/gautschi/manors/hf_cache/hub/models--nvidia--mit-b2/snapshots/3bb39e8739149c3777d0325349b2a6c32c6413db,runs/mit-b2_skd_j9196921/student_skd.ckpt,skd,img_000427,/home/manors/Guardrail-Distillation/data/cityscapes/leftImg8bit/val/munster/munster_000101_000019_leftImg8bit.png,,0.5208207414235296,0.47917925857647037,0.9641092419624329,0.9704845547676086,0.09690148383378983,0.07464882731437683,0.21762150526046753,0.939479410648346,0.1773107349872589,-8.587552070617676,8.550541877746582,0.009521901607513428,0.041886769235134125,479316,8.012602513190359,7.429784745909274,16.317218745825812,0.9396655535944624,0.060334446405537645,150859,0.39669363225178594,0.603306367748214,52326,0.07524346560239792,0.00042799051152542233,29.474568262230605,0.029712427407503128,0.9702875725924969,0.07722634077072144,0.2545577883720398,0.004824215080589056,0.5012060403823853,0.49879395961761475,0.5114935636520386,0.536109983921051,0.6241238713264465,0.5012060403823853,0.49879395961761475,0.5012060403823853,0.49879395961761475,0.521927375278062,0.478072624721938,0.9667901396751404,0.9558032455004785,0.04419675449952154,0.016137691906016105,0.4947329822307093,0.5052670177692907,0.09803934997892327,0.0011066338545323573,0.0011066338545323573,0.011727127246558666,0.009046223945915699,0.9988933661454676,0.0011066338545323573,0.024101009592413902,0.001228834385983646,438465
b2_cityscapes_val,2026-07-07 05:27:58,cityscapes,val,all,student_skd,/scratch/gautschi/manors/hf_cache/hub/models--nvidia--mit-b2/snapshots/3bb39e8739149c3777d0325349b2a6c32c6413db,runs/mit-b2_skd_j9196921/student_skd.ckpt,skd,img_000428,/home/manors/Guardrail-Distillation/data/cityscapes/leftImg8bit/val/munster/munster_000102_000019_leftImg8bit.png,,0.6956530283936566,0.3043469716063434,0.940118134021759,0.9542894959449768,0.11263509839773178,0.11727117747068405,0.25075292587280273,0.9031659960746765,0.2775617241859436,-8.016066551208496,7.959841728210449,0.009711626917123795,0.062072888016700745,490649,7.97728550969623,7.4208884907420725,16.303586744470522,0.9190128560344749,0.08098714396552509,150859,0.7828534584952614,0.21714654150473855,28012,0.11831948906183243,0.000713902700226754,29.422645253362134,0.05242497846484184,0.9475750215351582,0.22472095489501953,0.3362690210342407,0.031783655285835266,0.5079452395439148,0.4920547604560852,0.5399714708328247,0.5710165500640869,0.6003676652908325,0.5079452395439148,0.4920547604560852,0.5079452395439148,0.4920547604560852,0.6944338010748085,0.30556619892519155,0.9444389343261719,0.9366465352793214,0.0633534647206786,0.01763367924484649,0.7686019442492713,0.2313980557507287,0.0,0.0,0.0,0.020342445001006126,0.016021637246012688,1.0,0.0,0.04012440890073776,0.0008397041819989681,423364
b2_cityscapes_val,2026-07-07 05:27:58,cityscapes,val,all,student_skd,/scratch/gautschi/manors/hf_cache/hub/models--nvidia--mit-b2/snapshots/3bb39e8739149c3777d0325349b2a6c32c6413db,runs/mit-b2_skd_j9196921/student_skd.ckpt,skd,img_000429,/home/manors/Guardrail-Distillation/data/cityscapes/leftImg8bit/val/munster/munster_000103_000019_leftImg8bit.png,,0.7489785687820047,0.25102143121799525,0.9641231298446655,0.9704713821411133,0.09262140095233917,0.077480748295784,0.20869046449661255,0.9333889484405518,0.19931671023368835,-8.448771476745605,8.412517547607422,0.0069712079130113125,0.039034705609083176,492741,7.97728550969623,7.4208884907420725,16.303586744470522,0.9152718454805582,0.08472815451944182,150859,0.648320921621178,0.35167907837882195,76090,0.07831046730279922,0.0005779161001555622,29.422645253362134,0.031069258227944374,0.9689307417720556,0.09730261564254761,0.24245572090148926,0.004125921055674553,0.5010315179824829,0.4989684820175171,0.5109886527061462,0.5338682532310486,0.6091575026512146,0.5010315179824829,0.4989684820175171,0.5010315179824829,0.4989684820175171,0.5846699133532249,0.41533008664677507,0.9657081365585327,0.9260320430193184,0.07396795698068159,0.01076019753876023,0.6027315268807445,0.3972684731192555,0.0,0.0,0.0,0.011381233111023903,0.009796221740543842,1.0,0.0,0.023675724864006042,0.0004891007556580007,449321
b2_cityscapes_val,2026-07-07 05:27:58,cityscapes,val,all,student_skd,/scratch/gautschi/manors/hf_cache/hub/models--nvidia--mit-b2/snapshots/3bb39e8739149c3777d0325349b2a6c32c6413db,runs/mit-b2_skd_j9196921/student_skd.ckpt,skd,img_000430,/home/manors/Guardrail-Distillation/data/cityscapes/leftImg8bit/val/munster/munster_000104_000019_leftImg8bit.png,,0.5560076087196967,0.4439923912803033,0.9535015225410461,0.9658056497573853,0.09799852222204208,0.08845296502113342,0.21736499667167664,0.9247377514839172,0.2189386934041977,-8.254233360290527,8.212422370910645,0.0069526927545666695,0.04472401738166809,482403,7.97728550969623,7.4208884907420725,16.303586744470522,0.8527367024546472,0.14726329754535283,150859,0.517135639369984,0.48286436063001603,62235,0.08929803222417831,0.0005628017825074494,29.422645253362134,0.033644936978816986,0.966355063021183,0.11427312344312668,0.25709643959999084,0.008611409924924374,0.5021528601646423,0.49784713983535767,0.5175643563270569,0.5408589243888855,0.5989987850189209,0.5021528601646423,0.49784713983535767,0.5021528601646423,0.49784713983535767,0.5887080255413679,0.4112919744586321,0.9702261090278625,0.8383866617305875,0.1616133382694125,0.0,0.5736709985219323,0.42632900147806774,0.056535359151948295,0.03270041682167124,0.03270041682167124,0.025296276435256004,0.008571671321988106,0.9672995831783288,0.03270041682167124,0.036689240485429764,0.0037271741311997175,433003
b2_cityscapes_val,2026-07-07 05:27:59,cityscapes,val,all,student_skd,/scratch/gautschi/manors/hf_cache/hub/models--nvidia--mit-b2/snapshots/3bb39e8739149c3777d0325349b2a6c32c6413db,runs/mit-b2_skd_j9196921/student_skd.ckpt,skd,img_000431,/home/manors/Guardrail-Distillation/data/cityscapes/leftImg8bit/val/munster/munster_000105_000019_leftImg8bit.png,,0.5440426088541014,0.4559573911458986,0.9489294290542603,0.9662322402000427,0.09841801971197128,0.08838383108377457,0.22459687292575836,0.9263452291488647,0.216560959815979,-8.305100440979004,8.263615608215332,0.007699687499552965,0.04425486922264099,490929,7.97728550969623,7.4208884907420725,16.303586744470522,1.0,0.0,150859,0.5102234944489508,0.48977650555104923,21004,0.08936990052461624,0.0006427326006814837,29.422645253362134,0.03420178219676018,0.9657982178032398,0.12243004888296127,0.2615434229373932,0.007963944226503372,0.5019909739494324,0.4980090260505676,0.5169402360916138,0.5371142625808716,0.5990620255470276,0.5019909739494324,0.4980090260505676,0.5019909739494324,0.4980090260505676,0.5901407508096101,0.40985924919038985,0.9577637314796448,1.0,0.0,0.0,0.5358193982689367,0.46418060173106335,0.025595903819985888,0.046098141955508765,0.046098141955508765,0.017750021070241928,0.008915749378502369,0.9539018580444912,0.046098141955508765,0.030464690178632736,0.0006110863178037107,440536
b2_cityscapes_val,2026-07-07 05:27:59,cityscapes,val,all,student_skd,/scratch/gautschi/manors/hf_cache/hub/models--nvidia--mit-b2/snapshots/3bb39e8739149c3777d0325349b2a6c32c6413db,runs/mit-b2_skd_j9196921/student_skd.ckpt,skd,img_000432,/home/manors/Guardrail-Distillation/data/cityscapes/leftImg8bit/val/munster/munster_000106_000019_leftImg8bit.png,,0.5877192203343226,0.41228077966567744,0.9709992408752441,0.9776408672332764,0.08187172561883926,0.05751853436231613,0.18457315862178802,0.9510530829429626,0.14701507985591888,-8.423357009887695,8.395862579345703,0.005173291079699993,0.029784372076392174,487504,7.979238725965843,7.422701484756544,16.318487760145217,0.939006554296208,0.06099344570379195,150859,0.6667415534087368,0.33325844659126325,45719,0.05794380605220795,0.0003054241824429482,29.42438324680552,0.026319483295083046,0.973680516704917,0.04616232216358185,0.2241791933774948,0.0053031486459076405,0.501325786113739,0.498674213886261,0.5082908272743225,0.5345599055290222,0.6109718084335327,0.501325786113739,0.498674213886261,0.501325786113739,0.498674213886261,0.518421865804076,0.481578134195924,0.9657008051872253,0.9315695403941668,0.06843045960583316,0.0,0.5074408117379068,0.4925591882620932,0.0,0.0,0.0,0.005335340742021799,0.010633759200572968,1.0,0.0,0.01822754368185997,0.00028717712848447263,454543
b2_cityscapes_val,2026-07-07 05:27:59,cityscapes,val,all,student_skd,/scratch/gautschi/manors/hf_cache/hub/models--nvidia--mit-b2/snapshots/3bb39e8739149c3777d0325349b2a6c32c6413db,runs/mit-b2_skd_j9196921/student_skd.ckpt,skd,img_000433,/home/manors/Guardrail-Distillation/data/cityscapes/leftImg8bit/val/munster/munster_000107_000019_leftImg8bit.png,,0.6011788048553507,0.3988211951446493,0.9678335189819336,0.975399374961853,0.08181282877922058,0.063851498067379,0.17816293239593506,0.9417526125907898,0.17375655472278595,-8.165566444396973,8.1358642578125,0.0033651478588581085,0.03045448660850525,493589,7.979238725965843,7.422701484756544,16.318487760145217,0.8547056285838984,0.14529437141610158,150859,0.8099983791772511,0.19000162082274885,55460,0.06444822251796722,0.0003244972904212773,29.42438324680552,0.02867751009762287,0.9713224899023771,0.08086563646793365,0.20491836965084076,0.0022766597103327513,0.5005691647529602,0.4994308352470398,0.5111573934555054,0.529833972454071,0.6001639366149902,0.5005691647529602,0.4994308352470398,0.5005691647529602,0.4994308352470398,0.6518454769351107,0.34815452306488925,0.9756598472595215,0.8904446716104525,0.10955532838954751,0.03573904302655406,0.9396727998966334,0.06032720010336656,0.1296744207193823,0.050666672079760056,0.050666672079760056,0.013687500730156898,0.005861151497811079,0.9493333279202399,0.050666672079760056,0.02066091261804104,0.0016754829557612538,457181
b2_cityscapes_val,2026-07-07 05:27:59,cityscapes,val,all,student_skd,/scratch/gautschi/manors/hf_cache/hub/models--nvidia--mit-b2/snapshots/3bb39e8739149c3777d0325349b2a6c32c6413db,runs/mit-b2_skd_j9196921/student_skd.ckpt,skd,img_000434,/home/manors/Guardrail-Distillation/data/cityscapes/leftImg8bit/val/munster/munster_000108_000019_leftImg8bit.png,,0.5586379578689264,0.44136204213107355,0.9547761678695679,0.9720038175582886,0.09196467697620392,0.07136024534702301,0.20679695904254913,0.9417071342468262,0.16715894639492035,-8.624770164489746,8.590129852294922,0.006683878134936094,0.03797871246933937,489985,7.979238725965843,7.422701484756544,16.318487760145217,0.9294865064317889,0.07051349356821113,150859,0.39654800977307947,0.6034519902269205,55597,0.07191534340381622,0.0004072906158398837,29.42438324680552,0.03147454559803009,0.9685254544019699,0.08771635591983795,0.2582325041294098,0.01249912939965725,0.5031247735023499,0.49687522649765015,0.5146817564964294,0.5460745096206665,0.5984988808631897,0.5031247735023499,0.49687522649765015,0.5031247735023499,0.49687522649765015,0.6242268155798943,0.37577318442010565,0.9708276987075806,0.9257099093902115,0.07429009060978853,0.0,0.3862676532936295,0.6137323467063704,0.0,0.0655888577109679,0.0655888577109679,0.026223251596093178,0.01017174031585455,0.9344111422890321,0.0655888577109679,0.038462404161691666,0.0030796860810369253,448651
b2_cityscapes_val,2026-07-07 05:27:59,cityscapes,val,all,student_skd,/scratch/gautschi/manors/hf_cache/hub/models--nvidia--mit-b2/snapshots/3bb39e8739149c3777d0325349b2a6c32c6413db,runs/mit-b2_skd_j9196921/student_skd.ckpt,skd,img_000435,/home/manors/Guardrail-Distillation/data/cityscapes/leftImg8bit/val/munster/munster_000109_000019_leftImg8bit.png,,0.5708090675713396,0.42919093242866035,0.9742165207862854,0.980478823184967,0.07687127590179443,0.051665134727954865,0.17513620853424072,0.9531055092811584,0.14870457351207733,-8.831988334655762,8.80793285369873,0.004869045224040747,0.025569723919034004,449164,7.979238725965843,7.422701484756544,16.318487760145217,0.9754088646608052,0.02459113533919477,150859,0.4910757946210269,0.5089242053789731,28796,0.05233665555715561,0.0004145427665207535,29.42438324680552,0.019540296867489815,0.9804597031325102,0.02674364671111107,0.1342780739068985,-0.004615613259375095,0.4988461136817932,0.5011538863182068,0.5051339864730835,0.5165016651153564,0.6000210642814636,0.4988461136817932,0.5011538863182068,0.4988461136817932,0.5011538863182068,0.5476030769914474,0.4523969230085526,0.9769304394721985,0.9837933245154258,0.016206675484574218,0.008384459854620552,0.48440447083478866,0.5155955291652113,0.0,0.0,0.0,0.009833823889493942,0.007119893562048674,1.0,0.0,0.01855001598596573,0.0005120623973198235,423608
b2_cityscapes_val,2026-07-07 05:27:59,cityscapes,val,all,student_skd,/scratch/gautschi/manors/hf_cache/hub/models--nvidia--mit-b2/snapshots/3bb39e8739149c3777d0325349b2a6c32c6413db,runs/mit-b2_skd_j9196921/student_skd.ckpt,skd,img_000436,/home/manors/Guardrail-Distillation/data/cityscapes/leftImg8bit/val/munster/munster_000110_000019_leftImg8bit.png,,0.7302864200886834,0.2697135799113166,0.9741038084030151,0.974321186542511,0.08421310037374496,0.06602572649717331,0.1826528161764145,0.9405078291893005,0.17675767838954926,-8.553668022155762,8.522554397583008,0.003630555234849453,0.032463427633047104,472655,7.991299498826265,7.422327500535175,16.311434737872332,0.9889071665670154,0.011092833432984617,137940,0.4950314693778746,0.5049685306221254,82656,0.06661411374807358,0.000371790025383234,29.45353797986172,0.024194767698645592,0.9758052323013544,0.06703902035951614,0.17958594858646393,0.002436508424580097,0.5006090998649597,0.4993909001350403,0.5117632746696472,0.5267353057861328,0.5937013030052185,0.5006090998649597,0.4993909001350403,0.5006090998649597,0.4993909001350403,0.7242252663787138,0.27577473362128624,0.9767526388168335,0.9936880261746547,0.006311973825345318,0.004780859607639298,0.49348141871444134,0.5065185812855586,0.0,0.0,0.0,0.009869778528809547,0.007220912259072065,1.0,0.0,0.018178164958953857,0.00044853013241663575,436114
b2_cityscapes_val,2026-07-07 05:27:59,cityscapes,val,all,student_skd,/scratch/gautschi/manors/hf_cache/hub/models--nvidia--mit-b2/snapshots/3bb39e8739149c3777d0325349b2a6c32c6413db,runs/mit-b2_skd_j9196921/student_skd.ckpt,skd,img_000437,/home/manors/Guardrail-Distillation/data/cityscapes/leftImg8bit/val/munster/munster_000111_000019_leftImg8bit.png,,0.6021564573914702,0.39784354260852983,0.94907546043396,0.9711451530456543,0.08903517574071884,0.07486511766910553,0.19642509520053864,0.9327724575996399,0.2025398313999176,-8.067911148071289,8.03293228149414,0.004268418997526169,0.03662880137562752,492454,7.991299498826265,7.422327500535175,16.311434737872332,0.985645031597175,0.014354968402825019,150859,0.5234461225510038,0.47655387744899624,16599,0.0755472257733345,0.00047884415835142136,29.45353797986172,0.029438916593790054,0.97056108340621,0.09134213626384735,0.22487495839595795,0.006765199359506369,0.5016912817955017,0.4983087182044983,0.5158959031105042,0.5376720428466797,0.5973843932151794,0.5016912817955017,0.4983087182044983,0.5016912817955017,0.4983087182044983,0.6168374920067762,0.3831625079932238,0.9548302888870239,0.9760849940849059,0.0239150059150941,0.0,0.6359512106367817,0.3640487893632183,0.11250508808577797,0.01468103461530601,0.01468103461530601,0.01576797105371952,0.010013118386268616,0.985318965384694,0.01468103461530601,0.028213802725076675,0.001602180185727775,449071
b2_cityscapes_val,2026-07-07 05:27:59,cityscapes,val,all,student_skd,/scratch/gautschi/manors/hf_cache/hub/models--nvidia--mit-b2/snapshots/3bb39e8739149c3777d0325349b2a6c32c6413db,runs/mit-b2_skd_j9196921/student_skd.ckpt,skd,img_000438,/home/manors/Guardrail-Distillation/data/cityscapes/leftImg8bit/val/munster/munster_000112_000019_leftImg8bit.png,,0.5460970824629435,0.45390291753705647,0.9547972679138184,0.9673435688018799,0.09653425216674805,0.08396401256322861,0.21252159774303436,0.9261440634727478,0.22172141075134277,-7.906700134277344,7.866663455963135,0.0067191822454333305,0.043360792100429535,482648,7.991299498826265,7.422327500535175,16.311434737872332,0.9629132709467951,0.03708672905320487,150784,0.40564803347893996,0.59435196652106,54131,0.08467438071966171,0.0004646937595680356,29.45353797986172,0.03515969589352608,0.9648403041064739,0.12111488729715347,0.24622374773025513,0.013869257643818855,0.5034672617912292,0.49653273820877075,0.521834671497345,0.5454105138778687,0.5901422500610352,0.5034672617912292,0.49653273820877075,0.5034672617912292,0.49653273820877075,0.6188769086866995,0.38112309131330047,0.966768741607666,0.9801593013556792,0.01984069864432081,0.01724603040888406,0.6675626250450232,0.3324373749549768,0.2619145915660832,0.072779826223756,0.072779826223756,0.020830916240811348,0.00885945837944746,0.927220173776244,0.072779826223756,0.03230304270982742,0.001754902070388198,436125
b2_cityscapes_val,2026-07-07 05:27:59,cityscapes,val,all,student_skd,/scratch/gautschi/manors/hf_cache/hub/models--nvidia--mit-b2/snapshots/3bb39e8739149c3777d0325349b2a6c32c6413db,runs/mit-b2_skd_j9196921/student_skd.ckpt,skd,img_000439,/home/manors/Guardrail-Distillation/data/cityscapes/leftImg8bit/val/munster/munster_000113_000019_leftImg8bit.png,,0.6578842388207544,0.3421157611792456,0.9585173726081848,0.9697365760803223,0.0939398854970932,0.08109357953071594,0.21791502833366394,0.9299002885818481,0.21403354406356812,-8.098276138305664,8.060998916625977,0.007615705952048302,0.039539776742458344,487939,7.991299498826265,7.422327500535175,16.311434737872332,0.9383801308673123,0.06161986913268769,150859,0.9653519446283572,0.03464805537164284,20520,0.08183854818344116,0.00047711440129205585,29.45353797986172,0.033627256751060486,0.9663727432489395,0.1039997935295105,0.25757014751434326,0.011445991694927216,0.5028614401817322,0.4971385598182678,0.517139732837677,0.5435560345649719,0.6039450168609619,0.5028614401817322,0.4971385598182678,0.5028614401817322,0.4971385598182678,0.7715408853817736,0.22845911461822643,0.9688628911972046,0.9491516743951632,0.050848325604836764,0.010771543527850924,0.947791113901542,0.052208886098457974,0.0,0.11365664656101915,0.11365664656101915,0.01903516612946987,0.008689610287547112,0.8863433534389809,0.11365664656101915,0.030708756297826767,0.001619054819457233,444513
b2_cityscapes_val,2026-07-07 05:27:59,cityscapes,val,all,student_skd,/scratch/gautschi/manors/hf_cache/hub/models--nvidia--mit-b2/snapshots/3bb39e8739149c3777d0325349b2a6c32c6413db,runs/mit-b2_skd_j9196921/student_skd.ckpt,skd,img_000440,/home/manors/Guardrail-Distillation/data/cityscapes/leftImg8bit/val/munster/munster_000114_000019_leftImg8bit.png,,0.5795145429044525,0.4204854570955475,0.975797712802887,0.9758055210113525,0.08415217697620392,0.06303286552429199,0.1891617327928543,0.9440662860870361,0.1746147871017456,-7.376089572906494,7.346446990966797,0.004970950074493885,0.03167992830276489,493467,7.993135252036154,7.416007749270648,16.312054242007434,0.9888710621809988,0.01112893781900115,150859,0.3437217569988089,0.6562782430011911,8076,0.06357305496931076,0.0003878677380271256,29.426529741613194,0.032801445573568344,0.9671985544264317,0.10602305084466934,0.26215100288391113,0.012623345479369164,0.5031557679176331,0.49684423208236694,0.518328845500946,0.556506872177124,0.6328251957893372,0.5031557679176331,0.49684423208236694,0.5031557679176331,0.49684423208236694,0.6446417283373315,0.35535827166266853,0.9792123436927795,0.9885694872634123,0.011430512736587684,0.0,0.3604456938495765,0.6395543061504235,0.016723936850767562,0.06512718543287899,0.06512718543287899,0.01061469130218029,0.007200075779110193,0.934872814567121,0.06512718543287899,0.018971886485815048,0.0008045117137953639,457423
b2_cityscapes_val,2026-07-07 05:27:59,cityscapes,val,all,student_skd,/scratch/gautschi/manors/hf_cache/hub/models--nvidia--mit-b2/snapshots/3bb39e8739149c3777d0325349b2a6c32c6413db,runs/mit-b2_skd_j9196921/student_skd.ckpt,skd,img_000441,/home/manors/Guardrail-Distillation/data/cityscapes/leftImg8bit/val/munster/munster_000115_000019_leftImg8bit.png,,0.5340914304030897,0.4659085695969103,0.9565734267234802,0.9748847484588623,0.08687734603881836,0.06445648521184921,0.1939244121313095,0.9441694617271423,0.17013177275657654,-7.853012561798096,7.822032451629639,0.005723700392991304,0.03415209427475929,489194,7.993135252036154,7.416007749270648,16.312054242007434,1.0,0.0,150859,0.5933711054372405,0.4066288945627595,19628,0.06507489830255508,0.00038097045035101473,29.426529741613194,0.026743629947304726,0.9732563700526953,0.07137312740087509,0.20322008430957794,0.004609874449670315,0.5011524558067322,0.4988475441932678,0.513756275177002,0.5322391986846924,0.6179770231246948,0.5011524558067322,0.4988475441932678,0.5011524558067322,0.4988475441932678,0.600793661357518,0.399206338642482,0.9664835929870605,1.0,0.0,0.0,0.6142199016851773,0.38578009831482274,0.020848796247936785,0.06670223095442829,0.06670223095442829,0.017890652641654015,0.007980473339557648,0.9332977690455717,0.06670223095442829,0.028168782591819763,0.0036018427927047014,453130
b2_cityscapes_val,2026-07-07 05:27:59,cityscapes,val,all,student_skd,/scratch/gautschi/manors/hf_cache/hub/models--nvidia--mit-b2/snapshots/3bb39e8739149c3777d0325349b2a6c32c6413db,runs/mit-b2_skd_j9196921/student_skd.ckpt,skd,img_000442,/home/manors/Guardrail-Distillation/data/cityscapes/leftImg8bit/val/munster/munster_000116_000019_leftImg8bit.png,,0.5636755513219499,0.4363244486780501,0.9728366732597351,0.9803295731544495,0.0764540582895279,0.05335585027933121,0.1807858645915985,0.9536491632461548,0.14675895869731903,-7.803788661956787,7.779719829559326,0.0042600445449352264,0.0256329495459795,495300,7.993135252036154,7.416007749270648,16.312054242007434,0.9362911115285542,0.06370888847144585,150859,0.7014539799186529,0.2985460200813471,36026,0.053911395370960236,0.00034337470424361527,29.426529741613194,0.02910013496875763,0.9708998650312424,0.06319631636142731,0.2639632523059845,0.013257828541100025,0.5033143758773804,0.49668562412261963,0.5132783055305481,0.5548436641693115,0.6430051922798157,0.5033143758773804,0.49668562412261963,0.5033143758773804,0.49668562412261963,0.5592921155984633,0.44070788440153674,0.9733131527900696,0.8963381700239181,0.10366182997608187,0.0,0.7298457646997036,0.27015423530029636,0.028391784781050755,0.0,0.0,0.009551786817610264,0.009075308218598366,1.0,0.0,0.020280638709664345,0.000680395751260221,465485
b2_cityscapes_val,2026-07-07 05:27:59,cityscapes,val,all,student_skd,/scratch/gautschi/manors/hf_cache/hub/models--nvidia--mit-b2/snapshots/3bb39e8739149c3777d0325349b2a6c32c6413db,runs/mit-b2_skd_j9196921/student_skd.ckpt,skd,img_000443,/home/manors/Guardrail-Distillation/data/cityscapes/leftImg8bit/val/munster/munster_000117_000019_leftImg8bit.png,,0.6865827060707789,0.31341729392922113,0.9751796126365662,0.9819590449333191,0.07337424904108047,0.04694385826587677,0.16673950850963593,0.9591031074523926,0.12678921222686768,-8.259289741516113,8.237203598022461,0.0034300326369702816,0.0239389818161726,491249,7.993135252036154,7.416007749270648,16.312054242007434,0.9342371936714529,0.06576280632854714,150859,0.6634880115697672,0.3365119884302328,73225,0.0475761815905571,0.0003869135398417711,29.426529741613194,0.019847285002470016,0.98015271499753,0.020218636840581894,0.14849677681922913,-0.0019670953042805195,0.499508261680603,0.500491738319397,0.504472553730011,0.5218881964683533,0.6239289045333862,0.499508261680603,0.500491738319397,0.499508261680603,0.500491738319397,0.6252607073516339,0.37473929264836614,0.9793017506599426,0.9631553868083748,0.03684461319162524,0.0289181931369219,0.703359520460026,0.29664047953997397,0.03987150889025881,0.0,0.0,0.008842766284942627,0.004720620345324278,1.0,0.0,0.015043288469314575,0.0007959303911775351,464369
b2_cityscapes_val,2026-07-07 05:28:00,cityscapes,val,all,student_skd,/scratch/gautschi/manors/hf_cache/hub/models--nvidia--mit-b2/snapshots/3bb39e8739149c3777d0325349b2a6c32c6413db,runs/mit-b2_skd_j9196921/student_skd.ckpt,skd,img_000444,/home/manors/Guardrail-Distillation/data/cityscapes/leftImg8bit/val/munster/munster_000118_000019_leftImg8bit.png,,0.6966204809734964,0.3033795190265036,0.9803926944732666,0.9863959550857544,0.06088509038090706,0.034994129091501236,0.13076385855674744,0.9670834541320801,0.10173094272613525,-8.280373573303223,8.264111518859863,0.0011221712920814753,0.01670970395207405,488339,7.998607994522899,7.413011247990653,16.304066753946245,1.0,0.0,150859,0.6433695091071158,0.35663049089288423,25281,0.03545323386788368,0.00028853313415311277,29.454240255290642,0.01735283061861992,0.9826471693813801,0.020666051656007767,0.1228286623954773,-0.006621942855417728,0.4983445703983307,0.5016554296016693,0.5038704872131348,0.5169647932052612,0.626641571521759,0.4983445703983307,0.5016554296016693,0.4983445703983307,0.5016554296016693,0.7108708031183902,0.28912919688160976,0.9824609160423279,1.0,0.0,0.0,0.645404472088492,0.35459552791150795,0.002034962981376287,0.014250322144893857,0.014250322144893857,0.0071261972188949585,0.00505796167999506,0.9857496778551061,0.014250322144893857,0.013382096774876118,0.0005467513110488653,467855
b2_cityscapes_val,2026-07-07 05:28:00,cityscapes,val,all,student_skd,/scratch/gautschi/manors/hf_cache/hub/models--nvidia--mit-b2/snapshots/3bb39e8739149c3777d0325349b2a6c32c6413db,runs/mit-b2_skd_j9196921/student_skd.ckpt,skd,img_000445,/home/manors/Guardrail-Distillation/data/cityscapes/leftImg8bit/val/munster/munster_000119_000019_leftImg8bit.png,,0.7173711723756472,0.2826288276243528,0.9529314041137695,0.9640578627586365,0.09956604242324829,0.09246975928544998,0.21934548020362854,0.9187354445457458,0.2451934963464737,-8.04360294342041,7.9998250007629395,0.005801517050713301,0.04809308424592018,489010,7.998607994522899,7.413011247990653,16.304066753946245,0.6598640631423717,0.34013593685762833,150859,0.5967173916845954,0.40328260831540463,14922,0.09343890845775604,0.0005553053342737257,29.454240255290642,0.037270437926054,0.962729562073946,0.14217399060726166,0.27088868618011475,0.013158014044165611,0.5032894611358643,0.49671053886413574,0.5222639441490173,0.5457296371459961,0.5862073302268982,0.5032894611358643,0.49671053886413574,0.5032894611358643,0.49671053886413574,0.6093067437905819,0.3906932562094181,0.955180823802948,0.6590526295596648,0.3409473704403352,0.0,0.394687074649283,0.605312925350717,0.0,0.0,0.0,0.016224617138504982,0.01397517416626215,1.0,0.0,0.0328582227230072,0.0012596879387274384,435663
b2_cityscapes_val,2026-07-07 05:28:00,cityscapes,val,all,student_skd,/scratch/gautschi/manors/hf_cache/hub/models--nvidia--mit-b2/snapshots/3bb39e8739149c3777d0325349b2a6c32c6413db,runs/mit-b2_skd_j9196921/student_skd.ckpt,skd,img_000446,/home/manors/Guardrail-Distillation/data/cityscapes/leftImg8bit/val/munster/munster_000120_000019_leftImg8bit.png,,0.6496641427366631,0.35033585726333694,0.9824901819229126,0.9848108291625977,0.06479696929454803,0.03904338926076889,0.13842986524105072,0.9612290263175964,0.12576726078987122,-8.288984298706055,8.270746231079102,0.0015005393652245402,0.018983179703354836,479161,7.998607994522899,7.413011247990653,16.304066753946245,0.9884698841389536,0.011530115861046353,150859,0.3281592468829722,0.6718407531170278,18600,0.03950206935405731,0.00023563594731967896,29.454240255290642,0.014651009812951088,0.9853489901870489,0.01872752048075199,0.08682289719581604,-0.006945229601114988,0.4982636868953705,0.5017363131046295,0.5048190355300903,0.5138373970985413,0.6129170060157776,0.4982636868953705,0.5017363131046295,0.4982636868953705,0.5017363131046295,0.6360596127207592,0.36394038727924083,0.98508220911026,0.9897018282511406,0.010298171748859386,0.0012319441121869668,0.37207705478094755,0.6279229452190525,0.04391780789797539,0.0,0.0,0.0069767776876688,0.004384747240692377,1.0,0.0,0.011758051812648773,0.00015234961756505072,457053
b2_cityscapes_val,2026-07-07 05:28:00,cityscapes,val,all,student_skd,/scratch/gautschi/manors/hf_cache/hub/models--nvidia--mit-b2/snapshots/3bb39e8739149c3777d0325349b2a6c32c6413db,runs/mit-b2_skd_j9196921/student_skd.ckpt,skd,img_000447,/home/manors/Guardrail-Distillation/data/cityscapes/leftImg8bit/val/munster/munster_000121_000019_leftImg8bit.png,,0.6009575939260212,0.3990424060739788,0.9677934050559998,0.978705883026123,0.07973781228065491,0.05421712249517441,0.1763133406639099,0.953286349773407,0.13917766511440277,-8.054136276245117,8.028010368347168,0.004151162225753069,0.029111118987202644,490706,7.998607994522899,7.413011247990653,16.304066753946245,1.0,0.0,150859,0.7305623411086627,0.2694376588913373,17297,0.05482564866542816,0.0003692807222250849,29.454240255290642,0.028171850368380547,0.9718281496316195,0.07646405696868896,0.23478539288043976,0.010123791173100471,0.5025309324264526,0.49746906757354736,0.5128052830696106,0.5427055358886719,0.6161691546440125,0.5025309324264526,0.49746906757354736,0.5025309324264526,0.49746906757354736,0.6296282638085298,0.37037173619147024,0.9730531573295593,1.0,0.0,0.0,0.7559725063207821,0.24402749367921794,0.025410165212119362,0.028670669882508548,0.028670669882508548,0.013792373239994049,0.008532604202628136,0.9713293301174915,0.028670669882508548,0.02537364698946476,0.0013633418129757047,459161
b2_cityscapes_val,2026-07-07 05:28:00,cityscapes,val,all,student_skd,/scratch/gautschi/manors/hf_cache/hub/models--nvidia--mit-b2/snapshots/3bb39e8739149c3777d0325349b2a6c32c6413db,runs/mit-b2_skd_j9196921/student_skd.ckpt,skd,img_000448,/home/manors/Guardrail-Distillation/data/cityscapes/leftImg8bit/val/munster/munster_000122_000019_leftImg8bit.png,,0.7887763569830374,0.21122364301696261,0.9754324555397034,0.9768743515014648,0.07972132414579391,0.057414811104536057,0.16907650232315063,0.9494728446006775,0.1460985243320465,-8.510194778442383,8.482329368591309,0.0022723672445863485,0.0292422603815794,492438,8.189941989257932,7.422547991154715,16.32118027191609,0.980982708331581,0.019017291668419034,150859,0.8773650736015378,0.12263492639846219,8823,0.05790583789348602,0.0002987758198287338,29.42692575743422,0.028328947722911835,0.9716710522770882,0.08847774565219879,0.23719745874404907,0.005718159954994917,0.5014294981956482,0.4985705018043518,0.5143543481826782,0.5416184067726135,0.6164779663085938,0.5014294981956482,0.4985705018043518,0.5014294981956482,0.4985705018043518,0.8126387350922861,0.18736126490771388,0.981709361076355,0.9832659852689478,0.016734014731052183,0.0022832769373668516,0.8674911843880837,0.1325088156119163,0.0,0.02386237810924874,0.02386237810924874,0.011603491380810738,0.005326558835804462,0.9761376218907513,0.02386237810924874,0.017758579924702644,0.0005584459286183119,456865
b2_cityscapes_val,2026-07-07 05:28:00,cityscapes,val,all,student_skd,/scratch/gautschi/manors/hf_cache/hub/models--nvidia--mit-b2/snapshots/3bb39e8739149c3777d0325349b2a6c32c6413db,runs/mit-b2_skd_j9196921/student_skd.ckpt,skd,img_000449,/home/manors/Guardrail-Distillation/data/cityscapes/leftImg8bit/val/munster/munster_000123_000019_leftImg8bit.png,,0.6573924934066835,0.3426075065933165,0.9733905792236328,0.9720739126205444,0.08622220158576965,0.07359856367111206,0.18946091830730438,0.9318861961364746,0.20924051105976105,-8.02525806427002,7.9916462898254395,0.003922882489860058,0.03450796380639076,492495,8.189941989257932,7.422547991154715,16.32118027191609,0.6796750342406526,0.32032496575934744,150859,0.5602168502562024,0.4397831497437976,13065,0.07431477308273315,0.00042313162703067064,29.42692575743422,0.030260497704148293,0.9697395022958517,0.09361760318279266,0.22255125641822815,0.007649530656635761,0.5019123554229736,0.49808764457702637,0.5157572627067566,0.5318785905838013,0.6215829849243164,0.5019123554229736,0.49808764457702637,0.5019123554229736,0.49808764457702637,0.6178167211513081,0.38218327884869185,0.9623752236366272,0.5602421002767143,0.4397578997232857,0.0,0.5444785126126443,0.45552148738735565,0.0,0.0,0.0,0.008481304161250591,0.019496643915772438,1.0,0.0,0.029307911172509193,0.00019898678874596953,450731
b2_cityscapes_val,2026-07-07 05:28:00,cityscapes,val,all,student_skd,/scratch/gautschi/manors/hf_cache/hub/models--nvidia--mit-b2/snapshots/3bb39e8739149c3777d0325349b2a6c32c6413db,runs/mit-b2_skd_j9196921/student_skd.ckpt,skd,img_000450,/home/manors/Guardrail-Distillation/data/cityscapes/leftImg8bit/val/munster/munster_000124_000019_leftImg8bit.png,,0.6224735321002068,0.37752646789979316,0.9586694240570068,0.9784736633300781,0.07719255238771439,0.05523892864584923,0.16565223038196564,0.9483032822608948,0.1600366234779358,-8.247246742248535,8.221267700195312,0.002870515687391162,0.02704870142042637,495033,8.189941989257932,7.422547991154715,16.32118027191609,0.4396830914141215,0.5603169085858786,150859,0.6503132260657796,0.34968677393422043,39935,0.05578039586544037,0.0003283714468125254,29.42692575743422,0.023490771651268005,0.976509228348732,0.060123544186353683,0.17855380475521088,0.0025329317431896925,0.5006332397460938,0.49936676025390625,0.5095258355140686,0.528351366519928,0.6100092530250549,0.5006332397460938,0.49936676025390625,0.5006332397460938,0.49936676025390625,0.46801902128300443,0.5319809787169956,0.9579421877861023,0.4486628571872016,0.5513371428127984,0.008979765773080128,0.19436136919954874,0.8056386308004513,0.0,0.0,0.0,0.007563131861388683,0.008290356025099754,1.0,0.0,0.020687509328126907,0.0004585552669595927,462421
b2_cityscapes_val,2026-07-07 05:28:00,cityscapes,val,all,student_skd,/scratch/gautschi/manors/hf_cache/hub/models--nvidia--mit-b2/snapshots/3bb39e8739149c3777d0325349b2a6c32c6413db,runs/mit-b2_skd_j9196921/student_skd.ckpt,skd,img_000451,/home/manors/Guardrail-Distillation/data/cityscapes/leftImg8bit/val/munster/munster_000125_000019_leftImg8bit.png,,0.43438443881972855,0.5656155611802715,0.9234654307365417,0.9602727890014648,0.10526984184980392,0.09983986616134644,0.2272634357213974,0.9159978628158569,0.23838654160499573,-7.985435962677002,7.936768054962158,0.007976235821843147,0.05327007547020912,493842,8.189941989257932,7.422547991154715,16.32118027191609,0.67056956065205,0.32943043934795,150859,0.32754871898385485,0.6724512810161452,60459,0.10056367516517639,0.0005672061815857887,29.42692575743422,0.043051812797784805,0.9569481872022152,0.16883206367492676,0.301872581243515,0.022853847593069077,0.5057132244110107,0.49428677558898926,0.5281378030776978,0.5595865845680237,0.6078675985336304,0.5057132244110107,0.49428677558898926,0.5057132244110107,0.49428677558898926,0.43313217702583745,0.5668678229741626,0.9455879330635071,0.5832536694562087,0.4167463305437913,0.0,0.2881429123382103,0.7118570876617897,0.0,0.0,0.0,0.03473985940217972,0.01261739619076252,1.0,0.0,0.05481307953596115,0.012431101873517036,434211
b2_cityscapes_val,2026-07-07 05:28:00,cityscapes,val,all,student_skd,/scratch/gautschi/manors/hf_cache/hub/models--nvidia--mit-b2/snapshots/3bb39e8739149c3777d0325349b2a6c32c6413db,runs/mit-b2_skd_j9196921/student_skd.ckpt,skd,img_000452,/home/manors/Guardrail-Distillation/data/cityscapes/leftImg8bit/val/munster/munster_000126_000019_leftImg8bit.png,,0.5913695863866438,0.40863041361335617,0.9626584649085999,0.9696406722068787,0.09591928124427795,0.08111176639795303,0.22388219833374023,0.9304424524307251,0.2142607420682907,-7.881811141967773,7.844083309173584,0.008688707835972309,0.04153551906347275,492133,8.009866258362308,7.426324242260307,16.310145991155878,1.0,0.0,150859,0.5044027281040009,0.4955972718959991,5470,0.08193011581897736,0.0005082368152216077,29.425121494568884,0.034015215933322906,0.9659847840666771,0.10807371139526367,0.2551674544811249,0.007505707908421755,0.5018764138221741,0.4981235861778259,0.5163148045539856,0.5391365885734558,0.5793861150741577,0.5018764138221741,0.4981235861778259,0.5018764138221741,0.4981235861778259,0.6362833453513633,0.3637166546486367,0.9667853713035583,1.0,0.0,0.0,0.5263536867720567,0.47364631322794326,0.021950958668055853,0.0449137589647195,0.0449137589647195,0.014874028041958809,0.010747094638645649,0.9550862410352805,0.0449137589647195,0.027703892439603806,0.0009123549680225551,449536
b2_cityscapes_val,2026-07-07 05:28:00,cityscapes,val,all,student_skd,/scratch/gautschi/manors/hf_cache/hub/models--nvidia--mit-b2/snapshots/3bb39e8739149c3777d0325349b2a6c32c6413db,runs/mit-b2_skd_j9196921/student_skd.ckpt,skd,img_000453,/home/manors/Guardrail-Distillation/data/cityscapes/leftImg8bit/val/munster/munster_000127_000019_leftImg8bit.png,,0.6779232278482186,0.32207677215178143,0.9614137411117554,0.9691810011863708,0.09338358789682388,0.08000051975250244,0.20634545385837555,0.9287621378898621,0.21813459694385529,-7.796961784362793,7.759289264678955,0.006191218737512827,0.04010853171348572,431579,8.009866258362308,7.426324242260307,16.310145991155878,0.6439133492249984,0.35608665077500157,104680,0.7142156522651641,0.28578434773483585,75218,0.08080144226551056,0.00051712995627895,29.425121494568884,0.03608075529336929,0.9639192447066307,0.12814690172672272,0.2718513011932373,0.0098555414006114,0.5024638772010803,0.4975361227989197,0.5191279053688049,0.5427797436714172,0.5957853198051453,0.5024638772010803,0.4975361227989197,0.5024638772010803,0.4975361227989197,0.6243643146653658,0.3756356853346342,0.9584965705871582,0.6377717480936677,0.36222825190633234,0.0,0.6191370571943848,0.38086294280561517,0.0,0.0,0.0,0.011828656308352947,0.014745851047337055,1.0,0.0,0.029322557151317596,0.0013160973321646452,391979
b2_cityscapes_val,2026-07-07 05:28:00,cityscapes,val,all,student_skd,/scratch/gautschi/manors/hf_cache/hub/models--nvidia--mit-b2/snapshots/3bb39e8739149c3777d0325349b2a6c32c6413db,runs/mit-b2_skd_j9196921/student_skd.ckpt,skd,img_000454,/home/manors/Guardrail-Distillation/data/cityscapes/leftImg8bit/val/munster/munster_000128_000019_leftImg8bit.png,,0.4732870725528171,0.5267129274471829,0.976718544960022,0.977048933506012,0.08336088806390762,0.05887551233172417,0.18672704696655273,0.9487883448600769,0.15702371299266815,-7.690324783325195,7.662026405334473,0.005352413281798363,0.03121323511004448,490433,8.009866258362308,7.426324242260307,16.310145991155878,1.0,0.0,150859,0.3237807287771206,0.6762192712228794,82393,0.05950542166829109,0.0004374451527837664,29.425121494568884,0.02208145521581173,0.9779185447841883,0.045737121254205704,0.1549035608768463,-0.00416345102712512,0.49895915389060974,0.5010408461093903,0.506777822971344,0.522304892539978,0.5820727348327637,0.49895915389060974,0.5010408461093903,0.49895915389060974,0.5010408461093903,0.4560317097561395,0.5439682902438605,0.9763658046722412,1.0,0.0,0.0,0.3460372405909336,0.6539627594090665,0.02225651181381294,0.0,0.0,0.0074240523390471935,0.007776801474392414,1.0,0.0,0.017201127484440804,0.00019370637892279774,457052
b2_cityscapes_val,2026-07-07 05:28:00,cityscapes,val,all,student_skd,/scratch/gautschi/manors/hf_cache/hub/models--nvidia--mit-b2/snapshots/3bb39e8739149c3777d0325349b2a6c32c6413db,runs/mit-b2_skd_j9196921/student_skd.ckpt,skd,img_000455,/home/manors/Guardrail-Distillation/data/cityscapes/leftImg8bit/val/munster/munster_000129_000019_leftImg8bit.png,,0.6647272247378033,0.3352727752621967,0.968881368637085,0.9724481105804443,0.0900859385728836,0.07193729281425476,0.20572908222675323,0.9383297562599182,0.18642298877239227,-8.11600399017334,8.082125663757324,0.005989206489175558,0.03665182739496231,491217,8.009866258362308,7.426324242260307,16.310145991155878,1.0,0.0,150859,0.5596631778094278,0.44033682219057224,14611,0.07280207425355911,0.0005420632660388947,29.425121494568884,0.02709188498556614,0.9729081150144339,0.07252388447523117,0.21252769231796265,-0.0013933778973296285,0.4996516704559326,0.5003483295440674,0.5096924304962158,0.5279127359390259,0.5878540277481079,0.4996516704559326,0.5003483295440674,0.4996516704559326,0.5003483295440674,0.6524820066114404,0.3475179933885596,0.9690136909484863,1.0,0.0,0.0,0.49442334562415197,0.505576654375848,0.0,0.0,0.0,0.010665347799658775,0.010533023625612259,1.0,0.0,0.022973554208874702,0.00027482761652208865,450586
b2_cityscapes_val,2026-07-07 05:28:01,cityscapes,val,all,student_skd,/scratch/gautschi/manors/hf_cache/hub/models--nvidia--mit-b2/snapshots/3bb39e8739149c3777d0325349b2a6c32c6413db,runs/mit-b2_skd_j9196921/student_skd.ckpt,skd,img_000456,/home/manors/Guardrail-Distillation/data/cityscapes/leftImg8bit/val/munster/munster_000130_000019_leftImg8bit.png,,0.5645114780479635,0.43548852195203647,0.8842407464981079,0.9586426615715027,0.10804522037506104,0.09876183420419693,0.22789360582828522,0.9192621111869812,0.222447007894516,-7.543385028839111,7.492680549621582,0.005933303851634264,0.062176965177059174,492980,7.996014261152595,7.408299978123978,16.30955925793387,0.47747792887471063,0.5225220711252894,150859,0.4321586031827926,0.5678413968172074,24788,0.09939182549715042,0.0005112690851092339,29.421664745314047,0.04421425238251686,0.9557857476174831,0.19173583388328552,0.2988148629665375,0.023087086156010628,0.5057715177536011,0.4942284822463989,0.5362851619720459,0.5666187405586243,0.5911872386932373,0.5057715177536011,0.4942284822463989,0.5057715177536011,0.4942284822463989,0.694069163060107,0.305930836939893,0.9731064438819885,0.9872075022127498,0.012792497787250223,0.5097295733380391,0.5413961473977268,0.4586038526022732,0.10923754421493415,0.1295576850121435,0.1295576850121435,0.09510324895381927,0.0062375757843256,0.8704423149878565,0.1295576850121435,0.10470201820135117,0.03411497548222542,430663
b2_cityscapes_val,2026-07-07 05:28:01,cityscapes,val,all,student_skd,/scratch/gautschi/manors/hf_cache/hub/models--nvidia--mit-b2/snapshots/3bb39e8739149c3777d0325349b2a6c32c6413db,runs/mit-b2_skd_j9196921/student_skd.ckpt,skd,img_000457,/home/manors/Guardrail-Distillation/data/cityscapes/leftImg8bit/val/munster/munster_000131_000019_leftImg8bit.png,,0.584429813964208,0.415570186035792,0.9416580200195312,0.9611151814460754,0.10236980020999908,0.10346907377243042,0.2321682870388031,0.9111745357513428,0.26212990283966064,-7.841574192047119,7.794210433959961,0.0077820769511163235,0.049047861248254776,486117,7.996014261152595,7.408299978123978,16.30955925793387,0.9012385943500159,0.09876140564998415,150859,0.6692834710107024,0.3307165289892976,8854,0.10445989668369293,0.0006186407990753651,29.421664745314047,0.046970710158348083,0.9530292898416519,0.1851329356431961,0.29740047454833984,0.020336603745818138,0.5050839781761169,0.49491602182388306,0.5302425026893616,0.5558440089225769,0.5861618518829346,0.5050839781761169,0.49491602182388306,0.5050839781761169,0.49491602182388306,0.5666558832527189,0.4333441167472811,0.9551198482513428,0.9689950144005295,0.031004985599470514,0.06775642005051363,0.5395136012238632,0.46048639877613684,0.0,0.0,0.0,0.022258015349507332,0.008796235546469688,1.0,0.0,0.03364621847867966,0.0024541416205465794,428813
b2_cityscapes_val,2026-07-07 05:28:01,cityscapes,val,all,student_skd,/scratch/gautschi/manors/hf_cache/hub/models--nvidia--mit-b2/snapshots/3bb39e8739149c3777d0325349b2a6c32c6413db,runs/mit-b2_skd_j9196921/student_skd.ckpt,skd,img_000458,/home/manors/Guardrail-Distillation/data/cityscapes/leftImg8bit/val/munster/munster_000132_000019_leftImg8bit.png,,0.7965356046039754,0.20346439539602457,0.9649219512939453,0.9724982380867004,0.08841622620820999,0.0714854896068573,0.19605642557144165,0.9359707236289978,0.1956542730331421,-8.470599174499512,8.437054634094238,0.0050256457179784775,0.035875722765922546,492673,7.996014261152595,7.408299978123978,16.30955925793387,0.8222646064727789,0.17773539352722112,150859,0.9893895595987077,0.010610440401292331,88215,0.07239854335784912,0.0005706116207875311,29.421664745314047,0.02733599580824375,0.9726640041917562,0.07970745861530304,0.2156151682138443,0.0021935738623142242,0.5005484223365784,0.49945157766342163,0.50963294506073,0.5271720290184021,0.5975807309150696,0.5005484223365784,0.49945157766342163,0.5005484223365784,0.49945157766342163,0.8080299389117599,0.1919700610882401,0.9709604382514954,0.8336570855267307,0.16634291447326932,0.011392479053951798,0.9847191520716432,0.015280847928356822,0.0,0.01149433430778446,0.01149433430778446,0.014585739932954311,0.008547251112759113,0.9885056656922155,0.01149433430778446,0.025877205654978752,0.001079823705367744,451899
b2_cityscapes_val,2026-07-07 05:28:01,cityscapes,val,all,student_skd,/scratch/gautschi/manors/hf_cache/hub/models--nvidia--mit-b2/snapshots/3bb39e8739149c3777d0325349b2a6c32c6413db,runs/mit-b2_skd_j9196921/student_skd.ckpt,skd,img_000459,/home/manors/Guardrail-Distillation/data/cityscapes/leftImg8bit/val/munster/munster_000133_000019_leftImg8bit.png,,0.5294660492330209,0.4705339507669791,0.965729296207428,0.9737838506698608,0.08066833019256592,0.07297518849372864,0.18194152414798737,0.9279290437698364,0.2346823364496231,-7.175218105316162,7.144125938415527,0.0022132359445095062,0.030995646491646767,290073,7.996014261152595,7.408299978123978,16.30955925793387,0.0,1.0,10,0.6094401194366538,0.39055988056334623,6233,0.07392536848783493,0.00048069650074467063,29.421664745314047,0.04636841639876366,0.9536315836012363,0.17047753930091858,0.28538423776626587,0.025429334491491318,0.5063570141792297,0.49364298582077026,0.5325738787651062,0.5566617250442505,0.5701732039451599,0.5063570141792297,0.49364298582077026,0.5063570141792297,0.49364298582077026,0.4709635746914763,0.5290364253085237,0.9799464344978333,1.0,0.0,1.0,0.4551273278673923,0.5448726721326077,0.0,0.0,0.0,0.02005702070891857,0.005839909426867962,1.0,0.0,0.027937794104218483,0.0008342727669514716,267224
b2_cityscapes_val,2026-07-07 05:28:01,cityscapes,val,all,student_skd,/scratch/gautschi/manors/hf_cache/hub/models--nvidia--mit-b2/snapshots/3bb39e8739149c3777d0325349b2a6c32c6413db,runs/mit-b2_skd_j9196921/student_skd.ckpt,skd,img_000460,/home/manors/Guardrail-Distillation/data/cityscapes/leftImg8bit/val/munster/munster_000134_000019_leftImg8bit.png,,0.5900694484702297,0.4099305515297703,0.9486771821975708,0.9695290923118591,0.09837239235639572,0.07995850592851639,0.23244024813175201,0.935302197933197,0.19744224846363068,-7.923366546630859,7.8850932121276855,0.00952949933707714,0.042947545647621155,493835,7.956119748996571,7.403239491395652,16.310302482452244,0.903472013878541,0.09652798612145896,150859,0.8160393802640772,0.18396061973592281,26302,0.08069325983524323,0.0005433399928733706,29.42177074146457,0.03141532465815544,0.9685846753418446,0.09266415983438492,0.2684970200061798,0.005766470916569233,0.5014416575431824,0.4985583424568176,0.5126078724861145,0.5417938828468323,0.6165068745613098,0.5014416575431824,0.4985583424568176,0.5014416575431824,0.4985583424568176,0.5385089638969887,0.46149103610301134,0.947241485118866,0.8330333503247039,0.16696664967529606,0.0,0.6424870062946779,0.3575129937053221,0.0,0.0,0.0,0.009079956449568272,0.010515658184885979,1.0,0.0,0.025719117373228073,0.0006014154641889036,449730
b2_cityscapes_val,2026-07-07 05:28:01,cityscapes,val,all,student_skd,/scratch/gautschi/manors/hf_cache/hub/models--nvidia--mit-b2/snapshots/3bb39e8739149c3777d0325349b2a6c32c6413db,runs/mit-b2_skd_j9196921/student_skd.ckpt,skd,img_000461,/home/manors/Guardrail-Distillation/data/cityscapes/leftImg8bit/val/munster/munster_000135_000019_leftImg8bit.png,,0.6076510693369428,0.3923489306630572,0.9680880308151245,0.9759063720703125,0.08196722716093063,0.06366223096847534,0.18516409397125244,0.9418445825576782,0.18366970121860504,-8.162124633789062,8.132917404174805,0.0038860607892274857,0.030072417110204697,488155,7.956119748996571,7.403239491395652,16.310302482452244,1.0,0.0,150859,0.573844541504327,0.42615545849567305,19223,0.06452593952417374,0.0005134029779583216,29.42177074146457,0.030611859634518623,0.9693881403654814,0.09571363031864166,0.23782503604888916,0.006716030649840832,0.501679003238678,0.498320996761322,0.5156267881393433,0.5386818051338196,0.6182122826576233,0.501679003238678,0.498320996761322,0.501679003238678,0.498320996761322,0.6726261593374341,0.3273738406625659,0.9727996587753296,1.0,0.0,0.0,0.5917914835831077,0.40820851641689226,0.01794694207878078,0.06497509000049129,0.06497509000049129,0.012477594427764416,0.007765976246446371,0.9350249099995087,0.06497509000049129,0.022011451423168182,0.0020321414340287447,452101
b2_cityscapes_val,2026-07-07 05:28:01,cityscapes,val,all,student_skd,/scratch/gautschi/manors/hf_cache/hub/models--nvidia--mit-b2/snapshots/3bb39e8739149c3777d0325349b2a6c32c6413db,runs/mit-b2_skd_j9196921/student_skd.ckpt,skd,img_000462,/home/manors/Guardrail-Distillation/data/cityscapes/leftImg8bit/val/munster/munster_000136_000019_leftImg8bit.png,,0.6020241051787754,0.39797589482122464,0.947698175907135,0.9649919867515564,0.10081085562705994,0.09152919799089432,0.2329346090555191,0.9241102337837219,0.22485961019992828,-8.103028297424316,8.05982494354248,0.008337889797985554,0.046870648860931396,491971,7.956119748996571,7.403239491395652,16.310302482452244,0.9695315390908867,0.03046846090911326,150859,0.49315062619118744,0.5068493738088126,6981,0.09253061562776566,0.0006374239455908537,29.42177074146457,0.043115660548210144,0.9568843394517899,0.17060644924640656,0.3184792399406433,0.022734615951776505,0.505683422088623,0.49431657791137695,0.5279312133789062,0.5583891868591309,0.6035805940628052,0.505683422088623,0.49431657791137695,0.505683422088623,0.49431657791137695,0.6675985903870242,0.3324014096129758,0.9654776453971863,0.9817153803871908,0.01828461961280925,0.01218384129630401,0.4016156883043586,0.5983843116956413,0.0,0.06557448520824882,0.06557448520824882,0.025987304747104645,0.008207800798118114,0.9344255147917512,0.06557448520824882,0.03770140931010246,0.0036241973284631968,440382
b2_cityscapes_val,2026-07-07 05:28:01,cityscapes,val,all,student_skd,/scratch/gautschi/manors/hf_cache/hub/models--nvidia--mit-b2/snapshots/3bb39e8739149c3777d0325349b2a6c32c6413db,runs/mit-b2_skd_j9196921/student_skd.ckpt,skd,img_000463,/home/manors/Guardrail-Distillation/data/cityscapes/leftImg8bit/val/munster/munster_000137_000019_leftImg8bit.png,,0.6404707288034779,0.3595292711965221,0.9679031372070312,0.9730384945869446,0.09150927513837814,0.07158975303173065,0.21275681257247925,0.9392274022102356,0.1866939514875412,-8.245819091796875,8.212191581726074,0.008084428496658802,0.03693750873208046,481543,7.956119748996571,7.403239491395652,16.310302482452244,0.9765788978818463,0.023421102118153736,150859,0.4574857764674431,0.5425142235325568,9100,0.07222040742635727,0.0004636070516426116,29.42177074146457,0.033609043806791306,0.9663909561932087,0.10929436981678009,0.2684219777584076,0.01274068746715784,0.5031850934028625,0.49681490659713745,0.5183127522468567,0.5488860011100769,0.6214045882225037,0.5031850934028625,0.49681490659713745,0.5031850934028625,0.49681490659713745,0.6462663325271608,0.3537336674728392,0.9687753319740295,0.9710089967720101,0.028991003227989864,0.0,0.615309759712452,0.38469024028754795,0.1578239832450089,0.005795603723682929,0.005795603723682929,0.010829770006239414,0.009957573376595974,0.9942043962763171,0.005795603723682929,0.023217033594846725,0.000367568398360163,444380
b2_cityscapes_val,2026-07-07 05:28:01,cityscapes,val,all,student_skd,/scratch/gautschi/manors/hf_cache/hub/models--nvidia--mit-b2/snapshots/3bb39e8739149c3777d0325349b2a6c32c6413db,runs/mit-b2_skd_j9196921/student_skd.ckpt,skd,img_000464,/home/manors/Guardrail-Distillation/data/cityscapes/leftImg8bit/val/munster/munster_000138_000019_leftImg8bit.png,,0.6499866253015351,0.35001337469846494,0.9568050503730774,0.968085765838623,0.09890389442443848,0.08284588903188705,0.22603730857372284,0.9308949708938599,0.20663805305957794,-7.9290242195129395,7.889175891876221,0.009750578552484512,0.042291540652513504,478228,7.979685760801658,7.421967486152425,16.290087514789775,0.9575419637999623,0.04245803620003774,150859,0.6032911696101464,0.3967088303898536,13679,0.08359958976507187,0.0004802089824806899,29.450072994222865,0.034302759915590286,0.9656972400844097,0.11632679402828217,0.2672401964664459,0.011013378389179707,0.5027533173561096,0.4972466826438904,0.5201218724250793,0.5462668538093567,0.5999683141708374,0.5027533173561096,0.4972466826438904,0.5027533173561096,0.4972466826438904,0.663084609713497,0.33691539028650297,0.9633960723876953,0.9351113163676344,0.06488868363236555,0.0,0.5934188902785555,0.40658110972144446,0.0,0.013097984411961971,0.013097984411961971,0.016239115968346596,0.009648117236793041,0.986902015588038,0.013097984411961971,0.02893180586397648,0.000972339475993067,433359
b2_cityscapes_val,2026-07-07 05:28:01,cityscapes,val,all,student_skd,/scratch/gautschi/manors/hf_cache/hub/models--nvidia--mit-b2/snapshots/3bb39e8739149c3777d0325349b2a6c32c6413db,runs/mit-b2_skd_j9196921/student_skd.ckpt,skd,img_000465,/home/manors/Guardrail-Distillation/data/cityscapes/leftImg8bit/val/munster/munster_000139_000019_leftImg8bit.png,,0.781759675903648,0.21824032409635197,0.9481438398361206,0.9734140038490295,0.0860561653971672,0.06942208111286163,0.18943727016448975,0.9377257823944092,0.18957217037677765,-7.983851909637451,7.951562881469727,0.004965492524206638,0.03348545357584953,490183,7.979685760801658,7.421967486152425,16.290087514789775,0.8876356707477973,0.11236432925220274,150859,0.7677644301114072,0.23223556988859284,76954,0.07019165903329849,0.0005036017391830683,29.450072994222865,0.03248755633831024,0.9675124436616898,0.10831384360790253,0.24538806080818176,0.011940083466470242,0.5029850006103516,0.49701499938964844,0.5188590884208679,0.5423126220703125,0.6186168789863586,0.5029850006103516,0.49701499938964844,0.5029850006103516,0.49701499938964844,0.7622556587958201,0.23774434120417987,0.9732711911201477,0.957199331263228,0.04280066873677202,0.06956366051543073,0.8023201490471861,0.19767985095281393,0.03455571893577891,0.0,0.0,0.03242666274309158,0.007299314718693495,1.0,0.0,0.04086228832602501,0.013462319038808346,451466
b2_cityscapes_val,2026-07-07 05:28:01,cityscapes,val,all,student_skd,/scratch/gautschi/manors/hf_cache/hub/models--nvidia--mit-b2/snapshots/3bb39e8739149c3777d0325349b2a6c32c6413db,runs/mit-b2_skd_j9196921/student_skd.ckpt,skd,img_000466,/home/manors/Guardrail-Distillation/data/cityscapes/leftImg8bit/val/munster/munster_000140_000019_leftImg8bit.png,,0.6584659012233689,0.3415340987766311,0.9666164517402649,0.9751779437065125,0.08528295904397964,0.06439554691314697,0.18857942521572113,0.9407132863998413,0.18854589760303497,-7.712833881378174,7.682384490966797,0.005421311128884554,0.0327494777739048,487336,7.979685760801658,7.421967486152425,16.290087514789775,0.9214811104558218,0.07851888954417818,150859,0.8441364547468626,0.1558635452531374,63482,0.06502736359834671,0.00044132815673947334,29.450072994222865,0.03004777804017067,0.9699522219598293,0.08842122554779053,0.23221366107463837,0.008900673128664494,0.5022251605987549,0.4977748394012451,0.5154152512550354,0.5363965034484863,0.6235761642456055,0.5022251605987549,0.4977748394012451,0.5022251605987549,0.4977748394012451,0.6257228649797171,0.3742771350202829,0.9725117683410645,0.7071930616710688,0.29280693832893123,0.0,0.8529981661871034,0.14700183381289655,0.008861711440240838,0.0,0.0,0.012597058899700642,0.006701741833239794,1.0,0.0,0.021028613671660423,0.0012291314778849483,451738
b2_cityscapes_val,2026-07-07 05:28:01,cityscapes,val,all,student_skd,/scratch/gautschi/manors/hf_cache/hub/models--nvidia--mit-b2/snapshots/3bb39e8739149c3777d0325349b2a6c32c6413db,runs/mit-b2_skd_j9196921/student_skd.ckpt,skd,img_000467,/home/manors/Guardrail-Distillation/data/cityscapes/leftImg8bit/val/munster/munster_000141_000019_leftImg8bit.png,,0.6341364302530812,0.3658635697469188,0.9469177722930908,0.9637146592140198,0.10334104299545288,0.09574927389621735,0.2334822565317154,0.9147294163703918,0.2693869471549988,-7.322291851043701,7.277238368988037,0.010566898621618748,0.04797998443245888,488412,7.979685760801658,7.421967486152425,16.290087514789775,0.6237217256980101,0.3762782743019899,150859,0.9069830514584489,0.09301694854155107,97146,0.0966888964176178,0.0005791620351374149,29.450072994222865,0.046074964106082916,0.9539250358939171,0.18017756938934326,0.3215506076812744,0.023743711411952972,0.5059356093406677,0.4940643906593323,0.5301772356033325,0.5585151314735413,0.6123343110084534,0.5059356093406677,0.4940643906593323,0.5059356093406677,0.4940643906593323,0.6228070703087912,0.37719292969120877,0.9469566941261292,0.6212218083296818,0.37877819167031823,0.0,0.9264667155266237,0.07353328447337626,0.01948366406817481,0.0,0.0,0.014549192041158676,0.014510290697216988,1.0,0.0,0.034034788608551025,0.0006920386804267764,436515
b2_cityscapes_val,2026-07-07 05:28:02,cityscapes,val,all,student_skd,/scratch/gautschi/manors/hf_cache/hub/models--nvidia--mit-b2/snapshots/3bb39e8739149c3777d0325349b2a6c32c6413db,runs/mit-b2_skd_j9196921/student_skd.ckpt,skd,img_000468,/home/manors/Guardrail-Distillation/data/cityscapes/leftImg8bit/val/munster/munster_000142_000019_leftImg8bit.png,,0.7330549773224642,0.26694502267753584,0.9614783525466919,0.9733363389968872,0.08793839067220688,0.06783092021942139,0.19346484541893005,0.9400246739387512,0.18379831314086914,-7.919776916503906,7.887170314788818,0.0047553726471960545,0.03608488664031029,482612,7.966306991875172,7.414171268464997,16.31564600393176,0.7122210974145542,0.2877789025854458,150859,0.70298269732088,0.29701730267911997,35621,0.0684029757976532,0.000484250980662182,29.421866493066773,0.03299422189593315,0.9670057781040668,0.10812628269195557,0.2708818316459656,0.014978820458054543,0.5037446618080139,0.4962553381919861,0.5187490582466125,0.5465443134307861,0.6315024495124817,0.5037446618080139,0.4962553381919861,0.5037446618080139,0.4962553381919861,0.7422194460982083,0.25778055390179166,0.959632158279419,0.7004732231690004,0.2995267768309996,0.0,0.6421433464816906,0.3578566535183094,0.0,0.009164468775744172,0.009164468775744172,0.01104821264743805,0.012894416227936745,0.9908355312242558,0.009164468775744172,0.026967832818627357,0.0014877375215291977,443893
b2_cityscapes_val,2026-07-07 05:28:02,cityscapes,val,all,student_skd,/scratch/gautschi/manors/hf_cache/hub/models--nvidia--mit-b2/snapshots/3bb39e8739149c3777d0325349b2a6c32c6413db,runs/mit-b2_skd_j9196921/student_skd.ckpt,skd,img_000469,/home/manors/Guardrail-Distillation/data/cityscapes/leftImg8bit/val/munster/munster_000143_000019_leftImg8bit.png,,0.4560503920854531,0.5439496079145469,0.9520922303199768,0.968550980091095,0.09341628849506378,0.07856457680463791,0.19836604595184326,0.9306994080543518,0.20492351055145264,-8.106932640075684,8.068719863891602,0.004679626319557428,0.041505083441734314,484013,7.966306991875172,7.414171268464997,16.31564600393176,0.8145387227919517,0.18546127720804828,150859,0.4177324410064031,0.5822675589935968,35573,0.07934964448213577,0.0005317230825312436,29.421866493066773,0.03344259783625603,0.966557402163744,0.123726986348629,0.2576206624507904,0.012744970619678497,0.5031861662864685,0.4968138337135315,0.5207034349441528,0.5444815754890442,0.6195485591888428,0.5031861662864685,0.4968138337135315,0.5031861662864685,0.4968138337135315,0.4849229100480368,0.5150770899519632,0.9641972780227661,0.822916470285659,0.17708352971434105,0.008377747493707233,0.4194953029063623,0.5805046970936377,0.0017628618999591117,0.02887251796258372,0.02887251796258372,0.01946435309946537,0.007359306327998638,0.9711274820374163,0.02887251796258372,0.029290536418557167,0.0015392148634418845,437312
b2_cityscapes_val,2026-07-07 05:28:02,cityscapes,val,all,student_skd,/scratch/gautschi/manors/hf_cache/hub/models--nvidia--mit-b2/snapshots/3bb39e8739149c3777d0325349b2a6c32c6413db,runs/mit-b2_skd_j9196921/student_skd.ckpt,skd,img_000470,/home/manors/Guardrail-Distillation/data/cityscapes/leftImg8bit/val/munster/munster_000144_000019_leftImg8bit.png,,0.5971082883101969,0.4028917116898031,0.9588103890419006,0.9698691368103027,0.09234166890382767,0.07694608718156815,0.19996856153011322,0.930952787399292,0.21049587428569794,-8.30242919921875,8.265677452087402,0.005344132427126169,0.0400722473859787,457324,7.966306991875172,7.414171268464997,16.31564600393176,0.9111576577764655,0.08884234222353449,150859,0.7322808463945222,0.2677191536054778,48019,0.07774614542722702,0.0005666136858053505,29.421866493066773,0.03231672942638397,0.967683270573616,0.10905314981937408,0.23759400844573975,0.008970851078629494,0.5022426843643188,0.49775731563568115,0.5185956954956055,0.5402360558509827,0.6183750629425049,0.5022426843643188,0.49775731563568115,0.5022426843643188,0.49775731563568115,0.7547141300926238,0.24528586990737622,0.966981828212738,0.6810697950683424,0.3189302049316576,0.0,0.6991711325928379,0.3008288674071621,0.0,0.15760584178242687,0.15760584178242687,0.019664395600557327,0.011492946185171604,0.8423941582175731,0.15760584178242687,0.03367852792143822,0.0013360331067815423,416002
b2_cityscapes_val,2026-07-07 05:28:02,cityscapes,val,all,student_skd,/scratch/gautschi/manors/hf_cache/hub/models--nvidia--mit-b2/snapshots/3bb39e8739149c3777d0325349b2a6c32c6413db,runs/mit-b2_skd_j9196921/student_skd.ckpt,skd,img_000471,/home/manors/Guardrail-Distillation/data/cityscapes/leftImg8bit/val/munster/munster_000145_000019_leftImg8bit.png,,0.525579089448402,0.47442091055159796,0.9568199515342712,0.9744580984115601,0.08759260922670364,0.07016614079475403,0.20722700655460358,0.9357085227966309,0.21375085413455963,-7.588925361633301,7.557375431060791,0.007337694987654686,0.033431682735681534,453821,7.966306991875172,7.414171268464997,16.31564600393176,0.3332692180141938,0.6667307819858062,150770,0.659839767191413,0.340160232808587,29513,0.07097412645816803,0.0004806120996363461,29.421866493066773,0.03290899470448494,0.9670910052955151,0.10536804795265198,0.2578617036342621,0.010792244225740433,0.5026980042457581,0.49730199575424194,0.5198168158531189,0.5478290319442749,0.6174013018608093,0.5026980042457581,0.49730199575424194,0.5026980042457581,0.49730199575424194,0.5671702378699203,0.43282976213007973,0.9590036273002625,0.49993035749817605,0.500069642501824,0.1666611394839822,0.7068498691037348,0.2931501308962652,0.0470101019123218,0.04159114842151823,0.04159114842151823,0.011026374064385891,0.008842693641781807,0.9584088515784818,0.04159114842151823,0.02570396661758423,0.0018002692377194762,419668
b2_cityscapes_val,2026-07-07 05:28:02,cityscapes,val,all,student_skd,/scratch/gautschi/manors/hf_cache/hub/models--nvidia--mit-b2/snapshots/3bb39e8739149c3777d0325349b2a6c32c6413db,runs/mit-b2_skd_j9196921/student_skd.ckpt,skd,img_000472,/home/manors/Guardrail-Distillation/data/cityscapes/leftImg8bit/val/munster/munster_000146_000019_leftImg8bit.png,,0.6481545406710839,0.3518454593289161,0.976783037185669,0.9807066321372986,0.0723818838596344,0.05351873114705086,0.1626308411359787,0.9431913495063782,0.19579292833805084,-7.119352340698242,7.096124172210693,0.003498998936265707,0.02280382066965103,488997,7.981374248629436,7.412314007524401,16.30435572587885,1.0,0.0,150859,0.6007399045169903,0.39926009548300967,22106,0.05414582043886185,0.0003405832394491881,29.405116278212517,0.019972138106822968,0.980027861893177,0.03821685165166855,0.12569519877433777,-0.004634204786270857,0.49884146451950073,0.5011585354804993,0.5092387199401855,0.5221575498580933,0.6309135556221008,0.49884146451950073,0.5011585354804993,0.49884146451950073,0.5011585354804993,0.7058332711344826,0.2941667288655174,0.9789139628410339,1.0,0.0,0.0,0.6932916699547369,0.3067083300452631,0.09255176543774657,0.057678730463398664,0.057678730463398664,0.006699427496641874,0.004568534903228283,0.9423212695366013,0.057678730463398664,0.012079828418791294,0.00022086023818701506,461365
b2_cityscapes_val,2026-07-07 05:28:02,cityscapes,val,all,student_skd,/scratch/gautschi/manors/hf_cache/hub/models--nvidia--mit-b2/snapshots/3bb39e8739149c3777d0325349b2a6c32c6413db,runs/mit-b2_skd_j9196921/student_skd.ckpt,skd,img_000473,/home/manors/Guardrail-Distillation/data/cityscapes/leftImg8bit/val/munster/munster_000147_000019_leftImg8bit.png,,0.7846347600758943,0.21536523992410572,0.971522331237793,0.9754446148872375,0.08352353423833847,0.06415171921253204,0.18396206200122833,0.9409198760986328,0.18465165793895721,-7.74620246887207,7.716284275054932,0.004865144845098257,0.031201055273413658,486522,7.981374248629436,7.412314007524401,16.30435572587885,0.9489592321767146,0.05104076782328537,150859,0.6918614172349734,0.3081385827650266,42614,0.06480562686920166,0.0004203233402222395,29.405116278212517,0.026505418121814728,0.9734945818781853,0.06632526963949203,0.20681627094745636,0.004763385280966759,0.5011908411979675,0.49880915880203247,0.5125223994255066,0.5319740176200867,0.6189061403274536,0.5011908411979675,0.49880915880203247,0.5011908411979675,0.49880915880203247,0.8685176394578225,0.13148236054217755,0.9789094924926758,0.9309224749681247,0.06907752503187525,0.0,0.8453607702454601,0.15463922975453992,0.15349935301048667,0.08388287938192818,0.08388287938192818,0.012965497560799122,0.00557837076485157,0.9161171206180718,0.08388287938192818,0.019497577100992203,0.00048713109572418034,450886
b2_cityscapes_val,2026-07-07 05:28:02,cityscapes,val,all,student_skd,/scratch/gautschi/manors/hf_cache/hub/models--nvidia--mit-b2/snapshots/3bb39e8739149c3777d0325349b2a6c32c6413db,runs/mit-b2_skd_j9196921/student_skd.ckpt,skd,img_000474,/home/manors/Guardrail-Distillation/data/cityscapes/leftImg8bit/val/munster/munster_000148_000019_leftImg8bit.png,,0.6024408895882076,0.39755911041179237,0.9569322466850281,0.9702492356300354,0.09128569066524506,0.08050655573606491,0.20971572399139404,0.9267533421516418,0.2343207746744156,-6.344975471496582,6.308704376220703,0.006191657856106758,0.03807266429066658,306703,7.981374248629436,7.412314007524401,16.30435572587885,0.8682550720181146,0.13174492798188542,15076,0.5873891525026265,0.41261084749737353,26286,0.08144702762365341,0.00048699049511924386,29.405116278212517,0.029472431167960167,0.9705275688320398,0.08851659297943115,0.2229638397693634,0.0051545025780797005,0.501288652420044,0.49871134757995605,0.5164604783058167,0.5349031090736389,0.6370518803596497,0.501288652420044,0.49871134757995605,0.501288652420044,0.49871134757995605,0.5910715846910675,0.40892841530893254,0.9645357131958008,0.6360266454211482,0.3639733545788518,0.0,0.4974435395030049,0.5025564604969951,0.0,0.0,0.0,0.015813343226909637,0.008209897205233574,1.0,0.0,0.026618584990501404,0.0009324981947429478,279679
b2_cityscapes_val,2026-07-07 05:28:02,cityscapes,val,all,student_skd,/scratch/gautschi/manors/hf_cache/hub/models--nvidia--mit-b2/snapshots/3bb39e8739149c3777d0325349b2a6c32c6413db,runs/mit-b2_skd_j9196921/student_skd.ckpt,skd,img_000475,/home/manors/Guardrail-Distillation/data/cityscapes/leftImg8bit/val/munster/munster_000149_000019_leftImg8bit.png,,0.7204759036268146,0.2795240963731854,0.9771069288253784,0.9831080436706543,0.06890320032835007,0.04354950785636902,0.1489873081445694,0.9580724239349365,0.13589508831501007,-7.677125930786133,7.6567463874816895,0.002275531878694892,0.021324753761291504,493511,7.981374248629436,7.412314007524401,16.30435572587885,0.8922003267148821,0.10779967328511786,150859,0.9354904449309899,0.06450955506901013,46965,0.04397205635905266,0.00029499930678866804,29.405116278212517,0.017544925212860107,0.9824550747871399,0.025102633982896805,0.11722776293754578,-0.0030841021798551083,0.49922895431518555,0.5007710456848145,0.5075766444206238,0.5208801627159119,0.629114031791687,0.49922895431518555,0.5007710456848145,0.49922895431518555,0.5007710456848145,0.7399395152694409,0.2600604847305591,0.9788981676101685,0.9146530810703313,0.08534691892966872,0.022452754355449134,0.9181585559842249,0.08184144401577509,0.0,0.019463611642626333,0.019463611642626333,0.00720348721370101,0.005412240047007799,0.9805363883573737,0.019463611642626333,0.013744374737143517,0.0003951279795728624,468424
b2_cityscapes_val,2026-07-07 05:28:02,cityscapes,val,all,student_skd,/scratch/gautschi/manors/hf_cache/hub/models--nvidia--mit-b2/snapshots/3bb39e8739149c3777d0325349b2a6c32c6413db,runs/mit-b2_skd_j9196921/student_skd.ckpt,skd,img_000476,/home/manors/Guardrail-Distillation/data/cityscapes/leftImg8bit/val/munster/munster_000150_000019_leftImg8bit.png,,0.6886982005155198,0.3113017994844802,0.9633090496063232,0.9794666767120361,0.0754779726266861,0.05266537517309189,0.16411112248897552,0.9524164199829102,0.144847571849823,-7.934967517852783,7.91018533706665,0.0027471352368593216,0.025631098076701164,490693,7.9580497404094785,7.414000254357234,16.301434487104416,0.761098974648529,0.23890102535147095,150859,0.6073683363821419,0.39263166361785806,102634,0.053114861249923706,0.00034029761445708573,29.448199493344873,0.020552128553390503,0.9794478714466095,0.03909756615757942,0.15711189806461334,0.001884184661321342,0.5004710555076599,0.4995289444923401,0.508461058139801,0.5253103375434875,0.6290412545204163,0.5004710555076599,0.4995289444923401,0.5004710555076599,0.4995289444923401,0.7489009959727746,0.2510990040272254,0.9748681783676147,0.8145216347865727,0.1854783652134273,0.05342266013804364,0.6600973856618574,0.3399026143381426,0.052729049279715445,0.06020279545725482,0.06020279545725482,0.0190750639885664,0.007515900768339634,0.9397972045427452,0.06020279545725482,0.02764050103724003,0.006753713823854923,459748
b2_cityscapes_val,2026-07-07 05:28:02,cityscapes,val,all,student_skd,/scratch/gautschi/manors/hf_cache/hub/models--nvidia--mit-b2/snapshots/3bb39e8739149c3777d0325349b2a6c32c6413db,runs/mit-b2_skd_j9196921/student_skd.ckpt,skd,img_000477,/home/manors/Guardrail-Distillation/data/cityscapes/leftImg8bit/val/munster/munster_000151_000019_leftImg8bit.png,,0.7809309041812887,0.21906909581871126,0.9689650535583496,0.9788997173309326,0.07569023966789246,0.05544954165816307,0.16564156115055084,0.9476312398910522,0.1648581176996231,-8.017117500305176,7.991739273071289,0.00262662791647017,0.025844795629382133,491124,7.9580497404094785,7.414000254357234,16.301434487104416,0.9367999959411847,0.06320000405881532,150859,0.8165916410097536,0.18340835899024643,63162,0.05599869787693024,0.0003236053744331002,29.448199493344873,0.022602267563343048,0.977397732436657,0.0539449006319046,0.17350220680236816,0.0001380097382934764,0.500034511089325,0.49996548891067505,0.509554922580719,0.5270476341247559,0.6243475079536438,0.500034511089325,0.49996548891067505,0.500034511089325,0.49996548891067505,0.7690711703322176,0.2309288296677824,0.9790256023406982,0.9239118504255387,0.0760881495744613,0.0,0.8559082427318827,0.1440917572681173,0.03931660172212914,0.0,0.0,0.01498603168874979,0.004925436340272427,1.0,0.0,0.020795155316591263,0.004817520268261433,459749
b2_cityscapes_val,2026-07-07 05:28:02,cityscapes,val,all,student_skd,/scratch/gautschi/manors/hf_cache/hub/models--nvidia--mit-b2/snapshots/3bb39e8739149c3777d0325349b2a6c32c6413db,runs/mit-b2_skd_j9196921/student_skd.ckpt,skd,img_000478,/home/manors/Guardrail-Distillation/data/cityscapes/leftImg8bit/val/munster/munster_000152_000019_leftImg8bit.png,,0.5902564965610687,0.4097435034389313,0.9700340032577515,0.9792107939720154,0.0803854689002037,0.05515361577272415,0.18589000403881073,0.9514666795730591,0.1532055139541626,-8.060864448547363,8.035051345825195,0.005933333653956652,0.027891211211681366,484382,7.9580497404094785,7.414000254357234,16.301434487104416,0.9855147133350547,0.014485286664945307,148276,0.5298687319917856,0.47013126800821436,47404,0.05570102855563164,0.00032596997334621847,29.448199493344873,0.02218625508248806,0.9778137449175119,0.035264886915683746,0.16395466029644012,0.0016777187120169401,0.5004194378852844,0.4995805621147156,0.5062175393104553,0.5253399014472961,0.6212897896766663,0.5004194378852844,0.4995805621147156,0.5004194378852844,0.4995805621147156,0.6121728243093126,0.38782717569068736,0.9763637185096741,0.9866927941960797,0.013307205803920308,0.0011780808610249993,0.5812378287969706,0.4187621712030294,0.05136909680518498,0.021916327748243924,0.021916327748243924,0.011199838481843472,0.004870123229920864,0.9780836722517561,0.021916327748243924,0.018735213205218315,0.00028283463325351477,455631
b2_cityscapes_val,2026-07-07 05:28:02,cityscapes,val,all,student_skd,/scratch/gautschi/manors/hf_cache/hub/models--nvidia--mit-b2/snapshots/3bb39e8739149c3777d0325349b2a6c32c6413db,runs/mit-b2_skd_j9196921/student_skd.ckpt,skd,img_000479,/home/manors/Guardrail-Distillation/data/cityscapes/leftImg8bit/val/munster/munster_000153_000019_leftImg8bit.png,,0.5039948743325042,0.49600512566749577,0.9531058073043823,0.9623435735702515,0.10678878426551819,0.09766215085983276,0.24445883929729462,0.9195063710212708,0.24037885665893555,-7.92922830581665,7.882238388061523,0.010768214240670204,0.052896641194820404,458479,7.9580497404094785,7.414000254357234,16.301434487104416,0.9686239851005871,0.031376014899412885,138026,0.5532707336647098,0.4467292663352902,19200,0.09855788201093674,0.0005990155623294413,29.448199493344873,0.04147488251328468,0.9585251174867153,0.16458305716514587,0.30972543358802795,0.01641998067498207,0.5041049122810364,0.4958950877189636,0.5278772711753845,0.5533218383789062,0.6043292880058289,0.5041049122810364,0.4958950877189636,0.5041049122810364,0.4958950877189636,0.5522749637644995,0.44772503623550053,0.9623057842254639,0.9602946042259843,0.03970539577401566,0.0,0.8060921395704256,0.19390786042957442,0.2528214059057158,0.04828008943199524,0.04828008943199524,0.023015230894088745,0.01381524559110403,0.9517199105680048,0.04828008943199524,0.04074995592236519,0.0029052584432065487,408401
b2_cityscapes_val,2026-07-07 05:28:03,cityscapes,val,all,student_skd,/scratch/gautschi/manors/hf_cache/hub/models--nvidia--mit-b2/snapshots/3bb39e8739149c3777d0325349b2a6c32c6413db,runs/mit-b2_skd_j9196921/student_skd.ckpt,skd,img_000480,/home/manors/Guardrail-Distillation/data/cityscapes/leftImg8bit/val/munster/munster_000154_000019_leftImg8bit.png,,0.6607586713440352,0.3392413286559648,0.9539402723312378,0.9660714268684387,0.0988190770149231,0.0860489010810852,0.21887126564979553,0.9276502132415771,0.2104802429676056,-8.13437557220459,8.092647552490234,0.007429646328091621,0.0446123406291008,493294,7.972679246449843,7.426059746649116,16.329062753356993,0.8749540238943869,0.12504597610561308,150859,0.7084078077355754,0.29159219226442457,80985,0.08671313524246216,0.0005486369482241571,29.42032224382274,0.03376198932528496,0.966238010674715,0.1127261221408844,0.25357070565223694,0.013776942156255245,0.5034441947937012,0.49655580520629883,0.519868791103363,0.5507136583328247,0.6127909421920776,0.5034441947937012,0.49655580520629883,0.5034441947937012,0.49655580520629883,0.6758259419238765,0.32417405807612354,0.952940821647644,0.8557547521863577,0.14424524781364234,0.0,0.6684774730796683,0.3315225269203317,0.0,0.015067270579841252,0.015067270579841252,0.01291521918028593,0.01391462329775095,0.9849327294201587,0.015067270579841252,0.029742911458015442,0.0013724067248404026,442243
b2_cityscapes_val,2026-07-07 05:28:03,cityscapes,val,all,student_skd,/scratch/gautschi/manors/hf_cache/hub/models--nvidia--mit-b2/snapshots/3bb39e8739149c3777d0325349b2a6c32c6413db,runs/mit-b2_skd_j9196921/student_skd.ckpt,skd,img_000481,/home/manors/Guardrail-Distillation/data/cityscapes/leftImg8bit/val/munster/munster_000155_000019_leftImg8bit.png,,0.6145847620334486,0.3854152379665514,0.9543927311897278,0.9704796075820923,0.0954187735915184,0.07647356390953064,0.21905061602592468,0.9366204738616943,0.19246919453144073,-7.585672378540039,7.548929691314697,0.008062593638896942,0.04158204421401024,490909,7.972679246449843,7.426059746649116,16.329062753356993,1.0,0.0,150859,0.6590514697734476,0.34094853022655236,13870,0.07730235159397125,0.000540371285751462,29.42032224382274,0.0329519622027874,0.9670480377972126,0.10328849405050278,0.27768057584762573,0.009339539334177971,0.5023348927497864,0.4976651072502136,0.5185719728469849,0.5492879748344421,0.6000481843948364,0.5023348927497864,0.4976651072502136,0.5023348927497864,0.4976651072502136,0.5885175588818164,0.41148244111818355,0.9579656720161438,1.0,0.0,0.0,0.7132424617639219,0.2867575382360781,0.05419099199047428,0.0,0.0,0.013695002533495426,0.010122038424015045,1.0,0.0,0.028710003942251205,0.0006661111838184297,448350
b2_cityscapes_val,2026-07-07 05:28:03,cityscapes,val,all,student_skd,/scratch/gautschi/manors/hf_cache/hub/models--nvidia--mit-b2/snapshots/3bb39e8739149c3777d0325349b2a6c32c6413db,runs/mit-b2_skd_j9196921/student_skd.ckpt,skd,img_000482,/home/manors/Guardrail-Distillation/data/cityscapes/leftImg8bit/val/munster/munster_000156_000019_leftImg8bit.png,,0.616393228492863,0.38360677150713696,0.945482075214386,0.9710531830787659,0.09214456379413605,0.07637405395507812,0.2115318328142166,0.9334692358970642,0.20575809478759766,-8.094282150268555,8.058633804321289,0.006634535267949104,0.03840069845318794,484887,7.972679246449843,7.426059746649116,16.329062753356993,0.8614432580568397,0.13855674194316026,150859,0.5905635952117538,0.40943640478824617,30820,0.07726462185382843,0.0005765958339907229,29.42032224382274,0.03563521057367325,0.9643647894263268,0.12354256212711334,0.27743667364120483,0.012539621442556381,0.5031348466873169,0.4968651533126831,0.520486056804657,0.5496219396591187,0.6128332018852234,0.5031348466873169,0.4968651533126831,0.5031348466873169,0.4968651533126831,0.6619799091044105,0.3380200908955895,0.9530859589576721,0.906218516462179,0.09378148353782101,0.04477525840533925,0.6456576479734325,0.3543423520265675,0.05509405276167867,0.04558668061154747,0.04558668061154747,0.016302766278386116,0.008698933757841587,0.9544133193884525,0.04558668061154747,0.030553508549928665,0.0021448296029120684,443301
b2_cityscapes_val,2026-07-07 05:28:03,cityscapes,val,all,student_skd,/scratch/gautschi/manors/hf_cache/hub/models--nvidia--mit-b2/snapshots/3bb39e8739149c3777d0325349b2a6c32c6413db,runs/mit-b2_skd_j9196921/student_skd.ckpt,skd,img_000483,/home/manors/Guardrail-Distillation/data/cityscapes/leftImg8bit/val/munster/munster_000157_000019_leftImg8bit.png,,0.7029364109790271,0.29706358902097285,0.9654697775840759,0.978584349155426,0.07877585291862488,0.056858643889427185,0.1803305596113205,0.9485593438148499,0.16212573647499084,-7.957441806793213,7.931264400482178,0.0042166453786194324,0.026819000020623207,493046,7.972679246449843,7.426059746649116,16.329062753356993,0.9579367891467826,0.0420632108532174,150859,0.7275891761300649,0.2724108238699351,44582,0.057430822402238846,0.00041000579949468374,29.42032224382274,0.026624228805303574,0.9733757711946964,0.06488370895385742,0.2041318565607071,0.006277192384004593,0.5015692710876465,0.4984307289123535,0.5115538835525513,0.537358283996582,0.6258870959281921,0.5015692710876465,0.4984307289123535,0.5015692710876465,0.4984307289123535,0.7496631650527898,0.25033683494721015,0.9671268463134766,0.9584890065203396,0.04151099347966036,0.0005522173735570401,0.7457651436016479,0.2542348563983521,0.01817596747158301,0.0467267540737627,0.0467267540737627,0.009222263470292091,0.007565217558294535,0.9532732459262373,0.0467267540737627,0.019568154588341713,0.000941088714171201,461355
b2_cityscapes_val,2026-07-07 05:28:03,cityscapes,val,all,student_skd,/scratch/gautschi/manors/hf_cache/hub/models--nvidia--mit-b2/snapshots/3bb39e8739149c3777d0325349b2a6c32c6413db,runs/mit-b2_skd_j9196921/student_skd.ckpt,skd,img_000484,/home/manors/Guardrail-Distillation/data/cityscapes/leftImg8bit/val/munster/munster_000158_000019_leftImg8bit.png,,0.5079023466450606,0.4920976533549394,0.9673289060592651,0.9800321459770203,0.07439339905977249,0.051682405173778534,0.16130788624286652,0.9515096545219421,0.15140648186206818,-8.223584175109863,8.199491500854492,0.0024834757205098867,0.025018641725182533,494871,8.002508257050067,7.416704494971782,16.306882491335273,0.9747124117804888,0.02528758821951116,150859,0.29250224710111244,0.7074977528988875,30442,0.052106209099292755,0.00029056676430627704,29.41581472987309,0.019169557839632034,0.980830442160368,0.03750151768326759,0.13667824864387512,-0.0023790111299604177,0.49940526485443115,0.5005947351455688,0.5069342255592346,0.5199195146560669,0.6194718480110168,0.49940526485443115,0.5005947351455688,0.49940526485443115,0.5005947351455688,0.5672028202570687,0.4327971797429313,0.972368597984314,0.9838311457162374,0.01616885428376258,0.00911873393574858,0.43364670309580394,0.566353296904196,0.1411444559946915,0.059300473612008076,0.059300473612008076,0.010259239934384823,0.005219542421400547,0.9406995263879919,0.059300473612008076,0.01740453578531742,0.0008163744350895286,465067
b2_cityscapes_val,2026-07-07 05:28:03,cityscapes,val,all,student_skd,/scratch/gautschi/manors/hf_cache/hub/models--nvidia--mit-b2/snapshots/3bb39e8739149c3777d0325349b2a6c32c6413db,runs/mit-b2_skd_j9196921/student_skd.ckpt,skd,img_000485,/home/manors/Guardrail-Distillation/data/cityscapes/leftImg8bit/val/munster/munster_000159_000019_leftImg8bit.png,,0.6093630844405148,0.3906369155594852,0.8825386762619019,0.9380022287368774,0.12996959686279297,0.15843786299228668,0.28730496764183044,0.8696823120117188,0.37425845861434937,-7.8426337242126465,7.765658855438232,0.01609569974243641,0.08576846122741699,469380,8.002508257050067,7.416704494971782,16.306882491335273,0.48090100071289643,0.5190989992871036,133427,0.5078537053919862,0.49214629460801385,12926,0.15989497303962708,0.001012003282085061,29.41581472987309,0.0706285759806633,0.9293714240193367,0.28945863246917725,0.37893226742744446,0.04736226797103882,0.5118383765220642,0.4881616234779358,0.5545827150344849,0.585613489151001,0.5621225237846375,0.5118383765220642,0.4881616234779358,0.5118383765220642,0.4881616234779358,0.6313603497293064,0.36863965027069356,0.9265903830528259,0.7578887821231683,0.24211121787683165,0.2769877814102719,0.37119821135130593,0.6288017886486941,0.0,0.021997265288791645,0.021997265288791645,0.06250372529029846,0.018451999872922897,0.9780027347112084,0.021997265288791645,0.08975669741630554,0.021660488098859787,384172
b2_cityscapes_val,2026-07-07 05:28:03,cityscapes,val,all,student_skd,/scratch/gautschi/manors/hf_cache/hub/models--nvidia--mit-b2/snapshots/3bb39e8739149c3777d0325349b2a6c32c6413db,runs/mit-b2_skd_j9196921/student_skd.ckpt,skd,img_000486,/home/manors/Guardrail-Distillation/data/cityscapes/leftImg8bit/val/munster/munster_000160_000019_leftImg8bit.png,,0.6043277463999944,0.3956722536000056,0.9596717357635498,0.9729884266853333,0.0902281329035759,0.07131721079349518,0.20746922492980957,0.9362873435020447,0.20285701751708984,-7.897175312042236,7.863732814788818,0.006580313201993704,0.03654779866337776,491466,8.002508257050067,7.416704494971782,16.306882491335273,0.8913075670835734,0.1086924329164266,150859,0.5028381734148446,0.4971618265851554,32372,0.07217209786176682,0.0004679132835008204,29.41581472987309,0.02955785021185875,0.9704421497881413,0.08350879698991776,0.23650340735912323,0.007420028559863567,0.5018550157546997,0.4981449842453003,0.5137872695922852,0.5394426584243774,0.6154128909111023,0.5018550157546997,0.4981449842453003,0.5018550157546997,0.4981449842453003,0.614624704040609,0.385375295959391,0.9642295241355896,0.907679380710825,0.09232061928917501,0.016371813627251597,0.6138973912707458,0.38610260872925417,0.11105921785590123,0.010296957640614557,0.010296957640614557,0.012731297872960567,0.008173505775630474,0.9897030423593854,0.010296957640614557,0.02399352192878723,0.0013917544856667519,452808
b2_cityscapes_val,2026-07-07 05:28:03,cityscapes,val,all,student_skd,/scratch/gautschi/manors/hf_cache/hub/models--nvidia--mit-b2/snapshots/3bb39e8739149c3777d0325349b2a6c32c6413db,runs/mit-b2_skd_j9196921/student_skd.ckpt,skd,img_000487,/home/manors/Guardrail-Distillation/data/cityscapes/leftImg8bit/val/munster/munster_000161_000019_leftImg8bit.png,,0.6791616036818063,0.32083839631819366,0.9775695204734802,0.9742064476013184,0.08169382810592651,0.06436080485582352,0.17153260111808777,0.9422601461410522,0.16837279498577118,-7.614299774169922,7.583547592163086,0.0017702936893329024,0.03149992227554321,495398,8.002508257050067,7.416704494971782,16.306882491335273,0.9743427621734726,0.0256572378265274,150859,0.5718590609454041,0.42814093905459594,7077,0.0649411603808403,0.0003134989528916776,29.41581472987309,0.03181011229753494,0.9681898877024651,0.11279924213886261,0.2381591498851776,0.0046974425204098225,0.5011743307113647,0.49882566928863525,0.5155444145202637,0.5394086241722107,0.6226788759231567,0.5011743307113647,0.49882566928863525,0.5011743307113647,0.49882566928863525,0.6257213845539732,0.3742786154460268,0.9793882369995117,0.9923412598771058,0.0076587401228942475,0.017998497703633154,0.533822318195568,0.466177681804432,0.0,0.0,0.0,0.00893624871969223,0.007117509376257658,1.0,0.0,0.01748896762728691,0.00014937484229449183,454852
b2_cityscapes_val,2026-07-07 05:28:03,cityscapes,val,all,student_skd,/scratch/gautschi/manors/hf_cache/hub/models--nvidia--mit-b2/snapshots/3bb39e8739149c3777d0325349b2a6c32c6413db,runs/mit-b2_skd_j9196921/student_skd.ckpt,skd,img_000488,/home/manors/Guardrail-Distillation/data/cityscapes/leftImg8bit/val/munster/munster_000162_000019_leftImg8bit.png,,0.51878466756052,0.48121533243948,0.9608641862869263,0.9661300778388977,0.09677999466657639,0.08449915796518326,0.20743587613105774,0.92720627784729,0.2111193686723709,-7.796654224395752,7.75541353225708,0.004889697302132845,0.04448689892888069,492055,7.979841728229076,7.410752004943788,16.30090898834169,1.0,0.0,150144,0.4206150843429314,0.5793849156570686,19734,0.08535826206207275,0.0005256762960925698,29.39983125543222,0.03704908490180969,0.9629509150981903,0.13897204399108887,0.27590495347976685,0.015332087874412537,0.5038329362869263,0.49616706371307373,0.525300145149231,0.5506731867790222,0.6173460483551025,0.5038329362869263,0.49616706371307373,0.5038329362869263,0.49616706371307373,0.5378214714963073,0.4621785285036927,0.9692108035087585,0.49992673699914747,0.5000732630008525,0.0,0.41513632452769267,0.5848636754723073,0.0,0.019036803935787328,0.019036803935787328,0.018729614093899727,0.010382985696196556,0.9809631960642127,0.019036803935787328,0.031236346811056137,0.0013087968109175563,440820
b2_cityscapes_val,2026-07-07 05:28:03,cityscapes,val,all,student_skd,/scratch/gautschi/manors/hf_cache/hub/models--nvidia--mit-b2/snapshots/3bb39e8739149c3777d0325349b2a6c32c6413db,runs/mit-b2_skd_j9196921/student_skd.ckpt,skd,img_000489,/home/manors/Guardrail-Distillation/data/cityscapes/leftImg8bit/val/munster/munster_000163_000019_leftImg8bit.png,,0.44795806855051834,0.5520419314494817,0.970313310623169,0.9760369658470154,0.08061347901821136,0.0627669170498848,0.1766444593667984,0.9421635270118713,0.17644183337688446,-8.181483268737793,8.15257740020752,0.0035774519201368093,0.02941892109811306,489175,7.979841728229076,7.410752004943788,16.30090898834169,0.9759826288097514,0.024017371190248604,150859,0.19717356287123727,0.8028264371287628,79649,0.0633196234703064,0.0003180817875545472,29.39983125543222,0.029514353722333908,0.9704856462776661,0.09602003544569016,0.2131452113389969,0.008227278478443623,0.5020567774772644,0.4979432225227356,0.5155919194221497,0.5384645462036133,0.6159253716468811,0.5020567774772644,0.4979432225227356,0.5020567774772644,0.4979432225227356,0.43238701394068535,0.5676129860593147,0.965014636516571,0.9736662984233496,0.02633370157665038,0.0,0.29709721133277195,0.7029027886672281,0.09992364846153468,0.0,0.0,0.008228139951825142,0.013526856899261475,1.0,0.0,0.023461952805519104,0.00025553227169439197,454058
b2_cityscapes_val,2026-07-07 05:28:03,cityscapes,val,all,student_skd,/scratch/gautschi/manors/hf_cache/hub/models--nvidia--mit-b2/snapshots/3bb39e8739149c3777d0325349b2a6c32c6413db,runs/mit-b2_skd_j9196921/student_skd.ckpt,skd,img_000490,/home/manors/Guardrail-Distillation/data/cityscapes/leftImg8bit/val/munster/munster_000164_000019_leftImg8bit.png,,0.6437922323136956,0.35620776768630436,0.9615078568458557,0.9635700583457947,0.10028936713933945,0.0958813950419426,0.22618453204631805,0.9177484512329102,0.24563610553741455,-7.589419841766357,7.545001983642578,0.006869028322398663,0.048431817442178726,493374,7.979841728229076,7.410752004943788,16.30090898834169,0.8908730373685244,0.10912696263147559,150859,0.3855932203389831,0.6144067796610169,5237,0.09687164425849915,0.0005880887620151043,29.39983125543222,0.04296495020389557,0.9570350497961044,0.16954399645328522,0.30638590455055237,0.02652222104370594,0.5066301822662354,0.49336981773376465,0.53712397813797,0.5668282508850098,0.6217743754386902,0.5066301822662354,0.49336981773376465,0.5066301822662354,0.49336981773376465,0.5642642985109989,0.4357357014890011,0.9653204083442688,0.9127655649343728,0.08723443506562722,0.021892527565848363,0.47378273431561624,0.5262172656843838,0.0881895139766331,0.0,0.0,0.01775529235601425,0.013942768797278404,1.0,0.0,0.03417893871665001,0.001404613838531077,438543
b2_cityscapes_val,2026-07-07 05:28:03,cityscapes,val,all,student_skd,/scratch/gautschi/manors/hf_cache/hub/models--nvidia--mit-b2/snapshots/3bb39e8739149c3777d0325349b2a6c32c6413db,runs/mit-b2_skd_j9196921/student_skd.ckpt,skd,img_000491,/home/manors/Guardrail-Distillation/data/cityscapes/leftImg8bit/val/munster/munster_000165_000019_leftImg8bit.png,,0.530973962801243,0.469026037198757,0.9467591643333435,0.9793059825897217,0.07879448682069778,0.05267546325922012,0.17198039591312408,0.9529739022254944,0.1434987485408783,-8.201133728027344,8.175718307495117,0.004740903154015541,0.027605924755334854,493155,7.979841728229076,7.410752004943788,16.30090898834169,0.479029411361495,0.520970588638505,150859,0.4202217201217203,0.5797782798782797,49681,0.05329107865691185,0.00039842637488618493,29.39983125543222,0.021584365516901016,0.978415634483099,0.03642823174595833,0.1682552844285965,-0.0010974028846248984,0.4997256100177765,0.5002743899822235,0.506317675113678,0.5222614407539368,0.6348811984062195,0.4997256100177765,0.5002743899822235,0.4997256100177765,0.5002743899822235,0.5167759186525508,0.4832240813474492,0.9685129523277283,0.9347678442188578,0.06523215578114216,0.4557384328573628,0.42135584479076016,0.5786441552092398,0.0011341246690398377,0.0,0.0,0.030349483713507652,0.008595675230026245,1.0,0.0,0.04027942568063736,0.02096298336982727,462947
b2_cityscapes_val,2026-07-07 05:28:03,cityscapes,val,all,student_skd,/scratch/gautschi/manors/hf_cache/hub/models--nvidia--mit-b2/snapshots/3bb39e8739149c3777d0325349b2a6c32c6413db,runs/mit-b2_skd_j9196921/student_skd.ckpt,skd,img_000492,/home/manors/Guardrail-Distillation/data/cityscapes/leftImg8bit/val/munster/munster_000166_000019_leftImg8bit.png,,0.6830255480878726,0.31697445191212736,0.9608287215232849,0.9718852639198303,0.09212260693311691,0.07485175877809525,0.2148197442293167,0.9346329569816589,0.20733413100242615,-8.100164413452148,8.065335273742676,0.00733452383428812,0.03764429688453674,489875,7.973104511620477,7.414297491777688,16.28923648968339,0.9586814691231466,0.04131853087685344,150859,0.7269818023454652,0.27301819765453483,42100,0.07579965889453888,0.0006200088537298143,29.428741749143228,0.031451981514692307,0.9685480184853077,0.09408129006624222,0.25818946957588196,0.003251914167776704,0.5008129477500916,0.49918705224990845,0.5119949579238892,0.5348631143569946,0.5996757745742798,0.5008129477500916,0.49918705224990845,0.5008129477500916,0.49918705224990845,0.7272234864412368,0.2727765135587632,0.9665200114250183,0.9782066066630184,0.021793393336981604,0.01952513753987184,0.7365461593589592,0.2634538406410408,0.009564357013494007,0.04419793835336416,0.04419793835336416,0.01545496191829443,0.009763714857399464,0.9558020616466358,0.04419793835336416,0.027664199471473694,0.0024700176436454058,449419
b2_cityscapes_val,2026-07-07 05:28:04,cityscapes,val,all,student_skd,/scratch/gautschi/manors/hf_cache/hub/models--nvidia--mit-b2/snapshots/3bb39e8739149c3777d0325349b2a6c32c6413db,runs/mit-b2_skd_j9196921/student_skd.ckpt,skd,img_000493,/home/manors/Guardrail-Distillation/data/cityscapes/leftImg8bit/val/munster/munster_000167_000019_leftImg8bit.png,,0.6965748917798293,0.30342510822017066,0.9298023581504822,0.9468963742256165,0.12036481499671936,0.1392754167318344,0.2714272439479828,0.8822057247161865,0.35431575775146484,-8.186600685119629,8.12106990814209,0.013187006115913391,0.07111423462629318,456055,7.973104511620477,7.414297491777688,16.28923648968339,0.7996101944391159,0.20038980556088415,127337,0.715638410412657,0.28436158958734303,84008,0.14072328805923462,0.0009115725988522172,29.428741749143228,0.06468017399311066,0.9353198260068893,0.257298082113266,0.3498738408088684,0.030673803761601448,0.5076678395271301,0.4923321604728699,0.5409068465232849,0.5634702444076538,0.5772239565849304,0.5076678395271301,0.4923321604728699,0.5076678395271301,0.4923321604728699,0.712941255799528,0.28705874420047195,0.9328107833862305,0.6883557058648127,0.31164429413518735,0.0,0.744519308867358,0.25548069113264205,0.028880898454700987,0.01636636401969871,0.01636636401969871,0.019469143822789192,0.016460735350847244,0.9836336359803013,0.01636636401969871,0.04150157421827316,0.0008770872373133898,383850
b2_cityscapes_val,2026-07-07 05:28:04,cityscapes,val,all,student_skd,/scratch/gautschi/manors/hf_cache/hub/models--nvidia--mit-b2/snapshots/3bb39e8739149c3777d0325349b2a6c32c6413db,runs/mit-b2_skd_j9196921/student_skd.ckpt,skd,img_000494,/home/manors/Guardrail-Distillation/data/cityscapes/leftImg8bit/val/munster/munster_000168_000019_leftImg8bit.png,,0.6774378658297815,0.3225621341702185,0.9698436856269836,0.9760584235191345,0.08137570321559906,0.06188342347741127,0.17833039164543152,0.9438573122024536,0.17090573906898499,-8.851517677307129,8.82259750366211,0.0031167445704340935,0.03065580129623413,490576,7.973104511620477,7.414297491777688,16.28923648968339,0.9007760486125957,0.09922395138740425,150859,0.49524985749572487,0.5047501425042751,73848,0.0625549703836441,0.00037460148450918496,29.428741749143228,0.023080717772245407,0.9769192822277546,0.0548638254404068,0.1849791705608368,-0.0034708029124885798,0.49913230538368225,0.5008676946163177,0.5061342716217041,0.5202897191047668,0.5826588869094849,0.49913230538368225,0.5008676946163177,0.49913230538368225,0.5008676946163177,0.6945580693692986,0.30544193063070135,0.9741100668907166,0.9308638889055443,0.06913611109445572,0.03008784029294853,0.49353240583644387,0.5064675941635561,0.0,0.017120203539517154,0.017120203539517154,0.009739572182297707,0.005473158322274685,0.9828797964604828,0.017120203539517154,0.016225825995206833,0.00029964777058921754,454380
b2_cityscapes_val,2026-07-07 05:28:04,cityscapes,val,all,student_skd,/scratch/gautschi/manors/hf_cache/hub/models--nvidia--mit-b2/snapshots/3bb39e8739149c3777d0325349b2a6c32c6413db,runs/mit-b2_skd_j9196921/student_skd.ckpt,skd,img_000495,/home/manors/Guardrail-Distillation/data/cityscapes/leftImg8bit/val/munster/munster_000169_000019_leftImg8bit.png,,0.6280678944108902,0.37193210558910983,0.9613850712776184,0.9705933928489685,0.09223804622888565,0.07864262908697128,0.21551382541656494,0.9319478869438171,0.212761789560318,-7.987244129180908,7.951180934906006,0.006301121786236763,0.0385986864566803,492452,7.973104511620477,7.414297491777688,16.28923648968339,1.0,0.0,150859,0.47747249292466937,0.5225275070753306,16930,0.07957353442907333,0.0005711172707378864,29.428741749143228,0.028063323348760605,0.9719366766512394,0.07745841890573502,0.22178441286087036,0.0010836889268830419,0.5002709031105042,0.49972909688949585,0.5093563795089722,0.528442919254303,0.5872083902359009,0.5002709031105042,0.49972909688949585,0.5002709031105042,0.49972909688949585,0.5869877708600424,0.4130122291399576,0.965275764465332,1.0,0.0,0.0,0.4434897848100731,0.5565102151899268,0.0,0.0,0.0,0.011152355931699276,0.0072616213001310825,1.0,0.0,0.02201026678085327,0.00034318063990212977,448410
b2_cityscapes_val,2026-07-07 05:28:04,cityscapes,val,all,student_skd,/scratch/gautschi/manors/hf_cache/hub/models--nvidia--mit-b2/snapshots/3bb39e8739149c3777d0325349b2a6c32c6413db,runs/mit-b2_skd_j9196921/student_skd.ckpt,skd,img_000496,/home/manors/Guardrail-Distillation/data/cityscapes/leftImg8bit/val/munster/munster_000170_000019_leftImg8bit.png,,0.459480320765086,0.5405196792349141,0.9729243516921997,0.9824365377426147,0.06955136358737946,0.0452609620988369,0.15136952698230743,0.9578571319580078,0.13104543089866638,-8.492464065551758,8.471369743347168,0.0018799727549776435,0.021647987887263298,494688,7.974298001499847,7.425656745908782,16.303180513205007,0.43466597963029274,0.5653340203697073,150859,0.24577160853843463,0.7542283914615654,8904,0.045836299657821655,0.0003289711894467473,29.42394875572063,0.017438990995287895,0.9825610090047121,0.021588604897260666,0.11466836929321289,-0.007779326289892197,0.49805518984794617,0.5019448101520538,0.5036787390708923,0.5145716667175293,0.6283349394798279,0.49805518984794617,0.5019448101520538,0.49805518984794617,0.5019448101520538,0.5375236534167036,0.4624763465832964,0.9825728535652161,0.969313320851851,0.030686679148149043,0.5346473412215582,0.29247163148191424,0.7075283685180858,0.046700022943479635,0.07804333265161767,0.07804333265161767,0.012820201925933361,0.0031716960947960615,0.9219566673483823,0.07804333265161767,0.017702067270874977,0.0013584319967776537,467418
b2_cityscapes_val,2026-07-07 05:28:04,cityscapes,val,all,student_skd,/scratch/gautschi/manors/hf_cache/hub/models--nvidia--mit-b2/snapshots/3bb39e8739149c3777d0325349b2a6c32c6413db,runs/mit-b2_skd_j9196921/student_skd.ckpt,skd,img_000497,/home/manors/Guardrail-Distillation/data/cityscapes/leftImg8bit/val/munster/munster_000171_000019_leftImg8bit.png,,0.5608132325548609,0.43918676744513907,0.9353072643280029,0.9715920090675354,0.09390533715486526,0.0719761922955513,0.20957238972187042,0.9389241337776184,0.18360623717308044,-7.855719089508057,7.82033109664917,0.007251329720020294,0.039907246828079224,481291,7.974298001499847,7.425656745908782,16.303180513205007,0.572812162011546,0.42718783798845394,150859,0.5449335432937712,0.4550664567062288,12627,0.07260603457689285,0.0004934913595207036,29.42394875572063,0.040361251682043076,0.9596387483179569,0.15182854235172272,0.3245571553707123,0.022138485684990883,0.5055343508720398,0.4944656491279602,0.5299489498138428,0.5818921327590942,0.6152445673942566,0.5055343508720398,0.4944656491279602,0.5055343508720398,0.4944656491279602,0.5828667536759384,0.41713324632406157,0.967427134513855,0.9806655464495944,0.01933445355040564,0.4078533844380483,0.5939664696990392,0.4060335303009608,0.04903292640526802,0.0220535211210775,0.0220535211210775,0.03826998546719551,0.0061501250602304935,0.9779464788789225,0.0220535211210775,0.04806239530444145,0.011261377483606339,441373
b2_cityscapes_val,2026-07-07 05:28:04,cityscapes,val,all,student_skd,/scratch/gautschi/manors/hf_cache/hub/models--nvidia--mit-b2/snapshots/3bb39e8739149c3777d0325349b2a6c32c6413db,runs/mit-b2_skd_j9196921/student_skd.ckpt,skd,img_000498,/home/manors/Guardrail-Distillation/data/cityscapes/leftImg8bit/val/munster/munster_000172_000019_leftImg8bit.png,,0.577534134661969,0.422465865338031,0.9760375022888184,0.979069709777832,0.07723835855722427,0.053223639726638794,0.16840320825576782,0.9520426988601685,0.1458434760570526,-8.39880657196045,8.37341594696045,0.002837198320776224,0.026995684951543808,484633,7.974298001499847,7.425656745908782,16.303180513205007,0.971055584972951,0.02894441502704903,149322,0.3289737995982461,0.671026200401754,92772,0.05377085134387016,0.0003141388006042689,29.42394875572063,0.01939570903778076,0.9806042909622192,0.03713277354836464,0.1472357213497162,-0.0022402750328183174,0.49943992495536804,0.500560075044632,0.5063986778259277,0.5232210755348206,0.6160947680473328,0.49943992495536804,0.500560075044632,0.49943992495536804,0.500560075044632,0.5566566354489909,0.4433433645510091,0.9810866713523865,0.9859241701915809,0.014075829808419149,0.014868585218629882,0.38520477000061265,0.6147952299993873,0.05623097040236669,0.0,0.0,0.01039136853069067,0.00534218642860651,1.0,0.0,0.017019063234329224,0.0003466540656518191,453817
b2_cityscapes_val,2026-07-07 05:28:04,cityscapes,val,all,student_skd,/scratch/gautschi/manors/hf_cache/hub/models--nvidia--mit-b2/snapshots/3bb39e8739149c3777d0325349b2a6c32c6413db,runs/mit-b2_skd_j9196921/student_skd.ckpt,skd,img_000499,/home/manors/Guardrail-Distillation/data/cityscapes/leftImg8bit/val/munster/munster_000173_000019_leftImg8bit.png,,0.5517773126453914,0.4482226873546086,0.9684188961982727,0.9771499633789062,0.08171094208955765,0.05919066444039345,0.18270960450172424,0.946179211139679,0.1689060479402542,-7.572360992431641,7.544436454772949,0.004064486362040043,0.03064383752644062,418257,7.974298001499847,7.425656745908782,16.303180513205007,0.7370129882335379,0.2629870117664621,91971,0.9781559114460668,0.02184408855393316,16984,0.05974344536662102,0.00035170643241144717,29.42394875572063,0.02561791054904461,0.9743820894509554,0.0559869222342968,0.1944069117307663,0.0017054490745067596,0.5004263520240784,0.49957364797592163,0.5103150010108948,0.536445140838623,0.6154758930206299,0.5004263520240784,0.49957364797592163,0.5004263520240784,0.49957364797592163,0.6038434591876727,0.3961565408123273,0.9678164124488831,0.7040600502065719,0.2959399497934281,0.0,0.9717969853980216,0.028203014601978382,0.0,0.052066146542281255,0.052066146542281255,0.010969331488013268,0.011571832001209259,0.9479338534577187,0.052066146542281255,0.025151999667286873,0.0017381657380610704,390140
