run_id,timestamp,dataset_name,split,domain,student_name,student_backbone,student_ckpt,train_method,image_id,image_path,condition,student_miou,student_risk,student_pixel_acc,student_msp,student_msp_std,student_entropy,student_entropy_std,temp_msp,temp_entropy,energy_score,max_logit,low_conf_frac_050,low_conf_frac_070,n_valid_pixels,student_latency_ms,guardrail_latency_ms,teacher_latency_ms,student_miou_near,student_risk_near,n_near_pixels,student_miou_dynamic,student_risk_dynamic,n_dynamic_pixels,mc_entropy,mc_mutual_info,mc_dropout_latency_ms,guardrailpp_utility_dense_bce,guardrailpp_keep_dense_bce,guardrailpp_utility_dense_bce_q90,guardrailpp_utility_dense_bce_q95,guardrailpp_utility_dense_gap_raw,guardrailpp_utility_dense_gap,guardrailpp_keep_dense_gap,guardrailpp_utility_dense_gap_q90,guardrailpp_utility_dense_gap_q95,guardrailpp_utility_scalar,guardrailpp_utility,guardrailpp_keep,guardrail_risk,guardrail_keep,teacher_miou,teacher_risk,teacher_pixel_acc,teacher_miou_near,teacher_risk_near,teacher_benefit_near,teacher_miou_dynamic,teacher_risk_dynamic,teacher_benefit_dynamic,teacher_gain,teacher_benefit,teacher_gap,student_better_gap,oracle_keep,oracle_fail,disagreement_rate,confident_wrong_teacher_right,n_confident_pixels
b0_cityscapes_val,2026-07-07 05:27:17,cityscapes,val,all,student_skd,/scratch/gautschi/manors/hf_cache/models--nvidia--mit-b0/snapshots/80983a413c30d36a39c20203974ae7807835e2b4,outputs-guardrailpp-v4/student_skd.ckpt,skd,img_000000,/home/manors/Guardrail-Distillation/data/cityscapes/leftImg8bit/val/frankfurt/frankfurt_000000_000294_leftImg8bit.png,,0.7030366186990604,0.2969633813009396,0.9637413620948792,0.9726176857948303,0.08433854579925537,0.07311531901359558,0.18672433495521545,0.9287885427474976,0.23179352283477783,-5.789202690124512,5.756420612335205,0.003134079510346055,0.032902441918849945,463613,2.94659350765869,4.907736991299316,16.224675491685048,0.6819742506876268,0.31802574931237315,126850,0.9045028911732974,0.09549710882670259,30532,0.07450330257415771,0.0007510618888773024,15.349446999607608,0.04912906885147095,0.950870931148529,0.18215355277061462,0.2962673008441925,0.019382178783416748,0.504845380783081,0.49515461921691895,0.5427553057670593,0.5784977078437805,0.594245970249176,0.504845380783081,0.49515461921691895,0.504845380783081,0.49515461921691895,0.7775342271072859,0.22246577289271408,0.9754946827888489,0.713467159456291,0.286532840543709,0.031492908768664174,0.9715798793768795,0.028420120623120493,0.0670769882035821,0.0744976084082255,0.0744976084082255,0.0200921893119812,0.008338851854205132,0.9255023915917745,0.0744976084082255,0.029915038496255875,0.005211242940276861,424502
b0_cityscapes_val,2026-07-07 05:27:17,cityscapes,val,all,student_skd,/scratch/gautschi/manors/hf_cache/models--nvidia--mit-b0/snapshots/80983a413c30d36a39c20203974ae7807835e2b4,outputs-guardrailpp-v4/student_skd.ckpt,skd,img_000001,/home/manors/Guardrail-Distillation/data/cityscapes/leftImg8bit/val/frankfurt/frankfurt_000000_000576_leftImg8bit.png,,0.5430632290705486,0.4569367709294514,0.9647494554519653,0.9782698154449463,0.07735748589038849,0.05769007280468941,0.17045779526233673,0.9435453414916992,0.18549099564552307,-6.307359218597412,6.281148910522461,0.0029813353903591633,0.027370374649763107,466234,2.94659350765869,4.907736991299316,16.224675491685048,0.8088117491087604,0.1911882508912396,126850,0.4398982745749892,0.5601017254250108,80334,0.05871397629380226,0.0005868209409527481,15.349446999607608,0.03227807953953743,0.9677219204604626,0.10716718435287476,0.23150311410427094,-0.005882766097784042,0.498529314994812,0.501470685005188,0.5148851275444031,0.5453162789344788,0.590058445930481,0.498529314994812,0.501470685005188,0.498529314994812,0.501470685005188,0.7724517457884459,0.2275482542115541,0.9788260459899902,0.827367586025526,0.17263241397447404,0.018555836916765545,0.6931513775224106,0.3068486224775894,0.2532531029474214,0.22938851671789728,0.22938851671789728,0.020041437819600105,0.005964815616607666,0.7706114832821027,0.22938851671789728,0.027541963383555412,0.005767489783465862,436102
b0_cityscapes_val,2026-07-07 05:27:17,cityscapes,val,all,student_skd,/scratch/gautschi/manors/hf_cache/models--nvidia--mit-b0/snapshots/80983a413c30d36a39c20203974ae7807835e2b4,outputs-guardrailpp-v4/student_skd.ckpt,skd,img_000002,/home/manors/Guardrail-Distillation/data/cityscapes/leftImg8bit/val/frankfurt/frankfurt_000000_001016_leftImg8bit.png,,0.5927265298109878,0.40727347018901217,0.9526315927505493,0.9763727784156799,0.08501889556646347,0.06215236708521843,0.19541046023368835,0.9432145357131958,0.18860135972499847,-5.9393439292907715,5.910095691680908,0.006210594903677702,0.031553931534290314,467105,2.94659350765869,4.907736991299316,16.224675491685048,0.7646913916138182,0.23530860838618184,126850,0.6781985622110148,0.3218014377889852,76048,0.06362783163785934,0.0009595900191925466,15.349446999607608,0.031381864100694656,0.9686181358993053,0.10316027700901031,0.24331428110599518,-0.018589723855257034,0.49535271525382996,0.50464728474617,0.5188973546028137,0.5549150705337524,0.6140830516815186,0.49535271525382996,0.50464728474617,0.49535271525382996,0.50464728474617,0.7402578611625877,0.25974213883741226,0.9740678668022156,0.6416814367425555,0.3583185632574445,0.0,0.8681351336251246,0.13186486637487538,0.1899365714141098,0.1475313313515999,0.1475313313515999,0.026484407484531403,0.005048115272074938,0.8524686686484001,0.1475313313515999,0.03440982103347778,0.00388349499553442,434398
b0_cityscapes_val,2026-07-07 05:27:17,cityscapes,val,all,student_skd,/scratch/gautschi/manors/hf_cache/models--nvidia--mit-b0/snapshots/80983a413c30d36a39c20203974ae7807835e2b4,outputs-guardrailpp-v4/student_skd.ckpt,skd,img_000003,/home/manors/Guardrail-Distillation/data/cityscapes/leftImg8bit/val/frankfurt/frankfurt_000000_001236_leftImg8bit.png,,0.4842050204809282,0.5157949795190717,0.9418184161186218,0.9620199799537659,0.10764098167419434,0.09958339482545853,0.25178712606430054,0.9180392622947693,0.25288745760917664,-6.550419330596924,6.502930164337158,0.011480782181024551,0.05345278978347778,461641,2.94659350765869,4.907736991299316,16.224675491685048,0.89870451137265,0.10129548862735005,126850,0.3782247700971605,0.6217752299028395,75713,0.10098320245742798,0.0010585491545498371,15.349446999607608,0.04951520636677742,0.9504847936332226,0.20357483625411987,0.37481391429901123,0.019250186160206795,0.5048124194145203,0.49518758058547974,0.5422049164772034,0.5931664705276489,0.5271298885345459,0.5048124194145203,0.49518758058547974,0.5048124194145203,0.49518758058547974,0.5254695799846971,0.4745304200153029,0.9640954732894897,0.9602670308592824,0.039732969140717556,0.061562519486632494,0.42759150381700584,0.5724084961829942,0.049366733719845346,0.04126455950376884,0.04126455950376884,0.031392358243465424,0.009115307591855526,0.9587354404962312,0.04126455950376884,0.04575850069522858,0.005788047332316637,410345
b0_cityscapes_val,2026-07-07 05:27:17,cityscapes,val,all,student_skd,/scratch/gautschi/manors/hf_cache/models--nvidia--mit-b0/snapshots/80983a413c30d36a39c20203974ae7807835e2b4,outputs-guardrailpp-v4/student_skd.ckpt,skd,img_000004,/home/manors/Guardrail-Distillation/data/cityscapes/leftImg8bit/val/frankfurt/frankfurt_000000_001751_leftImg8bit.png,,0.5188018625757126,0.4811981374242874,0.9583369493484497,0.9746252298355103,0.08295004814863205,0.06896798312664032,0.18862363696098328,0.9329959154129028,0.2238866090774536,-6.260231971740723,6.229620933532715,0.0037871135864406824,0.03158699721097946,420901,2.91415597894229,4.906387010123581,16.257330746157095,0.8088729383934292,0.19112706160657078,126850,0.4130933580736711,0.5869066419263289,49218,0.07047330588102341,0.0008240625029429793,10.696979734348133,0.03622536361217499,0.963774636387825,0.12584440410137177,0.26196521520614624,-0.005846466403454542,0.49853837490081787,0.5014616250991821,0.5203588604927063,0.562616229057312,0.5827988386154175,0.49853837490081787,0.5014616250991821,0.49853837490081787,0.5014616250991821,0.5481876204156252,0.4518123795843748,0.9697576761245728,0.8592515496132345,0.14074845038676553,0.05037861121980525,0.47549951038015237,0.5245004896198476,0.06240615230648128,0.029385757839912596,0.029385757839912596,0.01871223747730255,0.007291500456631184,0.9706142421600874,0.029385757839912596,0.02793768420815468,0.0037538516335189342,388172
b0_cityscapes_val,2026-07-07 05:27:17,cityscapes,val,all,student_skd,/scratch/gautschi/manors/hf_cache/models--nvidia--mit-b0/snapshots/80983a413c30d36a39c20203974ae7807835e2b4,outputs-guardrailpp-v4/student_skd.ckpt,skd,img_000005,/home/manors/Guardrail-Distillation/data/cityscapes/leftImg8bit/val/frankfurt/frankfurt_000000_002196_leftImg8bit.png,,0.684046175601346,0.31595382439865405,0.9602524042129517,0.9692055583000183,0.09212637692689896,0.07791659981012344,0.1998320072889328,0.9299402832984924,0.215030238032341,-6.155075550079346,6.117721080780029,0.0038548416923731565,0.040270883589982986,458644,2.91415597894229,4.906387010123581,16.257330746157095,0.7246820017602126,0.2753179982397874,126850,0.9390987269026163,0.06090127309738369,48371,0.07920055091381073,0.0007047411054372787,10.696979734348133,0.04655372351408005,0.95344627648592,0.2089216411113739,0.30482518672943115,0.009369105100631714,0.5023422241210938,0.49765777587890625,0.5533631443977356,0.5858217477798462,0.6103606224060059,0.5023422241210938,0.49765777587890625,0.5023422241210938,0.49765777587890625,0.7012192538910906,0.29878074610890937,0.9741302728652954,0.955951873713773,0.04404812628622701,0.2312698719535604,0.9713875173153801,0.02861248268461991,0.03228879041276378,0.01717307828974468,0.01717307828974468,0.022649375721812248,0.008771508932113647,0.9828269217102553,0.01717307828974468,0.03258518502116203,0.002080044709146023,414793
b0_cityscapes_val,2026-07-07 05:27:17,cityscapes,val,all,student_skd,/scratch/gautschi/manors/hf_cache/models--nvidia--mit-b0/snapshots/80983a413c30d36a39c20203974ae7807835e2b4,outputs-guardrailpp-v4/student_skd.ckpt,skd,img_000006,/home/manors/Guardrail-Distillation/data/cityscapes/leftImg8bit/val/frankfurt/frankfurt_000000_002963_leftImg8bit.png,,0.5608817901684988,0.4391182098315012,0.932421863079071,0.9705091714859009,0.09355974942445755,0.07945272326469421,0.2165677547454834,0.9265783429145813,0.24312832951545715,-6.400913715362549,6.364493370056152,0.007645471021533012,0.03921268507838249,463804,2.91415597894229,4.906387010123581,16.257330746157095,0.9376663958705713,0.06233360412942868,126850,0.29177003804316065,0.7082299619568393,42323,0.08124038577079773,0.0010767319472506642,10.696979734348133,0.03619851917028427,0.9638014808297157,0.1371844857931137,0.25520455837249756,-0.0027481522411108017,0.49931299686431885,0.5006870031356812,0.5228651762008667,0.5622638463973999,0.554545521736145,0.49931299686431885,0.5006870031356812,0.49931299686431885,0.5006870031356812,0.6510673757530666,0.3489326242469334,0.9547200798988342,0.940765978187101,0.05923402181289905,0.0030995823165296255,0.6960949658719294,0.3039050341280706,0.4043249278287687,0.0901855855845678,0.0901855855845678,0.02795793116092682,0.005659718066453934,0.9098144144154322,0.0901855855845678,0.04011177271604538,0.005636001471430063,423625
b0_cityscapes_val,2026-07-07 05:27:17,cityscapes,val,all,student_skd,/scratch/gautschi/manors/hf_cache/models--nvidia--mit-b0/snapshots/80983a413c30d36a39c20203974ae7807835e2b4,outputs-guardrailpp-v4/student_skd.ckpt,skd,img_000007,/home/manors/Guardrail-Distillation/data/cityscapes/leftImg8bit/val/frankfurt/frankfurt_000000_003025_leftImg8bit.png,,0.6194217064492139,0.3805782935507861,0.9571957588195801,0.9686575531959534,0.09364083409309387,0.08410747349262238,0.21628306806087494,0.9244434237480164,0.24107934534549713,-6.591849327087402,6.553601264953613,0.006247519049793482,0.040168922394514084,453460,2.91415597894229,4.906387010123581,16.257330746157095,0.4998935750886874,0.5001064249113125,126850,0.7309921022309409,0.2690078977690591,56711,0.08587316423654556,0.0011060022516176105,10.696979734348133,0.040637869387865067,0.9593621306121349,0.1711129993200302,0.2694631814956665,0.0012890365906059742,0.5003222227096558,0.49967777729034424,0.534986138343811,0.5666476488113403,0.5443785190582275,0.5003222227096558,0.49967777729034424,0.5003222227096558,0.49967777729034424,0.7307228940962853,0.2692771059037147,0.9655426740646362,0.49996452502956246,0.5000354749704375,7.094994087497586e-05,0.8158227581548173,0.1841772418451827,0.0848306559238764,0.11130118764707142,0.11130118764707142,0.020475896075367928,0.012128964066505432,0.8886988123529286,0.11130118764707142,0.03552683815360069,0.0025713404174894094,410310
b0_cityscapes_val,2026-07-07 05:27:18,cityscapes,val,all,student_skd,/scratch/gautschi/manors/hf_cache/models--nvidia--mit-b0/snapshots/80983a413c30d36a39c20203974ae7807835e2b4,outputs-guardrailpp-v4/student_skd.ckpt,skd,img_000008,/home/manors/Guardrail-Distillation/data/cityscapes/leftImg8bit/val/frankfurt/frankfurt_000000_003357_leftImg8bit.png,,0.5187088362291349,0.4812911637708651,0.9460002183914185,0.971024215221405,0.09048102051019669,0.07777119427919388,0.2082338184118271,0.9288489818572998,0.22885838150978088,-6.609270095825195,6.573859214782715,0.00606526480987668,0.03674940764904022,452742,2.911975228926167,4.890872485702857,16.265307989669964,0.7933534460649538,0.20664655393504616,126850,0.6407828710705609,0.35921712892943913,69396,0.079837366938591,0.0012944040354341269,10.673944256268442,0.038354530930519104,0.9616454690694809,0.14738698303699493,0.26457512378692627,0.00446532666683197,0.5011163353919983,0.4988836646080017,0.528046727180481,0.5693283677101135,0.5457237958908081,0.5011163353919983,0.4988836646080017,0.5011163353919983,0.4988836646080017,0.7130016363038638,0.2869983636961362,0.9674274325370789,0.9487607445034281,0.051239255496571934,0.15540729843847423,0.9634757470544429,0.036524252945557056,0.3226928759838821,0.19429280007472893,0.19429280007472893,0.029347842559218407,0.007920626550912857,0.8057071999252711,0.19429280007472893,0.040159739553928375,0.007573850452899933,413493
b0_cityscapes_val,2026-07-07 05:27:18,cityscapes,val,all,student_skd,/scratch/gautschi/manors/hf_cache/models--nvidia--mit-b0/snapshots/80983a413c30d36a39c20203974ae7807835e2b4,outputs-guardrailpp-v4/student_skd.ckpt,skd,img_000009,/home/manors/Guardrail-Distillation/data/cityscapes/leftImg8bit/val/frankfurt/frankfurt_000000_003920_leftImg8bit.png,,0.6123901716384256,0.3876098283615744,0.9293776750564575,0.9564480185508728,0.10984256863594055,0.11576367914676666,0.250017911195755,0.8964203596115112,0.33150947093963623,-5.716348171234131,5.662791728973389,0.010021665133535862,0.05703739449381828,461101,2.911975228926167,4.890872485702857,16.265307989669964,0.8151002122198271,0.1848997877801729,126850,0.666358714342218,0.33364128565778195,28764,0.11839313805103302,0.0018456624820828438,10.673944256268442,0.07529452443122864,0.9247054755687714,0.31304532289505005,0.4106888771057129,0.05396387353539467,0.513487696647644,0.48651230335235596,0.5863175988197327,0.6327565908432007,0.5078573822975159,0.513487696647644,0.48651230335235596,0.513487696647644,0.48651230335235596,0.6304674648936337,0.3695325351063663,0.9518803358078003,0.8564157020099517,0.14358429799004835,0.04131548979012456,0.8271211387788725,0.1728788612211275,0.16076242443665445,0.018077293255208127,0.018077293255208127,0.03543908894062042,0.012936428189277649,0.9819227067447919,0.018077293255208127,0.053155381232500076,0.005829525180160999,401173
b0_cityscapes_val,2026-07-07 05:27:18,cityscapes,val,all,student_skd,/scratch/gautschi/manors/hf_cache/models--nvidia--mit-b0/snapshots/80983a413c30d36a39c20203974ae7807835e2b4,outputs-guardrailpp-v4/student_skd.ckpt,skd,img_000010,/home/manors/Guardrail-Distillation/data/cityscapes/leftImg8bit/val/frankfurt/frankfurt_000000_004617_leftImg8bit.png,,0.5533235723873225,0.44667642761267745,0.9449049234390259,0.9621901512145996,0.10660930722951889,0.10171832889318466,0.24834823608398438,0.9112645387649536,0.2826538383960724,-6.145341873168945,6.098178386688232,0.011675366200506687,0.05212661623954773,433905,2.911975228926167,4.890872485702857,16.265307989669964,0.4971335520297764,0.5028664479702236,126812,0.9709962168978562,0.0290037831021438,9516,0.1035333126783371,0.0011013769544661045,10.673944256268442,0.05376536399126053,0.9462346360087395,0.22041580080986023,0.3530445992946625,0.016792282462120056,0.5041979551315308,0.49580204486846924,0.5472846031188965,0.5910862684249878,0.5099754929542542,0.5041979551315308,0.49580204486846924,0.5041979551315308,0.49580204486846924,0.5506247444711158,0.44937525552888424,0.9520286321640015,0.32969277355455323,0.6703072264454468,0.0,0.9457755359394704,0.05422446406052961,0.0,0.0,0.0,0.02056671306490898,0.013443034142255783,1.0,0.0,0.04693884402513504,0.002979914890602231,387013
b0_cityscapes_val,2026-07-07 05:27:18,cityscapes,val,all,student_skd,/scratch/gautschi/manors/hf_cache/models--nvidia--mit-b0/snapshots/80983a413c30d36a39c20203974ae7807835e2b4,outputs-guardrailpp-v4/student_skd.ckpt,skd,img_000011,/home/manors/Guardrail-Distillation/data/cityscapes/leftImg8bit/val/frankfurt/frankfurt_000000_005543_leftImg8bit.png,,0.54597279385811,0.45402720614188996,0.9079129695892334,0.9420233964920044,0.13238736987113953,0.161764457821846,0.32331398129463196,0.8663912415504456,0.4301483631134033,-5.6113762855529785,5.537688732147217,0.02380426786839962,0.08207639306783676,430343,2.911975228926167,4.890872485702857,16.265307989669964,0.6003692812715953,0.3996307187284047,126850,0.4138966184200119,0.5861033815799881,31473,0.1650121957063675,0.0018896820256486535,10.673944256268442,0.10204507410526276,0.8979549258947372,0.3949730694293976,0.4865337312221527,0.08902564644813538,0.5222417116165161,0.4777582883834839,0.615544855594635,0.6614290475845337,0.5009273886680603,0.5222417116165161,0.4777582883834839,0.5222417116165161,0.4777582883834839,0.5533781036863168,0.4466218963136832,0.9088773131370544,0.8683342666515447,0.13166573334845533,0.2679649853799494,0.9145609472245076,0.08543905277549235,0.5006643288044957,0.007405309828206752,0.007405309828206752,0.024738406762480736,0.023774059489369392,0.9925946901717932,0.007405309828206752,0.0661960318684578,0.002521244576200843,360618
b0_cityscapes_val,2026-07-07 05:27:18,cityscapes,val,all,student_skd,/scratch/gautschi/manors/hf_cache/models--nvidia--mit-b0/snapshots/80983a413c30d36a39c20203974ae7807835e2b4,outputs-guardrailpp-v4/student_skd.ckpt,skd,img_000012,/home/manors/Guardrail-Distillation/data/cityscapes/leftImg8bit/val/frankfurt/frankfurt_000000_005898_leftImg8bit.png,,0.5275441903694942,0.4724558096305058,0.9349523782730103,0.9597257971763611,0.11036485433578491,0.10753945261240005,0.26256805658340454,0.9098670482635498,0.2848295569419861,-6.379649639129639,6.32927131652832,0.012218679301440716,0.05643126368522644,463307,2.903453481849283,4.890187497949228,16.23844198184088,0.970413960787781,0.02958603921221903,126850,0.5015948110316387,0.4984051889683613,30689,0.1098041832447052,0.0014496298972517252,10.696057986933738,0.055653925985097885,0.9443460740149021,0.23194482922554016,0.35320213437080383,0.022679084911942482,0.5056695342063904,0.4943304657936096,0.5510709285736084,0.5919849872589111,0.5122073888778687,0.5056695342063904,0.4943304657936096,0.5056695342063904,0.4943304657936096,0.6739011571836937,0.3260988428163063,0.9493532180786133,0.9776670013032538,0.02233299869674621,0.0072530405154728195,0.8657293453263316,0.1342706546736684,0.3641345342946929,0.14635696681419952,0.14635696681419952,0.033504780381917953,0.019103962928056717,0.8536430331858005,0.14635696681419952,0.06033364310860634,0.00821917224675417,409120
b0_cityscapes_val,2026-07-07 05:27:18,cityscapes,val,all,student_skd,/scratch/gautschi/manors/hf_cache/models--nvidia--mit-b0/snapshots/80983a413c30d36a39c20203974ae7807835e2b4,outputs-guardrailpp-v4/student_skd.ckpt,skd,img_000013,/home/manors/Guardrail-Distillation/data/cityscapes/leftImg8bit/val/frankfurt/frankfurt_000000_006589_leftImg8bit.png,,0.5064223434625916,0.49357765653740837,0.9389671683311462,0.953898549079895,0.11685524135828018,0.12081126123666763,0.2672378718852997,0.900689959526062,0.2993681728839874,-6.019993782043457,5.962404727935791,0.015005339868366718,0.06479717046022415,458770,2.903453481849283,4.890187497949228,16.23844198184088,0.7910860323286752,0.20891396767132475,126850,0.4483812093318521,0.5516187906681479,13144,0.12240058183670044,0.0011641137534752488,10.696057986933738,0.07003975659608841,0.9299602434039116,0.30273234844207764,0.4047171175479889,0.04107923433184624,0.5102683901786804,0.4897316098213196,0.5845467448234558,0.6277284026145935,0.5329548716545105,0.5102683901786804,0.4897316098213196,0.5102683901786804,0.4897316098213196,0.6934272444463314,0.3065727555536686,0.9653420448303223,0.5715457199074899,0.4284542800925101,0.0,0.8062224788816537,0.19377752111834634,0.35784126954980155,0.18700490098373979,0.18700490098373979,0.03964513540267944,0.01327026542276144,0.8129950990162602,0.18700490098373979,0.05729232355952263,0.006794253829866648,397278
b0_cityscapes_val,2026-07-07 05:27:18,cityscapes,val,all,student_skd,/scratch/gautschi/manors/hf_cache/models--nvidia--mit-b0/snapshots/80983a413c30d36a39c20203974ae7807835e2b4,outputs-guardrailpp-v4/student_skd.ckpt,skd,img_000014,/home/manors/Guardrail-Distillation/data/cityscapes/leftImg8bit/val/frankfurt/frankfurt_000000_007365_leftImg8bit.png,,0.5344878237671491,0.4655121762328509,0.9463233351707458,0.9598424434661865,0.10512816905975342,0.10530747473239899,0.23181115090847015,0.9049683809280396,0.2958631217479706,-6.141225337982178,6.092108249664307,0.0077897016890347,0.05355875566601753,466385,2.903453481849283,4.890187497949228,16.23844198184088,0.9058511440632335,0.09414885593676647,126850,0.5344560723300561,0.4655439276699439,23151,0.1071648895740509,0.0010504730744287372,10.696057986933738,0.06907248497009277,0.9309275150299072,0.2812015414237976,0.3769887387752533,0.04181838035583496,0.5104530453681946,0.4895469546318054,0.5720716118812561,0.6096438765525818,0.5328274965286255,0.5104530453681946,0.4895469546318054,0.5104530453681946,0.4895469546318054,0.5946088243703617,0.40539117562963833,0.9469879865646362,0.7956302919710659,0.20436970802893406,0.0,0.6238500057195683,0.3761499942804317,0.08939393338951218,0.06012100060321257,0.06012100060321257,0.022590776905417442,0.021926090121269226,0.9398789993967874,0.06012100060321257,0.04626006260514259,0.0036600662861019373,410961
b0_cityscapes_val,2026-07-07 05:27:18,cityscapes,val,all,student_skd,/scratch/gautschi/manors/hf_cache/models--nvidia--mit-b0/snapshots/80983a413c30d36a39c20203974ae7807835e2b4,outputs-guardrailpp-v4/student_skd.ckpt,skd,img_000015,/home/manors/Guardrail-Distillation/data/cityscapes/leftImg8bit/val/frankfurt/frankfurt_000000_008206_leftImg8bit.png,,0.460493691722096,0.539506308277904,0.9035319685935974,0.929993212223053,0.14536695182323456,0.1861037164926529,0.34766945242881775,0.8604210615158081,0.41255974769592285,-5.889825344085693,5.800266265869141,0.029901085421442986,0.10304297506809235,463428,2.903453481849283,4.890187497949228,16.23844198184088,0.333075801174662,0.666924198825338,126850,0.40930784124071573,0.5906921587592843,19643,0.18903765082359314,0.0020225492771714926,10.696057986933738,0.08691142499446869,0.9130885750055313,0.35975033044815063,0.452107310295105,0.06147666648030281,0.5153643488883972,0.4846356511116028,0.5868555903434753,0.6334325075149536,0.5029277801513672,0.5153643488883972,0.4846356511116028,0.5153643488883972,0.4846356511116028,0.5585315445985052,0.4414684554014948,0.9232329726219177,0.49998029168309027,0.5000197083169098,0.16690449050842826,0.5404081784326681,0.4595918215673319,0.13110033719195235,0.0980378528764092,0.0980378528764092,0.03736071288585663,0.01765970140695572,0.9019621471235908,0.0980378528764092,0.0700281411409378,0.0015514816623181105,371777
b0_cityscapes_val,2026-07-07 05:27:18,cityscapes,val,all,student_skd,/scratch/gautschi/manors/hf_cache/models--nvidia--mit-b0/snapshots/80983a413c30d36a39c20203974ae7807835e2b4,outputs-guardrailpp-v4/student_skd.ckpt,skd,img_000016,/home/manors/Guardrail-Distillation/data/cityscapes/leftImg8bit/val/frankfurt/frankfurt_000000_008451_leftImg8bit.png,,0.5022355138601572,0.4977644861398428,0.9258080124855042,0.9481188654899597,0.12100749462842941,0.13747568428516388,0.28224122524261475,0.8893651962280273,0.3280225396156311,-6.265318393707275,6.2009100914001465,0.01451075915247202,0.0700799971818924,454766,2.9152137285564095,4.88674349617213,16.246428509475663,0.49999605833661803,0.5000039416633819,126850,0.7025642620096002,0.2974357379903998,17383,0.13975530862808228,0.0014861843083053827,10.683344007702544,0.06263560056686401,0.937364399433136,0.26666587591171265,0.3705606758594513,0.02846050076186657,0.5071146488189697,0.4928853511810303,0.5598496794700623,0.5967382788658142,0.5276796817779541,0.5071146488189697,0.4928853511810303,0.5071146488189697,0.4928853511810303,0.5645695498324019,0.43543045016759807,0.9312415719032288,0.5714049212618377,0.42859507873816227,0.07140886292521964,0.7790656372787887,0.22093436272121125,0.07650137526918854,0.06233403597224474,0.06233403597224474,0.025468042120337486,0.02003447897732258,0.9376659640277553,0.06233403597224474,0.055138248950242996,0.0018932813545688987,383664
b0_cityscapes_val,2026-07-07 05:27:18,cityscapes,val,all,student_skd,/scratch/gautschi/manors/hf_cache/models--nvidia--mit-b0/snapshots/80983a413c30d36a39c20203974ae7807835e2b4,outputs-guardrailpp-v4/student_skd.ckpt,skd,img_000017,/home/manors/Guardrail-Distillation/data/cityscapes/leftImg8bit/val/frankfurt/frankfurt_000000_009291_leftImg8bit.png,,0.4711730569797382,0.5288269430202618,0.9292234182357788,0.9515263438224792,0.11479054391384125,0.12633411586284637,0.25677773356437683,0.8930380344390869,0.31321921944618225,-6.224323749542236,6.164760112762451,0.010898568667471409,0.06389158964157104,452720,2.9152137285564095,4.88674349617213,16.246428509475663,1.0,0.0,126850,0.4235823537046631,0.576417646295337,6123,0.12811395525932312,0.0011145297903567553,10.683344007702544,0.05821354687213898,0.941786453127861,0.23459278047084808,0.3292466998100281,0.02538440003991127,0.5063457489013672,0.4936542510986328,0.5532526969909668,0.5879815220832825,0.5357301831245422,0.5063457489013672,0.4936542510986328,0.5063457489013672,0.4936542510986328,0.6087646073103693,0.3912353926896307,0.9442437291145325,1.0,0.0,0.0,0.8970644516848372,0.10293554831516283,0.47348209798017415,0.13759155033063108,0.13759155033063108,0.02706087753176689,0.012040555477142334,0.8624084496693689,0.13759155033063108,0.045955561101436615,0.003165312111377716,387322
b0_cityscapes_val,2026-07-07 05:27:18,cityscapes,val,all,student_skd,/scratch/gautschi/manors/hf_cache/models--nvidia--mit-b0/snapshots/80983a413c30d36a39c20203974ae7807835e2b4,outputs-guardrailpp-v4/student_skd.ckpt,skd,img_000018,/home/manors/Guardrail-Distillation/data/cityscapes/leftImg8bit/val/frankfurt/frankfurt_000000_009561_leftImg8bit.png,,0.5206832259112937,0.4793167740887063,0.9218016862869263,0.9524717926979065,0.11895829439163208,0.12485409528017044,0.2787557542324066,0.8981249928474426,0.3130585551261902,-6.119386196136475,6.059898853302002,0.013694285415112972,0.06785712391138077,450918,2.9152137285564095,4.88674349617213,16.246428509475663,1.0,0.0,126850,0.3607661622928026,0.6392338377071973,12383,0.12729905545711517,0.0016620390815660357,10.683344007702544,0.06321433931589127,0.9367856606841087,0.2720637023448944,0.3788544237613678,0.033324092626571655,0.508330225944519,0.49166977405548096,0.5690204501152039,0.6090325117111206,0.5093689560890198,0.508330225944519,0.49166977405548096,0.508330225944519,0.49166977405548096,0.6537024953312537,0.3462975046687463,0.9436149597167969,1.0,0.0,0.0,0.49908136294605876,0.5009186370539412,0.1383152006532561,0.13301926941996,0.13301926941996,0.03795146569609642,0.016138188540935516,0.86698073058004,0.13301926941996,0.05997098982334137,0.006810550577938557,388457
b0_cityscapes_val,2026-07-07 05:27:18,cityscapes,val,all,student_skd,/scratch/gautschi/manors/hf_cache/models--nvidia--mit-b0/snapshots/80983a413c30d36a39c20203974ae7807835e2b4,outputs-guardrailpp-v4/student_skd.ckpt,skd,img_000019,/home/manors/Guardrail-Distillation/data/cityscapes/leftImg8bit/val/frankfurt/frankfurt_000000_009688_leftImg8bit.png,,0.6437181321535982,0.3562818678464018,0.9586197137832642,0.9676831960678101,0.09325342625379562,0.09065327048301697,0.2168123871088028,0.915088415145874,0.27054429054260254,-6.243869304656982,6.204620838165283,0.006722288206219673,0.04000641033053398,449103,2.9152137285564095,4.88674349617213,16.246428509475663,0.9877838449066276,0.012216155093372372,126850,0.271504926824353,0.728495073175647,2712,0.09233427047729492,0.001095732324756682,10.683344007702544,0.06001107022166252,0.9399889297783375,0.2323218584060669,0.3254272937774658,0.04427841678261757,0.511067807674408,0.48893219232559204,0.5619148015975952,0.6006492376327515,0.52500981092453,0.511067807674408,0.48893219232559204,0.511067807674408,0.48893219232559204,0.658449379951982,0.34155062004801795,0.9714608788490295,0.995163768430263,0.004836231569737004,0.007379923523635368,0.7001073785467495,0.29989262145325046,0.4286024517223965,0.014731247798383862,0.014731247798383862,0.02134031616151333,0.008499163202941418,0.9852687522016161,0.014731247798383862,0.0316096730530262,0.001997314626350999,407501
b0_cityscapes_val,2026-07-07 05:27:18,cityscapes,val,all,student_skd,/scratch/gautschi/manors/hf_cache/models--nvidia--mit-b0/snapshots/80983a413c30d36a39c20203974ae7807835e2b4,outputs-guardrailpp-v4/student_skd.ckpt,skd,img_000020,/home/manors/Guardrail-Distillation/data/cityscapes/leftImg8bit/val/frankfurt/frankfurt_000000_009969_leftImg8bit.png,,0.6001767618357888,0.39982323816421117,0.9465076327323914,0.9562994241714478,0.10663247853517532,0.1177709549665451,0.24720391631126404,0.8983290195465088,0.30496224761009216,-6.291569709777832,6.2383832931518555,0.008612933568656445,0.0519658625125885,457916,2.919183491030708,4.883376735961065,16.24573298613541,0.9270340987131233,0.07296590128687674,126850,0.4661788017502159,0.533821198249784,53207,0.11973439157009125,0.0011771670542657375,10.693013755371794,0.07261938601732254,0.9273806139826775,0.28772830963134766,0.37978631258010864,0.051182497292757034,0.5127928256988525,0.48720717430114746,0.577197253704071,0.6221027970314026,0.5482996702194214,0.5127928256988525,0.48720717430114746,0.5127928256988525,0.48720717430114746,0.7133491060231919,0.2866508939768081,0.9606717824935913,0.9371805731398659,0.06281942686013409,0.010146474426742658,0.5931256110685401,0.4068743889314599,0.12694680931832414,0.11317234418740307,0.11317234418740307,0.025762366130948067,0.011598196811974049,0.8868276558125969,0.11317234418740307,0.04467194899916649,0.0027494125533849,396030
b0_cityscapes_val,2026-07-07 05:27:18,cityscapes,val,all,student_skd,/scratch/gautschi/manors/hf_cache/models--nvidia--mit-b0/snapshots/80983a413c30d36a39c20203974ae7807835e2b4,outputs-guardrailpp-v4/student_skd.ckpt,skd,img_000021,/home/manors/Guardrail-Distillation/data/cityscapes/leftImg8bit/val/frankfurt/frankfurt_000000_010351_leftImg8bit.png,,0.5730296690636856,0.4269703309363144,0.9321098327636719,0.9545552730560303,0.11325287818908691,0.1258799284696579,0.26721516251564026,0.8869543671607971,0.37023401260375977,-5.76961088180542,5.713389873504639,0.012791652232408524,0.06056429073214531,462880,2.919183491030708,4.883376735961065,16.24573298613541,0.6715672289671435,0.3284327710328565,126724,0.5080036023438201,0.49199639765617986,100002,0.12867800891399384,0.0014650338562205434,10.693013755371794,0.08959183096885681,0.9104081690311432,0.3238518238067627,0.415126770734787,0.07492537796497345,0.5187225937843323,0.4812774062156677,0.5947514772415161,0.6297396421432495,0.4992719292640686,0.5187225937843323,0.4812774062156677,0.5187225937843323,0.4812774062156677,0.5988080497430982,0.4011919502569018,0.9685922861099243,0.8990272817871029,0.1009727182128971,0.2274600528199594,0.9749446324714366,0.02505536752856341,0.46694103012761645,0.025778380679412627,0.025778380679412627,0.04607241600751877,0.009589958004653454,0.9742216193205874,0.025778380679412627,0.05893535912036896,0.008723643608391285,402829
b0_cityscapes_val,2026-07-07 05:27:18,cityscapes,val,all,student_skd,/scratch/gautschi/manors/hf_cache/models--nvidia--mit-b0/snapshots/80983a413c30d36a39c20203974ae7807835e2b4,outputs-guardrailpp-v4/student_skd.ckpt,skd,img_000022,/home/manors/Guardrail-Distillation/data/cityscapes/leftImg8bit/val/frankfurt/frankfurt_000000_010763_leftImg8bit.png,,0.48875533060394066,0.5112446693960593,0.9403311014175415,0.9458572268486023,0.12041065841913223,0.14400461316108704,0.2744861841201782,0.8775883913040161,0.370910108089447,-5.739855766296387,5.673249244689941,0.011955630965530872,0.0725402981042862,457525,2.919183491030708,4.883376735961065,16.24573298613541,0.9709245471566385,0.02907545284336155,126850,0.2708037853441974,0.7291962146558026,5049,0.1460280567407608,0.0012565788347274065,10.693013755371794,0.08990056812763214,0.9100994318723679,0.3415077328681946,0.42211490869522095,0.06347941607236862,0.5158644914627075,0.4841355085372925,0.5882287621498108,0.629153311252594,0.5326344966888428,0.5158644914627075,0.4841355085372925,0.5158644914627075,0.4841355085372925,0.4960897720417093,0.5039102279582908,0.9522473812103271,0.963212955133816,0.036787044866184004,0.0,0.486046497480829,0.513953502519171,0.2152427121366316,0.007334441437768513,0.007334441437768513,0.026754822582006454,0.014838533475995064,0.9926655585622315,0.007334441437768513,0.05090869218111038,0.0016042839270085096,384339
b0_cityscapes_val,2026-07-07 05:27:18,cityscapes,val,all,student_skd,/scratch/gautschi/manors/hf_cache/models--nvidia--mit-b0/snapshots/80983a413c30d36a39c20203974ae7807835e2b4,outputs-guardrailpp-v4/student_skd.ckpt,skd,img_000023,/home/manors/Guardrail-Distillation/data/cityscapes/leftImg8bit/val/frankfurt/frankfurt_000000_011007_leftImg8bit.png,,0.5797269163361619,0.4202730836638381,0.9057986736297607,0.9379063248634338,0.12873917818069458,0.15439532697200775,0.27795979380607605,0.8738564252853394,0.3528680205345154,-5.852313995361328,5.775688648223877,0.012015868909657001,0.08788587152957916,456979,2.919183491030708,4.883376735961065,16.24573298613541,0.831650416362672,0.168349583637328,126850,0.5182204450098792,0.4817795549901208,12858,0.15644484758377075,0.0014087083982303739,10.693013755371794,0.08383113890886307,0.9161688610911369,0.3182681202888489,0.38751617074012756,0.06698714196681976,0.5167405009269714,0.48325949907302856,0.5901539921760559,0.6228259801864624,0.5689429044723511,0.5167405009269714,0.48325949907302856,0.5167405009269714,0.48325949907302856,0.6843069639910873,0.31569303600891274,0.9449427127838135,0.9550338440446874,0.044966155955312614,0.12338342768201538,0.6470587451072044,0.3529412548927956,0.12883830009732522,0.10458004765492535,0.10458004765492535,0.0536457896232605,0.01450175978243351,0.8954199523450747,0.10458004765492535,0.0775265321135521,0.009963258169591427,371910
b0_cityscapes_val,2026-07-07 05:27:18,cityscapes,val,all,student_skd,/scratch/gautschi/manors/hf_cache/models--nvidia--mit-b0/snapshots/80983a413c30d36a39c20203974ae7807835e2b4,outputs-guardrailpp-v4/student_skd.ckpt,skd,img_000024,/home/manors/Guardrail-Distillation/data/cityscapes/leftImg8bit/val/frankfurt/frankfurt_000000_011074_leftImg8bit.png,,0.5195764667382604,0.4804235332617396,0.8841084837913513,0.9403058290481567,0.1234951987862587,0.15498408675193787,0.27063289284706116,0.8648245334625244,0.4071836769580841,-5.78154993057251,5.708594799041748,0.011712626554071903,0.0784527063369751,456772,2.901595988078043,4.894632729701698,16.241595265455544,0.9040626775949445,0.09593732240505548,126850,0.3091278783640273,0.6908721216359728,26698,0.15717944502830505,0.0012538549490272999,10.676831007003784,0.09341620653867722,0.9065837934613228,0.3319792151451111,0.4107745289802551,0.07380133122205734,0.5184419751167297,0.48155802488327026,0.5943196415901184,0.6322888731956482,0.5278171896934509,0.5184419751167297,0.48155802488327026,0.5184419751167297,0.48155802488327026,0.5553832973591988,0.4446167026408012,0.9246692061424255,0.9884489191138492,0.011551080886150755,0.08438624151890473,0.30466383222165877,0.6953361677783412,0.0,0.03580683062093837,0.03580683062093837,0.05688177049160004,0.016321053728461266,0.9641931693790616,0.03580683062093837,0.08426961302757263,0.009621867910027504,373608
b0_cityscapes_val,2026-07-07 05:27:18,cityscapes,val,all,student_skd,/scratch/gautschi/manors/hf_cache/models--nvidia--mit-b0/snapshots/80983a413c30d36a39c20203974ae7807835e2b4,outputs-guardrailpp-v4/student_skd.ckpt,skd,img_000025,/home/manors/Guardrail-Distillation/data/cityscapes/leftImg8bit/val/frankfurt/frankfurt_000000_011461_leftImg8bit.png,,0.6298953809149936,0.37010461908500636,0.9232660531997681,0.9432896375656128,0.12761425971984863,0.1474946290254593,0.29454147815704346,0.8828262686729431,0.3468434810638428,-6.178956985473633,6.107995986938477,0.017161430791020393,0.07988519966602325,433472,2.901595988078043,4.894632729701698,16.241595265455544,1.0,0.0,126850,0.6881230866701253,0.31187691332987466,22807,0.1500108242034912,0.0017540542175993323,10.676831007003784,0.07465355843305588,0.9253464415669441,0.2991294264793396,0.3989310562610626,0.05381873995065689,0.5134513974189758,0.48654860258102417,0.5732172727584839,0.6065067648887634,0.4878513514995575,0.5134513974189758,0.48654860258102417,0.5134513974189758,0.48654860258102417,0.6604996915763454,0.33950030842365464,0.9455996751785278,1.0,0.0,0.0,0.6569461257910634,0.3430538742089366,0.0,0.03060431066135172,0.03060431066135172,0.03496880829334259,0.0126351872459054,0.9693956893386483,0.03060431066135172,0.05287538468837738,0.002426915569230914,361471
b0_cityscapes_val,2026-07-07 05:27:18,cityscapes,val,all,student_skd,/scratch/gautschi/manors/hf_cache/models--nvidia--mit-b0/snapshots/80983a413c30d36a39c20203974ae7807835e2b4,outputs-guardrailpp-v4/student_skd.ckpt,skd,img_000026,/home/manors/Guardrail-Distillation/data/cityscapes/leftImg8bit/val/frankfurt/frankfurt_000000_011810_leftImg8bit.png,,0.4866611920858113,0.5133388079141887,0.9137101769447327,0.9442504048347473,0.12745314836502075,0.15047287940979004,0.30398470163345337,0.8767220973968506,0.3821209967136383,-5.990683078765869,5.920642852783203,0.01857183873653412,0.07704515755176544,461236,2.901595988078043,4.894632729701698,16.241595265455544,0.7824736224676214,0.21752637753237858,126850,0.3562750531860973,0.6437249468139027,52409,0.15305860340595245,0.001771963550709188,10.676831007003784,0.07756409794092178,0.9224359020590782,0.3135591149330139,0.421927809715271,0.0520380400121212,0.5130065679550171,0.4869934320449829,0.5816023945808411,0.6362648010253906,0.5070943832397461,0.5130065679550171,0.4869934320449829,0.5130065679550171,0.4869934320449829,0.525809564076686,0.474190435923314,0.92719566822052,0.7913663939481893,0.2086336060518107,0.008892771480567885,0.4764039080628275,0.5235960919371725,0.1201288548767302,0.03914837199087473,0.03914837199087473,0.03451595455408096,0.021030450239777565,0.9608516280091253,0.03914837199087473,0.06561717391014099,0.00478063290938735,386398
b0_cityscapes_val,2026-07-07 05:27:18,cityscapes,val,all,student_skd,/scratch/gautschi/manors/hf_cache/models--nvidia--mit-b0/snapshots/80983a413c30d36a39c20203974ae7807835e2b4,outputs-guardrailpp-v4/student_skd.ckpt,skd,img_000027,/home/manors/Guardrail-Distillation/data/cityscapes/leftImg8bit/val/frankfurt/frankfurt_000000_012009_leftImg8bit.png,,0.46337978698822724,0.5366202130117728,0.91205233335495,0.949295163154602,0.11981560289859772,0.13092531263828278,0.26900482177734375,0.890979528427124,0.325725793838501,-5.668667793273926,5.605828762054443,0.013066785410046577,0.07029571384191513,451450,2.901595988078043,4.894632729701698,16.241595265455544,0.5694398980914103,0.43056010190858973,126850,0.3343804185509954,0.6656195814490047,16519,0.13278143107891083,0.0012026495533064008,10.676831007003784,0.07619578391313553,0.9238042160868645,0.31679725646972656,0.40748125314712524,0.044520385563373566,0.5111282467842102,0.4888717532157898,0.5779592394828796,0.6173729300498962,0.5630807280540466,0.5111282467842102,0.4888717532157898,0.5111282467842102,0.4888717532157898,0.669390378277554,0.330609621722446,0.9388747811317444,0.5506379107026999,0.44936208929730015,0.0,0.7278676378374064,0.2721323621625936,0.39348721928641106,0.20601059128932675,0.20601059128932675,0.04188060760498047,0.01505814678966999,0.7939894087106733,0.20601059128932675,0.06492413580417633,0.008474914357066154,383098
b0_cityscapes_val,2026-07-07 05:27:19,cityscapes,val,all,student_skd,/scratch/gautschi/manors/hf_cache/models--nvidia--mit-b0/snapshots/80983a413c30d36a39c20203974ae7807835e2b4,outputs-guardrailpp-v4/student_skd.ckpt,skd,img_000028,/home/manors/Guardrail-Distillation/data/cityscapes/leftImg8bit/val/frankfurt/frankfurt_000000_012121_leftImg8bit.png,,0.4433556335341161,0.5566443664658839,0.9341555833816528,0.9540849924087524,0.10978664457798004,0.12170257419347763,0.24197784066200256,0.8903051018714905,0.3420332372188568,-5.635073661804199,5.579206466674805,0.00901057943701744,0.059157926589250565,430272,2.9134277428966016,4.892506985925138,16.230959008680657,0.47652396922469914,0.5234760307753008,110826,0.6099476194847415,0.3900523805152585,63144,0.12377592921257019,0.0013035278534516692,10.688522248528898,0.06712129712104797,0.932878702878952,0.25208228826522827,0.3576124906539917,0.037552375346422195,0.5093870162963867,0.4906129837036133,0.5631589293479919,0.6001473665237427,0.5486087203025818,0.5093870162963867,0.4906129837036133,0.5093870162963867,0.4906129837036133,0.5154164668965645,0.4845835331034355,0.9535014629364014,0.49990307970158004,0.50009692029842,0.023379110476880793,0.7213461043660457,0.27865389563395426,0.11139848488130422,0.0720608333624484,0.0720608333624484,0.03712302818894386,0.017777126282453537,0.9279391666375516,0.0720608333624484,0.05952048674225807,0.010690911673009396,371743
b0_cityscapes_val,2026-07-07 05:27:19,cityscapes,val,all,student_skd,/scratch/gautschi/manors/hf_cache/models--nvidia--mit-b0/snapshots/80983a413c30d36a39c20203974ae7807835e2b4,outputs-guardrailpp-v4/student_skd.ckpt,skd,img_000029,/home/manors/Guardrail-Distillation/data/cityscapes/leftImg8bit/val/frankfurt/frankfurt_000000_012868_leftImg8bit.png,,0.4739606888918695,0.5260393111081305,0.9041211605072021,0.9462400674819946,0.1214359924197197,0.14049844443798065,0.27552729845046997,0.8813244700431824,0.36268308758735657,-5.862658977508545,5.796331405639648,0.012397496029734612,0.07460564374923706,448639,2.9134277428966016,4.892506985925138,16.230959008680657,0.8380647023796438,0.1619352976203562,126850,0.5013022729433492,0.49869772705665083,104473,0.14314061403274536,0.0016642117407172918,10.688522248528898,0.06808102875947952,0.9319189712405205,0.2706347405910492,0.3672552704811096,0.035555195063352585,0.5088878273963928,0.4911121726036072,0.5670387744903564,0.5986379384994507,0.5598342418670654,0.5088878273963928,0.4911121726036072,0.5088878273963928,0.4911121726036072,0.686586175181502,0.313413824818498,0.9553762078285217,0.7876824361926197,0.21231756380738032,0.0,0.8207891118931755,0.1792108881068245,0.3194868389498263,0.21262548628963251,0.21262548628963251,0.06111149862408638,0.00985647737979889,0.7873745137103675,0.21262548628963251,0.07853084802627563,0.016581261530518532,377355
b0_cityscapes_val,2026-07-07 05:27:19,cityscapes,val,all,student_skd,/scratch/gautschi/manors/hf_cache/models--nvidia--mit-b0/snapshots/80983a413c30d36a39c20203974ae7807835e2b4,outputs-guardrailpp-v4/student_skd.ckpt,skd,img_000030,/home/manors/Guardrail-Distillation/data/cityscapes/leftImg8bit/val/frankfurt/frankfurt_000000_013067_leftImg8bit.png,,0.5462785970377889,0.4537214029622111,0.9276062250137329,0.945612907409668,0.12349265813827515,0.14532135426998138,0.28731971979141235,0.8787186741828918,0.3703756034374237,-5.898966312408447,5.831384181976318,0.014887676574289799,0.07456101477146149,424042,2.9134277428966016,4.892506985925138,16.230959008680657,0.7360885323400623,0.26391146765993767,123252,0.506167001189598,0.493832998810402,44238,0.14773954451084137,0.0015516260173171759,10.688522248528898,0.07798612862825394,0.9220138713717461,0.3106082081794739,0.4005812108516693,0.05312959477305412,0.5132792592048645,0.4867207407951355,0.5799708366394043,0.6180654764175415,0.5329115986824036,0.5132792592048645,0.4867207407951355,0.5132792592048645,0.4867207407951355,0.6490793879534912,0.3509206120465088,0.9476891756057739,0.946964063162637,0.05303593683736296,0.2108755308225747,0.7017000519841371,0.2982999480158629,0.1955330507945391,0.10280079091570227,0.10280079091570227,0.03550591692328453,0.015423000790178776,0.8971992090842977,0.10280079091570227,0.056451957672834396,0.0035043698735535145,355890
b0_cityscapes_val,2026-07-07 05:27:19,cityscapes,val,all,student_skd,/scratch/gautschi/manors/hf_cache/models--nvidia--mit-b0/snapshots/80983a413c30d36a39c20203974ae7807835e2b4,outputs-guardrailpp-v4/student_skd.ckpt,skd,img_000031,/home/manors/Guardrail-Distillation/data/cityscapes/leftImg8bit/val/frankfurt/frankfurt_000000_013240_leftImg8bit.png,,0.6190444460550233,0.3809555539449767,0.9172977209091187,0.963810384273529,0.10281115025281906,0.09521643072366714,0.23243388533592224,0.9163270592689514,0.26103490591049194,-5.876906871795654,5.832144260406494,0.010228892788290977,0.04743548110127449,445405,2.9134277428966016,4.892506985925138,16.230959008680657,1.0,0.0,116920,0.9414474282517493,0.05855257174825068,20896,0.09690174460411072,0.0011170272482559085,10.688522248528898,0.06024349853396416,0.9397565014660358,0.2605755627155304,0.3691917359828949,0.03935978189110756,0.5098386406898499,0.49016135931015015,0.568732500076294,0.613143801689148,0.5845869183540344,0.5098386406898499,0.49016135931015015,0.5098386406898499,0.49016135931015015,0.7178115288598991,0.2821884711401009,0.9431797862052917,0.49929011289770786,0.5007098871022921,0.0,0.9544172666684848,0.04558273333151519,0.01296983841673549,0.09876708280487578,0.09876708280487578,0.039215993136167526,0.013333932496607304,0.9012329171951242,0.09876708280487578,0.059314556419849396,0.005172820296138525,397794
b0_cityscapes_val,2026-07-07 05:27:19,cityscapes,val,all,student_skd,/scratch/gautschi/manors/hf_cache/models--nvidia--mit-b0/snapshots/80983a413c30d36a39c20203974ae7807835e2b4,outputs-guardrailpp-v4/student_skd.ckpt,skd,img_000032,/home/manors/Guardrail-Distillation/data/cityscapes/leftImg8bit/val/frankfurt/frankfurt_000000_013382_leftImg8bit.png,,0.5429162873468508,0.4570837126531492,0.9531943798065186,0.9756354689598083,0.08482720702886581,0.06455858796834946,0.19338171184062958,0.9400575757026672,0.1959245651960373,-6.153944969177246,6.124020576477051,0.005327095277607441,0.03287018463015556,463855,2.9128452588338405,4.895982245216146,16.24504351639189,0.5445829053255022,0.45541709467449776,126850,0.5777665501714,0.4222334498286,89894,0.06597793847322464,0.0009925354970619082,10.685406014090404,0.03706631809473038,0.9629336819052696,0.13286598026752472,0.2612855136394501,-0.008243420161306858,0.49793916940689087,0.5020608305931091,0.5271437168121338,0.5615400075912476,0.6088887453079224,0.49793916940689087,0.5020608305931091,0.49793916940689087,0.5020608305931091,0.6308476601883969,0.3691523398116031,0.9752486944198608,0.9608373535846387,0.03916264641536127,0.4162544482591365,0.6467863835617286,0.3532136164382714,0.06901983339032858,0.08793137284154606,0.08793137284154606,0.027640102431178093,0.005585797131061554,0.9120686271584539,0.08793137284154606,0.036082394421100616,0.010686528868973255,430923
b0_cityscapes_val,2026-07-07 05:27:19,cityscapes,val,all,student_skd,/scratch/gautschi/manors/hf_cache/models--nvidia--mit-b0/snapshots/80983a413c30d36a39c20203974ae7807835e2b4,outputs-guardrailpp-v4/student_skd.ckpt,skd,img_000033,/home/manors/Guardrail-Distillation/data/cityscapes/leftImg8bit/val/frankfurt/frankfurt_000000_013942_leftImg8bit.png,,0.542040677531667,0.45795932246833304,0.906411349773407,0.9328502416610718,0.13573651015758514,0.17173203825950623,0.30199408531188965,0.8583500385284424,0.41933807730674744,-5.546079158782959,5.462282657623291,0.017898844555020332,0.09711339324712753,458186,2.9128452588338405,4.895982245216146,16.24504351639189,0.5866563349515281,0.41334366504847186,126850,0.43720391319309476,0.5627960868069053,18477,0.17426522076129913,0.0016331233782693744,10.685406014090404,0.09549468755722046,0.9045053124427795,0.3484609127044678,0.4197137951850891,0.08330686390399933,0.5208146572113037,0.4791853427886963,0.6015649437904358,0.6341956257820129,0.5478938221931458,0.5208146572113037,0.4791853427886963,0.5208146572113037,0.4791853427886963,0.6089879920633305,0.39101200793666946,0.942209005355835,0.9543127020054109,0.04568729799458915,0.3676563670538827,0.44879755353367184,0.5512024464663281,0.011593640340577194,0.06694731453166358,0.06694731453166358,0.05164496228098869,0.015847275033593178,0.9330526854683364,0.06694731453166358,0.07383027672767639,0.007320170756429434,369521
b0_cityscapes_val,2026-07-07 05:27:19,cityscapes,val,all,student_skd,/scratch/gautschi/manors/hf_cache/models--nvidia--mit-b0/snapshots/80983a413c30d36a39c20203974ae7807835e2b4,outputs-guardrailpp-v4/student_skd.ckpt,skd,img_000034,/home/manors/Guardrail-Distillation/data/cityscapes/leftImg8bit/val/frankfurt/frankfurt_000000_014480_leftImg8bit.png,,0.5632387853222316,0.4367612146777684,0.9228253364562988,0.9480788111686707,0.11661119014024734,0.1341969519853592,0.2538633644580841,0.8819642663002014,0.35380133986473083,-6.227713584899902,6.164244651794434,0.0089243920519948,0.0683683305978775,448658,2.9128452588338405,4.895982245216146,16.24504351639189,0.7525262273003328,0.2474737726996672,119038,0.9451349083366418,0.05486509166335818,69798,0.1362123191356659,0.0012868220219388604,10.685406014090404,0.06813698261976242,0.9318630173802376,0.2545296847820282,0.35545673966407776,0.044482164084911346,0.5111187100410461,0.48888128995895386,0.561172604560852,0.6012405753135681,0.5365736484527588,0.5111187100410461,0.48888128995895386,0.5111187100410461,0.48888128995895386,0.649386412126079,0.35061358787392105,0.9584761261940002,0.9111888620222381,0.08881113797776186,0.15866263472190534,0.9631196129384312,0.03688038706156882,0.01798470460178936,0.08614762680384735,0.08614762680384735,0.047165099531412125,0.011514337733387947,0.9138523731961526,0.08614762680384735,0.06221888214349747,0.009325588122010231,379737
b0_cityscapes_val,2026-07-07 05:27:19,cityscapes,val,all,student_skd,/scratch/gautschi/manors/hf_cache/models--nvidia--mit-b0/snapshots/80983a413c30d36a39c20203974ae7807835e2b4,outputs-guardrailpp-v4/student_skd.ckpt,skd,img_000035,/home/manors/Guardrail-Distillation/data/cityscapes/leftImg8bit/val/frankfurt/frankfurt_000000_015389_leftImg8bit.png,,0.41120200049349964,0.5887979995065004,0.923851490020752,0.9524102807044983,0.11554528772830963,0.12383494526147842,0.26468348503112793,0.8980550169944763,0.3048459589481354,-6.173276424407959,6.114538192749023,0.011188765056431293,0.06513607501983643,459300,2.9128452588338405,4.895982245216146,16.24504351639189,0.9624397723357416,0.03756022766425837,126850,0.3067212248063278,0.6932787751936722,9242,0.1256585270166397,0.001134200138039887,10.685406014090404,0.061841100454330444,0.9381588995456696,0.2584863305091858,0.36039459705352783,0.02294256165623665,0.5057353973388672,0.4942646026611328,0.556903600692749,0.5887847542762756,0.5483008623123169,0.5057353973388672,0.4942646026611328,0.5057353973388672,0.4942646026611328,0.4869827391947062,0.5130172608052939,0.9528630375862122,0.9832977030979455,0.016702296902054492,0.02085793076220388,0.29640449632830773,0.7035955036716923,0.0,0.0757807387012065,0.0757807387012065,0.040949270129203796,0.011937730945646763,0.9242192612987935,0.0757807387012065,0.058038316667079926,0.011726540513336658,393103
b0_cityscapes_val,2026-07-07 05:27:19,cityscapes,val,all,student_skd,/scratch/gautschi/manors/hf_cache/models--nvidia--mit-b0/snapshots/80983a413c30d36a39c20203974ae7807835e2b4,outputs-guardrailpp-v4/student_skd.ckpt,skd,img_000036,/home/manors/Guardrail-Distillation/data/cityscapes/leftImg8bit/val/frankfurt/frankfurt_000000_015676_leftImg8bit.png,,0.5586639734729201,0.4413360265270799,0.9249874353408813,0.9518305659294128,0.11280893534421921,0.12674866616725922,0.25233322381973267,0.891019344329834,0.326492577791214,-6.137805461883545,6.079028606414795,0.010055585764348507,0.06192587688565254,442739,2.91915176785551,4.895829246379435,16.235985240200534,0.5967517068740512,0.4032482931259488,126850,0.3864145892133131,0.6135854107866869,49828,0.12883086502552032,0.0013014604337513447,10.692365525756031,0.06416472792625427,0.9358352720737457,0.25361570715904236,0.34298667311668396,0.028088854625821114,0.5070217251777649,0.4929782748222351,0.5584093332290649,0.5854665637016296,0.5420658588409424,0.5070217251777649,0.4929782748222351,0.5070217251777649,0.4929782748222351,0.6443185274278349,0.3556814725721651,0.9470862150192261,0.799138496557938,0.200861503442062,0.2023867896838868,0.4321578670585393,0.5678421329414607,0.04574327784522625,0.08565455395491484,0.08565455395491484,0.03136836737394333,0.009269570000469685,0.9143454460450852,0.08565455395491484,0.04596387594938278,0.007609449326992035,377326
b0_cityscapes_val,2026-07-07 05:27:19,cityscapes,val,all,student_skd,/scratch/gautschi/manors/hf_cache/models--nvidia--mit-b0/snapshots/80983a413c30d36a39c20203974ae7807835e2b4,outputs-guardrailpp-v4/student_skd.ckpt,skd,img_000037,/home/manors/Guardrail-Distillation/data/cityscapes/leftImg8bit/val/frankfurt/frankfurt_000000_016005_leftImg8bit.png,,0.4703622935841248,0.5296377064158753,0.8752816915512085,0.9199761748313904,0.14880409836769104,0.21044880151748657,0.346783846616745,0.8389577865600586,0.4654075503349304,-5.726006507873535,5.624763488769531,0.029467565938830376,0.11350860446691513,454873,2.91915176785551,4.895829246379435,16.235985240200534,0.9346180670423827,0.0653819329576173,126850,0.3947150258061491,0.6052849741938509,21410,0.21306487917900085,0.0018802635604515672,10.692365525756031,0.10892555862665176,0.8910744413733482,0.38029810786247253,0.4482295513153076,0.09871919453144073,0.5246598124504089,0.47534018754959106,0.609142005443573,0.6391539573669434,0.4908609688282013,0.5246598124504089,0.47534018754959106,0.5246598124504089,0.47534018754959106,0.5006990200241945,0.49930097997580547,0.9253022074699402,0.9716935897556503,0.028306410244349656,0.03707552271326764,0.4015687950629844,0.5984312049370156,0.006853769256835229,0.030336726440069794,0.030336726440069794,0.07243780046701431,0.02241724543273449,0.9696632735599302,0.030336726440069794,0.10736403614282608,0.017081690952181816,349331
b0_cityscapes_val,2026-07-07 05:27:19,cityscapes,val,all,student_skd,/scratch/gautschi/manors/hf_cache/models--nvidia--mit-b0/snapshots/80983a413c30d36a39c20203974ae7807835e2b4,outputs-guardrailpp-v4/student_skd.ckpt,skd,img_000038,/home/manors/Guardrail-Distillation/data/cityscapes/leftImg8bit/val/frankfurt/frankfurt_000000_016286_leftImg8bit.png,,0.4488725318405599,0.55112746815944,0.9012601971626282,0.9433425664901733,0.13039031624794006,0.1494939625263214,0.3025319278240204,0.8786468505859375,0.3718922734260559,-6.229333400726318,6.157715797424316,0.021080074831843376,0.08134154230356216,419638,2.91915176785551,4.895829246379435,16.235985240200534,0.5861860023675062,0.4138139976324938,94976,0.4416071110579079,0.5583928889420922,46750,0.15245561301708221,0.0020782840438187122,10.692365525756031,0.07239535450935364,0.9276046454906464,0.2959912419319153,0.40846750140190125,0.044257715344429016,0.5110626220703125,0.4889373779296875,0.5716409683227539,0.6129109263420105,0.4995121955871582,0.5110626220703125,0.4889373779296875,0.5110626220703125,0.4889373779296875,0.5919651007289692,0.40803489927103076,0.9411540627479553,0.7624131444488779,0.23758685555112213,0.1762271420813717,0.5996256301329299,0.4003743698670701,0.15801851907502207,0.14309256888840927,0.14309256888840927,0.053343597799539566,0.01344968844205141,0.8569074311115907,0.14309256888840927,0.07770268619060516,0.008495417423546314,352040
b0_cityscapes_val,2026-07-07 05:27:19,cityscapes,val,all,student_skd,/scratch/gautschi/manors/hf_cache/models--nvidia--mit-b0/snapshots/80983a413c30d36a39c20203974ae7807835e2b4,outputs-guardrailpp-v4/student_skd.ckpt,skd,img_000039,/home/manors/Guardrail-Distillation/data/cityscapes/leftImg8bit/val/frankfurt/frankfurt_000000_017228_leftImg8bit.png,,0.5173225886497559,0.4826774113502441,0.9594628214836121,0.9714136123657227,0.09354012459516525,0.07863140106201172,0.22534990310668945,0.9313101768493652,0.22393280267715454,-6.771918773651123,6.736362457275391,0.008419875055551529,0.03854842483997345,421859,2.91915176785551,4.895829246379435,16.235985240200534,1.0,0.0,105785,0.31024812465805585,0.6897518753419442,7175,0.08018483966588974,0.0010254954686388373,10.692365525756031,0.03777522221207619,0.9622247777879238,0.14414408802986145,0.2771417498588562,-0.003021754790097475,0.4992445111274719,0.5007554888725281,0.5226729512214661,0.5623602867126465,0.5167922973632812,0.4992445111274719,0.5007554888725281,0.4992445111274719,0.5007554888725281,0.6090003574270959,0.3909996425729041,0.9666382074356079,0.49704116840761925,0.5029588315923808,0.0,0.7330762143440106,0.2669237856559894,0.42282808968595476,0.09167776877734002,0.09167776877734002,0.016268469393253326,0.0090930862352252,0.90832223122266,0.09167776877734002,0.03167172148823738,0.0011164868483319879,386751
b0_cityscapes_val,2026-07-07 05:27:19,cityscapes,val,all,student_skd,/scratch/gautschi/manors/hf_cache/models--nvidia--mit-b0/snapshots/80983a413c30d36a39c20203974ae7807835e2b4,outputs-guardrailpp-v4/student_skd.ckpt,skd,img_000040,/home/manors/Guardrail-Distillation/data/cityscapes/leftImg8bit/val/frankfurt/frankfurt_000000_017476_leftImg8bit.png,,0.4419952445437513,0.5580047554562487,0.9309212565422058,0.9560075402259827,0.11834289133548737,0.11706484109163284,0.28326311707496643,0.9061098694801331,0.29164937138557434,-6.3458147048950195,6.289827346801758,0.01690750941634178,0.0633157417178154,440396,2.919480495620519,4.893045494100079,16.23832873883657,1.0,0.0,126850,0.4663744246868374,0.5336255753131627,33085,0.11912117898464203,0.0015310599701479077,10.67636301741004,0.057758137583732605,0.9422418624162674,0.25152409076690674,0.36926671862602234,0.023462356999516487,0.5058653354644775,0.49413466453552246,0.5569254755973816,0.6021409630775452,0.5082993507385254,0.5058653354644775,0.49413466453552246,0.5058653354644775,0.49413466453552246,0.5225674717498388,0.47743252825016125,0.9458827376365662,1.0,0.0,0.0,0.5283641318198122,0.47163586818018777,0.061989707132974914,0.08057222720608748,0.08057222720608748,0.027545662596821785,0.01258412841707468,0.9194277727939125,0.08057222720608748,0.05020708590745926,0.004134914837777615,385251
b0_cityscapes_val,2026-07-07 05:27:19,cityscapes,val,all,student_skd,/scratch/gautschi/manors/hf_cache/models--nvidia--mit-b0/snapshots/80983a413c30d36a39c20203974ae7807835e2b4,outputs-guardrailpp-v4/student_skd.ckpt,skd,img_000041,/home/manors/Guardrail-Distillation/data/cityscapes/leftImg8bit/val/frankfurt/frankfurt_000000_018797_leftImg8bit.png,,0.4491345227178104,0.5508654772821896,0.9426742196083069,0.9647594094276428,0.1019412949681282,0.08792455494403839,0.21963846683502197,0.9227986335754395,0.23694759607315063,-6.244078159332275,6.200533866882324,0.007615610025823116,0.04930770397186279,467067,2.919480495620519,4.893045494100079,16.23832873883657,1.0,0.0,126850,0.32692925475738577,0.6730707452426142,38573,0.08911522477865219,0.0008365053799934685,10.67636301741004,0.04756239429116249,0.9524376057088375,0.20449474453926086,0.3239917755126953,0.009460224770009518,0.5023650527000427,0.4976349472999573,0.5422542691230774,0.5795361399650574,0.5358306169509888,0.5023650527000427,0.4976349472999573,0.5023650527000427,0.4976349472999573,0.6972477040547744,0.30275229594522557,0.9657565951347351,1.0,0.0,0.0,0.8613550825209022,0.1386449174790978,0.5344258277635164,0.24811318133696403,0.24811318133696403,0.03204251453280449,0.008960170671343803,0.751886818663036,0.24811318133696403,0.043182242661714554,0.004532540682703257,418145
b0_cityscapes_val,2026-07-07 05:27:19,cityscapes,val,all,student_skd,/scratch/gautschi/manors/hf_cache/models--nvidia--mit-b0/snapshots/80983a413c30d36a39c20203974ae7807835e2b4,outputs-guardrailpp-v4/student_skd.ckpt,skd,img_000042,/home/manors/Guardrail-Distillation/data/cityscapes/leftImg8bit/val/frankfurt/frankfurt_000000_019607_leftImg8bit.png,,0.569789006897206,0.430210993102794,0.9308940768241882,0.9534649848937988,0.11691684275865555,0.1195918470621109,0.26520541310310364,0.9011024236679077,0.2978452742099762,-6.038538455963135,5.98055362701416,0.01252789981663227,0.06568777561187744,456980,2.919480495620519,4.893045494100079,16.23832873883657,1.0,0.0,126850,0.5008867672991748,0.4991132327008252,24473,0.12156625092029572,0.0013255034573376179,10.67636301741004,0.06470019370317459,0.9352998062968254,0.28354334831237793,0.3873578906059265,0.02987675555050373,0.5074686408042908,0.49253135919570923,0.563932478427887,0.6032435297966003,0.5667977333068848,0.5074686408042908,0.49253135919570923,0.5074686408042908,0.49253135919570923,0.610320701102028,0.38967929889797204,0.9543174505233765,1.0,0.0,0.0,0.6359486956501943,0.3640513043498057,0.1350619283510195,0.040531694204821944,0.040531694204821944,0.034471966326236725,0.011048623360693455,0.9594683057951781,0.040531694204821944,0.04947918653488159,0.003398398170247674,393876
b0_cityscapes_val,2026-07-07 05:27:19,cityscapes,val,all,student_skd,/scratch/gautschi/manors/hf_cache/models--nvidia--mit-b0/snapshots/80983a413c30d36a39c20203974ae7807835e2b4,outputs-guardrailpp-v4/student_skd.ckpt,skd,img_000043,/home/manors/Guardrail-Distillation/data/cityscapes/leftImg8bit/val/frankfurt/frankfurt_000000_020215_leftImg8bit.png,,0.5085840965420454,0.4914159034579546,0.9489685893058777,0.9659589529037476,0.10080257803201675,0.09115532040596008,0.23568663001060486,0.9193937182426453,0.26043257117271423,-6.231470108032227,6.189311504364014,0.009015806019306183,0.04757118597626686,458639,2.919480495620519,4.893045494100079,16.23832873883657,0.9338542039253968,0.06614579607460325,126850,0.5486999093189887,0.4513000906810113,87557,0.09269881248474121,0.0009704394615255296,10.67636301741004,0.049707163125276566,0.9502928368747234,0.1938548982143402,0.3200295865535736,0.008851081132888794,0.5022127628326416,0.4977872371673584,0.5410062074661255,0.5785567760467529,0.5295611619949341,0.5022127628326416,0.4977872371673584,0.5022127628326416,0.4977872371673584,0.6282936540152609,0.37170634598473906,0.9644906520843506,0.927043632535473,0.07295636746452705,0.0,0.7120336513575815,0.28796634864241855,0.16333374203859274,0.11970955747321554,0.11970955747321554,0.025122156366705894,0.009600142948329449,0.8802904425267845,0.11970955747321554,0.03864913433790207,0.004984312690794468,413035
b0_cityscapes_val,2026-07-07 05:27:19,cityscapes,val,all,student_skd,/scratch/gautschi/manors/hf_cache/models--nvidia--mit-b0/snapshots/80983a413c30d36a39c20203974ae7807835e2b4,outputs-guardrailpp-v4/student_skd.ckpt,skd,img_000044,/home/manors/Guardrail-Distillation/data/cityscapes/leftImg8bit/val/frankfurt/frankfurt_000000_020321_leftImg8bit.png,,0.5641475511926891,0.4358524488073109,0.9270598292350769,0.9523459672927856,0.11566837877035141,0.12589195370674133,0.26330888271331787,0.8924440145492554,0.3307650685310364,-6.0818634033203125,6.023008346557617,0.011993976309895515,0.06478795409202576,458897,2.9040357330814004,4.885982256382704,16.242498997598886,0.6569672766683882,0.34303272333161183,126850,0.7193171725436822,0.2806828274563178,23081,0.1282307207584381,0.0014536548405885696,10.685788991395384,0.07205945998430252,0.9279405400156975,0.3079533874988556,0.4003874957561493,0.04267052933573723,0.510666012763977,0.48933398723602295,0.5762463808059692,0.610787034034729,0.5601209402084351,0.510666012763977,0.48933398723602295,0.510666012763977,0.48933398723602295,0.6509120954246718,0.34908790457532823,0.9553886651992798,0.9939196573597573,0.0060803426402427085,0.3369523806913691,0.8183494484153485,0.1816505515846515,0.0990322758716663,0.08676454423198265,0.08676454423198265,0.04047749191522598,0.012148695066571236,0.9132354557680173,0.08676454423198265,0.05638737976551056,0.004061913583427668,393583
b0_cityscapes_val,2026-07-07 05:27:19,cityscapes,val,all,student_skd,/scratch/gautschi/manors/hf_cache/models--nvidia--mit-b0/snapshots/80983a413c30d36a39c20203974ae7807835e2b4,outputs-guardrailpp-v4/student_skd.ckpt,skd,img_000045,/home/manors/Guardrail-Distillation/data/cityscapes/leftImg8bit/val/frankfurt/frankfurt_000000_020880_leftImg8bit.png,,0.5671275511565556,0.43287244884344445,0.9453030228614807,0.9627118110656738,0.09986578673124313,0.10052160173654556,0.22507940232753754,0.9077349901199341,0.29157155752182007,-5.996524810791016,5.951188564300537,0.00682245334610343,0.046227551996707916,460245,2.9040357330814004,4.885982256382704,16.242498997598886,0.6557759290913828,0.3442240709086172,126850,0.42937420137806,0.5706257986219401,47319,0.10215874761343002,0.001051832688972354,10.685788991395384,0.05752447247505188,0.9424755275249481,0.22167907655239105,0.3311239778995514,0.026601070538163185,0.5066498517990112,0.49335014820098877,0.5530441403388977,0.5865592360496521,0.5444189310073853,0.5066498517990112,0.49335014820098877,0.5066498517990112,0.49335014820098877,0.6789380963069996,0.32106190369300036,0.9606448411941528,0.652640378272641,0.347359621727359,0.0,0.6358779184843281,0.36412208151567194,0.20650371710626814,0.11181054515044409,0.11181054515044409,0.026631467044353485,0.01128963939845562,0.8881894548495559,0.11181054515044409,0.041388824582099915,0.004217319190502167,408897
b0_cityscapes_val,2026-07-07 05:27:19,cityscapes,val,all,student_skd,/scratch/gautschi/manors/hf_cache/models--nvidia--mit-b0/snapshots/80983a413c30d36a39c20203974ae7807835e2b4,outputs-guardrailpp-v4/student_skd.ckpt,skd,img_000046,/home/manors/Guardrail-Distillation/data/cityscapes/leftImg8bit/val/frankfurt/frankfurt_000000_021667_leftImg8bit.png,,0.47293185777759744,0.5270681422224026,0.9642971158027649,0.9769608974456787,0.07845697551965714,0.06605834513902664,0.1846323311328888,0.9332937002182007,0.22825780510902405,-5.827305316925049,5.799549102783203,0.004338699858635664,0.026731152087450027,462120,2.9040357330814004,4.885982256382704,16.242498997598886,0.948642087209207,0.05135791279079305,126850,0.3531369600242303,0.6468630399757698,6552,0.06763583421707153,0.0007615374051965773,10.685788991395384,0.04518115520477295,0.954818844795227,0.1660529375076294,0.2856302261352539,0.005307929590344429,0.5013269782066345,0.4986730217933655,0.5368040204048157,0.5762019157409668,0.5975621938705444,0.5013269782066345,0.4986730217933655,0.5013269782066345,0.4986730217933655,0.5978691907137306,0.40213080928626943,0.9772613048553467,0.9597493096405559,0.040250690359444063,0.011107222431348984,0.6477145970502104,0.3522854029497896,0.29457763702598017,0.12493733293613318,0.12493733293613318,0.019756773486733437,0.006792607717216015,0.8750626670638668,0.12493733293613318,0.030329784378409386,0.004927291534841061,430844
b0_cityscapes_val,2026-07-07 05:27:20,cityscapes,val,all,student_skd,/scratch/gautschi/manors/hf_cache/models--nvidia--mit-b0/snapshots/80983a413c30d36a39c20203974ae7807835e2b4,outputs-guardrailpp-v4/student_skd.ckpt,skd,img_000047,/home/manors/Guardrail-Distillation/data/cityscapes/leftImg8bit/val/frankfurt/frankfurt_000000_021879_leftImg8bit.png,,0.40035882533603634,0.5996411746639636,0.9509180188179016,0.9703896641731262,0.08998691290616989,0.08169533312320709,0.2100963294506073,0.9249374866485596,0.24143683910369873,-6.368935585021973,6.332979202270508,0.0057114288210868835,0.03618548437952995,458029,2.9040357330814004,4.885982256382704,16.242498997598886,1.0,0.0,126850,0.3923208534621578,0.6076791465378422,20406,0.08323264122009277,0.0008061960688792169,10.685788991395384,0.03949885815382004,0.96050114184618,0.15230366587638855,0.27459990978240967,-0.003864519065245986,0.4990338981151581,0.5009661018848419,0.5240669250488281,0.5595780611038208,0.5350449681282043,0.4990338981151581,0.5009661018848419,0.4990338981151581,0.5009661018848419,0.45122405331146637,0.5487759466885336,0.9603672027587891,1.0,0.0,0.0,0.34648560841777315,0.6535143915822268,0.0,0.05086522797543003,0.05086522797543003,0.02105543576180935,0.011606252752244473,0.94913477202457,0.05086522797543003,0.03660248592495918,0.003504144959151745,416830
b0_cityscapes_val,2026-07-07 05:27:20,cityscapes,val,all,student_skd,/scratch/gautschi/manors/hf_cache/models--nvidia--mit-b0/snapshots/80983a413c30d36a39c20203974ae7807835e2b4,outputs-guardrailpp-v4/student_skd.ckpt,skd,img_000048,/home/manors/Guardrail-Distillation/data/cityscapes/leftImg8bit/val/frankfurt/frankfurt_000000_022254_leftImg8bit.png,,0.6212823540951007,0.3787176459048993,0.9366356134414673,0.9590418934822083,0.1070077121257782,0.11003022640943527,0.2443564236164093,0.9017766118049622,0.30967697501182556,-6.052452564239502,6.002086639404297,0.010091766715049744,0.05363813042640686,451358,2.9104297573212534,4.898182494798675,16.234807495493442,1.0,0.0,126353,0.6242517856506745,0.3757482143493255,35181,0.11226686835289001,0.0013902419013902545,10.674760997062549,0.05945971980690956,0.9405402801930904,0.22739093005657196,0.32413700222969055,0.0254350695759058,0.5063584446907043,0.49364155530929565,0.5537013411521912,0.5812605619430542,0.564281165599823,0.5063584446907043,0.49364155530929565,0.5063584446907043,0.49364155530929565,0.8036359643152721,0.19636403568472793,0.9611771106719971,0.49995647115620523,0.5000435288437948,0.0,0.8372414070295926,0.1627585929704074,0.21298962137891808,0.18235361022017138,0.18235361022017138,0.0389203242957592,0.01437882985919714,0.8176463897798286,0.18235361022017138,0.05780333653092384,0.00738438218832016,396959
b0_cityscapes_val,2026-07-07 05:27:20,cityscapes,val,all,student_skd,/scratch/gautschi/manors/hf_cache/models--nvidia--mit-b0/snapshots/80983a413c30d36a39c20203974ae7807835e2b4,outputs-guardrailpp-v4/student_skd.ckpt,skd,img_000049,/home/manors/Guardrail-Distillation/data/cityscapes/leftImg8bit/val/frankfurt/frankfurt_000000_022797_leftImg8bit.png,,0.6173645207246022,0.38263547927539776,0.9320915341377258,0.957037091255188,0.11074456572532654,0.11681325733661652,0.2608168125152588,0.9000899195671082,0.308296799659729,-6.057569980621338,6.004208087921143,0.012186494655907154,0.05475428327918053,465023,2.9104297573212534,4.898182494798675,16.234807495493442,0.887745498167647,0.11225450183235297,126850,0.3417686884115171,0.6582313115884829,31574,0.11865600198507309,0.0012633207952603698,10.674760997062549,0.05683828890323639,0.9431617110967636,0.21811480820178986,0.32167869806289673,0.022909339517354965,0.5057271122932434,0.4942728877067566,0.5504327416419983,0.584434449672699,0.543022632598877,0.5057271122932434,0.4942728877067566,0.5057271122932434,0.4942728877067566,0.7549463127263867,0.24505368727361332,0.9492949843406677,0.5883766495699692,0.41162335043003084,0.0,0.6177845400618917,0.38221545993810835,0.27601585165037457,0.13758179200178444,0.13758179200178444,0.02582237869501114,0.008618928492069244,0.8624182079982156,0.13758179200178444,0.038417454808950424,0.004023456946015358,406469
b0_cityscapes_val,2026-07-07 05:27:20,cityscapes,val,all,student_skd,/scratch/gautschi/manors/hf_cache/models--nvidia--mit-b0/snapshots/80983a413c30d36a39c20203974ae7807835e2b4,outputs-guardrailpp-v4/student_skd.ckpt,skd,img_000050,/home/manors/Guardrail-Distillation/data/cityscapes/leftImg8bit/val/frankfurt/frankfurt_000001_000538_leftImg8bit.png,,0.5054752912824049,0.49452470871759513,0.9027554392814636,0.9422921538352966,0.1294592022895813,0.15381616353988647,0.30576059222221375,0.8755435943603516,0.37875744700431824,-5.725362777709961,5.652834415435791,0.018790390342473984,0.08069788664579391,465291,2.9104297573212534,4.898182494798675,16.234807495493442,0.4727394560504533,0.5272605439495467,126850,0.6518172638503419,0.3481827361496581,21067,0.1562219113111496,0.001678109634667635,10.674760997062549,0.07618501782417297,0.923814982175827,0.29695460200309753,0.3996027708053589,0.04665541648864746,0.51166170835495,0.48833829164505005,0.5680810213088989,0.6092208623886108,0.560372531414032,0.51166170835495,0.48833829164505005,0.51166170835495,0.48833829164505005,0.6454542305685224,0.35454576943147764,0.938077449798584,0.6100665315040638,0.38993346849593624,0.13732707545361045,0.872342533237698,0.12765746676230205,0.22052526938735606,0.1399789392861175,0.1399789392861175,0.05533096194267273,0.020008983090519905,0.8600210607138825,0.1399789392861175,0.08365947008132935,0.02034640684723854,388315
b0_cityscapes_val,2026-07-07 05:27:20,cityscapes,val,all,student_skd,/scratch/gautschi/manors/hf_cache/models--nvidia--mit-b0/snapshots/80983a413c30d36a39c20203974ae7807835e2b4,outputs-guardrailpp-v4/student_skd.ckpt,skd,img_000051,/home/manors/Guardrail-Distillation/data/cityscapes/leftImg8bit/val/frankfurt/frankfurt_000001_001464_leftImg8bit.png,,0.4435824188800753,0.5564175811199247,0.9285294413566589,0.9560661315917969,0.11421287059783936,0.1135411188006401,0.26207679510116577,0.9059672355651855,0.28554269671440125,-5.965689659118652,5.910924911499023,0.011152555234730244,0.06273862719535828,454425,2.9104297573212534,4.898182494798675,16.234807495493442,1.0,0.0,126850,0.42530625879332606,0.5746937412066739,66578,0.11648377776145935,0.0020096926018595695,10.674760997062549,0.07470676302909851,0.9252932369709015,0.314405620098114,0.45552805066108704,0.06136060506105423,0.5153353214263916,0.4846646785736084,0.5816300511360168,0.6511189937591553,0.559089720249176,0.5153353214263916,0.4846646785736084,0.5153353214263916,0.4846646785736084,0.5467425023791941,0.4532574976208059,0.9494966268539429,1.0,0.0,0.0,0.6285401703541945,0.3714598296458055,0.20323391156086845,0.10316008349911876,0.10316008349911876,0.045796334743499756,0.024829179048538208,0.8968399165008812,0.10316008349911876,0.07613137364387512,0.010006051510572433,395507
b0_cityscapes_val,2026-07-07 05:27:20,cityscapes,val,all,student_skd,/scratch/gautschi/manors/hf_cache/models--nvidia--mit-b0/snapshots/80983a413c30d36a39c20203974ae7807835e2b4,outputs-guardrailpp-v4/student_skd.ckpt,skd,img_000052,/home/manors/Guardrail-Distillation/data/cityscapes/leftImg8bit/val/frankfurt/frankfurt_000001_002512_leftImg8bit.png,,0.4209441636004435,0.5790558363995565,0.888247013092041,0.9310295581817627,0.1337902694940567,0.17780722677707672,0.29603397846221924,0.8565546274185181,0.4059993028640747,-5.981639862060547,5.896393775939941,0.017435509711503983,0.09277647733688354,421152,2.915726770879701,4.883016750682145,16.245138976955786,0.8743885988662794,0.1256114011337206,125846,0.47972277662846885,0.5202772233715312,10366,0.1801191121339798,0.0015793688362464309,10.687978996429592,0.09899784624576569,0.9010021537542343,0.3404129445552826,0.40245336294174194,0.07154769450426102,0.51787930727005,0.48212069272994995,0.5889374017715454,0.6133939623832703,0.5318618416786194,0.51787930727005,0.48212069272994995,0.51787930727005,0.48212069272994995,0.5236553664707185,0.47634463352928147,0.9257227778434753,0.8755149847318779,0.12448501526812206,0.0011263858655985448,0.6728316899549756,0.32716831004502445,0.1931089133265067,0.10271120287027502,0.10271120287027502,0.05473083257675171,0.01725505292415619,0.897288797129725,0.10271120287027502,0.0824999064207077,0.007261036429554224,334320
b0_cityscapes_val,2026-07-07 05:27:20,cityscapes,val,all,student_skd,/scratch/gautschi/manors/hf_cache/models--nvidia--mit-b0/snapshots/80983a413c30d36a39c20203974ae7807835e2b4,outputs-guardrailpp-v4/student_skd.ckpt,skd,img_000053,/home/manors/Guardrail-Distillation/data/cityscapes/leftImg8bit/val/frankfurt/frankfurt_000001_002646_leftImg8bit.png,,0.5395685063418605,0.4604314936581395,0.905735194683075,0.9450934529304504,0.121419757604599,0.14855442941188812,0.27966225147247314,0.8742003440856934,0.3809944987297058,-5.579917907714844,5.512223243713379,0.015065127052366734,0.07131804525852203,456883,2.915726770879701,4.883016750682145,16.245138976955786,0.3884162124941777,0.6115837875058223,126850,0.3721296963092925,0.6278703036907075,37859,0.15113915503025055,0.0017249262891709805,10.687978996429592,0.09387963265180588,0.9061203673481941,0.3505963087081909,0.435520201921463,0.08682575821876526,0.5216928124427795,0.47830718755722046,0.6126866340637207,0.6472774744033813,0.5450294613838196,0.5216928124427795,0.47830718755722046,0.5216928124427795,0.47830718755722046,0.6403898046326992,0.35961019536730077,0.9561113119125366,0.9686163475666101,0.03138365243338992,0.5802001350724324,0.6798099852488078,0.32019001475119224,0.30768028893951527,0.10082129829083875,0.10082129829083875,0.06501226872205734,0.01463613286614418,0.8991787017091613,0.10082129829083875,0.08466719090938568,0.021578829735517502,383315
b0_cityscapes_val,2026-07-07 05:27:20,cityscapes,val,all,student_skd,/scratch/gautschi/manors/hf_cache/models--nvidia--mit-b0/snapshots/80983a413c30d36a39c20203974ae7807835e2b4,outputs-guardrailpp-v4/student_skd.ckpt,skd,img_000054,/home/manors/Guardrail-Distillation/data/cityscapes/leftImg8bit/val/frankfurt/frankfurt_000001_002759_leftImg8bit.png,,0.5595988597914824,0.4404011402085176,0.8769692182540894,0.9219033718109131,0.14010651409626007,0.1858048290014267,0.2920263707637787,0.8538830280303955,0.3877931535243988,-5.630058288574219,5.533775329589844,0.012230303138494492,0.11099597811698914,460332,2.915726770879701,4.883016750682145,16.245138976955786,0.47136522535742315,0.5286347746425768,126850,0.6575117497728212,0.34248825022717877,25629,0.18785254657268524,0.0014970344491302967,10.687978996429592,0.10503136366605759,0.8949686363339424,0.36705315113067627,0.4293542504310608,0.09825172275304794,0.5245431661605835,0.4754568338394165,0.6146723628044128,0.6422828435897827,0.5591083765029907,0.5245431661605835,0.4754568338394165,0.5245431661605835,0.4754568338394165,0.5249598780046525,0.4750401219953475,0.815839409828186,0.32871929650383186,0.6712807034961681,0.0,0.6566527547675616,0.3433472452324384,0.0,0.0,0.0,0.058216676115989685,0.11934646964073181,1.0,0.0,0.1853749006986618,0.01292545348405838,349608
b0_cityscapes_val,2026-07-07 05:27:20,cityscapes,val,all,student_skd,/scratch/gautschi/manors/hf_cache/models--nvidia--mit-b0/snapshots/80983a413c30d36a39c20203974ae7807835e2b4,outputs-guardrailpp-v4/student_skd.ckpt,skd,img_000055,/home/manors/Guardrail-Distillation/data/cityscapes/leftImg8bit/val/frankfurt/frankfurt_000001_003056_leftImg8bit.png,,0.5339245646010353,0.4660754353989647,0.9120177030563354,0.9402673840522766,0.13026273250579834,0.15333810448646545,0.2964833974838257,0.8792441487312317,0.34866541624069214,-5.978365898132324,5.90368127822876,0.017645182088017464,0.08351550251245499,463866,2.915726770879701,4.883016750682145,16.245138976955786,0.5107642392644915,0.48923576073550845,126850,0.4821609311740891,0.5178390688259109,19439,0.15543343126773834,0.001548177795484662,10.687978996429592,0.0912250354886055,0.9087749645113945,0.375805139541626,0.47144651412963867,0.07040763646364212,0.5175946354866028,0.4824053645133972,0.6048194169998169,0.6478266716003418,0.5215170383453369,0.5175946354866028,0.4824053645133972,0.5175946354866028,0.4824053645133972,0.7255470958389638,0.2744529041610362,0.9438545107841492,0.506767137126474,0.49323286287352597,0.0,0.9477198194451613,0.05228018055483874,0.46555888827107217,0.1916225312379285,0.1916225312379285,0.053095076233148575,0.021258294582366943,0.8083774687620715,0.1916225312379285,0.08066985011100769,0.006389776710420847,379707
b0_cityscapes_val,2026-07-07 05:27:20,cityscapes,val,all,student_skd,/scratch/gautschi/manors/hf_cache/models--nvidia--mit-b0/snapshots/80983a413c30d36a39c20203974ae7807835e2b4,outputs-guardrailpp-v4/student_skd.ckpt,skd,img_000056,/home/manors/Guardrail-Distillation/data/cityscapes/leftImg8bit/val/frankfurt/frankfurt_000001_003588_leftImg8bit.png,,0.43672638205488556,0.5632736179451144,0.9390721321105957,0.9641315340995789,0.10285492986440659,0.09634164720773697,0.23965367674827576,0.9170123338699341,0.2574089765548706,-6.36173152923584,6.317176818847656,0.009838622994720936,0.04825364798307419,407679,2.907367772422731,4.892139986623079,16.239945747656748,0.9446191600494271,0.05538083995057286,126850,0.5203690151062683,0.4796309848937317,22756,0.09804700314998627,0.0011054880451411009,10.676082252757624,0.047525133937597275,0.9524748660624027,0.19272369146347046,0.30479779839515686,-0.0017235428094863892,0.4995690584182739,0.5004309415817261,0.5371322631835938,0.5711588859558105,0.5415374636650085,0.4995690584182739,0.5004309415817261,0.4995690584182739,0.5004309415817261,0.5177687896279272,0.48223121037207284,0.9564117789268494,0.9335150323682433,0.06648496763175671,0.0,0.6841232729145919,0.31587672708540815,0.16375425780832353,0.0810424075730416,0.0810424075730416,0.028115255758166313,0.010775634087622166,0.9189575924269584,0.0810424075730416,0.04475579783320427,0.007265519816428423,365801
b0_cityscapes_val,2026-07-07 05:27:20,cityscapes,val,all,student_skd,/scratch/gautschi/manors/hf_cache/models--nvidia--mit-b0/snapshots/80983a413c30d36a39c20203974ae7807835e2b4,outputs-guardrailpp-v4/student_skd.ckpt,skd,img_000057,/home/manors/Guardrail-Distillation/data/cityscapes/leftImg8bit/val/frankfurt/frankfurt_000001_004327_leftImg8bit.png,,0.6384969168186067,0.36150308318139335,0.9494113922119141,0.9690601825714111,0.09131643921136856,0.08308737725019455,0.20643450319766998,0.9214572906494141,0.2549338936805725,-6.5495476722717285,6.5121073722839355,0.005086525343358517,0.03849857300519943,459056,2.907367772422731,4.892139986623079,16.239945747656748,0.8751212998745437,0.12487870012545632,126850,0.48540762493827805,0.514592375061722,38479,0.08475353568792343,0.0011298531899228692,10.676082252757624,0.04590660706162453,0.9540933929383755,0.1873842477798462,0.2977743148803711,0.0073470487259328365,0.5018367767333984,0.49816322326660156,0.5427770614624023,0.5808614492416382,0.4814385175704956,0.5018367767333984,0.49816322326660156,0.5018367767333984,0.49816322326660156,0.7451660514472095,0.2548339485527905,0.9689754843711853,0.8837353051496686,0.11626469485033142,0.008614005275124903,0.985940383066088,0.014059616933912,0.50053275812781,0.10666913462860284,0.10666913462860284,0.026528354734182358,0.006964291911572218,0.8933308653713972,0.10666913462860284,0.0350894033908844,0.004034366458654404,415932
b0_cityscapes_val,2026-07-07 05:27:20,cityscapes,val,all,student_skd,/scratch/gautschi/manors/hf_cache/models--nvidia--mit-b0/snapshots/80983a413c30d36a39c20203974ae7807835e2b4,outputs-guardrailpp-v4/student_skd.ckpt,skd,img_000058,/home/manors/Guardrail-Distillation/data/cityscapes/leftImg8bit/val/frankfurt/frankfurt_000001_004736_leftImg8bit.png,,0.5433984082565171,0.4566015917434829,0.9306214451789856,0.9566091299057007,0.11706427484750748,0.11510629206895828,0.27713117003440857,0.9067298173904419,0.28630170226097107,-5.964803218841553,5.90969705581665,0.016532503068447113,0.06149376928806305,448208,2.907367772422731,4.892139986623079,16.239945747656748,1.0,0.0,126850,0.22935071352639122,0.7706492864736088,6958,0.11682616174221039,0.0013103245291858912,10.676082252757624,0.056086841970682144,0.9439131580293179,0.22615432739257812,0.3536967635154724,0.02394007332623005,0.5059847235679626,0.49401527643203735,0.5537199378013611,0.5953004360198975,0.5333408117294312,0.5059847235679626,0.49401527643203735,0.5059847235679626,0.49401527643203735,0.5918893350202525,0.40811066497974746,0.9452084302902222,1.0,0.0,0.0,0.39667977811145555,0.6033202218885445,0.16732906458506425,0.048490926763735454,0.048490926763735454,0.02831720933318138,0.013730231672525406,0.9515090732362645,0.048490926763735454,0.052480097860097885,0.0035162244457751513,393171
b0_cityscapes_val,2026-07-07 05:27:20,cityscapes,val,all,student_skd,/scratch/gautschi/manors/hf_cache/models--nvidia--mit-b0/snapshots/80983a413c30d36a39c20203974ae7807835e2b4,outputs-guardrailpp-v4/student_skd.ckpt,skd,img_000059,/home/manors/Guardrail-Distillation/data/cityscapes/leftImg8bit/val/frankfurt/frankfurt_000001_004859_leftImg8bit.png,,0.4704878048046171,0.529512195195383,0.9126255512237549,0.9594445824623108,0.11587592959403992,0.1075863391160965,0.27519872784614563,0.9111725091934204,0.2793635427951813,-6.04132604598999,5.9891581535339355,0.01701727882027626,0.05739496275782585,420455,2.907367772422731,4.892139986623079,16.239945747656748,0.47792863842953165,0.5220713615704684,125367,0.20926286807304254,0.7907371319269575,3564,0.10934706777334213,0.0011692425468936563,10.676082252757624,0.053127724677324295,0.9468722753226757,0.20881685614585876,0.3510461151599884,0.015754256397485733,0.5039384365081787,0.4960615634918213,0.5427955389022827,0.5860154032707214,0.532479465007782,0.5039384365081787,0.4960615634918213,0.5039384365081787,0.4960615634918213,0.4671206750383186,0.5328793249616814,0.9275070428848267,0.7276053704967335,0.27239462950326654,0.24967673206720187,0.2987394032244163,0.7012605967755837,0.08947653515137377,0.0,0.0,0.025415323674678802,0.010533826425671577,1.0,0.0,0.04618329927325249,0.0015721063828095794,373421
b0_cityscapes_val,2026-07-07 05:27:20,cityscapes,val,all,student_skd,/scratch/gautschi/manors/hf_cache/models--nvidia--mit-b0/snapshots/80983a413c30d36a39c20203974ae7807835e2b4,outputs-guardrailpp-v4/student_skd.ckpt,skd,img_000060,/home/manors/Guardrail-Distillation/data/cityscapes/leftImg8bit/val/frankfurt/frankfurt_000001_005184_leftImg8bit.png,,0.5910700418608141,0.40892995813918587,0.8978778123855591,0.9481015205383301,0.12299389392137527,0.14157982170581818,0.2934368848800659,0.8817231059074402,0.3723033368587494,-5.583887577056885,5.5188117027282715,0.01714908704161644,0.07106323540210724,453202,2.9083262488711625,4.886893002549186,16.235177259659395,0.9099890919352945,0.09001090806470546,123379,0.4426363949162788,0.5573636050837212,10692,0.1443580836057663,0.001947334734722972,10.677101730834693,0.0860838070511818,0.9139161929488182,0.3450227677822113,0.44050660729408264,0.07549326121807098,0.5188643932342529,0.48113560676574707,0.6018409132957458,0.6436985731124878,0.5192345380783081,0.5188643932342529,0.48113560676574707,0.5188643932342529,0.48113560676574707,0.626879353501013,0.373120646498987,0.9445942640304565,0.9375962751008466,0.06240372489915336,0.027607183165552107,0.34283639828163803,0.657163601718362,0.0,0.03580931164019885,0.03580931164019885,0.057508572936058044,0.010792098008096218,0.9641906883598012,0.03580931164019885,0.07328078895807266,0.01877087913453579,386210
b0_cityscapes_val,2026-07-07 05:27:20,cityscapes,val,all,student_skd,/scratch/gautschi/manors/hf_cache/models--nvidia--mit-b0/snapshots/80983a413c30d36a39c20203974ae7807835e2b4,outputs-guardrailpp-v4/student_skd.ckpt,skd,img_000061,/home/manors/Guardrail-Distillation/data/cityscapes/leftImg8bit/val/frankfurt/frankfurt_000001_005410_leftImg8bit.png,,0.6535841730595956,0.3464158269404044,0.9153594970703125,0.9356760382652283,0.13295437395572662,0.17379292845726013,0.3132762014865875,0.8565295934677124,0.4427640438079834,-6.000880241394043,5.920633792877197,0.019032444804906845,0.08845358341932297,460004,2.9083262488711625,4.886893002549186,16.235177259659395,0.9046802543547495,0.09531974564525048,126850,0.8037766670596853,0.1962233329403147,51870,0.17705713212490082,0.0019278270192444324,10.677101730834693,0.09018445760011673,0.9098155423998833,0.337480366230011,0.4414110779762268,0.06824664026498795,0.5170550346374512,0.48294496536254883,0.586106538772583,0.6295547485351562,0.4952591359615326,0.5170550346374512,0.48294496536254883,0.5170550346374512,0.48294496536254883,0.7656398130325618,0.2343601869674382,0.9479200839996338,0.9412883211132637,0.05871167888673634,0.036608066758514135,0.8409581127201918,0.15904188727980817,0.03718144566050652,0.11205563997296619,0.11205563997296619,0.047397416085004807,0.014836828224360943,0.8879443600270338,0.11205563997296619,0.06828419119119644,0.0064129880629479885,373044
b0_cityscapes_val,2026-07-07 05:27:20,cityscapes,val,all,student_skd,/scratch/gautschi/manors/hf_cache/models--nvidia--mit-b0/snapshots/80983a413c30d36a39c20203974ae7807835e2b4,outputs-guardrailpp-v4/student_skd.ckpt,skd,img_000062,/home/manors/Guardrail-Distillation/data/cityscapes/leftImg8bit/val/frankfurt/frankfurt_000001_005703_leftImg8bit.png,,0.4566996785402517,0.5433003214597483,0.903834879398346,0.9445728659629822,0.1251303106546402,0.14660973846912384,0.29091545939445496,0.8797662258148193,0.36337533593177795,-6.039742946624756,5.970766067504883,0.015144312754273415,0.07756394147872925,456475,2.9083262488711625,4.886893002549186,16.235177259659395,0.6816838493320366,0.31831615066796337,126850,0.41869753705100443,0.5813024629489956,41144,0.1488552689552307,0.0015409294283017516,10.677101730834693,0.07983717322349548,0.9201628267765045,0.3177120089530945,0.4016534388065338,0.05235195904970169,0.5130850076675415,0.4869149923324585,0.5780578851699829,0.6146172881126404,0.5162386894226074,0.5130850076675415,0.4869149923324585,0.5130850076675415,0.4869149923324585,0.5511366587870339,0.4488633412129661,0.9357380270957947,0.7251889824328265,0.2748110175671735,0.04350513310078985,0.5305945208474814,0.4694054791525186,0.11189698379647695,0.09443698024678215,0.09443698024678215,0.0449422225356102,0.013039049692451954,0.9055630197532178,0.09443698024678215,0.06627526134252548,0.0051065231673419476,382172
b0_cityscapes_val,2026-07-07 05:27:20,cityscapes,val,all,student_skd,/scratch/gautschi/manors/hf_cache/models--nvidia--mit-b0/snapshots/80983a413c30d36a39c20203974ae7807835e2b4,outputs-guardrailpp-v4/student_skd.ckpt,skd,img_000063,/home/manors/Guardrail-Distillation/data/cityscapes/leftImg8bit/val/frankfurt/frankfurt_000001_005898_leftImg8bit.png,,0.5705704369989203,0.4294295630010797,0.9554697275161743,0.9663873910903931,0.0957193374633789,0.0905066728591919,0.22302371263504028,0.9203428626060486,0.24665357172489166,-6.427546501159668,6.386657238006592,0.0063859871588647366,0.041153136640787125,442688,2.9083262488711625,4.886893002549186,16.235177259659395,0.8207332236373386,0.17926677636266142,126850,0.6036241679074368,0.3963758320925632,49390,0.09234922379255295,0.0011540279956534505,10.677101730834693,0.0585111565887928,0.9414888434112072,0.255018025636673,0.3610439896583557,0.030109649524092674,0.5075268745422363,0.49247312545776367,0.571124255657196,0.6088468432426453,0.5025597810745239,0.5075268745422363,0.49247312545776367,0.5075268745422363,0.49247312545776367,0.6293252845638376,0.37067471543616237,0.9703560471534729,0.9526576896163893,0.0473423103836107,0.13192446597905072,0.8268866429865573,0.17311335701344266,0.22326247507912056,0.058754847564917334,0.058754847564917334,0.024479994550347328,0.009593663737177849,0.9412451524350827,0.058754847564917334,0.03626255691051483,0.005855139344930649,397051
b0_cityscapes_val,2026-07-07 05:27:21,cityscapes,val,all,student_skd,/scratch/gautschi/manors/hf_cache/models--nvidia--mit-b0/snapshots/80983a413c30d36a39c20203974ae7807835e2b4,outputs-guardrailpp-v4/student_skd.ckpt,skd,img_000064,/home/manors/Guardrail-Distillation/data/cityscapes/leftImg8bit/val/frankfurt/frankfurt_000001_007285_leftImg8bit.png,,0.5980151492319188,0.4019848507680812,0.9264740943908691,0.9523066878318787,0.11654192954301834,0.12496405094861984,0.2666681110858917,0.893307089805603,0.3292933404445648,-5.806572914123535,5.7473297119140625,0.012652255594730377,0.06406515091657639,457784,2.905491506680846,4.898979503195733,16.241810517385602,0.6436505846141584,0.35634941538584164,124225,0.4475710908733235,0.5524289091266765,55388,0.12715347111225128,0.00156524614430964,10.670171759556979,0.06898505985736847,0.9310149401426315,0.26800310611724854,0.37318819761276245,0.043687064200639725,0.5109200477600098,0.48907995223999023,0.5670456290245056,0.6070170998573303,0.5251097083091736,0.5109200477600098,0.48907995223999023,0.5109200477600098,0.48907995223999023,0.7375480388588002,0.26245196114119984,0.9594656229019165,0.7235485002259796,0.2764514997740204,0.07989791561182125,0.6216873711263319,0.3783126288736681,0.1741162802530084,0.13953288962688137,0.13953288962688137,0.043839454650878906,0.010847911238670349,0.8604671103731186,0.13953288962688137,0.059611085802316666,0.00947608519345522,392807
b0_cityscapes_val,2026-07-07 05:27:21,cityscapes,val,all,student_skd,/scratch/gautschi/manors/hf_cache/models--nvidia--mit-b0/snapshots/80983a413c30d36a39c20203974ae7807835e2b4,outputs-guardrailpp-v4/student_skd.ckpt,skd,img_000065,/home/manors/Guardrail-Distillation/data/cityscapes/leftImg8bit/val/frankfurt/frankfurt_000001_007407_leftImg8bit.png,,0.5343107396448735,0.4656892603551265,0.859749972820282,0.924343466758728,0.1403544694185257,0.19258350133895874,0.31270232796669006,0.8467605113983154,0.43588709831237793,-5.555250644683838,5.461305618286133,0.018391020596027374,0.1075451523065567,446631,2.905491506680846,4.898979503195733,16.241810517385602,0.5441001136041205,0.45589988639587953,126850,0.5602004023295801,0.4397995976704199,18347,0.1952061653137207,0.001765948603861034,10.670171759556979,0.10680843144655228,0.8931915685534477,0.3612136244773865,0.4389481544494629,0.09613239765167236,0.5240145921707153,0.47598540782928467,0.6013121604919434,0.6340798139572144,0.5317105650901794,0.5240145921707153,0.47598540782928467,0.5240145921707153,0.47598540782928467,0.6949012616125356,0.3050987383874644,0.9407474994659424,0.8859308588018319,0.11406914119816813,0.3418307451977114,0.7205084866351366,0.27949151336486344,0.16030808430555643,0.1605905219676621,0.1605905219676621,0.09232453256845474,0.01132702361792326,0.8394094780323379,0.1605905219676621,0.11264332383871078,0.030237488448619843,346648
b0_cityscapes_val,2026-07-07 05:27:21,cityscapes,val,all,student_skd,/scratch/gautschi/manors/hf_cache/models--nvidia--mit-b0/snapshots/80983a413c30d36a39c20203974ae7807835e2b4,outputs-guardrailpp-v4/student_skd.ckpt,skd,img_000066,/home/manors/Guardrail-Distillation/data/cityscapes/leftImg8bit/val/frankfurt/frankfurt_000001_007622_leftImg8bit.png,,0.5266983321024622,0.4733016678975378,0.8414933681488037,0.9470253586769104,0.11868195980787277,0.1412147432565689,0.26934385299682617,0.879248857498169,0.36723464727401733,-5.606066703796387,5.541049957275391,0.01294156163930893,0.06967117637395859,445464,2.905491506680846,4.898979503195733,16.241810517385602,0.32330938422207317,0.6766906157779269,117003,0.7791656343403005,0.2208343656596995,18424,0.1437542885541916,0.001512202899903059,10.670171759556979,0.08640184998512268,0.9135981500148773,0.320541650056839,0.42122310400009155,0.07007718086242676,0.5175121426582336,0.48248785734176636,0.5879899263381958,0.6268157958984375,0.5326931476593018,0.5175121426582336,0.48248785734176636,0.5175121426582336,0.48248785734176636,0.5519697987133705,0.4480302012866295,0.8641326427459717,0.4843860492285186,0.5156139507714814,0.16107666500644546,0.6394993303474612,0.3605006696525388,0.0,0.02527146661090829,0.02527146661090829,0.034849055111408234,0.012209740467369556,0.9747285333890917,0.02527146661090829,0.055003322660923004,0.0038903255481272936,375485
b0_cityscapes_val,2026-07-07 05:27:21,cityscapes,val,all,student_skd,/scratch/gautschi/manors/hf_cache/models--nvidia--mit-b0/snapshots/80983a413c30d36a39c20203974ae7807835e2b4,outputs-guardrailpp-v4/student_skd.ckpt,skd,img_000067,/home/manors/Guardrail-Distillation/data/cityscapes/leftImg8bit/val/frankfurt/frankfurt_000001_007857_leftImg8bit.png,,0.6070101905251274,0.3929898094748726,0.9181172251701355,0.9522168636322021,0.10916797071695328,0.1277066022157669,0.24402576684951782,0.8874452114105225,0.3418552875518799,-5.8272552490234375,5.769555568695068,0.007642013020813465,0.05830308422446251,462051,2.905491506680846,4.898979503195733,16.241810517385602,0.3320063066614111,0.6679936933385888,126850,0.6511068524720625,0.34889314752793754,30606,0.1297498345375061,0.0012767401058226824,10.670171759556979,0.06924876570701599,0.930751234292984,0.2607681155204773,0.3434697389602661,0.030518461018800735,0.5076290369033813,0.49237096309661865,0.566006600856781,0.5979859828948975,0.5509082078933716,0.5076290369033813,0.49237096309661865,0.5076290369033813,0.49237096309661865,0.720244991860691,0.279755008139309,0.9510703086853027,1.0,0.0,0.6679936933385888,0.7011191068707348,0.29888089312926525,0.050012254398672296,0.11323480133556363,0.11323480133556363,0.04323115572333336,0.010278085246682167,0.8867651986644364,0.11323480133556363,0.05695042014122009,0.009336630813777447,394083
b0_cityscapes_val,2026-07-07 05:27:21,cityscapes,val,all,student_skd,/scratch/gautschi/manors/hf_cache/models--nvidia--mit-b0/snapshots/80983a413c30d36a39c20203974ae7807835e2b4,outputs-guardrailpp-v4/student_skd.ckpt,skd,img_000068,/home/manors/Guardrail-Distillation/data/cityscapes/leftImg8bit/val/frankfurt/frankfurt_000001_007973_leftImg8bit.png,,0.4008148278537813,0.5991851721462187,0.8898508548736572,0.9399653673171997,0.13253645598888397,0.15704433619976044,0.30935731530189514,0.8769537806510925,0.3648204803466797,-5.892428398132324,5.816890239715576,0.019346635788679123,0.08686553686857224,455428,2.898182749049738,4.8926697636488825,16.259053023532033,0.9350132761706624,0.06498672382933757,126850,0.36609865217607857,0.6339013478239215,18068,0.15986551344394684,0.0019282569410279393,10.68652598769404,0.07761921733617783,0.9223807826638222,0.3273732364177704,0.41790497303009033,0.046874675899744034,0.5117165446281433,0.4882834553718567,0.5779278874397278,0.6133692860603333,0.5676301717758179,0.5117165446281433,0.4882834553718567,0.5117165446281433,0.4882834553718567,0.4855460413219701,0.5144539586780299,0.9259026050567627,0.9816240630708719,0.01837593692912809,0.04661078690020948,0.3871799075209891,0.6128200924790109,0.021081255344910566,0.08473121346818879,0.08473121346818879,0.05101355165243149,0.01496174931526184,0.9152687865318112,0.08473121346818879,0.082028329372406,0.009375795722007751,375328
b0_cityscapes_val,2026-07-07 05:27:21,cityscapes,val,all,student_skd,/scratch/gautschi/manors/hf_cache/models--nvidia--mit-b0/snapshots/80983a413c30d36a39c20203974ae7807835e2b4,outputs-guardrailpp-v4/student_skd.ckpt,skd,img_000069,/home/manors/Guardrail-Distillation/data/cityscapes/leftImg8bit/val/frankfurt/frankfurt_000001_008200_leftImg8bit.png,,0.5274946442423786,0.4725053557576214,0.9514421820640564,0.9708897471427917,0.09224874526262283,0.0764482170343399,0.2081165760755539,0.9311218857765198,0.21775326132774353,-5.922699451446533,5.886889934539795,0.006921479478478432,0.038838982582092285,465074,2.898182749049738,4.8926697636488825,16.259053023532033,1.0,0.0,126850,0.5289289233602771,0.4710710766397229,21922,0.07792236655950546,0.0010886972304433584,10.68652598769404,0.03931260481476784,0.9606873951852322,0.13963784277439117,0.2702208161354065,0.003857873845845461,0.5009644627571106,0.4990355372428894,0.5254258513450623,0.5633167624473572,0.5884647369384766,0.5009644627571106,0.4990355372428894,0.5009644627571106,0.4990355372428894,0.6208920186267488,0.3791079813732512,0.9716582894325256,1.0,0.0,0.0,0.9215302343456132,0.07846976565438679,0.3926013109853361,0.09339737438437024,0.09339737438437024,0.029541537165641785,0.00932539813220501,0.9066026256156298,0.09339737438437024,0.04115044325590134,0.008486822247505188,425422
b0_cityscapes_val,2026-07-07 05:27:21,cityscapes,val,all,student_skd,/scratch/gautschi/manors/hf_cache/models--nvidia--mit-b0/snapshots/80983a413c30d36a39c20203974ae7807835e2b4,outputs-guardrailpp-v4/student_skd.ckpt,skd,img_000070,/home/manors/Guardrail-Distillation/data/cityscapes/leftImg8bit/val/frankfurt/frankfurt_000001_008688_leftImg8bit.png,,0.6078910952276065,0.39210890477239346,0.947995126247406,0.9581908583641052,0.11020892858505249,0.10882358998060226,0.2517671585083008,0.9075961709022522,0.28468772768974304,-5.9568281173706055,5.9050445556640625,0.010448839515447617,0.05762149393558502,451342,2.898182749049738,4.8926697636488825,16.259053023532033,1.0,0.0,126850,0.5874865908476038,0.4125134091523962,23320,0.11072573065757751,0.0012831742642447352,10.68652598769404,0.056382860988378525,0.9436171390116215,0.23685882985591888,0.33538535237312317,0.02353949286043644,0.50588458776474,0.49411541223526,0.5558963418006897,0.589094340801239,0.5678758025169373,0.50588458776474,0.49411541223526,0.50588458776474,0.49411541223526,0.7165228483959508,0.2834771516040492,0.9675390720367432,1.0,0.0,0.0,0.9415540567976997,0.05844594320230034,0.35406746595009586,0.10863175316834428,0.10863175316834428,0.03015894815325737,0.010615010745823383,0.8913682468316557,0.10863175316834428,0.04520297423005104,0.00267203152179718,394999
b0_cityscapes_val,2026-07-07 05:27:21,cityscapes,val,all,student_skd,/scratch/gautschi/manors/hf_cache/models--nvidia--mit-b0/snapshots/80983a413c30d36a39c20203974ae7807835e2b4,outputs-guardrailpp-v4/student_skd.ckpt,skd,img_000071,/home/manors/Guardrail-Distillation/data/cityscapes/leftImg8bit/val/frankfurt/frankfurt_000001_009058_leftImg8bit.png,,0.44376584339162656,0.5562341566083735,0.9273333549499512,0.9720312356948853,0.0914507508277893,0.07646350562572479,0.21523040533065796,0.9297711253166199,0.23488929867744446,-5.59617280960083,5.561595439910889,0.00799894891679287,0.03698248788714409,464436,2.898182749049738,4.8926697636488825,16.259053023532033,1.0,0.0,126850,0.6670455503705606,0.33295444962943943,33309,0.07816704362630844,0.001144064706750214,10.68652598769404,0.04653521999716759,0.9534647800028324,0.17950132489204407,0.33179420232772827,0.01992269791662693,0.5049805045127869,0.49501949548721313,0.5443974733352661,0.5897581577301025,0.6167176961898804,0.5049805045127869,0.49501949548721313,0.5049805045127869,0.49501949548721313,0.7111215961655858,0.2888784038344142,0.9758718013763428,1.0,0.0,0.0,0.8612568506958287,0.1387431493041713,0.19421130032526812,0.2673557527739593,0.2673557527739593,0.056412506848573685,0.00787406601011753,0.7326442472260407,0.2673557527739593,0.06629761308431625,0.029672548174858093,426129
b0_cityscapes_val,2026-07-07 05:27:21,cityscapes,val,all,student_skd,/scratch/gautschi/manors/hf_cache/models--nvidia--mit-b0/snapshots/80983a413c30d36a39c20203974ae7807835e2b4,outputs-guardrailpp-v4/student_skd.ckpt,skd,img_000072,/home/manors/Guardrail-Distillation/data/cityscapes/leftImg8bit/val/frankfurt/frankfurt_000001_009504_leftImg8bit.png,,0.3180622278326144,0.6819377721673856,0.9082000255584717,0.9651487469673157,0.10127091407775879,0.09661568701267242,0.24367953836917877,0.9144925475120544,0.284163236618042,-5.500353813171387,5.457235336303711,0.009965387172996998,0.04658239334821701,466013,2.9034717299509794,4.896850499790162,16.238701238762587,1.0,0.0,126850,0.339118193097253,0.660881806902747,30047,0.09893866628408432,0.0013431428233161569,10.677989979740232,0.0619080476462841,0.9380919523537159,0.271178275346756,0.3993743658065796,0.04139210656285286,0.510346531867981,0.48965346813201904,0.5725150108337402,0.618126630783081,0.5920646786689758,0.510346531867981,0.48965346813201904,0.510346531867981,0.48965346813201904,0.6660438046571553,0.3339561953428447,0.9670717716217041,1.0,0.0,0.0,0.7309034880414915,0.2690965119585085,0.3917852949442385,0.3479815768245409,0.3479815768245409,0.06843157112598419,0.009559819474816322,0.6520184231754591,0.3479815768245409,0.08286678791046143,0.037986066192388535,417428
b0_cityscapes_val,2026-07-07 05:27:21,cityscapes,val,all,student_skd,/scratch/gautschi/manors/hf_cache/models--nvidia--mit-b0/snapshots/80983a413c30d36a39c20203974ae7807835e2b4,outputs-guardrailpp-v4/student_skd.ckpt,skd,img_000073,/home/manors/Guardrail-Distillation/data/cityscapes/leftImg8bit/val/frankfurt/frankfurt_000001_009854_leftImg8bit.png,,0.5683879441061886,0.43161205589381135,0.9491509795188904,0.9698095917701721,0.09216653555631638,0.07959859818220139,0.20610563457012177,0.9274240136146545,0.2290314882993698,-6.155872344970703,6.1190080642700195,0.0063632335513830185,0.03849406540393829,457629,2.9034717299509794,4.896850499790162,16.238701238762587,1.0,0.0,126850,0.5317837468832839,0.4682162531167161,21366,0.08114480972290039,0.0009636431350372732,10.677989979740232,0.0423172265291214,0.9576827734708786,0.16314078867435455,0.2870831787586212,0.002086246619001031,0.5005215406417847,0.49947845935821533,0.5350950360298157,0.5698059797286987,0.6077733635902405,0.5005215406417847,0.49947845935821533,0.5005215406417847,0.49947845935821533,0.7064733321989732,0.29352666780102676,0.9588684439659119,1.0,0.0,0.0,0.7001741923047688,0.29982580769523115,0.16839044542148496,0.1380853880927846,0.1380853880927846,0.027550702914595604,0.017833223566412926,0.8619146119072154,0.1380853880927846,0.04750354588031769,0.006203715689480305,416295
b0_cityscapes_val,2026-07-07 05:27:21,cityscapes,val,all,student_skd,/scratch/gautschi/manors/hf_cache/models--nvidia--mit-b0/snapshots/80983a413c30d36a39c20203974ae7807835e2b4,outputs-guardrailpp-v4/student_skd.ckpt,skd,img_000074,/home/manors/Guardrail-Distillation/data/cityscapes/leftImg8bit/val/frankfurt/frankfurt_000001_010156_leftImg8bit.png,,0.502105376562863,0.497894623437137,0.8824201822280884,0.9455286264419556,0.12244100123643875,0.14732083678245544,0.28587639331817627,0.8733586668968201,0.39840075373649597,-5.618978023529053,5.551526069641113,0.014661158435046673,0.07313103973865509,440620,2.9034717299509794,4.896850499790162,16.238701238762587,0.4227788726842728,0.5772211273157273,126850,0.4575220334394233,0.5424779665605767,36248,0.15019693970680237,0.0016190034803003073,10.677989979740232,0.07596805691719055,0.9240319430828094,0.28415054082870483,0.38148826360702515,0.03739870339632034,0.5093485713005066,0.4906514286994934,0.5664696097373962,0.5989063382148743,0.5457281470298767,0.5093485713005066,0.4906514286994934,0.5093485713005066,0.4906514286994934,0.6400449162311274,0.35995508376887264,0.9157482385635376,0.5783746803512243,0.4216253196487757,0.15559580766695158,0.5447746567049797,0.4552253432950203,0.08725262326555638,0.13793953966826433,0.13793953966826433,0.04717443510890007,0.013846397399902344,0.8620604603317357,0.13793953966826433,0.0660160630941391,0.012686667963862419,370288
b0_cityscapes_val,2026-07-07 05:27:21,cityscapes,val,all,student_skd,/scratch/gautschi/manors/hf_cache/models--nvidia--mit-b0/snapshots/80983a413c30d36a39c20203974ae7807835e2b4,outputs-guardrailpp-v4/student_skd.ckpt,skd,img_000075,/home/manors/Guardrail-Distillation/data/cityscapes/leftImg8bit/val/frankfurt/frankfurt_000001_010444_leftImg8bit.png,,0.47355184755797486,0.5264481524420251,0.8914119601249695,0.9245581030845642,0.14513233304023743,0.19365686178207397,0.3368036448955536,0.852163553237915,0.42754969000816345,-5.787847995758057,5.692684650421143,0.024097563698887825,0.10903702676296234,449838,2.9034717299509794,4.896850499790162,16.238701238762587,0.4999723460067634,0.5000276539932367,126564,0.4308889396853928,0.5691110603146072,27729,0.19688278436660767,0.0023712788242846727,10.677989979740232,0.0981951430439949,0.9018048569560051,0.3726065754890442,0.46157753467559814,0.08955346792936325,0.5223734378814697,0.4776265621185303,0.6017974615097046,0.6375014781951904,0.4886683523654938,0.5223734378814697,0.4776265621185303,0.5223734378814697,0.4776265621185303,0.7052382802071594,0.2947617197928406,0.9475566148757935,0.33330172702155286,0.6666982729784472,0.0,0.5926376217409518,0.4073623782590482,0.16174868205555903,0.23168643264918454,0.23168643264918454,0.0664505884051323,0.01030593179166317,0.7683135673508155,0.23168643264918454,0.08497503399848938,0.007026973646134138,350025
b0_cityscapes_val,2026-07-07 05:27:21,cityscapes,val,all,student_skd,/scratch/gautschi/manors/hf_cache/models--nvidia--mit-b0/snapshots/80983a413c30d36a39c20203974ae7807835e2b4,outputs-guardrailpp-v4/student_skd.ckpt,skd,img_000076,/home/manors/Guardrail-Distillation/data/cityscapes/leftImg8bit/val/frankfurt/frankfurt_000001_010600_leftImg8bit.png,,0.4733251457749634,0.5266748542250366,0.9496792554855347,0.9631845951080322,0.10178724676370621,0.09815988689661026,0.2348809391260147,0.9131069183349609,0.2788107693195343,-6.188746452331543,6.143676280975342,0.007403605151921511,0.04960769787430763,395483,2.9019027715548873,4.891570744803175,16.425970010459423,0.7438377415802838,0.2561622584197162,114972,0.33205837489413625,0.6679416251058637,75412,0.10004767775535583,0.0011082494165748358,10.69024601019919,0.05596863850951195,0.944031361490488,0.23719243705272675,0.3557489812374115,0.019917402416467667,0.5049791932106018,0.4950208067893982,0.5537861585617065,0.5876380801200867,0.5465703010559082,0.5049791932106018,0.4950208067893982,0.5049791932106018,0.4950208067893982,0.5447802402205899,0.4552197597794101,0.965975821018219,0.9441910261312279,0.05580897386877215,0.20035328455094403,0.4373471985181451,0.5626528014818549,0.10528882362400882,0.07145509444562648,0.07145509444562648,0.02795316092669964,0.011656632646918297,0.9285449055543735,0.07145509444562648,0.0420726053416729,0.0035273325629532337,351228
b0_cityscapes_val,2026-07-07 05:27:21,cityscapes,val,all,student_skd,/scratch/gautschi/manors/hf_cache/models--nvidia--mit-b0/snapshots/80983a413c30d36a39c20203974ae7807835e2b4,outputs-guardrailpp-v4/student_skd.ckpt,skd,img_000077,/home/manors/Guardrail-Distillation/data/cityscapes/leftImg8bit/val/frankfurt/frankfurt_000001_010830_leftImg8bit.png,,0.6386793419215957,0.3613206580784043,0.9319157004356384,0.9473243355751038,0.11425677686929703,0.13399860262870789,0.24412918090820312,0.8828056454658508,0.34318453073501587,-6.251062870025635,6.187457084655762,0.006073993165045977,0.06728912144899368,425091,2.9019027715548873,4.891570744803175,16.425970010459423,1.0,0.0,110338,0.5279744636945062,0.4720255363054938,72573,0.1357661336660385,0.0011558665428310633,10.69024601019919,0.07099086791276932,0.9290091320872307,0.2710135579109192,0.3588522672653198,0.03685426339507103,0.5092124938964844,0.4907875061035156,0.5604623556137085,0.5839499235153198,0.5280849933624268,0.5092124938964844,0.4907875061035156,0.5092124938964844,0.4907875061035156,0.7318332994483498,0.26816670055165015,0.9554142355918884,0.4995785676738748,0.5004214323261251,0.0,0.5735705162181491,0.42642948378185086,0.04559605252364296,0.09315395752675415,0.09315395752675415,0.03631928190588951,0.012820784002542496,0.9068460424732459,0.09315395752675415,0.05143133923411369,0.003770957002416253,355664
b0_cityscapes_val,2026-07-07 05:27:21,cityscapes,val,all,student_skd,/scratch/gautschi/manors/hf_cache/models--nvidia--mit-b0/snapshots/80983a413c30d36a39c20203974ae7807835e2b4,outputs-guardrailpp-v4/student_skd.ckpt,skd,img_000078,/home/manors/Guardrail-Distillation/data/cityscapes/leftImg8bit/val/frankfurt/frankfurt_000001_011162_leftImg8bit.png,,0.5039460009795469,0.4960539990204531,0.9185596108436584,0.9378808736801147,0.1282227635383606,0.16178058087825775,0.28743594884872437,0.8638512492179871,0.4100111424922943,-5.402987957000732,5.326343536376953,0.014531062915921211,0.08483049273490906,424470,2.9019027715548873,4.891570744803175,16.425970010459423,0.9374604715376508,0.06253952846234923,126850,0.4412670856325561,0.5587329143674439,29434,0.1646498590707779,0.0018031998770311475,10.69024601019919,0.09524835646152496,0.904751643538475,0.34986650943756104,0.4385473430156708,0.07489047944545746,0.5187138915061951,0.48128610849380493,0.5947751998901367,0.6335127949714661,0.5556544661521912,0.5187138915061951,0.48128610849380493,0.5187138915061951,0.48128610849380493,0.5044133931065556,0.49558660689344436,0.9441892504692078,0.9620250743790558,0.03797492562094418,0.024564602841405048,0.3499899535986907,0.6500100464013093,0.0,0.00046739212700874777,0.00046739212700874777,0.040674254298210144,0.015044644474983215,0.9995326078729913,0.00046739212700874777,0.06514476984739304,0.0023370319977402687,346584
b0_cityscapes_val,2026-07-07 05:27:21,cityscapes,val,all,student_skd,/scratch/gautschi/manors/hf_cache/models--nvidia--mit-b0/snapshots/80983a413c30d36a39c20203974ae7807835e2b4,outputs-guardrailpp-v4/student_skd.ckpt,skd,img_000079,/home/manors/Guardrail-Distillation/data/cityscapes/leftImg8bit/val/frankfurt/frankfurt_000001_011715_leftImg8bit.png,,0.5776417309103169,0.4223582690896831,0.9229579567909241,0.9521580338478088,0.1131531149148941,0.12921975553035736,0.25670763850212097,0.8845135569572449,0.3591878414154053,-5.909370422363281,5.8507208824157715,0.010948673821985722,0.061868734657764435,458503,2.9019027715548873,4.891570744803175,16.425970010459423,0.8912791848155436,0.10872081518445642,126850,0.5607752957996872,0.4392247042003128,51520,0.13192734122276306,0.0016433114651590586,10.69024601019919,0.08311633765697479,0.9168836623430252,0.31198981404304504,0.41014227271080017,0.06481484323740005,0.5161980390548706,0.4838019609451294,0.5870984196662903,0.6250923275947571,0.5504062175750732,0.5161980390548706,0.4838019609451294,0.5161980390548706,0.4838019609451294,0.7531910028357528,0.2468089971642472,0.9529228806495667,0.8844006611002279,0.11559933889977214,0.0,0.6724575269291244,0.3275424730708756,0.1116822311294372,0.1755492719254359,0.1755492719254359,0.044023703783750534,0.014058795757591724,0.8244507280745641,0.1755492719254359,0.06393633037805557,0.009168969467282295,394330
b0_cityscapes_val,2026-07-07 05:27:21,cityscapes,val,all,student_skd,/scratch/gautschi/manors/hf_cache/models--nvidia--mit-b0/snapshots/80983a413c30d36a39c20203974ae7807835e2b4,outputs-guardrailpp-v4/student_skd.ckpt,skd,img_000080,/home/manors/Guardrail-Distillation/data/cityscapes/leftImg8bit/val/frankfurt/frankfurt_000001_011835_leftImg8bit.png,,0.5352884550758399,0.4647115449241601,0.8697249889373779,0.9352902173995972,0.12771914899349213,0.15982267260551453,0.267570436000824,0.8647333383560181,0.38631442189216614,-5.686875343322754,5.6078410148620605,0.009930926375091076,0.08895043283700943,460380,2.897156256949529,4.89575625397265,16.240874479990453,0.603063798367641,0.396936201632359,126850,0.6279776147453594,0.3720223852546406,85853,0.16212299466133118,0.0016305438475683331,10.668631992302835,0.09530416131019592,0.9046958386898041,0.36640310287475586,0.4234105348587036,0.08493221551179886,0.5212202668190002,0.47877973318099976,0.6110593676567078,0.638671875,0.5362735986709595,0.5212202668190002,0.47877973318099976,0.5212202668190002,0.47877973318099976,0.7154484496117298,0.2845515503882702,0.9604696035385132,0.9216899817619928,0.0783100182380072,0.3186261833943518,0.7491673341149094,0.25083266588509057,0.12118971936955003,0.18015999453588993,0.18015999453588993,0.10009557008743286,0.009350971318781376,0.8198400054641101,0.18015999453588993,0.11345844715833664,0.03195621073246002,369245
b0_cityscapes_val,2026-07-07 05:27:21,cityscapes,val,all,student_skd,/scratch/gautschi/manors/hf_cache/models--nvidia--mit-b0/snapshots/80983a413c30d36a39c20203974ae7807835e2b4,outputs-guardrailpp-v4/student_skd.ckpt,skd,img_000081,/home/manors/Guardrail-Distillation/data/cityscapes/leftImg8bit/val/frankfurt/frankfurt_000001_012038_leftImg8bit.png,,0.5968881649946097,0.4031118350053903,0.930191159248352,0.9495549201965332,0.11499731242656708,0.13711968064308167,0.26319578289985657,0.8791723847389221,0.37629586458206177,-5.825080871582031,5.763422966003418,0.01143401488661766,0.06439413875341415,448224,2.897156256949529,4.89575625397265,16.240874479990453,0.8265849627689619,0.17341503723103813,126850,0.5129307510665667,0.4870692489334333,33240,0.13966692984104156,0.0015761113027110696,10.668631992302835,0.07790187746286392,0.9220981225371361,0.29117390513420105,0.38252097368240356,0.05473954603075981,0.5136814713478088,0.48631852865219116,0.5755095481872559,0.6062934994697571,0.5380409359931946,0.5136814713478088,0.48631852865219116,0.5136814713478088,0.48631852865219116,0.6072619908903679,0.3927380091096321,0.9502882361412048,0.8221994237592662,0.17780057624073375,0.0,0.5286700437458819,0.4713299562541181,0.015739292679315176,0.010373825895758193,0.010373825895758193,0.032238345593214035,0.012141251005232334,0.9896261741042418,0.010373825895758193,0.052074410021305084,0.004114014562219381,380993
b0_cityscapes_val,2026-07-07 05:27:21,cityscapes,val,all,student_skd,/scratch/gautschi/manors/hf_cache/models--nvidia--mit-b0/snapshots/80983a413c30d36a39c20203974ae7807835e2b4,outputs-guardrailpp-v4/student_skd.ckpt,skd,img_000082,/home/manors/Guardrail-Distillation/data/cityscapes/leftImg8bit/val/frankfurt/frankfurt_000001_012519_leftImg8bit.png,,0.5019406746692504,0.4980593253307496,0.8990703821182251,0.9570122361183167,0.1064898893237114,0.11216528713703156,0.23616233468055725,0.9001147150993347,0.30668163299560547,-5.970388412475586,5.918200492858887,0.006840931251645088,0.05511149391531944,445261,2.897156256949529,4.89575625397265,16.240874479990453,0.5052495953215889,0.49475040467841114,126850,0.7620430025160952,0.23795699748390475,56542,0.1144334077835083,0.0013352748937904835,10.668631992302835,0.0645178034901619,0.9354821965098381,0.2595236897468567,0.3661103844642639,0.02907446213066578,0.5072681307792664,0.49273186922073364,0.5580596923828125,0.594584584236145,0.568166971206665,0.5072681307792664,0.49273186922073364,0.5072681307792664,0.49273186922073364,0.6153291299099406,0.3846708700900594,0.9328371286392212,0.47777321152229185,0.5222267884777081,0.0,0.8448916449967375,0.15510835500326248,0.08284864248064228,0.11338845524069019,0.11338845524069019,0.04639076814055443,0.012624056078493595,0.8866115447593098,0.11338845524069019,0.06493943929672241,0.012725120410323143,386390
b0_cityscapes_val,2026-07-07 05:27:21,cityscapes,val,all,student_skd,/scratch/gautschi/manors/hf_cache/models--nvidia--mit-b0/snapshots/80983a413c30d36a39c20203974ae7807835e2b4,outputs-guardrailpp-v4/student_skd.ckpt,skd,img_000083,/home/manors/Guardrail-Distillation/data/cityscapes/leftImg8bit/val/frankfurt/frankfurt_000001_012699_leftImg8bit.png,,0.4210699204390132,0.5789300795609869,0.8827453851699829,0.9434228539466858,0.12094590812921524,0.14917755126953125,0.2693743109703064,0.8710854649543762,0.3957168161869049,-5.42602014541626,5.356866836547852,0.012335516512393951,0.0727219507098198,416683,2.897156256949529,4.89575625397265,16.240874479990453,0.6483185210264127,0.35168147897358726,126850,0.31618655692729764,0.6838134430727023,22874,0.15184780955314636,0.0018699031788855791,10.668631992302835,0.10142059624195099,0.898579403758049,0.3784708082675934,0.4552595317363739,0.10577225685119629,0.5264183878898621,0.47358161211013794,0.625069260597229,0.6632799506187439,0.5372830629348755,0.5264183878898621,0.47358161211013794,0.5264183878898621,0.47358161211013794,0.6487796443619473,0.35122035563805265,0.9564512968063354,0.7248165193468945,0.2751834806531055,0.07649799832048176,0.48021868539774903,0.519781314602251,0.16403212847045134,0.2277097239229342,0.2277097239229342,0.08105922490358353,0.007353311870247126,0.7722902760770658,0.2277097239229342,0.09377632290124893,0.014884216710925102,342834
b0_cityscapes_val,2026-07-07 05:27:22,cityscapes,val,all,student_skd,/scratch/gautschi/manors/hf_cache/models--nvidia--mit-b0/snapshots/80983a413c30d36a39c20203974ae7807835e2b4,outputs-guardrailpp-v4/student_skd.ckpt,skd,img_000084,/home/manors/Guardrail-Distillation/data/cityscapes/leftImg8bit/val/frankfurt/frankfurt_000001_012738_leftImg8bit.png,,0.48788425928763485,0.5121157407123651,0.7236828804016113,0.9438923001289368,0.11406230926513672,0.16262906789779663,0.26791632175445557,0.8471500277519226,0.5078598856925964,-4.94956636428833,4.882171630859375,0.01107041072100401,0.06269211322069168,431059,2.8903299826197326,4.89557851688005,16.226154228206724,0.5382423399355979,0.4617576600644021,121286,0.48477097068849245,0.5152290293115076,52461,0.16611161828041077,0.0018409611657261848,10.691734991269186,0.137271448969841,0.862728551030159,0.45369720458984375,0.5136427879333496,0.17420239746570587,0.5434408187866211,0.4565591812133789,0.6701756715774536,0.7042847871780396,0.531315267086029,0.5434408187866211,0.4565591812133789,0.5434408187866211,0.4565591812133789,0.43838696526974474,0.5616130347302553,0.7307236790657043,0.38106005791586534,0.6189399420841346,0.0,0.475814708442169,0.524185291557831,0.0,0.0,0.0,0.024370213970541954,0.017329415306448936,1.0,0.0,0.14375294744968414,0.003572596935555339,356600
b0_cityscapes_val,2026-07-07 05:27:22,cityscapes,val,all,student_skd,/scratch/gautschi/manors/hf_cache/models--nvidia--mit-b0/snapshots/80983a413c30d36a39c20203974ae7807835e2b4,outputs-guardrailpp-v4/student_skd.ckpt,skd,img_000085,/home/manors/Guardrail-Distillation/data/cityscapes/leftImg8bit/val/frankfurt/frankfurt_000001_012870_leftImg8bit.png,,0.5088715697330759,0.4911284302669241,0.9029712080955505,0.9474973678588867,0.11688476800918579,0.14059250056743622,0.26327070593833923,0.8754233121871948,0.38976171612739563,-5.349102973937988,5.285024642944336,0.010496656410396099,0.06853135675191879,417371,2.8903299826197326,4.89557851688005,16.226154228206724,0.2967962131435449,0.7032037868564551,107604,0.5447135163851063,0.45528648361489366,58169,0.14339902997016907,0.0018013884546235204,10.691734991269186,0.08099634200334549,0.9190036579966545,0.3079375922679901,0.3893066644668579,0.05706293508410454,0.5142619013786316,0.4857380986213684,0.5803252458572388,0.6144979000091553,0.5626005530357361,0.5142619013786316,0.4857380986213684,0.5142619013786316,0.4857380986213684,0.6361028692381144,0.36389713076188557,0.939245879650116,0.48102965242116325,0.5189703475788368,0.18423343927761837,0.6664681841736528,0.33353181582634717,0.12175466778854649,0.12723129950503853,0.12723129950503853,0.04736074060201645,0.011086059734225273,0.8727687004949615,0.12723129950503853,0.06562027335166931,0.00566402543336153,351297
b0_cityscapes_val,2026-07-07 05:27:22,cityscapes,val,all,student_skd,/scratch/gautschi/manors/hf_cache/models--nvidia--mit-b0/snapshots/80983a413c30d36a39c20203974ae7807835e2b4,outputs-guardrailpp-v4/student_skd.ckpt,skd,img_000086,/home/manors/Guardrail-Distillation/data/cityscapes/leftImg8bit/val/frankfurt/frankfurt_000001_013016_leftImg8bit.png,,0.5126477568961104,0.4873522431038896,0.9142445921897888,0.9571866393089294,0.10860801488161087,0.11339316517114639,0.24320997297763824,0.8968943357467651,0.3278059959411621,-5.982640266418457,5.930134296417236,0.009602798148989677,0.05673392117023468,459866,2.8903299826197326,4.89557851688005,16.226154228206724,0.344065559995567,0.655934440004433,126264,0.5702916664397097,0.42970833356029026,117778,0.11587763577699661,0.0017004942055791616,10.691734991269186,0.0602928027510643,0.9397071972489357,0.22244372963905334,0.3397960662841797,0.02397887408733368,0.505994439125061,0.49400556087493896,0.5523316264152527,0.5890783071517944,0.5553316473960876,0.505994439125061,0.49400556087493896,0.505994439125061,0.49400556087493896,0.6615149220126215,0.3384850779873785,0.950866162776947,0.8638212032161836,0.1361787967838164,0.5197556432206166,0.6542772429168885,0.3457227570831115,0.08398557647717875,0.1488671651165111,0.1488671651165111,0.05291106924414635,0.01628952845931053,0.8511328348834889,0.1488671651165111,0.07347575575113297,0.017696460708975792,401820
b0_cityscapes_val,2026-07-07 05:27:22,cityscapes,val,all,student_skd,/scratch/gautschi/manors/hf_cache/models--nvidia--mit-b0/snapshots/80983a413c30d36a39c20203974ae7807835e2b4,outputs-guardrailpp-v4/student_skd.ckpt,skd,img_000087,/home/manors/Guardrail-Distillation/data/cityscapes/leftImg8bit/val/frankfurt/frankfurt_000001_013496_leftImg8bit.png,,0.500905608289441,0.499094391710559,0.9443581104278564,0.9640755653381348,0.10228227823972702,0.09745163470506668,0.2389247715473175,0.9126434922218323,0.28259655833244324,-6.007133483886719,5.962738037109375,0.009589342400431633,0.048605166375637054,455610,2.8903299826197326,4.89557851688005,16.226154228206724,1.0,0.0,122367,0.5301127493851274,0.4698872506148726,65118,0.09920009970664978,0.0009523192420601845,10.691734991269186,0.05345619097352028,0.9465438090264797,0.21497540175914764,0.3637253940105438,0.01430237852036953,0.5035755038261414,0.49642449617385864,0.5521162748336792,0.5948387384414673,0.5581002235412598,0.5035755038261414,0.49642449617385864,0.5035755038261414,0.49642449617385864,0.637612206265078,0.362387793734922,0.9625096321105957,1.0,0.0,0.0,0.6274728650004877,0.3725271349995123,0.09736011561536029,0.136706597975637,0.136706597975637,0.02932991087436676,0.01117842085659504,0.863293402024363,0.136706597975637,0.04432519152760506,0.0043436274863779545,408268
b0_cityscapes_val,2026-07-07 05:27:22,cityscapes,val,all,student_skd,/scratch/gautschi/manors/hf_cache/models--nvidia--mit-b0/snapshots/80983a413c30d36a39c20203974ae7807835e2b4,outputs-guardrailpp-v4/student_skd.ckpt,skd,img_000088,/home/manors/Guardrail-Distillation/data/cityscapes/leftImg8bit/val/frankfurt/frankfurt_000001_013710_leftImg8bit.png,,0.514245962182996,0.485754037817004,0.9282705783843994,0.9487507343292236,0.12236455827951431,0.1340910941362381,0.282083123922348,0.8864628076553345,0.3516269326210022,-5.607783317565918,5.543483257293701,0.014584735967218876,0.07071762531995773,460550,2.893019758630544,4.898249258985743,16.241414501564577,0.5052491258263831,0.49475087417361685,126850,0.3542994231050937,0.6457005768949062,23243,0.1361880898475647,0.0012778666568920016,10.677427984774113,0.08226661384105682,0.9177333861589432,0.326519638299942,0.41838714480400085,0.061161190271377563,0.5152854919433594,0.4847145080566406,0.5884502530097961,0.6261804699897766,0.5400755405426025,0.5152854919433594,0.4847145080566406,0.5152854919433594,0.4847145080566406,0.6064196803495732,0.39358031965042684,0.9471262693405151,0.7231590165194123,0.2768409834805877,0.21790989069302913,0.4158516959893772,0.5841483040106228,0.06155227288428344,0.09217371816657716,0.09217371816657716,0.030096624046564102,0.011240907944738865,0.9078262818334228,0.09217371816657716,0.047914452850818634,0.0026359788607805967,391559
b0_cityscapes_val,2026-07-07 05:27:22,cityscapes,val,all,student_skd,/scratch/gautschi/manors/hf_cache/models--nvidia--mit-b0/snapshots/80983a413c30d36a39c20203974ae7807835e2b4,outputs-guardrailpp-v4/student_skd.ckpt,skd,img_000089,/home/manors/Guardrail-Distillation/data/cityscapes/leftImg8bit/val/frankfurt/frankfurt_000001_014221_leftImg8bit.png,,0.6273911747331831,0.37260882526681693,0.9364611506462097,0.9589462876319885,0.10730292648077011,0.10575617849826813,0.24163886904716492,0.909574031829834,0.27507343888282776,-6.066788196563721,6.0163092613220215,0.00850072130560875,0.054984577000141144,447962,2.893019758630544,4.898249258985743,16.241414501564577,0.9459787782638637,0.05402122173613633,120972,0.4025778641020257,0.5974221358979743,58800,0.10731654614210129,0.0011232870165258646,10.677427984774113,0.0639563575387001,0.9360436424612999,0.251132607460022,0.3871287405490875,0.043742917478084564,0.5109339952468872,0.4890660047531128,0.5566719174385071,0.6036104559898376,0.5576380491256714,0.5109339952468872,0.4890660047531128,0.5109339952468872,0.4890660047531128,0.7129894050514429,0.2870105949485571,0.959018886089325,0.9468842689935011,0.05311573100649891,0.0009054907296374148,0.5384402363389136,0.4615597636610864,0.1358623722368879,0.08559823031825986,0.08559823031825986,0.03484224155545235,0.012284524738788605,0.9144017696817401,0.08559823031825986,0.05322326347231865,0.007366696372628212,392498
b0_cityscapes_val,2026-07-07 05:27:22,cityscapes,val,all,student_skd,/scratch/gautschi/manors/hf_cache/models--nvidia--mit-b0/snapshots/80983a413c30d36a39c20203974ae7807835e2b4,outputs-guardrailpp-v4/student_skd.ckpt,skd,img_000090,/home/manors/Guardrail-Distillation/data/cityscapes/leftImg8bit/val/frankfurt/frankfurt_000001_014406_leftImg8bit.png,,0.5737735831667092,0.42622641683329077,0.9282470941543579,0.9584358930587769,0.10504502803087234,0.11040191352367401,0.2351466417312622,0.9025731682777405,0.2992922365665436,-6.108945369720459,6.058431148529053,0.007933340035378933,0.053246233612298965,453403,2.893019758630544,4.898249258985743,16.241414501564577,1.0,0.0,126850,0.5334047730789454,0.4665952269210546,32271,0.11272843182086945,0.001354159670881927,10.677427984774113,0.06648193299770355,0.9335180670022964,0.2709936201572418,0.36869022250175476,0.03937559574842453,0.5098426342010498,0.4901573657989502,0.564359188079834,0.5988501906394958,0.5527997016906738,0.5098426342010498,0.4901573657989502,0.5098426342010498,0.4901573657989502,0.7392658045361057,0.2607341954638943,0.9544798135757446,1.0,0.0,0.0,0.8658894488487693,0.13411055115123072,0.3324846757698239,0.16549222136939645,0.16549222136939645,0.038402922451496124,0.012170189060270786,0.8345077786306035,0.16549222136939645,0.0556899756193161,0.009924945421516895,396220
b0_cityscapes_val,2026-07-07 05:27:22,cityscapes,val,all,student_skd,/scratch/gautschi/manors/hf_cache/models--nvidia--mit-b0/snapshots/80983a413c30d36a39c20203974ae7807835e2b4,outputs-guardrailpp-v4/student_skd.ckpt,skd,img_000091,/home/manors/Guardrail-Distillation/data/cityscapes/leftImg8bit/val/frankfurt/frankfurt_000001_014565_leftImg8bit.png,,0.454919131749524,0.545080868250476,0.9413118958473206,0.9740210771560669,0.08645888417959213,0.07045294344425201,0.20003913342952728,0.9328504800796509,0.22383740544319153,-5.500687599182129,5.468867301940918,0.005879048723727465,0.033646248281002045,420136,2.893019758630544,4.898249258985743,16.241414501564577,0.6647737609733079,0.33522623902669213,95580,0.2032908662455223,0.7967091337544777,17534,0.07241125404834747,0.001152851153165102,10.677427984774113,0.0695674940943718,0.9304325059056282,0.2710726857185364,0.39304399490356445,0.04961790144443512,0.5124019384384155,0.4875980615615845,0.5731142163276672,0.6289111375808716,0.5964983105659485,0.5124019384384155,0.4875980615615845,0.5124019384384155,0.4875980615615845,0.5648681909061875,0.43513180909381255,0.9663276076316833,0.6662142072264237,0.33378579277357634,0.0014404462531157902,0.47211988062931104,0.527880119370689,0.2688290143837887,0.10994905915666342,0.10994905915666342,0.030216407030820847,0.005200697109103203,0.8900509408433366,0.10994905915666342,0.039915647357702255,0.008549612946808338,388197
b0_cityscapes_val,2026-07-07 05:27:22,cityscapes,val,all,student_skd,/scratch/gautschi/manors/hf_cache/models--nvidia--mit-b0/snapshots/80983a413c30d36a39c20203974ae7807835e2b4,outputs-guardrailpp-v4/student_skd.ckpt,skd,img_000092,/home/manors/Guardrail-Distillation/data/cityscapes/leftImg8bit/val/frankfurt/frankfurt_000001_014741_leftImg8bit.png,,0.5442354012635077,0.45576459873649233,0.9189437031745911,0.9483453631401062,0.11947526782751083,0.12954401969909668,0.2622857391834259,0.8925002813339233,0.3150653839111328,-5.676568508148193,5.6128668785095215,0.010571273043751717,0.0714176595211029,438547,2.89535999763757,4.890690237516537,16.225479514105245,1.0,0.0,111935,0.38992568554013507,0.6100743144598649,13836,0.13179557025432587,0.0016421457985416055,10.680292500182986,0.07408642023801804,0.925913579761982,0.2908618152141571,0.3858451545238495,0.05842943862080574,0.5146031975746155,0.4853968024253845,0.5675270557403564,0.6036330461502075,0.5782192349433899,0.5146031975746155,0.4853968024253845,0.5146031975746155,0.4853968024253845,0.6279667387138869,0.37203326128611314,0.9383806586265564,1.0,0.0,0.0,0.5235194298905991,0.4764805701094009,0.133593744350464,0.0837313374503792,0.0837313374503792,0.038677725940942764,0.019240811467170715,0.9162686625496208,0.0837313374503792,0.06466809660196304,0.0034568700939416885,368888
b0_cityscapes_val,2026-07-07 05:27:22,cityscapes,val,all,student_skd,/scratch/gautschi/manors/hf_cache/models--nvidia--mit-b0/snapshots/80983a413c30d36a39c20203974ae7807835e2b4,outputs-guardrailpp-v4/student_skd.ckpt,skd,img_000093,/home/manors/Guardrail-Distillation/data/cityscapes/leftImg8bit/val/frankfurt/frankfurt_000001_015091_leftImg8bit.png,,0.6168694713859122,0.3831305286140878,0.9612888097763062,0.9711650013923645,0.08773864805698395,0.07911014556884766,0.20059320330619812,0.9257036447525024,0.23765817284584045,-6.073734283447266,6.038889408111572,0.0053496514447033405,0.03429504856467247,457413,2.89535999763757,4.890690237516537,16.225479514105245,0.9733394712481425,0.026660528751857537,126850,0.4980904667921404,0.5019095332078596,42103,0.08051401376724243,0.0008779966155998409,10.680292500182986,0.047265712171792984,0.952734287828207,0.17664025723934174,0.29764309525489807,0.005349211860448122,0.5013372898101807,0.49866271018981934,0.5376291871070862,0.5752068161964417,0.5723504424095154,0.5013372898101807,0.49866271018981934,0.5013372898101807,0.49866271018981934,0.8334779103439991,0.1665220896560009,0.9766862988471985,0.9620018498364175,0.037998150163582545,0.0,0.8168791190608509,0.18312088093914913,0.31878865226871045,0.2166084389580869,0.2166084389580869,0.021776819601655006,0.0063793552108109,0.7833915610419131,0.2166084389580869,0.031061645597219467,0.00479872664436698,418059
b0_cityscapes_val,2026-07-07 05:27:22,cityscapes,val,all,student_skd,/scratch/gautschi/manors/hf_cache/models--nvidia--mit-b0/snapshots/80983a413c30d36a39c20203974ae7807835e2b4,outputs-guardrailpp-v4/student_skd.ckpt,skd,img_000094,/home/manors/Guardrail-Distillation/data/cityscapes/leftImg8bit/val/frankfurt/frankfurt_000001_015328_leftImg8bit.png,,0.5187248837598936,0.48127511624010644,0.9711676836013794,0.9839832782745361,0.06516921520233154,0.04202242195606232,0.1396380513906479,0.9560186266899109,0.14972181618213654,-6.535140514373779,6.516058444976807,0.0011822269298136234,0.019239049404859543,457611,2.89535999763757,4.890690237516537,16.225479514105245,0.7480073810270962,0.2519926189729038,125543,0.3987474555584589,0.6012525444415411,99205,0.042917925864458084,0.0004716876719612628,10.680292500182986,0.022261422127485275,0.9777385778725147,0.05302857980132103,0.15985223650932312,-0.027039984241127968,0.4932404160499573,0.5067595839500427,0.5087001919746399,0.5293882489204407,0.5887585282325745,0.4932404160499573,0.5067595839500427,0.4932404160499573,0.5067595839500427,0.5923246040782798,0.4076753959217202,0.9781364798545837,0.8396417311517496,0.16035826884825044,0.09163435012465337,0.5320287255142973,0.46797127448570275,0.13328126995583833,0.07359972031838624,0.07359972031838624,0.011643077246844769,0.0046742758713662624,0.9264002796816138,0.07359972031838624,0.01726357266306877,0.0025043105706572533,435221
b0_cityscapes_val,2026-07-07 05:27:22,cityscapes,val,all,student_skd,/scratch/gautschi/manors/hf_cache/models--nvidia--mit-b0/snapshots/80983a413c30d36a39c20203974ae7807835e2b4,outputs-guardrailpp-v4/student_skd.ckpt,skd,img_000095,/home/manors/Guardrail-Distillation/data/cityscapes/leftImg8bit/val/frankfurt/frankfurt_000001_015768_leftImg8bit.png,,0.42852334909633727,0.5714766509036627,0.8861108422279358,0.9624114036560059,0.10294388234615326,0.09417551010847092,0.2205163836479187,0.9176681637763977,0.24477837979793549,-6.134838581085205,6.088804244995117,0.006883568596094847,0.05197892710566521,381924,2.89535999763757,4.890690237516537,16.225479514105245,0.6062033138442893,0.39379668615571073,126645,0.34958592322990534,0.6504140767700947,100824,0.09556645900011063,0.0010044904192909598,10.680292500182986,0.048560574650764465,0.9514394253492355,0.20307618379592896,0.31939369440078735,0.018417540937662125,0.5046042799949646,0.4953957200050354,0.5494476556777954,0.5926952362060547,0.5472690463066101,0.5046042799949646,0.4953957200050354,0.5046042799949646,0.4953957200050354,0.7471047071156866,0.25289529288431345,0.973332405090332,0.8611402207835699,0.1388597792164301,0.2549369069392806,0.7743963041099259,0.22560369589007412,0.42481038088002054,0.3185813580193493,0.3185813580193493,0.0924084410071373,0.005186895839869976,0.6814186419806507,0.3185813580193493,0.10205695778131485,0.04827924072742462,339154
b0_cityscapes_val,2026-07-07 05:27:22,cityscapes,val,all,student_skd,/scratch/gautschi/manors/hf_cache/models--nvidia--mit-b0/snapshots/80983a413c30d36a39c20203974ae7807835e2b4,outputs-guardrailpp-v4/student_skd.ckpt,skd,img_000096,/home/manors/Guardrail-Distillation/data/cityscapes/leftImg8bit/val/frankfurt/frankfurt_000001_016029_leftImg8bit.png,,0.4920608760530633,0.5079391239469366,0.897807776927948,0.9349345564842224,0.13286375999450684,0.16896358132362366,0.29895880818367004,0.8615809679031372,0.41198256611824036,-5.642676830291748,5.561922073364258,0.01698770932853222,0.09208397567272186,454976,2.892169257393107,4.892247001407668,16.22581499395892,0.8831647210289435,0.1168352789710565,126850,0.2821409011689801,0.7178590988310198,15251,0.17183543741703033,0.001816946198232472,10.691107745515183,0.0886707454919815,0.9113292545080185,0.3394794464111328,0.41983190178871155,0.06294366717338562,0.5157307386398315,0.48426926136016846,0.5917326211929321,0.6280770897865295,0.5594483017921448,0.5157307386398315,0.48426926136016846,0.5157307386398315,0.48426926136016846,0.626134091915432,0.373865908084568,0.9293391108512878,0.9251000071801875,0.07489999281981252,0.04193528615124398,0.3739677464500397,0.6260322535499603,0.09182684528105955,0.13407321586236864,0.13407321586236864,0.04613649845123291,0.014605165459215641,0.8659267841376314,0.13407321586236864,0.06719255447387695,0.00594536866992712,367156
b0_cityscapes_val,2026-07-07 05:27:22,cityscapes,val,all,student_skd,/scratch/gautschi/manors/hf_cache/models--nvidia--mit-b0/snapshots/80983a413c30d36a39c20203974ae7807835e2b4,outputs-guardrailpp-v4/student_skd.ckpt,skd,img_000097,/home/manors/Guardrail-Distillation/data/cityscapes/leftImg8bit/val/frankfurt/frankfurt_000001_016273_leftImg8bit.png,,0.5388172625130001,0.4611827374869999,0.9426364898681641,0.964554488658905,0.09806787967681885,0.09345842897891998,0.2187730371952057,0.9134626388549805,0.2765307128429413,-5.799479961395264,5.756344318389893,0.006136416923254728,0.04460009187459946,432174,2.892169257393107,4.892247001407668,16.22581499395892,0.8602988107895028,0.13970118921049723,126564,0.6257226859965765,0.37427731400342346,22328,0.0950799286365509,0.0009358724928461015,10.691107745515183,0.05897238105535507,0.9410276189446449,0.24671611189842224,0.3363255560398102,0.024229317903518677,0.5060570240020752,0.4939429759979248,0.5614372491836548,0.5994312763214111,0.540866494178772,0.5060570240020752,0.4939429759979248,0.5060570240020752,0.4939429759979248,0.5750228748981937,0.4249771251018063,0.9585490822792053,0.9181687977922696,0.08183120220773044,0.0578699870027668,0.4783902234938819,0.5216097765061181,0.0,0.0362056123851936,0.0362056123851936,0.02771800197660923,0.011805430054664612,0.9637943876148064,0.0362056123851936,0.04623137786984444,0.006710260175168514,385821
b0_cityscapes_val,2026-07-07 05:27:22,cityscapes,val,all,student_skd,/scratch/gautschi/manors/hf_cache/models--nvidia--mit-b0/snapshots/80983a413c30d36a39c20203974ae7807835e2b4,outputs-guardrailpp-v4/student_skd.ckpt,skd,img_000098,/home/manors/Guardrail-Distillation/data/cityscapes/leftImg8bit/val/frankfurt/frankfurt_000001_016462_leftImg8bit.png,,0.5853456391430281,0.41465436085697194,0.8849397897720337,0.9311678409576416,0.13821323215961456,0.184088334441185,0.3262825608253479,0.8496123552322388,0.46883898973464966,-5.723668575286865,5.637302398681641,0.021293068304657936,0.09636501222848892,443055,2.892169257393107,4.892247001407668,16.22581499395892,0.46290688563833793,0.5370931143616621,126679,0.48556912006942976,0.5144308799305702,73721,0.18814177811145782,0.002956978278234601,10.691107745515183,0.10334856808185577,0.8966514319181442,0.3861505091190338,0.4769349992275238,0.08554109185934067,0.5213721990585327,0.4786278009414673,0.6049578189849854,0.6501020193099976,0.4625595510005951,0.5213721990585327,0.4786278009414673,0.5213721990585327,0.4786278009414673,0.6573502409588029,0.3426497590411971,0.9241516590118408,0.5204895181078404,0.4795104818921596,0.05758263246950246,0.6454125879536099,0.3545874120463901,0.15984346788418013,0.07200460181577484,0.07200460181577484,0.05613298714160919,0.0169211495667696,0.9279953981842252,0.07200460181577484,0.08703208714723587,0.011743463575839996,353711
b0_cityscapes_val,2026-07-07 05:27:22,cityscapes,val,all,student_skd,/scratch/gautschi/manors/hf_cache/models--nvidia--mit-b0/snapshots/80983a413c30d36a39c20203974ae7807835e2b4,outputs-guardrailpp-v4/student_skd.ckpt,skd,img_000099,/home/manors/Guardrail-Distillation/data/cityscapes/leftImg8bit/val/frankfurt/frankfurt_000001_017101_leftImg8bit.png,,0.6165056166441261,0.38349438335587394,0.8771165013313293,0.9261191487312317,0.14766263961791992,0.19274911284446716,0.34584859013557434,0.8515309691429138,0.4480075538158417,-5.433623313903809,5.339568138122559,0.028857244178652763,0.1125553697347641,462137,2.892169257393107,4.892247001407668,16.22581499395892,0.7684157480701895,0.23158425192981047,126850,0.544493259565295,0.45550674043470496,20373,0.19616423547267914,0.002686485182493925,10.691107745515183,0.10133590549230576,0.8986640945076942,0.4034769833087921,0.49338337779045105,0.0892915353178978,0.5223080515861511,0.4776919484138489,0.6167470812797546,0.6641315817832947,0.4948084354400635,0.5223080515861511,0.4776919484138489,0.5223080515861511,0.4776919484138489,0.6752490287274954,0.32475097127250463,0.9434409737586975,0.8945829094183898,0.1054170905816102,0.12616716134820027,0.5884483028987321,0.41155169710126793,0.04395504333343703,0.058743412083369306,0.058743412083369306,0.07794874906539917,0.011624258011579514,0.9412565879166307,0.058743412083369306,0.09941857308149338,0.010193946771323681,365392
b0_cityscapes_val,2026-07-07 05:27:22,cityscapes,val,all,student_skd,/scratch/gautschi/manors/hf_cache/models--nvidia--mit-b0/snapshots/80983a413c30d36a39c20203974ae7807835e2b4,outputs-guardrailpp-v4/student_skd.ckpt,skd,img_000100,/home/manors/Guardrail-Distillation/data/cityscapes/leftImg8bit/val/frankfurt/frankfurt_000001_017459_leftImg8bit.png,,0.4437368632547084,0.5562631367452916,0.7744334936141968,0.9258328080177307,0.1350884735584259,0.19589169323444366,0.29867643117904663,0.8308857083320618,0.5084408521652222,-5.503283977508545,5.41211462020874,0.017216939479112625,0.09767597168684006,450080,2.9014222673140466,4.89294549333863,16.23346851556562,0.4892067739623431,0.5107932260376569,126850,0.53377016797544,0.46622983202456003,69511,0.19923067092895508,0.001919034169986844,10.693502495996654,0.11226212978363037,0.8877378702163696,0.35657861828804016,0.42773693799972534,0.09651611000299454,0.5241103172302246,0.4758896827697754,0.5977283716201782,0.6296409368515015,0.4841389060020447,0.5241103172302246,0.4758896827697754,0.5241103172302246,0.4758896827697754,0.5770914394501311,0.4229085605498689,0.9106248021125793,0.6907632907837913,0.3092367092162087,0.20155651682144815,0.665590110530035,0.33440988946996497,0.13181994255459506,0.13335457619542268,0.13335457619542268,0.15752311050891876,0.02133176475763321,0.8666454238045773,0.13335457619542268,0.1877044141292572,0.10313055664300919,351780
b0_cityscapes_val,2026-07-07 05:27:22,cityscapes,val,all,student_skd,/scratch/gautschi/manors/hf_cache/models--nvidia--mit-b0/snapshots/80983a413c30d36a39c20203974ae7807835e2b4,outputs-guardrailpp-v4/student_skd.ckpt,skd,img_000101,/home/manors/Guardrail-Distillation/data/cityscapes/leftImg8bit/val/frankfurt/frankfurt_000001_017842_leftImg8bit.png,,0.4916619334200992,0.5083380665799009,0.8870094418525696,0.9413269758224487,0.127426877617836,0.15363860130310059,0.2930491268634796,0.8737778663635254,0.37848174571990967,-6.146381855010986,6.073470592498779,0.015115609392523766,0.08129481971263885,459525,2.9014222673140466,4.89294549333863,16.23346851556562,0.6268553277364104,0.3731446722635896,126850,0.6152321616949485,0.38476783830505146,22479,0.15618708729743958,0.001640658243559301,10.693502495996654,0.08154662698507309,0.9184533730149269,0.3230668902397156,0.4049661159515381,0.058147918432950974,0.5145329236984253,0.4854670763015747,0.5860229730606079,0.6205116510391235,0.49458688497543335,0.5145329236984253,0.4854670763015747,0.5145329236984253,0.4854670763015747,0.6408838393611995,0.3591161606388005,0.9184440970420837,0.986990362266356,0.013009637733644053,0.36013503452994555,0.7701572739727995,0.22984272602720046,0.154925112277851,0.1492219059411004,0.1492219059411004,0.04322507232427597,0.011790436692535877,0.8507780940588996,0.1492219059411004,0.06917360424995422,0.006772210821509361,380366
b0_cityscapes_val,2026-07-07 05:27:22,cityscapes,val,all,student_skd,/scratch/gautschi/manors/hf_cache/models--nvidia--mit-b0/snapshots/80983a413c30d36a39c20203974ae7807835e2b4,outputs-guardrailpp-v4/student_skd.ckpt,skd,img_000102,/home/manors/Guardrail-Distillation/data/cityscapes/leftImg8bit/val/frankfurt/frankfurt_000001_018113_leftImg8bit.png,,0.5006225072266937,0.49937749277330634,0.921609103679657,0.9423149824142456,0.13097260892391205,0.1590886414051056,0.31974273920059204,0.8742683529853821,0.3902140259742737,-5.830173015594482,5.757308006286621,0.02224857546389103,0.08089989423751831,430050,2.9014222673140466,4.89294549333863,16.23346851556562,0.990812121836744,0.009187878163255947,126850,0.5364889310897043,0.4635110689102957,22270,0.16193164885044098,0.0019409148953855038,10.693502495996654,0.08715465664863586,0.9128453433513641,0.3557550013065338,0.4810377061367035,0.06864745914936066,0.517155110836029,0.48284488916397095,0.5954195857048035,0.6557391881942749,0.4971506595611572,0.517155110836029,0.48284488916397095,0.517155110836029,0.48284488916397095,0.6375522913439744,0.3624477086560256,0.9383955597877502,0.6625993980341724,0.33740060196582755,0.0,0.7403947182569464,0.25960528174305364,0.20390578716724206,0.13692978411728074,0.13692978411728074,0.04332984611392021,0.026543425396084785,0.8630702158827193,0.13692978411728074,0.07962097227573395,0.005610975436866283,358256
b0_cityscapes_val,2026-07-07 05:27:22,cityscapes,val,all,student_skd,/scratch/gautschi/manors/hf_cache/models--nvidia--mit-b0/snapshots/80983a413c30d36a39c20203974ae7807835e2b4,outputs-guardrailpp-v4/student_skd.ckpt,skd,img_000103,/home/manors/Guardrail-Distillation/data/cityscapes/leftImg8bit/val/frankfurt/frankfurt_000001_019698_leftImg8bit.png,,0.4873618867660467,0.5126381132339533,0.9267117977142334,0.9657152891159058,0.10003825277090073,0.09041628986597061,0.22968962788581848,0.9212163090705872,0.24579088389873505,-6.154574394226074,6.112203598022461,0.008697191253304482,0.04521287605166435,463253,2.9014222673140466,4.89294549333863,16.23346851556562,0.8009394672711743,0.19906053272882573,126850,0.4225024777916453,0.5774975222083547,1876,0.0918872207403183,0.0009611989953555167,10.693502495996654,0.0442860946059227,0.9557139053940773,0.1756502091884613,0.27654993534088135,0.006436571013182402,0.5016091465950012,0.4983908534049988,0.535857617855072,0.5690447688102722,0.5577288866043091,0.5016091465950012,0.4983908534049988,0.5016091465950012,0.4983908534049988,0.5946954407878456,0.40530455921215436,0.9400457143783569,0.9149552283673472,0.08504477163265278,0.11401576109617295,0.7677575067909845,0.23224249320901547,0.34525502899933924,0.1073335540217989,0.1073335540217989,0.026087258011102676,0.012753291055560112,0.8926664459782011,0.1073335540217989,0.043574463576078415,0.005534772761166096,415829
b0_cityscapes_val,2026-07-07 05:27:23,cityscapes,val,all,student_skd,/scratch/gautschi/manors/hf_cache/models--nvidia--mit-b0/snapshots/80983a413c30d36a39c20203974ae7807835e2b4,outputs-guardrailpp-v4/student_skd.ckpt,skd,img_000104,/home/manors/Guardrail-Distillation/data/cityscapes/leftImg8bit/val/frankfurt/frankfurt_000001_019854_leftImg8bit.png,,0.47249734607453314,0.5275026539254668,0.9226723909378052,0.9556297063827515,0.1134047731757164,0.12235189974308014,0.2741129398345947,0.8990744948387146,0.31080108880996704,-6.345825672149658,6.2905354499816895,0.014208100736141205,0.05737416446208954,457767,2.8997960034757853,4.898779501672834,16.23733851010911,0.915093132863063,0.08490686713693696,126850,0.30636205613423806,0.6936379438657619,34552,0.12459660321474075,0.0013515983009710908,10.690480237826705,0.06026532128453255,0.9397346787154675,0.2519093453884125,0.37773460149765015,0.02982958033680916,0.5074568390846252,0.49254316091537476,0.5560922622680664,0.5996361970901489,0.5305618047714233,0.5074568390846252,0.49254316091537476,0.5074568390846252,0.49254316091537476,0.5299853736229266,0.47001462637707336,0.9470188617706299,0.9345621701046564,0.06543782989534364,0.019469037241593323,0.37088803350328625,0.6291119664967137,0.06452597736904819,0.05748802754839344,0.05748802754839344,0.03388623520731926,0.009539787657558918,0.9425119724516066,0.05748802754839344,0.04988563805818558,0.0055093527771532536,397022
b0_cityscapes_val,2026-07-07 05:27:23,cityscapes,val,all,student_skd,/scratch/gautschi/manors/hf_cache/models--nvidia--mit-b0/snapshots/80983a413c30d36a39c20203974ae7807835e2b4,outputs-guardrailpp-v4/student_skd.ckpt,skd,img_000105,/home/manors/Guardrail-Distillation/data/cityscapes/leftImg8bit/val/frankfurt/frankfurt_000001_019969_leftImg8bit.png,,0.5460179612036355,0.45398203879636445,0.9550062417984009,0.9701939821243286,0.09248815476894379,0.07892654091119766,0.21050472557544708,0.9285638928413391,0.2282809615135193,-6.416152000427246,6.379656791687012,0.00635905098170042,0.03937501460313797,457930,2.8997960034757853,4.898779501672834,16.23733851010911,0.8810343787384218,0.11896562126157817,126850,0.49752185435461144,0.5024781456453886,2726,0.0805041715502739,0.0008943769498728216,10.690480237826705,0.040508996695280075,0.9594910033047199,0.15799647569656372,0.27468088269233704,0.0004490835126489401,0.5001122355461121,0.49988776445388794,0.5270720720291138,0.5635806918144226,0.5598578453063965,0.5001122355461121,0.49988776445388794,0.5001122355461121,0.49988776445388794,0.6213589792734118,0.37864102072658823,0.9645622968673706,0.9217412804212821,0.07825871957871788,0.040706901682860286,0.6067941144587247,0.39320588554127534,0.10927226010411328,0.07534101806977622,0.07534101806977622,0.017050642520189285,0.00749459583312273,0.9246589819302238,0.07534101806977622,0.031408730894327164,0.0036839693784713745,417256
b0_cityscapes_val,2026-07-07 05:27:23,cityscapes,val,all,student_skd,/scratch/gautschi/manors/hf_cache/models--nvidia--mit-b0/snapshots/80983a413c30d36a39c20203974ae7807835e2b4,outputs-guardrailpp-v4/student_skd.ckpt,skd,img_000106,/home/manors/Guardrail-Distillation/data/cityscapes/leftImg8bit/val/frankfurt/frankfurt_000001_020046_leftImg8bit.png,,0.6357160966766305,0.36428390332336946,0.9502368569374084,0.964924156665802,0.09866213798522949,0.0928097665309906,0.22340933978557587,0.9174867868423462,0.25727730989456177,-6.3080267906188965,6.265224456787109,0.006595461629331112,0.04590354487299919,460923,2.8997960034757853,4.898779501672834,16.23733851010911,1.0,0.0,126670,0.9081107369330107,0.0918892630669893,6008,0.09432899206876755,0.000984780490398407,10.690480237826705,0.04715563356876373,0.9528443664312363,0.1877056211233139,0.29958435893058777,0.0064511788077652454,0.5016127824783325,0.4983872175216675,0.5378509163856506,0.5749157071113586,0.5386797189712524,0.5016127824783325,0.4983872175216675,0.5016127824783325,0.4983872175216675,0.6030905996415511,0.3969094003584489,0.959572434425354,1.0,0.0,0.0,0.8891669602930431,0.1108330397069569,0.0,0.0,0.0,0.023502841591835022,0.014167225919663906,1.0,0.0,0.04262317344546318,0.004061415791511536,412346
b0_cityscapes_val,2026-07-07 05:27:23,cityscapes,val,all,student_skd,/scratch/gautschi/manors/hf_cache/models--nvidia--mit-b0/snapshots/80983a413c30d36a39c20203974ae7807835e2b4,outputs-guardrailpp-v4/student_skd.ckpt,skd,img_000107,/home/manors/Guardrail-Distillation/data/cityscapes/leftImg8bit/val/frankfurt/frankfurt_000001_020287_leftImg8bit.png,,0.5935491853218078,0.4064508146781922,0.9268733263015747,0.9584680795669556,0.11056861281394958,0.10591986775398254,0.2496628314256668,0.9109632968902588,0.2695678770542145,-6.251751899719238,6.200106143951416,0.01060273963958025,0.057102493941783905,462239,2.8997960034757853,4.898779501672834,16.23733851010911,0.9690306236741113,0.030969376325888698,126850,0.3947794969906928,0.6052205030093072,11199,0.10782238841056824,0.0013083089143037796,10.690480237826705,0.0518622063100338,0.9481377936899662,0.21547535061836243,0.3332182466983795,0.015863722190260887,0.5039658546447754,0.4960341453552246,0.5477474927902222,0.5857619047164917,0.5363889932632446,0.5039658546447754,0.4960341453552246,0.5039658546447754,0.4960341453552246,0.7469518427298586,0.2530481572701414,0.9597308039665222,0.9963487883648985,0.0036512116351015145,0.027318164690787183,0.8647557626056923,0.1352442373943077,0.4699762656149995,0.1534026574080508,0.1534026574080508,0.043977249413728714,0.011119788512587547,0.8465973425919492,0.1534026574080508,0.05927020311355591,0.006652402691543102,405380
b0_cityscapes_val,2026-07-07 05:27:23,cityscapes,val,all,student_skd,/scratch/gautschi/manors/hf_cache/models--nvidia--mit-b0/snapshots/80983a413c30d36a39c20203974ae7807835e2b4,outputs-guardrailpp-v4/student_skd.ckpt,skd,img_000108,/home/manors/Guardrail-Distillation/data/cityscapes/leftImg8bit/val/frankfurt/frankfurt_000001_020693_leftImg8bit.png,,0.5842094908656483,0.41579050913435167,0.9329246282577515,0.9597738981246948,0.10807068645954132,0.10729598999023438,0.2522655129432678,0.9101775288581848,0.2730993926525116,-6.358661651611328,6.308807849884033,0.010807705111801624,0.054367728531360626,464761,2.895349491154775,4.887627757852897,16.238837502896786,0.9493630292240294,0.050636970775970624,126850,0.6064090590049287,0.3935909409950713,9907,0.10906275361776352,0.001130734570324421,10.688626993214712,0.052376534789800644,0.9476234652101994,0.21434611082077026,0.330480694770813,0.020875560119748116,0.5052186846733093,0.4947813153266907,0.5477901101112366,0.5873488783836365,0.5023173093795776,0.5052186846733093,0.4947813153266907,0.5052186846733093,0.4947813153266907,0.7105987668410116,0.28940123315898836,0.9513448476791382,0.9618288300365435,0.038171169963456486,0.012465800812514138,0.8120532672527764,0.18794673274722362,0.20564420824784768,0.1263892759753633,0.1263892759753633,0.029199954122304916,0.010779733769595623,0.8736107240246367,0.1263892759753633,0.04617857187986374,0.004012815188616514,409701
b0_cityscapes_val,2026-07-07 05:27:23,cityscapes,val,all,student_skd,/scratch/gautschi/manors/hf_cache/models--nvidia--mit-b0/snapshots/80983a413c30d36a39c20203974ae7807835e2b4,outputs-guardrailpp-v4/student_skd.ckpt,skd,img_000109,/home/manors/Guardrail-Distillation/data/cityscapes/leftImg8bit/val/frankfurt/frankfurt_000001_021406_leftImg8bit.png,,0.6801946361604506,0.3198053638395494,0.8717581629753113,0.9386262893676758,0.12590797245502472,0.15897424519062042,0.27698999643325806,0.8663036823272705,0.3887099027633667,-5.8967695236206055,5.821523189544678,0.011972510255873203,0.08366204053163528,460388,2.895349491154775,4.887627757852897,16.238837502896786,1.0,0.0,126850,0.8122823141455255,0.18771768585447446,17337,0.1612003892660141,0.0014594710664823651,10.688626993214712,0.09580498933792114,0.9041950106620789,0.34539762139320374,0.41055428981781006,0.0804678425192833,0.5201061367988586,0.47989386320114136,0.5974806547164917,0.6304479241371155,0.5399772524833679,0.5201061367988586,0.47989386320114136,0.5201061367988586,0.47989386320114136,0.8588687637578101,0.14113123624218993,0.9546034932136536,1.0,0.0,0.0,0.9709122390276899,0.02908776097231014,0.15862992488216432,0.17867412759735946,0.17867412759735946,0.09710288047790527,0.014257539063692093,0.8213258724026405,0.17867412759735946,0.11888016015291214,0.029575053602457047,375751
b0_cityscapes_val,2026-07-07 05:27:23,cityscapes,val,all,student_skd,/scratch/gautschi/manors/hf_cache/models--nvidia--mit-b0/snapshots/80983a413c30d36a39c20203974ae7807835e2b4,outputs-guardrailpp-v4/student_skd.ckpt,skd,img_000110,/home/manors/Guardrail-Distillation/data/cityscapes/leftImg8bit/val/frankfurt/frankfurt_000001_021825_leftImg8bit.png,,0.5322402679358782,0.4677597320641218,0.913772463798523,0.9476383328437805,0.1208924949169159,0.13653044402599335,0.27555814385414124,0.8854653239250183,0.3449970483779907,-5.786535263061523,5.721617221832275,0.012947825714945793,0.07141916453838348,463321,2.895349491154775,4.887627757852897,16.238837502896786,0.9318385500911153,0.06816144990888473,126850,0.45275580625833284,0.5472441937416672,43884,0.13856960833072662,0.0014231696259230375,10.688626993214712,0.07000457495450974,0.9299954250454903,0.27305349707603455,0.3634915351867676,0.04038649797439575,0.5100952386856079,0.4899047613143921,0.5638582110404968,0.6014192700386047,0.5290511250495911,0.5100952386856079,0.4899047613143921,0.5100952386856079,0.4899047613143921,0.6737217756818598,0.32627822431814024,0.9241238236427307,0.9364008317866883,0.06359916821331169,0.004562281695573045,0.9261737893329568,0.0738262106670432,0.473417983074624,0.14148150774598156,0.14148150774598156,0.0332188680768013,0.022867513820528984,0.8585184922540184,0.14148150774598156,0.06503482162952423,0.00475480267778039,391903
b0_cityscapes_val,2026-07-07 05:27:23,cityscapes,val,all,student_skd,/scratch/gautschi/manors/hf_cache/models--nvidia--mit-b0/snapshots/80983a413c30d36a39c20203974ae7807835e2b4,outputs-guardrailpp-v4/student_skd.ckpt,skd,img_000111,/home/manors/Guardrail-Distillation/data/cityscapes/leftImg8bit/val/frankfurt/frankfurt_000001_023235_leftImg8bit.png,,0.3991975638449439,0.6008024361550561,0.8855876922607422,0.946976363658905,0.12354455143213272,0.1358007937669754,0.27910032868385315,0.8906739950180054,0.3154422342777252,-5.908328056335449,5.842057228088379,0.015593343414366245,0.07273799180984497,430889,2.895349491154775,4.887627757852897,16.238837502896786,0.856258906608686,0.14374109339131402,126850,0.225443230945798,0.774556769054202,7354,0.13795778155326843,0.0013590265298262239,10.688626993214712,0.07317990809679031,0.9268200919032097,0.28501030802726746,0.3937951326370239,0.05131736025214195,0.5128265023231506,0.48717349767684937,0.5695899724960327,0.6118148565292358,0.5740637183189392,0.5128265023231506,0.48717349767684937,0.5128265023231506,0.48717349767684937,0.6849896759302239,0.31501032406977614,0.9510477185249329,0.8876071144464325,0.11239288555356752,0.0313482078377465,0.7081131486780488,0.29188685132195125,0.48266991773225076,0.28579211208528,0.28579211208528,0.07938703149557114,0.013927021063864231,0.71420788791472,0.28579211208528,0.09926686435937881,0.029494835063815117,364792
b0_cityscapes_val,2026-07-07 05:27:23,cityscapes,val,all,student_skd,/scratch/gautschi/manors/hf_cache/models--nvidia--mit-b0/snapshots/80983a413c30d36a39c20203974ae7807835e2b4,outputs-guardrailpp-v4/student_skd.ckpt,skd,img_000112,/home/manors/Guardrail-Distillation/data/cityscapes/leftImg8bit/val/frankfurt/frankfurt_000001_023369_leftImg8bit.png,,0.49102439791935665,0.5089756020806433,0.9312560558319092,0.952278733253479,0.11571604758501053,0.12273067235946655,0.25436627864837646,0.8927579522132874,0.32772156596183777,-5.710402488708496,5.6515212059021,0.010838977992534637,0.06682822853326797,453087,2.8945670055691153,4.901624750345945,16.23318175552413,0.7777202307210321,0.22227976927896786,126850,0.649990965256462,0.35000903474353795,9772,0.1245480552315712,0.0009973733685910702,10.693174001062289,0.06896421313285828,0.9310357868671417,0.27720871567726135,0.38751497864723206,0.034680891782045364,0.508669376373291,0.491330623626709,0.5615568161010742,0.599395751953125,0.544937789440155,0.508669376373291,0.491330623626709,0.508669376373291,0.491330623626709,0.5064025059820644,0.4935974940179356,0.9116925001144409,0.4435726724876706,0.5564273275123294,0.0,0.5990138983656288,0.4009861016343712,0.0,0.015378108062707674,0.015378108062707674,0.032691292464733124,0.05225486680865288,0.9846218919372923,0.015378108062707674,0.09187639504671097,0.004096343647688627,389764
b0_cityscapes_val,2026-07-07 05:27:23,cityscapes,val,all,student_skd,/scratch/gautschi/manors/hf_cache/models--nvidia--mit-b0/snapshots/80983a413c30d36a39c20203974ae7807835e2b4,outputs-guardrailpp-v4/student_skd.ckpt,skd,img_000113,/home/manors/Guardrail-Distillation/data/cityscapes/leftImg8bit/val/frankfurt/frankfurt_000001_023769_leftImg8bit.png,,0.4958429241288143,0.5041570758711857,0.9292073845863342,0.9582585692405701,0.1051986962556839,0.11096926778554916,0.23802022635936737,0.9004390239715576,0.3103390634059906,-6.149945259094238,6.0992021560668945,0.007289870176464319,0.05369538068771362,430186,2.8945670055691153,4.901624750345945,16.23318175552413,0.84686270837931,0.15313729162069,103014,0.41637616052427295,0.583623839475727,66761,0.11255665868520737,0.0011150152422487736,10.693174001062289,0.058489102870225906,0.9415108971297741,0.23427987098693848,0.3358481526374817,0.021675076335668564,0.505418598651886,0.494581401348114,0.5506546497344971,0.5794858932495117,0.5243973731994629,0.505418598651886,0.494581401348114,0.505418598651886,0.494581401348114,0.6820521897699788,0.31794781023002117,0.9574788808822632,0.6815155804413161,0.3184844195586839,0.0,0.9181992740805218,0.08180072591947818,0.5018231135562489,0.18620926564116458,0.18620926564116458,0.036512114107608795,0.008240621536970139,0.8137907343588354,0.18620926564116458,0.05013877898454666,0.006367013324052095,375980
b0_cityscapes_val,2026-07-07 05:27:23,cityscapes,val,all,student_skd,/scratch/gautschi/manors/hf_cache/models--nvidia--mit-b0/snapshots/80983a413c30d36a39c20203974ae7807835e2b4,outputs-guardrailpp-v4/student_skd.ckpt,skd,img_000114,/home/manors/Guardrail-Distillation/data/cityscapes/leftImg8bit/val/frankfurt/frankfurt_000001_024927_leftImg8bit.png,,0.5148464971531801,0.4851535028468199,0.9457033276557922,0.9603599309921265,0.10466374456882477,0.10782209783792496,0.24544702470302582,0.9064332246780396,0.2916913628578186,-6.255903244018555,6.207329273223877,0.00941754225641489,0.05043424665927887,461373,2.8945670055691153,4.901624750345945,16.23318175552413,1.0,0.0,126850,0.45344292835946237,0.5465570716405377,39107,0.10964808613061905,0.0010919035412371159,10.693174001062289,0.053353771567344666,0.9466462284326553,0.21662616729736328,0.32497406005859375,0.008458591066300869,0.5021145939826965,0.49788540601730347,0.5422927737236023,0.5756231546401978,0.5379912257194519,0.5021145939826965,0.49788540601730347,0.5021145939826965,0.49788540601730347,0.5045587118046535,0.4954412881953465,0.9563238024711609,1.0,0.0,0.0,0.3232695803006189,0.6767304196993811,0.0,0.0,0.0,0.019400788471102715,0.008780314587056637,1.0,0.0,0.03451653942465782,0.001350317383185029,406050
b0_cityscapes_val,2026-07-07 05:27:23,cityscapes,val,all,student_skd,/scratch/gautschi/manors/hf_cache/models--nvidia--mit-b0/snapshots/80983a413c30d36a39c20203974ae7807835e2b4,outputs-guardrailpp-v4/student_skd.ckpt,skd,img_000115,/home/manors/Guardrail-Distillation/data/cityscapes/leftImg8bit/val/frankfurt/frankfurt_000001_025512_leftImg8bit.png,,0.4987895587998727,0.5012104412001273,0.9146634340286255,0.9483146667480469,0.12097466737031937,0.1394692361354828,0.28376033902168274,0.8802671432495117,0.37514036893844604,-6.1496148109436035,6.085294246673584,0.014461064711213112,0.07059912383556366,455983,2.8945670055691153,4.901624750345945,16.23318175552413,0.8716988890902647,0.12830111090973528,126248,0.6541969567865058,0.3458030432134942,32350,0.14229464530944824,0.0016887708334252238,10.693174001062289,0.07328901439905167,0.9267109856009483,0.2779751718044281,0.3841417133808136,0.042560383677482605,0.5106384754180908,0.4893615245819092,0.5670985579490662,0.6057775020599365,0.5096593499183655,0.5106384754180908,0.4893615245819092,0.5106384754180908,0.4893615245819092,0.6048496283436092,0.3951503716563908,0.9455198645591736,0.7045454466978901,0.2954545533021099,0.0,0.9025359659567753,0.09746403404322468,0.24833900917026952,0.10606006954373648,0.10606006954373648,0.04235684126615524,0.011500428430736065,0.8939399304562635,0.10606006954373648,0.05930045247077942,0.010634168051183224,387621
b0_cityscapes_val,2026-07-07 05:27:23,cityscapes,val,all,student_skd,/scratch/gautschi/manors/hf_cache/models--nvidia--mit-b0/snapshots/80983a413c30d36a39c20203974ae7807835e2b4,outputs-guardrailpp-v4/student_skd.ckpt,skd,img_000116,/home/manors/Guardrail-Distillation/data/cityscapes/leftImg8bit/val/frankfurt/frankfurt_000001_025713_leftImg8bit.png,,0.4389868323296875,0.5610131676703125,0.8650470972061157,0.952833890914917,0.11816337704658508,0.12593860924243927,0.27934473752975464,0.8957377076148987,0.3215011656284332,-6.007126331329346,5.9481329917907715,0.0146517688408494,0.06628016382455826,462265,2.8930012485943735,4.87294775666669,16.235146234976128,0.9826950018873297,0.017304998112670278,126850,0.6034475498951121,0.39655245010488793,9386,0.12873899936676025,0.0018184877699241042,10.681433021090925,0.07109330594539642,0.9289066940546036,0.2929660677909851,0.40658390522003174,0.05092158168554306,0.512727677822113,0.48727232217788696,0.5798177123069763,0.624579906463623,0.5139189958572388,0.512727677822113,0.48727232217788696,0.512727677822113,0.48727232217788696,0.6221571319687438,0.3778428680312562,0.9505781531333923,0.6544824133701881,0.3455175866298119,0.0,0.8032164423478073,0.1967835576521927,0.19976889245269525,0.1831702996390563,0.1831702996390563,0.10024552792310715,0.014714503660798073,0.8168297003609437,0.1831702996390563,0.12396352738142014,0.0587974451482296,399292
b0_cityscapes_val,2026-07-07 05:27:23,cityscapes,val,all,student_skd,/scratch/gautschi/manors/hf_cache/models--nvidia--mit-b0/snapshots/80983a413c30d36a39c20203974ae7807835e2b4,outputs-guardrailpp-v4/student_skd.ckpt,skd,img_000117,/home/manors/Guardrail-Distillation/data/cityscapes/leftImg8bit/val/frankfurt/frankfurt_000001_025921_leftImg8bit.png,,0.45482411535492495,0.545175884645075,0.9032919406890869,0.9486870169639587,0.12282759696245193,0.13542741537094116,0.28723326325416565,0.8881189823150635,0.34401726722717285,-5.936373710632324,5.872045993804932,0.015171492472290993,0.07272277027368546,464160,2.8930012485943735,4.87294775666669,16.235146234976128,0.9825271899151437,0.01747281008485635,126850,0.448761317522788,0.551238682477212,47413,0.13805438578128815,0.001899551134556532,10.681433021090925,0.08156664669513702,0.918433353304863,0.31742578744888306,0.423155277967453,0.061923548579216,0.5154759287834167,0.48452407121658325,0.5870904326438904,0.6309328079223633,0.5068486332893372,0.5154759287834167,0.48452407121658325,0.5154759287834167,0.48452407121658325,0.5988977804652341,0.4011022195347659,0.9579024314880371,0.6554631276118017,0.3445368723881983,0.0,0.6268537081209063,0.37314629187909365,0.17809239059811832,0.14407366511030917,0.14407366511030917,0.06798948347568512,0.013379006646573544,0.8559263348896908,0.14407366511030917,0.08656281977891922,0.02074500173330307,395338
b0_cityscapes_val,2026-07-07 05:27:23,cityscapes,val,all,student_skd,/scratch/gautschi/manors/hf_cache/models--nvidia--mit-b0/snapshots/80983a413c30d36a39c20203974ae7807835e2b4,outputs-guardrailpp-v4/student_skd.ckpt,skd,img_000118,/home/manors/Guardrail-Distillation/data/cityscapes/leftImg8bit/val/frankfurt/frankfurt_000001_027325_leftImg8bit.png,,0.5698742050618651,0.43012579493813485,0.9005414247512817,0.9600011110305786,0.10470792651176453,0.10420237481594086,0.2314162701368332,0.9063547253608704,0.29061052203178406,-6.110812187194824,6.06197452545166,0.007177692372351885,0.05311315879225731,453767,2.8930012485943735,4.87294775666669,16.235146234976128,0.554696826307588,0.445303173692412,126850,0.8859139903303238,0.11408600966967619,80032,0.10632059723138809,0.0013718480477109551,10.681433021090925,0.06406497210264206,0.9359350278973579,0.26205119490623474,0.36482366919517517,0.04451274126768112,0.5111263394355774,0.4888736605644226,0.5657095313072205,0.6034718155860901,0.5325175523757935,0.5111263394355774,0.4888736605644226,0.5111263394355774,0.4888736605644226,0.5882048011732822,0.4117951988267178,0.9118291735649109,0.5155656639041577,0.4844343360958423,0.0,0.6893183743778994,0.31068162562210055,0.0,0.018330596111417075,0.018330596111417075,0.026306452229619026,0.015018720179796219,0.9816694038885829,0.018330596111417075,0.04547267407178879,0.004663186147809029,399188
b0_cityscapes_val,2026-07-07 05:27:23,cityscapes,val,all,student_skd,/scratch/gautschi/manors/hf_cache/models--nvidia--mit-b0/snapshots/80983a413c30d36a39c20203974ae7807835e2b4,outputs-guardrailpp-v4/student_skd.ckpt,skd,img_000119,/home/manors/Guardrail-Distillation/data/cityscapes/leftImg8bit/val/frankfurt/frankfurt_000001_028232_leftImg8bit.png,,0.5289868429506709,0.4710131570493291,0.943988561630249,0.9540382623672485,0.11154437810182571,0.11993235349655151,0.24745285511016846,0.8962055444717407,0.3108084201812744,-5.968663692474365,5.912355899810791,0.009379112161695957,0.06073584407567978,459745,2.8930012485943735,4.87294775666669,16.235146234976128,0.8885929932463017,0.1114070067536983,126850,0.39226717144389295,0.607732828556107,32935,0.12159371376037598,0.0011688924860209227,10.681433021090925,0.06697148829698563,0.9330285117030144,0.26190415024757385,0.36583301424980164,0.0318298414349556,0.5079568028450012,0.4920431971549988,0.5554054975509644,0.5886082053184509,0.5427970886230469,0.5079568028450012,0.4920431971549988,0.5079568028450012,0.4920431971549988,0.5598802596186476,0.4401197403813524,0.9629838466644287,0.8674612403359058,0.13253875966409423,0.0,0.5757795677172646,0.4242204322827354,0.18351239627337157,0.030893416667976736,0.030893416667976736,0.028150388970971107,0.009155075065791607,0.9691065833320233,0.030893416667976736,0.04355892911553383,0.0017487956210970879,397239
b0_cityscapes_val,2026-07-07 05:27:23,cityscapes,val,all,student_skd,/scratch/gautschi/manors/hf_cache/models--nvidia--mit-b0/snapshots/80983a413c30d36a39c20203974ae7807835e2b4,outputs-guardrailpp-v4/student_skd.ckpt,skd,img_000120,/home/manors/Guardrail-Distillation/data/cityscapes/leftImg8bit/val/frankfurt/frankfurt_000001_028335_leftImg8bit.png,,0.5261996083248577,0.4738003916751423,0.9254007935523987,0.9578555822372437,0.10824903845787048,0.11252772808074951,0.24639655649662018,0.9011805653572083,0.3056289851665497,-5.967610836029053,5.915775775909424,0.009910980239510536,0.0552862286567688,445970,2.897177269915119,4.885979520622641,16.238371492363513,0.6128542079788876,0.38714579202111243,126345,0.5981788217146131,0.4018211782853869,64234,0.11404845118522644,0.0011872907634824514,10.677389247575775,0.0623638741672039,0.9376361258327961,0.25109702348709106,0.36502790451049805,0.03097953088581562,0.5077442526817322,0.4922557473182678,0.5555664896965027,0.5983163118362427,0.5719535946846008,0.5077442526817322,0.4922557473182678,0.5077442526817322,0.4922557473182678,0.5898903463244881,0.4101096536755119,0.955066442489624,0.8913744887783954,0.10862551122160458,0.27852028079950786,0.617147221310755,0.38285277868924505,0.018968399596141827,0.06369073799963043,0.06369073799963043,0.037805233150720596,0.008139560930430889,0.9363092620003696,0.06369073799963043,0.05289817601442337,0.0068838708102703094,390859
b0_cityscapes_val,2026-07-07 05:27:23,cityscapes,val,all,student_skd,/scratch/gautschi/manors/hf_cache/models--nvidia--mit-b0/snapshots/80983a413c30d36a39c20203974ae7807835e2b4,outputs-guardrailpp-v4/student_skd.ckpt,skd,img_000121,/home/manors/Guardrail-Distillation/data/cityscapes/leftImg8bit/val/frankfurt/frankfurt_000001_028590_leftImg8bit.png,,0.4665946824328622,0.5334053175671378,0.8836551308631897,0.948732316493988,0.11697302758693695,0.12926478683948517,0.25490471720695496,0.892492413520813,0.30852627754211426,-6.040948867797852,5.9782280921936035,0.00833851844072342,0.0706166923046112,456436,2.897177269915119,4.885979520622641,16.238371492363513,0.9257120305665156,0.07428796943348437,126850,0.40033968757857474,0.5996603124214253,56696,0.13087694346904755,0.0010874922154471278,10.677389247575775,0.060252830386161804,0.9397471696138382,0.2492249310016632,0.3349993824958801,0.01971658505499363,0.5049290060997009,0.4950709939002991,0.5544593930244446,0.5835625529289246,0.5553333759307861,0.5049290060997009,0.4950709939002991,0.5049290060997009,0.4950709939002991,0.5878603377760917,0.4121396622239083,0.9192702174186707,0.990641265188914,0.009358734811085956,0.06492923462239841,0.5756785054808311,0.4243214945191689,0.17533881790225636,0.12126565534322953,0.12126565534322953,0.04636794701218605,0.010752877220511436,0.8787343446567705,0.12126565534322953,0.06192544102668762,0.013912136666476727,385087
b0_cityscapes_val,2026-07-07 05:27:23,cityscapes,val,all,student_skd,/scratch/gautschi/manors/hf_cache/models--nvidia--mit-b0/snapshots/80983a413c30d36a39c20203974ae7807835e2b4,outputs-guardrailpp-v4/student_skd.ckpt,skd,img_000122,/home/manors/Guardrail-Distillation/data/cityscapes/leftImg8bit/val/frankfurt/frankfurt_000001_028854_leftImg8bit.png,,0.5014547310749438,0.49854526892505624,0.9112280011177063,0.9403973817825317,0.1296404004096985,0.15217424929141998,0.290601909160614,0.877882182598114,0.3538189232349396,-5.961303234100342,5.886992931365967,0.016409194096922874,0.0863053947687149,442313,2.897177269915119,4.885979520622641,16.238371492363513,0.9746411075086181,0.0253588924913819,126850,0.5216993447303331,0.4783006552696669,11478,0.15428218245506287,0.0014758363831788301,10.677389247575775,0.06981447339057922,0.9301855266094208,0.28479620814323425,0.37556958198547363,0.03571877256035805,0.5089287161827087,0.49107128381729126,0.5683130025863647,0.5980004668235779,0.5440177321434021,0.5089287161827087,0.49107128381729126,0.5089287161827087,0.49107128381729126,0.5572721298656591,0.4427278701343409,0.9314308762550354,0.9580823324633269,0.04191766753667314,0.0,0.4624161188931922,0.5375838811068079,0.0,0.055817398790715345,0.055817398790715345,0.038877446204423904,0.018674558028578758,0.9441826012092847,0.055817398790715345,0.06281298398971558,0.003990386612713337,365040
b0_cityscapes_val,2026-07-07 05:27:24,cityscapes,val,all,student_skd,/scratch/gautschi/manors/hf_cache/models--nvidia--mit-b0/snapshots/80983a413c30d36a39c20203974ae7807835e2b4,outputs-guardrailpp-v4/student_skd.ckpt,skd,img_000123,/home/manors/Guardrail-Distillation/data/cityscapes/leftImg8bit/val/frankfurt/frankfurt_000001_029086_leftImg8bit.png,,0.6171842025754866,0.38281579742451344,0.9192479252815247,0.9478888511657715,0.1175265908241272,0.13488322496414185,0.25596803426742554,0.8832840323448181,0.34606611728668213,-5.874788284301758,5.810879230499268,0.010807783342897892,0.06864693015813828,457078,2.897177269915119,4.885979520622641,16.238371492363513,0.5445919213273344,0.45540807867266564,126850,0.7460892035208196,0.25391079647918036,41803,0.13684365153312683,0.001200700644403696,10.677389247575775,0.06646890938282013,0.9335310906171799,0.2540569305419922,0.3442319929599762,0.026960328221321106,0.5067396759986877,0.49326032400131226,0.5573603510856628,0.5870640873908997,0.5415492057800293,0.5067396759986877,0.49326032400131226,0.5067396759986877,0.49326032400131226,0.777887432646314,0.222112567353686,0.9560600519180298,0.6109839525001438,0.3890160474998562,0.06639203117280945,0.8248756715207571,0.17512432847924286,0.07878646799993749,0.16070323007082743,0.16070323007082743,0.046239372342824936,0.009427275508642197,0.8392967699291726,0.16070323007082743,0.059361860156059265,0.005408267490565777,386494
b0_cityscapes_val,2026-07-07 05:27:24,cityscapes,val,all,student_skd,/scratch/gautschi/manors/hf_cache/models--nvidia--mit-b0/snapshots/80983a413c30d36a39c20203974ae7807835e2b4,outputs-guardrailpp-v4/student_skd.ckpt,skd,img_000124,/home/manors/Guardrail-Distillation/data/cityscapes/leftImg8bit/val/frankfurt/frankfurt_000001_029236_leftImg8bit.png,,0.47077888629805525,0.5292211137019447,0.9312825798988342,0.9626858830451965,0.10204882174730301,0.09831222146749496,0.23115549981594086,0.9105108976364136,0.2896863520145416,-5.4160475730896,5.370352268218994,0.007177166640758514,0.0493745356798172,448227,2.8952250140719116,4.889826494036242,16.241373727098107,0.8836388575657763,0.11636114243422369,120357,0.38660652334312445,0.6133934766568756,108312,0.10040372610092163,0.00154701410792768,10.697657999116927,0.06304792314767838,0.9369520768523216,0.24546343088150024,0.3482864499092102,0.03828897327184677,0.5095710754394531,0.4904289245605469,0.5588480234146118,0.5997734069824219,0.549214780330658,0.5095710754394531,0.4904289245605469,0.5095710754394531,0.4904289245605469,0.5972422966374599,0.40275770336254013,0.9620258808135986,0.9134097345318433,0.08659026546815674,0.02977087696606695,0.42436184393513504,0.5756381560648649,0.0377553205920107,0.12646341033940456,0.12646341033940456,0.039386291056871414,0.00864294171333313,0.8735365896605954,0.12646341033940456,0.05095409229397774,0.009345710277557373,398372
b0_cityscapes_val,2026-07-07 05:27:24,cityscapes,val,all,student_skd,/scratch/gautschi/manors/hf_cache/models--nvidia--mit-b0/snapshots/80983a413c30d36a39c20203974ae7807835e2b4,outputs-guardrailpp-v4/student_skd.ckpt,skd,img_000125,/home/manors/Guardrail-Distillation/data/cityscapes/leftImg8bit/val/frankfurt/frankfurt_000001_029600_leftImg8bit.png,,0.3762444380806858,0.6237555619193142,0.893937349319458,0.9444404244422913,0.12290553003549576,0.14851555228233337,0.28474000096321106,0.8790243864059448,0.35913771390914917,-5.231200218200684,5.162716865539551,0.013320733793079853,0.07762686163187027,439165,2.8952250140719116,4.889826494036242,16.241373727098107,0.44884283250842955,0.5511571674915705,106125,0.3266236303966023,0.6733763696033976,72437,0.1513925939798355,0.0023516628425568342,10.697657999116927,0.0850088894367218,0.9149911105632782,0.3563898801803589,0.4119059443473816,0.07707060873508453,0.5192581415176392,0.48074185848236084,0.6238426566123962,0.6580188870429993,0.581454873085022,0.5192581415176392,0.48074185848236084,0.5192581415176392,0.48074185848236084,0.46600536163606776,0.5339946383639322,0.9015677571296692,0.6631017081319877,0.33689829186801235,0.21425887562355816,0.3561985173086854,0.6438014826913145,0.029574886912083098,0.08976092355538201,0.08976092355538201,0.03681987524032593,0.02918948419392109,0.910239076444618,0.08976092355538201,0.07682761549949646,0.005478578619658947,367015
b0_cityscapes_val,2026-07-07 05:27:24,cityscapes,val,all,student_skd,/scratch/gautschi/manors/hf_cache/models--nvidia--mit-b0/snapshots/80983a413c30d36a39c20203974ae7807835e2b4,outputs-guardrailpp-v4/student_skd.ckpt,skd,img_000126,/home/manors/Guardrail-Distillation/data/cityscapes/leftImg8bit/val/frankfurt/frankfurt_000001_030067_leftImg8bit.png,,0.48850046442236694,0.5114995355776331,0.9365572333335876,0.966722846031189,0.09978971630334854,0.08775443583726883,0.22627465426921844,0.9203583598136902,0.25875160098075867,-5.6843791007995605,5.643139362335205,0.009227278642356396,0.04583435133099556,433714,2.8952250140719116,4.889826494036242,16.241373727098107,0.6961888070089951,0.3038111929910049,109198,0.22469523749368367,0.7753047625063163,31888,0.08916633576154709,0.0008974885568022728,10.697657999116927,0.04915338382124901,0.950846616178751,0.19670802354812622,0.3396642804145813,0.012906611897051334,0.503226637840271,0.496773362159729,0.5428387522697449,0.5847854614257812,0.5909927487373352,0.503226637840271,0.496773362159729,0.503226637840271,0.496773362159729,0.6396147775984565,0.36038522240154347,0.9554314613342285,0.7025929081517573,0.29740709184824266,0.006404101142762242,0.37388493504203635,0.6261150649579637,0.14918969754835265,0.1511143131760896,0.1511143131760896,0.029408780857920647,0.010534591972827911,0.8488856868239104,0.1511143131760896,0.04612717032432556,0.0067878831177949905,391463
b0_cityscapes_val,2026-07-07 05:27:24,cityscapes,val,all,student_skd,/scratch/gautschi/manors/hf_cache/models--nvidia--mit-b0/snapshots/80983a413c30d36a39c20203974ae7807835e2b4,outputs-guardrailpp-v4/student_skd.ckpt,skd,img_000127,/home/manors/Guardrail-Distillation/data/cityscapes/leftImg8bit/val/frankfurt/frankfurt_000001_030310_leftImg8bit.png,,0.5638643049973112,0.4361356950026888,0.9556581974029541,0.9744613766670227,0.08599653095006943,0.06748268008232117,0.19333283603191376,0.9374086856842041,0.20175471901893616,-6.205973148345947,6.174715995788574,0.005189206916838884,0.03351130709052086,466738,2.8952250140719116,4.889826494036242,16.241373727098107,0.8715260025410556,0.1284739974589444,126850,0.7906629228486786,0.20933707715132144,82779,0.06886353343725204,0.0008071009069681168,10.697657999116927,0.031150804832577705,0.9688491951674223,0.106007881462574,0.22822584211826324,-0.00940734799951315,0.497648149728775,0.502351850271225,0.5170851945877075,0.545910656452179,0.5656636953353882,0.497648149728775,0.502351850271225,0.497648149728775,0.502351850271225,0.6621171978484449,0.3378828021515551,0.9721749424934387,0.9334038190572056,0.0665961809427944,0.061877816516149986,0.9310268411779308,0.06897315882206922,0.1403639183292522,0.0982528928511337,0.0982528928511337,0.022875789552927017,0.006359028164297342,0.9017471071488663,0.0982528928511337,0.030518192797899246,0.0030381069518625736,431433
b0_cityscapes_val,2026-07-07 05:27:24,cityscapes,val,all,student_skd,/scratch/gautschi/manors/hf_cache/models--nvidia--mit-b0/snapshots/80983a413c30d36a39c20203974ae7807835e2b4,outputs-guardrailpp-v4/student_skd.ckpt,skd,img_000128,/home/manors/Guardrail-Distillation/data/cityscapes/leftImg8bit/val/frankfurt/frankfurt_000001_030669_leftImg8bit.png,,0.7103210052712386,0.28967899472876135,0.9144613146781921,0.9524803161621094,0.11513222754001617,0.12482849508523941,0.25715938210487366,0.8917766213417053,0.33012115955352783,-6.028639793395996,5.970047950744629,0.01177270244807005,0.06495644152164459,450194,3.1571592553518713,4.884243506239727,16.250603744992986,0.9746617454733615,0.025338254526638515,126612,0.9217846391305572,0.07821536086944281,67924,0.1268804371356964,0.0014927755109965801,10.679669008823112,0.07082042098045349,0.9291795790195465,0.28731587529182434,0.3891761898994446,0.04910838603973389,0.5122746229171753,0.4877253770828247,0.5779778957366943,0.6275750398635864,0.5467783808708191,0.5122746229171753,0.4877253770828247,0.5122746229171753,0.4877253770828247,0.7796861452165599,0.22031385478344012,0.9413807988166809,0.6617155897782503,0.3382844102217497,0.0,0.9521101896784312,0.047889810321568804,0.030325550547874003,0.06936513994532123,0.06936513994532123,0.04705971106886864,0.020140206441283226,0.9306348600546788,0.06936513994532123,0.08369503170251846,0.011252926662564278,386992
b0_cityscapes_val,2026-07-07 05:27:24,cityscapes,val,all,student_skd,/scratch/gautschi/manors/hf_cache/models--nvidia--mit-b0/snapshots/80983a413c30d36a39c20203974ae7807835e2b4,outputs-guardrailpp-v4/student_skd.ckpt,skd,img_000129,/home/manors/Guardrail-Distillation/data/cityscapes/leftImg8bit/val/frankfurt/frankfurt_000001_031266_leftImg8bit.png,,0.6622243560828746,0.33777564391712545,0.972387433052063,0.9787312746047974,0.0742190033197403,0.05898772552609444,0.16608187556266785,0.9395129084587097,0.20447547733783722,-6.3366875648498535,6.311320781707764,0.0026200641877949238,0.02478199452161789,451134,3.1571592553518713,4.884243506239727,16.250603744992986,0.4999879728667875,0.5000120271332125,124718,0.5470710053286889,0.4529289946713111,59400,0.060413558036088943,0.0007599569507874548,10.679669008823112,0.029489168897271156,0.9705108311027288,0.10104301571846008,0.19651921093463898,-0.014698212966322899,0.4963255226612091,0.5036744773387909,0.5169151425361633,0.5421260595321655,0.5794053673744202,0.4963255226612091,0.5036744773387909,0.4963255226612091,0.5036744773387909,0.6719441413704985,0.3280558586295015,0.968858540058136,1.0,0.0,0.5000120271332125,0.6297145760981998,0.3702854239018002,0.0826435707695109,0.009719785287623961,0.009719785287623961,0.013603497296571732,0.017132382839918137,0.990280214712376,0.009719785287623961,0.03170454874634743,0.0025025825016200542,422328
b0_cityscapes_val,2026-07-07 05:27:24,cityscapes,val,all,student_skd,/scratch/gautschi/manors/hf_cache/models--nvidia--mit-b0/snapshots/80983a413c30d36a39c20203974ae7807835e2b4,outputs-guardrailpp-v4/student_skd.ckpt,skd,img_000130,/home/manors/Guardrail-Distillation/data/cityscapes/leftImg8bit/val/frankfurt/frankfurt_000001_031416_leftImg8bit.png,,0.5606081963824133,0.4393918036175867,0.9656553268432617,0.9769114851951599,0.07761388272047043,0.06324443221092224,0.1749963015317917,0.9361280798912048,0.21695519983768463,-6.363112449645996,6.3355183601379395,0.0027153384871780872,0.027238786220550537,456665,3.1571592553518713,4.884243506239727,16.250603744992986,1.0,0.0,126826,0.44424090378443504,0.555759096215565,98645,0.06452032178640366,0.0007410896359942853,10.679669008823112,0.03506742790341377,0.9649325720965862,0.12654362618923187,0.24086256325244904,-0.010288880206644535,0.497427761554718,0.502572238445282,0.5219017863273621,0.5558176040649414,0.566882312297821,0.497427761554718,0.502572238445282,0.497427761554718,0.502572238445282,0.5839635789759761,0.41603642102402394,0.9738495349884033,1.0,0.0,0.0,0.46461348769795663,0.5353865123020434,0.02037258391352159,0.023355382593562735,0.023355382593562735,0.017511742189526558,0.009317552670836449,0.9766446174064373,0.023355382593562735,0.028390614315867424,0.0047562215477228165,424555
b0_cityscapes_val,2026-07-07 05:27:24,cityscapes,val,all,student_skd,/scratch/gautschi/manors/hf_cache/models--nvidia--mit-b0/snapshots/80983a413c30d36a39c20203974ae7807835e2b4,outputs-guardrailpp-v4/student_skd.ckpt,skd,img_000131,/home/manors/Guardrail-Distillation/data/cityscapes/leftImg8bit/val/frankfurt/frankfurt_000001_032018_leftImg8bit.png,,0.6292223891077762,0.37077761089222383,0.9446050524711609,0.9636329412460327,0.1005493700504303,0.09734679013490677,0.22951491177082062,0.9128702878952026,0.276374489068985,-6.1040120124816895,6.059571743011475,0.007690408267080784,0.047217678278684616,433397,3.1571592553518713,4.884243506239727,16.250603744992986,0.8272536527928516,0.17274634720714843,126850,0.5993362658901837,0.40066373410981626,98295,0.09912195056676865,0.001187554094940424,10.679669008823112,0.05283569544553757,0.9471643045544624,0.22086438536643982,0.32516106963157654,0.01597290113568306,0.5039931535720825,0.4960068464279175,0.5487650632858276,0.5805161595344543,0.5670608282089233,0.5039931535720825,0.4960068464279175,0.5039931535720825,0.4960068464279175,0.6976239609853622,0.30237603901463783,0.9592406153678894,0.8654467058749827,0.13455329412501726,0.03819305308213117,0.9193785483776049,0.08062145162239509,0.32004228248742117,0.068401571877586,0.068401571877586,0.02329503931105137,0.008659496903419495,0.931598428122414,0.068401571877586,0.035494014620780945,0.003631774103268981,385731
b0_cityscapes_val,2026-07-07 05:27:24,cityscapes,val,all,student_skd,/scratch/gautschi/manors/hf_cache/models--nvidia--mit-b0/snapshots/80983a413c30d36a39c20203974ae7807835e2b4,outputs-guardrailpp-v4/student_skd.ckpt,skd,img_000132,/home/manors/Guardrail-Distillation/data/cityscapes/leftImg8bit/val/frankfurt/frankfurt_000001_032556_leftImg8bit.png,,0.4350155906609729,0.564984409339027,0.9516821503639221,0.97407466173172,0.08581030368804932,0.06840021908283234,0.1935008466243744,0.936249315738678,0.20714323222637177,-5.950440406799316,5.91884708404541,0.0049572656862437725,0.03331105411052704,451862,2.8973164735361934,4.888869501883164,16.23884224682115,1.0,0.0,126850,0.2667532285495473,0.7332467714504527,11283,0.06953030079603195,0.0007743663154542446,11.08085925807245,0.03820136561989784,0.9617986343801022,0.1404350996017456,0.26918989419937134,3.812755676335655e-05,0.5000095367431641,0.49999046325683594,0.5281094908714294,0.5658512711524963,0.5973851084709167,0.5000095367431641,0.49999046325683594,0.5000095367431641,0.49999046325683594,0.5327586766214314,0.4672413233785686,0.9687116742134094,1.0,0.0,0.0,0.2922093757607093,0.7077906242392906,0.025456147211162072,0.09774308596045844,0.09774308596045844,0.027641182765364647,0.010611646808683872,0.9022569140395416,0.09774308596045844,0.041853487491607666,0.008945208974182606,416584
b0_cityscapes_val,2026-07-07 05:27:24,cityscapes,val,all,student_skd,/scratch/gautschi/manors/hf_cache/models--nvidia--mit-b0/snapshots/80983a413c30d36a39c20203974ae7807835e2b4,outputs-guardrailpp-v4/student_skd.ckpt,skd,img_000133,/home/manors/Guardrail-Distillation/data/cityscapes/leftImg8bit/val/frankfurt/frankfurt_000001_032711_leftImg8bit.png,,0.48045140880638965,0.5195485911936104,0.9620999097824097,0.9829692244529724,0.06762748956680298,0.044522885233163834,0.1440473049879074,0.9531479477882385,0.16075129806995392,-6.308589458465576,6.288233757019043,0.0013572040479630232,0.020984794944524765,462716,2.8973164735361934,4.888869501883164,16.23884224682115,0.9444356144945402,0.055564385505459835,126850,0.388810831194528,0.611189168805472,102082,0.04545093700289726,0.0005198190337978303,11.08085925807245,0.02384691685438156,0.9761530831456184,0.06830605119466782,0.17355835437774658,-0.020900720730423927,0.49477502703666687,0.5052249729633331,0.509482741355896,0.5332329869270325,0.5984653234481812,0.49477502703666687,0.5052249729633331,0.49477502703666687,0.5052249729633331,0.5813923567374137,0.41860764326258626,0.9713345170021057,0.9568787550569785,0.0431212449430215,0.012443140562438337,0.44115768505843345,0.5588423149415666,0.052346853863905474,0.10094094793102415,0.10094094793102415,0.01430250983685255,0.00506790354847908,0.8990590520689759,0.10094094793102415,0.02020677924156189,0.0035767080262303352,439135
b0_cityscapes_val,2026-07-07 05:27:24,cityscapes,val,all,student_skd,/scratch/gautschi/manors/hf_cache/models--nvidia--mit-b0/snapshots/80983a413c30d36a39c20203974ae7807835e2b4,outputs-guardrailpp-v4/student_skd.ckpt,skd,img_000134,/home/manors/Guardrail-Distillation/data/cityscapes/leftImg8bit/val/frankfurt/frankfurt_000001_032942_leftImg8bit.png,,0.5355801933552734,0.4644198066447266,0.9382399916648865,0.9656407833099365,0.09745460003614426,0.09203872084617615,0.22177912294864655,0.9162233471870422,0.2707351744174957,-6.007643222808838,5.965770721435547,0.006560876965522766,0.04495583847165108,462743,2.8973164735361934,4.888869501883164,16.23884224682115,0.8805103867127066,0.11948961328729335,126850,0.46615148982167637,0.5338485101783237,103521,0.09390153735876083,0.0010484777158126235,11.08085925807245,0.059200916439294815,0.9407990835607052,0.25317636132240295,0.38821884989738464,0.03372822701931,0.5084312558174133,0.49156874418258667,0.559320330619812,0.6111341118812561,0.5832347273826599,0.5084312558174133,0.49156874418258667,0.5084312558174133,0.49156874418258667,0.5764664682879576,0.42353353171204244,0.971647322177887,0.9082453621728793,0.09175463782712068,0.027734975460172673,0.6074629804556272,0.3925370195443728,0.14131149063395088,0.04088627493268415,0.04088627493268415,0.04294392466545105,0.009536610916256905,0.9591137250673158,0.04088627493268415,0.054585374891757965,0.012097427621483803,414471
b0_cityscapes_val,2026-07-07 05:27:24,cityscapes,val,all,student_skd,/scratch/gautschi/manors/hf_cache/models--nvidia--mit-b0/snapshots/80983a413c30d36a39c20203974ae7807835e2b4,outputs-guardrailpp-v4/student_skd.ckpt,skd,img_000135,/home/manors/Guardrail-Distillation/data/cityscapes/leftImg8bit/val/frankfurt/frankfurt_000001_033655_leftImg8bit.png,,0.47978413713653867,0.5202158628634613,0.969493567943573,0.9814627766609192,0.07147730141878128,0.04954910650849342,0.15809544920921326,0.9495142698287964,0.17188861966133118,-6.321466445922852,6.299127578735352,0.0025481805205345154,0.0228031724691391,459936,2.8973164735361934,4.888869501883164,16.23884224682115,0.8737677036341704,0.12623229636582955,126850,0.553581445983702,0.44641855401629804,85798,0.05058673396706581,0.0006294673075899482,11.08085925807245,0.023326870054006577,0.9766731299459934,0.06984082609415054,0.166217640042305,-0.02211824432015419,0.4944706857204437,0.5055293142795563,0.5128833055496216,0.5316736698150635,0.5831760764122009,0.4944706857204437,0.5055293142795563,0.4944706857204437,0.5055293142795563,0.5931866426606254,0.4068133573393746,0.9797471761703491,0.9359079724522199,0.0640920275477801,0.06214026881804946,0.6041405871157957,0.39585941288420434,0.0505591411320937,0.1134025055240867,0.1134025055240867,0.014932512305676937,0.004678911995142698,0.8865974944759133,0.1134025055240867,0.020681137219071388,0.004331037402153015,434759
b0_cityscapes_val,2026-07-07 05:27:24,cityscapes,val,all,student_skd,/scratch/gautschi/manors/hf_cache/models--nvidia--mit-b0/snapshots/80983a413c30d36a39c20203974ae7807835e2b4,outputs-guardrailpp-v4/student_skd.ckpt,skd,img_000136,/home/manors/Guardrail-Distillation/data/cityscapes/leftImg8bit/val/frankfurt/frankfurt_000001_034047_leftImg8bit.png,,0.5475366134877188,0.45246338651228124,0.9342995285987854,0.944469153881073,0.12686355412006378,0.1457597017288208,0.2973359525203705,0.8828185796737671,0.34886085987091064,-5.639491558074951,5.569796562194824,0.016882585361599922,0.07725431025028229,459586,2.894942503189668,4.898724990198389,16.252571513177827,0.66457115455961,0.33542884544039,126850,0.47792950349807767,0.5220704965019223,19831,0.14822572469711304,0.0017050373135134578,10.67567098652944,0.08008943498134613,0.9199105650186539,0.3093722462654114,0.4115331172943115,0.061053965240716934,0.5152587294578552,0.4847412705421448,0.58207768201828,0.6248036623001099,0.5383816957473755,0.5152587294578552,0.4847412705421448,0.5152587294578552,0.4847412705421448,0.6819512782440719,0.31804872175592813,0.9522939920425415,0.8858520492890111,0.11414795071098893,0.22128089472940105,0.8816236657640916,0.11837633423590843,0.40369416226601385,0.1344146647563531,0.1344146647563531,0.03441140428185463,0.016416948288679123,0.8655853352436469,0.1344146647563531,0.05533240735530853,0.0022128610871732235,385436
b0_cityscapes_val,2026-07-07 05:27:24,cityscapes,val,all,student_skd,/scratch/gautschi/manors/hf_cache/models--nvidia--mit-b0/snapshots/80983a413c30d36a39c20203974ae7807835e2b4,outputs-guardrailpp-v4/student_skd.ckpt,skd,img_000137,/home/manors/Guardrail-Distillation/data/cityscapes/leftImg8bit/val/frankfurt/frankfurt_000001_034816_leftImg8bit.png,,0.30398338205043274,0.6960166179495673,0.8544142246246338,0.9360790848731995,0.13636180758476257,0.1733650416135788,0.3327498733997345,0.8652074933052063,0.41168153285980225,-5.733526229858398,5.652742385864258,0.022411923855543137,0.09114720672369003,458149,2.894942503189668,4.898724990198389,16.252571513177827,0.8802004529917326,0.11979954700826745,126850,0.10157656881747384,0.8984234311825261,40102,0.17684081196784973,0.0029362100176513195,10.67567098652944,0.10202496498823166,0.8979750350117683,0.4062369167804718,0.5191792845726013,0.10517026484012604,0.5262683629989624,0.4737316370010376,0.6227738261222839,0.6782131791114807,0.48136311769485474,0.5262683629989624,0.4737316370010376,0.5262683629989624,0.4737316370010376,0.48877790780322117,0.5112220921967788,0.9383519887924194,0.9284334315689254,0.07156656843107456,0.048232978577192887,0.3885113729905734,0.6114886270094266,0.28693480417309947,0.18479452575278843,0.18479452575278843,0.09585091471672058,0.01191315520554781,0.8152054742472116,0.18479452575278843,0.12396840751171112,0.017959224060177803,373839
b0_cityscapes_val,2026-07-07 05:27:24,cityscapes,val,all,student_skd,/scratch/gautschi/manors/hf_cache/models--nvidia--mit-b0/snapshots/80983a413c30d36a39c20203974ae7807835e2b4,outputs-guardrailpp-v4/student_skd.ckpt,skd,img_000138,/home/manors/Guardrail-Distillation/data/cityscapes/leftImg8bit/val/frankfurt/frankfurt_000001_035144_leftImg8bit.png,,0.5774425059019721,0.4225574940980279,0.9006897211074829,0.9509372711181641,0.11551780253648758,0.13287383317947388,0.2656385898590088,0.884986162185669,0.35465946793556213,-5.653550148010254,5.5932111740112305,0.012554565444588661,0.06411246955394745,435937,2.894942503189668,4.898724990198389,16.252571513177827,0.34004696251478894,0.6599530374852111,102393,0.5121475400050026,0.4878524599949974,62528,0.13514839112758636,0.0014134591910988092,10.67567098652944,0.08432435989379883,0.9156756401062012,0.320321261882782,0.4094052016735077,0.07562588155269623,0.5188974738121033,0.48110252618789673,0.5956747531890869,0.6339455246925354,0.5574065446853638,0.5188974738121033,0.48110252618789673,0.5188974738121033,0.48110252618789673,0.685404795510489,0.31459520448951095,0.9343620538711548,0.6716483284511415,0.32835167154885847,0.3316013659363526,0.6722043997533405,0.32779560024665955,0.16005685974833783,0.10796228960851695,0.10796228960851695,0.047750018537044525,0.01407772209495306,0.892037710391483,0.10796228960851695,0.07641012221574783,0.016523029655218124,372494
b0_cityscapes_val,2026-07-07 05:27:24,cityscapes,val,all,student_skd,/scratch/gautschi/manors/hf_cache/models--nvidia--mit-b0/snapshots/80983a413c30d36a39c20203974ae7807835e2b4,outputs-guardrailpp-v4/student_skd.ckpt,skd,img_000139,/home/manors/Guardrail-Distillation/data/cityscapes/leftImg8bit/val/frankfurt/frankfurt_000001_035864_leftImg8bit.png,,0.658218728964772,0.34178127103522804,0.9546295404434204,0.9593985080718994,0.10781306028366089,0.10493163019418716,0.24297985434532166,0.909454345703125,0.2758721709251404,-6.034328460693359,5.984221458435059,0.009526402689516544,0.05515195429325104,466493,2.894942503189668,4.898724990198389,16.252571513177827,0.9674854590923514,0.032514540907648604,126850,0.6171418084837367,0.3828581915162633,108338,0.1069072037935257,0.001377561828121543,10.67567098652944,0.06427547335624695,0.935724526643753,0.2522394359111786,0.35137197375297546,0.038330256938934326,0.5095813870429993,0.49041861295700073,0.5616021156311035,0.5922937989234924,0.5422154664993286,0.5095813870429993,0.49041861295700073,0.5095813870429993,0.49041861295700073,0.6723645303496609,0.3276354696503391,0.970938503742218,0.9602338229111957,0.039766177088804255,0.0,0.6572310437136778,0.3427689562863222,0.04008923522994112,0.014145801384888967,0.014145801384888967,0.02749023027718067,0.011181304231286049,0.985854198615111,0.014145801384888967,0.041014548391103745,0.002199389971792698,409904
b0_cityscapes_val,2026-07-07 05:27:25,cityscapes,val,all,student_skd,/scratch/gautschi/manors/hf_cache/models--nvidia--mit-b0/snapshots/80983a413c30d36a39c20203974ae7807835e2b4,outputs-guardrailpp-v4/student_skd.ckpt,skd,img_000140,/home/manors/Guardrail-Distillation/data/cityscapes/leftImg8bit/val/frankfurt/frankfurt_000001_037705_leftImg8bit.png,,0.500697525651479,0.49930247434852104,0.8349589109420776,0.9521231055259705,0.11298179626464844,0.13195092976093292,0.26270437240600586,0.879351019859314,0.38972049951553345,-5.541572570800781,5.482837677001953,0.01152992993593216,0.06019249185919762,418823,2.8973094886168838,4.900710773654282,16.23360250960104,0.6644781287498364,0.33552187125016364,122794,0.6117057166476411,0.38829428335235894,70918,0.13501419126987457,0.0017916510114446282,10.688969225157052,0.08256951719522476,0.9174304828047752,0.2925814390182495,0.37847116589546204,0.05974815785884857,0.5149325728416443,0.4850674271583557,0.5715699791908264,0.6040311455726624,0.5166909098625183,0.5149325728416443,0.4850674271583557,0.5149325728416443,0.4850674271583557,0.6296534070682268,0.3703465929317732,0.9449456930160522,0.8985774809878709,0.10142251901212906,0.23409935223803457,0.6484478942825472,0.35155210571745277,0.03674217763490617,0.12895588141674785,0.12895588141674785,0.1214737519621849,0.011486953124403954,0.8710441185832521,0.12895588141674785,0.14050087332725525,0.08302075415849686,359977
b0_cityscapes_val,2026-07-07 05:27:25,cityscapes,val,all,student_skd,/scratch/gautschi/manors/hf_cache/models--nvidia--mit-b0/snapshots/80983a413c30d36a39c20203974ae7807835e2b4,outputs-guardrailpp-v4/student_skd.ckpt,skd,img_000141,/home/manors/Guardrail-Distillation/data/cityscapes/leftImg8bit/val/frankfurt/frankfurt_000001_038245_leftImg8bit.png,,0.4173423715746292,0.5826576284253708,0.9203944206237793,0.9510611295700073,0.12028653174638748,0.1308611035346985,0.28157198429107666,0.8916106820106506,0.33444759249687195,-6.061557292938232,6.000248908996582,0.015542359091341496,0.06841208040714264,443562,2.8973094886168838,4.900710773654282,16.23360250960104,1.0,0.0,126850,0.5801797556734338,0.41982024432656617,26168,0.13317161798477173,0.0014310094993561506,10.688969225157052,0.06430474668741226,0.9356952533125877,0.2604655921459198,0.384105384349823,0.026814697310328484,0.50670325756073,0.49329674243927,0.5575152635574341,0.5987814664840698,0.5506590008735657,0.50670325756073,0.49329674243927,0.50670325756073,0.49329674243927,0.5541922177267057,0.4458077822732943,0.9363064765930176,1.0,0.0,0.0,0.5827583757347319,0.4172416242652681,0.0025786200612980537,0.13684984615207652,0.13684984615207652,0.02773682028055191,0.011824727058410645,0.8631501538479235,0.13684984615207652,0.05286521092057228,0.002056082244962454,380629
b0_cityscapes_val,2026-07-07 05:27:25,cityscapes,val,all,student_skd,/scratch/gautschi/manors/hf_cache/models--nvidia--mit-b0/snapshots/80983a413c30d36a39c20203974ae7807835e2b4,outputs-guardrailpp-v4/student_skd.ckpt,skd,img_000142,/home/manors/Guardrail-Distillation/data/cityscapes/leftImg8bit/val/frankfurt/frankfurt_000001_038418_leftImg8bit.png,,0.5638341226042276,0.4361658773957724,0.9407274127006531,0.9543601870536804,0.1180204227566719,0.12230471521615982,0.2780231833457947,0.8981303572654724,0.319225937128067,-5.751410961151123,5.693886756896973,0.01644195057451725,0.06458017230033875,448791,2.8973094886168838,4.900710773654282,16.23360250960104,1.0,0.0,126838,0.7026242225219037,0.2973757774780963,22208,0.12420237809419632,0.0013891997514292598,10.688969225157052,0.07093235850334167,0.9290676414966583,0.2956250011920929,0.43518707156181335,0.04562678933143616,0.5114047527313232,0.48859524726867676,0.5689950585365295,0.6354923248291016,0.5525457859039307,0.5114047527313232,0.48859524726867676,0.5114047527313232,0.48859524726867676,0.6560253488473982,0.34397465115260184,0.9396645426750183,0.49998817389110517,0.5000118261088948,0.0,0.9198030852005371,0.08019691479946289,0.2171788626786334,0.09219122624317055,0.09219122624317055,0.016651403158903122,0.017714258283376694,0.9078087737568294,0.09219122624317055,0.0472068265080452,0.0014661612221971154,390801
b0_cityscapes_val,2026-07-07 05:27:25,cityscapes,val,all,student_skd,/scratch/gautschi/manors/hf_cache/models--nvidia--mit-b0/snapshots/80983a413c30d36a39c20203974ae7807835e2b4,outputs-guardrailpp-v4/student_skd.ckpt,skd,img_000143,/home/manors/Guardrail-Distillation/data/cityscapes/leftImg8bit/val/frankfurt/frankfurt_000001_038645_leftImg8bit.png,,0.49147628505230706,0.5085237149476929,0.9152894020080566,0.9467453956604004,0.12306305766105652,0.14281678199768066,0.2873738408088684,0.8801478147506714,0.37000930309295654,-5.580835819244385,5.514414310455322,0.016497330740094185,0.0718466192483902,427160,2.8973094886168838,4.900710773654282,16.23360250960104,0.6289692947057975,0.37103070529420246,126850,0.5565089157863107,0.4434910842136893,28853,0.14511288702487946,0.0016307561891153455,10.688969225157052,0.07279603183269501,0.927203968167305,0.2826206684112549,0.3751718997955322,0.045287180691957474,0.5113198161125183,0.4886801838874817,0.5697506070137024,0.6055675148963928,0.5450268983840942,0.5113198161125183,0.4886801838874817,0.5113198161125183,0.4886801838874817,0.6502947863075345,0.34970521369246554,0.9478135108947754,0.9856495770051031,0.014350422994896861,0.3566802822993056,0.608157870010448,0.39184212998955203,0.05164895422413729,0.15881850125522734,0.15881850125522734,0.046652309596538544,0.01412819605320692,0.8411814987447727,0.15881850125522734,0.06598230451345444,0.007978275418281555,360614
b0_cityscapes_val,2026-07-07 05:27:25,cityscapes,val,all,student_skd,/scratch/gautschi/manors/hf_cache/models--nvidia--mit-b0/snapshots/80983a413c30d36a39c20203974ae7807835e2b4,outputs-guardrailpp-v4/student_skd.ckpt,skd,img_000144,/home/manors/Guardrail-Distillation/data/cityscapes/leftImg8bit/val/frankfurt/frankfurt_000001_038844_leftImg8bit.png,,0.5361309193147077,0.4638690806852923,0.9036471843719482,0.9464714527130127,0.11654220521450043,0.1461973339319229,0.2682996392250061,0.8715846538543701,0.39756113290786743,-5.577685356140137,5.512551307678223,0.011316545307636261,0.06681384146213531,434850,2.8978424961678684,4.898743005469441,16.23354625189677,0.3920675661165516,0.6079324338834484,126836,0.5408641608423238,0.4591358391576762,29859,0.14896242320537567,0.0016701100394129753,10.676448495360091,0.08404159545898438,0.9159584045410156,0.28858357667922974,0.3778497874736786,0.057413097470998764,0.5143493413925171,0.4856506586074829,0.573321521282196,0.6087520122528076,0.5403207540512085,0.5143493413925171,0.4856506586074829,0.5143493413925171,0.4856506586074829,0.5887272675294036,0.41127273247059637,0.9215683341026306,0.8484565150163039,0.15154348498369608,0.45638894889975234,0.6139912499948966,0.3860087500051034,0.07312708915257282,0.05259634821469594,0.05259634821469594,0.033705875277519226,0.01578475348651409,0.9474036517853041,0.05259634821469594,0.06605725735425949,0.0062113371677696705,363296
b0_cityscapes_val,2026-07-07 05:27:25,cityscapes,val,all,student_skd,/scratch/gautschi/manors/hf_cache/models--nvidia--mit-b0/snapshots/80983a413c30d36a39c20203974ae7807835e2b4,outputs-guardrailpp-v4/student_skd.ckpt,skd,img_000145,/home/manors/Guardrail-Distillation/data/cityscapes/leftImg8bit/val/frankfurt/frankfurt_000001_039895_leftImg8bit.png,,0.48715001236886996,0.5128499876311301,0.9255787134170532,0.9569998979568481,0.11079614609479904,0.1082775816321373,0.24269670248031616,0.9090408682823181,0.26601630449295044,-6.237802505493164,6.1847147941589355,0.009334712289273739,0.05930029973387718,456254,2.8978424961678684,4.898743005469441,16.23354625189677,0.6178484553065438,0.38215154469345625,126850,0.6558258112722672,0.34417418872773275,82897,0.1102515161037445,0.0016712897922843695,10.676448495360091,0.06038171052932739,0.9396182894706726,0.2518574297428131,0.34542375802993774,0.03747381269931793,0.5093673467636108,0.49063265323638916,0.5623041391372681,0.5984675884246826,0.5308977961540222,0.5093673467636108,0.49063265323638916,0.5093673467636108,0.49063265323638916,0.5158316010823273,0.4841683989176727,0.9651092886924744,0.4984272763106031,0.501572723689397,0.0,0.5701534516491565,0.42984654835084346,0.0,0.028681588713457384,0.028681588713457384,0.048589158803224564,0.009058550000190735,0.9713184112865426,0.028681588713457384,0.06078412011265755,0.011191134341061115,397735
b0_cityscapes_val,2026-07-07 05:27:25,cityscapes,val,all,student_skd,/scratch/gautschi/manors/hf_cache/models--nvidia--mit-b0/snapshots/80983a413c30d36a39c20203974ae7807835e2b4,outputs-guardrailpp-v4/student_skd.ckpt,skd,img_000146,/home/manors/Guardrail-Distillation/data/cityscapes/leftImg8bit/val/frankfurt/frankfurt_000001_040575_leftImg8bit.png,,0.48880717767105275,0.5111928223289472,0.912166953086853,0.9470826983451843,0.12170077860355377,0.1379605382680893,0.278889924287796,0.8867001533508301,0.3348820209503174,-6.040582180023193,5.97491455078125,0.01327476929873228,0.07216433435678482,449876,2.8978424961678684,4.898743005469441,16.23354625189677,0.6346815604101662,0.3653184395898338,126850,0.6106097252768977,0.3893902747231023,18680,0.14039285480976105,0.0015636275056749582,10.676448495360091,0.06748440116643906,0.9325155988335609,0.2586475908756256,0.3503182828426361,0.035632845014333725,0.5089072585105896,0.4910927414894104,0.5604162812232971,0.5909448266029358,0.5326946973800659,0.5089072585105896,0.4910927414894104,0.5089072585105896,0.4910927414894104,0.5637310969216304,0.43626890307836963,0.9426242113113403,0.5972253271658854,0.4027746728341146,0.0,0.6919977033758427,0.30800229662415735,0.08138797809894494,0.07492391925057762,0.07492391925057762,0.04639056324958801,0.015933280810713768,0.9250760807494224,0.07492391925057762,0.07052166014909744,0.009820484556257725,379116
b0_cityscapes_val,2026-07-07 05:27:25,cityscapes,val,all,student_skd,/scratch/gautschi/manors/hf_cache/models--nvidia--mit-b0/snapshots/80983a413c30d36a39c20203974ae7807835e2b4,outputs-guardrailpp-v4/student_skd.ckpt,skd,img_000147,/home/manors/Guardrail-Distillation/data/cityscapes/leftImg8bit/val/frankfurt/frankfurt_000001_040732_leftImg8bit.png,,0.4805214423089773,0.5194785576910227,0.9104626774787903,0.9519843459129333,0.11873708665370941,0.12677234411239624,0.27650541067123413,0.8950830101966858,0.319701224565506,-5.892063617706299,5.832101345062256,0.014141302555799484,0.06726048141717911,453565,2.8978424961678684,4.898743005469441,16.23354625189677,1.0,0.0,126850,0.4988577865116671,0.5011422134883329,12803,0.12901706993579865,0.001417360850609839,10.676448495360091,0.06074923649430275,0.9392507635056973,0.24027886986732483,0.3524174988269806,0.028731733560562134,0.5071824193000793,0.49281758069992065,0.5518859028816223,0.5917806625366211,0.532476007938385,0.5071824193000793,0.49281758069992065,0.5071824193000793,0.49281758069992065,0.5075576336061934,0.49244236639380656,0.9417657852172852,1.0,0.0,0.0,0.5254715633332087,0.47452843666679134,0.026613776821541535,0.027036191297216128,0.027036191297216128,0.048054855316877365,0.016751734539866447,0.9729638087027839,0.027036191297216128,0.07140101492404938,0.01432870700955391,390440
b0_cityscapes_val,2026-07-07 05:27:25,cityscapes,val,all,student_skd,/scratch/gautschi/manors/hf_cache/models--nvidia--mit-b0/snapshots/80983a413c30d36a39c20203974ae7807835e2b4,outputs-guardrailpp-v4/student_skd.ckpt,skd,img_000148,/home/manors/Guardrail-Distillation/data/cityscapes/leftImg8bit/val/frankfurt/frankfurt_000001_041074_leftImg8bit.png,,0.4714792043690785,0.5285207956309215,0.9143384099006653,0.9397852420806885,0.13315026462078094,0.15731757879257202,0.30995839834213257,0.8759269118309021,0.37074780464172363,-6.117636203765869,6.041698932647705,0.019958453252911568,0.08830776810646057,450085,2.8949044935870916,4.881519475020468,16.243121761363,0.9684071937168461,0.03159280628315386,123458,0.5579398871669246,0.44206011283307545,2666,0.15938231348991394,0.00145086704287678,10.687878006137908,0.07839454710483551,0.9216054528951645,0.31662169098854065,0.4194799065589905,0.05714510381221771,0.5142824053764343,0.4857175946235657,0.5875498652458191,0.6267367601394653,0.5141713619232178,0.5142824053764343,0.4857175946235657,0.5142824053764343,0.4857175946235657,0.5521547603860251,0.44784523961397493,0.9395291805267334,0.652336457615052,0.347663542384948,0.0,0.792173372312402,0.20782662768759796,0.23423348514547748,0.08067555601694654,0.08067555601694654,0.04512481018900871,0.01993401348590851,0.9193244439830535,0.08067555601694654,0.07658997923135757,0.0044236090034246445,372283
b0_cityscapes_val,2026-07-07 05:27:25,cityscapes,val,all,student_skd,/scratch/gautschi/manors/hf_cache/models--nvidia--mit-b0/snapshots/80983a413c30d36a39c20203974ae7807835e2b4,outputs-guardrailpp-v4/student_skd.ckpt,skd,img_000149,/home/manors/Guardrail-Distillation/data/cityscapes/leftImg8bit/val/frankfurt/frankfurt_000001_041354_leftImg8bit.png,,0.6074530257707714,0.3925469742292286,0.8983874917030334,0.9525657892227173,0.11252649873495102,0.11341889947652817,0.2308691293001175,0.9030812978744507,0.2750975787639618,-6.154242515563965,6.096437454223633,0.005076119210571051,0.06532715260982513,443843,2.8949044935870916,4.881519475020468,16.243121761363,0.7367257481200284,0.26327425187997155,122310,0.9767720982773228,0.02322790172267719,28328,0.11459095031023026,0.0007618390372954309,10.687878006137908,0.0651264414191246,0.9348735585808754,0.2666347622871399,0.4013381600379944,0.04546615853905678,0.5113645792007446,0.48863542079925537,0.5747336149215698,0.6281179785728455,0.5080426335334778,0.5113645792007446,0.48863542079925537,0.5113645792007446,0.48863542079925537,0.7899334930942504,0.21006650690574957,0.9766899347305298,0.6614323366897058,0.3385676633102942,0.0,0.9836204462016379,0.01637955379836209,0.006848347924315101,0.182480467323479,0.182480467323479,0.0863165557384491,0.008014095015823841,0.817519532676521,0.182480467323479,0.09587624669075012,0.0324709415435791,378984
b0_cityscapes_val,2026-07-07 05:27:25,cityscapes,val,all,student_skd,/scratch/gautschi/manors/hf_cache/models--nvidia--mit-b0/snapshots/80983a413c30d36a39c20203974ae7807835e2b4,outputs-guardrailpp-v4/student_skd.ckpt,skd,img_000150,/home/manors/Guardrail-Distillation/data/cityscapes/leftImg8bit/val/frankfurt/frankfurt_000001_041517_leftImg8bit.png,,0.6572381495003222,0.3427618504996778,0.9357994198799133,0.9626215100288391,0.10222788900136948,0.0973317101597786,0.22883166372776031,0.9160535335540771,0.2536354959011078,-6.222909450531006,6.177126407623291,0.008066617883741856,0.04937300458550453,460292,2.8949044935870916,4.881519475020468,16.243121761363,1.0,0.0,126850,0.6004963412612713,0.39950365873872873,34103,0.09911693632602692,0.0011381026124581695,10.687878006137908,0.05469317361712456,0.9453068263828754,0.22538143396377563,0.33545029163360596,0.02380698174238205,0.505951464176178,0.494048535823822,0.5535281300544739,0.5913069248199463,0.5141447186470032,0.505951464176178,0.494048535823822,0.505951464176178,0.494048535823822,0.7636773027379294,0.23632269726207056,0.9558649063110352,1.0,0.0,0.0,0.9344606422004196,0.06553935779958042,0.3339643009391483,0.10643915323760722,0.10643915323760722,0.042081981897354126,0.022016458213329315,0.8935608467623928,0.10643915323760722,0.06639046221971512,0.015235980041325092,408816
b0_cityscapes_val,2026-07-07 05:27:25,cityscapes,val,all,student_skd,/scratch/gautschi/manors/hf_cache/models--nvidia--mit-b0/snapshots/80983a413c30d36a39c20203974ae7807835e2b4,outputs-guardrailpp-v4/student_skd.ckpt,skd,img_000151,/home/manors/Guardrail-Distillation/data/cityscapes/leftImg8bit/val/frankfurt/frankfurt_000001_041664_leftImg8bit.png,,0.4478128465879333,0.5521871534120667,0.948570728302002,0.9649170637130737,0.10117986798286438,0.09369052201509476,0.23528480529785156,0.9169480800628662,0.265057235956192,-6.358036041259766,6.314718723297119,0.008003419265151024,0.04773335158824921,456180,2.8949044935870916,4.881519475020468,16.243121761363,0.6533036476519504,0.34669635234804963,126850,0.3804408631821586,0.6195591368178415,9790,0.09535501897335052,0.0010555717162787914,10.687878006137908,0.04818924143910408,0.9518107585608959,0.19418694078922272,0.3075598180294037,0.012555609457194805,0.5031388998031616,0.4968611001968384,0.5394126772880554,0.5743666887283325,0.5170450210571289,0.5031388998031616,0.4968611001968384,0.5031388998031616,0.4968611001968384,0.5790765966117528,0.4209234033882472,0.9634354710578918,0.6584911808298118,0.34150881917018816,0.00518753317786147,0.5712445999589585,0.4287554000410415,0.19080373677679996,0.13126375002381951,0.13126375002381951,0.02254153974354267,0.007676794193685055,0.8687362499761805,0.13126375002381951,0.03569205105304718,0.002207461977377534,409252
b0_cityscapes_val,2026-07-07 05:27:25,cityscapes,val,all,student_skd,/scratch/gautschi/manors/hf_cache/models--nvidia--mit-b0/snapshots/80983a413c30d36a39c20203974ae7807835e2b4,outputs-guardrailpp-v4/student_skd.ckpt,skd,img_000152,/home/manors/Guardrail-Distillation/data/cityscapes/leftImg8bit/val/frankfurt/frankfurt_000001_042098_leftImg8bit.png,,0.4552962418747891,0.5447037581252109,0.9152600169181824,0.9436882734298706,0.12974821031093597,0.14953763782978058,0.3086914122104645,0.8847355246543884,0.3415693938732147,-6.161734580993652,6.090603351593018,0.019742650911211967,0.0807250589132309,448572,2.9005482501816005,4.901070264168084,16.24184352112934,0.6563990810474755,0.34360091895252454,126668,0.2174119452431634,0.7825880547568366,3116,0.15151071548461914,0.0014051954494789243,10.674863500753418,0.07447860389947891,0.9255213961005211,0.3240412473678589,0.41657471656799316,0.05179443210363388,0.5129457116127014,0.4870542883872986,0.5930909514427185,0.6280165314674377,0.528895914554596,0.5129457116127014,0.4870542883872986,0.5129457116127014,0.4870542883872986,0.5831788530813008,0.4168211469186992,0.9402794241905212,0.6627783244076696,0.3372216755923304,0.006379243360194131,0.32390109701037195,0.676098902989628,0.10648915176720852,0.12788261120651168,0.12788261120651168,0.03794708475470543,0.012927690520882607,0.8721173887934883,0.12788261120651168,0.057009801268577576,0.002470060484483838,373869
b0_cityscapes_val,2026-07-07 05:27:25,cityscapes,val,all,student_skd,/scratch/gautschi/manors/hf_cache/models--nvidia--mit-b0/snapshots/80983a413c30d36a39c20203974ae7807835e2b4,outputs-guardrailpp-v4/student_skd.ckpt,skd,img_000153,/home/manors/Guardrail-Distillation/data/cityscapes/leftImg8bit/val/frankfurt/frankfurt_000001_042384_leftImg8bit.png,,0.5582210961340923,0.4417789038659077,0.9318100214004517,0.9582465887069702,0.11433925479650497,0.11197298765182495,0.2734297215938568,0.9079059362411499,0.28737515211105347,-6.253678321838379,6.200831413269043,0.015157341957092285,0.05851639062166214,442030,2.9005482501816005,4.901070264168084,16.24184352112934,0.8611167726513479,0.1388832273486521,126850,0.8268993584143387,0.1731006415856613,5540,0.1139194592833519,0.0012156885350123048,10.674863500753418,0.05499584227800369,0.9450041577219963,0.23613134026527405,0.3623802065849304,0.021662961691617966,0.5054155588150024,0.49458444118499756,0.5532025694847107,0.5947402715682983,0.5188510417938232,0.5054155588150024,0.49458444118499756,0.5054155588150024,0.49458444118499756,0.7449097250529034,0.2550902749470966,0.9558197259902954,0.8895030015790235,0.11049699842097649,0.028386228927675616,0.8583131512536633,0.14168684874633675,0.03141379283932455,0.1866886289188111,0.1866886289188111,0.03384611755609512,0.009836436249315739,0.8133113710811889,0.1866886289188111,0.05107119306921959,0.0037734995130449533,389655
b0_cityscapes_val,2026-07-07 05:27:25,cityscapes,val,all,student_skd,/scratch/gautschi/manors/hf_cache/models--nvidia--mit-b0/snapshots/80983a413c30d36a39c20203974ae7807835e2b4,outputs-guardrailpp-v4/student_skd.ckpt,skd,img_000154,/home/manors/Guardrail-Distillation/data/cityscapes/leftImg8bit/val/frankfurt/frankfurt_000001_042733_leftImg8bit.png,,0.6158900912938208,0.3841099087061792,0.9307845830917358,0.953586757183075,0.12146273255348206,0.1256619542837143,0.2909129559993744,0.8964261412620544,0.32485392689704895,-6.196383476257324,6.137125492095947,0.01965361088514328,0.06516791880130768,463986,2.9005482501816005,4.901070264168084,16.24184352112934,0.9580824142610195,0.04191758573898052,126850,0.5897669802179114,0.4102330197820886,99841,0.12787103652954102,0.001512995921075344,10.674863500753418,0.06149236112833023,0.9385076388716698,0.251980185508728,0.3862387239933014,0.02813093550503254,0.5070322751998901,0.49296772480010986,0.5528237223625183,0.6011127829551697,0.527370274066925,0.5070322751998901,0.49296772480010986,0.5070322751998901,0.49296772480010986,0.7161799012102518,0.28382009878974823,0.9567573666572571,0.9763440487034356,0.023655951296564393,0.01826163444241613,0.6732986866885918,0.32670131331140817,0.08353170647068042,0.100289809916431,0.100289809916431,0.035003211349248886,0.009030445478856564,0.899710190083569,0.100289809916431,0.05242184177041054,0.006288983393460512,404535
b0_cityscapes_val,2026-07-07 05:27:25,cityscapes,val,all,student_skd,/scratch/gautschi/manors/hf_cache/models--nvidia--mit-b0/snapshots/80983a413c30d36a39c20203974ae7807835e2b4,outputs-guardrailpp-v4/student_skd.ckpt,skd,img_000155,/home/manors/Guardrail-Distillation/data/cityscapes/leftImg8bit/val/frankfurt/frankfurt_000001_043395_leftImg8bit.png,,0.618154197245716,0.38184580275428404,0.9530060291290283,0.9642408490180969,0.1018986627459526,0.09201988577842712,0.22629739344120026,0.9201297760009766,0.24375061690807343,-6.316010475158691,6.271937847137451,0.008503629826009274,0.04886951297521591,455335,2.9005482501816005,4.901070264168084,16.24184352112934,1.0,0.0,126850,0.6161266233271415,0.3838733766728585,31508,0.09347641468048096,0.0010345319751650095,10.674863500753418,0.048315294086933136,0.9516847059130669,0.2029651552438736,0.32121333479881287,0.008193629793822765,0.5020483732223511,0.4979516267776489,0.5468803644180298,0.5803468823432922,0.5580243468284607,0.5020483732223511,0.4979516267776489,0.5020483732223511,0.4979516267776489,0.7403139814328847,0.25968601856711526,0.968544065952301,1.0,0.0,0.0,0.8538725787577218,0.14612742124227818,0.2377459554305803,0.12215978418716877,0.12215978418716877,0.026005029678344727,0.01046701893210411,0.8778402158128312,0.12215978418716877,0.03833441436290741,0.0026661688461899757,406430
b0_cityscapes_val,2026-07-07 05:27:25,cityscapes,val,all,student_skd,/scratch/gautschi/manors/hf_cache/models--nvidia--mit-b0/snapshots/80983a413c30d36a39c20203974ae7807835e2b4,outputs-guardrailpp-v4/student_skd.ckpt,skd,img_000156,/home/manors/Guardrail-Distillation/data/cityscapes/leftImg8bit/val/frankfurt/frankfurt_000001_043564_leftImg8bit.png,,0.4452340114409109,0.5547659885590891,0.9196240305900574,0.961573600769043,0.10681126266717911,0.10355523973703384,0.25299423933029175,0.9120486378669739,0.2816440165042877,-6.066351413726807,6.018609523773193,0.01072143018245697,0.052752383053302765,460946,2.900599007261917,4.894041223451495,16.246113256784156,1.0,0.0,126544,0.3828687754462888,0.6171312245537113,10132,0.10574822872877121,0.0014307266101241112,10.686308494769037,0.05506053566932678,0.9449394643306732,0.2513386309146881,0.38512688875198364,0.026051215827465057,0.506512463092804,0.49348753690719604,0.5642087459564209,0.6160660982131958,0.4998669922351837,0.506512463092804,0.49348753690719604,0.506512463092804,0.49348753690719604,0.46939089707971926,0.5306091029202807,0.9497902393341064,1.0,0.0,0.0,0.23042593172564985,0.7695740682743502,0.0,0.024156885638808356,0.024156885638808356,0.04497490078210831,0.014808676205575466,0.9758431143611916,0.024156885638808356,0.06655009835958481,0.014255465939640999,407991
b0_cityscapes_val,2026-07-07 05:27:25,cityscapes,val,all,student_skd,/scratch/gautschi/manors/hf_cache/models--nvidia--mit-b0/snapshots/80983a413c30d36a39c20203974ae7807835e2b4,outputs-guardrailpp-v4/student_skd.ckpt,skd,img_000157,/home/manors/Guardrail-Distillation/data/cityscapes/leftImg8bit/val/frankfurt/frankfurt_000001_044227_leftImg8bit.png,,0.45710237848661145,0.5428976215133885,0.8746183514595032,0.940615713596344,0.12433388829231262,0.1538858711719513,0.2795875072479248,0.875317394733429,0.3587014675140381,-6.140587329864502,6.067765712738037,0.011798539198935032,0.07885447889566422,457260,2.900599007261917,4.894041223451495,16.246113256784156,0.5939120922473129,0.4060879077526871,126850,0.43341048868280174,0.5665895113171983,21719,0.15595659613609314,0.0012583032948896289,10.686308494769037,0.09070678055286407,0.9092932194471359,0.3587074279785156,0.438426673412323,0.07680422812700272,0.5191916227340698,0.4808083772659302,0.6022048592567444,0.636589765548706,0.5172036290168762,0.5191916227340698,0.4808083772659302,0.5191916227340698,0.4808083772659302,0.5731926074238183,0.4268073925761817,0.9369046092033386,0.9940553581295806,0.0059446418704194315,0.4001432658822677,0.6362263134160193,0.3637736865839807,0.20281582473321758,0.11609022893720677,0.11609022893720677,0.0793837234377861,0.01709749363362789,0.8839097710627932,0.11609022893720677,0.11255959421396255,0.036836810410022736,373606
b0_cityscapes_val,2026-07-07 05:27:25,cityscapes,val,all,student_skd,/scratch/gautschi/manors/hf_cache/models--nvidia--mit-b0/snapshots/80983a413c30d36a39c20203974ae7807835e2b4,outputs-guardrailpp-v4/student_skd.ckpt,skd,img_000158,/home/manors/Guardrail-Distillation/data/cityscapes/leftImg8bit/val/frankfurt/frankfurt_000001_044413_leftImg8bit.png,,0.4587564265423931,0.5412435734576069,0.9488500356674194,0.9613530039787292,0.10165165364742279,0.09539350867271423,0.21620148420333862,0.9166644215583801,0.24659830331802368,-6.404346942901611,6.357573986053467,0.003628600388765335,0.05392589792609215,449209,2.900599007261917,4.894041223451495,16.246113256784156,0.826977923551852,0.17302207644814804,123555,0.48503740301452203,0.514962596985478,16472,0.09647558629512787,0.0007599989185109735,10.686308494769037,0.04450778663158417,0.9554922133684158,0.20066134631633759,0.2979208528995514,0.01563873142004013,0.5039095878601074,0.4960904121398926,0.5512697100639343,0.5907953977584839,0.4919435679912567,0.5039095878601074,0.4960904121398926,0.5039095878601074,0.4960904121398926,0.572062233892839,0.42793776610716106,0.965274453163147,0.9066405851565242,0.09335941484347576,0.07966266160467228,0.5707548803617281,0.42924511963827194,0.08571747734720603,0.11330580735044582,0.11330580735044582,0.023325445130467415,0.006901018787175417,0.8866941926495542,0.11330580735044582,0.0332651361823082,0.003753263968974352,394955
b0_cityscapes_val,2026-07-07 05:27:25,cityscapes,val,all,student_skd,/scratch/gautschi/manors/hf_cache/models--nvidia--mit-b0/snapshots/80983a413c30d36a39c20203974ae7807835e2b4,outputs-guardrailpp-v4/student_skd.ckpt,skd,img_000159,/home/manors/Guardrail-Distillation/data/cityscapes/leftImg8bit/val/frankfurt/frankfurt_000001_044525_leftImg8bit.png,,0.4210604201605468,0.5789395798394532,0.928471565246582,0.9497292041778564,0.1226516142487526,0.130027636885643,0.28388944268226624,0.897075355052948,0.30413538217544556,-6.2747931480407715,6.211620330810547,0.0162860956043005,0.07174502313137054,457077,2.900599007261917,4.894041223451495,16.246113256784156,0.9134028072124215,0.08659719278757849,126850,0.35498626444581144,0.6450137355541885,9142,0.1318379044532776,0.0012918880674988031,10.686308494769037,0.06376031786203384,0.9362396821379662,0.27159032225608826,0.4019246995449066,0.03352638706564903,0.5083808302879333,0.49161916971206665,0.5605120658874512,0.6090049147605896,0.5201179385185242,0.5083808302879333,0.49161916971206665,0.5083808302879333,0.49161916971206665,0.4863072448467426,0.5136927551532574,0.95088791847229,0.880235713181053,0.11976428681894702,0.0,0.43608481792788095,0.5639151820721191,0.0810985534820694,0.0652468246861958,0.0652468246861958,0.03846616670489311,0.016049811616539955,0.9347531753138042,0.0652468246861958,0.061250075697898865,0.0034261185210198164,390147
b0_cityscapes_val,2026-07-07 05:27:26,cityscapes,val,all,student_skd,/scratch/gautschi/manors/hf_cache/models--nvidia--mit-b0/snapshots/80983a413c30d36a39c20203974ae7807835e2b4,outputs-guardrailpp-v4/student_skd.ckpt,skd,img_000160,/home/manors/Guardrail-Distillation/data/cityscapes/leftImg8bit/val/frankfurt/frankfurt_000001_044658_leftImg8bit.png,,0.47404195867867843,0.5259580413213216,0.9217084050178528,0.9614068269729614,0.10016059875488281,0.10258448868989944,0.22575365006923676,0.9095138907432556,0.2769313156604767,-6.359368324279785,6.312830924987793,0.005171688739210367,0.04827799275517464,449563,2.8966880054213107,4.891455260803923,16.250664746621624,1.0,0.0,126850,0.4173149371731959,0.5826850628268041,24813,0.10421354323625565,0.0009370478219352663,10.68353300797753,0.05208832398056984,0.9479116760194302,0.2265021651983261,0.3279506266117096,0.016396211460232735,0.5040989518165588,0.49590104818344116,0.5533776879310608,0.5924317836761475,0.5361865162849426,0.5040989518165588,0.49590104818344116,0.5040989518165588,0.49590104818344116,0.5864931685632058,0.41350683143679423,0.9407647252082825,1.0,0.0,0.0,0.516045365119399,0.483954634880601,0.09873042794620313,0.11245120988452739,0.11245120988452739,0.026563573628664017,0.0075072902254760265,0.8875487901154726,0.11245120988452739,0.04037698730826378,0.0027804779820144176,395782
b0_cityscapes_val,2026-07-07 05:27:26,cityscapes,val,all,student_skd,/scratch/gautschi/manors/hf_cache/models--nvidia--mit-b0/snapshots/80983a413c30d36a39c20203974ae7807835e2b4,outputs-guardrailpp-v4/student_skd.ckpt,skd,img_000161,/home/manors/Guardrail-Distillation/data/cityscapes/leftImg8bit/val/frankfurt/frankfurt_000001_044787_leftImg8bit.png,,0.47586830299830735,0.5241316970016927,0.8340755701065063,0.9461808204650879,0.12657201290130615,0.14240284264087677,0.2930654287338257,0.8844672441482544,0.3510867953300476,-6.202017307281494,6.134253978729248,0.01890203356742859,0.07700767368078232,423711,2.8966880054213107,4.891455260803923,16.250664746621624,0.6636240703177823,0.33637592968221774,108714,0.7792239724356794,0.22077602756432058,27143,0.14444337785243988,0.001324368524365127,10.68353300797753,0.07159633934497833,0.9284036606550217,0.30910709500312805,0.4033220410346985,0.03897392377257347,0.509742259979248,0.49025774002075195,0.5744476318359375,0.6155707836151123,0.5116643309593201,0.509742259979248,0.49025774002075195,0.509742259979248,0.49025774002075195,0.5702917327612004,0.4297082672387996,0.8503885865211487,0.6636240703177823,0.33637592968221774,0.0,0.8586120421862207,0.14138795781377933,0.07938806975054125,0.09442342976289309,0.09442342976289309,0.02679656632244587,0.010483560152351856,0.9055765702371069,0.09442342976289309,0.05330992117524147,0.0025512671563774347,358971
b0_cityscapes_val,2026-07-07 05:27:26,cityscapes,val,all,student_skd,/scratch/gautschi/manors/hf_cache/models--nvidia--mit-b0/snapshots/80983a413c30d36a39c20203974ae7807835e2b4,outputs-guardrailpp-v4/student_skd.ckpt,skd,img_000162,/home/manors/Guardrail-Distillation/data/cityscapes/leftImg8bit/val/frankfurt/frankfurt_000001_046126_leftImg8bit.png,,0.48228567571818637,0.5177143242818136,0.9210436344146729,0.9518463611602783,0.11846255511045456,0.13087742030620575,0.27977582812309265,0.8931478261947632,0.3237316608428955,-6.136841773986816,6.0766401290893555,0.01735089346766472,0.06441763788461685,460495,2.8966880054213107,4.891455260803923,16.250664746621624,1.0,0.0,126850,0.46089243267101165,0.5391075673289883,10925,0.13301600515842438,0.0014300297480076551,10.68353300797753,0.07175222784280777,0.9282477721571922,0.3018779754638672,0.4285988509654999,0.052638329565525055,0.513156533241272,0.486843466758728,0.5795763731002808,0.6310410499572754,0.519100546836853,0.513156533241272,0.486843466758728,0.513156533241272,0.486843466758728,0.5815838140708929,0.4184161859291071,0.9357994794845581,1.0,0.0,0.0,0.5106480373490554,0.4893519626509446,0.04975560467804374,0.09929813835270651,0.09929813835270651,0.027674566954374313,0.012918706983327866,0.9007018616472935,0.09929813835270651,0.05165528133511543,0.006019609048962593,397453
b0_cityscapes_val,2026-07-07 05:27:26,cityscapes,val,all,student_skd,/scratch/gautschi/manors/hf_cache/models--nvidia--mit-b0/snapshots/80983a413c30d36a39c20203974ae7807835e2b4,outputs-guardrailpp-v4/student_skd.ckpt,skd,img_000163,/home/manors/Guardrail-Distillation/data/cityscapes/leftImg8bit/val/frankfurt/frankfurt_000001_046272_leftImg8bit.png,,0.5564144388178446,0.4435855611821554,0.9153257012367249,0.9474185705184937,0.11623678356409073,0.13767628371715546,0.2566215991973877,0.8786380290985107,0.36977145075798035,-5.778111457824707,5.714078903198242,0.008537519723176956,0.06783866882324219,459384,2.8966880054213107,4.891455260803923,16.250664746621624,0.9202589504879328,0.07974104951206717,126850,0.8921638544132694,0.1078361455867306,30175,0.13992755115032196,0.0013506130781024694,10.68353300797753,0.0729956328868866,0.9270043671131134,0.2815491259098053,0.3601926267147064,0.04767698049545288,0.511916995048523,0.48808300495147705,0.5722010135650635,0.6028437614440918,0.5080671906471252,0.511916995048523,0.48808300495147705,0.511916995048523,0.48808300495147705,0.7229637709655689,0.27703622903443115,0.939109742641449,0.9244961148683268,0.07550388513167317,0.0042371643803940096,0.9461599277717057,0.053840072228294344,0.05399607335843626,0.16654933214772427,0.16654933214772427,0.04318173974752426,0.019397715106606483,0.8334506678522757,0.16654933214772427,0.06799322366714478,0.00929287914186716,385945
b0_cityscapes_val,2026-07-07 05:27:26,cityscapes,val,all,student_skd,/scratch/gautschi/manors/hf_cache/models--nvidia--mit-b0/snapshots/80983a413c30d36a39c20203974ae7807835e2b4,outputs-guardrailpp-v4/student_skd.ckpt,skd,img_000164,/home/manors/Guardrail-Distillation/data/cityscapes/leftImg8bit/val/frankfurt/frankfurt_000001_046504_leftImg8bit.png,,0.5044509298372841,0.4955490701627159,0.9419179558753967,0.9698693156242371,0.09119493514299393,0.08063088357448578,0.2067670226097107,0.925494372844696,0.2371995598077774,-6.410056114196777,6.373346328735352,0.005298446398228407,0.037455905228853226,428050,2.9004210082348436,4.890868760412559,16.238972748396918,0.7598540254542359,0.24014597454576414,126850,0.8217700509980147,0.1782299490019853,43572,0.08192484825849533,0.000728647573851049,10.68625575862825,0.04298175126314163,0.9570182487368584,0.16550299525260925,0.30495524406433105,0.0009337658411823213,0.5002334713935852,0.4997665286064148,0.533635675907135,0.576209306716919,0.5164268016815186,0.5002334713935852,0.4997665286064148,0.5002334713935852,0.4997665286064148,0.6245062705631862,0.3754937294368138,0.965611457824707,0.8545583047428479,0.14544169525715211,0.09470427928861203,0.9117567112881376,0.08824328871186238,0.08998666029012292,0.12005534072590207,0.12005534072590207,0.03136315941810608,0.007669664453715086,0.8799446592740979,0.12005534072590207,0.04168671742081642,0.007555191870778799,389966
b0_cityscapes_val,2026-07-07 05:27:26,cityscapes,val,all,student_skd,/scratch/gautschi/manors/hf_cache/models--nvidia--mit-b0/snapshots/80983a413c30d36a39c20203974ae7807835e2b4,outputs-guardrailpp-v4/student_skd.ckpt,skd,img_000165,/home/manors/Guardrail-Distillation/data/cityscapes/leftImg8bit/val/frankfurt/frankfurt_000001_046779_leftImg8bit.png,,0.4210860654477341,0.5789139345522659,0.947810173034668,0.9658226370811462,0.10185020416975021,0.08757194876670837,0.22905531525611877,0.9251194000244141,0.23219166696071625,-6.539688587188721,6.4971442222595215,0.009970648214221,0.04738793522119522,466068,2.9004210082348436,4.890868760412559,16.238972748396918,0.8686976781958866,0.1313023218041134,126850,0.5291312083892344,0.47086879161076556,113132,0.0890444740653038,0.0009239903301931918,10.68625575862825,0.03736976534128189,0.9626302346587181,0.1423059105873108,0.28084900975227356,0.0011316026793792844,0.500282883644104,0.499717116355896,0.525986909866333,0.5614042282104492,0.5193791389465332,0.500282883644104,0.499717116355896,0.500282883644104,0.499717116355896,0.46894061551021743,0.5310593844897826,0.960377037525177,0.9028578264613439,0.09714217353865606,0.034160148265457324,0.45290687032594046,0.5470931296740595,0.0,0.04785455006248329,0.04785455006248329,0.020908966660499573,0.008342130109667778,0.9521454499375167,0.04785455006248329,0.03670279681682587,0.002501780865713954,419530
b0_cityscapes_val,2026-07-07 05:27:26,cityscapes,val,all,student_skd,/scratch/gautschi/manors/hf_cache/models--nvidia--mit-b0/snapshots/80983a413c30d36a39c20203974ae7807835e2b4,outputs-guardrailpp-v4/student_skd.ckpt,skd,img_000166,/home/manors/Guardrail-Distillation/data/cityscapes/leftImg8bit/val/frankfurt/frankfurt_000001_047178_leftImg8bit.png,,0.5427715094985285,0.4572284905014715,0.9663553833961487,0.9729951024055481,0.08507446199655533,0.07028068602085114,0.18308952450752258,0.9329727292060852,0.211141899228096,-6.62932014465332,6.596776962280273,0.0037071160040795803,0.033420149236917496,463433,2.9004210082348436,4.890868760412559,16.238972748396918,0.9601832290420089,0.03981677095799108,126850,0.670195583443517,0.32980441655648296,161633,0.07164894789457321,0.0007382151670753956,10.68625575862825,0.030790917575359344,0.9692090824246407,0.10624959319829941,0.22138696908950806,-0.008685975335538387,0.49782854318618774,0.5021714568138123,0.5149738788604736,0.5402317643165588,0.525026798248291,0.49782854318618774,0.5021714568138123,0.49782854318618774,0.5021714568138123,0.6365242426869322,0.3634757573130678,0.9731740951538086,0.9666408800177176,0.03335911998228236,0.0064576509757087175,0.6917079342362737,0.30829206576372625,0.021512350792756707,0.09375273318840371,0.09375273318840371,0.014101282693445683,0.0072826058603823185,0.9062472668115963,0.09375273318840371,0.023293549194931984,0.001516939839348197,425745
b0_cityscapes_val,2026-07-07 05:27:26,cityscapes,val,all,student_skd,/scratch/gautschi/manors/hf_cache/models--nvidia--mit-b0/snapshots/80983a413c30d36a39c20203974ae7807835e2b4,outputs-guardrailpp-v4/student_skd.ckpt,skd,img_000167,/home/manors/Guardrail-Distillation/data/cityscapes/leftImg8bit/val/frankfurt/frankfurt_000001_047552_leftImg8bit.png,,0.6345346423882705,0.3654653576117295,0.9507624506950378,0.9745840430259705,0.08391168713569641,0.06483016908168793,0.1804344803094864,0.9396712779998779,0.18981631100177765,-6.586770057678223,6.5560526847839355,0.003030231222510338,0.033416301012039185,465641,2.9004210082348436,4.890868760412559,16.238972748396918,0.8680284532706991,0.1319715467293009,126850,0.9977423391733748,0.002257660826625152,118264,0.06581087410449982,0.000569238094612956,10.68625575862825,0.03342744708061218,0.9665725529193878,0.11332832276821136,0.2626495659351349,-0.005997517146170139,0.49850061535835266,0.5014993846416473,0.5169776678085327,0.5554570555686951,0.5383715033531189,0.49850061535835266,0.5014993846416473,0.49850061535835266,0.5014993846416473,0.6626064473292028,0.3373935526707972,0.9699231386184692,0.9284087078796891,0.0715912921203109,0.06038025460898999,0.9915358858147872,0.008464114185212757,0.0,0.02807180494093231,0.02807180494093231,0.02730429545044899,0.008143612183630466,0.9719281950590677,0.02807180494093231,0.03779091313481331,0.006021806038916111,429886
b0_cityscapes_val,2026-07-07 05:27:26,cityscapes,val,all,student_skd,/scratch/gautschi/manors/hf_cache/models--nvidia--mit-b0/snapshots/80983a413c30d36a39c20203974ae7807835e2b4,outputs-guardrailpp-v4/student_skd.ckpt,skd,img_000168,/home/manors/Guardrail-Distillation/data/cityscapes/leftImg8bit/val/frankfurt/frankfurt_000001_048196_leftImg8bit.png,,0.6223256390407558,0.3776743609592442,0.9463979005813599,0.9655883312225342,0.09469851851463318,0.09248551726341248,0.211269810795784,0.9142197370529175,0.2678389847278595,-6.278946399688721,6.237430572509766,0.0057143596932291985,0.04144412279129028,466194,2.8965872479602695,4.892263998044655,16.237241739872843,1.0,0.0,126850,0.595574900035779,0.40442509996422105,35233,0.09400737285614014,0.0009426846518181264,10.68008248694241,0.04912610352039337,0.9508738964796066,0.18959490954875946,0.2917981445789337,0.009804938919842243,0.5024512410163879,0.49754875898361206,0.5444391369819641,0.5787610411643982,0.5715407729148865,0.5024512410163879,0.49754875898361206,0.5024512410163879,0.49754875898361206,0.7068804790596411,0.29311952094035887,0.9630240201950073,1.0,0.0,0.0,0.9233339243103709,0.07666607568962913,0.3277590242745919,0.08455484001888536,0.08455484001888536,0.028069861233234406,0.011443734169006348,0.9154451599811146,0.08455484001888536,0.041817355901002884,0.007031407672911882,417992
b0_cityscapes_val,2026-07-07 05:27:26,cityscapes,val,all,student_skd,/scratch/gautschi/manors/hf_cache/models--nvidia--mit-b0/snapshots/80983a413c30d36a39c20203974ae7807835e2b4,outputs-guardrailpp-v4/student_skd.ckpt,skd,img_000169,/home/manors/Guardrail-Distillation/data/cityscapes/leftImg8bit/val/frankfurt/frankfurt_000001_048355_leftImg8bit.png,,0.4406267442191248,0.5593732557808753,0.9413734674453735,0.9673084616661072,0.09571831673383713,0.08589104562997818,0.21537819504737854,0.9228498935699463,0.23985710740089417,-6.1573076248168945,6.117326736450195,0.006766659207642078,0.04150417819619179,466700,2.8965872479602695,4.892263998044655,16.237241739872843,0.6236678195613581,0.3763321804386419,126850,0.33582963276190964,0.6641703672380903,131622,0.08738761395215988,0.0009599888580851257,10.68008248694241,0.03943181410431862,0.9605681858956814,0.15194612741470337,0.2706628739833832,-0.003263405291363597,0.49918416142463684,0.5008158385753632,0.5257308483123779,0.5581551194190979,0.5824792981147766,0.49918416142463684,0.5008158385753632,0.49918416142463684,0.5008158385753632,0.5949883312857313,0.40501166871426875,0.9675937294960022,0.9625231614968184,0.03747683850318162,0.3388553419354603,0.3902517040404233,0.6097482959595767,0.05442207127851362,0.15436158706660652,0.15436158706660652,0.03313048928976059,0.006910220719873905,0.8456384129333935,0.15436158706660652,0.04571244865655899,0.005843153689056635,421225
b0_cityscapes_val,2026-07-07 05:27:26,cityscapes,val,all,student_skd,/scratch/gautschi/manors/hf_cache/models--nvidia--mit-b0/snapshots/80983a413c30d36a39c20203974ae7807835e2b4,outputs-guardrailpp-v4/student_skd.ckpt,skd,img_000170,/home/manors/Guardrail-Distillation/data/cityscapes/leftImg8bit/val/frankfurt/frankfurt_000001_048654_leftImg8bit.png,,0.5107197003304459,0.4892802996695541,0.9390578866004944,0.963567852973938,0.09846889227628708,0.09394236654043198,0.2140410840511322,0.9149506688117981,0.2597065567970276,-5.96693754196167,5.922844409942627,0.004929130431264639,0.04742066189646721,461339,2.8965872479602695,4.892263998044655,16.237241739872843,0.892270635563204,0.10772936443679604,126850,0.5837241594150445,0.4162758405849555,15430,0.09554117172956467,0.0008304448565468192,10.68008248694241,0.04868881031870842,0.9513111896812916,0.19725976884365082,0.30487483739852905,0.005921951960772276,0.5014804601669312,0.49851953983306885,0.541143000125885,0.5756717324256897,0.5714404582977295,0.5014804601669312,0.49851953983306885,0.5014804601669312,0.49851953983306885,0.6974702283659382,0.3025297716340618,0.9647656083106995,0.9659354640596769,0.034064535940323104,0.07366482849647293,0.9146217784460867,0.08537822155391328,0.3308976190310422,0.1867505280354923,0.1867505280354923,0.03555953502655029,0.009851757436990738,0.8132494719645077,0.1867505280354923,0.049046363681554794,0.010822844691574574,409974
b0_cityscapes_val,2026-07-07 05:27:26,cityscapes,val,all,student_skd,/scratch/gautschi/manors/hf_cache/models--nvidia--mit-b0/snapshots/80983a413c30d36a39c20203974ae7807835e2b4,outputs-guardrailpp-v4/student_skd.ckpt,skd,img_000171,/home/manors/Guardrail-Distillation/data/cityscapes/leftImg8bit/val/frankfurt/frankfurt_000001_049078_leftImg8bit.png,,0.4413975992486366,0.5586024007513635,0.9659789204597473,0.9704163074493408,0.08950815349817276,0.08087919652462006,0.20505671203136444,0.9247183203697205,0.24124982953071594,-6.3038506507873535,6.268032073974609,0.005320241674780846,0.036599330604076385,457686,2.8965872479602695,4.892263998044655,16.237241739872843,1.0,0.0,126850,0.4909927013458212,0.5090072986541788,23742,0.0821014940738678,0.00065804977202788,10.68008248694241,0.04760017246007919,0.9523998275399208,0.18476074934005737,0.3134189248085022,0.007763728033751249,0.501940906047821,0.49805909395217896,0.5381268262863159,0.5745423436164856,0.5264163017272949,0.501940906047821,0.49805909395217896,0.501940906047821,0.49805909395217896,0.47292643015216246,0.5270735698478375,0.9744563102722168,1.0,0.0,0.0,0.4921050409524614,0.5078949590475386,0.0011123396066402558,0.031528830903525984,0.031528830903525984,0.014214986003935337,0.005737558472901583,0.968471169096474,0.031528830903525984,0.021525675430893898,0.002840375294908881,416952
b0_cityscapes_val,2026-07-07 05:27:26,cityscapes,val,all,student_skd,/scratch/gautschi/manors/hf_cache/models--nvidia--mit-b0/snapshots/80983a413c30d36a39c20203974ae7807835e2b4,outputs-guardrailpp-v4/student_skd.ckpt,skd,img_000172,/home/manors/Guardrail-Distillation/data/cityscapes/leftImg8bit/val/frankfurt/frankfurt_000001_049209_leftImg8bit.png,,0.4158577611067492,0.5841422388932508,0.9529245495796204,0.9646203517913818,0.10176391899585724,0.09540200233459473,0.23842407763004303,0.9167598485946655,0.26112616062164307,-6.241064071655273,6.1972198486328125,0.009828605689108372,0.046561844646930695,457542,2.8993675077799708,4.895090765785426,16.233853733865544,1.0,0.0,126850,0.24599593950624868,0.7540040604937513,28140,0.09701275825500488,0.0009304455015808344,10.68862050306052,0.054051920771598816,0.9459480792284012,0.23426561057567596,0.34218597412109375,0.005446648225188255,0.5013616681098938,0.4986383318901062,0.54808509349823,0.5806520581245422,0.5562987327575684,0.5013616681098938,0.4986383318901062,0.5013616681098938,0.4986383318901062,0.5834385325945464,0.41656146740545363,0.9659266471862793,1.0,0.0,0.0,0.4438040598962328,0.5561959401037673,0.19780812038998408,0.16758077148779715,0.16758077148779715,0.020435282960534096,0.00743319746106863,0.8324192285122028,0.16758077148779715,0.03126051649451256,0.002627081237733364,410251
b0_cityscapes_val,2026-07-07 05:27:26,cityscapes,val,all,student_skd,/scratch/gautschi/manors/hf_cache/models--nvidia--mit-b0/snapshots/80983a413c30d36a39c20203974ae7807835e2b4,outputs-guardrailpp-v4/student_skd.ckpt,skd,img_000173,/home/manors/Guardrail-Distillation/data/cityscapes/leftImg8bit/val/frankfurt/frankfurt_000001_049298_leftImg8bit.png,,0.5541214316538358,0.44587856834616424,0.9604236483573914,0.9698393940925598,0.09004176408052444,0.0824296697974205,0.20452144742012024,0.9215717911720276,0.25189730525016785,-6.243396759033203,6.2068891525268555,0.0053713275119662285,0.037004053592681885,423359,2.8993675077799708,4.895090765785426,16.233853733865544,1.0,0.0,95446,0.48672662402056943,0.5132733759794306,5111,0.08406458795070648,0.0008623412577435374,10.68862050306052,0.04248083382844925,0.9575191661715508,0.16177524626255035,0.2556815445423126,-0.004229135345667601,0.49894270300865173,0.5010572969913483,0.5297911763191223,0.5544814467430115,0.5517751574516296,0.49894270300865173,0.5010572969913483,0.49894270300865173,0.5010572969913483,0.607829321088038,0.392170678911962,0.9683743119239807,0.49897324141399324,0.5010267585860068,0.0,0.5077746620906293,0.49222533790937073,0.021048038070059838,0.05370788943420224,0.05370788943420224,0.017946941778063774,0.009996243752539158,0.9462921105657978,0.05370788943420224,0.030354851856827736,0.002869904739782214,385666
b0_cityscapes_val,2026-07-07 05:27:26,cityscapes,val,all,student_skd,/scratch/gautschi/manors/hf_cache/models--nvidia--mit-b0/snapshots/80983a413c30d36a39c20203974ae7807835e2b4,outputs-guardrailpp-v4/student_skd.ckpt,skd,img_000174,/home/manors/Guardrail-Distillation/data/cityscapes/leftImg8bit/val/frankfurt/frankfurt_000001_049698_leftImg8bit.png,,0.6170634520650695,0.3829365479349305,0.8984001278877258,0.9377550482749939,0.12679830193519592,0.15979446470737457,0.27747848629951477,0.8634869456291199,0.4043208658695221,-5.990283966064453,5.913782119750977,0.013135073706507683,0.08246434479951859,421467,2.8993675077799708,4.895090765785426,16.233853733865544,0.525210406796579,0.47478959320342096,103389,0.6452535798006299,0.3547464201993701,93392,0.162286639213562,0.0018916685367003083,10.68862050306052,0.09545064717531204,0.904549352824688,0.3470229208469391,0.41816771030426025,0.07311320304870605,0.5182701945304871,0.48172980546951294,0.596522867679596,0.6302710771560669,0.47829514741897583,0.5182701945304871,0.48172980546951294,0.5182701945304871,0.48172980546951294,0.7620442735376708,0.2379557264623292,0.9489568471908569,0.8393952990630885,0.16060470093691148,0.3141848922665095,0.7103956763560129,0.28960432364398714,0.06514209655538294,0.14498082147260127,0.14498082147260127,0.06444158405065536,0.013884835876524448,0.8550191785273987,0.14498082147260127,0.08291040360927582,0.015246745198965073,343122
b0_cityscapes_val,2026-07-07 05:27:26,cityscapes,val,all,student_skd,/scratch/gautschi/manors/hf_cache/models--nvidia--mit-b0/snapshots/80983a413c30d36a39c20203974ae7807835e2b4,outputs-guardrailpp-v4/student_skd.ckpt,skd,img_000175,/home/manors/Guardrail-Distillation/data/cityscapes/leftImg8bit/val/frankfurt/frankfurt_000001_049770_leftImg8bit.png,,0.4569540044256008,0.5430459955743991,0.8810830116271973,0.9440459609031677,0.12118060886859894,0.14462806284427643,0.2669316530227661,0.875231146812439,0.37398049235343933,-6.1485276222229,6.079860210418701,0.010883486829698086,0.07358045130968094,425507,2.8993675077799708,4.895090765785426,16.233853733865544,0.38772346935712465,0.6122765306428753,106151,0.4700129909661247,0.5299870090338753,89757,0.1475197970867157,0.0020387277472764254,10.68862050306052,0.07515789568424225,0.9248421043157578,0.28314998745918274,0.3866415023803711,0.039682790637016296,0.5099194049835205,0.4900805950164795,0.569127082824707,0.6087551116943359,0.4865712523460388,0.5099194049835205,0.4900805950164795,0.5099194049835205,0.4900805950164795,0.6520611920742825,0.3479388079257175,0.9474109411239624,0.9054498190068702,0.09455018099312984,0.5177263496497455,0.48355188581625297,0.516448114183747,0.013538894850128269,0.19510718764868162,0.19510718764868162,0.08111029863357544,0.01478236448019743,0.8048928123513184,0.19510718764868162,0.10036496818065643,0.02222524955868721,353695
b0_cityscapes_val,2026-07-07 05:27:26,cityscapes,val,all,student_skd,/scratch/gautschi/manors/hf_cache/models--nvidia--mit-b0/snapshots/80983a413c30d36a39c20203974ae7807835e2b4,outputs-guardrailpp-v4/student_skd.ckpt,skd,img_000176,/home/manors/Guardrail-Distillation/data/cityscapes/leftImg8bit/val/frankfurt/frankfurt_000001_050149_leftImg8bit.png,,0.5799733112466727,0.42002668875332727,0.9049913287162781,0.9442011117935181,0.12230437994003296,0.14858068525791168,0.2800564467906952,0.874695897102356,0.3793030381202698,-6.212058067321777,6.143287658691406,0.01444094069302082,0.0738365650177002,427119,2.8949580155313015,4.896650760201737,16.235706250881776,0.4663795895737079,0.533620410426292,106490,0.6677359519265292,0.33226404807347076,20070,0.15142711997032166,0.0016806387575343251,10.687600763048977,0.08414322137832642,0.9158567786216736,0.32632970809936523,0.40569737553596497,0.058147698640823364,0.5145328640937805,0.4854671359062195,0.585944414138794,0.6191814541816711,0.4814043641090393,0.5145328640937805,0.4854671359062195,0.5145328640937805,0.4854671359062195,0.7402303839996388,0.2597696160003612,0.952423095703125,0.9531582503391799,0.04684174966082011,0.48677866076547194,0.8360894749802762,0.1639105250197238,0.16835352305374696,0.16025707275296608,0.16025707275296608,0.059934116899967194,0.012502370402216911,0.8397429272470339,0.16025707275296608,0.07751235365867615,0.02207113243639469,356335
b0_cityscapes_val,2026-07-07 05:27:26,cityscapes,val,all,student_skd,/scratch/gautschi/manors/hf_cache/models--nvidia--mit-b0/snapshots/80983a413c30d36a39c20203974ae7807835e2b4,outputs-guardrailpp-v4/student_skd.ckpt,skd,img_000177,/home/manors/Guardrail-Distillation/data/cityscapes/leftImg8bit/val/frankfurt/frankfurt_000001_050686_leftImg8bit.png,,0.5246578630494846,0.4753421369505154,0.925331175327301,0.95243239402771,0.11810937523841858,0.12683223187923431,0.2779984176158905,0.8942344188690186,0.32621097564697266,-6.305059909820557,6.2455153465271,0.014269276522099972,0.06396378576755524,409341,2.8949580155313015,4.896650760201737,16.235706250881776,0.5982943925120016,0.40170560748799844,98992,0.5181122537758333,0.48188774622416675,97316,0.12921586632728577,0.0015369649045169353,10.687600763048977,0.06594440340995789,0.9340555965900421,0.26717400550842285,0.3743361532688141,0.03525707498192787,0.5088133215904236,0.4911866784095764,0.5571577548980713,0.597537100315094,0.5153566598892212,0.5088133215904236,0.4911866784095764,0.5088133215904236,0.4911866784095764,0.782491907720432,0.21750809227956802,0.9558631777763367,0.6337986134746147,0.36620138652538525,0.03550422096261319,0.916924871537047,0.08307512846295295,0.3988126177612138,0.2578340446709474,0.2578340446709474,0.04064337536692619,0.010111373849213123,0.7421659553290526,0.2578340446709474,0.05482714995741844,0.0033688293769955635,352161
b0_cityscapes_val,2026-07-07 05:27:26,cityscapes,val,all,student_skd,/scratch/gautschi/manors/hf_cache/models--nvidia--mit-b0/snapshots/80983a413c30d36a39c20203974ae7807835e2b4,outputs-guardrailpp-v4/student_skd.ckpt,skd,img_000178,/home/manors/Guardrail-Distillation/data/cityscapes/leftImg8bit/val/frankfurt/frankfurt_000001_051516_leftImg8bit.png,,0.5592321114944309,0.44076788850556914,0.8657642602920532,0.9320387244224548,0.1303505152463913,0.17197993397712708,0.28551721572875977,0.862269401550293,0.3822227418422699,-5.9593939781188965,5.87614631652832,0.013945051468908787,0.08749409019947052,463677,2.8949580155313015,4.896650760201737,16.235706250881776,0.8685140859613723,0.13148591403862775,126850,0.898353614889048,0.10164638511095203,1397,0.1736689805984497,0.0012919350992888212,10.687600763048977,0.11945906281471252,0.8805409371852875,0.40921252965927124,0.4829903244972229,0.12859338521957397,0.5321041345596313,0.46789586544036865,0.635623574256897,0.6639194488525391,0.4622853696346283,0.5321041345596313,0.46789586544036865,0.5321041345596313,0.46789586544036865,0.7441605353079932,0.2558394646920068,0.9499198198318481,0.6185085637737493,0.3814914362262507,0.0,0.9599141016463851,0.04008589835361487,0.06156048675733716,0.18492842381356234,0.18492842381356234,0.09981085360050201,0.015655294060707092,0.8150715761864377,0.18492842381356234,0.12297353148460388,0.03727163374423981,365674
b0_cityscapes_val,2026-07-07 05:27:26,cityscapes,val,all,student_skd,/scratch/gautschi/manors/hf_cache/models--nvidia--mit-b0/snapshots/80983a413c30d36a39c20203974ae7807835e2b4,outputs-guardrailpp-v4/student_skd.ckpt,skd,img_000179,/home/manors/Guardrail-Distillation/data/cityscapes/leftImg8bit/val/frankfurt/frankfurt_000001_051737_leftImg8bit.png,,0.626942571334114,0.373057428665886,0.9384341835975647,0.9718948602676392,0.09082916378974915,0.07480394095182419,0.20856641232967377,0.9322395324707031,0.2195148766040802,-5.8742804527282715,5.839694976806641,0.006494875065982342,0.037291768938302994,464982,2.8949580155313015,4.896650760201737,16.235706250881776,0.9354573971009639,0.06454260289903613,126850,0.5819021537854167,0.41809784621458335,18970,0.07619332522153854,0.0009282768005505204,10.687600763048977,0.0366545170545578,0.9633454829454422,0.13120174407958984,0.26898646354675293,-0.005452549550682306,0.4986368715763092,0.5013631284236908,0.5229982137680054,0.5611361861228943,0.6021182537078857,0.4986368715763092,0.5013631284236908,0.4986368715763092,0.5013631284236908,0.7746490297016716,0.2253509702983284,0.9572973251342773,0.9841208078131616,0.01587919218683842,0.04866341071219771,0.9433325584070446,0.05666744159295545,0.3614304046216279,0.14770645836755758,0.14770645836755758,0.024951504543423653,0.006088407710194588,0.8522935416324424,0.14770645836755758,0.034930385649204254,0.007088446523994207,426765
b0_cityscapes_val,2026-07-07 05:27:27,cityscapes,val,all,student_skd,/scratch/gautschi/manors/hf_cache/models--nvidia--mit-b0/snapshots/80983a413c30d36a39c20203974ae7807835e2b4,outputs-guardrailpp-v4/student_skd.ckpt,skd,img_000180,/home/manors/Guardrail-Distillation/data/cityscapes/leftImg8bit/val/frankfurt/frankfurt_000001_051807_leftImg8bit.png,,0.5333865339219942,0.4666134660780058,0.9275076389312744,0.9611967206001282,0.10370799899101257,0.10070112347602844,0.22911429405212402,0.910433292388916,0.27574390172958374,-5.832175254821777,5.784668922424316,0.008378690108656883,0.05026325210928917,449951,2.8928605024702847,4.890412266831845,16.2357319786679,1.0,0.0,126850,0.5690001758030027,0.43099982419699734,17123,0.10250207781791687,0.0011008065193891525,10.714703501434997,0.04913801699876785,0.9508619830012321,0.18766191601753235,0.28873416781425476,0.007765706162899733,0.5019413828849792,0.49805861711502075,0.5412994623184204,0.5696365833282471,0.5834407806396484,0.5019413828849792,0.49805861711502075,0.5019413828849792,0.49805861711502075,0.6578772131859896,0.3421227868140104,0.9486232995986938,1.0,0.0,0.0,0.6105676724387216,0.38943232756127844,0.041567496635718904,0.12449067926399537,0.12449067926399537,0.032865799963474274,0.011750168167054653,0.8755093207360046,0.12449067926399537,0.0469517782330513,0.008729839697480202,397677
b0_cityscapes_val,2026-07-07 05:27:27,cityscapes,val,all,student_skd,/scratch/gautschi/manors/hf_cache/models--nvidia--mit-b0/snapshots/80983a413c30d36a39c20203974ae7807835e2b4,outputs-guardrailpp-v4/student_skd.ckpt,skd,img_000181,/home/manors/Guardrail-Distillation/data/cityscapes/leftImg8bit/val/frankfurt/frankfurt_000001_052120_leftImg8bit.png,,0.5448840137527108,0.4551159862472892,0.9658737778663635,0.9753128290176392,0.08293324708938599,0.06528882682323456,0.18502365052700043,0.9379779100418091,0.20120283961296082,-6.3026275634765625,6.272674560546875,0.003980990964919329,0.031136639416217804,449888,2.8928605024702847,4.890412266831845,16.2357319786679,1.0,0.0,124174,0.8594458150453009,0.14055418495469907,49454,0.06646709889173508,0.000622303516138345,10.714703501434997,0.03452759236097336,0.9654724076390266,0.118428073823452,0.24841901659965515,-0.010483893565833569,0.49737903475761414,0.5026209652423859,0.517389178276062,0.5509085059165955,0.5805362462997437,0.49737903475761414,0.5026209652423859,0.49737903475761414,0.5026209652423859,0.5144065187634231,0.48559348123657686,0.9761318564414978,1.0,0.0,0.0,0.6873100244118809,0.31268997558811906,0.0,0.0,0.0,0.017033128067851067,0.0067750196903944016,1.0,0.0,0.02632877603173256,0.0021694288589060307,416673
b0_cityscapes_val,2026-07-07 05:27:27,cityscapes,val,all,student_skd,/scratch/gautschi/manors/hf_cache/models--nvidia--mit-b0/snapshots/80983a413c30d36a39c20203974ae7807835e2b4,outputs-guardrailpp-v4/student_skd.ckpt,skd,img_000182,/home/manors/Guardrail-Distillation/data/cityscapes/leftImg8bit/val/frankfurt/frankfurt_000001_052594_leftImg8bit.png,,0.5766080309110944,0.42339196908890564,0.9419184923171997,0.9602991342544556,0.10853888094425201,0.1017851009964943,0.2474571019411087,0.9134493470191956,0.27131497859954834,-5.798991680145264,5.749724864959717,0.009063558652997017,0.05676287040114403,449713,2.8928605024702847,4.890412266831845,16.2357319786679,0.7365876176419885,0.26341238235801145,126850,0.850591208517092,0.14940879148290798,45060,0.10391265898942947,0.0014071159530431032,10.714703501434997,0.05432311072945595,0.945676889270544,0.23298214375972748,0.3697008192539215,0.021751420572400093,0.5054376125335693,0.49456238746643066,0.5531442761421204,0.598236620426178,0.5727809071540833,0.5054376125335693,0.49456238746643066,0.5054376125335693,0.49456238746643066,0.7040066441546391,0.2959933558453609,0.9693715572357178,0.8146679494991513,0.18533205050084867,0.07808033185716279,0.8339928342545947,0.1660071657454053,0.0,0.12739861324354473,0.12739861324354473,0.03747723624110222,0.010024171322584152,0.8726013867564553,0.12739861324354473,0.05087911710143089,0.0048408652655780315,396108
b0_cityscapes_val,2026-07-07 05:27:27,cityscapes,val,all,student_skd,/scratch/gautschi/manors/hf_cache/models--nvidia--mit-b0/snapshots/80983a413c30d36a39c20203974ae7807835e2b4,outputs-guardrailpp-v4/student_skd.ckpt,skd,img_000183,/home/manors/Guardrail-Distillation/data/cityscapes/leftImg8bit/val/frankfurt/frankfurt_000001_053102_leftImg8bit.png,,0.5856048633577319,0.4143951366422681,0.9592711925506592,0.965218186378479,0.10192522406578064,0.09103068709373474,0.23602569103240967,0.9212942719459534,0.25135841965675354,-5.831085205078125,5.787949562072754,0.0082877017557621,0.0480225495994091,446686,2.8928605024702847,4.890412266831845,16.2357319786679,1.0,0.0,126850,0.7519940631056862,0.24800593689431383,25559,0.0926179364323616,0.001052818144671619,10.714703501434997,0.04969274625182152,0.9503072537481785,0.2203315943479538,0.3533805310726166,0.01586184836924076,0.5039653778076172,0.4960346221923828,0.5474259257316589,0.5941928625106812,0.5758978724479675,0.5039653778076172,0.4960346221923828,0.5039653778076172,0.4960346221923828,0.7022529525789678,0.2977470474210322,0.9758577942848206,1.0,0.0,0.0,0.8261517240842482,0.1738482759157518,0.07415766097856202,0.11664808922123593,0.11664808922123593,0.02378852292895317,0.007201927248388529,0.8833519107787641,0.11664808922123593,0.03484998643398285,0.001278302981518209,400307
b0_cityscapes_val,2026-07-07 05:27:27,cityscapes,val,all,student_skd,/scratch/gautschi/manors/hf_cache/models--nvidia--mit-b0/snapshots/80983a413c30d36a39c20203974ae7807835e2b4,outputs-guardrailpp-v4/student_skd.ckpt,skd,img_000184,/home/manors/Guardrail-Distillation/data/cityscapes/leftImg8bit/val/frankfurt/frankfurt_000001_054077_leftImg8bit.png,,0.6194300904394705,0.3805699095605295,0.9380785822868347,0.9537157416343689,0.11007339507341385,0.11371828615665436,0.22949178516864777,0.9014596939086914,0.28631001710891724,-5.722696781158447,5.666591167449951,0.004955946933478117,0.062332216650247574,464896,2.8981574869249016,4.9005322507582605,16.236926254350692,1.0,0.0,126850,0.8039428101058373,0.19605718989416265,15240,0.11549070477485657,0.0013022427447140217,10.69062325404957,0.07551604509353638,0.9244839549064636,0.3053538203239441,0.37215882539749146,0.050113748759031296,0.5125257968902588,0.4874742031097412,0.5805352926254272,0.6059356927871704,0.5809170007705688,0.5125257968902588,0.4874742031097412,0.5125257968902588,0.4874742031097412,0.7290468791218947,0.2709531208781053,0.9724324941635132,1.0,0.0,0.0,0.6480455185379427,0.3519544814620573,0.0,0.1096167886824242,0.1096167886824242,0.04285474494099617,0.008500825613737106,0.8903832113175758,0.1096167886824242,0.05328072980046272,0.004770959261804819,398227
b0_cityscapes_val,2026-07-07 05:27:27,cityscapes,val,all,student_skd,/scratch/gautschi/manors/hf_cache/models--nvidia--mit-b0/snapshots/80983a413c30d36a39c20203974ae7807835e2b4,outputs-guardrailpp-v4/student_skd.ckpt,skd,img_000185,/home/manors/Guardrail-Distillation/data/cityscapes/leftImg8bit/val/frankfurt/frankfurt_000001_054219_leftImg8bit.png,,0.5957087829368849,0.4042912170631151,0.9152647852897644,0.9395652413368225,0.12727344036102295,0.15759867429733276,0.28527820110321045,0.86892169713974,0.38984641432762146,-5.949129581451416,5.874505996704102,0.01525188609957695,0.08203518390655518,441847,2.8981574869249016,4.9005322507582605,16.236926254350692,1.0,0.0,109083,0.5293106621960957,0.4706893378039043,102039,0.16014046967029572,0.0016513512236997485,10.69062325404957,0.07842742651700974,0.9215725734829903,0.30015724897384644,0.38346776366233826,0.04653244465589523,0.5116310119628906,0.4883689880371094,0.5737283229827881,0.6006253957748413,0.542023241519928,0.5116310119628906,0.4883689880371094,0.5116310119628906,0.4883689880371094,0.7239207132861755,0.27607928671382453,0.9462823271751404,1.0,0.0,0.0,0.6411983208837402,0.3588016791162598,0.1118876586876445,0.12821193034929057,0.12821193034929057,0.0457262359559536,0.01470871176570654,0.8717880696507094,0.12821193034929057,0.06815481185913086,0.005049258936196566,361992
b0_cityscapes_val,2026-07-07 05:27:27,cityscapes,val,all,student_skd,/scratch/gautschi/manors/hf_cache/models--nvidia--mit-b0/snapshots/80983a413c30d36a39c20203974ae7807835e2b4,outputs-guardrailpp-v4/student_skd.ckpt,skd,img_000186,/home/manors/Guardrail-Distillation/data/cityscapes/leftImg8bit/val/frankfurt/frankfurt_000001_054415_leftImg8bit.png,,0.5200323209196548,0.4799676790803452,0.9465007781982422,0.9620129466056824,0.1077290028333664,0.10193443298339844,0.2532529830932617,0.9136649370193481,0.27099719643592834,-6.163824558258057,6.1162238121032715,0.012511475943028927,0.05272004008293152,424810,2.8981574869249016,4.9005322507582605,16.236926254350692,1.0,0.0,126005,0.43688385952770475,0.5631161404722953,63719,0.10377856343984604,0.001179054263047874,10.69062325404957,0.04700588062405586,0.9529941193759441,0.18157662451267242,0.3032296299934387,0.00602036714553833,0.5015050768852234,0.4984949231147766,0.5373154282569885,0.5693086981773376,0.579043447971344,0.5015050768852234,0.4984949231147766,0.5015050768852234,0.4984949231147766,0.5623741678073274,0.4376258321926726,0.961705207824707,1.0,0.0,0.0,0.44457440135392484,0.5554255986460752,0.0076905418262200875,0.04234184688767262,0.04234184688767262,0.0253242626786232,0.010119818150997162,0.9576581531123274,0.04234184688767262,0.04066053032875061,0.0025705609004944563,378729
b0_cityscapes_val,2026-07-07 05:27:27,cityscapes,val,all,student_skd,/scratch/gautschi/manors/hf_cache/models--nvidia--mit-b0/snapshots/80983a413c30d36a39c20203974ae7807835e2b4,outputs-guardrailpp-v4/student_skd.ckpt,skd,img_000187,/home/manors/Guardrail-Distillation/data/cityscapes/leftImg8bit/val/frankfurt/frankfurt_000001_054640_leftImg8bit.png,,0.6109647137446594,0.38903528625534056,0.931189239025116,0.9522225260734558,0.11349261552095413,0.12930163741111755,0.26114338636398315,0.8866158127784729,0.35221344232559204,-6.081441879272461,6.022861957550049,0.011193882673978806,0.06275387108325958,431575,2.8981574869249016,4.9005322507582605,16.236926254350692,0.644582407859095,0.35541759214090496,126850,0.49742123946150496,0.502578760538495,49539,0.13188688457012177,0.0014305453514680266,10.69062325404957,0.0636146292090416,0.9363853707909584,0.247622549533844,0.3421805202960968,0.027116497978568077,0.5067787170410156,0.4932212829589844,0.5529743432998657,0.5840538740158081,0.552126944065094,0.5067787170410156,0.4932212829589844,0.5067787170410156,0.4932212829589844,0.5554802155963269,0.4445197844036731,0.9465354084968567,0.6447909411015964,0.3552090588984036,0.00020853324250136307,0.4982527707476951,0.5017472292523049,0.0008315312861901791,0.0,0.0,0.031206628307700157,0.015860510990023613,1.0,0.0,0.05462086573243141,0.0056954179890453815,370223
b0_cityscapes_val,2026-07-07 05:27:27,cityscapes,val,all,student_skd,/scratch/gautschi/manors/hf_cache/models--nvidia--mit-b0/snapshots/80983a413c30d36a39c20203974ae7807835e2b4,outputs-guardrailpp-v4/student_skd.ckpt,skd,img_000188,/home/manors/Guardrail-Distillation/data/cityscapes/leftImg8bit/val/frankfurt/frankfurt_000001_054884_leftImg8bit.png,,0.6482498682373125,0.35175013176268755,0.9448245167732239,0.9615434408187866,0.10486317425966263,0.10171643644571304,0.23970739543437958,0.9117591977119446,0.2731727957725525,-6.296753406524658,6.249324798583984,0.008891145698726177,0.0513690821826458,448986,2.8959557530470192,4.889860487310216,16.226930514676496,0.8575029927153885,0.14249700728461145,126850,0.5974350545050668,0.40256494549493316,92233,0.10346173495054245,0.0012278857175260782,10.692060022847727,0.05026232823729515,0.9497376717627048,0.2079620063304901,0.31381842494010925,0.01067909225821495,0.5026697516441345,0.4973302483558655,0.5408300161361694,0.5729129314422607,0.5495156645774841,0.5026697516441345,0.4973302483558655,0.5026697516441345,0.4973302483558655,0.7078106643121818,0.29218933568781824,0.9670345783233643,0.9075448788982112,0.09245512110178877,0.05004188618282268,0.7573251559116889,0.24267484408831108,0.15989010140662208,0.059560796074869304,0.059560796074869304,0.030753742903470993,0.008543696254491806,0.9404392039251307,0.059560796074869304,0.04192781075835228,0.0066149053163826466,398110
b0_cityscapes_val,2026-07-07 05:27:27,cityscapes,val,all,student_skd,/scratch/gautschi/manors/hf_cache/models--nvidia--mit-b0/snapshots/80983a413c30d36a39c20203974ae7807835e2b4,outputs-guardrailpp-v4/student_skd.ckpt,skd,img_000189,/home/manors/Guardrail-Distillation/data/cityscapes/leftImg8bit/val/frankfurt/frankfurt_000001_055062_leftImg8bit.png,,0.6290282228464146,0.3709717771535854,0.9486772418022156,0.9629838466644287,0.10784418880939484,0.09899889677762985,0.25382187962532043,0.9158297777175903,0.27072596549987793,-6.031446933746338,5.984823226928711,0.013199605979025364,0.05265267193317413,439104,2.8959557530470192,4.889860487310216,16.226930514676496,1.0,0.0,126850,0.6887450756505358,0.3112549243494642,67339,0.10079468041658401,0.001224103500135243,10.692060022847727,0.05252748727798462,0.9474725127220154,0.21826526522636414,0.35836923122406006,0.01439035963267088,0.5035974979400635,0.4964025020599365,0.5475236177444458,0.589151918888092,0.5732116103172302,0.5035974979400635,0.4964025020599365,0.5035974979400635,0.4964025020599365,0.6760625453093332,0.3239374546906668,0.9662312269210815,1.0,0.0,0.0,0.6818616105978496,0.31813838940215045,0.0,0.04703432246291861,0.04703432246291861,0.02713480032980442,0.00958087295293808,0.9529656775370814,0.04703432246291861,0.04140704497694969,0.0018879353301599622,393084
b0_cityscapes_val,2026-07-07 05:27:27,cityscapes,val,all,student_skd,/scratch/gautschi/manors/hf_cache/models--nvidia--mit-b0/snapshots/80983a413c30d36a39c20203974ae7807835e2b4,outputs-guardrailpp-v4/student_skd.ckpt,skd,img_000190,/home/manors/Guardrail-Distillation/data/cityscapes/leftImg8bit/val/frankfurt/frankfurt_000001_055172_leftImg8bit.png,,0.6309695969204352,0.3690304030795648,0.9399348497390747,0.9679875373840332,0.09272932261228561,0.08490242063999176,0.20445889234542847,0.9210687875747681,0.24987123906612396,-5.981916427612305,5.943202495574951,0.005296505056321621,0.04028012603521347,464646,2.8959557530470192,4.889860487310216,16.226930514676496,0.4440967996240977,0.5559032003759024,126850,0.6103140899174041,0.3896859100825959,79146,0.08684661984443665,0.0011994470842182636,10.692060022847727,0.05438152328133583,0.9456184767186642,0.2224632352590561,0.33581632375717163,0.02158641256392002,0.5053964257240295,0.49460357427597046,0.5555558800697327,0.5919767022132874,0.5766366720199585,0.5053964257240295,0.49460357427597046,0.5053964257240295,0.49460357427597046,0.7167885191583265,0.28321148084167347,0.9675731062889099,0.8005435360273605,0.1994564639726395,0.35644673640326285,0.9292994426003358,0.07070055739966419,0.3189853526829317,0.08581892223789134,0.08581892223789134,0.03655470907688141,0.008916464634239674,0.9141810777621087,0.08581892223789134,0.04717354476451874,0.00943513959646225,419898
b0_cityscapes_val,2026-07-07 05:27:27,cityscapes,val,all,student_skd,/scratch/gautschi/manors/hf_cache/models--nvidia--mit-b0/snapshots/80983a413c30d36a39c20203974ae7807835e2b4,outputs-guardrailpp-v4/student_skd.ckpt,skd,img_000191,/home/manors/Guardrail-Distillation/data/cityscapes/leftImg8bit/val/frankfurt/frankfurt_000001_055306_leftImg8bit.png,,0.4847735106582007,0.5152264893417993,0.9387037754058838,0.9573426246643066,0.10783133655786514,0.11217648535966873,0.23992539942264557,0.8990399241447449,0.3153291344642639,-5.7012834548950195,5.649139404296875,0.007979586720466614,0.057407643646001816,449522,2.8959557530470192,4.889860487310216,16.226930514676496,0.9375157915656076,0.062484208434392396,126850,0.4931192965899139,0.5068807034100862,50350,0.11432814598083496,0.0012499041622504592,10.692060022847727,0.07407752424478531,0.9259224757552147,0.2965250611305237,0.3981963098049164,0.05097927525639534,0.5127421021461487,0.4872578978538513,0.5841392874717712,0.6309956312179565,0.5629862546920776,0.5127421021461487,0.4872578978538513,0.5127421021461487,0.4872578978538513,0.5866276587235233,0.4133723412764767,0.9651251435279846,0.991949114177196,0.008050885822804,0.0544333226115884,0.5798345567970451,0.4201654432029549,0.08671526020713127,0.10185414806532256,0.10185414806532256,0.035357557237148285,0.008936158381402493,0.8981458519346774,0.10185414806532256,0.05071386694908142,0.005795044358819723,392990
b0_cityscapes_val,2026-07-07 05:27:27,cityscapes,val,all,student_skd,/scratch/gautschi/manors/hf_cache/models--nvidia--mit-b0/snapshots/80983a413c30d36a39c20203974ae7807835e2b4,outputs-guardrailpp-v4/student_skd.ckpt,skd,img_000192,/home/manors/Guardrail-Distillation/data/cityscapes/leftImg8bit/val/frankfurt/frankfurt_000001_055387_leftImg8bit.png,,0.47102236269053777,0.5289776373094622,0.9186055064201355,0.9540819525718689,0.11486634612083435,0.12303289026021957,0.2711254060268402,0.8958346843719482,0.3296023905277252,-5.784155368804932,5.727154731750488,0.012243458069860935,0.06233690679073334,456407,2.896513236919418,4.893225996056572,16.232628229772672,0.9116541608384542,0.08834583916154581,126850,0.6341170578765913,0.36588294212340866,62845,0.1256188452243805,0.0016311289509758353,10.68140150164254,0.08198989927768707,0.9180101007223129,0.34631767868995667,0.47363436222076416,0.06374070048332214,0.5159297585487366,0.4840702414512634,0.5935545563697815,0.6458432078361511,0.5416797995567322,0.5159297585487366,0.4840702414512634,0.5159297585487366,0.4840702414512634,0.7196312654991969,0.28036873450080313,0.9567907452583313,0.7172326456802812,0.2827673543197188,0.0,0.8101616282844999,0.1898383717155001,0.17604457040790855,0.2486089028086591,0.2486089028086591,0.046342410147190094,0.00815719272941351,0.7513910971913409,0.2486089028086591,0.05919058993458748,0.012753967195749283,393791
b0_cityscapes_val,2026-07-07 05:27:27,cityscapes,val,all,student_skd,/scratch/gautschi/manors/hf_cache/models--nvidia--mit-b0/snapshots/80983a413c30d36a39c20203974ae7807835e2b4,outputs-guardrailpp-v4/student_skd.ckpt,skd,img_000193,/home/manors/Guardrail-Distillation/data/cityscapes/leftImg8bit/val/frankfurt/frankfurt_000001_055538_leftImg8bit.png,,0.6249715637365858,0.3750284362634142,0.9136990904808044,0.9437823295593262,0.12661442160606384,0.14718078076839447,0.29048168659210205,0.8780404329299927,0.37392643094062805,-5.646332263946533,5.576177597045898,0.01627223752439022,0.0790359228849411,435650,2.896513236919418,4.893225996056572,16.232628229772672,0.4626287572184328,0.5373712427815672,114081,0.7563669046644083,0.24363309533559174,28464,0.1495072841644287,0.0015503178583458066,10.68140150164254,0.08820781856775284,0.9117921814322472,0.3570844531059265,0.45979759097099304,0.0672094076871872,0.5167959928512573,0.4832040071487427,0.5922673344612122,0.6406675577163696,0.543380856513977,0.5167959928512573,0.4832040071487427,0.5167959928512573,0.4832040071487427,0.7438170201608565,0.2561829798391435,0.9524986147880554,0.6521180160154684,0.34788198398453163,0.1894892587970356,0.8501343044370006,0.14986569556299945,0.0937673997725923,0.11884545642427069,0.11884545642427069,0.050354644656181335,0.011555147357285023,0.8811545435757293,0.11884545642427069,0.07065534591674805,0.006491449661552906,363688
b0_cityscapes_val,2026-07-07 05:27:27,cityscapes,val,all,student_skd,/scratch/gautschi/manors/hf_cache/models--nvidia--mit-b0/snapshots/80983a413c30d36a39c20203974ae7807835e2b4,outputs-guardrailpp-v4/student_skd.ckpt,skd,img_000194,/home/manors/Guardrail-Distillation/data/cityscapes/leftImg8bit/val/frankfurt/frankfurt_000001_055603_leftImg8bit.png,,0.6239229368465891,0.37607706315341094,0.9318750500679016,0.9425588846206665,0.12773336470127106,0.15417346358299255,0.2968849241733551,0.8695052862167358,0.4091227948665619,-5.837518215179443,5.765744686126709,0.01774362288415432,0.08089294284582138,427083,2.896513236919418,4.893225996056572,16.232628229772672,0.9322820300886162,0.06771796991138379,126850,0.6061642155907649,0.39383578440923506,40456,0.15675592422485352,0.0016898511676117778,10.68140150164254,0.08404069393873215,0.9159593060612679,0.31368303298950195,0.4215196967124939,0.054527647793293,0.5136285424232483,0.4863714575767517,0.5798434019088745,0.6173467040061951,0.5342594385147095,0.5136285424232483,0.4863714575767517,0.5136285424232483,0.4863714575767517,0.6714633651193961,0.3285366348806039,0.948148250579834,0.9341453447448756,0.06585465525512435,0.0018633146562594405,0.5368215683172096,0.4631784316827904,0.0,0.04754042827280702,0.04754042827280702,0.03212958574295044,0.01585640199482441,0.952459571727193,0.04754042827280702,0.055668335407972336,0.003352978266775608,356897
b0_cityscapes_val,2026-07-07 05:27:27,cityscapes,val,all,student_skd,/scratch/gautschi/manors/hf_cache/models--nvidia--mit-b0/snapshots/80983a413c30d36a39c20203974ae7807835e2b4,outputs-guardrailpp-v4/student_skd.ckpt,skd,img_000195,/home/manors/Guardrail-Distillation/data/cityscapes/leftImg8bit/val/frankfurt/frankfurt_000001_055709_leftImg8bit.png,,0.5507800511080562,0.44921994889194383,0.9113559722900391,0.936870276927948,0.13467638194561005,0.17336209118366241,0.32556959986686707,0.8609686493873596,0.4309254288673401,-5.928144931793213,5.848666191101074,0.022620804607868195,0.0884590893983841,416475,2.896513236919418,4.893225996056572,16.232628229772672,0.9582300787809166,0.041769921219083406,126850,0.5405597978423768,0.45944020215762316,53154,0.17647555470466614,0.0021875197999179363,10.68140150164254,0.08038212358951569,0.9196178764104843,0.3169434666633606,0.42987704277038574,0.04803815111517906,0.5120072364807129,0.4879927635192871,0.5765295624732971,0.6246507167816162,0.5202409029006958,0.5120072364807129,0.4879927635192871,0.5120072364807129,0.4879927635192871,0.7260917447376234,0.2739082552623766,0.9443759918212891,0.9689173774831729,0.03108262251682714,0.010687298702256265,0.7814641853542896,0.21853581464571037,0.2409043875119128,0.17531169362956722,0.17531169362956722,0.05129479244351387,0.018274806439876556,0.8246883063704328,0.17531169362956722,0.07805750519037247,0.006603037007153034,340806
b0_cityscapes_val,2026-07-07 05:27:27,cityscapes,val,all,student_skd,/scratch/gautschi/manors/hf_cache/models--nvidia--mit-b0/snapshots/80983a413c30d36a39c20203974ae7807835e2b4,outputs-guardrailpp-v4/student_skd.ckpt,skd,img_000196,/home/manors/Guardrail-Distillation/data/cityscapes/leftImg8bit/val/frankfurt/frankfurt_000001_056580_leftImg8bit.png,,0.43652905448604873,0.5634709455139513,0.9292604923248291,0.9562885761260986,0.11665108054876328,0.1160164549946785,0.2768314480781555,0.9060815572738647,0.28973689675331116,-6.050560474395752,5.995265007019043,0.015662161633372307,0.06164907291531563,456195,2.8932247369084507,4.8911347694229335,16.233912232564762,0.4996649586125345,0.5003350413874654,126850,0.32348025495135824,0.6765197450486418,51439,0.1181827038526535,0.001364331808872521,10.683662752853706,0.0584600567817688,0.9415399432182312,0.251934677362442,0.3853934705257416,0.021929297596216202,0.5054820775985718,0.4945179224014282,0.5603901147842407,0.6036524772644043,0.5296725034713745,0.5054820775985718,0.4945179224014282,0.5054820775985718,0.4945179224014282,0.4454142553234029,0.5545857446765972,0.9469875693321228,0.49980291683090267,0.5001970831690974,0.00013795821836803945,0.3650812200910817,0.6349187799089183,0.041600965139723445,0.008885200837354112,0.008885200837354112,0.02973070740699768,0.012003638781607151,0.9911147991626459,0.008885200837354112,0.05114040896296501,0.0027159438468515873,399144
b0_cityscapes_val,2026-07-07 05:27:27,cityscapes,val,all,student_skd,/scratch/gautschi/manors/hf_cache/models--nvidia--mit-b0/snapshots/80983a413c30d36a39c20203974ae7807835e2b4,outputs-guardrailpp-v4/student_skd.ckpt,skd,img_000197,/home/manors/Guardrail-Distillation/data/cityscapes/leftImg8bit/val/frankfurt/frankfurt_000001_057181_leftImg8bit.png,,0.42698760246481693,0.5730123975351831,0.9247831106185913,0.955135703086853,0.11007705330848694,0.12273133546113968,0.26188287138938904,0.8963972330093384,0.31985291838645935,-5.972002983093262,5.917142391204834,0.009724797680974007,0.05776728317141533,453994,2.8932247369084507,4.8911347694229335,16.233912232564762,0.757384217279973,0.24261578272002704,126850,0.2900930060520352,0.7099069939479647,52513,0.12528038024902344,0.0015819285763427615,10.683662752853706,0.060465458780527115,0.9395345412194729,0.2487124800682068,0.3731487989425659,0.023245515301823616,0.5058110952377319,0.49418890476226807,0.5549379587173462,0.5967937111854553,0.5225263833999634,0.5058110952377319,0.49418890476226807,0.5058110952377319,0.49418890476226807,0.4625917927861105,0.5374082072138895,0.9407084584236145,0.8676389685754453,0.1323610314245547,0.11025475129547235,0.35753847687121004,0.64246152312879,0.06744547081917474,0.03560419032129358,0.03560419032129358,0.028951924294233322,0.013026603497564793,0.9643958096787064,0.03560419032129358,0.05179363489151001,0.003083741059526801,391588
b0_cityscapes_val,2026-07-07 05:27:27,cityscapes,val,all,student_skd,/scratch/gautschi/manors/hf_cache/models--nvidia--mit-b0/snapshots/80983a413c30d36a39c20203974ae7807835e2b4,outputs-guardrailpp-v4/student_skd.ckpt,skd,img_000198,/home/manors/Guardrail-Distillation/data/cityscapes/leftImg8bit/val/frankfurt/frankfurt_000001_057478_leftImg8bit.png,,0.5218661309336815,0.4781338690663185,0.9363682270050049,0.9585238695144653,0.11039827764034271,0.11468305438756943,0.2663005292415619,0.9042447805404663,0.304023414850235,-5.890467166900635,5.838871955871582,0.013052334077656269,0.055482424795627594,449728,2.8932247369084507,4.8911347694229335,16.233912232564762,1.0,0.0,126850,0.5552588821815938,0.4447411178184062,36491,0.11689531058073044,0.0012921423185616732,10.683662752853706,0.059263575822114944,0.9407364241778851,0.2634819447994232,0.3882628381252289,0.023351270705461502,0.5058375597000122,0.4941624402999878,0.5629743337631226,0.6013792157173157,0.5289065837860107,0.5058375597000122,0.4941624402999878,0.5058375597000122,0.4941624402999878,0.5561115469052812,0.4438884530947188,0.9519243240356445,1.0,0.0,0.0,0.5180521153760187,0.4819478846239813,0.0,0.03424541597159969,0.03424541597159969,0.024316921830177307,0.008760850876569748,0.9657545840284003,0.03424541597159969,0.040926963090896606,0.0023325211368501186,394606
b0_cityscapes_val,2026-07-07 05:27:28,cityscapes,val,all,student_skd,/scratch/gautschi/manors/hf_cache/models--nvidia--mit-b0/snapshots/80983a413c30d36a39c20203974ae7807835e2b4,outputs-guardrailpp-v4/student_skd.ckpt,skd,img_000199,/home/manors/Guardrail-Distillation/data/cityscapes/leftImg8bit/val/frankfurt/frankfurt_000001_057954_leftImg8bit.png,,0.5056906926941998,0.49430930730580025,0.916654109954834,0.95621657371521,0.10593801736831665,0.11961983144283295,0.23670268058776855,0.8897452354431152,0.34693777561187744,-5.852999687194824,5.799988746643066,0.008887877687811852,0.053304050117731094,430699,2.8932247369084507,4.8911347694229335,16.233912232564762,1.0,0.0,126850,0.24176601507910492,0.7582339849208951,58050,0.12201559543609619,0.001452213036827743,10.683662752853706,0.07028119266033173,0.9297188073396683,0.2683660686016083,0.35413235425949097,0.03761671110987663,0.5094030499458313,0.4905969500541687,0.5647707581520081,0.5942499041557312,0.5573964715003967,0.5094030499458313,0.4905969500541687,0.5094030499458313,0.4905969500541687,0.584380487042565,0.41561951295743504,0.9439702033996582,1.0,0.0,0.0,0.24018822069393453,0.7598117793060655,0.0,0.0786897943483652,0.0786897943483652,0.034286126494407654,0.006970065180212259,0.9213102056516348,0.0786897943483652,0.0457465685904026,0.004576282110065222,373594
b0_cityscapes_val,2026-07-07 05:27:28,cityscapes,val,all,student_skd,/scratch/gautschi/manors/hf_cache/models--nvidia--mit-b0/snapshots/80983a413c30d36a39c20203974ae7807835e2b4,outputs-guardrailpp-v4/student_skd.ckpt,skd,img_000200,/home/manors/Guardrail-Distillation/data/cityscapes/leftImg8bit/val/frankfurt/frankfurt_000001_058057_leftImg8bit.png,,0.4883255616160044,0.5116744383839956,0.9378845691680908,0.9667231440544128,0.09829267859458923,0.08489823341369629,0.21644644439220428,0.9261346459388733,0.22684317827224731,-6.0977277755737305,6.0568389892578125,0.007161225192248821,0.04580267146229744,466261,2.8969137638341635,4.892157012363896,16.235858493018895,0.609131231094949,0.39086876890505096,126850,0.5347088740537534,0.46529112594624655,121760,0.08759734034538269,0.0020325134973973036,10.678949241992086,0.056134093552827835,0.9438659064471722,0.22481021285057068,0.36421409249305725,0.03746577724814415,0.5093653202056885,0.4906346797943115,0.5612558126449585,0.6083308458328247,0.5003073215484619,0.5093653202056885,0.4906346797943115,0.5093653202056885,0.4906346797943115,0.5743328634413396,0.4256671365586604,0.9743019342422485,0.9259787239714149,0.0740212760285851,0.31684749287646585,0.6990956284760617,0.30090437152393834,0.1643867544223082,0.08600730182533523,0.08600730182533523,0.04635815694928169,0.00994078442454338,0.9139926981746648,0.08600730182533523,0.05813053250312805,0.015810886397957802,420037
b0_cityscapes_val,2026-07-07 05:27:28,cityscapes,val,all,student_skd,/scratch/gautschi/manors/hf_cache/models--nvidia--mit-b0/snapshots/80983a413c30d36a39c20203974ae7807835e2b4,outputs-guardrailpp-v4/student_skd.ckpt,skd,img_000201,/home/manors/Guardrail-Distillation/data/cityscapes/leftImg8bit/val/frankfurt/frankfurt_000001_058176_leftImg8bit.png,,0.42706843593160043,0.5729315640683996,0.9118735194206238,0.9622126221656799,0.1027471274137497,0.09788983315229416,0.2280508577823639,0.9130310416221619,0.2701885402202606,-5.898619174957275,5.852362632751465,0.006928247399628162,0.05090540274977684,464764,2.8969137638341635,4.892157012363896,16.235858493018895,1.0,0.0,126850,0.24298230837420803,0.757017691625792,84695,0.10012994706630707,0.0015469618374481797,10.678949241992086,0.0652877613902092,0.9347122386097908,0.2759781777858734,0.39347052574157715,0.04115171357989311,0.5102864503860474,0.48971354961395264,0.5667134523391724,0.618126630783081,0.5225257873535156,0.5102864503860474,0.48971354961395264,0.5102864503860474,0.48971354961395264,0.5465582590024839,0.4534417409975161,0.9548760056495667,1.0,0.0,0.0,0.46934740376750117,0.5306525962324988,0.2263650953932932,0.11948982307088352,0.11948982307088352,0.05331307649612427,0.010310608893632889,0.8805101769291165,0.11948982307088352,0.06961166858673096,0.022678175941109657,412068
b0_cityscapes_val,2026-07-07 05:27:28,cityscapes,val,all,student_skd,/scratch/gautschi/manors/hf_cache/models--nvidia--mit-b0/snapshots/80983a413c30d36a39c20203974ae7807835e2b4,outputs-guardrailpp-v4/student_skd.ckpt,skd,img_000202,/home/manors/Guardrail-Distillation/data/cityscapes/leftImg8bit/val/frankfurt/frankfurt_000001_058504_leftImg8bit.png,,0.6241749967539832,0.37582500324601675,0.9625349640846252,0.9724157452583313,0.08745792508125305,0.07103865593671799,0.1902731955051422,0.9346104860305786,0.20557470619678497,-6.317620754241943,6.284204006195068,0.00386960431933403,0.03629421815276146,464647,2.8969137638341635,4.892157012363896,16.235858493018895,1.0,0.0,126850,0.5504264731271233,0.44957352687287666,46046,0.07214874029159546,0.0006291323807090521,10.678949241992086,0.03152045980095863,0.9684795401990414,0.11824173480272293,0.23812200129032135,-0.01246620062738657,0.4968835115432739,0.5031164884567261,0.5185127258300781,0.5485832691192627,0.5718949437141418,0.4968835115432739,0.5031164884567261,0.4968835115432739,0.5031164884567261,0.6557133082561473,0.34428669174385274,0.963750958442688,1.0,0.0,0.0,0.842573470590712,0.15742652940928803,0.29214699746358863,0.03153831150216402,0.03153831150216402,0.016545893624424934,0.015329916961491108,0.968461688497836,0.03153831150216402,0.0336814820766449,0.0020273455884307623,425938
b0_cityscapes_val,2026-07-07 05:27:28,cityscapes,val,all,student_skd,/scratch/gautschi/manors/hf_cache/models--nvidia--mit-b0/snapshots/80983a413c30d36a39c20203974ae7807835e2b4,outputs-guardrailpp-v4/student_skd.ckpt,skd,img_000203,/home/manors/Guardrail-Distillation/data/cityscapes/leftImg8bit/val/frankfurt/frankfurt_000001_058914_leftImg8bit.png,,0.4247275918367178,0.5752724081632822,0.9392232894897461,0.9681488275527954,0.09637544304132462,0.08398959040641785,0.21718695759773254,0.9230202436447144,0.24881263077259064,-6.042718887329102,6.003454685211182,0.007887761108577251,0.04235037788748741,464010,2.8969137638341635,4.892157012363896,16.235858493018895,0.8884183352503001,0.11158166474969988,126850,0.30657498161700875,0.6934250183829913,62448,0.0857582688331604,0.0011285116197541356,10.678949241992086,0.05023578181862831,0.9497642181813717,0.18760405480861664,0.32285168766975403,0.01626811921596527,0.5040669441223145,0.49593305587768555,0.540073037147522,0.5809335112571716,0.5852159857749939,0.5040669441223145,0.49593305587768555,0.5040669441223145,0.49593305587768555,0.5098998697969208,0.4901001302030792,0.9579728841781616,0.9513031846015509,0.048696815398449056,0.06288484935125083,0.42492658003840944,0.5750734199615906,0.11835159842140075,0.08517227796020299,0.08517227796020299,0.028255855664610863,0.00950626004487276,0.914827722039797,0.08517227796020299,0.0411650612950325,0.005107648205012083,420984
b0_cityscapes_val,2026-07-07 05:27:28,cityscapes,val,all,student_skd,/scratch/gautschi/manors/hf_cache/models--nvidia--mit-b0/snapshots/80983a413c30d36a39c20203974ae7807835e2b4,outputs-guardrailpp-v4/student_skd.ckpt,skd,img_000204,/home/manors/Guardrail-Distillation/data/cityscapes/leftImg8bit/val/frankfurt/frankfurt_000001_059119_leftImg8bit.png,,0.5056469833849635,0.4943530166150365,0.9430373311042786,0.9647177457809448,0.09907902032136917,0.09161381423473358,0.21952775120735168,0.9169638156890869,0.26042309403419495,-5.963682651519775,5.92058801651001,0.006289689801633358,0.04656364396214485,461390,2.8943030047230422,4.896712023764849,16.2850845081266,1.0,0.0,126850,0.2826683556512802,0.7173316443487199,46725,0.09338810294866562,0.0012430696515366435,10.689645248930901,0.05197048932313919,0.9480295106768608,0.20835165679454803,0.3210015892982483,0.01611831784248352,0.5040294528007507,0.49597054719924927,0.5462019443511963,0.5814107060432434,0.5833926796913147,0.5040294528007507,0.49597054719924927,0.5040294528007507,0.49597054719924927,0.582411212055911,0.41758878794408905,0.9605388045310974,1.0,0.0,0.0,0.4709893783858618,0.5290106216141381,0.18832102273458173,0.07676422867094745,0.07676422867094745,0.027408482506871223,0.009907020255923271,0.9232357713290525,0.07676422867094745,0.04233511909842491,0.003532803151756525,412290
b0_cityscapes_val,2026-07-07 05:27:28,cityscapes,val,all,student_skd,/scratch/gautschi/manors/hf_cache/models--nvidia--mit-b0/snapshots/80983a413c30d36a39c20203974ae7807835e2b4,outputs-guardrailpp-v4/student_skd.ckpt,skd,img_000205,/home/manors/Guardrail-Distillation/data/cityscapes/leftImg8bit/val/frankfurt/frankfurt_000001_059642_leftImg8bit.png,,0.5649474341914906,0.4350525658085094,0.9656764268875122,0.9748789668083191,0.0860033854842186,0.06601114571094513,0.1959019899368286,0.9388817548751831,0.20195528864860535,-5.995474338531494,5.964557647705078,0.005524791311472654,0.032411251217126846,466443,2.8943030047230422,4.896712023764849,16.2850845081266,0.9212796202133923,0.07872037978660773,126850,0.4210562889337471,0.578943711066253,42607,0.06751278042793274,0.0009484982001595199,10.689645248930901,0.03187270835042,0.96812729164958,0.10886702686548233,0.21493199467658997,-0.01753462478518486,0.49561646580696106,0.5043835341930389,0.5152662396430969,0.5441486239433289,0.5980287194252014,0.49561646580696106,0.5043835341930389,0.49561646580696106,0.5043835341930389,0.6381233789975008,0.3618766210024992,0.9707702994346619,0.9225990176669261,0.07740098233307391,0.0013193974535338215,0.5538877288455079,0.44611227115449215,0.13283143991176083,0.0731759448060102,0.0731759448060102,0.014529107138514519,0.009435237385332584,0.9268240551939898,0.0731759448060102,0.026241149753332138,0.0015028632478788495,431284
b0_cityscapes_val,2026-07-07 05:27:28,cityscapes,val,all,student_skd,/scratch/gautschi/manors/hf_cache/models--nvidia--mit-b0/snapshots/80983a413c30d36a39c20203974ae7807835e2b4,outputs-guardrailpp-v4/student_skd.ckpt,skd,img_000206,/home/manors/Guardrail-Distillation/data/cityscapes/leftImg8bit/val/frankfurt/frankfurt_000001_059789_leftImg8bit.png,,0.6209158801152592,0.3790841198847408,0.9266782402992249,0.9599950909614563,0.10483236610889435,0.10568305104970932,0.23875795304775238,0.9074932932853699,0.28652361035346985,-5.985260486602783,5.936338901519775,0.007767918519675732,0.05281955003738403,435123,2.8943030047230422,4.896712023764849,16.2850845081266,0.687191545144338,0.312808454855662,119367,0.9546346225827873,0.04536537741721269,31336,0.1075487807393074,0.0012651535216718912,10.689645248930901,0.05662338063120842,0.9433766193687916,0.23277853429317474,0.3446264863014221,0.020894989371299744,0.5052235722541809,0.4947764277458191,0.5507975220680237,0.5886837244033813,0.5778552889823914,0.5052235722541809,0.4947764277458191,0.5052235722541809,0.4947764277458191,0.6496088748992558,0.3503911251007442,0.9463485479354858,0.7212890537395468,0.27871094626045323,0.03409750859520877,0.9572371618317802,0.0427628381682198,0.0026025392489928967,0.02869299478399656,0.02869299478399656,0.030910801142454147,0.011240500025451183,0.9713070052160034,0.02869299478399656,0.047657791525125504,0.0054099648259580135,381999
b0_cityscapes_val,2026-07-07 05:27:28,cityscapes,val,all,student_skd,/scratch/gautschi/manors/hf_cache/models--nvidia--mit-b0/snapshots/80983a413c30d36a39c20203974ae7807835e2b4,outputs-guardrailpp-v4/student_skd.ckpt,skd,img_000207,/home/manors/Guardrail-Distillation/data/cityscapes/leftImg8bit/val/frankfurt/frankfurt_000001_060135_leftImg8bit.png,,0.42459734590072845,0.5754026540992716,0.8422908782958984,0.9370980858802795,0.13046860694885254,0.1628846526145935,0.29788896441459656,0.8698506355285645,0.37202614545822144,-5.897402763366699,5.819262981414795,0.01666068285703659,0.08523412048816681,448541,2.8943030047230422,4.896712023764849,16.2850845081266,0.6392202430102644,0.36077975698973563,126850,0.6203862681807575,0.3796137318192425,19712,0.16513526439666748,0.001550863846205175,10.689645248930901,0.09411536157131195,0.905884638428688,0.35153913497924805,0.4480012357234955,0.07957318425178528,0.5198827981948853,0.48011720180511475,0.5986566543579102,0.6449969410896301,0.5300269722938538,0.5198827981948853,0.48011720180511475,0.5198827981948853,0.48011720180511475,0.6058325668340868,0.3941674331659132,0.9441767334938049,0.9661445208147021,0.033855479185297854,0.3269242778044378,0.909124203821656,0.09087579617834396,0.28873793564089856,0.18123522093335842,0.18123522093335842,0.12072920054197311,0.018843315541744232,0.8187647790666416,0.18123522093335842,0.14559203386306763,0.05837815999984741,365089
b0_cityscapes_val,2026-07-07 05:27:28,cityscapes,val,all,student_skd,/scratch/gautschi/manors/hf_cache/models--nvidia--mit-b0/snapshots/80983a413c30d36a39c20203974ae7807835e2b4,outputs-guardrailpp-v4/student_skd.ckpt,skd,img_000208,/home/manors/Guardrail-Distillation/data/cityscapes/leftImg8bit/val/frankfurt/frankfurt_000001_060422_leftImg8bit.png,,0.43832353151820086,0.5616764684817992,0.9656947255134583,0.9759540557861328,0.08055543154478073,0.06468585133552551,0.1781698763370514,0.9376401305198669,0.20048788189888,-6.3687944412231445,6.339806079864502,0.003728550858795643,0.029227953404188156,452991,2.892877266276628,4.878851264948025,16.238684998825192,1.0,0.0,126850,0.24591062697727925,0.7540893730227207,55871,0.06572054326534271,0.0005332599976100028,10.678083752281964,0.02893153391778469,0.9710684660822153,0.09526043385267258,0.20633754134178162,-0.022160431370139122,0.4944601356983185,0.5055398643016815,0.5126384496688843,0.5388833284378052,0.5557970404624939,0.4944601356983185,0.5055398643016815,0.4944601356983185,0.5055398643016815,0.4488762711320448,0.5511237288679551,0.9727103114128113,1.0,0.0,0.0,0.19456697729644154,0.8054330227035584,0.0,0.010552739613844064,0.010552739613844064,0.015448430553078651,0.008432839065790176,0.9894472603861559,0.010552739613844064,0.025667177513241768,0.003176663536578417,420549
b0_cityscapes_val,2026-07-07 05:27:28,cityscapes,val,all,student_skd,/scratch/gautschi/manors/hf_cache/models--nvidia--mit-b0/snapshots/80983a413c30d36a39c20203974ae7807835e2b4,outputs-guardrailpp-v4/student_skd.ckpt,skd,img_000209,/home/manors/Guardrail-Distillation/data/cityscapes/leftImg8bit/val/frankfurt/frankfurt_000001_060545_leftImg8bit.png,,0.41248295080961733,0.5875170491903827,0.9464402794837952,0.9731014370918274,0.09475202858448029,0.07218103110790253,0.22982637584209442,0.9405038356781006,0.19029513001441956,-6.29734992980957,6.26314115524292,0.010392188094556332,0.03809738904237747,456593,2.892877266276628,4.878851264948025,16.238684998825192,1.0,0.0,126850,0.29940965971768463,0.7005903402823154,22713,0.07342270016670227,0.0009839312406256795,10.678083752281964,0.03535104915499687,0.9646489508450031,0.11584175378084183,0.2661011517047882,-0.010312113910913467,0.4974219799041748,0.5025780200958252,0.5164722800254822,0.5574069023132324,0.5423281192779541,0.4974219799041748,0.5025780200958252,0.4974219799041748,0.5025780200958252,0.5457101864956831,0.45428981350431685,0.9628247022628784,1.0,0.0,0.0,0.49748759246967134,0.5025124075303287,0.1980779327519867,0.13322723568606587,0.13322723568606587,0.02414623275399208,0.007761836517602205,0.8667727643139341,0.13322723568606587,0.0373615026473999,0.005976876709610224,422288
b0_cityscapes_val,2026-07-07 05:27:28,cityscapes,val,all,student_skd,/scratch/gautschi/manors/hf_cache/models--nvidia--mit-b0/snapshots/80983a413c30d36a39c20203974ae7807835e2b4,outputs-guardrailpp-v4/student_skd.ckpt,skd,img_000210,/home/manors/Guardrail-Distillation/data/cityscapes/leftImg8bit/val/frankfurt/frankfurt_000001_060906_leftImg8bit.png,,0.5208995262764591,0.4791004737235409,0.9498549699783325,0.9633103609085083,0.10282231122255325,0.09832842648029327,0.24139143526554108,0.9163715839385986,0.2607605755329132,-6.459218978881836,6.413935661315918,0.009318497031927109,0.048033423721790314,462199,2.892877266276628,4.878851264948025,16.238684998825192,0.8462987297530489,0.15370127024695113,126850,0.5245828965766115,0.4754171034233885,109598,0.10045817494392395,0.0015370587352663279,10.678083752281964,0.049494992941617966,0.950505007058382,0.20824536681175232,0.3115391731262207,0.0026245650369673967,0.5006561279296875,0.4993438720703125,0.537110447883606,0.5683030486106873,0.4750310182571411,0.5006561279296875,0.4993438720703125,0.5006561279296875,0.4993438720703125,0.5853548265719778,0.4146451734280222,0.9642254114151001,0.9115795630305223,0.08842043696947766,0.06528083327747347,0.5944526126572252,0.40554738734277485,0.06986971608061365,0.06445530029551871,0.06445530029551871,0.025134196504950523,0.010763762518763542,0.9355446997044813,0.06445530029551871,0.03972315043210983,0.003067942801862955,411191
b0_cityscapes_val,2026-07-07 05:27:28,cityscapes,val,all,student_skd,/scratch/gautschi/manors/hf_cache/models--nvidia--mit-b0/snapshots/80983a413c30d36a39c20203974ae7807835e2b4,outputs-guardrailpp-v4/student_skd.ckpt,skd,img_000211,/home/manors/Guardrail-Distillation/data/cityscapes/leftImg8bit/val/frankfurt/frankfurt_000001_061682_leftImg8bit.png,,0.5538286796672478,0.4461713203327522,0.9219719767570496,0.9594862461090088,0.10896036028862,0.10568767786026001,0.24852482974529266,0.9115737676620483,0.2702329456806183,-6.384637355804443,6.334400177001953,0.010839737020432949,0.05604581534862518,452594,2.892877266276628,4.878851264948025,16.238684998825192,0.8578966979261371,0.1421033020738629,126850,0.6422065892755848,0.3577934107244152,80068,0.10799331218004227,0.0015081001911312342,10.678083752281964,0.06087193638086319,0.9391280636191368,0.2633500099182129,0.37054041028022766,0.0288145262748003,0.5072031021118164,0.4927968978881836,0.560299277305603,0.6070920825004578,0.49167725443840027,0.5072031021118164,0.4927968978881836,0.5072031021118164,0.4927968978881836,0.7218757471299609,0.27812425287003906,0.9693610668182373,0.9501760195520894,0.04982398044791059,0.09227932162595232,0.6497554103925912,0.3502445896074088,0.007548821117006388,0.16804706746271314,0.16804706746271314,0.05751512199640274,0.01012607291340828,0.8319529325372869,0.16804706746271314,0.0708029717206955,0.01708153448998928,398119
b0_cityscapes_val,2026-07-07 05:27:28,cityscapes,val,all,student_skd,/scratch/gautschi/manors/hf_cache/models--nvidia--mit-b0/snapshots/80983a413c30d36a39c20203974ae7807835e2b4,outputs-guardrailpp-v4/student_skd.ckpt,skd,img_000212,/home/manors/Guardrail-Distillation/data/cityscapes/leftImg8bit/val/frankfurt/frankfurt_000001_061763_leftImg8bit.png,,0.6275049809997956,0.37249501900020443,0.9476717114448547,0.9667274355888367,0.10011903941631317,0.08643214404582977,0.2258879691362381,0.9241306781768799,0.23918479681015015,-6.267731189727783,6.226425647735596,0.008615238592028618,0.046274323016405106,441195,2.894178993301466,4.889239004114643,16.234999988228083,0.927537159957866,0.07246284004213399,126850,0.8588065532461753,0.14119344675382473,99564,0.08815164119005203,0.00129145965911448,10.686110006645322,0.0499131977558136,0.9500868022441864,0.20442558825016022,0.32814449071884155,0.021612999960780144,0.5054030418395996,0.4945969581604004,0.5393510460853577,0.5869485139846802,0.4964888393878937,0.5054030418395996,0.4945969581604004,0.5054030418395996,0.4945969581604004,0.8279115289980605,0.17208847100193947,0.975657045841217,0.9824104267790845,0.017589573220915478,0.054873266821218514,0.8439777274452772,0.15602227255472279,0.0,0.20040654799826496,0.20040654799826496,0.03370845317840576,0.005723093170672655,0.799593452001735,0.20040654799826496,0.04125160351395607,0.005154183600097895,398410
b0_cityscapes_val,2026-07-07 05:27:28,cityscapes,val,all,student_skd,/scratch/gautschi/manors/hf_cache/models--nvidia--mit-b0/snapshots/80983a413c30d36a39c20203974ae7807835e2b4,outputs-guardrailpp-v4/student_skd.ckpt,skd,img_000213,/home/manors/Guardrail-Distillation/data/cityscapes/leftImg8bit/val/frankfurt/frankfurt_000001_062016_leftImg8bit.png,,0.5334444885714672,0.4665555114285328,0.9331575632095337,0.9553375840187073,0.11560456454753876,0.11641678959131241,0.26631200313568115,0.9047060012817383,0.2862628102302551,-5.982736587524414,5.926760196685791,0.013829906471073627,0.061136145144701004,462476,2.894178993301466,4.889239004114643,16.234999988228083,1.0,0.0,126850,0.3349790361680224,0.6650209638319776,11693,0.11841921508312225,0.0013390200911089778,10.686110006645322,0.05607375130057335,0.9439262486994267,0.22625041007995605,0.3355087637901306,0.020215773954987526,0.5050537586212158,0.4949462413787842,0.5567545294761658,0.5949393510818481,0.5313671827316284,0.5050537586212158,0.4949462413787842,0.5050537586212158,0.4949462413787842,0.7302558137241544,0.2697441862758456,0.9699465036392212,1.0,0.0,0.0,0.6663112956744263,0.33368870432557374,0.3313322595064039,0.19681132515268718,0.19681132515268718,0.046958111226558685,0.010169176384806633,0.8031886748473128,0.19681132515268718,0.06124209612607956,0.014268848113715649,402280
b0_cityscapes_val,2026-07-07 05:27:28,cityscapes,val,all,student_skd,/scratch/gautschi/manors/hf_cache/models--nvidia--mit-b0/snapshots/80983a413c30d36a39c20203974ae7807835e2b4,outputs-guardrailpp-v4/student_skd.ckpt,skd,img_000214,/home/manors/Guardrail-Distillation/data/cityscapes/leftImg8bit/val/frankfurt/frankfurt_000001_062250_leftImg8bit.png,,0.47301578911791553,0.5269842108820845,0.9257261157035828,0.9518912434577942,0.11991279572248459,0.12766654789447784,0.28020361065864563,0.8958150148391724,0.3174964487552643,-5.6604204177856445,5.600111484527588,0.015848051756620407,0.06831026822328568,455261,2.894178993301466,4.889239004114643,16.234999988228083,1.0,0.0,126850,0.45218778279354405,0.5478122172064559,9916,0.12991127371788025,0.001481328858062625,10.686110006645322,0.06582541018724442,0.9341745898127556,0.286925345659256,0.3931509852409363,0.039072513580322266,0.5097669363021851,0.49023306369781494,0.5689625144004822,0.6133018732070923,0.5685035586357117,0.5097669363021851,0.49023306369781494,0.5097669363021851,0.49023306369781494,0.5783952938667206,0.4216047061332794,0.9478365182876587,1.0,0.0,0.0,0.593159051634755,0.406840948365245,0.14097126884121092,0.10537950474880509,0.10537950474880509,0.03476467356085777,0.012654280290007591,0.8946204952511949,0.10537950474880509,0.05743738263845444,0.00472476240247488,391907
b0_cityscapes_val,2026-07-07 05:27:28,cityscapes,val,all,student_skd,/scratch/gautschi/manors/hf_cache/models--nvidia--mit-b0/snapshots/80983a413c30d36a39c20203974ae7807835e2b4,outputs-guardrailpp-v4/student_skd.ckpt,skd,img_000215,/home/manors/Guardrail-Distillation/data/cityscapes/leftImg8bit/val/frankfurt/frankfurt_000001_062396_leftImg8bit.png,,0.6504894250725397,0.3495105749274603,0.9496209621429443,0.9634213447570801,0.10269533097743988,0.10005006939172745,0.24045534431934357,0.9097527265548706,0.29437175393104553,-5.710588455200195,5.66546106338501,0.009248534217476845,0.048937227576971054,454991,2.894178993301466,4.889239004114643,16.234999988228083,1.0,0.0,126850,0.7778278130969247,0.22217218690307527,11892,0.10227160900831223,0.0011678945738822222,10.686110006645322,0.0541052520275116,0.9458947479724884,0.226910799741745,0.3316385746002197,0.017761358991265297,0.5044402480125427,0.4955597519874573,0.5538123846054077,0.5890287160873413,0.592886209487915,0.5044402480125427,0.4955597519874573,0.5044402480125427,0.4955597519874573,0.6977886815395793,0.3022113184604207,0.9683509469032288,1.0,0.0,0.0,0.8704339838688734,0.12956601613112662,0.09260617077194866,0.047299256467039585,0.047299256467039585,0.028347812592983246,0.009617771953344345,0.9527007435329604,0.047299256467039585,0.041152458637952805,0.005885830614715815,406490
b0_cityscapes_val,2026-07-07 05:27:29,cityscapes,val,all,student_skd,/scratch/gautschi/manors/hf_cache/models--nvidia--mit-b0/snapshots/80983a413c30d36a39c20203974ae7807835e2b4,outputs-guardrailpp-v4/student_skd.ckpt,skd,img_000216,/home/manors/Guardrail-Distillation/data/cityscapes/leftImg8bit/val/frankfurt/frankfurt_000001_062509_leftImg8bit.png,,0.6351520293122592,0.3648479706877408,0.9722607135772705,0.9783082604408264,0.08075633645057678,0.06008344143629074,0.19004029035568237,0.9421086311340332,0.19900842010974884,-5.932661533355713,5.905910015106201,0.005734696518629789,0.028293220326304436,454950,2.8929855034220964,4.887176008196548,16.240616008872166,1.0,0.0,126850,0.746524365474325,0.253475634525675,19972,0.06126474589109421,0.0006985028157941997,10.680217994377017,0.033072516322135925,0.9669274836778641,0.10354303568601608,0.2404298633337021,-0.012118250131607056,0.4969704747200012,0.5030295252799988,0.5196195244789124,0.5524670481681824,0.602912187576294,0.4969704747200012,0.5030295252799988,0.4969704747200012,0.5030295252799988,0.6893768011657838,0.3106231988342162,0.9805737137794495,1.0,0.0,0.0,0.592604535387833,0.407395464612167,0.0,0.05422477185352459,0.05422477185352459,0.013489395380020142,0.005176393315196037,0.9457752281464754,0.05422477185352459,0.02029893547296524,0.002886031521484256,426657
b0_cityscapes_val,2026-07-07 05:27:29,cityscapes,val,all,student_skd,/scratch/gautschi/manors/hf_cache/models--nvidia--mit-b0/snapshots/80983a413c30d36a39c20203974ae7807835e2b4,outputs-guardrailpp-v4/student_skd.ckpt,skd,img_000217,/home/manors/Guardrail-Distillation/data/cityscapes/leftImg8bit/val/frankfurt/frankfurt_000001_062653_leftImg8bit.png,,0.5859995584367382,0.41400044156326177,0.9427409768104553,0.9595191478729248,0.10592144727706909,0.10726650804281235,0.24072663486003876,0.9062293767929077,0.29118889570236206,-5.898922920227051,5.849282264709473,0.009134901687502861,0.05244440212845802,449047,2.8929855034220964,4.887176008196548,16.240616008872166,0.8472847148020674,0.15271528519793265,120022,0.7163525266021269,0.2836474733978731,34680,0.10922621190547943,0.0014364311937242746,10.680217994377017,0.06138220429420471,0.9386177957057953,0.255034863948822,0.3559018671512604,0.027882879599928856,0.5069702863693237,0.49302971363067627,0.5619849562644958,0.5950896739959717,0.5896517038345337,0.5069702863693237,0.49302971363067627,0.5069702863693237,0.49302971363067627,0.7413893546367899,0.2586106453632101,0.9637165069580078,0.9459435895917112,0.05405641040828879,0.09865887478964386,0.8132276083550445,0.18677239164495552,0.09687508175291759,0.15538979620005167,0.15538979620005167,0.030738431960344315,0.009762898087501526,0.8446102037999483,0.15538979620005167,0.04265032708644867,0.004166601691395044,394115
b0_cityscapes_val,2026-07-07 05:27:29,cityscapes,val,all,student_skd,/scratch/gautschi/manors/hf_cache/models--nvidia--mit-b0/snapshots/80983a413c30d36a39c20203974ae7807835e2b4,outputs-guardrailpp-v4/student_skd.ckpt,skd,img_000218,/home/manors/Guardrail-Distillation/data/cityscapes/leftImg8bit/val/frankfurt/frankfurt_000001_062793_leftImg8bit.png,,0.5448925380677144,0.4551074619322856,0.9489849209785461,0.9612158536911011,0.10361127555370331,0.10265172272920609,0.23458467423915863,0.9102458357810974,0.2752843499183655,-6.015126705169678,5.9676594734191895,0.008236456662416458,0.05056644603610039,459178,2.8929855034220964,4.887176008196548,16.240616008872166,1.0,0.0,126850,0.43330774893140905,0.566692251068591,16686,0.10460174828767776,0.001179005135782063,10.680217994377017,0.05144393816590309,0.9485560618340969,0.20055188238620758,0.3080684244632721,0.0139470798894763,0.503486692905426,0.496513307094574,0.5407904386520386,0.5733047127723694,0.5563885569572449,0.503486692905426,0.496513307094574,0.503486692905426,0.496513307094574,0.6697854046942783,0.3302145953057217,0.967711865901947,1.0,0.0,0.0,0.6536920961347245,0.34630790386527555,0.22038434720331546,0.12489286662656385,0.12489286662656385,0.028733953833580017,0.010007012635469437,0.8751071333734362,0.12489286662656385,0.04227554425597191,0.00443401001393795,405960
b0_cityscapes_val,2026-07-07 05:27:29,cityscapes,val,all,student_skd,/scratch/gautschi/manors/hf_cache/models--nvidia--mit-b0/snapshots/80983a413c30d36a39c20203974ae7807835e2b4,outputs-guardrailpp-v4/student_skd.ckpt,skd,img_000219,/home/manors/Guardrail-Distillation/data/cityscapes/leftImg8bit/val/frankfurt/frankfurt_000001_063045_leftImg8bit.png,,0.5638182007334993,0.4361817992665007,0.9185898900032043,0.9474906325340271,0.1181538924574852,0.13722307980060577,0.26349523663520813,0.8819417357444763,0.35652145743370056,-5.949636459350586,5.885290145874023,0.010799686424434185,0.07059510052204132,455754,2.8929855034220964,4.887176008196548,16.240616008872166,0.9864850401190851,0.01351495988091489,126850,0.46806749080674254,0.5319325091932574,29996,0.13954287767410278,0.0015522193862125278,10.680217994377017,0.06929869949817657,0.9307013005018234,0.266217440366745,0.35465753078460693,0.03127266839146614,0.5078175067901611,0.49218249320983887,0.5629640221595764,0.5918439626693726,0.5647343993186951,0.5078175067901611,0.49218249320983887,0.5078175067901611,0.49218249320983887,0.563963876264781,0.43603612373521905,0.9516032934188843,0.9957690458429894,0.00423095415701058,0.00928400572390431,0.4793139609288796,0.5206860390711203,0.011246470122137087,0.00014567553128164157,0.00014567553128164157,0.04359588772058487,0.010582463815808296,0.9998543244687184,0.00014567553128164157,0.06114044040441513,0.006775585003197193,383828
b0_cityscapes_val,2026-07-07 05:27:29,cityscapes,val,all,student_skd,/scratch/gautschi/manors/hf_cache/models--nvidia--mit-b0/snapshots/80983a413c30d36a39c20203974ae7807835e2b4,outputs-guardrailpp-v4/student_skd.ckpt,skd,img_000220,/home/manors/Guardrail-Distillation/data/cityscapes/leftImg8bit/val/frankfurt/frankfurt_000001_064130_leftImg8bit.png,,0.5399405265768328,0.4600594734231672,0.921957790851593,0.9518720507621765,0.11134713888168335,0.12729063630104065,0.24683301150798798,0.8839089870452881,0.3643333911895752,-5.707108497619629,5.648686408996582,0.008144172839820385,0.06175383925437927,448296,2.904937253333628,4.911666503176093,16.247629246208817,0.5679717470213413,0.43202825297865866,125710,0.3911325372814641,0.608867462718536,54061,0.12989123165607452,0.0016241342527791858,10.691323754144832,0.06494543701410294,0.9350545629858971,0.23537644743919373,0.3278767466545105,0.030342407524585724,0.5075850486755371,0.4924149513244629,0.557253897190094,0.5850610733032227,0.5874621272087097,0.5075850486755371,0.4924149513244629,0.5075850486755371,0.4924149513244629,0.5512038704181367,0.4487961295818633,0.942589282989502,0.573703293746141,0.42629670625385896,0.0057315467247996965,0.42233507196521414,0.5776649280347859,0.031202534683750116,0.011263343841303897,0.011263343841303897,0.03696664795279503,0.01633518934249878,0.9887366561586961,0.011263343841303897,0.059699393808841705,0.006787925958633423,382996
b0_cityscapes_val,2026-07-07 05:27:29,cityscapes,val,all,student_skd,/scratch/gautschi/manors/hf_cache/models--nvidia--mit-b0/snapshots/80983a413c30d36a39c20203974ae7807835e2b4,outputs-guardrailpp-v4/student_skd.ckpt,skd,img_000221,/home/manors/Guardrail-Distillation/data/cityscapes/leftImg8bit/val/frankfurt/frankfurt_000001_064305_leftImg8bit.png,,0.5189277134520024,0.4810722865479976,0.9368526935577393,0.9680359959602356,0.09686701744794846,0.08490168303251266,0.21952471137046814,0.9224311709403992,0.2524377107620239,-5.943285942077637,5.903849124908447,0.008102966472506523,0.0430283322930336,455142,2.904937253333628,4.911666503176093,16.247629246208817,1.0,0.0,126850,0.572520724641381,0.42747927535861896,47085,0.08628156036138535,0.0009457660489715636,10.691323754144832,0.04363134130835533,0.9563686586916447,0.1694042980670929,0.28073304891586304,0.0036457751411944628,0.5009114742279053,0.4990885257720947,0.5323638916015625,0.5646312832832336,0.5976166129112244,0.5009114742279053,0.4990885257720947,0.5009114742279053,0.4990885257720947,0.6832893829584636,0.31671061704153636,0.9595577120780945,1.0,0.0,0.0,0.8391708194076218,0.16082918059237816,0.2666500947662408,0.16436166950646125,0.16436166950646125,0.03257884457707405,0.009873841889202595,0.8356383304935388,0.16436166950646125,0.04566926509141922,0.009161976166069508,413041
b0_cityscapes_val,2026-07-07 05:27:29,cityscapes,val,all,student_skd,/scratch/gautschi/manors/hf_cache/models--nvidia--mit-b0/snapshots/80983a413c30d36a39c20203974ae7807835e2b4,outputs-guardrailpp-v4/student_skd.ckpt,skd,img_000222,/home/manors/Guardrail-Distillation/data/cityscapes/leftImg8bit/val/frankfurt/frankfurt_000001_064651_leftImg8bit.png,,0.510917994223918,0.48908200577608196,0.9677390456199646,0.9756479859352112,0.08174494653940201,0.06514611840248108,0.18398310244083405,0.9390106201171875,0.19547098875045776,-6.739100456237793,6.709661960601807,0.003888981882482767,0.03025859408080578,466446,2.904937253333628,4.911666503176093,16.247629246208817,0.9641123343143783,0.03588766568562174,126850,0.491024946669172,0.5089750533308279,91152,0.06628341972827911,0.0006479343282990158,10.691323754144832,0.027043985202908516,0.9729560147970915,0.08699250221252441,0.208600252866745,-0.020160721614956856,0.4949600100517273,0.5050399899482727,0.5119684338569641,0.5369657874107361,0.5284577012062073,0.4949600100517273,0.5050399899482727,0.4949600100517273,0.5050399899482727,0.6074593567964929,0.3925406432035071,0.9732273817062378,0.9669868689469396,0.03301313105306036,0.0028745346325613763,0.6814229154166977,0.31857708458330225,0.19039796874752568,0.09654136257257484,0.09654136257257484,0.011602628976106644,0.006114319898188114,0.9034586374274252,0.09654136257257484,0.020079495385289192,0.000688182539306581,432221
b0_cityscapes_val,2026-07-07 05:27:29,cityscapes,val,all,student_skd,/scratch/gautschi/manors/hf_cache/models--nvidia--mit-b0/snapshots/80983a413c30d36a39c20203974ae7807835e2b4,outputs-guardrailpp-v4/student_skd.ckpt,skd,img_000223,/home/manors/Guardrail-Distillation/data/cityscapes/leftImg8bit/val/frankfurt/frankfurt_000001_064798_leftImg8bit.png,,0.5404633503051578,0.4595366496948422,0.9560106992721558,0.9737184643745422,0.08498565107584,0.06762617826461792,0.18393093347549438,0.9358782172203064,0.20502424240112305,-6.324435710906982,6.2926716804504395,0.0037628605496138334,0.033381734043359756,466932,2.904937253333628,4.911666503176093,16.247629246208817,0.9531468496557434,0.04685315034425663,126850,0.5369801159651013,0.4630198840348987,85141,0.06894534081220627,0.0006800362025387585,10.691323754144832,0.03138293698430061,0.9686170630156994,0.10943890362977982,0.2316598743200302,-0.013322772458195686,0.49666932225227356,0.5033306777477264,0.5162386894226074,0.5451225638389587,0.5625307559967041,0.49666932225227356,0.5033306777477264,0.49666932225227356,0.5033306777477264,0.7435422805630628,0.2564577194369372,0.974773645401001,0.949352573251382,0.050647426748617996,0.0,0.8425265741188824,0.15747342588111757,0.3055464581537811,0.20307893025790502,0.20307893025790502,0.02484944276511669,0.006086539477109909,0.796921069742095,0.20307893025790502,0.035052213817834854,0.005722460802644491,429185
b0_cityscapes_val,2026-07-07 05:27:29,cityscapes,val,all,student_skd,/scratch/gautschi/manors/hf_cache/models--nvidia--mit-b0/snapshots/80983a413c30d36a39c20203974ae7807835e2b4,outputs-guardrailpp-v4/student_skd.ckpt,skd,img_000224,/home/manors/Guardrail-Distillation/data/cityscapes/leftImg8bit/val/frankfurt/frankfurt_000001_064925_leftImg8bit.png,,0.48098352878526945,0.5190164712147305,0.968747615814209,0.9812874794006348,0.07023495435714722,0.05015839636325836,0.15292729437351227,0.9475138187408447,0.17990440130233765,-6.152858257293701,6.130517482757568,0.0020048946607857943,0.02222817949950695,458877,2.9015790205448866,4.89794323220849,16.235892224358395,0.5636058738249335,0.43639412617506645,122917,0.24631961174944403,0.7536803882505559,86441,0.05101004242897034,0.0004741357115563005,10.68620424484834,0.025443444028496742,0.9745565559715033,0.07495520263910294,0.18220177292823792,-0.019591985270380974,0.4951021671295166,0.5048978328704834,0.5109764337539673,0.532171368598938,0.5779717564582825,0.4951021671295166,0.5048978328704834,0.4951021671295166,0.5048978328704834,0.5704683089216356,0.4295316910783644,0.977904736995697,0.6149530604061962,0.38504693959380376,0.051347186581262694,0.414511138385494,0.585488861614506,0.16819152663604997,0.08948478013636607,0.08948478013636607,0.014932106249034405,0.005774967838078737,0.9105152198636339,0.08948478013636607,0.02170298434793949,0.003127199597656727,432968
b0_cityscapes_val,2026-07-07 05:27:29,cityscapes,val,all,student_skd,/scratch/gautschi/manors/hf_cache/models--nvidia--mit-b0/snapshots/80983a413c30d36a39c20203974ae7807835e2b4,outputs-guardrailpp-v4/student_skd.ckpt,skd,img_000225,/home/manors/Guardrail-Distillation/data/cityscapes/leftImg8bit/val/frankfurt/frankfurt_000001_065160_leftImg8bit.png,,0.5358396901039778,0.4641603098960222,0.9575031399726868,0.9670170545578003,0.09935469180345535,0.08685971796512604,0.22693754732608795,0.9239692091941833,0.23654665052890778,-6.57080078125,6.529849529266357,0.008825418539345264,0.04477788135409355,465587,2.9015790205448866,4.89794323220849,16.235892224358395,0.9185446875720347,0.08145531242796533,126850,0.24606960610056763,0.7539303938994324,87449,0.08811996132135391,0.0008544916636310518,10.68620424484834,0.040224961936473846,0.9597750380635262,0.15333066880702972,0.291401743888855,0.008078537881374359,0.5020195841789246,0.49798041582107544,0.5248321294784546,0.5669028162956238,0.5564664006233215,0.5020195841789246,0.49798041582107544,0.5020195841789246,0.49798041582107544,0.5999843193186506,0.4000156806813494,0.9653577208518982,0.9142694421664095,0.08573055783359051,0.0,0.24728715960448738,0.7527128403955126,0.0012175535039198326,0.06414462921467279,0.06414462921467279,0.017610028386116028,0.00975542701780796,0.9358553707853272,0.06414462921467279,0.029891299083828926,0.0011362001532688737,421316
b0_cityscapes_val,2026-07-07 05:27:29,cityscapes,val,all,student_skd,/scratch/gautschi/manors/hf_cache/models--nvidia--mit-b0/snapshots/80983a413c30d36a39c20203974ae7807835e2b4,outputs-guardrailpp-v4/student_skd.ckpt,skd,img_000226,/home/manors/Guardrail-Distillation/data/cityscapes/leftImg8bit/val/frankfurt/frankfurt_000001_065617_leftImg8bit.png,,0.5780375069962151,0.42196249300378486,0.94481360912323,0.9626483917236328,0.10045367479324341,0.09785003960132599,0.22449536621570587,0.9141720533370972,0.2618807554244995,-6.2196855545043945,6.1743059158325195,0.005946996621787548,0.0488523505628109,459896,2.9015790205448866,4.89794323220849,16.235892224358395,1.0,0.0,126850,0.5506807306041949,0.44931926939580513,32367,0.09930403530597687,0.0008923399727791548,10.68620424484834,0.05599704384803772,0.9440029561519623,0.25580987334251404,0.3628711998462677,0.026571689173579216,0.5066425204277039,0.49335747957229614,0.5677728056907654,0.6078268885612488,0.5488101840019226,0.5066425204277039,0.49335747957229614,0.5066425204277039,0.49335747957229614,0.7106349290470876,0.2893650709529124,0.9679101705551147,1.0,0.0,0.0,0.7121163823350712,0.28788361766492876,0.16143565173087637,0.13259742205087244,0.13259742205087244,0.03423817455768585,0.011141649447381496,0.8674025779491276,0.13259742205087244,0.04728895425796509,0.006297076120972633,407648
b0_cityscapes_val,2026-07-07 05:27:29,cityscapes,val,all,student_skd,/scratch/gautschi/manors/hf_cache/models--nvidia--mit-b0/snapshots/80983a413c30d36a39c20203974ae7807835e2b4,outputs-guardrailpp-v4/student_skd.ckpt,skd,img_000227,/home/manors/Guardrail-Distillation/data/cityscapes/leftImg8bit/val/frankfurt/frankfurt_000001_065850_leftImg8bit.png,,0.4757876199172851,0.524212380082715,0.9242860078811646,0.9396350979804993,0.13145236670970917,0.152420774102211,0.2933765649795532,0.8768073916435242,0.36447224020957947,-6.141605854034424,6.066086769104004,0.016875989735126495,0.08833039551973343,456151,2.9015790205448866,4.89794323220849,16.235892224358395,0.9631940253742676,0.03680597462573243,126850,0.61919628952069,0.38080371047931005,33913,0.1546299010515213,0.0015253052115440369,10.68620424484834,0.07909738272428513,0.9209026172757149,0.32350239157676697,0.40836238861083984,0.05729622393846512,0.5143201351165771,0.48567986488342285,0.585664689540863,0.6186103224754333,0.48299023509025574,0.5143201351165771,0.48567986488342285,0.5143201351165771,0.48567986488342285,0.5366964787051045,0.4633035212948955,0.9404627084732056,0.9532829427014722,0.04671705729852782,0.0,0.8530615607639179,0.14693843923608207,0.23386527124322798,0.060908858787819486,0.060908858787819486,0.03612181171774864,0.01994515024125576,0.9390911412121805,0.060908858787819486,0.0630975291132927,0.001466619549319148,375392
b0_cityscapes_val,2026-07-07 05:27:29,cityscapes,val,all,student_skd,/scratch/gautschi/manors/hf_cache/models--nvidia--mit-b0/snapshots/80983a413c30d36a39c20203974ae7807835e2b4,outputs-guardrailpp-v4/student_skd.ckpt,skd,img_000228,/home/manors/Guardrail-Distillation/data/cityscapes/leftImg8bit/val/frankfurt/frankfurt_000001_066092_leftImg8bit.png,,0.44604866375472874,0.5539513362452713,0.8307410478591919,0.8975172638893127,0.15829916298389435,0.2604014277458191,0.3545202314853668,0.8028231263160706,0.5490218997001648,-5.008025646209717,4.879466533660889,0.03026505932211876,0.1427554488182068,450883,2.8917980089318007,4.895875754300505,16.238734242506325,0.4262890829739438,0.5737109170260561,126666,0.6010421700056258,0.39895782999437424,38643,0.2650465667247772,0.004109240137040615,10.714094241848215,0.16373637318611145,0.8362636268138885,0.47184568643569946,0.5465995073318481,0.1834755837917328,0.5457406640052795,0.45425933599472046,0.660851240158081,0.7027585506439209,0.4848616123199463,0.5457406640052795,0.45425933599472046,0.5457406640052795,0.45425933599472046,0.6363973297831554,0.36360267021684456,0.883830189704895,0.5973245483040133,0.40267545169598673,0.17103546533006941,0.9856569741716656,0.014343025828334355,0.3846148041660399,0.1903486660284267,0.1903486660284267,0.08266890048980713,0.029579736292362213,0.8096513339715733,0.1903486660284267,0.12855663895606995,0.019512822851538658,310924
b0_cityscapes_val,2026-07-07 05:27:29,cityscapes,val,all,student_skd,/scratch/gautschi/manors/hf_cache/models--nvidia--mit-b0/snapshots/80983a413c30d36a39c20203974ae7807835e2b4,outputs-guardrailpp-v4/student_skd.ckpt,skd,img_000229,/home/manors/Guardrail-Distillation/data/cityscapes/leftImg8bit/val/frankfurt/frankfurt_000001_066438_leftImg8bit.png,,0.4271694357550463,0.5728305642449537,0.8931278586387634,0.9432369470596313,0.12470651417970657,0.15106727182865143,0.2866218388080597,0.8737688064575195,0.38529884815216064,-6.051499366760254,5.981240272521973,0.015435770153999329,0.0769805759191513,438786,2.8917980089318007,4.895875754300505,16.238734242506325,0.6005275580802156,0.39947244191978437,126850,0.5320463376248722,0.4679536623751278,22538,0.1536075621843338,0.0014388752169907093,10.714094241848215,0.09001578390598297,0.909984216094017,0.36695390939712524,0.4488382637500763,0.07197542488574982,0.5179861187934875,0.48201388120651245,0.6025998592376709,0.6428423523902893,0.5144117474555969,0.5179861187934875,0.48201388120651245,0.5179861187934875,0.48201388120651245,0.4769144836939086,0.5230855163060915,0.9227344989776611,0.9078811120903076,0.09211888790969236,0.307353554010092,0.6206839330630429,0.3793160669369571,0.08863759543817074,0.04974504793886225,0.04974504793886225,0.04063256084918976,0.011025875806808472,0.9502549520611377,0.04974504793886225,0.07034864276647568,0.011787067167460918,364444
b0_cityscapes_val,2026-07-07 05:27:29,cityscapes,val,all,student_skd,/scratch/gautschi/manors/hf_cache/models--nvidia--mit-b0/snapshots/80983a413c30d36a39c20203974ae7807835e2b4,outputs-guardrailpp-v4/student_skd.ckpt,skd,img_000230,/home/manors/Guardrail-Distillation/data/cityscapes/leftImg8bit/val/frankfurt/frankfurt_000001_066574_leftImg8bit.png,,0.3855914756808078,0.6144085243191921,0.866470217704773,0.9056528806686401,0.1511327624320984,0.25128915905952454,0.3485984802246094,0.7992633581161499,0.5974776148796082,-5.088290214538574,4.970864772796631,0.026031475514173508,0.12947537004947662,425216,2.8917980089318007,4.895875754300505,16.238734242506325,0.5891352558923961,0.4108647441076039,116331,0.4632643355299976,0.5367356644700024,19335,0.25595763325691223,0.003238104283809662,10.714094241848215,0.14169864356517792,0.8583013564348221,0.42582547664642334,0.4923720955848694,0.14226120710372925,0.5355054140090942,0.46449458599090576,0.6229808330535889,0.6563267707824707,0.48630061745643616,0.5355054140090942,0.46449458599090576,0.5355054140090942,0.46449458599090576,0.4091768594590521,0.5908231405409479,0.8764368891716003,0.40204636802593197,0.597953631974068,0.0,0.47138315087003047,0.5286168491299695,0.008118815340032892,0.023585383778244262,0.023585383778244262,0.06551493704319,0.05554823949933052,0.9764146162217557,0.023585383778244262,0.14140813052654266,0.012981637381017208,305359
b0_cityscapes_val,2026-07-07 05:27:29,cityscapes,val,all,student_skd,/scratch/gautschi/manors/hf_cache/models--nvidia--mit-b0/snapshots/80983a413c30d36a39c20203974ae7807835e2b4,outputs-guardrailpp-v4/student_skd.ckpt,skd,img_000231,/home/manors/Guardrail-Distillation/data/cityscapes/leftImg8bit/val/frankfurt/frankfurt_000001_066832_leftImg8bit.png,,0.5029558033935373,0.4970441966064627,0.9097180366516113,0.9550232291221619,0.11257026344537735,0.12280914932489395,0.26487934589385986,0.8916183114051819,0.34707561135292053,-5.745344161987305,5.689698219299316,0.01243910938501358,0.05899789184331894,381217,2.8917980089318007,4.895875754300505,16.238734242506325,0.6666323483990528,0.33336765160094717,126270,0.6219007542350271,0.3780992457649729,47571,0.12488824874162674,0.0014082510024309158,10.714094241848215,0.06672804057598114,0.9332719594240189,0.2659738063812256,0.38573434948921204,0.036624256521463394,0.5091550350189209,0.4908449649810791,0.5622801184654236,0.6032796502113342,0.5244917869567871,0.5091550350189209,0.4908449649810791,0.5091550350189209,0.4908449649810791,0.5524158943897761,0.4475841056102239,0.9305933117866516,0.19999683215991257,0.8000031678400874,0.0,0.6128442642398976,0.3871557357601024,0.0,0.049460090996238826,0.049460090996238826,0.03317270800471306,0.01229745801538229,0.9505399090037612,0.049460090996238826,0.05592352896928787,0.006209061946719885,330955
b0_cityscapes_val,2026-07-07 05:27:29,cityscapes,val,all,student_skd,/scratch/gautschi/manors/hf_cache/models--nvidia--mit-b0/snapshots/80983a413c30d36a39c20203974ae7807835e2b4,outputs-guardrailpp-v4/student_skd.ckpt,skd,img_000232,/home/manors/Guardrail-Distillation/data/cityscapes/leftImg8bit/val/frankfurt/frankfurt_000001_067092_leftImg8bit.png,,0.5297858191571145,0.47021418084288547,0.925826907157898,0.9601693749427795,0.10240424424409866,0.10310085862874985,0.22339698672294617,0.9090867638587952,0.2721693813800812,-6.415980339050293,6.367823600769043,0.0050809443928301334,0.052151840180158615,436533,2.892103249905631,4.90230624563992,16.234126000199467,0.993612186287443,0.006387813712557033,118673,0.41084798437597375,0.5891520156240262,102174,0.10460314899682999,0.0008494213107042015,10.668070754036307,0.05053979530930519,0.9494602046906948,0.22164185345172882,0.32276272773742676,0.013199226930737495,0.5032997727394104,0.4967002272605896,0.5444847345352173,0.5685995817184448,0.5492053627967834,0.5032997727394104,0.4967002272605896,0.5032997727394104,0.4967002272605896,0.7787300727763468,0.22126992722365324,0.9588736295700073,0.9995292938800016,0.00047070611999844303,0.00591710759255859,0.8910743629565271,0.10892563704347291,0.4802263785805533,0.24894425361923223,0.24894425361923223,0.04457394778728485,0.011527192778885365,0.7510557463807678,0.24894425361923223,0.05890505388379097,0.01692197285592556,382385
b0_cityscapes_val,2026-07-07 05:27:29,cityscapes,val,all,student_skd,/scratch/gautschi/manors/hf_cache/models--nvidia--mit-b0/snapshots/80983a413c30d36a39c20203974ae7807835e2b4,outputs-guardrailpp-v4/student_skd.ckpt,skd,img_000233,/home/manors/Guardrail-Distillation/data/cityscapes/leftImg8bit/val/frankfurt/frankfurt_000001_067178_leftImg8bit.png,,0.35763802407440043,0.6423619759255996,0.932106077671051,0.957110583782196,0.10734940320253372,0.10915821045637131,0.23400960862636566,0.9058037400245667,0.27883654832839966,-6.185266971588135,6.1330180168151855,0.006972904317080975,0.05641121417284012,429950,2.892103249905631,4.90230624563992,16.234126000199467,0.9968921883808362,0.003107811619163847,117561,0.18609478043044833,0.8139052195695516,99770,0.11065667867660522,0.0008753548609092832,10.668070754036307,0.05607254430651665,0.9439274556934834,0.24057169258594513,0.3398134112358093,0.023448962718248367,0.5058619976043701,0.4941380023956299,0.552309513092041,0.5791141390800476,0.5429645776748657,0.5058619976043701,0.4941380023956299,0.5058619976043701,0.4941380023956299,0.5088880279706296,0.4911119720293704,0.9603838324546814,1.0,0.0,0.003107811619163847,0.6353524376460443,0.3646475623539557,0.44925765721559596,0.15125000389622922,0.15125000389622922,0.039379000663757324,0.01110129151493311,0.8487499961037708,0.15125000389622922,0.054041169583797455,0.014331899583339691,373124
b0_cityscapes_val,2026-07-07 05:27:29,cityscapes,val,all,student_skd,/scratch/gautschi/manors/hf_cache/models--nvidia--mit-b0/snapshots/80983a413c30d36a39c20203974ae7807835e2b4,outputs-guardrailpp-v4/student_skd.ckpt,skd,img_000234,/home/manors/Guardrail-Distillation/data/cityscapes/leftImg8bit/val/frankfurt/frankfurt_000001_067295_leftImg8bit.png,,0.44629175715402064,0.5537082428459794,0.9111611247062683,0.9487760066986084,0.11894778162240982,0.1357373148202896,0.2716054320335388,0.8848637342453003,0.3500116765499115,-5.927066802978516,5.863790035247803,0.013285769149661064,0.06870878487825394,444310,2.892103249905631,4.90230624563992,16.234126000199467,0.9150902420207478,0.08490975797925215,126850,0.4909980110040461,0.5090019889959538,55271,0.1380738466978073,0.0015384543221443892,10.668070754036307,0.06931550055742264,0.9306844994425774,0.2767433822154999,0.37734559178352356,0.034560151398181915,0.5086391568183899,0.4913608431816101,0.5619214177131653,0.595018208026886,0.5529248714447021,0.5086391568183899,0.4913608431816101,0.5086391568183899,0.4913608431816101,0.617527610301381,0.38247238969861896,0.9420742392539978,0.5523088468490714,0.44769115315092856,0.0,0.6879019277704651,0.3120980722295349,0.19690391676641894,0.17123585314736045,0.17123585314736045,0.042612139135599136,0.011699038557708263,0.8287641468526395,0.17123585314736045,0.061891473829746246,0.010566946119070053,376467
b0_cityscapes_val,2026-07-07 05:27:29,cityscapes,val,all,student_skd,/scratch/gautschi/manors/hf_cache/models--nvidia--mit-b0/snapshots/80983a413c30d36a39c20203974ae7807835e2b4,outputs-guardrailpp-v4/student_skd.ckpt,skd,img_000235,/home/manors/Guardrail-Distillation/data/cityscapes/leftImg8bit/val/frankfurt/frankfurt_000001_067474_leftImg8bit.png,,0.5517392261993973,0.4482607738006027,0.9392833113670349,0.968151330947876,0.0964009091258049,0.08427513390779495,0.2218138575553894,0.9262670278549194,0.23008978366851807,-6.035346508026123,5.996088027954102,0.007548944093286991,0.04229693487286568,455163,2.892103249905631,4.90230624563992,16.234126000199467,1.0,0.0,126850,0.4804848840115071,0.519515115988493,32621,0.08630558848381042,0.0012150120455771685,10.668070754036307,0.048470042645931244,0.9515299573540688,0.1930054873228073,0.324542760848999,0.01653105579316616,0.5041326284408569,0.49586737155914307,0.5453333258628845,0.5868672132492065,0.568091869354248,0.5041326284408569,0.49586737155914307,0.5041326284408569,0.49586737155914307,0.7102966612576358,0.2897033387423642,0.972978949546814,1.0,0.0,0.0,0.8644191609880789,0.13558083901192108,0.3839342769765719,0.1585574350582385,0.1585574350582385,0.03997908532619476,0.006283463444560766,0.8414425649417615,0.1585574350582385,0.05043468251824379,0.01231207326054573,412048
b0_cityscapes_val,2026-07-07 05:27:30,cityscapes,val,all,student_skd,/scratch/gautschi/manors/hf_cache/models--nvidia--mit-b0/snapshots/80983a413c30d36a39c20203974ae7807835e2b4,outputs-guardrailpp-v4/student_skd.ckpt,skd,img_000236,/home/manors/Guardrail-Distillation/data/cityscapes/leftImg8bit/val/frankfurt/frankfurt_000001_067735_leftImg8bit.png,,0.5434432393039782,0.4565567606960218,0.9586232304573059,0.9706685543060303,0.09076225012540817,0.07819122821092606,0.2069917470216751,0.9276676774024963,0.23508910834789276,-6.436125755310059,6.400336742401123,0.005318778101354837,0.03754162788391113,415885,2.895887999329716,4.892401251709089,16.234271257417277,0.960473073554747,0.03952692644525302,126850,0.38270393120551394,0.6172960687944861,94368,0.07955700159072876,0.0008712084381841123,10.683331231120974,0.03886869177222252,0.9611313082277775,0.14691299200057983,0.27418774366378784,-0.002432276261970401,0.49939194321632385,0.5006080567836761,0.527064323425293,0.5601505041122437,0.5658725500106812,0.49939194321632385,0.5006080567836761,0.49939194321632385,0.5006080567836761,0.569636185709591,0.43036381429040904,0.9714152216911316,0.9780490709775874,0.02195092902241258,0.01757599742284044,0.5509591365514117,0.4490408634485883,0.16825520534589777,0.02619294640561276,0.02619294640561276,0.01893792860209942,0.006145929917693138,0.9738070535943872,0.02619294640561276,0.02720944583415985,0.002339589176699519,379263
b0_cityscapes_val,2026-07-07 05:27:30,cityscapes,val,all,student_skd,/scratch/gautschi/manors/hf_cache/models--nvidia--mit-b0/snapshots/80983a413c30d36a39c20203974ae7807835e2b4,outputs-guardrailpp-v4/student_skd.ckpt,skd,img_000237,/home/manors/Guardrail-Distillation/data/cityscapes/leftImg8bit/val/frankfurt/frankfurt_000001_068063_leftImg8bit.png,,0.4999778081385289,0.5000221918614711,0.9411711692810059,0.9639850854873657,0.1045583114027977,0.09715484827756882,0.24940946698188782,0.9171842336654663,0.2632465660572052,-6.404982566833496,6.360007286071777,0.011023527011275291,0.04924187809228897,462919,2.895887999329716,4.892401251709089,16.234271257417277,0.7449312620868019,0.25506873791319806,126850,0.7800748794659691,0.2199251205340309,38012,0.09876905381679535,0.0009683052194304764,10.683331231120974,0.04172490909695625,0.9582750909030437,0.16168053448200226,0.29365116357803345,0.004101368132978678,0.5010253190994263,0.49897468090057373,0.5302146077156067,0.5672177076339722,0.549568772315979,0.5010253190994263,0.49897468090057373,0.5010253190994263,0.49897468090057373,0.5800368509467232,0.4199631490532768,0.9558259844779968,0.8939317105151847,0.10606828948481528,0.14900044842838278,0.8910524431213142,0.10894755687868585,0.11097756365534506,0.08005904280819431,0.08005904280819431,0.023593761026859283,0.008938929066061974,0.9199409571918057,0.08005904280819431,0.03844301030039787,0.004059025552123785,414256
b0_cityscapes_val,2026-07-07 05:27:30,cityscapes,val,all,student_skd,/scratch/gautschi/manors/hf_cache/models--nvidia--mit-b0/snapshots/80983a413c30d36a39c20203974ae7807835e2b4,outputs-guardrailpp-v4/student_skd.ckpt,skd,img_000238,/home/manors/Guardrail-Distillation/data/cityscapes/leftImg8bit/val/frankfurt/frankfurt_000001_068208_leftImg8bit.png,,0.49329373308557883,0.5067062669144211,0.9226318001747131,0.9382098913192749,0.1272234171628952,0.1617756336927414,0.28968197107315063,0.8668148517608643,0.38874757289886475,-6.141829490661621,6.065630912780762,0.014517005532979965,0.08104149252176285,459530,2.895887999329716,4.892401251709089,16.234271257417277,0.5110097289197227,0.48899027108027726,126850,0.22765133929472559,0.7723486607052744,6318,0.1641070544719696,0.0016022382769733667,10.683331231120974,0.08031690865755081,0.9196830913424492,0.29067933559417725,0.37228503823280334,0.0525163933634758,0.5131260752677917,0.48687392473220825,0.5748323798179626,0.6093831658363342,0.5147168636322021,0.5131260752677917,0.48687392473220825,0.5131260752677917,0.48687392473220825,0.6331337581527716,0.3668662418472284,0.9455029368400574,0.8582226680271896,0.1417773319728104,0.34721293910746687,0.5050140432765756,0.4949859567234244,0.27736270398185003,0.13984002506719273,0.13984002506719273,0.0405588299036026,0.017687637358903885,0.8601599749328073,0.13984002506719273,0.06505995243787766,0.0032206817995756865,374118
b0_cityscapes_val,2026-07-07 05:27:30,cityscapes,val,all,student_skd,/scratch/gautschi/manors/hf_cache/models--nvidia--mit-b0/snapshots/80983a413c30d36a39c20203974ae7807835e2b4,outputs-guardrailpp-v4/student_skd.ckpt,skd,img_000239,/home/manors/Guardrail-Distillation/data/cityscapes/leftImg8bit/val/frankfurt/frankfurt_000001_068682_leftImg8bit.png,,0.6256569531078165,0.37434304689218345,0.9279634952545166,0.9516494870185852,0.11864053457975388,0.11903613805770874,0.25353819131851196,0.8998856544494629,0.2909475266933441,-6.297543525695801,6.237362861633301,0.011121025308966637,0.06963039934635162,461738,2.895887999329716,4.892401251709089,16.234271257417277,0.9541080427709919,0.045891957229008074,126850,0.8119612716336807,0.1880387283663193,11688,0.12033554911613464,0.0009018088458105922,10.683331231120974,0.05572815239429474,0.9442718476057053,0.23615533113479614,0.3366656005382538,0.024058323353528976,0.5060142874717712,0.49398571252822876,0.5515536665916443,0.5867451429367065,0.5332762598991394,0.5060142874717712,0.49398571252822876,0.5060142874717712,0.49398571252822876,0.7656522604333333,0.23434773956666666,0.956620454788208,0.9922481980495352,0.007751801950464765,0.03814015527854331,0.89293083872588,0.10706916127412003,0.08096956709219927,0.1399953073255168,0.1399953073255168,0.04308503866195679,0.014428095892071724,0.8600046926744832,0.1399953073255168,0.06224958971142769,0.006748415995389223,397359
b0_cityscapes_val,2026-07-07 05:27:30,cityscapes,val,all,student_skd,/scratch/gautschi/manors/hf_cache/models--nvidia--mit-b0/snapshots/80983a413c30d36a39c20203974ae7807835e2b4,outputs-guardrailpp-v4/student_skd.ckpt,skd,img_000240,/home/manors/Guardrail-Distillation/data/cityscapes/leftImg8bit/val/frankfurt/frankfurt_000001_068772_leftImg8bit.png,,0.5710142966162768,0.4289857033837232,0.9541352391242981,0.9742435216903687,0.0863683745265007,0.06883158534765244,0.1951332539319992,0.9334535002708435,0.22139650583267212,-6.37790060043335,6.346312046051025,0.005766469985246658,0.03340832144021988,456952,2.8973264852538705,4.9000795115716755,16.23741677030921,0.7020088808639551,0.2979911191360449,125900,0.37484118576669756,0.6251588142333024,62945,0.06994593888521194,0.0007294706301763654,10.674883000319824,0.04003685340285301,0.959963146597147,0.14604586362838745,0.2728044092655182,0.00036892012576572597,0.5000922083854675,0.49990779161453247,0.5307705402374268,0.5687726140022278,0.5529162287712097,0.5000922083854675,0.49990779161453247,0.5000922083854675,0.49990779161453247,0.5444450694798199,0.45555493052018015,0.9617268443107605,0.7163861201411603,0.2836138798588397,0.014377239277205245,0.322293126111546,0.677706873888454,0.0,0.0,0.0,0.01561433169990778,0.008022724650800228,1.0,0.0,0.027670301496982574,0.0021884136367589235,422864
b0_cityscapes_val,2026-07-07 05:27:30,cityscapes,val,all,student_skd,/scratch/gautschi/manors/hf_cache/models--nvidia--mit-b0/snapshots/80983a413c30d36a39c20203974ae7807835e2b4,outputs-guardrailpp-v4/student_skd.ckpt,skd,img_000241,/home/manors/Guardrail-Distillation/data/cityscapes/leftImg8bit/val/frankfurt/frankfurt_000001_069633_leftImg8bit.png,,0.6122146636223817,0.38778533637761825,0.9476024508476257,0.9665966629981995,0.09841713309288025,0.0890098288655281,0.22703059017658234,0.921618640422821,0.2496989518404007,-6.105341911315918,6.064222812652588,0.00848496425896883,0.04410804808139801,450326,2.8973264852538705,4.9000795115716755,16.23741677030921,0.4995664170279858,0.5004335829720141,126850,0.49400099461452285,0.5059990053854772,43914,0.09089944511651993,0.0011117757530882955,10.674883000319824,0.04523560777306557,0.9547643922269344,0.17489224672317505,0.30348771810531616,0.00827398244291544,0.5020684599876404,0.4979315400123596,0.5351938009262085,0.5743765234947205,0.5833317637443542,0.5020684599876404,0.4979315400123596,0.5020684599876404,0.4979315400123596,0.686577307252869,0.31342269274713097,0.9663844108581543,0.818024064592924,0.18197593540707602,0.3184576475649381,0.5439283632709115,0.45607163672908846,0.04992736865638869,0.07436264363048728,0.07436264363048728,0.025594793260097504,0.006812842562794685,0.9256373563695127,0.07436264363048728,0.036600153893232346,0.00386830884963274,405098
b0_cityscapes_val,2026-07-07 05:27:30,cityscapes,val,all,student_skd,/scratch/gautschi/manors/hf_cache/models--nvidia--mit-b0/snapshots/80983a413c30d36a39c20203974ae7807835e2b4,outputs-guardrailpp-v4/student_skd.ckpt,skd,img_000242,/home/manors/Guardrail-Distillation/data/cityscapes/leftImg8bit/val/frankfurt/frankfurt_000001_070099_leftImg8bit.png,,0.6193707351461611,0.38062926485383886,0.9372625946998596,0.9638210535049438,0.10081922262907028,0.096694715321064,0.23090027272701263,0.9142826795578003,0.2665289342403412,-6.326300621032715,6.2818803787231445,0.008519770577549934,0.04646748676896095,387217,2.8973264852538705,4.9000795115716755,16.23741677030921,0.9238610622200376,0.07613893777996239,84748,0.6252758238459729,0.3747241761540271,85194,0.09847266972064972,0.0011507491581141949,10.674883000319824,0.04531213268637657,0.9546878673136234,0.1735212653875351,0.29758116602897644,0.005658783949911594,0.5014147162437439,0.4985852837562561,0.5327852368354797,0.5639885663986206,0.5432252883911133,0.5014147162437439,0.4985852837562561,0.5014147162437439,0.4985852837562561,0.7248775362875539,0.2751224637124461,0.951711893081665,0.9219740046346272,0.0780259953653728,0.0,0.9656676286606728,0.034332371339327206,0.3403918048146999,0.10550680114139277,0.10550680114139277,0.026592325419187546,0.012143062427639961,0.8944931988586072,0.10550680114139277,0.04337103292346001,0.006112851668149233,345612
b0_cityscapes_val,2026-07-07 05:27:30,cityscapes,val,all,student_skd,/scratch/gautschi/manors/hf_cache/models--nvidia--mit-b0/snapshots/80983a413c30d36a39c20203974ae7807835e2b4,outputs-guardrailpp-v4/student_skd.ckpt,skd,img_000243,/home/manors/Guardrail-Distillation/data/cityscapes/leftImg8bit/val/frankfurt/frankfurt_000001_071288_leftImg8bit.png,,0.5671875021399633,0.4328124978600367,0.9639534950256348,0.973015308380127,0.08656211942434311,0.07020502537488937,0.18838824331760406,0.9343079924583435,0.20722660422325134,-6.686548709869385,6.653788089752197,0.004551265388727188,0.03490418940782547,448227,2.8973264852538705,4.9000795115716755,16.23741677030921,0.4571374003355464,0.5428625996644536,115503,0.49110086405654074,0.5088991359434593,46409,0.07130318135023117,0.0006614323938265443,10.674883000319824,0.03527183085680008,0.9647281691431999,0.1260373741388321,0.25100213289260864,-0.0033793735783547163,0.4991551637649536,0.5008448362350464,0.5242730975151062,0.5615638494491577,0.5097399353981018,0.4991551637649536,0.5008448362350464,0.4991551637649536,0.5008448362350464,0.673189676953129,0.32681032304687097,0.9779397249221802,0.6725770802681981,0.32742291973180193,0.21543967993265167,0.49089596621272197,0.5091040337872781,0.0,0.10600217481316576,0.10600217481316576,0.019336184486746788,0.0053499676287174225,0.8939978251868342,0.10600217481316576,0.025656642392277718,0.0016040978953242302,412843
b0_cityscapes_val,2026-07-07 05:27:30,cityscapes,val,all,student_skd,/scratch/gautschi/manors/hf_cache/models--nvidia--mit-b0/snapshots/80983a413c30d36a39c20203974ae7807835e2b4,outputs-guardrailpp-v4/student_skd.ckpt,skd,img_000244,/home/manors/Guardrail-Distillation/data/cityscapes/leftImg8bit/val/frankfurt/frankfurt_000001_071781_leftImg8bit.png,,0.5772777755494126,0.4227222244505874,0.9543842077255249,0.9629982113838196,0.10043834149837494,0.1003606915473938,0.23097456991672516,0.9112961292266846,0.27436721324920654,-6.362688064575195,6.317541599273682,0.007663802709430456,0.04657233878970146,463086,2.896791265811771,4.899496503639966,16.22615149244666,1.0,0.0,126850,0.31924763475882295,0.6807523652411771,23956,0.10197369754314423,0.0009762109839357436,10.684207518352196,0.05083203688263893,0.9491679631173611,0.21334829926490784,0.3215111494064331,0.0159368347376585,0.5039840936660767,0.49601590633392334,0.5464397072792053,0.578196108341217,0.5167655348777771,0.5039840936660767,0.49601590633392334,0.5039840936660767,0.49601590633392334,0.71478465401869,0.28521534598131004,0.9636417031288147,1.0,0.0,0.0,0.8147796772220444,0.18522032277795564,0.49553204246322147,0.13750687846927734,0.13750687846927734,0.019544964656233788,0.010287505574524403,0.8624931215307227,0.13750687846927734,0.031870968639850616,0.0018095989944413304,411548
b0_cityscapes_val,2026-07-07 05:27:30,cityscapes,val,all,student_skd,/scratch/gautschi/manors/hf_cache/models--nvidia--mit-b0/snapshots/80983a413c30d36a39c20203974ae7807835e2b4,outputs-guardrailpp-v4/student_skd.ckpt,skd,img_000245,/home/manors/Guardrail-Distillation/data/cityscapes/leftImg8bit/val/frankfurt/frankfurt_000001_072155_leftImg8bit.png,,0.5007265598415376,0.4992734401584624,0.9394960403442383,0.9630724787712097,0.1006292849779129,0.09888507425785065,0.22696751356124878,0.9101671576499939,0.28533846139907837,-6.443327903747559,6.398297309875488,0.007231617346405983,0.048189472407102585,437938,2.896791265811771,4.899496503639966,16.22615149244666,0.6664989939637826,0.33350100603621735,110491,0.4936354691919813,0.5063645308080187,16560,0.10064450651407242,0.0010447805980220437,10.684207518352196,0.05501660704612732,0.9449833929538727,0.23294629156589508,0.3329368829727173,0.01865248568356037,0.5046629905700684,0.49533700942993164,0.5537887215614319,0.5840070843696594,0.4990113377571106,0.5046629905700684,0.49533700942993164,0.5046629905700684,0.49533700942993164,0.5932374983524848,0.40676250164751515,0.9559960961341858,0.6661499610404898,0.33385003895951015,0.0,0.6129078454403109,0.38709215455968915,0.11927237624832954,0.09251093851094727,0.09251093851094727,0.027645466849207878,0.011145413853228092,0.9074890614890527,0.09251093851094727,0.041711386293172836,0.00330640422180295,389384
b0_cityscapes_val,2026-07-07 05:27:30,cityscapes,val,all,student_skd,/scratch/gautschi/manors/hf_cache/models--nvidia--mit-b0/snapshots/80983a413c30d36a39c20203974ae7807835e2b4,outputs-guardrailpp-v4/student_skd.ckpt,skd,img_000246,/home/manors/Guardrail-Distillation/data/cityscapes/leftImg8bit/val/frankfurt/frankfurt_000001_072295_leftImg8bit.png,,0.4773578260325679,0.5226421739674321,0.9183292388916016,0.9621408581733704,0.10247793048620224,0.09660284966230392,0.22382138669490814,0.9162000417709351,0.2521773874759674,-6.289607524871826,6.243378639221191,0.006696741562336683,0.05045997351408005,435137,2.896791265811771,4.899496503639966,16.22615149244666,0.266645498991087,0.733354501008913,109254,0.9866308045249584,0.013369195475041562,25282,0.09800784289836884,0.0009789600735530257,10.684207518352196,0.05102960392832756,0.9489703960716724,0.21428200602531433,0.3394690155982971,0.015464147552847862,0.5038659572601318,0.49613404273986816,0.5430766940116882,0.5850620865821838,0.5201149582862854,0.5038659572601318,0.49613404273986816,0.5038659572601318,0.49613404273986816,0.6434589757379547,0.35654102426204526,0.931941032409668,0.23847851580039287,0.7615214841996072,0.0,0.9830314057432166,0.01696859425678343,0.0,0.1661011497053868,0.1661011497053868,0.023613253608345985,0.01000144798308611,0.8338988502946132,0.1661011497053868,0.04082852229475975,0.004265323746949434,384403
b0_cityscapes_val,2026-07-07 05:27:30,cityscapes,val,all,student_skd,/scratch/gautschi/manors/hf_cache/models--nvidia--mit-b0/snapshots/80983a413c30d36a39c20203974ae7807835e2b4,outputs-guardrailpp-v4/student_skd.ckpt,skd,img_000247,/home/manors/Guardrail-Distillation/data/cityscapes/leftImg8bit/val/frankfurt/frankfurt_000001_073088_leftImg8bit.png,,0.5517558679930014,0.44824413200699864,0.8728975653648376,0.9225718379020691,0.1492440551519394,0.1986246556043625,0.3398086130619049,0.8489896059036255,0.43640050292015076,-5.665586471557617,5.567264556884766,0.02991233579814434,0.11538592725992203,379977,2.896791265811771,4.899496503639966,16.22615149244666,1.0,0.0,126850,0.8117799784248291,0.18822002157517093,10054,0.20196302235126495,0.002862079767510295,10.684207518352196,0.11203424632549286,0.8879657536745071,0.40759557485580444,0.47909948229789734,0.11482512205839157,0.5286747813224792,0.47132521867752075,0.6338091492652893,0.668513298034668,0.491245836019516,0.5286747813224792,0.47132521867752075,0.5286747813224792,0.47132521867752075,0.6142156378953676,0.3857843621046324,0.9122762680053711,1.0,0.0,0.0,0.619350454345406,0.38064954565459397,0.0,0.062459769902366236,0.062459769902366236,0.06651192158460617,0.027133220806717873,0.9375402300976338,0.062459769902366236,0.10981716960668564,0.005129257682710886,296545
b0_cityscapes_val,2026-07-07 05:27:30,cityscapes,val,all,student_skd,/scratch/gautschi/manors/hf_cache/models--nvidia--mit-b0/snapshots/80983a413c30d36a39c20203974ae7807835e2b4,outputs-guardrailpp-v4/student_skd.ckpt,skd,img_000248,/home/manors/Guardrail-Distillation/data/cityscapes/leftImg8bit/val/frankfurt/frankfurt_000001_073243_leftImg8bit.png,,0.3554347941964546,0.6445652058035454,0.9514424204826355,0.9711329936981201,0.0896838903427124,0.07474164664745331,0.19699658453464508,0.9303098320960999,0.2222251296043396,-6.487098217010498,6.4520111083984375,0.004353741183876991,0.03768171742558479,466725,2.894997247494757,4.898092010989785,16.225783503614366,1.0,0.0,126850,0.24812666905815298,0.751873330941847,75307,0.07585420459508896,0.0006152904243208468,10.669849260011688,0.03531874343752861,0.9646812565624714,0.13568274676799774,0.24594177305698395,-0.007300666533410549,0.498174786567688,0.501825213432312,0.5208095908164978,0.5472620129585266,0.5183516144752502,0.498174786567688,0.501825213432312,0.498174786567688,0.501825213432312,0.35229849559533355,0.6477015044046665,0.9560211896896362,1.0,0.0,0.0,0.2469417843244033,0.7530582156755967,0.0,0.0,0.0,0.013453317806124687,0.008874604478478432,1.0,0.0,0.030626170337200165,0.0005249343812465668,426167
b0_cityscapes_val,2026-07-07 05:27:30,cityscapes,val,all,student_skd,/scratch/gautschi/manors/hf_cache/models--nvidia--mit-b0/snapshots/80983a413c30d36a39c20203974ae7807835e2b4,outputs-guardrailpp-v4/student_skd.ckpt,skd,img_000249,/home/manors/Guardrail-Distillation/data/cityscapes/leftImg8bit/val/frankfurt/frankfurt_000001_073464_leftImg8bit.png,,0.46269089743932046,0.5373091025606795,0.9502017498016357,0.9687333703041077,0.09571027755737305,0.08209805190563202,0.21610532701015472,0.9251178503036499,0.2423839569091797,-6.115957260131836,6.077384948730469,0.007643816061317921,0.04131161794066429,462727,2.894997247494757,4.898092010989785,16.225783503614366,0.44250145904410343,0.5574985409558966,126850,0.5816222933504137,0.4183777066495863,86517,0.08355413377285004,0.0009456511470489204,10.669849260011688,0.03824891522526741,0.9617510847747326,0.14619465172290802,0.26718252897262573,0.0006428287597373128,0.5001606941223145,0.49983930587768555,0.5235637426376343,0.5536173582077026,0.5577031373977661,0.5001606941223145,0.49983930587768555,0.5001606941223145,0.49983930587768555,0.5794556594098761,0.4205443405901239,0.9628376960754395,0.8699534501356082,0.1300465498643918,0.4274519910915048,0.6258438358409193,0.3741561641590807,0.04422154249050558,0.11676476197055563,0.11676476197055563,0.020714158192276955,0.00807819701731205,0.8832352380294444,0.11676476197055563,0.035221632570028305,0.002664638217538595,419678
b0_cityscapes_val,2026-07-07 05:27:30,cityscapes,val,all,student_skd,/scratch/gautschi/manors/hf_cache/models--nvidia--mit-b0/snapshots/80983a413c30d36a39c20203974ae7807835e2b4,outputs-guardrailpp-v4/student_skd.ckpt,skd,img_000250,/home/manors/Guardrail-Distillation/data/cityscapes/leftImg8bit/val/frankfurt/frankfurt_000001_073911_leftImg8bit.png,,0.5143104136840212,0.4856895863159788,0.9395104050636292,0.9678270220756531,0.0976957306265831,0.08389919996261597,0.22072304785251617,0.9252490401268005,0.2375941276550293,-6.049997329711914,6.010147571563721,0.007797384634613991,0.043253377079963684,463617,2.894997247494757,4.898092010989785,16.225783503614366,0.49992116673236103,0.5000788332676389,126850,0.3573064314493958,0.6426935685506042,24801,0.08525782823562622,0.0010077862534672022,10.669849260011688,0.04452894255518913,0.9554710574448109,0.17819863557815552,0.296874463558197,0.013414580374956131,0.5033535957336426,0.4966464042663574,0.5354995727539062,0.5718300342559814,0.5754702687263489,0.5033535957336426,0.4966464042663574,0.5033535957336426,0.4966464042663574,0.7485128254416982,0.25148717455830183,0.9603552222251892,1.0,0.0,0.5000788332676389,0.8876124187076929,0.11238758129230708,0.5303059872582971,0.23420241175767698,0.23420241175767698,0.026485223323106766,0.005640431772917509,0.765797588242323,0.23420241175767698,0.036461129784584045,0.005713768303394318,419853
b0_cityscapes_val,2026-07-07 05:27:30,cityscapes,val,all,student_skd,/scratch/gautschi/manors/hf_cache/models--nvidia--mit-b0/snapshots/80983a413c30d36a39c20203974ae7807835e2b4,outputs-guardrailpp-v4/student_skd.ckpt,skd,img_000251,/home/manors/Guardrail-Distillation/data/cityscapes/leftImg8bit/val/frankfurt/frankfurt_000001_075296_leftImg8bit.png,,0.5462453510029451,0.45375464899705487,0.9561010599136353,0.9681311845779419,0.09506041556596756,0.0831863209605217,0.21136747300624847,0.9234146475791931,0.24410344660282135,-6.376485347747803,6.337510585784912,0.006280137691646814,0.04211725294589996,451264,2.894997247494757,4.898092010989785,16.225783503614366,0.9744734555934642,0.02552654440653579,126850,0.4497120519067968,0.5502879480932032,34750,0.08481322973966599,0.0009114326676353812,10.669849260011688,0.039646249264478683,0.9603537507355213,0.14840006828308105,0.27316704392433167,-0.0017327208770439029,0.49956682324409485,0.5004331767559052,0.5286030769348145,0.5615039467811584,0.5704501271247864,0.49956682324409485,0.5004331767559052,0.49956682324409485,0.5004331767559052,0.6812841362211148,0.31871586377888517,0.9691932201385498,0.9621721080938146,0.03782789190618541,0.0,0.773754259757657,0.226245740242343,0.32404220785086024,0.1350387852181697,0.1350387852181697,0.02217327244579792,0.0090811587870121,0.8649612147818303,0.1350387852181697,0.03288983926177025,0.0033084845636039972,408537
b0_cityscapes_val,2026-07-07 05:27:30,cityscapes,val,all,student_skd,/scratch/gautschi/manors/hf_cache/models--nvidia--mit-b0/snapshots/80983a413c30d36a39c20203974ae7807835e2b4,outputs-guardrailpp-v4/student_skd.ckpt,skd,img_000252,/home/manors/Guardrail-Distillation/data/cityscapes/leftImg8bit/val/frankfurt/frankfurt_000001_075984_leftImg8bit.png,,0.4170272196123208,0.5829727803876792,0.9000222086906433,0.9456010460853577,0.12348538637161255,0.1397775113582611,0.2812730073928833,0.8843711018562317,0.34354618191719055,-5.344638347625732,5.276853561401367,0.014438203535974026,0.07234601676464081,432256,2.9018360073678195,4.883091984083876,16.225917992414907,0.5442878804261899,0.4557121195738101,119869,0.2793440403547755,0.7206559596452244,88547,0.14163388311862946,0.0015252212760969996,10.690203751437366,0.07135467976331711,0.9286453202366829,0.2665709853172302,0.3594915270805359,0.051821958273649216,0.5129525661468506,0.4870474338531494,0.5717868208885193,0.6080560684204102,0.5473528504371643,0.5129525661468506,0.4870474338531494,0.5129525661468506,0.4870474338531494,0.522660329046315,0.477339670953685,0.9490441083908081,0.9376450018764547,0.06235499812354528,0.3933571214502648,0.33090238395300603,0.6690976160469939,0.05155834359823053,0.10563310943399418,0.10563310943399418,0.06799211353063583,0.018970239907503128,0.8943668905660058,0.10563310943399418,0.09785867482423782,0.021008383482694626,362116
b0_cityscapes_val,2026-07-07 05:27:30,cityscapes,val,all,student_skd,/scratch/gautschi/manors/hf_cache/models--nvidia--mit-b0/snapshots/80983a413c30d36a39c20203974ae7807835e2b4,outputs-guardrailpp-v4/student_skd.ckpt,skd,img_000253,/home/manors/Guardrail-Distillation/data/cityscapes/leftImg8bit/val/frankfurt/frankfurt_000001_076502_leftImg8bit.png,,0.6021025427260134,0.3978974572739866,0.929911732673645,0.9493207335472107,0.11793815344572067,0.13404931128025055,0.2669818699359894,0.8845108151435852,0.3553704619407654,-5.785909652709961,5.723404884338379,0.012520971707999706,0.06780573725700378,453000,2.9018360073678195,4.883091984083876,16.225917992414907,0.9494406572528458,0.050559342747154234,126850,0.8133431971059004,0.18665680289409958,30634,0.13653016090393066,0.0015730771701782942,10.690203751437366,0.06970495730638504,0.930295042693615,0.27501800656318665,0.36646267771720886,0.03605930507183075,0.509013831615448,0.490986168384552,0.5619266033172607,0.5929571390151978,0.572142481803894,0.509013831615448,0.490986168384552,0.509013831615448,0.490986168384552,0.7164160240423527,0.2835839759576473,0.9587174654006958,0.9850432616213471,0.014956738378652856,0.03560260436850138,0.8914834898713976,0.10851651012860242,0.07814029276549717,0.11431348131633934,0.11431348131633934,0.039942603558301926,0.011136865243315697,0.8856865186836607,0.11431348131633934,0.054445914924144745,0.003761589527130127,384948
b0_cityscapes_val,2026-07-07 05:27:30,cityscapes,val,all,student_skd,/scratch/gautschi/manors/hf_cache/models--nvidia--mit-b0/snapshots/80983a413c30d36a39c20203974ae7807835e2b4,outputs-guardrailpp-v4/student_skd.ckpt,skd,img_000254,/home/manors/Guardrail-Distillation/data/cityscapes/leftImg8bit/val/frankfurt/frankfurt_000001_077092_leftImg8bit.png,,0.38175232722384755,0.6182476727761524,0.949966311454773,0.9630137085914612,0.09893744438886642,0.09452256560325623,0.21154887974262238,0.915709912776947,0.25246232748031616,-6.380804538726807,6.336076259613037,0.005099570378661156,0.04775523766875267,462588,2.9018360073678195,4.883091984083876,16.225917992414907,0.8291287738239598,0.17087122617604023,126850,0.35398823121087847,0.6460117687891216,75617,0.09589716047048569,0.0008101611165329814,10.690203751437366,0.04591332748532295,0.954086672514677,0.1889769583940506,0.3098824620246887,0.006108488887548447,0.5015271306037903,0.4984728693962097,0.5334700345993042,0.5628371834754944,0.5469568371772766,0.5015271306037903,0.4984728693962097,0.5015271306037903,0.4984728693962097,0.44472553463442693,0.555274465365573,0.9632978439331055,0.8522994142226579,0.14770058577734213,0.023170640398698095,0.40353120780934626,0.5964687921906537,0.04954297659846785,0.06297320741057943,0.06297320741057943,0.021044645458459854,0.007713127415627241,0.9370267925894206,0.06297320741057943,0.03176908940076828,0.0016580629162490368,410531
b0_cityscapes_val,2026-07-07 05:27:30,cityscapes,val,all,student_skd,/scratch/gautschi/manors/hf_cache/models--nvidia--mit-b0/snapshots/80983a413c30d36a39c20203974ae7807835e2b4,outputs-guardrailpp-v4/student_skd.ckpt,skd,img_000255,/home/manors/Guardrail-Distillation/data/cityscapes/leftImg8bit/val/frankfurt/frankfurt_000001_077233_leftImg8bit.png,,0.46753782200297256,0.5324621779970274,0.949953019618988,0.970956563949585,0.08917797356843948,0.07916560024023056,0.20431077480316162,0.9261268973350525,0.23873230814933777,-6.0613112449646,6.026045799255371,0.005644612479954958,0.03595386818051338,462565,2.9018360073678195,4.883091984083876,16.225917992414907,0.9517719231722186,0.04822807682778141,126850,0.38053234263619584,0.6194676573638042,71999,0.08061320334672928,0.0008496864465996623,10.690203751437366,0.03938979655504227,0.9606102034449577,0.14478062093257904,0.2650040090084076,0.005524096544831991,0.5013810396194458,0.4986189603805542,0.5257271528244019,0.5569028258323669,0.5833324193954468,0.5013810396194458,0.4986189603805542,0.5013810396194458,0.4986189603805542,0.6789630718520756,0.3210369281479244,0.969452977180481,0.9582194630374337,0.04178053696256634,0.006447539865215068,0.5466123179858285,0.45338768201417146,0.1660799753496327,0.21142524984910305,0.21142524984910305,0.025659097358584404,0.006159134674817324,0.788574750150897,0.21142524984910305,0.03375958278775215,0.005214402452111244,422519
b0_cityscapes_val,2026-07-07 05:27:31,cityscapes,val,all,student_skd,/scratch/gautschi/manors/hf_cache/models--nvidia--mit-b0/snapshots/80983a413c30d36a39c20203974ae7807835e2b4,outputs-guardrailpp-v4/student_skd.ckpt,skd,img_000256,/home/manors/Guardrail-Distillation/data/cityscapes/leftImg8bit/val/frankfurt/frankfurt_000001_077434_leftImg8bit.png,,0.48330168463841294,0.5166983153615871,0.9278541207313538,0.9523028135299683,0.11599918454885483,0.12850520014762878,0.2703981101512909,0.8897951245307922,0.3437117338180542,-5.8316240310668945,5.7725443840026855,0.01302456483244896,0.0644630640745163,439554,2.8925729857292026,4.882950510364026,16.229565517278388,0.8436623521177994,0.15633764788220061,126850,0.42197088774280783,0.5780291122571921,41664,0.13097932934761047,0.0015914497198536992,10.694370488636196,0.06988604366779327,0.9301139563322067,0.28067389130592346,0.38697168231010437,0.035718921571969986,0.5089287757873535,0.4910712242126465,0.5680214762687683,0.6041697263717651,0.5693318843841553,0.5089287757873535,0.4910712242126465,0.5089287757873535,0.4910712242126465,0.6656693032859337,0.33433069671406634,0.965453565120697,0.8647877744846557,0.1352122255153443,0.021125422366856328,0.6853936077861591,0.3146063922138409,0.2634227200433512,0.1823676186475207,0.1823676186475207,0.046729180961847305,0.009129708632826805,0.8176323813524793,0.1823676186475207,0.061667051166296005,0.01618458703160286,378130
b0_cityscapes_val,2026-07-07 05:27:31,cityscapes,val,all,student_skd,/scratch/gautschi/manors/hf_cache/models--nvidia--mit-b0/snapshots/80983a413c30d36a39c20203974ae7807835e2b4,outputs-guardrailpp-v4/student_skd.ckpt,skd,img_000257,/home/manors/Guardrail-Distillation/data/cityscapes/leftImg8bit/val/frankfurt/frankfurt_000001_078803_leftImg8bit.png,,0.49565324971719976,0.5043467502828003,0.8566588759422302,0.9435509443283081,0.12199099361896515,0.1592644602060318,0.28764107823371887,0.8610985279083252,0.43705183267593384,-5.710500240325928,5.640880584716797,0.016955317929387093,0.07011356204748154,445406,2.8925729857292026,4.882950510364026,16.229565517278388,0.7858028141112643,0.2141971858887357,126091,0.5639368905647592,0.43606310943524085,12896,0.16236251592636108,0.0018595490837469697,10.694370488636196,0.09794479608535767,0.9020552039146423,0.32912734150886536,0.4210527539253235,0.08271734416484833,0.520667552947998,0.47933244705200195,0.5981405377388,0.6336643099784851,0.5028634071350098,0.520667552947998,0.47933244705200195,0.520667552947998,0.47933244705200195,0.599583414078308,0.40041658592169205,0.9299111366271973,0.9761323851688677,0.02386761483113231,0.1903295710576034,0.8378611933483571,0.16213880665164293,0.2739243027835979,0.10393016436110825,0.10393016436110825,0.08894132822751999,0.015689056366682053,0.8960698356388918,0.10393016436110825,0.11900828033685684,0.04492081329226494,371714
b0_cityscapes_val,2026-07-07 05:27:31,cityscapes,val,all,student_skd,/scratch/gautschi/manors/hf_cache/models--nvidia--mit-b0/snapshots/80983a413c30d36a39c20203974ae7807835e2b4,outputs-guardrailpp-v4/student_skd.ckpt,skd,img_000258,/home/manors/Guardrail-Distillation/data/cityscapes/leftImg8bit/val/frankfurt/frankfurt_000001_079206_leftImg8bit.png,,0.5390112199857119,0.4609887800142881,0.9121523499488831,0.9507215023040771,0.12487027794122696,0.12982310354709625,0.29346442222595215,0.896248459815979,0.31720978021621704,-6.149042129516602,6.086264133453369,0.019092660397291183,0.0722176805138588,456301,2.8925729857292026,4.882950510364026,16.229565517278388,0.9658910565546346,0.034108943445365414,126850,0.695983478227527,0.30401652177247296,26201,0.1321684867143631,0.001622105366550386,10.694370488636196,0.06254582107067108,0.9374541789293289,0.2782098948955536,0.4043647348880768,0.03133733198046684,0.5078336596488953,0.49216634035110474,0.5613542795181274,0.607931911945343,0.5401232242584229,0.5078336596488953,0.49216634035110474,0.5078336596488953,0.49216634035110474,0.5889944102900166,0.41100558970998335,0.9294150471687317,0.9721318759852822,0.027868124014717832,0.006240819430647582,0.6677182162860764,0.3322817837139236,0.0,0.04998319030430476,0.04998319030430476,0.029064150527119637,0.011801420710980892,0.9500168096956952,0.04998319030430476,0.05505138263106346,0.003594118868932128,393333
b0_cityscapes_val,2026-07-07 05:27:31,cityscapes,val,all,student_skd,/scratch/gautschi/manors/hf_cache/models--nvidia--mit-b0/snapshots/80983a413c30d36a39c20203974ae7807835e2b4,outputs-guardrailpp-v4/student_skd.ckpt,skd,img_000259,/home/manors/Guardrail-Distillation/data/cityscapes/leftImg8bit/val/frankfurt/frankfurt_000001_080091_leftImg8bit.png,,0.6040430346463421,0.3959569653536579,0.9440196752548218,0.9689990878105164,0.09615649282932281,0.08023209124803543,0.21421729028224945,0.9286918044090271,0.22252121567726135,-6.217082977294922,6.1787590980529785,0.0077525037340819836,0.042797598987817764,465914,2.8925729857292026,4.882950510364026,16.229565517278388,0.7821105237816052,0.21788947621839483,126850,0.6196847277488624,0.3803152722511376,112856,0.08130969852209091,0.000868861679919064,10.694370488636196,0.03898508846759796,0.961014911532402,0.14308378100395203,0.27093616127967834,-0.002069084672257304,0.4994826912879944,0.5005173087120056,0.5278274416923523,0.5608431100845337,0.5744924545288086,0.4994826912879944,0.5005173087120056,0.4994826912879944,0.5005173087120056,0.6070307977317884,0.39296920226821164,0.9652467966079712,0.857476922962325,0.14252307703767497,0.07536639918071986,0.5680330104959229,0.4319669895040771,0.0,0.002987763085446238,0.002987763085446238,0.026343917474150658,0.005116824060678482,0.9970122369145538,0.002987763085446238,0.03622342273592949,0.006926171015948057,424077
b0_cityscapes_val,2026-07-07 05:27:31,cityscapes,val,all,student_skd,/scratch/gautschi/manors/hf_cache/models--nvidia--mit-b0/snapshots/80983a413c30d36a39c20203974ae7807835e2b4,outputs-guardrailpp-v4/student_skd.ckpt,skd,img_000260,/home/manors/Guardrail-Distillation/data/cityscapes/leftImg8bit/val/frankfurt/frankfurt_000001_080391_leftImg8bit.png,,0.49890978762373545,0.5010902123762646,0.9226201176643372,0.9595044255256653,0.11046493798494339,0.10680274665355682,0.2595379054546356,0.9127737879753113,0.26677489280700684,-6.434971332550049,6.384398460388184,0.012108420953154564,0.05596746876835823,452495,2.897860249504447,4.884139256319031,16.239981981925666,0.36720061015624905,0.632799389843751,126462,0.7403690160430562,0.25963098395694384,39527,0.10833834856748581,0.0010348554933443666,10.700081998948008,0.047440603375434875,0.9525593966245651,0.199653759598732,0.34118595719337463,0.0017534284852445126,0.5004383325576782,0.4995616674423218,0.5396482348442078,0.5844139456748962,0.5421289801597595,0.5004383325576782,0.4995616674423218,0.5004383325576782,0.4995616674423218,0.5470466367384103,0.45295336326158975,0.9362490177154541,0.41962746229619197,0.580372537703808,0.052426852139942914,0.8854203328258742,0.11457966717412582,0.14505131678281802,0.04813684911467486,0.04813684911467486,0.02954949624836445,0.015920616686344147,0.9518631508853251,0.04813684911467486,0.055322155356407166,0.004201151430606842,397362
b0_cityscapes_val,2026-07-07 05:27:31,cityscapes,val,all,student_skd,/scratch/gautschi/manors/hf_cache/models--nvidia--mit-b0/snapshots/80983a413c30d36a39c20203974ae7807835e2b4,outputs-guardrailpp-v4/student_skd.ckpt,skd,img_000261,/home/manors/Guardrail-Distillation/data/cityscapes/leftImg8bit/val/frankfurt/frankfurt_000001_080830_leftImg8bit.png,,0.4436473002254468,0.5563526997745531,0.9185687899589539,0.9583536982536316,0.11242572218179703,0.10676457732915878,0.253715455532074,0.9091677069664001,0.2773895263671875,-6.219263553619385,6.167074203491211,0.011488435789942741,0.05956759303808212,464380,2.897860249504447,4.884139256319031,16.239981981925666,0.6409689239833684,0.35903107601663165,126850,0.2478937314359758,0.7521062685640242,36299,0.1082664281129837,0.0010308143682777882,10.700081998948008,0.05277372524142265,0.9472262747585773,0.20952700078487396,0.3281577229499817,0.02662050724029541,0.5066547393798828,0.4933452606201172,0.5512069463729858,0.5943596363067627,0.5367332100868225,0.5066547393798828,0.4933452606201172,0.5066547393798828,0.4933452606201172,0.544957960584302,0.455042039415698,0.9378719925880432,0.6399087491530794,0.3600912508469206,0.0,0.24644359140816846,0.7535564085918316,0.0,0.10131066035885516,0.10131066035885516,0.03267582505941391,0.013372668996453285,0.8986893396411448,0.10131066035885516,0.05317196995019913,0.004931306000798941,409253
b0_cityscapes_val,2026-07-07 05:27:31,cityscapes,val,all,student_skd,/scratch/gautschi/manors/hf_cache/models--nvidia--mit-b0/snapshots/80983a413c30d36a39c20203974ae7807835e2b4,outputs-guardrailpp-v4/student_skd.ckpt,skd,img_000262,/home/manors/Guardrail-Distillation/data/cityscapes/leftImg8bit/val/frankfurt/frankfurt_000001_082087_leftImg8bit.png,,0.4300608389486394,0.5699391610513607,0.8215464949607849,0.9227256178855896,0.14369530975818634,0.1954316794872284,0.3155095875263214,0.8420318365097046,0.4628821611404419,-4.662154674530029,4.565651893615723,0.0228523388504982,0.11232475936412811,457940,2.897860249504447,4.884139256319031,16.239981981925666,0.4437524008163879,0.5562475991836121,126850,0.2445439026218657,0.7554560973781344,23695,0.1990772783756256,0.0030958496499806643,10.700081998948008,0.1284048706293106,0.8715951293706894,0.422900915145874,0.4871177077293396,0.14930443465709686,0.5372568964958191,0.4627431035041809,0.6447104811668396,0.6740625500679016,0.5365054607391357,0.5372568964958191,0.4627431035041809,0.5372568964958191,0.4627431035041809,0.531717886254007,0.46828211374599304,0.9130585193634033,0.741433890743387,0.25856610925661305,0.29768148992699905,0.3636056658763137,0.6363943341236863,0.11906176325444806,0.10165704730536762,0.10165704730536762,0.11483382433652878,0.023321833461523056,0.8983429526946324,0.10165704730536762,0.15139538049697876,0.031971439719200134,353740
b0_cityscapes_val,2026-07-07 05:27:31,cityscapes,val,all,student_skd,/scratch/gautschi/manors/hf_cache/models--nvidia--mit-b0/snapshots/80983a413c30d36a39c20203974ae7807835e2b4,outputs-guardrailpp-v4/student_skd.ckpt,skd,img_000263,/home/manors/Guardrail-Distillation/data/cityscapes/leftImg8bit/val/frankfurt/frankfurt_000001_082466_leftImg8bit.png,,0.5446572864698046,0.4553427135301954,0.8998057246208191,0.9679283499717712,0.09549416601657867,0.08761479705572128,0.2225152850151062,0.9197098612785339,0.25999969244003296,-6.138866424560547,6.099466800689697,0.00769517058506608,0.04081430658698082,464837,2.897860249504447,4.884139256319031,16.239981981925666,0.9589915866502152,0.04100841334978478,126850,0.3154144814408261,0.6845855185591738,69777,0.08902087062597275,0.0009179515764117241,10.700081998948008,0.045305076986551285,0.9546949230134487,0.17931434512138367,0.27512943744659424,0.0029505041893571615,0.5007376074790955,0.49926239252090454,0.5324040055274963,0.5654517412185669,0.5715502500534058,0.5007376074790955,0.49926239252090454,0.5007376074790955,0.49926239252090454,0.5823675705838797,0.41763242941612033,0.9159318208694458,0.9575021138580123,0.042497886141987684,0.0,0.3951686348706645,0.6048313651293356,0.07975415342983827,0.037710284114075066,0.037710284114075066,0.024655954912304878,0.008529871702194214,0.9622897158859249,0.037710284114075066,0.03786703571677208,0.005313690751791,421676
b0_cityscapes_val,2026-07-07 05:27:31,cityscapes,val,all,student_skd,/scratch/gautschi/manors/hf_cache/models--nvidia--mit-b0/snapshots/80983a413c30d36a39c20203974ae7807835e2b4,outputs-guardrailpp-v4/student_skd.ckpt,skd,img_000264,/home/manors/Guardrail-Distillation/data/cityscapes/leftImg8bit/val/frankfurt/frankfurt_000001_083029_leftImg8bit.png,,0.43935688855974353,0.5606431114402565,0.9218508005142212,0.9457542896270752,0.13117966055870056,0.14446920156478882,0.31259608268737793,0.8878307938575745,0.3365948796272278,-6.176752090454102,6.107239723205566,0.023740971460938454,0.07952876389026642,458111,2.89902399526909,4.898478742688894,16.240618017036468,1.0,0.0,126850,0.34665738332810603,0.653342616671894,4437,0.1466502994298935,0.0014731255359947681,10.676137753762305,0.06625858694314957,0.9337414130568504,0.2861708998680115,0.41646116971969604,0.034270625561475754,0.5085667967796326,0.49143320322036743,0.5664334893226624,0.6183820962905884,0.5351607203483582,0.5085667967796326,0.49143320322036743,0.5085667967796326,0.49143320322036743,0.603418211983256,0.39658178801674404,0.9451355934143066,1.0,0.0,0.0,0.7089551089393755,0.2910448910606245,0.3622977256112695,0.16406132342351243,0.16406132342351243,0.03658938407897949,0.013304635882377625,0.8359386765764876,0.16406132342351243,0.06172958016395569,0.0030996855348348618,389778
b0_cityscapes_val,2026-07-07 05:27:31,cityscapes,val,all,student_skd,/scratch/gautschi/manors/hf_cache/models--nvidia--mit-b0/snapshots/80983a413c30d36a39c20203974ae7807835e2b4,outputs-guardrailpp-v4/student_skd.ckpt,skd,img_000265,/home/manors/Guardrail-Distillation/data/cityscapes/leftImg8bit/val/frankfurt/frankfurt_000001_083199_leftImg8bit.png,,0.4430850025851396,0.5569149974148604,0.9368566870689392,0.9568751454353333,0.11527984589338303,0.11706113815307617,0.2793624699115753,0.9045253992080688,0.29631567001342773,-6.173300266265869,6.118843078613281,0.015111257322132587,0.05967533588409424,459922,2.89902399526909,4.898478742688894,16.240618017036468,1.0,0.0,126850,0.26627456821725587,0.7337254317827442,16235,0.11902599781751633,0.0013833113480359316,10.676137753762305,0.05505586043000221,0.9449441395699978,0.22492311894893646,0.3759321868419647,0.017072360962629318,0.5042679905891418,0.49573200941085815,0.5455577373504639,0.5943427681922913,0.5357098579406738,0.5042679905891418,0.49573200941085815,0.5042679905891418,0.49573200941085815,0.5066677860534837,0.4933322139465163,0.9573753476142883,1.0,0.0,0.0,0.4176391755008957,0.5823608244991043,0.15136460728363987,0.06358278346834412,0.06358278346834412,0.03012249805033207,0.009603802114725113,0.9364172165316559,0.06358278346834412,0.0474841371178627,0.0033875307999551296,403252
b0_cityscapes_val,2026-07-07 05:27:31,cityscapes,val,all,student_skd,/scratch/gautschi/manors/hf_cache/models--nvidia--mit-b0/snapshots/80983a413c30d36a39c20203974ae7807835e2b4,outputs-guardrailpp-v4/student_skd.ckpt,skd,img_000266,/home/manors/Guardrail-Distillation/data/cityscapes/leftImg8bit/val/frankfurt/frankfurt_000001_083852_leftImg8bit.png,,0.5196853693633047,0.48031463063669533,0.9421225190162659,0.9671227931976318,0.09940240532159805,0.08586025983095169,0.22608716785907745,0.9252920746803284,0.23338763415813446,-6.45084810256958,6.410068511962891,0.008463673293590546,0.04583544284105301,440707,2.89902399526909,4.898478742688894,16.240618017036468,0.26801962949406816,0.7319803705059318,117183,0.32690956339578114,0.6730904366042189,50487,0.08739438652992249,0.0008360358187928796,10.676137753762305,0.040600989013910294,0.9593990109860897,0.1474790871143341,0.3014864921569824,-0.004710882902145386,0.49882224202156067,0.5011777579784393,0.5216729640960693,0.5658196806907654,0.5451235175132751,0.49882224202156067,0.5011777579784393,0.49882224202156067,0.5011777579784393,0.558062406082084,0.441937593917916,0.9590408205986023,0.5478234532967,0.4521765467033,0.2798038238026318,0.429120718712263,0.570879281287737,0.10221115531648184,0.038377036718779345,0.038377036718779345,0.028163837268948555,0.011245566420257092,0.9616229632812207,0.038377036718779345,0.04196665808558464,0.0036917952820658684,398346
b0_cityscapes_val,2026-07-07 05:27:31,cityscapes,val,all,student_skd,/scratch/gautschi/manors/hf_cache/models--nvidia--mit-b0/snapshots/80983a413c30d36a39c20203974ae7807835e2b4,outputs-guardrailpp-v4/student_skd.ckpt,skd,img_000267,/home/manors/Guardrail-Distillation/data/cityscapes/leftImg8bit/val/lindau/lindau_000000_000019_leftImg8bit.png,,0.49324198371106487,0.5067580162889351,0.9190886616706848,0.960952639579773,0.10537584871053696,0.09694747626781464,0.22976818680763245,0.918381929397583,0.24086269736289978,-6.384768486022949,6.3368754386901855,0.006223948206752539,0.05592624470591545,492774,2.89902399526909,4.898478742688894,16.240618017036468,0.5638196787813607,0.43618032121863926,150859,0.48437074675619274,0.5156292532438073,44411,0.09832795709371567,0.0008554913219995797,10.676137753762305,0.04513108357787132,0.9548689164221287,0.20077095925807953,0.28463849425315857,0.004498522728681564,0.5011246204376221,0.49887537956237793,0.5367417931556702,0.569581925868988,0.5661929249763489,0.5011246204376221,0.49887537956237793,0.5011246204376221,0.49887537956237793,0.5505639916124265,0.44943600838757347,0.905999481678009,0.5684788049499908,0.4315211950500092,0.004659126168630068,0.48517535502018966,0.5148246449798104,0.0008046082639968644,0.05732200790136166,0.05732200790136166,0.01432502456009388,0.027414189651608467,0.9426779920986383,0.05732200790136166,0.04742538928985596,0.0022748764604330063,434392
b0_cityscapes_val,2026-07-07 05:27:31,cityscapes,val,all,student_skd,/scratch/gautschi/manors/hf_cache/models--nvidia--mit-b0/snapshots/80983a413c30d36a39c20203974ae7807835e2b4,outputs-guardrailpp-v4/student_skd.ckpt,skd,img_000268,/home/manors/Guardrail-Distillation/data/cityscapes/leftImg8bit/val/lindau/lindau_000001_000019_leftImg8bit.png,,0.6943067247738007,0.30569327522619927,0.970058798789978,0.9822654724121094,0.06783924996852875,0.04593675956130028,0.14321422576904297,0.9516416788101196,0.16364970803260803,-6.4662065505981445,6.445163726806641,0.0008932568598538637,0.02118208445608616,495938,2.8981882496736944,4.899101739283651,16.238830488873646,0.4855784463713325,0.5144215536286675,150859,0.9256225998077421,0.07437740019225791,139173,0.04687526449561119,0.0005927346064709127,10.69147075759247,0.04327637702226639,0.9567236229777336,0.15318481624126434,0.25738993287086487,0.012707579880952835,0.5031768679618835,0.49682313203811646,0.541057825088501,0.5718136429786682,0.505526065826416,0.5031768679618835,0.49682313203811646,0.5031768679618835,0.49682313203811646,0.6809116800174423,0.3190883199825577,0.9717424511909485,0.5629534518660443,0.4370465481339557,0.07737500549471177,0.9782385888630293,0.02176141113697072,0.05261598905528719,0.0,0.0,0.014963564462959766,0.013279885984957218,1.0,0.0,0.02997753769159317,0.006051159929484129,468857
b0_cityscapes_val,2026-07-07 05:27:31,cityscapes,val,all,student_skd,/scratch/gautschi/manors/hf_cache/models--nvidia--mit-b0/snapshots/80983a413c30d36a39c20203974ae7807835e2b4,outputs-guardrailpp-v4/student_skd.ckpt,skd,img_000269,/home/manors/Guardrail-Distillation/data/cityscapes/leftImg8bit/val/lindau/lindau_000002_000019_leftImg8bit.png,,0.6476101543111513,0.3523898456888487,0.947880208492279,0.9677408337593079,0.09822586178779602,0.08384736627340317,0.22100625932216644,0.9284123182296753,0.21777604520320892,-6.310235977172852,6.270190238952637,0.009116002358496189,0.04260335862636566,494515,2.8981882496736944,4.899101739283651,16.238830488873646,0.9412728435419357,0.058727156458064256,150859,0.5016492111539667,0.49835078884603334,35638,0.08580175787210464,0.0015059350989758968,10.69147075759247,0.05123566836118698,0.948764331638813,0.21756777167320251,0.3204708695411682,0.023581525310873985,0.5058951377868652,0.49410486221313477,0.5670843720436096,0.5985941290855408,0.5177547335624695,0.5058951377868652,0.49410486221313477,0.5058951377868652,0.49410486221313477,0.8068401448870872,0.19315985511291278,0.9733132123947144,0.9819659249452193,0.018034075054780718,0.04069308140328354,0.8887059892231695,0.11129401077683054,0.3870567780692028,0.1592299905759359,0.1592299905759359,0.03083222731947899,0.005399229470640421,0.8407700094240641,0.1592299905759359,0.03955794870853424,0.006313255988061428,447478
b0_cityscapes_val,2026-07-07 05:27:31,cityscapes,val,all,student_skd,/scratch/gautschi/manors/hf_cache/models--nvidia--mit-b0/snapshots/80983a413c30d36a39c20203974ae7807835e2b4,outputs-guardrailpp-v4/student_skd.ckpt,skd,img_000270,/home/manors/Guardrail-Distillation/data/cityscapes/leftImg8bit/val/lindau/lindau_000003_000019_leftImg8bit.png,,0.5003035410544848,0.4996964589455152,0.9511720538139343,0.9755039811134338,0.08353374153375626,0.06502168625593185,0.19056709110736847,0.9398866891860962,0.19355382025241852,-6.408254146575928,6.378386497497559,0.004417678341269493,0.031350091099739075,466761,2.8981882496736944,4.899101739283651,16.238830488873646,0.8727793596180954,0.12722064038190461,150859,0.385,0.615,21406,0.06623127311468124,0.0007112061721272767,10.69147075759247,0.03327377513051033,0.9667262248694897,0.12050335854291916,0.23892611265182495,-0.0025611307937651873,0.49935972690582275,0.5006402730941772,0.5213258266448975,0.5539829134941101,0.5361243486404419,0.49935972690582275,0.5006402730941772,0.49935972690582275,0.5006402730941772,0.6428995957157525,0.3571004042842475,0.9684678316116333,0.9805777957067753,0.01942220429322472,0.1077984360886799,0.711246902538086,0.288753097461914,0.32624690253808597,0.14259605466126768,0.14259605466126768,0.024241529405117035,0.006945739034563303,0.8574039453387323,0.14259605466126768,0.034381624311208725,0.0050561209209263325,432667
b0_cityscapes_val,2026-07-07 05:27:31,cityscapes,val,all,student_skd,/scratch/gautschi/manors/hf_cache/models--nvidia--mit-b0/snapshots/80983a413c30d36a39c20203974ae7807835e2b4,outputs-guardrailpp-v4/student_skd.ckpt,skd,img_000271,/home/manors/Guardrail-Distillation/data/cityscapes/leftImg8bit/val/lindau/lindau_000004_000019_leftImg8bit.png,,0.5386512365531945,0.46134876344680553,0.9565298557281494,0.9711397886276245,0.0900576040148735,0.07616299390792847,0.2039942890405655,0.9312009811401367,0.21748092770576477,-6.360631465911865,6.325505256652832,0.005010050721466541,0.03761517256498337,490015,2.8981882496736944,4.899101739283651,16.238830488873646,0.9718060376971586,0.028193962302841435,150859,0.8674667133847231,0.13253328661527686,22832,0.07751396298408508,0.0007931485306471586,10.69147075759247,0.036406029015779495,0.9635939709842205,0.1339007318019867,0.26225635409355164,0.0007347142091020942,0.5001837015151978,0.49981629848480225,0.522474467754364,0.5590006709098816,0.5624650120735168,0.5001837015151978,0.49981629848480225,0.5001837015151978,0.49981629848480225,0.6239985813765063,0.3760014186234937,0.9698110818862915,0.9494507263505862,0.05054927364941375,0.0,0.8831026629292221,0.11689733707077787,0.015635949544498984,0.08534734482331185,0.08534734482331185,0.022176871076226234,0.00889564584940672,0.9146526551766881,0.08534734482331185,0.03275409713387489,0.0029427669942378998,447030
b0_cityscapes_val,2026-07-07 05:27:31,cityscapes,val,all,student_skd,/scratch/gautschi/manors/hf_cache/models--nvidia--mit-b0/snapshots/80983a413c30d36a39c20203974ae7807835e2b4,outputs-guardrailpp-v4/student_skd.ckpt,skd,img_000272,/home/manors/Guardrail-Distillation/data/cityscapes/leftImg8bit/val/lindau/lindau_000005_000019_leftImg8bit.png,,0.5367496023822457,0.46325039761775433,0.9477810263633728,0.9685831665992737,0.09604725986719131,0.07826823741197586,0.21072262525558472,0.9324775338172913,0.20424628257751465,-6.02618408203125,5.987529754638672,0.005949913524091244,0.04304767772555351,484881,2.8961562493350357,4.894912999588996,16.238466749200597,0.9713634006903468,0.028636599309653232,150859,0.5100900940446523,0.48990990595534767,32792,0.07948493957519531,0.0008506111917085946,10.690619237720966,0.0349876843392849,0.9650123156607151,0.13666701316833496,0.266134113073349,-0.0026930198073387146,0.49932676553726196,0.500673234462738,0.5216713547706604,0.5644461512565613,0.563965380191803,0.49932676553726196,0.500673234462738,0.49932676553726196,0.500673234462738,0.6651684029126095,0.3348315970873905,0.9722096920013428,0.9482585845679539,0.051741415432046134,0.0,0.8245006948792253,0.17549930512077472,0.31441060083457295,0.1284188005303638,0.1284188005303638,0.03149639070034027,0.007067713886499405,0.8715811994696362,0.1284188005303638,0.040049001574516296,0.005001227371394634,438467
b0_cityscapes_val,2026-07-07 05:27:31,cityscapes,val,all,student_skd,/scratch/gautschi/manors/hf_cache/models--nvidia--mit-b0/snapshots/80983a413c30d36a39c20203974ae7807835e2b4,outputs-guardrailpp-v4/student_skd.ckpt,skd,img_000273,/home/manors/Guardrail-Distillation/data/cityscapes/leftImg8bit/val/lindau/lindau_000006_000019_leftImg8bit.png,,0.5923790624427853,0.40762093755721474,0.9502389430999756,0.9657059907913208,0.09923083335161209,0.09384899586439133,0.23302704095840454,0.9175277948379517,0.2604113817214966,-6.092347621917725,6.050124168395996,0.008762754499912262,0.04478120803833008,483752,2.8961562493350357,4.894912999588996,16.238466749200597,0.9638281392665886,0.03617186073341139,150859,0.4734167566537509,0.5265832433462492,16040,0.09567998349666595,0.0010408386588096619,10.690619237720966,0.04917995259165764,0.9508200474083424,0.20665590465068817,0.3141070008277893,0.013217960484325886,0.5033044219017029,0.4966955780982971,0.5431752800941467,0.5829614400863647,0.5343400239944458,0.5033044219017029,0.4966955780982971,0.5033044219017029,0.4966955780982971,0.5811112695837226,0.4188887304162774,0.9559153914451599,0.9786196015581323,0.021380398441867676,0.014791462291543711,0.4858559532134003,0.5141440467865996,0.012439196559649535,0.0,0.0,0.018046436831355095,0.01236997451633215,1.0,0.0,0.0336887463927269,0.0030098066199570894,434869
b0_cityscapes_val,2026-07-07 05:27:31,cityscapes,val,all,student_skd,/scratch/gautschi/manors/hf_cache/models--nvidia--mit-b0/snapshots/80983a413c30d36a39c20203974ae7807835e2b4,outputs-guardrailpp-v4/student_skd.ckpt,skd,img_000274,/home/manors/Guardrail-Distillation/data/cityscapes/leftImg8bit/val/lindau/lindau_000007_000019_leftImg8bit.png,,0.550542794581778,0.449457205418222,0.9477935433387756,0.9680625200271606,0.10017316043376923,0.08622156828641891,0.2394685000181198,0.927682101726532,0.22917675971984863,-6.505393981933594,6.465310573577881,0.010599103756248951,0.044278908520936966,482871,2.8961562493350357,4.894912999588996,16.238466749200597,0.9850975512312655,0.014902448768734478,150859,0.28888220551378446,0.7111177944862155,17966,0.08795634657144547,0.0011038522934541106,10.690619237720966,0.04235594719648361,0.9576440528035164,0.16794882714748383,0.3120756149291992,0.005937476176768541,0.5014843940734863,0.49851560592651367,0.5308223962783813,0.5737773180007935,0.528157651424408,0.5014843940734863,0.49851560592651367,0.5014843940734863,0.49851560592651367,0.5254506953321323,0.4745493046678677,0.9549921154975891,0.9808543110890366,0.019145688910963354,0.0,0.3682005070507458,0.6317994929492542,0.07931830153696129,0.0,0.0,0.017064599320292473,0.009865988977253437,1.0,0.0,0.03517916798591614,0.0019011289114132524,438227
b0_cityscapes_val,2026-07-07 05:27:31,cityscapes,val,all,student_skd,/scratch/gautschi/manors/hf_cache/models--nvidia--mit-b0/snapshots/80983a413c30d36a39c20203974ae7807835e2b4,outputs-guardrailpp-v4/student_skd.ckpt,skd,img_000275,/home/manors/Guardrail-Distillation/data/cityscapes/leftImg8bit/val/lindau/lindau_000008_000019_leftImg8bit.png,,0.6458209679588872,0.3541790320411128,0.9720984101295471,0.9766362905502319,0.08192451298236847,0.06147261708974838,0.185500830411911,0.9419699311256409,0.18945078551769257,-6.569925785064697,6.541426658630371,0.003911337349563837,0.03083769604563713,476819,2.8961562493350357,4.894912999588996,16.238466749200597,1.0,0.0,150859,0.9916610067164743,0.00833899328352572,26502,0.06234901770949364,0.0005100087728351355,10.690619237720966,0.03211791068315506,0.9678820893168449,0.09613630920648575,0.23425211012363434,0.004230697173625231,0.5010576248168945,0.49894237518310547,0.514526903629303,0.5471569299697876,0.5735055804252625,0.5010576248168945,0.49894237518310547,0.5010576248168945,0.49894237518310547,0.7600819049414191,0.23991809505858086,0.9776937961578369,1.0,0.0,0.0,0.9924533997434156,0.007546600256584379,0.0007923930269413404,0.11426093698253192,0.11426093698253192,0.013288061134517193,0.007692646235227585,0.8857390630174681,0.11426093698253192,0.02189509943127632,0.0005746415117755532,443565
b0_cityscapes_val,2026-07-07 05:27:32,cityscapes,val,all,student_skd,/scratch/gautschi/manors/hf_cache/models--nvidia--mit-b0/snapshots/80983a413c30d36a39c20203974ae7807835e2b4,outputs-guardrailpp-v4/student_skd.ckpt,skd,img_000276,/home/manors/Guardrail-Distillation/data/cityscapes/leftImg8bit/val/lindau/lindau_000009_000019_leftImg8bit.png,,0.532541970990406,0.467458029009594,0.9213919639587402,0.944040834903717,0.12375986576080322,0.14828422665596008,0.2853921353816986,0.879194438457489,0.35625532269477844,-6.178262710571289,6.109010219573975,0.014725170098245144,0.07533981651067734,469672,2.9041580273769796,4.890081996563822,16.248106257990003,0.47367597317512233,0.5263240268248777,150859,0.6315275193118143,0.3684724806881857,19876,0.15027809143066406,0.0013688240433111787,10.691752977436408,0.07080408185720444,0.9291959181427956,0.2857116162776947,0.3816821277141571,0.041643910109996796,0.5104094743728638,0.48959052562713623,0.564469575881958,0.6010746955871582,0.54628986120224,0.5104094743728638,0.48959052562713623,0.5104094743728638,0.48959052562713623,0.5319574668291552,0.46804253317084477,0.9289014935493469,0.3847125823267293,0.6152874176732708,0.0,0.5463058789448276,0.4536941210551724,0.0,0.0,0.0,0.026360951364040375,0.01885145530104637,1.0,0.0,0.05545998364686966,0.00167563755530864,390840
b0_cityscapes_val,2026-07-07 05:27:32,cityscapes,val,all,student_skd,/scratch/gautschi/manors/hf_cache/models--nvidia--mit-b0/snapshots/80983a413c30d36a39c20203974ae7807835e2b4,outputs-guardrailpp-v4/student_skd.ckpt,skd,img_000277,/home/manors/Guardrail-Distillation/data/cityscapes/leftImg8bit/val/lindau/lindau_000010_000019_leftImg8bit.png,,0.5921817404008968,0.40781825959910323,0.9564637541770935,0.965469479560852,0.09960465133190155,0.09433800727128983,0.23414714634418488,0.9182975888252258,0.25706037878990173,-6.043291091918945,6.000778675079346,0.009369632229208946,0.04443634673953056,461064,2.9041580273769796,4.890081996563822,16.248106257990003,0.9797323424741308,0.02026765752586923,149451,0.32373300370828184,0.6762669962917182,16180,0.0958113893866539,0.0008081667474471033,10.691752977436408,0.055453233420848846,0.9445467665791512,0.24623049795627594,0.3862435221672058,0.029661189764738083,0.5074147582054138,0.4925852417945862,0.5602799654006958,0.6189649701118469,0.5763861536979675,0.5074147582054138,0.4925852417945862,0.5074147582054138,0.4925852417945862,0.709580840278656,0.290419159721344,0.9729322195053101,0.9788143859589192,0.02118561404108077,0.0,0.4754883778437191,0.5245116221562809,0.15175537413543727,0.1173990998777592,0.1173990998777592,0.024751445278525352,0.008283015340566635,0.8826009001222408,0.1173990998777592,0.035695694386959076,0.003856297815218568,413603
b0_cityscapes_val,2026-07-07 05:27:32,cityscapes,val,all,student_skd,/scratch/gautschi/manors/hf_cache/models--nvidia--mit-b0/snapshots/80983a413c30d36a39c20203974ae7807835e2b4,outputs-guardrailpp-v4/student_skd.ckpt,skd,img_000278,/home/manors/Guardrail-Distillation/data/cityscapes/leftImg8bit/val/lindau/lindau_000011_000019_leftImg8bit.png,,0.6726839364226662,0.3273160635773338,0.91893470287323,0.9501543641090393,0.11462167650461197,0.13538451492786407,0.2645972669124603,0.883595883846283,0.3523466885089874,-5.745712757110596,5.684755325317383,0.010823947377502918,0.06403308361768723,494182,2.9041580273769796,4.890081996563822,16.248106257990003,0.41202563524347147,0.5879743647565285,149440,0.5185911711284845,0.4814088288715155,8395,0.13741378486156464,0.0012286915443837643,10.691752977436408,0.08506708592176437,0.9149329140782356,0.3243371248245239,0.4133554697036743,0.06670860946178436,0.5166710019111633,0.48332899808883667,0.5985701084136963,0.633732795715332,0.5360628366470337,0.5166710019111633,0.48332899808883667,0.5166710019111633,0.48332899808883667,0.7061541435563133,0.29384585644368666,0.9332411289215088,0.47327141903395264,0.5267285809660474,0.06124578379048118,0.7521609553848209,0.24783904461517914,0.23356978425633634,0.03347020713364712,0.03347020713364712,0.028285125270485878,0.013978655450046062,0.9665297928663529,0.03347020713364712,0.05607043206691742,0.003442051587626338,421565
b0_cityscapes_val,2026-07-07 05:27:32,cityscapes,val,all,student_skd,/scratch/gautschi/manors/hf_cache/models--nvidia--mit-b0/snapshots/80983a413c30d36a39c20203974ae7807835e2b4,outputs-guardrailpp-v4/student_skd.ckpt,skd,img_000279,/home/manors/Guardrail-Distillation/data/cityscapes/leftImg8bit/val/lindau/lindau_000012_000019_leftImg8bit.png,,0.6484706819265663,0.3515293180734337,0.9441391229629517,0.9584482908248901,0.10489534586668015,0.10881088674068451,0.23299044370651245,0.9025357961654663,0.3013559579849243,-5.929494380950928,5.8790435791015625,0.007147801574319601,0.05328065901994705,492599,2.9041580273769796,4.890081996563822,16.248106257990003,0.9251174742967957,0.0748825257032043,150859,0.804730203506146,0.195269796493854,12035,0.1106681227684021,0.0010912154102697968,10.691752977436408,0.060613229870796204,0.9393867701292038,0.24987301230430603,0.3483580946922302,0.039302755147218704,0.5098243951797485,0.49017560482025146,0.5659230947494507,0.6045370697975159,0.528193473815918,0.5098243951797485,0.49017560482025146,0.5098243951797485,0.49017560482025146,0.6941146454202011,0.30588535457979893,0.9577546715736389,0.9144377702192289,0.0855622297807711,0.0,0.8201216400084507,0.17987835999154933,0.015391436502304678,0.045643963493634754,0.045643963493634754,0.02391803450882435,0.010302498005330563,0.9543560365063652,0.045643963493634754,0.035686228424310684,0.0026289131492376328,429385
b0_cityscapes_val,2026-07-07 05:27:32,cityscapes,val,all,student_skd,/scratch/gautschi/manors/hf_cache/models--nvidia--mit-b0/snapshots/80983a413c30d36a39c20203974ae7807835e2b4,outputs-guardrailpp-v4/student_skd.ckpt,skd,img_000280,/home/manors/Guardrail-Distillation/data/cityscapes/leftImg8bit/val/lindau/lindau_000013_000019_leftImg8bit.png,,0.5569314918780948,0.44306850812190524,0.914833664894104,0.9622098803520203,0.10336927324533463,0.09642986953258514,0.22925762832164764,0.918666660785675,0.24034124612808228,-6.338788986206055,6.292357444763184,0.007471013814210892,0.050991855561733246,491098,2.891809737775475,4.897379723843187,16.23418999952264,0.5131490031029702,0.4868509968970298,150859,0.3920533225441991,0.6079466774558009,10517,0.09807227551937103,0.0010854433057829738,10.680015257094055,0.06067469343543053,0.9393253065645695,0.2637518048286438,0.35957199335098267,0.023366475477814674,0.5058413743972778,0.49415862560272217,0.5650690197944641,0.6044362187385559,0.49706628918647766,0.5058413743972778,0.49415862560272217,0.5058413743972778,0.49415862560272217,0.6171867307706418,0.3828132692293582,0.9719526171684265,0.9638753331691877,0.03612466683081228,0.45072633006621754,0.4498029139503377,0.5501970860496623,0.057749591406138556,0.060255238892547025,0.060255238892547025,0.06610085815191269,0.008981913328170776,0.939744761107453,0.060255238892547025,0.07705793529748917,0.03452671319246292,436383
b0_cityscapes_val,2026-07-07 05:27:32,cityscapes,val,all,student_skd,/scratch/gautschi/manors/hf_cache/models--nvidia--mit-b0/snapshots/80983a413c30d36a39c20203974ae7807835e2b4,outputs-guardrailpp-v4/student_skd.ckpt,skd,img_000281,/home/manors/Guardrail-Distillation/data/cityscapes/leftImg8bit/val/lindau/lindau_000014_000019_leftImg8bit.png,,0.6618138084794448,0.3381861915205552,0.9254720211029053,0.9214522838592529,0.13712434470653534,0.1998172253370285,0.291010320186615,0.8327849507331848,0.4795224666595459,-5.650248050689697,5.554139614105225,0.014722740277647972,0.1073882132768631,495492,2.891809737775475,4.897379723843187,16.23418999952264,0.9560023805122785,0.04399761948772152,150859,0.5418346582156793,0.45816534178432067,34916,0.2025136798620224,0.0019101921934634447,10.680015257094055,0.13448023796081543,0.8655197620391846,0.4507465064525604,0.5588487982749939,0.1430499255657196,0.5357016324996948,0.4642983675003052,0.633272647857666,0.6883972883224487,0.5210490822792053,0.5357016324996948,0.4642983675003052,0.5357016324996948,0.4642983675003052,0.7689204475992824,0.23107955240071765,0.9649136662483215,0.647289398350302,0.35271060164969803,0.0,0.8929499438007409,0.10705005619925911,0.35111528558506155,0.10710663911983753,0.10710663911983753,0.05578697472810745,0.016345370560884476,0.8928933608801625,0.10710663911983753,0.07591444253921509,0.0039940099231898785,379816
b0_cityscapes_val,2026-07-07 05:27:32,cityscapes,val,all,student_skd,/scratch/gautschi/manors/hf_cache/models--nvidia--mit-b0/snapshots/80983a413c30d36a39c20203974ae7807835e2b4,outputs-guardrailpp-v4/student_skd.ckpt,skd,img_000282,/home/manors/Guardrail-Distillation/data/cityscapes/leftImg8bit/val/lindau/lindau_000015_000019_leftImg8bit.png,,0.6404853513244959,0.3595146486755041,0.9555040001869202,0.9758380651473999,0.0810270756483078,0.06380260735750198,0.18160143494606018,0.9405890703201294,0.19046452641487122,-6.347234725952148,6.3181376457214355,0.0029487470164895058,0.030265385285019875,491056,2.891809737775475,4.897379723843187,16.23418999952264,0.7230030692824816,0.2769969307175184,150859,0.9773992159899337,0.022600784010066266,20663,0.06491494178771973,0.0006460918230004609,10.680015257094055,0.04283171892166138,0.9571682810783386,0.14341548085212708,0.30016568303108215,0.019243663176894188,0.5048107504844666,0.49518924951553345,0.5257190465927124,0.5713178515434265,0.5648236274719238,0.5048107504844666,0.49518924951553345,0.5048107504844666,0.49518924951553345,0.8347993636824278,0.1652006363175722,0.9784586429595947,0.7861081670628176,0.2138918329371824,0.06310509778033602,0.9901756763296714,0.009824323670328594,0.012776460339737672,0.1943140123579319,0.1943140123579319,0.027778908610343933,0.004824297036975622,0.8056859876420681,0.1943140123579319,0.03476181626319885,0.007980759255588055,454344
b0_cityscapes_val,2026-07-07 05:27:32,cityscapes,val,all,student_skd,/scratch/gautschi/manors/hf_cache/models--nvidia--mit-b0/snapshots/80983a413c30d36a39c20203974ae7807835e2b4,outputs-guardrailpp-v4/student_skd.ckpt,skd,img_000283,/home/manors/Guardrail-Distillation/data/cityscapes/leftImg8bit/val/lindau/lindau_000016_000019_leftImg8bit.png,,0.6371428443429945,0.3628571556570055,0.9472668766975403,0.9691623449325562,0.09191662818193436,0.08425119519233704,0.21073326468467712,0.918646514415741,0.27093231678009033,-5.717554569244385,5.68010139465332,0.005853555165231228,0.03873784467577934,488592,2.891809737775475,4.897379723843187,16.23418999952264,0.605213441279444,0.394786558720556,150859,0.4800280139103555,0.5199719860896446,21403,0.08604303002357483,0.0008946091402322054,10.680015257094055,0.054449111223220825,0.9455508887767792,0.19225110113620758,0.30361923575401306,0.025870762765407562,0.506467342376709,0.493532657623291,0.5412163138389587,0.5743715763092041,0.5178928971290588,0.506467342376709,0.493532657623291,0.506467342376709,0.493532657623291,0.6692048440349527,0.33079515596504727,0.961479127407074,0.5768501592206474,0.4231498407793526,0.0,0.8838954185340995,0.11610458146590052,0.40386740462374404,0.03206199969195822,0.03206199969195822,0.021617218852043152,0.007404951844364405,0.9679380003080418,0.03206199969195822,0.03306030482053757,0.004212103318423033,443546
b0_cityscapes_val,2026-07-07 05:27:32,cityscapes,val,all,student_skd,/scratch/gautschi/manors/hf_cache/models--nvidia--mit-b0/snapshots/80983a413c30d36a39c20203974ae7807835e2b4,outputs-guardrailpp-v4/student_skd.ckpt,skd,img_000284,/home/manors/Guardrail-Distillation/data/cityscapes/leftImg8bit/val/lindau/lindau_000017_000019_leftImg8bit.png,,0.3502782264723282,0.6497217735276718,0.9661843180656433,0.9769791960716248,0.07791749387979507,0.06127208471298218,0.16983728110790253,0.9359288811683655,0.22287790477275848,-4.868417739868164,4.840854167938232,0.0024733643513172865,0.027924830093979836,256331,2.894810022553429,4.885484493570402,16.238770738709718,0.37435677530017153,0.6256432246998285,1166,0.0,1.0,0,0.06237740069627762,0.0005629764636978507,10.684485750971362,0.048978958278894424,0.9510210417211056,0.17503216862678528,0.31120046973228455,0.02051575295627117,0.505128800868988,0.49487119913101196,0.539528489112854,0.5741920471191406,0.5912913680076599,0.505128800868988,0.49487119913101196,0.505128800868988,0.49487119913101196,0.48832556391466314,0.5116744360853369,0.970978856086731,0.4669811320754717,0.5330188679245282,0.09262435677530023,0.0,1.0,0.0,0.13804733744233488,0.13804733744233488,0.02104310318827629,0.016248522326350212,0.8619526625576651,0.13804733744233488,0.03857121989130974,0.006951948627829552,238422
b0_cityscapes_val,2026-07-07 05:27:32,cityscapes,val,all,student_skd,/scratch/gautschi/manors/hf_cache/models--nvidia--mit-b0/snapshots/80983a413c30d36a39c20203974ae7807835e2b4,outputs-guardrailpp-v4/student_skd.ckpt,skd,img_000285,/home/manors/Guardrail-Distillation/data/cityscapes/leftImg8bit/val/lindau/lindau_000018_000019_leftImg8bit.png,,0.2687566594043673,0.7312433405956327,0.9474109411239624,0.9704882502555847,0.08794381469488144,0.08296941220760345,0.20310992002487183,0.9122057557106018,0.31301331520080566,-4.825958728790283,4.790401935577393,0.004851072560995817,0.03498001769185066,256232,2.894810022553429,4.885484493570402,16.238770738709718,0.2697729743810846,0.7302270256189154,14898,0.0,1.0,0,0.0842110887169838,0.000551267818082124,10.684485750971362,0.0585256889462471,0.9414743110537529,0.2086174041032791,0.3414531648159027,0.026745712384581566,0.5066860318183899,0.4933139681816101,0.5484762787818909,0.5879030227661133,0.5751030445098877,0.5066860318183899,0.4933139681816101,0.5066860318183899,0.4933139681816101,0.34978960664803915,0.6502103933519608,0.9525859355926514,0.32242214060487695,0.677577859395123,0.05264916622379234,0.0,1.0,0.0,0.08103294724367183,0.08103294724367183,0.014342471025884151,0.009167472831904888,0.9189670527563282,0.08103294724367183,0.025336414575576782,0.0008234724518842995,233887
b0_cityscapes_val,2026-07-07 05:27:32,cityscapes,val,all,student_skd,/scratch/gautschi/manors/hf_cache/models--nvidia--mit-b0/snapshots/80983a413c30d36a39c20203974ae7807835e2b4,outputs-guardrailpp-v4/student_skd.ckpt,skd,img_000286,/home/manors/Guardrail-Distillation/data/cityscapes/leftImg8bit/val/lindau/lindau_000019_000019_leftImg8bit.png,,0.3203806317944666,0.6796193682055334,0.9741875529289246,0.976676344871521,0.0785210058093071,0.05826639011502266,0.15566805005073547,0.9363372921943665,0.2224092334508896,-4.54033088684082,4.512458324432373,0.0005330329295247793,0.030760912224650383,264524,2.894810022553429,4.885484493570402,16.238770738709718,1.0,0.0,117,0.0,1.0,0,0.05908158794045448,0.0005893168854527175,10.684485750971362,0.07791000604629517,0.9220899939537048,0.31898999214172363,0.4042605757713318,0.07746951282024384,0.5193576812744141,0.48064231872558594,0.610137403011322,0.6500839591026306,0.5609923005104065,0.5193576812744141,0.48064231872558594,0.5193576812744141,0.48064231872558594,0.5850374238587881,0.4149625761412119,0.984829306602478,0.0,1.0,0.0,0.0,1.0,0.0,0.26465679206432147,0.26465679206432147,0.017249852418899536,0.0066080959513783455,0.7353432079356785,0.26465679206432147,0.023857947438955307,0.0032435618340969086,246522
b0_cityscapes_val,2026-07-07 05:27:32,cityscapes,val,all,student_skd,/scratch/gautschi/manors/hf_cache/models--nvidia--mit-b0/snapshots/80983a413c30d36a39c20203974ae7807835e2b4,outputs-guardrailpp-v4/student_skd.ckpt,skd,img_000287,/home/manors/Guardrail-Distillation/data/cityscapes/leftImg8bit/val/lindau/lindau_000020_000019_leftImg8bit.png,,0.521417699868932,0.47858230013106795,0.917168140411377,0.9661262035369873,0.09038853645324707,0.08223572373390198,0.17888425290584564,0.9237675070762634,0.22179579734802246,-5.219507217407227,5.179418563842773,0.0004994396585971117,0.03927910327911377,492552,2.894810022553429,4.885484493570402,16.238770738709718,0.5468733883980569,0.4531266116019431,148075,0.952191235059761,0.047808764940239,2259,0.08284000307321548,0.00045372190652415156,10.684485750971362,0.06425672024488449,0.9357432797551155,0.26103898882865906,0.3722437620162964,0.05156445503234863,0.5128882527351379,0.48711174726486206,0.5761486291885376,0.618716835975647,0.616254985332489,0.5128882527351379,0.48711174726486206,0.5128882527351379,0.48711174726486206,0.5227272477403977,0.4772727522596023,0.9225015640258789,0.6168192254778201,0.3831807745221799,0.0699458370797632,0.8968570163789288,0.10314298362107122,0.0,0.0013095478714656439,0.0013095478714656439,0.06131129339337349,0.055977847427129745,0.9986904521285344,0.0013095478714656439,0.1184057742357254,0.02634645625948906,438514
b0_cityscapes_val,2026-07-07 05:27:32,cityscapes,val,all,student_skd,/scratch/gautschi/manors/hf_cache/models--nvidia--mit-b0/snapshots/80983a413c30d36a39c20203974ae7807835e2b4,outputs-guardrailpp-v4/student_skd.ckpt,skd,img_000288,/home/manors/Guardrail-Distillation/data/cityscapes/leftImg8bit/val/lindau/lindau_000021_000019_leftImg8bit.png,,0.5001835473970465,0.4998164526029535,0.9610248804092407,0.9700642228126526,0.08234088122844696,0.07740113884210587,0.16413456201553345,0.9230748414993286,0.23396749794483185,-5.203316688537598,5.168275356292725,0.00020266494539100677,0.032281044870615005,488491,2.890788746299222,4.8830189916770905,16.246973478700966,0.8391806872844859,0.16081931271551408,149701,0.0,1.0,0,0.07807030528783798,0.00040038820588961244,10.671294992789626,0.062444522976875305,0.9375554770231247,0.2194415032863617,0.3237501382827759,0.047028928995132446,0.5117550492286682,0.4882449507713318,0.5613865256309509,0.600019633769989,0.6119098663330078,0.5117550492286682,0.4882449507713318,0.5117550492286682,0.4882449507713318,0.6899365430831508,0.3100634569168492,0.9847018718719482,0.7068697279900531,0.2931302720099469,0.0,0.0,1.0,0.0,0.18975299568610426,0.18975299568610426,0.02689097821712494,0.003213979536667466,0.8102470043138957,0.18975299568610426,0.03037722408771515,0.003299958538264036,443772
b0_cityscapes_val,2026-07-07 05:27:32,cityscapes,val,all,student_skd,/scratch/gautschi/manors/hf_cache/models--nvidia--mit-b0/snapshots/80983a413c30d36a39c20203974ae7807835e2b4,outputs-guardrailpp-v4/student_skd.ckpt,skd,img_000289,/home/manors/Guardrail-Distillation/data/cityscapes/leftImg8bit/val/lindau/lindau_000022_000019_leftImg8bit.png,,0.45059417684891434,0.5494058231510857,0.9409620761871338,0.9530150890350342,0.10654284060001373,0.12245412170886993,0.23223409056663513,0.890598475933075,0.32982420921325684,-5.215068340301514,5.15866231918335,0.006535183638334274,0.05479741096496582,478946,2.890788746299222,4.8830189916770905,16.246973478700966,0.6406759485793676,0.3593240514206324,145304,0.04877450980392157,0.9512254901960784,5657,0.12382760643959045,0.0008570775389671326,10.671294992789626,0.08668093383312225,0.9133190661668777,0.3153088688850403,0.38472414016723633,0.0755305364727974,0.5188736915588379,0.4811263084411621,0.5931951999664307,0.6263586282730103,0.5676328539848328,0.5188736915588379,0.4811263084411621,0.5188736915588379,0.4811263084411621,0.535589161652723,0.46441083834727703,0.9714853167533875,0.7099561104692793,0.2900438895307207,0.0692801618899117,0.2761879130105081,0.723812086989492,0.22741340320658643,0.08499498480380863,0.08499498480380863,0.04287122189998627,0.012347947806119919,0.9150050151961914,0.08499498480380863,0.05756599083542824,0.0072784824296832085,405487
b0_cityscapes_val,2026-07-07 05:27:32,cityscapes,val,all,student_skd,/scratch/gautschi/manors/hf_cache/models--nvidia--mit-b0/snapshots/80983a413c30d36a39c20203974ae7807835e2b4,outputs-guardrailpp-v4/student_skd.ckpt,skd,img_000290,/home/manors/Guardrail-Distillation/data/cityscapes/leftImg8bit/val/lindau/lindau_000023_000019_leftImg8bit.png,,0.4587861939535978,0.5412138060464022,0.8643450736999512,0.9304897785186768,0.12673991918563843,0.18045952916145325,0.27701812982559204,0.846860945224762,0.44157883524894714,-5.117072105407715,5.032917022705078,0.010528392158448696,0.08427973836660385,456290,2.890788746299222,4.8830189916770905,16.246973478700966,0.807630505214375,0.19236949478562504,150821,0.6301333945964134,0.3698666054035866,19237,0.18272627890110016,0.0014734980650246143,10.671294992789626,0.12664344906806946,0.8733565509319305,0.3840675354003906,0.44570615887641907,0.1290036141872406,0.5322062373161316,0.4677937626838684,0.620839536190033,0.6497880816459656,0.5378480553627014,0.5322062373161316,0.4677937626838684,0.5322062373161316,0.4677937626838684,0.5925516415410463,0.40744835845895366,0.8904862999916077,0.8961357785053217,0.10386422149467833,0.0885052732909467,0.8533615565475026,0.14663844345249744,0.2232281619510892,0.13376544758744857,0.13376544758744857,0.044912226498126984,0.018770957365632057,0.8662345524125514,0.13376544758744857,0.06889040023088455,0.009355892427265644,358825
b0_cityscapes_val,2026-07-07 05:27:32,cityscapes,val,all,student_skd,/scratch/gautschi/manors/hf_cache/models--nvidia--mit-b0/snapshots/80983a413c30d36a39c20203974ae7807835e2b4,outputs-guardrailpp-v4/student_skd.ckpt,skd,img_000291,/home/manors/Guardrail-Distillation/data/cityscapes/leftImg8bit/val/lindau/lindau_000024_000019_leftImg8bit.png,,0.5699899144271202,0.4300100855728798,0.8180420994758606,0.9193320870399475,0.13721981644630432,0.19237731397151947,0.2808886766433716,0.8450226783752441,0.41964709758758545,-5.060586929321289,4.962381362915039,0.009071774780750275,0.10906939208507538,461321,2.890788746299222,4.8830189916770905,16.246973478700966,0.5990636365044275,0.4009363634955725,150859,0.7300333063490516,0.2699666936509484,40764,0.19467641413211823,0.00150270015001297,10.671294992789626,0.1423618197441101,0.8576381802558899,0.4529617130756378,0.4952101409435272,0.16186441481113434,0.5403779745101929,0.45962202548980713,0.6538705229759216,0.6767131686210632,0.5635306239128113,0.5403779745101929,0.45962202548980713,0.5403779745101929,0.45962202548980713,0.6514590583716293,0.3485409416283707,0.9280089735984802,0.512998614129884,0.487001385870116,0.0,0.7425971000260205,0.25740289997397947,0.012563793676968915,0.0814691439445091,0.0814691439445091,0.12247221171855927,0.012505392543971539,0.9185308560554909,0.0814691439445091,0.14396484196186066,0.028747878968715668,343710
b0_cityscapes_val,2026-07-07 05:27:32,cityscapes,val,all,student_skd,/scratch/gautschi/manors/hf_cache/models--nvidia--mit-b0/snapshots/80983a413c30d36a39c20203974ae7807835e2b4,outputs-guardrailpp-v4/student_skd.ckpt,skd,img_000292,/home/manors/Guardrail-Distillation/data/cityscapes/leftImg8bit/val/lindau/lindau_000025_000019_leftImg8bit.png,,0.5362749835249023,0.4637250164750977,0.9011465907096863,0.9503442645072937,0.11530714482069016,0.11943580210208893,0.24009394645690918,0.898088276386261,0.29787567257881165,-5.106138706207275,5.045475482940674,0.006372521631419659,0.0685889944434166,491799,2.8947649989277124,4.895015008514747,16.2442744767759,0.5972108198846624,0.4027891801153376,150797,0.934827454366849,0.065172545633151,29780,0.12073608487844467,0.000864294939674437,10.694464523112401,0.0791683942079544,0.9208316057920456,0.3536178767681122,0.42685380578041077,0.07012511044740677,0.5175240635871887,0.4824759364128113,0.6058270335197449,0.6470069289207458,0.5681498646736145,0.5175240635871887,0.4824759364128113,0.5175240635871887,0.4824759364128113,0.6806512785337505,0.3193487214662495,0.951736330986023,0.6791227212230182,0.3208772787769818,0.0819119013383558,0.9748390863315686,0.02516091366843143,0.040011631964719574,0.1443762950088482,0.1443762950088482,0.07126285135746002,0.020673079416155815,0.8556237049911518,0.1443762950088482,0.09621410071849823,0.013243214227259159,414733
b0_cityscapes_val,2026-07-07 05:27:32,cityscapes,val,all,student_skd,/scratch/gautschi/manors/hf_cache/models--nvidia--mit-b0/snapshots/80983a413c30d36a39c20203974ae7807835e2b4,outputs-guardrailpp-v4/student_skd.ckpt,skd,img_000293,/home/manors/Guardrail-Distillation/data/cityscapes/leftImg8bit/val/lindau/lindau_000026_000019_leftImg8bit.png,,0.56068861366414,0.43931138633586,0.9463669061660767,0.965903639793396,0.10062608867883682,0.08058656752109528,0.20547990500926971,0.9299941062927246,0.20294739305973053,-6.305014610290527,6.262895584106445,0.004868481773883104,0.04918696731328964,464005,2.8947649989277124,4.895015008514747,16.2442744767759,0.7897532196967026,0.21024678030329735,136188,0.9884902099867504,0.011509790013249588,74719,0.08152489364147186,0.0006310214521363378,10.694464523112401,0.0424855537712574,0.9575144462287426,0.17851492762565613,0.3067658245563507,0.007939324714243412,0.5019848346710205,0.4980151653289795,0.5362614989280701,0.5783117413520813,0.5780620574951172,0.5019848346710205,0.4980151653289795,0.5019848346710205,0.4980151653289795,0.6841169374740788,0.31588306252592124,0.9696382284164429,0.976537412247923,0.02346258775207699,0.18678419255122036,0.9876069005206173,0.012393099479382719,0.0,0.12342832380993873,0.12342832380993873,0.03197594732046127,0.008704647421836853,0.8765716761900613,0.12342832380993873,0.04258790239691734,0.004954687785357237,417954
b0_cityscapes_val,2026-07-07 05:27:32,cityscapes,val,all,student_skd,/scratch/gautschi/manors/hf_cache/models--nvidia--mit-b0/snapshots/80983a413c30d36a39c20203974ae7807835e2b4,outputs-guardrailpp-v4/student_skd.ckpt,skd,img_000294,/home/manors/Guardrail-Distillation/data/cityscapes/leftImg8bit/val/lindau/lindau_000027_000019_leftImg8bit.png,,0.5167173906518531,0.48328260934814693,0.9745156168937683,0.9779779314994812,0.07707502692937851,0.05806764215230942,0.16675841808319092,0.9408367872238159,0.20148974657058716,-5.837310314178467,5.810838222503662,0.003141481429338455,0.026546474546194077,470797,2.8947649989277124,4.895015008514747,16.2442744767759,0.2633625823231148,0.7366374176768852,141700,0.9952158312493204,0.004784168750679552,73576,0.05884912237524986,0.0004826000367756933,10.694464523112401,0.03718193992972374,0.9628180600702763,0.11961881071329117,0.25118356943130493,0.007130745332688093,0.5017826557159424,0.4982173442840576,0.5230519771575928,0.5602374076843262,0.5628089308738708,0.5017826557159424,0.4982173442840576,0.5017826557159424,0.4982173442840576,0.6465692253185986,0.3534307746814014,0.9825955033302307,0.4842291790241337,0.5157708209758662,0.22086659670101894,0.9906219419375883,0.009378058062411654,0.0,0.12985183466674555,0.12985183466674555,0.01471334882080555,0.00663343258202076,0.8701481653332545,0.12985183466674555,0.022508639842271805,0.0013126677367836237,439133
b0_cityscapes_val,2026-07-07 05:27:33,cityscapes,val,all,student_skd,/scratch/gautschi/manors/hf_cache/models--nvidia--mit-b0/snapshots/80983a413c30d36a39c20203974ae7807835e2b4,outputs-guardrailpp-v4/student_skd.ckpt,skd,img_000295,/home/manors/Guardrail-Distillation/data/cityscapes/leftImg8bit/val/lindau/lindau_000028_000019_leftImg8bit.png,,0.559726842494419,0.44027315750558105,0.9651898741722107,0.9731953740119934,0.08626679331064224,0.06963641196489334,0.18763752281665802,0.9333680868148804,0.21632766723632812,-5.932574272155762,5.900086879730225,0.00377939036116004,0.03512788563966751,493995,2.8947649989277124,4.895015008514747,16.2442744767759,0.8511918003576491,0.14880819964235092,150859,0.9760147187507011,0.023985281249298884,44569,0.07065474987030029,0.0005796287441626191,10.694464523112401,0.04367000609636307,0.9563299939036369,0.18258240818977356,0.3001268208026886,0.011214237660169601,0.5028035044670105,0.4971964955329895,0.5361035466194153,0.5771068334579468,0.5658673644065857,0.5028035044670105,0.4971964955329895,0.5028035044670105,0.4971964955329895,0.5786962168480433,0.4213037831519567,0.970066487789154,0.5334342953912201,0.4665657046087799,0.0,0.48543830913863895,0.514561690861361,0.0,0.018969374353624335,0.018969374353624335,0.018795736134052277,0.013919169083237648,0.9810306256463757,0.018969374353624335,0.03631008416414261,0.0008400894585065544,454661
b0_cityscapes_val,2026-07-07 05:27:33,cityscapes,val,all,student_skd,/scratch/gautschi/manors/hf_cache/models--nvidia--mit-b0/snapshots/80983a413c30d36a39c20203974ae7807835e2b4,outputs-guardrailpp-v4/student_skd.ckpt,skd,img_000296,/home/manors/Guardrail-Distillation/data/cityscapes/leftImg8bit/val/lindau/lindau_000029_000019_leftImg8bit.png,,0.3426945734856038,0.6573054265143963,0.8897531032562256,0.9343785643577576,0.1345316469669342,0.16135604679584503,0.28744325041770935,0.8663821816444397,0.3931153416633606,-5.52868127822876,5.447102069854736,0.014226626604795456,0.09986069798469543,371838,2.896428748499602,4.898442508419976,16.243927006144077,0.32339358188560136,0.6766064181143987,92197,0.3247284898981386,0.6752715101018614,41527,0.1631699800491333,0.0013094652676954865,10.67725324537605,0.09117551147937775,0.9088244885206223,0.35911163687705994,0.4298441410064697,0.072078637778759,0.5180118680000305,0.4819881319999695,0.5967207551002502,0.6254658699035645,0.5211610794067383,0.5180118680000305,0.4819881319999695,0.5180118680000305,0.4819881319999695,0.41617127600369425,0.5838287239963058,0.893407940864563,0.4604741874966183,0.5395258125033817,0.13708060561101698,0.9816264117321261,0.01837358826787394,0.6568979218339874,0.07347670251809046,0.07347670251809046,0.032737378031015396,0.029082559049129486,0.9265232974819095,0.07347670251809046,0.08437814563512802,0.004294881131500006,300327
b0_cityscapes_val,2026-07-07 05:27:33,cityscapes,val,all,student_skd,/scratch/gautschi/manors/hf_cache/models--nvidia--mit-b0/snapshots/80983a413c30d36a39c20203974ae7807835e2b4,outputs-guardrailpp-v4/student_skd.ckpt,skd,img_000297,/home/manors/Guardrail-Distillation/data/cityscapes/leftImg8bit/val/lindau/lindau_000030_000019_leftImg8bit.png,,0.3333295898199274,0.6666704101800727,0.8823955059051514,0.950634777545929,0.11278226971626282,0.12693604826927185,0.2414872795343399,0.8856928944587708,0.34365615248680115,-5.111314296722412,5.051207065582275,0.007702139671891928,0.06301110982894897,483502,2.896428748499602,4.898442508419976,16.243927006144077,0.6065860809280238,0.3934139190719762,150266,0.3625762606055447,0.6374237393944553,4782,0.128376305103302,0.0008207570645026863,10.67725324537605,0.09375,0.90625,0.31646084785461426,0.38926082849502563,0.09182167798280716,0.5229393243789673,0.4770606756210327,0.5894083976745605,0.6234555840492249,0.5824892520904541,0.5229393243789673,0.4770606756210327,0.5229393243789673,0.4770606756210327,0.3942286094326555,0.6057713905673445,0.956105649471283,0.6141312704668397,0.3858687295331603,0.0075451895388158885,0.591091342470418,0.40890865752958205,0.22851508186487324,0.060899019612728145,0.060899019612728145,0.0800989419221878,0.006388804875314236,0.9391009803872719,0.060899019612728145,0.09123643487691879,0.034312162548303604,413639
b0_cityscapes_val,2026-07-07 05:27:33,cityscapes,val,all,student_skd,/scratch/gautschi/manors/hf_cache/models--nvidia--mit-b0/snapshots/80983a413c30d36a39c20203974ae7807835e2b4,outputs-guardrailpp-v4/student_skd.ckpt,skd,img_000298,/home/manors/Guardrail-Distillation/data/cityscapes/leftImg8bit/val/lindau/lindau_000031_000019_leftImg8bit.png,,0.4781607521668255,0.5218392478331745,0.9415373802185059,0.9475829601287842,0.10460098832845688,0.14963237941265106,0.24049772322177887,0.861851155757904,0.42579954862594604,-5.027892589569092,4.966015815734863,0.007950170896947384,0.050164785236120224,468795,2.896428748499602,4.898442508419976,16.243927006144077,0.4576613008876151,0.5423386991123849,143047,0.44943247105651163,0.5505675289434884,25372,0.15162576735019684,0.0011950855841860175,10.67725324537605,0.09786824136972427,0.9021317586302757,0.3089982271194458,0.4112963080406189,0.09553395956754684,0.5238653421401978,0.47613465785980225,0.5899303555488586,0.6261899471282959,0.523006021976471,0.5238653421401978,0.47613465785980225,0.5238653421401978,0.47613465785980225,0.6079596857501383,0.39204031424986174,0.968421220779419,0.525780913000778,0.474219086999222,0.06811961211316286,0.9338165711058073,0.06618342889419271,0.48438410004929566,0.12979893358331274,0.12979893358331274,0.031026355922222137,0.004142535850405693,0.8702010664166873,0.12979893358331274,0.03949487581849098,0.0047270129434764385,389119
b0_cityscapes_val,2026-07-07 05:27:33,cityscapes,val,all,student_skd,/scratch/gautschi/manors/hf_cache/models--nvidia--mit-b0/snapshots/80983a413c30d36a39c20203974ae7807835e2b4,outputs-guardrailpp-v4/student_skd.ckpt,skd,img_000299,/home/manors/Guardrail-Distillation/data/cityscapes/leftImg8bit/val/lindau/lindau_000032_000019_leftImg8bit.png,,0.5306032737174814,0.4693967262825186,0.9494546055793762,0.971224844455719,0.08840123564004898,0.06711134314537048,0.17529161274433136,0.9400038123130798,0.17231659591197968,-5.78415060043335,5.749518394470215,0.000717785267625004,0.03965137526392937,479252,2.896428748499602,4.898442508419976,16.243927006144077,0.6668643020392736,0.3331356979607264,150859,0.0,1.0,0,0.06768655776977539,0.00033618093584664166,10.67725324537605,0.04631349816918373,0.9536865018308163,0.19334463775157928,0.32968106865882874,0.0279273372143507,0.506981372833252,0.49301862716674805,0.5487270951271057,0.6055867075920105,0.6109471917152405,0.506981372833252,0.49301862716674805,0.506981372833252,0.49301862716674805,0.47629840542205887,0.5237015945779411,0.9805176258087158,0.9198956077697756,0.08010439223022436,0.25303130573050203,0.0,1.0,0.0,0.0,0.0,0.03743750974535942,0.00637451745569706,1.0,0.0,0.045527197420597076,0.004934773780405521,436539
b0_cityscapes_val,2026-07-07 05:27:33,cityscapes,val,all,student_skd,/scratch/gautschi/manors/hf_cache/models--nvidia--mit-b0/snapshots/80983a413c30d36a39c20203974ae7807835e2b4,outputs-guardrailpp-v4/student_skd.ckpt,skd,img_000300,/home/manors/Guardrail-Distillation/data/cityscapes/leftImg8bit/val/lindau/lindau_000033_000019_leftImg8bit.png,,0.4564079482704071,0.5435920517295929,0.9529586434364319,0.9663749933242798,0.09530024230480194,0.08402568101882935,0.2001786082983017,0.923724889755249,0.2297108769416809,-6.382789611816406,6.342080593109131,0.0037730056792497635,0.044031865894794464,495096,2.903696760768071,4.890876996796578,16.239427495747805,1.0,0.0,150859,0.4870076190738623,0.5129923809261376,73154,0.08503972738981247,0.0006846020696684718,10.690064984373748,0.04288927838206291,0.9571107216179371,0.17438659071922302,0.30134063959121704,0.007518927566707134,0.5018797516822815,0.4981202483177185,0.5306086540222168,0.5632328987121582,0.5579789876937866,0.5018797516822815,0.4981202483177185,0.5018797516822815,0.4981202483177185,0.4804507909653755,0.5195492090346245,0.9587777256965637,1.0,0.0,0.0,0.48683503492745833,0.5131649650725416,0.0,0.02404284269496837,0.02404284269496837,0.019462892785668373,0.013643818907439709,0.9759571573050316,0.02404284269496837,0.03453673794865608,0.0019289188785478473,444533
b0_cityscapes_val,2026-07-07 05:27:33,cityscapes,val,all,student_skd,/scratch/gautschi/manors/hf_cache/models--nvidia--mit-b0/snapshots/80983a413c30d36a39c20203974ae7807835e2b4,outputs-guardrailpp-v4/student_skd.ckpt,skd,img_000301,/home/manors/Guardrail-Distillation/data/cityscapes/leftImg8bit/val/lindau/lindau_000034_000019_leftImg8bit.png,,0.2455293344516909,0.7544706655483091,0.8933663368225098,0.9785110354423523,0.07686460018157959,0.06078276410698891,0.17890718579292297,0.9362918734550476,0.22856327891349792,-5.4387593269348145,5.4127984046936035,0.004178098868578672,0.025828545913100243,303966,2.903696760768071,4.890876996796578,16.239427495747805,0.4868812407053325,0.5131187592946675,9414,0.2901668994663515,0.7098331005336485,56813,0.06196482852101326,0.0005091445636935532,10.690064984373748,0.044265665113925934,0.9557343348860741,0.15543438494205475,0.31652572751045227,0.019625524058938026,0.5049062371253967,0.49509376287460327,0.5383538603782654,0.5866108536720276,0.5453876852989197,0.5049062371253967,0.49509376287460327,0.5049062371253967,0.49509376287460327,0.47975860165405537,0.5202413983459446,0.9768953919410706,0.4841725090291056,0.5158274909708944,0.0,0.96415986372911,0.03584013627089,0.6739929642627585,0.23422926720236448,0.23422926720236448,0.0876874327659607,0.004158359486609697,0.7657707327976355,0.23422926720236448,0.09385588765144348,0.06985320150852203,284784
b0_cityscapes_val,2026-07-07 05:27:33,cityscapes,val,all,student_skd,/scratch/gautschi/manors/hf_cache/models--nvidia--mit-b0/snapshots/80983a413c30d36a39c20203974ae7807835e2b4,outputs-guardrailpp-v4/student_skd.ckpt,skd,img_000302,/home/manors/Guardrail-Distillation/data/cityscapes/leftImg8bit/val/lindau/lindau_000035_000019_leftImg8bit.png,,0.38808171577041506,0.6119182842295849,0.9589802026748657,0.9663713574409485,0.08923020958900452,0.09096671640872955,0.1910800039768219,0.9064362645149231,0.3103877902030945,-5.083954334259033,5.044147491455078,0.0026661832816898823,0.0378984659910202,248295,2.903696760768071,4.890876996796578,16.239427495747805,0.0,1.0,0,0.48075513807001763,0.5192448619299823,60072,0.09248817712068558,0.0008442796533927321,10.690064984373748,0.060341913253068924,0.9396580867469311,0.2300398051738739,0.33513548970222473,0.02626495063304901,0.5065658688545227,0.4934341311454773,0.5479246973991394,0.5836312770843506,0.5595777630805969,0.5065658688545227,0.4934341311454773,0.5065658688545227,0.4934341311454773,0.5367367363609648,0.46326326363903525,0.9762499928474426,0.0,1.0,0.0,0.9332912548692256,0.0667087451307744,0.4525361167992079,0.1486550205905497,0.1486550205905497,0.02387079782783985,0.0066010188311338425,0.8513449794094503,0.1486550205905497,0.031003441661596298,0.005485410336405039,223037
b0_cityscapes_val,2026-07-07 05:27:33,cityscapes,val,all,student_skd,/scratch/gautschi/manors/hf_cache/models--nvidia--mit-b0/snapshots/80983a413c30d36a39c20203974ae7807835e2b4,outputs-guardrailpp-v4/student_skd.ckpt,skd,img_000303,/home/manors/Guardrail-Distillation/data/cityscapes/leftImg8bit/val/lindau/lindau_000036_000019_leftImg8bit.png,,0.4704784265783962,0.5295215734216038,0.9520619511604309,0.9723774194717407,0.08662987500429153,0.07516589760780334,0.19282039999961853,0.9245547652244568,0.2517271339893341,-5.636653423309326,5.603182315826416,0.005592734087258577,0.034176893532276154,480266,2.903696760768071,4.890876996796578,16.239427495747805,0.5714835931314015,0.4285164068685985,150859,0.9704315396909963,0.02956846030900373,3754,0.0760292336344719,0.0005202749744057655,10.690064984373748,0.05377601087093353,0.9462239891290665,0.17580163478851318,0.3354973793029785,0.05770307034254074,0.5144217610359192,0.4855782389640808,0.5406410098075867,0.5823372602462769,0.5481020212173462,0.5144217610359192,0.4855782389640808,0.5144217610359192,0.4855782389640808,0.629157420223838,0.370842579776162,0.966697633266449,0.868736107783588,0.131263892216412,0.2972525146521865,0.9675013319126265,0.03249866808737345,0.0,0.1586789936454418,0.1586789936454418,0.021175764501094818,0.006540125701576471,0.8413210063545582,0.1586789936454418,0.029775165021419525,0.002661025384441018,442719
b0_cityscapes_val,2026-07-07 05:27:33,cityscapes,val,all,student_skd,/scratch/gautschi/manors/hf_cache/models--nvidia--mit-b0/snapshots/80983a413c30d36a39c20203974ae7807835e2b4,outputs-guardrailpp-v4/student_skd.ckpt,skd,img_000304,/home/manors/Guardrail-Distillation/data/cityscapes/leftImg8bit/val/lindau/lindau_000037_000019_leftImg8bit.png,,0.5680440628919675,0.4319559371080325,0.9537795782089233,0.9698176980018616,0.08969077467918396,0.07899662107229233,0.19454404711723328,0.9241566061973572,0.24350197613239288,-5.787688732147217,5.751283168792725,0.004171899054199457,0.038039375096559525,479398,2.8909772518090904,4.900955245830119,16.240042488789186,0.5246388708767611,0.4753611291232389,149354,0.6056867279488191,0.39431327205118094,20092,0.08021678775548935,0.0007087051053531468,10.683390020858496,0.050722844898700714,0.9492771551012993,0.19642339646816254,0.30371907353401184,0.03146926686167717,0.5078666806221008,0.49213331937789917,0.5463341474533081,0.5788584351539612,0.5806936621665955,0.5078666806221008,0.49213331937789917,0.5078666806221008,0.49213331937789917,0.6067120379248602,0.39328796207513983,0.9682769179344177,0.7247371598606691,0.2752628401393309,0.20009828898390802,0.589561375492388,0.41043862450761204,0.0,0.038667975032892654,0.038667975032892654,0.023385580629110336,0.00888823065906763,0.9613320249671073,0.038667975032892654,0.036001402884721756,0.003844405058771372,435642
b0_cityscapes_val,2026-07-07 05:27:33,cityscapes,val,all,student_skd,/scratch/gautschi/manors/hf_cache/models--nvidia--mit-b0/snapshots/80983a413c30d36a39c20203974ae7807835e2b4,outputs-guardrailpp-v4/student_skd.ckpt,skd,img_000305,/home/manors/Guardrail-Distillation/data/cityscapes/leftImg8bit/val/lindau/lindau_000038_000019_leftImg8bit.png,,0.6040793838789644,0.3959206161210356,0.9316966533660889,0.9753666520118713,0.08273941278457642,0.06613851338624954,0.18636979162693024,0.9349963665008545,0.21824423968791962,-6.289368629455566,6.25946569442749,0.004673379473388195,0.03083135187625885,494075,2.8909772518090904,4.900955245830119,16.240042488789186,0.591873222428792,0.40812677757120797,150859,0.7319347360806435,0.2680652639193565,81909,0.06737900525331497,0.0006437133415602148,10.683390020858496,0.04005955904722214,0.9599404409527779,0.141937255859375,0.2628639340400696,0.017919596284627914,0.5044797658920288,0.4955202341079712,0.5299880504608154,0.5664107203483582,0.5582188367843628,0.5044797658920288,0.4955202341079712,0.5044797658920288,0.4955202341079712,0.7924985069040542,0.2075014930959458,0.9772241115570068,0.923281235477862,0.076718764522138,0.33140801304906997,0.6304138364475199,0.3695861635524801,0.0,0.18841912302508979,0.18841912302508979,0.05307898670434952,0.0075514852069318295,0.8115808769749102,0.18841912302508979,0.0625654011964798,0.03913980722427368,457653
b0_cityscapes_val,2026-07-07 05:27:33,cityscapes,val,all,student_skd,/scratch/gautschi/manors/hf_cache/models--nvidia--mit-b0/snapshots/80983a413c30d36a39c20203974ae7807835e2b4,outputs-guardrailpp-v4/student_skd.ckpt,skd,img_000306,/home/manors/Guardrail-Distillation/data/cityscapes/leftImg8bit/val/lindau/lindau_000039_000019_leftImg8bit.png,,0.6244055118320069,0.3755944881679931,0.9699519872665405,0.9794411063194275,0.07514964044094086,0.05636605620384216,0.16960270702838898,0.943047821521759,0.19434642791748047,-5.987215995788574,5.962423801422119,0.003531623398885131,0.025100544095039368,495806,2.8909772518090904,4.900955245830119,16.240042488789186,0.49988731199331826,0.5001126880066817,150859,0.8497744338068765,0.15022556619312355,58509,0.05771010369062424,0.0008275327854789793,10.683390020858496,0.05059013143181801,0.949409868568182,0.19904713332653046,0.31410741806030273,0.025616277009248734,0.5064037442207336,0.49359625577926636,0.548626720905304,0.5864951610565186,0.5837723016738892,0.5064037442207336,0.49359625577926636,0.5064037442207336,0.49359625577926636,0.6354336892840251,0.3645663107159749,0.9754944443702698,0.7071579483572061,0.29284205164279387,0.20727063636388787,0.8987658632539814,0.10123413674601855,0.048991429447104995,0.011028177452018229,0.011028177452018229,0.012813479639589787,0.00727098947390914,0.9889718225479818,0.011028177452018229,0.024447062984108925,0.0023033202160149813,465544
b0_cityscapes_val,2026-07-07 05:27:33,cityscapes,val,all,student_skd,/scratch/gautschi/manors/hf_cache/models--nvidia--mit-b0/snapshots/80983a413c30d36a39c20203974ae7807835e2b4,outputs-guardrailpp-v4/student_skd.ckpt,skd,img_000307,/home/manors/Guardrail-Distillation/data/cityscapes/leftImg8bit/val/lindau/lindau_000040_000019_leftImg8bit.png,,0.3850758129516552,0.6149241870483448,0.9914195537567139,0.9976882338523865,0.02144000492990017,0.007617906201630831,0.04800482839345932,0.9834791421890259,0.08496876060962677,-5.262018203735352,5.259399890899658,3.557917079888284e-05,0.001915345317684114,337276,2.8909772518090904,4.900955245830119,16.240042488789186,1.0,0.0,12768,0.0,1.0,0,0.008009998127818108,0.00012363941641524434,10.683390020858496,0.021555718034505844,0.9784442819654942,0.04556436091661453,0.0901857316493988,-0.0013822937617078424,0.4996544122695923,0.5003455877304077,0.5069414973258972,0.5195160508155823,0.6126279830932617,0.4996544122695923,0.5003455877304077,0.4996544122695923,0.5003455877304077,0.4881409895008394,0.5118590104991606,0.9967682361602783,1.0,0.0,0.0,0.0,1.0,0.0,0.10306517654918423,0.10306517654918423,0.006727428175508976,0.0013786929193884134,0.8969348234508158,0.10306517654918423,0.008115015923976898,0.005336875561624765,335493
b0_cityscapes_val,2026-07-07 05:27:33,cityscapes,val,all,student_skd,/scratch/gautschi/manors/hf_cache/models--nvidia--mit-b0/snapshots/80983a413c30d36a39c20203974ae7807835e2b4,outputs-guardrailpp-v4/student_skd.ckpt,skd,img_000308,/home/manors/Guardrail-Distillation/data/cityscapes/leftImg8bit/val/lindau/lindau_000041_000019_leftImg8bit.png,,0.478143121784942,0.521856878215058,0.967078447341919,0.973704993724823,0.08526401966810226,0.06758257746696472,0.18491525948047638,0.9368504285812378,0.19899791479110718,-6.293701648712158,6.261861324310303,0.0033758969511836767,0.03390425443649292,495572,2.894498233217746,4.889060015557334,16.23684898368083,1.0,0.0,150859,0.48679607918508555,0.5132039208149144,52095,0.06865832954645157,0.0005967120523564517,10.689243266824633,0.03702478110790253,0.9629752188920975,0.13115769624710083,0.27463024854660034,-0.0015263870591297746,0.49961841106414795,0.500381588935852,0.5211172699928284,0.5570403933525085,0.5403650403022766,0.49961841106414795,0.500381588935852,0.49961841106414795,0.500381588935852,0.5365558069613767,0.4634441930386233,0.9763202667236328,1.0,0.0,0.0,0.3248760235266982,0.6751239764733018,0.0,0.05841268517643472,0.05841268517643472,0.016241837292909622,0.006999991834163666,0.9415873148235653,0.05841268517643472,0.02441219426691532,0.0018221368081867695,456455
b0_cityscapes_val,2026-07-07 05:27:33,cityscapes,val,all,student_skd,/scratch/gautschi/manors/hf_cache/models--nvidia--mit-b0/snapshots/80983a413c30d36a39c20203974ae7807835e2b4,outputs-guardrailpp-v4/student_skd.ckpt,skd,img_000309,/home/manors/Guardrail-Distillation/data/cityscapes/leftImg8bit/val/lindau/lindau_000042_000019_leftImg8bit.png,,0.4092979910294559,0.5907020089705441,0.9497477412223816,0.9685814380645752,0.09482090175151825,0.08369184285402298,0.21955649554729462,0.9254777431488037,0.23795507848262787,-6.241252422332764,6.202728271484375,0.00597979873418808,0.04239325970411301,447005,2.894498233217746,4.889060015557334,16.23684898368083,0.39663201034942075,0.6033679896505793,128875,0.32678449176665586,0.6732155082333442,75514,0.08501577377319336,0.0007092066225595772,10.689243266824633,0.0436304435133934,0.9563695564866066,0.16655799746513367,0.32297247648239136,0.016735054552555084,0.5041836500167847,0.49581634998321533,0.5330458879470825,0.5776498317718506,0.5001233220100403,0.5041836500167847,0.49581634998321533,0.5041836500167847,0.49581634998321533,0.5325428868652784,0.4674571131347216,0.963038444519043,0.6516683639529876,0.34833163604701245,0.2550363536035668,0.514193775309045,0.485806224690955,0.18740928354238917,0.12324489583582254,0.12324489583582254,0.021384548395872116,0.00809386931359768,0.8767551041641775,0.12324489583582254,0.03337099030613899,0.004688985645771027,405653
b0_cityscapes_val,2026-07-07 05:27:33,cityscapes,val,all,student_skd,/scratch/gautschi/manors/hf_cache/models--nvidia--mit-b0/snapshots/80983a413c30d36a39c20203974ae7807835e2b4,outputs-guardrailpp-v4/student_skd.ckpt,skd,img_000310,/home/manors/Guardrail-Distillation/data/cityscapes/leftImg8bit/val/lindau/lindau_000043_000019_leftImg8bit.png,,0.4715820157994595,0.5284179842005405,0.8918053507804871,0.9655340909957886,0.09337388724088669,0.09220637381076813,0.20223639905452728,0.9099466800689697,0.28761592507362366,-5.952037811279297,5.910749912261963,0.0038457978516817093,0.04246633127331734,485985,2.894498233217746,4.889060015557334,16.23684898368083,0.44510145179619964,0.5548985482038004,148752,0.9771667470654446,0.022833252934555404,18657,0.09348875284194946,0.000654770468827337,10.689243266824633,0.050088439136743546,0.9499115608632565,0.18844905495643616,0.2994632124900818,0.015506170690059662,0.5038764476776123,0.4961235523223877,0.5371577739715576,0.5705714225769043,0.5546633005142212,0.5038764476776123,0.4961235523223877,0.5038764476776123,0.4961235523223877,0.48324474282712626,0.5167552571728737,0.8872393369674683,0.4194120556875154,0.5805879443124846,0.0,0.9801683014418181,0.0198316985581819,0.0030015543763735053,0.011662727027666797,0.011662727027666797,0.01749436743557453,0.022060351446270943,0.9883372729723332,0.011662727027666797,0.043163884431123734,0.001156414276920259,435836
b0_cityscapes_val,2026-07-07 05:27:33,cityscapes,val,all,student_skd,/scratch/gautschi/manors/hf_cache/models--nvidia--mit-b0/snapshots/80983a413c30d36a39c20203974ae7807835e2b4,outputs-guardrailpp-v4/student_skd.ckpt,skd,img_000311,/home/manors/Guardrail-Distillation/data/cityscapes/leftImg8bit/val/lindau/lindau_000044_000019_leftImg8bit.png,,0.4664729757150495,0.5335270242849506,0.9819393754005432,0.9841214418411255,0.06764040887355804,0.041269268840551376,0.14559771120548248,0.9551510214805603,0.1636626422405243,-5.336234092712402,5.31696081161499,0.002783033298328519,0.020404605194926262,309734,2.894498233217746,4.889060015557334,16.23684898368083,0.4727416503860824,0.5272583496139176,10749,0.9723716809729973,0.02762831902700269,79918,0.041884712874889374,0.0003527598164509982,10.689243266824633,0.026006851345300674,0.9739931486546993,0.0690992921590805,0.16585922241210938,-0.009941428899765015,0.49751463532447815,0.5024853646755219,0.5113190412521362,0.5348164439201355,0.5920384526252747,0.49751463532447815,0.5024853646755219,0.49751463532447815,0.5024853646755219,0.31635186423067774,0.6836481357693223,0.9886451363563538,1.0,0.0,0.5272583496139176,0.9870367126304462,0.012963287369553766,0.014665031657448924,0.0,0.0,0.010228130966424942,0.0035223772283643484,1.0,0.0,0.014263852499425411,0.000975030183326453,295622
b0_cityscapes_val,2026-07-07 05:27:33,cityscapes,val,all,student_skd,/scratch/gautschi/manors/hf_cache/models--nvidia--mit-b0/snapshots/80983a413c30d36a39c20203974ae7807835e2b4,outputs-guardrailpp-v4/student_skd.ckpt,skd,img_000312,/home/manors/Guardrail-Distillation/data/cityscapes/leftImg8bit/val/lindau/lindau_000045_000019_leftImg8bit.png,,0.3689385354231044,0.6310614645768956,0.8108808994293213,0.8972139954566956,0.1443759799003601,0.2526707947254181,0.2994925081729889,0.8000004291534424,0.549665629863739,-4.476089954376221,4.351700305938721,0.012735019437968731,0.1321093738079071,318963,2.8952740249224007,4.893886245554313,16.23050423222594,0.39495606898795965,0.6050439310120403,15365,0.0,1.0,0,0.25497496128082275,0.0014659406151622534,10.682538006221876,0.1509905457496643,0.8490094542503357,0.3919106721878052,0.45456573367118835,0.19684022665023804,0.5490517616271973,0.45094823837280273,0.6359550356864929,0.6619794964790344,0.5184522867202759,0.5490517616271973,0.45094823837280273,0.5490517616271973,0.45094823837280273,0.513900866066926,0.486099133933074,0.9442819356918335,0.4920598763423365,0.5079401236576635,0.09710380735437685,0.0,1.0,0.0,0.14496233064382158,0.14496233064382158,0.14154620468616486,0.008145145140588284,0.8550376693561784,0.14496233064382158,0.15821585059165955,0.010672084055840969,212645
b0_cityscapes_val,2026-07-07 05:27:34,cityscapes,val,all,student_skd,/scratch/gautschi/manors/hf_cache/models--nvidia--mit-b0/snapshots/80983a413c30d36a39c20203974ae7807835e2b4,outputs-guardrailpp-v4/student_skd.ckpt,skd,img_000313,/home/manors/Guardrail-Distillation/data/cityscapes/leftImg8bit/val/lindau/lindau_000046_000019_leftImg8bit.png,,0.380580393381156,0.619419606618844,0.9099887013435364,0.9514604210853577,0.11132034659385681,0.1202087551355362,0.2282101809978485,0.8874369859695435,0.35336846113204956,-4.6678996086120605,4.609244346618652,0.004063605796545744,0.06535443663597107,308839,2.8952740249224007,4.893886245554313,16.23050423222594,0.4395429563205091,0.5604570436794909,10371,0.1871345029239766,0.8128654970760234,1308,0.12211204320192337,0.0011846342822536826,10.682538006221876,0.09267944097518921,0.9073205590248108,0.3298923373222351,0.4104301631450653,0.09387578815221786,0.5234517455101013,0.4765482544898987,0.6015296578407288,0.6411000490188599,0.5412877798080444,0.5234517455101013,0.4765482544898987,0.5234517455101013,0.4765482544898987,0.43412288160410184,0.5658771183958982,0.956323504447937,0.49826439109054094,0.5017356089094591,0.05872143477003178,0.3521428081643848,0.6478571918356152,0.16500830524040822,0.05354248822294583,0.05354248822294583,0.05974310263991356,0.013408280909061432,0.9464575117770542,0.05354248822294583,0.075003482401371,0.005274592898786068,263049
b0_cityscapes_val,2026-07-07 05:27:34,cityscapes,val,all,student_skd,/scratch/gautschi/manors/hf_cache/models--nvidia--mit-b0/snapshots/80983a413c30d36a39c20203974ae7807835e2b4,outputs-guardrailpp-v4/student_skd.ckpt,skd,img_000314,/home/manors/Guardrail-Distillation/data/cityscapes/leftImg8bit/val/lindau/lindau_000047_000019_leftImg8bit.png,,0.4056790095902578,0.5943209904097422,0.9414797425270081,0.9542742967605591,0.10909166187047958,0.1261674165725708,0.24382919073104858,0.8676299452781677,0.46611812710762024,-4.0072431564331055,3.9517478942871094,0.007815981283783913,0.059054434299468994,316403,2.8952740249224007,4.893886245554313,16.23050423222594,0.1824808617302351,0.8175191382697649,17097,0.43315318881889453,0.5668468111811055,4600,0.1281498521566391,0.0011156803229823709,10.682538006221876,0.10448702424764633,0.8955129757523537,0.3139279782772064,0.41252151131629944,0.10352959483861923,0.5258592963218689,0.4741407036781311,0.5865077376365662,0.6328832507133484,0.5320000648498535,0.5258592963218689,0.4741407036781311,0.5258592963218689,0.4741407036781311,0.43984579176652244,0.5601542082334776,0.9581862688064575,0.2719392123287671,0.7280607876712328,0.08945835059853202,0.4970285433981738,0.5029714566018262,0.06387535457927929,0.034166782176264565,0.034166782176264565,0.03241752088069916,0.015710975974798203,0.9658332178237354,0.034166782176264565,0.05749313533306122,0.0007680078851990402,273574
b0_cityscapes_val,2026-07-07 05:27:34,cityscapes,val,all,student_skd,/scratch/gautschi/manors/hf_cache/models--nvidia--mit-b0/snapshots/80983a413c30d36a39c20203974ae7807835e2b4,outputs-guardrailpp-v4/student_skd.ckpt,skd,img_000315,/home/manors/Guardrail-Distillation/data/cityscapes/leftImg8bit/val/lindau/lindau_000048_000019_leftImg8bit.png,,0.41468963171558876,0.5853103682844112,0.9020307064056396,0.9548497796058655,0.11256711184978485,0.11343395709991455,0.2490587681531906,0.8984296321868896,0.3308330476284027,-4.594228744506836,4.538754940032959,0.008354260586202145,0.06349301338195801,318161,2.8952740249224007,4.893886245554313,16.23050423222594,0.6279159612343448,0.3720840387656552,14227,0.47607426547995024,0.5239257345200498,20898,0.11458393931388855,0.0008769988780841231,10.682538006221876,0.08535129576921463,0.9146487042307854,0.3326389491558075,0.4975411295890808,0.09787936508655548,0.5244503021240234,0.47554969787597656,0.5924327969551086,0.683853030204773,0.576883852481842,0.5244503021240234,0.47554969787597656,0.5244503021240234,0.47554969787597656,0.45520760021419143,0.5447923997858086,0.9724133014678955,0.5661045707381657,0.43389542926183433,0.0,0.9880849842090152,0.011915015790984751,0.512010718729065,0.04051796849860256,0.04051796849860256,0.07874000817537308,0.008357403799891472,0.9594820315013974,0.04051796849860256,0.08815976232290268,0.009199745021760464,273918
b0_cityscapes_val,2026-07-07 05:27:34,cityscapes,val,all,student_skd,/scratch/gautschi/manors/hf_cache/models--nvidia--mit-b0/snapshots/80983a413c30d36a39c20203974ae7807835e2b4,outputs-guardrailpp-v4/student_skd.ckpt,skd,img_000316,/home/manors/Guardrail-Distillation/data/cityscapes/leftImg8bit/val/lindau/lindau_000049_000019_leftImg8bit.png,,0.30669866660350287,0.6933013333964971,0.9860361218452454,0.9899051785469055,0.05653739720582962,0.027274509891867638,0.13069885969161987,0.9688736796379089,0.12567855417728424,-4.851686954498291,4.839197635650635,0.0025419031735509634,0.0139373280107975,301349,2.9012652521487325,4.892837750958279,16.235004004556686,0.4493006993006993,0.5506993006993006,2574,0.0,1.0,384,0.027780607342720032,0.0001855690061347559,10.688819747883826,0.01731807366013527,0.9826819263398647,0.025645054876804352,0.0889631062746048,-0.013018454425036907,0.49674543738365173,0.5032545626163483,0.5033204555511475,0.5181757807731628,0.6187455654144287,0.49674543738365173,0.5032545626163483,0.49674543738365173,0.5032545626163483,0.5959662243289623,0.4040337756710377,0.9928321838378906,1.0,0.0,0.5506993006993006,0.9739583333333334,0.02604166666666663,0.9739583333333334,0.2892675577254594,0.2892675577254594,0.008644461631774902,0.0018483551684767008,0.7107324422745406,0.2892675577254594,0.01063218992203474,0.0006902295863255858,293097
b0_cityscapes_val,2026-07-07 05:27:34,cityscapes,val,all,student_skd,/scratch/gautschi/manors/hf_cache/models--nvidia--mit-b0/snapshots/80983a413c30d36a39c20203974ae7807835e2b4,outputs-guardrailpp-v4/student_skd.ckpt,skd,img_000317,/home/manors/Guardrail-Distillation/data/cityscapes/leftImg8bit/val/lindau/lindau_000050_000019_leftImg8bit.png,,0.29072564985519006,0.70927435014481,0.9146042466163635,0.9748470783233643,0.08258922398090363,0.06534991413354874,0.18039539456367493,0.9324100017547607,0.23900233209133148,-4.5293097496032715,4.498960018157959,0.0037589618004858494,0.03071208856999874,335731,2.9012652521487325,4.892837750958279,16.235004004556686,0.1324497926660704,0.8675502073339296,24970,0.2421259842519685,0.7578740157480315,508,0.06621819734573364,0.0004674177325796336,10.688819747883826,0.05295156314969063,0.9470484368503094,0.1945592164993286,0.3121306896209717,0.03669891506433487,0.5091736912727356,0.4908263087272644,0.5430027842521667,0.5769486427307129,0.59406578540802,0.5091736912727356,0.4908263087272644,0.5091736912727356,0.4908263087272644,0.33582168471887397,0.664178315281126,0.9168590307235718,0.10640162595296267,0.8935983740470373,0.0,0.8090551181102362,0.19094488188976377,0.5669291338582677,0.045096034863683965,0.045096034863683965,0.012346194125711918,0.01009141281247139,0.954903965136316,0.045096034863683965,0.030089566484093666,0.002287545707076788,310053
b0_cityscapes_val,2026-07-07 05:27:34,cityscapes,val,all,student_skd,/scratch/gautschi/manors/hf_cache/models--nvidia--mit-b0/snapshots/80983a413c30d36a39c20203974ae7807835e2b4,outputs-guardrailpp-v4/student_skd.ckpt,skd,img_000318,/home/manors/Guardrail-Distillation/data/cityscapes/leftImg8bit/val/lindau/lindau_000051_000019_leftImg8bit.png,,0.2815587009858824,0.7184412990141176,0.8210351467132568,0.92649906873703,0.1363302618265152,0.187956303358078,0.29908356070518494,0.8442870378494263,0.4583006203174591,-4.806026935577393,4.715477466583252,0.017302876338362694,0.10155048221349716,273076,2.9012652521487325,4.892837750958279,16.235004004556686,0.16420282943888095,0.835797170561119,2097,0.4835197663225678,0.5164802336774321,30320,0.19054022431373596,0.0014988431939855218,10.688819747883826,0.10610520839691162,0.8938947916030884,0.35623031854629517,0.4320857524871826,0.09218144416809082,0.523029088973999,0.476970911026001,0.6039546132087708,0.649579644203186,0.5607811212539673,0.523029088973999,0.476970911026001,0.523029088973999,0.476970911026001,0.301639426615045,0.6983605733849549,0.8645944595336914,0.1622953425528533,0.8377046574471467,0.0,0.5657339946080113,0.4342660053919887,0.08221422828544345,0.020080725629162632,0.020080725629162632,0.058968931436538696,0.015409629791975021,0.9799192743708374,0.020080725629162632,0.08573437482118607,0.0076498850248754025,213267
b0_cityscapes_val,2026-07-07 05:27:34,cityscapes,val,all,student_skd,/scratch/gautschi/manors/hf_cache/models--nvidia--mit-b0/snapshots/80983a413c30d36a39c20203974ae7807835e2b4,outputs-guardrailpp-v4/student_skd.ckpt,skd,img_000319,/home/manors/Guardrail-Distillation/data/cityscapes/leftImg8bit/val/lindau/lindau_000052_000019_leftImg8bit.png,,0.36852074482930297,0.631479255170697,0.8455334901809692,0.9884235858917236,0.05788976699113846,0.03278869390487671,0.14212264120578766,0.9643567800521851,0.14105293154716492,-5.0071868896484375,4.993150234222412,0.0020161729771643877,0.01414596475660801,274778,2.9012652521487325,4.892837750958279,16.235004004556686,0.0,1.0,0,0.4567377023334034,0.5432622976665966,4087,0.03331341594457626,0.0003538827586453408,10.688819747883826,0.02489531971514225,0.9751046802848577,0.057408928871154785,0.14810721576213837,-0.0069101229310035706,0.49827244877815247,0.5017275512218475,0.5095667243003845,0.5406042337417603,0.6015810370445251,0.49827244877815247,0.5017275512218475,0.49827244877815247,0.5017275512218475,0.5327595169665762,0.4672404830334238,0.8516693115234375,0.0,1.0,0.0,0.7751307173547239,0.22486928264527606,0.31839301502132056,0.16423877213727323,0.16423877213727323,0.007769908756017685,0.0016340463189408183,0.8357612278627268,0.16423877213727323,0.012137070298194885,0.0008224821067415178,265137
b0_cityscapes_val,2026-07-07 05:27:34,cityscapes,val,all,student_skd,/scratch/gautschi/manors/hf_cache/models--nvidia--mit-b0/snapshots/80983a413c30d36a39c20203974ae7807835e2b4,outputs-guardrailpp-v4/student_skd.ckpt,skd,img_000320,/home/manors/Guardrail-Distillation/data/cityscapes/leftImg8bit/val/lindau/lindau_000053_000019_leftImg8bit.png,,0.5463714206566785,0.45362857934332146,0.9710832834243774,0.9757161140441895,0.08812291920185089,0.06687139719724655,0.20901423692703247,0.9362029433250427,0.22507008910179138,-6.224815845489502,6.194394588470459,0.008859934285283089,0.03357953205704689,365014,2.899779996369034,4.890886251814663,16.239721997408196,0.9373501556086915,0.0626498443913085,26838,0.47920115894039733,0.5207988410596027,14762,0.06805594265460968,0.0008267699158750474,10.67599849193357,0.037940870970487595,0.9620591290295124,0.12614300847053528,0.2875819206237793,0.011631389148533344,0.5029078125953674,0.49709218740463257,0.5304891467094421,0.5710940957069397,0.4894806742668152,0.5029078125953674,0.49709218740463257,0.5029078125953674,0.49709218740463257,0.6935057400092978,0.30649425999070223,0.9572125673294067,0.9814396227104267,0.01856037728957327,0.044089467101735225,0.8180478099221564,0.18195219007784358,0.33884665098175915,0.14713431935261923,0.14713431935261923,0.008958560414612293,0.022829260677099228,0.8528656806473808,0.14713431935261923,0.03942040354013443,0.0015204895753413439,340153
b0_cityscapes_val,2026-07-07 05:27:34,cityscapes,val,all,student_skd,/scratch/gautschi/manors/hf_cache/models--nvidia--mit-b0/snapshots/80983a413c30d36a39c20203974ae7807835e2b4,outputs-guardrailpp-v4/student_skd.ckpt,skd,img_000321,/home/manors/Guardrail-Distillation/data/cityscapes/leftImg8bit/val/lindau/lindau_000054_000019_leftImg8bit.png,,0.46988320099952413,0.5301167990004758,0.8452157974243164,0.9624954462051392,0.10150770097970963,0.09157030284404755,0.2135547399520874,0.9232047200202942,0.2164127379655838,-6.387850284576416,6.342215061187744,0.004650822374969721,0.05094560980796814,491956,2.899779996369034,4.890886251814663,16.239721997408196,0.38941992191384006,0.6105800780861599,150859,0.24113554757630162,0.7588644524236984,2819,0.09271169453859329,0.00106442766264081,10.67599849193357,0.05110061168670654,0.9488993883132935,0.20715980231761932,0.299091637134552,0.014874371699988842,0.5037185549736023,0.4962814450263977,0.5543425679206848,0.5913881659507751,0.491982102394104,0.5037185549736023,0.4962814450263977,0.5037185549736023,0.4962814450263977,0.5641500317091055,0.4358499682908945,0.892246425151825,0.4162858967863834,0.5837141032136166,0.026865974872543275,0.24629712746858168,0.7537028725314183,0.005161579892280055,0.0942668307095813,0.0942668307095813,0.055000852793455124,0.007970224134624004,0.9057331692904187,0.0942668307095813,0.06936392188072205,0.020182698965072632,435351
b0_cityscapes_val,2026-07-07 05:27:34,cityscapes,val,all,student_skd,/scratch/gautschi/manors/hf_cache/models--nvidia--mit-b0/snapshots/80983a413c30d36a39c20203974ae7807835e2b4,outputs-guardrailpp-v4/student_skd.ckpt,skd,img_000322,/home/manors/Guardrail-Distillation/data/cityscapes/leftImg8bit/val/lindau/lindau_000055_000019_leftImg8bit.png,,0.31810191424276346,0.6818980857572365,0.9070234894752502,0.9507279396057129,0.12038498371839523,0.13253867626190186,0.2815203070640564,0.8856020569801331,0.3757586181163788,-5.360870361328125,5.299300193786621,0.01505423802882433,0.06946635991334915,443596,2.899779996369034,4.890886251814663,16.239721997408196,0.3241976132723341,0.6758023867276659,150859,0.29959740221575715,0.7004025977842429,11491,0.1343291848897934,0.0011445536511018872,10.67599849193357,0.09264646470546722,0.9073535352945328,0.38275429606437683,0.5275828838348389,0.10618210583925247,0.5265206098556519,0.47347939014434814,0.6098562479019165,0.6750366687774658,0.4682031273841858,0.5265206098556519,0.47347939014434814,0.5265206098556519,0.47347939014434814,0.4517886064516879,0.5482113935483122,0.9547132253646851,0.8741099056484898,0.12589009435151022,0.5499122923761557,0.23935185185185184,0.7606481481481482,0.0,0.13368669220892437,0.13368669220892437,0.07247810810804367,0.024788320064544678,0.8663133077910756,0.13368669220892437,0.10125203430652618,0.018818924203515053,378810
b0_cityscapes_val,2026-07-07 05:27:34,cityscapes,val,all,student_skd,/scratch/gautschi/manors/hf_cache/models--nvidia--mit-b0/snapshots/80983a413c30d36a39c20203974ae7807835e2b4,outputs-guardrailpp-v4/student_skd.ckpt,skd,img_000323,/home/manors/Guardrail-Distillation/data/cityscapes/leftImg8bit/val/lindau/lindau_000056_000019_leftImg8bit.png,,0.5270387467025347,0.4729612532974653,0.9412965178489685,0.9590430855751038,0.11340241879224777,0.1080874502658844,0.2627783417701721,0.9097687005996704,0.28165021538734436,-6.17116117477417,6.119378089904785,0.015172688290476799,0.05828705430030823,473021,2.899779996369034,4.890886251814663,16.239721997408196,0.7044701376174355,0.2955298623825645,150859,0.30092357227588545,0.6990764277241146,7868,0.10951242595911026,0.000890853872988373,10.67599849193357,0.05654643103480339,0.9434535689651966,0.2501556873321533,0.356771856546402,0.028869131579995155,0.5072168111801147,0.49278318881988525,0.563482940196991,0.6039474010467529,0.5067375898361206,0.5072168111801147,0.49278318881988525,0.5072168111801147,0.49278318881988525,0.6102318055880341,0.38976819441196586,0.9498605728149414,0.9164616544679659,0.0835383455320341,0.21199151685053041,0.4616166751398068,0.5383833248601932,0.16069310286392136,0.08319305888549944,0.08319305888549944,0.02420400083065033,0.01563989743590355,0.9168069411145006,0.08319305888549944,0.04309745505452156,0.0029322165064513683,418429
b0_cityscapes_val,2026-07-07 05:27:34,cityscapes,val,all,student_skd,/scratch/gautschi/manors/hf_cache/models--nvidia--mit-b0/snapshots/80983a413c30d36a39c20203974ae7807835e2b4,outputs-guardrailpp-v4/student_skd.ckpt,skd,img_000324,/home/manors/Guardrail-Distillation/data/cityscapes/leftImg8bit/val/lindau/lindau_000057_000019_leftImg8bit.png,,0.48054040980043533,0.5194595901995647,0.8892121315002441,0.9522045254707336,0.11428826302289963,0.12724879384040833,0.2596485912799835,0.8900410532951355,0.3337503671646118,-6.104055881500244,6.045149326324463,0.011342865414917469,0.061606939882040024,455176,2.89418752072379,4.889428004389629,16.231258254265413,0.6613881178139326,0.3386118821860674,150859,0.48060764745669476,0.5193923525433053,23346,0.1290116012096405,0.001161170657724142,10.686856490792707,0.07261750847101212,0.9273824915289879,0.28457286953926086,0.38366028666496277,0.040880799293518066,0.5102187991142273,0.4897812008857727,0.5677693486213684,0.6053226590156555,0.5095797777175903,0.5102187991142273,0.4897812008857727,0.5102187991142273,0.4897812008857727,0.596906435685754,0.40309356431424603,0.9343067407608032,0.9739325749504966,0.026067425049503434,0.312544457136564,0.6674056262240331,0.3325943737759669,0.1867979787673384,0.11636602588531864,0.11636602588531864,0.059875741600990295,0.014781096018850803,0.8836339741146814,0.11636602588531864,0.07995149493217468,0.028112202882766724,391489
b0_cityscapes_val,2026-07-07 05:27:34,cityscapes,val,all,student_skd,/scratch/gautschi/manors/hf_cache/models--nvidia--mit-b0/snapshots/80983a413c30d36a39c20203974ae7807835e2b4,outputs-guardrailpp-v4/student_skd.ckpt,skd,img_000325,/home/manors/Guardrail-Distillation/data/cityscapes/leftImg8bit/val/lindau/lindau_000058_000019_leftImg8bit.png,,0.5128430052117116,0.48715699478828844,0.9781023263931274,0.9895076751708984,0.05249173939228058,0.027427369728684425,0.11090430617332458,0.9697397351264954,0.109082892537117,-6.155502796173096,6.143074035644531,0.0004074174794368446,0.012311004102230072,485988,2.89418752072379,4.889428004389629,16.231258254265413,0.9357087346998654,0.06429126530013463,147841,0.9423917361938816,0.05760826380611839,2517,0.027998577803373337,0.0002506077289581299,10.686856490792707,0.02197962999343872,0.9780203700065613,0.05323176085948944,0.1684110462665558,-0.00029810910928063095,0.49992549419403076,0.5000745058059692,0.5140165090560913,0.5496800541877747,0.505067765712738,0.49992549419403076,0.5000745058059692,0.49992549419403076,0.5000745058059692,0.5606347252723839,0.4393652747276161,0.9780550003051758,0.8999559414320619,0.10004405856793808,0.0,0.9483512117600318,0.05164878823996821,0.005959475566150174,0.04779172006067234,0.04779172006067234,0.0043684206902980804,0.004415746778249741,0.9522082799393277,0.04779172006067234,0.00901668332517147,0.0004670897324103862,470419
b0_cityscapes_val,2026-07-07 05:27:34,cityscapes,val,all,student_skd,/scratch/gautschi/manors/hf_cache/models--nvidia--mit-b0/snapshots/80983a413c30d36a39c20203974ae7807835e2b4,outputs-guardrailpp-v4/student_skd.ckpt,skd,img_000326,/home/manors/Guardrail-Distillation/data/cityscapes/leftImg8bit/val/munster/munster_000000_000019_leftImg8bit.png,,0.6231020318641144,0.3768979681358856,0.9409375190734863,0.9635031223297119,0.10180206596851349,0.09335271269083023,0.22589054703712463,0.9188445806503296,0.247097909450531,-6.581066131591797,6.536292552947998,0.007202128879725933,0.04938720539212227,483607,2.89418752072379,4.889428004389629,16.231258254265413,0.9084285131617921,0.09157148683820793,150859,0.4580578719519493,0.5419421280480508,35630,0.09527670592069626,0.0013773255050182343,10.686856490792707,0.04694714397192001,0.95305285602808,0.2041654735803604,0.304440438747406,0.008352404460310936,0.5020881295204163,0.49791187047958374,0.5455065965652466,0.5757653117179871,0.5228618383407593,0.5020881295204163,0.49791187047958374,0.5020881295204163,0.49791187047958374,0.6646762614676045,0.3353237385323955,0.9648164510726929,0.9084620927780159,0.09153790722198407,3.3579616223855524e-05,0.5348889379954258,0.4651110620045742,0.07683106604347656,0.04157422960349011,0.04157422960349011,0.03277868032455444,0.008899788372218609,0.9584257703965099,0.04157422960349011,0.04419910907745361,0.0043072160333395,430340
b0_cityscapes_val,2026-07-07 05:27:34,cityscapes,val,all,student_skd,/scratch/gautschi/manors/hf_cache/models--nvidia--mit-b0/snapshots/80983a413c30d36a39c20203974ae7807835e2b4,outputs-guardrailpp-v4/student_skd.ckpt,skd,img_000327,/home/manors/Guardrail-Distillation/data/cityscapes/leftImg8bit/val/munster/munster_000001_000019_leftImg8bit.png,,0.6322082855464788,0.3677917144535212,0.982711911201477,0.9860745668411255,0.06326140463352203,0.03835682570934296,0.14538142085075378,0.9613339304924011,0.13367944955825806,-6.915391445159912,6.898497104644775,0.00273184129036963,0.017314516007900238,492708,2.89418752072379,4.889428004389629,16.231258254265413,0.9445157963273034,0.055484203672696575,150859,0.9043932643263861,0.09560673567361389,55404,0.03924231976270676,0.0005076897796243429,10.686856490792707,0.020067274570465088,0.9799327254295349,0.0422331877052784,0.14713537693023682,-0.01850387267768383,0.4953741133213043,0.5046258866786957,0.5034705400466919,0.5297117233276367,0.5202810168266296,0.4953741133213043,0.5046258866786957,0.4953741133213043,0.5046258866786957,0.6634532473624049,0.33654675263759515,0.9859145879745483,0.9483710661187787,0.05162893388122125,0.0038552697914753242,0.9529871144657923,0.04701288553420768,0.0485938501394062,0.031244961815926064,0.031244961815926064,0.007290322333574295,0.004087613895535469,0.9687550381840739,0.031244961815926064,0.01203958597034216,0.000673827133141458,472786
b0_cityscapes_val,2026-07-07 05:27:34,cityscapes,val,all,student_skd,/scratch/gautschi/manors/hf_cache/models--nvidia--mit-b0/snapshots/80983a413c30d36a39c20203974ae7807835e2b4,outputs-guardrailpp-v4/student_skd.ckpt,skd,img_000328,/home/manors/Guardrail-Distillation/data/cityscapes/leftImg8bit/val/munster/munster_000002_000019_leftImg8bit.png,,0.507902444046348,0.492097555953652,0.9577013254165649,0.9716681241989136,0.08951202034950256,0.07688438892364502,0.20744629204273224,0.9293982982635498,0.22894267737865448,-6.50217866897583,6.467597961425781,0.005972149781882763,0.03611438348889351,476043,2.899800252635032,4.897764738416299,16.25465849065222,0.9518674136298831,0.04813258637011686,147259,0.20684656556645853,0.7931534344335415,7142,0.07844021916389465,0.0008074157522059977,10.677010752260685,0.03909441456198692,0.9609055854380131,0.14869290590286255,0.27213218808174133,0.006396970711648464,0.5015992522239685,0.4984007477760315,0.5345078706741333,0.5666416883468628,0.5143351554870605,0.5015992522239685,0.4984007477760315,0.5015992522239685,0.4984007477760315,0.6567773915659583,0.34322260843404173,0.9677718281745911,0.9774461696385686,0.022553830361431437,0.02557875600868542,0.5193624029749022,0.4806375970250978,0.3125158374084437,0.14887494751961028,0.14887494751961028,0.020439330488443375,0.010368810966610909,0.8511250524803897,0.14887494751961028,0.033299513161182404,0.004949132911860943,435630
b0_cityscapes_val,2026-07-07 05:27:34,cityscapes,val,all,student_skd,/scratch/gautschi/manors/hf_cache/models--nvidia--mit-b0/snapshots/80983a413c30d36a39c20203974ae7807835e2b4,outputs-guardrailpp-v4/student_skd.ckpt,skd,img_000329,/home/manors/Guardrail-Distillation/data/cityscapes/leftImg8bit/val/munster/munster_000003_000019_leftImg8bit.png,,0.659298984284747,0.340701015715253,0.9576759934425354,0.972560465335846,0.09184767305850983,0.07459329813718796,0.21815729141235352,0.9350273609161377,0.20966556668281555,-6.340174198150635,6.306075096130371,0.007976026274263859,0.037623997777700424,490219,2.899800252635032,4.897764738416299,16.25465849065222,1.0,0.0,150859,0.6560518056164205,0.3439481943835795,15380,0.0762854814529419,0.000990348868072033,10.677010752260685,0.039161719381809235,0.9608382806181908,0.14121390879154205,0.30862510204315186,-0.002832458121702075,0.49929189682006836,0.5007081031799316,0.5243744850158691,0.5660760402679443,0.5233315825462341,0.49929189682006836,0.5007081031799316,0.49929189682006836,0.5007081031799316,0.6239057780871115,0.37609422191288855,0.9697951078414917,1.0,0.0,0.0,0.7314143909428205,0.26858560905717954,0.07536258532639994,0.0,0.0,0.019077187404036522,0.0069581144489347935,1.0,0.0,0.0293746255338192,0.002494803164154291,451129
b0_cityscapes_val,2026-07-07 05:27:34,cityscapes,val,all,student_skd,/scratch/gautschi/manors/hf_cache/models--nvidia--mit-b0/snapshots/80983a413c30d36a39c20203974ae7807835e2b4,outputs-guardrailpp-v4/student_skd.ckpt,skd,img_000330,/home/manors/Guardrail-Distillation/data/cityscapes/leftImg8bit/val/munster/munster_000004_000019_leftImg8bit.png,,0.5712878540680363,0.4287121459319637,0.9286338686943054,0.961455762386322,0.1086517721414566,0.10392347723245621,0.2581377625465393,0.9123781323432922,0.27545443177223206,-5.917807102203369,5.869450569152832,0.012603416107594967,0.0530199259519577,488439,2.899800252635032,4.897764738416299,16.25465849065222,0.7485665177532302,0.25143348224676976,150859,0.5808008723731366,0.4191991276268634,5684,0.10571279376745224,0.0013852593256160617,10.677010752260685,0.05531027168035507,0.9446897283196449,0.22825202345848083,0.3511364758014679,0.022644471377134323,0.505660891532898,0.49433910846710205,0.5548753142356873,0.5987427830696106,0.5690983533859253,0.505660891532898,0.49433910846710205,0.505660891532898,0.49433910846710205,0.640203344101003,0.359796655898997,0.9698303937911987,0.9415527671980377,0.05844723280196229,0.19298624944480747,0.6162772143744618,0.3837227856255382,0.03547634200132521,0.06891549003296671,0.06891549003296671,0.05029287189245224,0.009096325375139713,0.9310845099670333,0.06891549003296671,0.06192789599299431,0.016169879585504532,434398
b0_cityscapes_val,2026-07-07 05:27:34,cityscapes,val,all,student_skd,/scratch/gautschi/manors/hf_cache/models--nvidia--mit-b0/snapshots/80983a413c30d36a39c20203974ae7807835e2b4,outputs-guardrailpp-v4/student_skd.ckpt,skd,img_000331,/home/manors/Guardrail-Distillation/data/cityscapes/leftImg8bit/val/munster/munster_000005_000019_leftImg8bit.png,,0.5077296632883588,0.4922703367116412,0.932284951210022,0.961945652961731,0.1030225083231926,0.10036206990480423,0.22953958809375763,0.9106477499008179,0.2740010917186737,-6.04512882232666,5.998411655426025,0.008500378578901291,0.049064382910728455,486096,2.899800252635032,4.897764738416299,16.25465849065222,0.7317634669897903,0.26823653301020967,150859,0.27100938864278024,0.7289906113572198,5209,0.10188626497983932,0.001058691879734397,10.677010752260685,0.05650815740227699,0.943491842597723,0.22455459833145142,0.33219850063323975,0.02067921869456768,0.5051696300506592,0.4948303699493408,0.5506925582885742,0.5848256945610046,0.565070629119873,0.5051696300506592,0.4948303699493408,0.5051696300506592,0.4948303699493408,0.58891849105265,0.41108150894734996,0.9381541609764099,0.6359378916705016,0.36406210832949837,0.0,0.44271348244126774,0.5572865175587323,0.1717040937984875,0.08118882776429126,0.08118882776429126,0.019901419058442116,0.014032207429409027,0.9188111722357087,0.08118882776429126,0.03793283551931381,0.001664280309341848,431891
b0_cityscapes_val,2026-07-07 05:27:35,cityscapes,val,all,student_skd,/scratch/gautschi/manors/hf_cache/models--nvidia--mit-b0/snapshots/80983a413c30d36a39c20203974ae7807835e2b4,outputs-guardrailpp-v4/student_skd.ckpt,skd,img_000332,/home/manors/Guardrail-Distillation/data/cityscapes/leftImg8bit/val/munster/munster_000006_000019_leftImg8bit.png,,0.5473235264534683,0.45267647354653173,0.9416743516921997,0.9640428423881531,0.10420127958059311,0.0964578315615654,0.2438841164112091,0.9180405139923096,0.25610655546188354,-6.039154052734375,5.994303226470947,0.011100059375166893,0.04866725578904152,447385,2.8938030009157956,4.894586483715102,16.253626730758697,0.8878310369548701,0.11216896304512991,139691,0.4826580523623754,0.5173419476376246,11598,0.09803135693073273,0.0008998572011478245,10.674725490389392,0.04755207151174545,0.9524479284882545,0.1918262541294098,0.3369864523410797,0.014900952577590942,0.5037251710891724,0.49627482891082764,0.5380312204360962,0.5881363153457642,0.5766885280609131,0.5037251710891724,0.49627482891082764,0.5037251710891724,0.49627482891082764,0.7936520599744702,0.2063479400255298,0.9631882905960083,0.7995429916185242,0.20045700838147584,0.0,0.9565170046109384,0.04348299538906164,0.473858952248563,0.24632853352100192,0.24632853352100192,0.03256926313042641,0.011055354960262775,0.7536714664789981,0.24632853352100192,0.04935123026371002,0.009148719720542431,400874
b0_cityscapes_val,2026-07-07 05:27:35,cityscapes,val,all,student_skd,/scratch/gautschi/manors/hf_cache/models--nvidia--mit-b0/snapshots/80983a413c30d36a39c20203974ae7807835e2b4,outputs-guardrailpp-v4/student_skd.ckpt,skd,img_000333,/home/manors/Guardrail-Distillation/data/cityscapes/leftImg8bit/val/munster/munster_000007_000019_leftImg8bit.png,,0.6276669148739568,0.37233308512604324,0.9392294883728027,0.957599937915802,0.11369939893484116,0.11114171147346497,0.26179447770118713,0.9078205227851868,0.28226912021636963,-6.0633015632629395,6.010156154632568,0.013464786112308502,0.060889795422554016,486157,2.8938030009157956,4.894586483715102,16.253626730758697,0.9766403730869657,0.02335962691303428,150859,0.5757936987198522,0.4242063012801478,29855,0.11303653568029404,0.0011819923529401422,10.674725490389392,0.05782823637127876,0.9421717636287212,0.2605699896812439,0.3722129166126251,0.027109527960419655,0.5067769289016724,0.49322307109832764,0.5607671737670898,0.5997570753097534,0.5624712109565735,0.5067769289016724,0.49322307109832764,0.5067769289016724,0.49322307109832764,0.6649792775236254,0.3350207224763746,0.9519352912902832,0.9823485583531409,0.017651441646859056,0.005708185266175225,0.635243981832254,0.36475601816774605,0.05945028311240175,0.03731236264966864,0.03731236264966864,0.02655109390616417,0.013845321722328663,0.9626876373503314,0.03731236264966864,0.049640342593193054,0.0030751382000744343,426896
b0_cityscapes_val,2026-07-07 05:27:35,cityscapes,val,all,student_skd,/scratch/gautschi/manors/hf_cache/models--nvidia--mit-b0/snapshots/80983a413c30d36a39c20203974ae7807835e2b4,outputs-guardrailpp-v4/student_skd.ckpt,skd,img_000334,/home/manors/Guardrail-Distillation/data/cityscapes/leftImg8bit/val/munster/munster_000008_000019_leftImg8bit.png,,0.6115210621007247,0.38847893789927535,0.9725489616394043,0.97853022813797,0.07589446008205414,0.055094361305236816,0.16086126863956451,0.9467557668685913,0.16825507581233978,-6.6582841873168945,6.632556438446045,0.0016681174747645855,0.026874102652072906,493970,2.8938030009157956,4.894586483715102,16.253626730758697,0.9746762158179051,0.02532378418209491,150859,0.49548426418439717,0.5045157358156028,108288,0.05602743849158287,0.0005227019428275526,10.674725490389392,0.023548763245344162,0.9764512367546558,0.0707438737154007,0.1733805537223816,-0.01939903385937214,0.4951503872871399,0.5048496127128601,0.5099078416824341,0.529671847820282,0.5490202307701111,0.4951503872871399,0.5048496127128601,0.4951503872871399,0.5048496127128601,0.7454112855862323,0.25458871441376774,0.9822438955307007,0.9709794167915042,0.029020583208495765,0.0,0.989204713356974,0.01079528664302598,0.49372044917257685,0.1338902234855076,0.1338902234855076,0.014355123043060303,0.004660202190279961,0.8661097765144924,0.1338902234855076,0.020041704177856445,0.0013745774049311876,461769
b0_cityscapes_val,2026-07-07 05:27:35,cityscapes,val,all,student_skd,/scratch/gautschi/manors/hf_cache/models--nvidia--mit-b0/snapshots/80983a413c30d36a39c20203974ae7807835e2b4,outputs-guardrailpp-v4/student_skd.ckpt,skd,img_000335,/home/manors/Guardrail-Distillation/data/cityscapes/leftImg8bit/val/munster/munster_000009_000019_leftImg8bit.png,,0.5899558266638625,0.4100441733361375,0.9575994610786438,0.9650741219520569,0.10104909539222717,0.09129802882671356,0.23061519861221313,0.923162579536438,0.23054981231689453,-6.560572147369385,6.517426490783691,0.00866742618381977,0.046874769032001495,469805,2.8938030009157956,4.894586483715102,16.253626730758697,0.9342541517436724,0.06574584825632757,150859,0.5321991611266025,0.4678008388733975,119696,0.09273470193147659,0.0009595889132469893,10.674725490389392,0.04064908251166344,0.9593509174883366,0.16180801391601562,0.2856171131134033,0.0067298151552677155,0.501682460308075,0.49831753969192505,0.5291930437088013,0.5682494640350342,0.5387081503868103,0.501682460308075,0.49831753969192505,0.501682460308075,0.49831753969192505,0.6815386008033268,0.31846139919667316,0.9706622958183289,0.9357778868290438,0.06422211317095616,0.0015237350853714027,0.8874739332499726,0.11252606675002741,0.3552747721233701,0.09158277413946436,0.09158277413946436,0.020783090963959694,0.007720224559307098,0.9084172258605356,0.09158277413946436,0.03116399422287941,0.002107257256284356,421301
b0_cityscapes_val,2026-07-07 05:27:35,cityscapes,val,all,student_skd,/scratch/gautschi/manors/hf_cache/models--nvidia--mit-b0/snapshots/80983a413c30d36a39c20203974ae7807835e2b4,outputs-guardrailpp-v4/student_skd.ckpt,skd,img_000336,/home/manors/Guardrail-Distillation/data/cityscapes/leftImg8bit/val/munster/munster_000010_000019_leftImg8bit.png,,0.6246130438311189,0.37538695616888107,0.9268627166748047,0.9506192803382874,0.11794368177652359,0.12636055052280426,0.26118460297584534,0.893141508102417,0.3206287920475006,-5.973766803741455,5.912691593170166,0.011317836120724678,0.06905356794595718,487549,2.9089702293276787,4.903073509922251,16.25303999753669,0.6409281784163904,0.3590718215836096,150540,0.5552019209869995,0.4447980790130005,49557,0.12838171422481537,0.0014504597056657076,10.681212006602436,0.0670107826590538,0.9329892173409462,0.2743203043937683,0.363107293844223,0.03429260104894638,0.5085722804069519,0.4914277195930481,0.564674437046051,0.5946645140647888,0.5622714757919312,0.5085722804069519,0.4914277195930481,0.5085722804069519,0.4914277195930481,0.6751879049551897,0.32481209504481035,0.948725163936615,0.6554530293227118,0.34454697067728823,0.014524850906321385,0.6233911615633337,0.37660883843666626,0.06818924057633424,0.050574861124070725,0.050574861124070725,0.03937860578298569,0.017516188323497772,0.9494251388759293,0.050574861124070725,0.061645083129405975,0.006227066274732351,416259
b0_cityscapes_val,2026-07-07 05:27:35,cityscapes,val,all,student_skd,/scratch/gautschi/manors/hf_cache/models--nvidia--mit-b0/snapshots/80983a413c30d36a39c20203974ae7807835e2b4,outputs-guardrailpp-v4/student_skd.ckpt,skd,img_000337,/home/manors/Guardrail-Distillation/data/cityscapes/leftImg8bit/val/munster/munster_000011_000019_leftImg8bit.png,,0.5400994793239778,0.45990052067602216,0.9536275267601013,0.9662753343582153,0.09941422939300537,0.09018046408891678,0.23398782312870026,0.9236233830451965,0.23674549162387848,-6.519057750701904,6.477360248565674,0.008915262296795845,0.04430565610527992,487703,2.9089702293276787,4.903073509922251,16.25303999753669,0.8338831496337183,0.16611685036628165,150859,0.4603902725007966,0.5396097274992033,75119,0.09176509827375412,0.0009015326504595578,10.681212006602436,0.04417023807764053,0.9558297619223595,0.1789013296365738,0.3132639229297638,0.008487851358950138,0.5021219253540039,0.4978780746459961,0.533889651298523,0.5754217505455017,0.5110973715782166,0.5021219253540039,0.4978780746459961,0.5021219253540039,0.4978780746459961,0.5691120352634904,0.4308879647365096,0.963625431060791,0.8717658069258869,0.1282341930741131,0.03788265729216855,0.4958215179002462,0.5041784820997538,0.03543124539944953,0.029012555939512574,0.029012555939512574,0.017930995672941208,0.007933107204735279,0.9709874440604874,0.029012555939512574,0.028361523523926735,0.0012446099426597357,438526
b0_cityscapes_val,2026-07-07 05:27:35,cityscapes,val,all,student_skd,/scratch/gautschi/manors/hf_cache/models--nvidia--mit-b0/snapshots/80983a413c30d36a39c20203974ae7807835e2b4,outputs-guardrailpp-v4/student_skd.ckpt,skd,img_000338,/home/manors/Guardrail-Distillation/data/cityscapes/leftImg8bit/val/munster/munster_000012_000019_leftImg8bit.png,,0.6472741913661227,0.35272580863387726,0.9493334889411926,0.9663316607475281,0.09641727805137634,0.08922737836837769,0.21901780366897583,0.9196498394012451,0.25312259793281555,-6.279527187347412,6.238524913787842,0.006268686149269342,0.043557193130254745,491331,2.9089702293276787,4.903073509922251,16.25303999753669,0.8791684361661057,0.12083156383389426,150859,0.8031774061745779,0.1968225938254221,100610,0.09096528589725494,0.0010416549630463123,10.681212006602436,0.04920511692762375,0.9507948830723763,0.19510792195796967,0.3122633695602417,0.016342321410775185,0.5040854811668396,0.4959145188331604,0.5432145595550537,0.5784257054328918,0.5275446176528931,0.5040854811668396,0.4959145188331604,0.5040854811668396,0.4959145188331604,0.7886596214415089,0.21134037855849108,0.9720941185951233,0.9659554967061674,0.03404450329383257,0.08678706054006169,0.8826137172676999,0.11738628273230012,0.07943631109312199,0.14138543007538618,0.14138543007538618,0.03062497451901436,0.007864351384341717,0.8586145699246138,0.14138543007538618,0.04011552035808563,0.00615878077223897,441058
b0_cityscapes_val,2026-07-07 05:27:35,cityscapes,val,all,student_skd,/scratch/gautschi/manors/hf_cache/models--nvidia--mit-b0/snapshots/80983a413c30d36a39c20203974ae7807835e2b4,outputs-guardrailpp-v4/student_skd.ckpt,skd,img_000339,/home/manors/Guardrail-Distillation/data/cityscapes/leftImg8bit/val/munster/munster_000013_000019_leftImg8bit.png,,0.6391853319571014,0.36081466804289863,0.9323309063911438,0.9643368124961853,0.09907083958387375,0.09340866655111313,0.22054162621498108,0.9164498448371887,0.25787845253944397,-6.3193159103393555,6.275822162628174,0.007387714926153421,0.0453956201672554,471323,2.9089702293276787,4.903073509922251,16.25303999753669,0.5788528303716942,0.4211471696283058,138347,0.6560479440482417,0.34395205595175826,35767,0.09509315341711044,0.0011780074564740062,10.681212006602436,0.04803796112537384,0.9519620388746262,0.19642943143844604,0.2919453978538513,0.00648057134822011,0.5016201138496399,0.4983798861503601,0.541670560836792,0.5713943839073181,0.5938757061958313,0.5016201138496399,0.4983798861503601,0.5016201138496399,0.4983798861503601,0.7321837299304739,0.26781627006952613,0.95936119556427,0.8456043721468439,0.15439562785315608,0.2667515417751497,0.8099245350481195,0.19007546495188055,0.15387659099987772,0.0929983979733725,0.0929983979733725,0.037116795778274536,0.010086501017212868,0.9070016020266275,0.0929983979733725,0.049853283911943436,0.007020663004368544,420238
b0_cityscapes_val,2026-07-07 05:27:35,cityscapes,val,all,student_skd,/scratch/gautschi/manors/hf_cache/models--nvidia--mit-b0/snapshots/80983a413c30d36a39c20203974ae7807835e2b4,outputs-guardrailpp-v4/student_skd.ckpt,skd,img_000340,/home/manors/Guardrail-Distillation/data/cityscapes/leftImg8bit/val/munster/munster_000014_000019_leftImg8bit.png,,0.5514224484907119,0.44857755150928813,0.9605851173400879,0.9771556854248047,0.07968997210264206,0.06018159165978432,0.176604762673378,0.9426597356796265,0.18583326041698456,-6.121438503265381,6.093813419342041,0.003275503870099783,0.028927113860845566,486948,2.896982477977872,4.875982238445431,16.23670375556685,0.84665446649281,0.15334553350719005,150859,0.3962718438657877,0.6037281561342123,53975,0.06131722778081894,0.0007095885230228305,10.684947250410914,0.031094016507267952,0.968905983492732,0.11044789850711823,0.2258884757757187,-0.015827830880880356,0.4960431158542633,0.5039568841457367,0.5181668400764465,0.5478269457817078,0.5831648111343384,0.4960431158542633,0.5039568841457367,0.4960431158542633,0.5039568841457367,0.7172481733338322,0.2827518266661678,0.9747406840324402,0.8473419519234799,0.15265804807652006,0.0006874854306699874,0.91130104500711,0.08869895499289004,0.5150292011413222,0.1658257248431203,0.1658257248431203,0.022747809067368507,0.008592293597757816,0.8341742751568797,0.1658257248431203,0.03280843049287796,0.005440006032586098,453125
b0_cityscapes_val,2026-07-07 05:27:35,cityscapes,val,all,student_skd,/scratch/gautschi/manors/hf_cache/models--nvidia--mit-b0/snapshots/80983a413c30d36a39c20203974ae7807835e2b4,outputs-guardrailpp-v4/student_skd.ckpt,skd,img_000341,/home/manors/Guardrail-Distillation/data/cityscapes/leftImg8bit/val/munster/munster_000015_000019_leftImg8bit.png,,0.641215316001705,0.358784683998295,0.9515935182571411,0.9719862341880798,0.08754843473434448,0.07376232743263245,0.19237108528614044,0.9295135736465454,0.22894126176834106,-6.238059043884277,6.20413875579834,0.004333652090281248,0.035125285387039185,488964,2.896982477977872,4.875982238445431,16.23670375556685,0.6442486204453204,0.3557513795546796,150859,0.7251520422242484,0.27484795777575155,50798,0.0752149373292923,0.0008660479797981679,10.684947250410914,0.038261011242866516,0.9617389887571335,0.14750733971595764,0.2630783021450043,0.001676910207606852,0.5004191994667053,0.4995808005332947,0.5291064977645874,0.5588837265968323,0.5693547129631042,0.5004191994667053,0.4995808005332947,0.5004191994667053,0.4995808005332947,0.727789546366909,0.27221045363309104,0.9679178595542908,0.6790005841673878,0.32099941583261216,0.03475196372206746,0.8687848283520787,0.1312151716479213,0.14363278612783026,0.08657423036520395,0.08657423036520395,0.02344139851629734,0.0071170879527926445,0.913425769634796,0.08657423036520395,0.03197576850652695,0.005298958625644445,447533
b0_cityscapes_val,2026-07-07 05:27:35,cityscapes,val,all,student_skd,/scratch/gautschi/manors/hf_cache/models--nvidia--mit-b0/snapshots/80983a413c30d36a39c20203974ae7807835e2b4,outputs-guardrailpp-v4/student_skd.ckpt,skd,img_000342,/home/manors/Guardrail-Distillation/data/cityscapes/leftImg8bit/val/munster/munster_000016_000019_leftImg8bit.png,,0.5388709526258333,0.4611290473741667,0.9760273694992065,0.9839643836021423,0.06592005491256714,0.042405616492033005,0.14423999190330505,0.9574652314186096,0.14250366389751434,-6.493227005004883,6.4740424156188965,0.001601091935299337,0.019678995013237,457188,2.896982477977872,4.875982238445431,16.23670375556685,0.40111972374755867,0.5988802762524413,126118,0.6249594159024862,0.37504058409751384,115241,0.04312421754002571,0.0003579936164896935,10.684947250410914,0.020825233310461044,0.979174766689539,0.04211118444800377,0.1539693921804428,-0.01770363189280033,0.4955741763114929,0.5044258236885071,0.504129946231842,0.5265592336654663,0.5809171795845032,0.4955741763114929,0.5044258236885071,0.4955741763114929,0.5044258236885071,0.690897400442183,0.30910259955781705,0.9832497835159302,0.7441194605317595,0.2558805394682405,0.3429997367842008,0.6458601692700728,0.35413983072992716,0.020900753367586677,0.15202644781634966,0.15202644781634966,0.013139015063643456,0.005916603375226259,0.8479735521836503,0.15202644781634966,0.019716178998351097,0.002036361489444971,435026
b0_cityscapes_val,2026-07-07 05:27:35,cityscapes,val,all,student_skd,/scratch/gautschi/manors/hf_cache/models--nvidia--mit-b0/snapshots/80983a413c30d36a39c20203974ae7807835e2b4,outputs-guardrailpp-v4/student_skd.ckpt,skd,img_000343,/home/manors/Guardrail-Distillation/data/cityscapes/leftImg8bit/val/munster/munster_000017_000019_leftImg8bit.png,,0.46940033865232955,0.5305996613476704,0.9608709812164307,0.9762727618217468,0.08128105849027634,0.05932442843914032,0.17301318049430847,0.9454566240310669,0.16852769255638123,-6.57150936126709,6.542812824249268,0.002752810949459672,0.03051767684519291,464616,2.896982477977872,4.875982238445431,16.23670375556685,1.0,0.0,124953,0.2950879683628995,0.7049120316371005,144972,0.0601329430937767,0.0005253485287539661,10.684947250410914,0.02595340646803379,0.9740465935319662,0.07969069480895996,0.20427115261554718,-0.011014326475560665,0.4972464442253113,0.5027535557746887,0.5112200975418091,0.5382118821144104,0.5528532266616821,0.4972464442253113,0.5027535557746887,0.4972464442253113,0.5027535557746887,0.5710264391281097,0.4289735608718903,0.9610969424247742,1.0,0.0,0.0,0.7051243005280055,0.29487569947199455,0.41003633216510593,0.10162610047578013,0.10162610047578013,0.011108098551630974,0.010882105678319931,0.8983738995242199,0.10162610047578013,0.023542022332549095,0.0009276478085666895,430686
b0_cityscapes_val,2026-07-07 05:27:35,cityscapes,val,all,student_skd,/scratch/gautschi/manors/hf_cache/models--nvidia--mit-b0/snapshots/80983a413c30d36a39c20203974ae7807835e2b4,outputs-guardrailpp-v4/student_skd.ckpt,skd,img_000344,/home/manors/Guardrail-Distillation/data/cityscapes/leftImg8bit/val/munster/munster_000018_000019_leftImg8bit.png,,0.5600912627984929,0.43990873720150714,0.9465861916542053,0.9670678973197937,0.09579511731863022,0.08626200258731842,0.21508078277111053,0.9235188961029053,0.23573817312717438,-6.201507568359375,6.16133975982666,0.006116599775850773,0.04271901026368141,483602,2.893955010222271,4.898806248093024,16.236012743320316,0.9900960677087816,0.009903932291218442,150859,0.5528367944149943,0.44716320558500566,26777,0.08773166686296463,0.0009504400077275932,10.67725324537605,0.04285499453544617,0.9571450054645538,0.1794581413269043,0.29362016916275024,0.005883413832634687,0.5014708638191223,0.4985291361808777,0.5347170829772949,0.5680501461029053,0.5790588855743408,0.5014708638191223,0.4985291361808777,0.5014708638191223,0.4985291361808777,0.7559731755415355,0.24402682445846446,0.9493178129196167,0.9883048575276201,0.011695142472379905,0.0,0.7577771419314991,0.24222285806850086,0.2049403475165048,0.19588191274304267,0.19588191274304267,0.017429621890187263,0.014698036015033722,0.8041180872569573,0.19588191274304267,0.03421821817755699,0.0018093390390276909,435100
b0_cityscapes_val,2026-07-07 05:27:35,cityscapes,val,all,student_skd,/scratch/gautschi/manors/hf_cache/models--nvidia--mit-b0/snapshots/80983a413c30d36a39c20203974ae7807835e2b4,outputs-guardrailpp-v4/student_skd.ckpt,skd,img_000345,/home/manors/Guardrail-Distillation/data/cityscapes/leftImg8bit/val/munster/munster_000019_000019_leftImg8bit.png,,0.5474975419722453,0.4525024580277547,0.9621940851211548,0.9763727784156799,0.08152558654546738,0.06380126625299454,0.18482814729213715,0.9395451545715332,0.19867441058158875,-6.5066399574279785,6.477950096130371,0.004519645124673843,0.0301074031740427,438530,2.893955010222271,4.898806248093024,16.236012743320316,0.6464533972873208,0.35354660271267924,124278,0.329342829721675,0.670657170278325,85856,0.06492401659488678,0.0006493720575235784,10.67725324537605,0.03875317424535751,0.9612468257546425,0.14451995491981506,0.2954140901565552,0.004015367012470961,0.5010038614273071,0.49899613857269287,0.5285316705703735,0.5722938179969788,0.5279419422149658,0.5010038614273071,0.49899613857269287,0.5010038614273071,0.49899613857269287,0.5605705914057266,0.4394294085942734,0.9791028499603271,0.7347888320743823,0.2652111679256177,0.08833543478706152,0.24753990369480816,0.7524600963051918,0.0,0.01307304943348131,0.01307304943348131,0.021419286727905273,0.004510523751378059,0.9869269505665187,0.01307304943348131,0.0275442935526371,0.006152372341603041,408032
b0_cityscapes_val,2026-07-07 05:27:35,cityscapes,val,all,student_skd,/scratch/gautschi/manors/hf_cache/models--nvidia--mit-b0/snapshots/80983a413c30d36a39c20203974ae7807835e2b4,outputs-guardrailpp-v4/student_skd.ckpt,skd,img_000346,/home/manors/Guardrail-Distillation/data/cityscapes/leftImg8bit/val/munster/munster_000020_000019_leftImg8bit.png,,0.6493717688919367,0.3506282311080633,0.9541348218917847,0.962446391582489,0.10232310742139816,0.09945626556873322,0.2329522669315338,0.9144942760467529,0.25997576117515564,-6.271080493927002,6.225055694580078,0.008378881961107254,0.048453427851200104,480255,2.893955010222271,4.898806248093024,16.236012743320316,0.8276178916637935,0.17238210833620649,150859,0.5846844690323516,0.4153155309676484,21907,0.10112998634576797,0.0009649694547988474,10.67725324537605,0.04609917476773262,0.9539008252322674,0.187745600938797,0.3041492700576782,0.008233295753598213,0.5020583271980286,0.49794167280197144,0.5394788980484009,0.5678261518478394,0.5448579788208008,0.5020583271980286,0.49794167280197144,0.5020583271980286,0.49794167280197144,0.7912817380450139,0.2087182619549861,0.96775883436203,0.8373379137438732,0.16266208625612677,0.009720022080079715,0.8214650598380855,0.1785349401619145,0.23678059080573388,0.1419099691530772,0.1419099691530772,0.022286077961325645,0.008662065491080284,0.8580900308469228,0.1419099691530772,0.03346555680036545,0.002013513585552573,426394
b0_cityscapes_val,2026-07-07 05:27:35,cityscapes,val,all,student_skd,/scratch/gautschi/manors/hf_cache/models--nvidia--mit-b0/snapshots/80983a413c30d36a39c20203974ae7807835e2b4,outputs-guardrailpp-v4/student_skd.ckpt,skd,img_000347,/home/manors/Guardrail-Distillation/data/cityscapes/leftImg8bit/val/munster/munster_000021_000019_leftImg8bit.png,,0.4383337433083031,0.5616662566916969,0.9541788697242737,0.966607391834259,0.09475301951169968,0.08821384608745575,0.21152012050151825,0.9214295148849487,0.23788465559482574,-6.556370735168457,6.515881061553955,0.005502830725163221,0.04191619157791138,483751,2.893955010222271,4.898806248093024,16.236012743320316,0.5366033641470408,0.4633966358529592,150859,0.3117105128890711,0.6882894871109289,38732,0.08977854996919632,0.0008979951962828636,10.67725324537605,0.04823261499404907,0.9517673850059509,0.20134218037128448,0.32325851917266846,0.015213122591376305,0.5038031935691833,0.49619680643081665,0.5458831191062927,0.5819697380065918,0.5217232704162598,0.5038031935691833,0.49619680643081665,0.5038031935691833,0.49619680643081665,0.4489765861192624,0.5510234138807376,0.9509230852127075,0.5213853399880696,0.4786146600119304,0.0,0.3224758973385728,0.6775241026614272,0.010765384449501703,0.010642842810959285,0.010642842810959285,0.01552658248692751,0.018782390281558037,0.9893571571890407,0.010642842810959285,0.03798648342490196,0.0024041293654590845,434500
b0_cityscapes_val,2026-07-07 05:27:35,cityscapes,val,all,student_skd,/scratch/gautschi/manors/hf_cache/models--nvidia--mit-b0/snapshots/80983a413c30d36a39c20203974ae7807835e2b4,outputs-guardrailpp-v4/student_skd.ckpt,skd,img_000348,/home/manors/Guardrail-Distillation/data/cityscapes/leftImg8bit/val/munster/munster_000022_000019_leftImg8bit.png,,0.5483611912416124,0.4516388087583876,0.9487717747688293,0.9644726514816284,0.099509596824646,0.09456735104322433,0.22998932003974915,0.9192416071891785,0.24376915395259857,-6.410590171813965,6.367101192474365,0.007519928738474846,0.04527818784117699,491760,2.8950627602171153,4.898603743640706,16.235721996054053,0.6570633068670828,0.3429366931329172,150859,0.566090334197795,0.433909665802205,19676,0.0960218757390976,0.0009725146228447556,10.67568751750514,0.04554641991853714,0.9544535800814629,0.19185426831245422,0.29603835940361023,0.012658164836466312,0.5031644701957703,0.49683552980422974,0.5387663841247559,0.5676780343055725,0.533473551273346,0.5031644701957703,0.49683552980422974,0.5031644701957703,0.49683552980422974,0.5568485833996714,0.44315141660032864,0.9539369344711304,0.6984842774092941,0.3015157225907059,0.04142097054221128,0.49931682173375913,0.5006831782662409,0.0,0.008487392158058937,0.008487392158058937,0.014228486455976963,0.009063364937901497,0.9915126078419411,0.008487392158058937,0.0306104626506567,0.0008052709163166583,439527
b0_cityscapes_val,2026-07-07 05:27:35,cityscapes,val,all,student_skd,/scratch/gautschi/manors/hf_cache/models--nvidia--mit-b0/snapshots/80983a413c30d36a39c20203974ae7807835e2b4,outputs-guardrailpp-v4/student_skd.ckpt,skd,img_000349,/home/manors/Guardrail-Distillation/data/cityscapes/leftImg8bit/val/munster/munster_000023_000019_leftImg8bit.png,,0.717101807417288,0.282898192582712,0.9615002870559692,0.970359742641449,0.09098682552576065,0.08148310333490372,0.2103942632675171,0.9224928617477417,0.2570861876010895,-5.964571475982666,5.928391456604004,0.006767860148102045,0.03685002774000168,478290,2.8950627602171153,4.898603743640706,16.235721996054053,0.9880709290101757,0.01192907098982432,150632,0.5907988136180122,0.40920118638198777,16379,0.08305580914020538,0.0009474357357248664,10.67568751750514,0.049757059663534164,0.9502429403364658,0.2050957828760147,0.3088832199573517,0.013177349232137203,0.5032942891120911,0.49670571088790894,0.5430958271026611,0.5745140314102173,0.5758431553840637,0.5032942891120911,0.49670571088790894,0.5032942891120911,0.49670571088790894,0.6554923388408677,0.34450766115913234,0.9653222560882568,0.6534912919755773,0.3465087080244227,0.0,0.6587230375324388,0.34127696246756123,0.06792422391442654,0.0,0.0,0.0180559903383255,0.014234041795134544,1.0,0.0,0.0342240035533905,0.0019569715950638056,436199
b0_cityscapes_val,2026-07-07 05:27:35,cityscapes,val,all,student_skd,/scratch/gautschi/manors/hf_cache/models--nvidia--mit-b0/snapshots/80983a413c30d36a39c20203974ae7807835e2b4,outputs-guardrailpp-v4/student_skd.ckpt,skd,img_000350,/home/manors/Guardrail-Distillation/data/cityscapes/leftImg8bit/val/munster/munster_000024_000019_leftImg8bit.png,,0.5270756216662943,0.4729243783337057,0.9598914384841919,0.9643782377243042,0.09833269566297531,0.0921330377459526,0.21711964905261993,0.9211894869804382,0.23142363131046295,-6.433866024017334,6.390587329864502,0.005899002775549889,0.04579261317849159,474487,2.8950627602171153,4.898603743640706,16.235721996054053,0.9662553346106371,0.03374466538936294,150859,0.24583345936299567,0.7541665406370044,33696,0.09330134838819504,0.0007914045709185302,10.67568751750514,0.04762762412428856,0.9523723758757114,0.21306820213794708,0.31664934754371643,0.010912138968706131,0.5027279853820801,0.4972720146179199,0.5456185340881348,0.57674241065979,0.5432792901992798,0.5027279853820801,0.4972720146179199,0.5027279853820801,0.4972720146179199,0.6262229436772986,0.3737770563227014,0.9653162360191345,0.9672719340995917,0.03272806590040833,0.001016599488954606,0.43029630513372685,0.5697036948662731,0.18446284577073124,0.09914732201100429,0.09914732201100429,0.016476742923259735,0.011051936075091362,0.9008526779889957,0.09914732201100429,0.029172560200095177,0.0011359637137502432,422678
b0_cityscapes_val,2026-07-07 05:27:35,cityscapes,val,all,student_skd,/scratch/gautschi/manors/hf_cache/models--nvidia--mit-b0/snapshots/80983a413c30d36a39c20203974ae7807835e2b4,outputs-guardrailpp-v4/student_skd.ckpt,skd,img_000351,/home/manors/Guardrail-Distillation/data/cityscapes/leftImg8bit/val/munster/munster_000025_000019_leftImg8bit.png,,0.47211390929662994,0.52788609070337,0.9576553106307983,0.9715957045555115,0.09045745432376862,0.0743870660662651,0.20431889593601227,0.9341668486595154,0.2052282691001892,-6.42521858215332,6.390483856201172,0.005613634828478098,0.03794630616903305,492907,2.8950627602171153,4.898603743640706,16.235721996054053,1.0,0.0,150859,0.3065886366772096,0.6934113633227904,27414,0.07561992853879929,0.0007251232746057212,10.67568751750514,0.034580640494823456,0.9654193595051765,0.13043826818466187,0.25665298104286194,-0.005872366018593311,0.49853190779685974,0.5014680922031403,0.5225163102149963,0.5570124387741089,0.5628741979598999,0.49853190779685974,0.5014680922031403,0.49853190779685974,0.5014680922031403,0.5598393242871569,0.4401606757128431,0.9711689949035645,1.0,0.0,0.0,0.38222497644368447,0.6177750235563155,0.07563633976647488,0.08772541499052688,0.08772541499052688,0.019790751859545708,0.006277046166360378,0.9122745850094731,0.08772541499052688,0.029522810131311417,0.0018806792795658112,450874
b0_cityscapes_val,2026-07-07 05:27:36,cityscapes,val,all,student_skd,/scratch/gautschi/manors/hf_cache/models--nvidia--mit-b0/snapshots/80983a413c30d36a39c20203974ae7807835e2b4,outputs-guardrailpp-v4/student_skd.ckpt,skd,img_000352,/home/manors/Guardrail-Distillation/data/cityscapes/leftImg8bit/val/munster/munster_000026_000019_leftImg8bit.png,,0.6493660075157079,0.35063399248429206,0.9022763967514038,0.9345026612281799,0.1329275369644165,0.1697777807712555,0.3040172755718231,0.863984227180481,0.3994591534137726,-6.168376445770264,6.0869526863098145,0.018057921901345253,0.08939272910356522,490588,2.899807004723698,4.890863230684772,16.23743973323144,0.6222441697788543,0.37775583022114567,150859,0.5047015688231614,0.4952984311768386,47593,0.17260731756687164,0.0019475891022011638,10.682438500225544,0.08614467829465866,0.9138553217053413,0.3041554391384125,0.3939206302165985,0.06823015213012695,0.5170509219169617,0.48294907808303833,0.5832847356796265,0.61041659116745,0.5233469605445862,0.5170509219169617,0.48294907808303833,0.5170509219169617,0.48294907808303833,0.7436570264960077,0.25634297350399227,0.9401289820671082,0.7750399287507158,0.2249600712492842,0.15279575897186148,0.6175440733514495,0.38245592664855055,0.11284250452828803,0.09429101898029979,0.09429101898029979,0.055137913674116135,0.017285378649830818,0.9057089810197002,0.09429101898029979,0.0784018337726593,0.010799285024404526,394100
b0_cityscapes_val,2026-07-07 05:27:36,cityscapes,val,all,student_skd,/scratch/gautschi/manors/hf_cache/models--nvidia--mit-b0/snapshots/80983a413c30d36a39c20203974ae7807835e2b4,outputs-guardrailpp-v4/student_skd.ckpt,skd,img_000353,/home/manors/Guardrail-Distillation/data/cityscapes/leftImg8bit/val/munster/munster_000027_000019_leftImg8bit.png,,0.4465500600740785,0.5534499399259215,0.9521929621696472,0.969647228717804,0.0951443612575531,0.08271714299917221,0.2258078157901764,0.9273031949996948,0.2318260222673416,-6.2482194900512695,6.210542678833008,0.008494138717651367,0.03962850570678711,462672,2.899807004723698,4.890863230684772,16.23743973323144,0.9563492338970295,0.04365076610297047,135107,0.33203129513061674,0.6679687048693832,58070,0.0840044915676117,0.0008259150199592113,10.682438500225544,0.03852000832557678,0.9614799916744232,0.1457563042640686,0.2776137888431549,-0.0032606059685349464,0.49918487668037415,0.5008151233196259,0.5247288942337036,0.5573877096176147,0.5654353499412537,0.49918487668037415,0.5008151233196259,0.49918487668037415,0.5008151233196259,0.5669269451329236,0.43307305486707637,0.9591158032417297,0.7034396285558053,0.29656037144419467,0.0,0.6102466920689044,0.38975330793109564,0.27821539693828756,0.12037688505884514,0.12037688505884514,0.016690010204911232,0.009767178446054459,0.8796231149411549,0.12037688505884514,0.031704965978860855,0.003131808480247855,422289
b0_cityscapes_val,2026-07-07 05:27:36,cityscapes,val,all,student_skd,/scratch/gautschi/manors/hf_cache/models--nvidia--mit-b0/snapshots/80983a413c30d36a39c20203974ae7807835e2b4,outputs-guardrailpp-v4/student_skd.ckpt,skd,img_000354,/home/manors/Guardrail-Distillation/data/cityscapes/leftImg8bit/val/munster/munster_000028_000019_leftImg8bit.png,,0.5330779799832913,0.4669220200167087,0.9544470906257629,0.9706516861915588,0.09047465771436691,0.07602578401565552,0.19976232945919037,0.9316347241401672,0.2107338011264801,-6.228692531585693,6.19301176071167,0.004636467434465885,0.03850363567471504,491538,2.899807004723698,4.890863230684772,16.23743973323144,0.9534871403814404,0.046512859618559554,150859,0.5755113717173503,0.42448862828264966,12309,0.07738743722438812,0.0008437813958153129,10.682438500225544,0.03712431341409683,0.9628756865859032,0.1441347301006317,0.26983246207237244,-0.0035211038775742054,0.49911975860595703,0.500880241394043,0.5265332460403442,0.5585160851478577,0.5828911066055298,0.49911975860595703,0.500880241394043,0.49911975860595703,0.500880241394043,0.5812130679801673,0.41878693201983275,0.9673535227775574,0.9446173577068027,0.05538264229319734,0.0,0.6237252214475942,0.37627477855240576,0.048213849730243896,0.048135087996875936,0.048135087996875936,0.020997360348701477,0.008090930990874767,0.9518649120031241,0.048135087996875936,0.031041344627738,0.003503289772197604,448109
b0_cityscapes_val,2026-07-07 05:27:36,cityscapes,val,all,student_skd,/scratch/gautschi/manors/hf_cache/models--nvidia--mit-b0/snapshots/80983a413c30d36a39c20203974ae7807835e2b4,outputs-guardrailpp-v4/student_skd.ckpt,skd,img_000355,/home/manors/Guardrail-Distillation/data/cityscapes/leftImg8bit/val/munster/munster_000029_000019_leftImg8bit.png,,0.5351286479535242,0.4648713520464758,0.951256275177002,0.9657177329063416,0.09987814724445343,0.0896139070391655,0.2275182455778122,0.9225331544876099,0.2426341325044632,-6.117033004760742,6.074772834777832,0.007973991334438324,0.046280503273010254,491222,2.899807004723698,4.890863230684772,16.23743973323144,0.91940552195961,0.08059447804039,150859,0.4566558727370501,0.5433441272629499,15875,0.09122829139232635,0.0009984723292291164,10.682438500225544,0.045481592416763306,0.9545184075832367,0.19102458655834198,0.31058216094970703,0.005033367779105902,0.5012583136558533,0.49874168634414673,0.5396963953971863,0.5729320049285889,0.5738697052001953,0.5012583136558533,0.49874168634414673,0.5012583136558533,0.49874168634414673,0.5842166094734754,0.4157833905265246,0.9596598148345947,0.9007105656373695,0.09928943436263049,0.0,0.3851589326308543,0.6148410673691457,0.0,0.049087961519951206,0.049087961519951206,0.021939164027571678,0.013535631820559502,0.9509120384800488,0.049087961519951206,0.037966541945934296,0.0032266471534967422,440697
b0_cityscapes_val,2026-07-07 05:27:36,cityscapes,val,all,student_skd,/scratch/gautschi/manors/hf_cache/models--nvidia--mit-b0/snapshots/80983a413c30d36a39c20203974ae7807835e2b4,outputs-guardrailpp-v4/student_skd.ckpt,skd,img_000356,/home/manors/Guardrail-Distillation/data/cityscapes/leftImg8bit/val/munster/munster_000030_000019_leftImg8bit.png,,0.48236856341975787,0.5176314365802421,0.9498774409294128,0.9699175357818604,0.09087564796209335,0.07992900907993317,0.2022554576396942,0.9255943894386292,0.23615533113479614,-5.991631031036377,5.955128192901611,0.005269337445497513,0.03856009617447853,485450,2.8982752410229295,4.9008352507371455,16.233004513196647,0.989910834557604,0.01008916544239602,150819,0.5868057615740528,0.41319423842594716,8328,0.08136413991451263,0.0007911908905953169,10.686926485504955,0.042185261845588684,0.9578147381544113,0.1602262556552887,0.27915260195732117,0.01012925710529089,0.5025323033332825,0.49746769666671753,0.5310960412025452,0.5630175471305847,0.5586248636245728,0.5025323033332825,0.49746769666671753,0.5025323033332825,0.49746769666671753,0.5673564129925593,0.43264358700744066,0.9515748023986816,0.989570928318583,0.010429071681417046,0.0,0.6769327866449776,0.3230672133550224,0.09012702507092474,0.08498784957280148,0.08498784957280148,0.015297146514058113,0.013599752448499203,0.9150121504271985,0.08498784957280148,0.03123905509710312,0.002348336623981595,442102
b0_cityscapes_val,2026-07-07 05:27:36,cityscapes,val,all,student_skd,/scratch/gautschi/manors/hf_cache/models--nvidia--mit-b0/snapshots/80983a413c30d36a39c20203974ae7807835e2b4,outputs-guardrailpp-v4/student_skd.ckpt,skd,img_000357,/home/manors/Guardrail-Distillation/data/cityscapes/leftImg8bit/val/munster/munster_000031_000019_leftImg8bit.png,,0.5475988854574849,0.4524011145425151,0.9517515301704407,0.9718985557556152,0.08905603736639023,0.07460883259773254,0.20074139535427094,0.9321920275688171,0.2137020230293274,-6.468430519104004,6.434150695800781,0.005681341979652643,0.03614192083477974,489321,2.8982752410229295,4.9008352507371455,16.233004513196647,0.9964832078076036,0.003516792192396423,150859,0.3895635122315754,0.6104364877684245,34020,0.07605483382940292,0.0008312423015013337,10.686926485504955,0.038951463997364044,0.961048536002636,0.14263199269771576,0.2758794128894806,-0.0036882595159113407,0.4990779459476471,0.5009220540523529,0.5231245756149292,0.5597050189971924,0.584324061870575,0.4990779459476471,0.5009220540523529,0.4990779459476471,0.5009220540523529,0.6799800634547141,0.32001993654528593,0.964601993560791,0.9930495876619057,0.006950412338094347,0.0,0.8294265074542442,0.17057349254575582,0.4398629952226687,0.13238117799722915,0.13238117799722915,0.022860249504446983,0.010009788908064365,0.8676188220027709,0.13238117799722915,0.03522227704524994,0.004959934391081333,448466
b0_cityscapes_val,2026-07-07 05:27:36,cityscapes,val,all,student_skd,/scratch/gautschi/manors/hf_cache/models--nvidia--mit-b0/snapshots/80983a413c30d36a39c20203974ae7807835e2b4,outputs-guardrailpp-v4/student_skd.ckpt,skd,img_000358,/home/manors/Guardrail-Distillation/data/cityscapes/leftImg8bit/val/munster/munster_000032_000019_leftImg8bit.png,,0.5971613281591873,0.4028386718408127,0.9526819586753845,0.9730641841888428,0.08985235542058945,0.07216250151395798,0.2082107812166214,0.9352043867111206,0.20993323624134064,-6.509548664093018,6.476277828216553,0.007232404313981533,0.036031708121299744,491123,2.8982752410229295,4.9008352507371455,16.233004513196647,1.0,0.0,150859,0.7911721429602412,0.2088278570397588,44614,0.07375295460224152,0.001003171200864017,10.686926485504955,0.0365477129817009,0.9634522870182991,0.1275065392255783,0.2713658809661865,-0.00344452983699739,0.49913889169692993,0.5008611083030701,0.5218786597251892,0.562171995639801,0.5237907767295837,0.49913889169692993,0.5008611083030701,0.49913889169692993,0.5008611083030701,0.6295648451437955,0.3704351548562045,0.9579291343688965,1.0,0.0,0.0,0.8894182689911743,0.11058173100882573,0.09824612603093308,0.032403516984608194,0.032403516984608194,0.01607133075594902,0.010824172757565975,0.9675964830153918,0.032403516984608194,0.031407613307237625,0.002359897829592228,452408
b0_cityscapes_val,2026-07-07 05:27:36,cityscapes,val,all,student_skd,/scratch/gautschi/manors/hf_cache/models--nvidia--mit-b0/snapshots/80983a413c30d36a39c20203974ae7807835e2b4,outputs-guardrailpp-v4/student_skd.ckpt,skd,img_000359,/home/manors/Guardrail-Distillation/data/cityscapes/leftImg8bit/val/munster/munster_000033_000019_leftImg8bit.png,,0.6987728679272441,0.30122713207275587,0.9654759168624878,0.9793185591697693,0.07713710516691208,0.05423459783196449,0.17120853066444397,0.9483195543289185,0.1674080491065979,-6.357645511627197,6.332409381866455,0.0035693515092134476,0.026163000613451004,490005,2.8982752410229295,4.9008352507371455,16.233004513196647,0.6652349655621254,0.33476503443787464,150859,0.8737794151170937,0.12622058488290633,58354,0.05570366606116295,0.0009893577080219984,10.686926485504955,0.03169740363955498,0.968302596360445,0.10788239538669586,0.2369258552789688,-0.010140607133507729,0.4974648654460907,0.5025351345539093,0.5180094242095947,0.5536394715309143,0.5979500412940979,0.4974648654460907,0.5025351345539093,0.4974648654460907,0.5025351345539093,0.708143247855021,0.29185675214497897,0.9804247617721558,0.6991210686905517,0.3008789313094483,0.033886103128426326,0.9191285582108545,0.08087144178914552,0.04534914309376081,0.009370379927776895,0.009370379927776895,0.02127121202647686,0.006322384811937809,0.9906296200722231,0.009370379927776895,0.028779299929738045,0.005832593888044357,460152
b0_cityscapes_val,2026-07-07 05:27:36,cityscapes,val,all,student_skd,/scratch/gautschi/manors/hf_cache/models--nvidia--mit-b0/snapshots/80983a413c30d36a39c20203974ae7807835e2b4,outputs-guardrailpp-v4/student_skd.ckpt,skd,img_000360,/home/manors/Guardrail-Distillation/data/cityscapes/leftImg8bit/val/munster/munster_000034_000019_leftImg8bit.png,,0.6839872619926213,0.3160127380073787,0.9487435221672058,0.9652163982391357,0.09828240424394608,0.09092093259096146,0.21514122188091278,0.915229856967926,0.27070119976997375,-6.110925674438477,6.068509101867676,0.006049159914255142,0.046845678240060806,495606,2.8946642414666712,4.8981782456394285,16.225885483436286,0.8973168766348669,0.10268312336513308,150859,0.9896534530042383,0.010346546995761652,112308,0.09220832586288452,0.0007741943118162453,11.129170248750597,0.05476165562868118,0.9452383443713188,0.22079569101333618,0.34113770723342896,0.02459411323070526,0.5061482191085815,0.49385178089141846,0.5491945147514343,0.5962857604026794,0.5483754873275757,0.5061482191085815,0.49385178089141846,0.5061482191085815,0.49385178089141846,0.7416291705963249,0.25837082940367506,0.9669515490531921,0.9239792998744206,0.07602070012557938,0.0266624232395537,0.9922712540513587,0.007728745948641258,0.002617801047120394,0.05764190860370366,0.05764190860370366,0.027586428448557854,0.009378417395055294,0.9423580913962963,0.05764190860370366,0.03850841149687767,0.0011218588333576918,444432
b0_cityscapes_val,2026-07-07 05:27:36,cityscapes,val,all,student_skd,/scratch/gautschi/manors/hf_cache/models--nvidia--mit-b0/snapshots/80983a413c30d36a39c20203974ae7807835e2b4,outputs-guardrailpp-v4/student_skd.ckpt,skd,img_000361,/home/manors/Guardrail-Distillation/data/cityscapes/leftImg8bit/val/munster/munster_000035_000019_leftImg8bit.png,,0.6509375351661317,0.34906246483386827,0.9728081226348877,0.9810695648193359,0.07165955007076263,0.050908200442790985,0.16022343933582306,0.9481450319290161,0.17516447603702545,-6.399735927581787,6.376977443695068,0.0024723599199205637,0.022586889564990997,488602,2.8946642414666712,4.8981782456394285,16.225885483436286,0.9506025649279469,0.049397435072053075,150859,0.9982055003194377,0.0017944996805623337,54614,0.05193638429045677,0.0005254371208138764,11.129170248750597,0.025713292881846428,0.9742867071181536,0.07920245826244354,0.1755046397447586,-0.01502582710236311,0.49624359607696533,0.5037564039230347,0.5119718313217163,0.5309166312217712,0.5685433149337769,0.49624359607696533,0.5037564039230347,0.49624359607696533,0.5037564039230347,0.6346208665447719,0.3653791334552281,0.9762485027313232,0.954200811182052,0.04579918881794798,0.0035982462541050975,0.9903285984483676,0.009671401551632375,0.0,0.0,0.0,0.012828436680138111,0.009388009086251259,1.0,0.0,0.0233277790248394,0.003014723537489772,460661
b0_cityscapes_val,2026-07-07 05:27:36,cityscapes,val,all,student_skd,/scratch/gautschi/manors/hf_cache/models--nvidia--mit-b0/snapshots/80983a413c30d36a39c20203974ae7807835e2b4,outputs-guardrailpp-v4/student_skd.ckpt,skd,img_000362,/home/manors/Guardrail-Distillation/data/cityscapes/leftImg8bit/val/munster/munster_000036_000019_leftImg8bit.png,,0.7283795210712093,0.2716204789287907,0.9687578678131104,0.9729428291320801,0.08460479974746704,0.07059595733880997,0.17888987064361572,0.9312072992324829,0.2161848396062851,-6.432013511657715,6.399453163146973,0.0031417878344655037,0.03362539783120155,483801,2.8946642414666712,4.8981782456394285,16.225885483436286,0.6529676580577968,0.3470323419422032,150802,0.8293172781833491,0.1706827218166509,71097,0.07167858630418777,0.0006087176152504981,11.129170248750597,0.038655009120702744,0.9613449908792973,0.134834885597229,0.25391826033592224,0.006106262560933828,0.5015265345573425,0.49847346544265747,0.5258780717849731,0.5620543956756592,0.5520505905151367,0.5015265345573425,0.49847346544265747,0.5015265345573425,0.49847346544265747,0.7700098337650068,0.22999016623499324,0.9768438339233398,0.9032144643193787,0.09678553568062132,0.2502468062615819,0.973408174106943,0.026591825893056975,0.14409089592359392,0.04163031269379747,0.04163031269379747,0.016138868406414986,0.008052898570895195,0.9583696873062025,0.04163031269379747,0.025502221658825874,0.0017610547365620732,446270
b0_cityscapes_val,2026-07-07 05:27:36,cityscapes,val,all,student_skd,/scratch/gautschi/manors/hf_cache/models--nvidia--mit-b0/snapshots/80983a413c30d36a39c20203974ae7807835e2b4,outputs-guardrailpp-v4/student_skd.ckpt,skd,img_000363,/home/manors/Guardrail-Distillation/data/cityscapes/leftImg8bit/val/munster/munster_000037_000019_leftImg8bit.png,,0.6255332062287938,0.3744667937712062,0.966851532459259,0.9788817167282104,0.07778364419937134,0.05682602897286415,0.1804502308368683,0.947357714176178,0.1710965633392334,-6.2489800453186035,6.223260402679443,0.003947780467569828,0.026773545891046524,482043,2.8946642414666712,4.8981782456394285,16.225885483436286,0.8489581598571021,0.1510418401428979,150859,0.6178131917062138,0.38218680829378615,10032,0.057923223823308945,0.0006695808842778206,11.129170248750597,0.029021883383393288,0.9709781166166067,0.0877395048737526,0.21855515241622925,-0.014351862482726574,0.49641209840774536,0.5035879015922546,0.512652575969696,0.5482866168022156,0.6080922484397888,0.49641209840774536,0.5035879015922546,0.49641209840774536,0.5035879015922546,0.5411658923087972,0.4588341076912028,0.9750188589096069,0.862552194619983,0.137447805380017,0.013594034762880902,0.6395071811142811,0.36049281888571894,0.021693989408067216,0.0,0.0,0.01649230532348156,0.008324983529746532,1.0,0.0,0.026171939447522163,0.0039270357228815556,451170
b0_cityscapes_val,2026-07-07 05:27:36,cityscapes,val,all,student_skd,/scratch/gautschi/manors/hf_cache/models--nvidia--mit-b0/snapshots/80983a413c30d36a39c20203974ae7807835e2b4,outputs-guardrailpp-v4/student_skd.ckpt,skd,img_000364,/home/manors/Guardrail-Distillation/data/cityscapes/leftImg8bit/val/munster/munster_000038_000019_leftImg8bit.png,,0.5617792295184227,0.43822077048157726,0.9307854771614075,0.9552319049835205,0.11605944484472275,0.1106334701180458,0.2541152536869049,0.9085738062858582,0.27147069573402405,-6.220318794250488,6.1644182205200195,0.011658195406198502,0.06596271693706512,491414,2.9203270096331835,4.888290743110701,16.22900497750379,0.5212025844801058,0.4787974155198942,150859,0.5632536576569123,0.43674634234308773,70293,0.11240147799253464,0.0013389806263148785,10.68978349212557,0.056900832802057266,0.9430991671979427,0.24292832612991333,0.3834725320339203,0.030560234561562538,0.507639467716217,0.49236053228378296,0.5559720993041992,0.6097496747970581,0.5633491277694702,0.507639467716217,0.49236053228378296,0.507639467716217,0.49236053228378296,0.7407522605023554,0.25924773949764457,0.9650458097457886,0.9814821825491074,0.01851781745089265,0.46027959806900154,0.6742089820564053,0.32579101794359466,0.11095532439949307,0.1789730309839327,0.1789730309839327,0.042257651686668396,0.007997330278158188,0.8210269690160673,0.1789730309839327,0.05501674860715866,0.004181810189038515,427496
b0_cityscapes_val,2026-07-07 05:27:36,cityscapes,val,all,student_skd,/scratch/gautschi/manors/hf_cache/models--nvidia--mit-b0/snapshots/80983a413c30d36a39c20203974ae7807835e2b4,outputs-guardrailpp-v4/student_skd.ckpt,skd,img_000365,/home/manors/Guardrail-Distillation/data/cityscapes/leftImg8bit/val/munster/munster_000039_000019_leftImg8bit.png,,0.544887260622029,0.45511273937797103,0.938460111618042,0.9741201400756836,0.08949553966522217,0.06971701234579086,0.21398547291755676,0.9398312568664551,0.19593675434589386,-6.613297462463379,6.581110954284668,0.007216707803308964,0.03528010472655296,492884,2.9203270096331835,4.888290743110701,16.22900497750379,0.9230566785235834,0.07694332147641658,150859,0.6459346487080841,0.35406535129191585,36215,0.07141461968421936,0.0009871403453871608,10.68978349212557,0.03563409298658371,0.9643659070134163,0.13226309418678284,0.28831708431243896,-0.0027766013517975807,0.4993058443069458,0.5006941556930542,0.5293363928794861,0.5724563002586365,0.5250519514083862,0.4993058443069458,0.5006941556930542,0.4993058443069458,0.5006941556930542,0.6815377729889569,0.3184622270110431,0.9709444642066956,0.9484609487368028,0.051539051263197244,0.025404270213219338,0.6695224196600571,0.3304775803399429,0.023587770951972953,0.13665051236692793,0.13665051236692793,0.04184757173061371,0.009363257326185703,0.8633494876330721,0.13665051236692793,0.05436167120933533,0.015504661947488785,454956
b0_cityscapes_val,2026-07-07 05:27:36,cityscapes,val,all,student_skd,/scratch/gautschi/manors/hf_cache/models--nvidia--mit-b0/snapshots/80983a413c30d36a39c20203974ae7807835e2b4,outputs-guardrailpp-v4/student_skd.ckpt,skd,img_000366,/home/manors/Guardrail-Distillation/data/cityscapes/leftImg8bit/val/munster/munster_000040_000019_leftImg8bit.png,,0.6438000229992322,0.3561999770007678,0.9339713454246521,0.9592445492744446,0.10537369549274445,0.10649839788675308,0.2356407344341278,0.9068790078163147,0.2848776876926422,-5.985270977020264,5.9355034828186035,0.008407355286180973,0.05254702270030975,475536,2.9203270096331835,4.888290743110701,16.22900497750379,0.5571088877437013,0.44289111225629874,150859,0.575424970301668,0.42457502969833205,65821,0.1088990718126297,0.0018302296521142125,10.68978349212557,0.055292315781116486,0.9447076842188835,0.21510475873947144,0.3296891450881958,0.0262017659842968,0.5065500736236572,0.4934499263763428,0.5535739064216614,0.585676908493042,0.5780090093612671,0.5065500736236572,0.4934499263763428,0.5065500736236572,0.4934499263763428,0.713969624879585,0.28603037512041496,0.9512150287628174,0.7645423274496531,0.23545767255034689,0.20743343970595185,0.7000253990134956,0.2999746009865044,0.12460042871182764,0.07016960188035282,0.07016960188035282,0.0296843983232975,0.012440698221325874,0.9298303981196472,0.07016960188035282,0.05048408731818199,0.0038083342369645834,415839
b0_cityscapes_val,2026-07-07 05:27:36,cityscapes,val,all,student_skd,/scratch/gautschi/manors/hf_cache/models--nvidia--mit-b0/snapshots/80983a413c30d36a39c20203974ae7807835e2b4,outputs-guardrailpp-v4/student_skd.ckpt,skd,img_000367,/home/manors/Guardrail-Distillation/data/cityscapes/leftImg8bit/val/munster/munster_000041_000019_leftImg8bit.png,,0.6549179446139772,0.34508205538602277,0.9577011466026306,0.9785744547843933,0.08083835989236832,0.05971822887659073,0.19148486852645874,0.9424703121185303,0.19965769350528717,-6.58498477935791,6.558448314666748,0.006423261482268572,0.027680736035108566,462849,2.9203270096331835,4.888290743110701,16.22900497750379,1.0,0.0,150859,0.5075459288113098,0.4924540711886902,59173,0.06139663979411125,0.000864414032548666,10.68978349212557,0.03492261469364166,0.9650773853063583,0.10936898738145828,0.2695038616657257,0.0013094472233206034,0.5003274083137512,0.4996725916862488,0.5154688358306885,0.5611152052879333,0.5209128856658936,0.5003274083137512,0.4996725916862488,0.5003274083137512,0.4996725916862488,0.6613808881510372,0.33861911184896276,0.9688624739646912,1.0,0.0,0.0,0.7812688806146444,0.2187311193853556,0.2737229518033346,0.006462943537060006,0.006462943537060006,0.021581552922725677,0.010420246049761772,0.99353705646294,0.006462943537060006,0.03556451573967934,0.005772941280156374,434491
b0_cityscapes_val,2026-07-07 05:27:36,cityscapes,val,all,student_skd,/scratch/gautschi/manors/hf_cache/models--nvidia--mit-b0/snapshots/80983a413c30d36a39c20203974ae7807835e2b4,outputs-guardrailpp-v4/student_skd.ckpt,skd,img_000368,/home/manors/Guardrail-Distillation/data/cityscapes/leftImg8bit/val/munster/munster_000042_000019_leftImg8bit.png,,0.640321501653238,0.359678498346762,0.9670214653015137,0.9751919507980347,0.08408825844526291,0.06586669385433197,0.18971171975135803,0.9382892847061157,0.2007826417684555,-6.522687911987305,6.4924540519714355,0.004654944408684969,0.032019682228565216,479705,2.9090442694723606,4.896812984952703,16.226779989665374,0.9834845674789533,0.016515432521046702,150464,0.7102748245789895,0.2897251754210105,45917,0.06702683866024017,0.0007137985667213798,10.689253773307428,0.03309923782944679,0.9669007621705532,0.10454878956079483,0.25734400749206543,-0.002483990741893649,0.4993789792060852,0.5006210207939148,0.516502857208252,0.5570687651634216,0.5667427778244019,0.4993789792060852,0.5006210207939148,0.4993789792060852,0.5006210207939148,0.7042048407529756,0.2957951592470244,0.9765897989273071,0.9852757146251403,0.014724285374859702,0.0017911471461869999,0.855355834042019,0.14464416595798102,0.1450810094630295,0.06388333909973765,0.06388333909973765,0.01435465645045042,0.004786275327205658,0.9361166609002624,0.06388333909973765,0.020800285041332245,0.0007650535553693771,444272
b0_cityscapes_val,2026-07-07 05:27:36,cityscapes,val,all,student_skd,/scratch/gautschi/manors/hf_cache/models--nvidia--mit-b0/snapshots/80983a413c30d36a39c20203974ae7807835e2b4,outputs-guardrailpp-v4/student_skd.ckpt,skd,img_000369,/home/manors/Guardrail-Distillation/data/cityscapes/leftImg8bit/val/munster/munster_000043_000019_leftImg8bit.png,,0.722749485606222,0.277250514393778,0.9660695195198059,0.9785460829734802,0.07791729271411896,0.0559890978038311,0.17197571694850922,0.9471717476844788,0.1713826060295105,-5.915294647216797,5.889278888702393,0.003263644641265273,0.027661127969622612,488411,2.9090442694723606,4.896812984952703,16.226779989665374,0.9590704943192211,0.04092950568077891,150859,0.8032850717142017,0.19671492828579829,69468,0.05728916451334953,0.0008079125545918941,10.689253773307428,0.032463438808918,0.967536561191082,0.1097891628742218,0.24472542107105255,-0.011605825275182724,0.49709856510162354,0.5029014348983765,0.5207471251487732,0.5587262511253357,0.6207127571105957,0.49709856510162354,0.5029014348983765,0.49709856510162354,0.5029014348983765,0.84334991158988,0.15665008841011996,0.9806351065635681,0.9796220747148742,0.02037792528512583,0.02055158039565308,0.8794647907503548,0.12053520924964523,0.07617971903615306,0.12060042598365805,0.12060042598365805,0.01979275606572628,0.005227154586464167,0.879399574016342,0.12060042598365805,0.026258621364831924,0.004907751455903053,456839
b0_cityscapes_val,2026-07-07 05:27:36,cityscapes,val,all,student_skd,/scratch/gautschi/manors/hf_cache/models--nvidia--mit-b0/snapshots/80983a413c30d36a39c20203974ae7807835e2b4,outputs-guardrailpp-v4/student_skd.ckpt,skd,img_000370,/home/manors/Guardrail-Distillation/data/cityscapes/leftImg8bit/val/munster/munster_000044_000019_leftImg8bit.png,,0.7462152132149972,0.2537847867850028,0.9529000520706177,0.9716972708702087,0.09033914655447006,0.07449598610401154,0.20226220786571503,0.9324762225151062,0.21419760584831238,-6.181680679321289,6.147027492523193,0.006123533472418785,0.037731025367975235,493016,2.9090442694723606,4.896812984952703,16.226779989665374,0.7427155164385882,0.25728448356141176,150859,0.7986697484489972,0.20133025155100281,65666,0.07609499990940094,0.0011240649037063122,10.689253773307428,0.03826295584440231,0.9617370441555977,0.15259599685668945,0.27001315355300903,0.0026100450195372105,0.5006524920463562,0.4993475079536438,0.5320864319801331,0.5659158229827881,0.5885953307151794,0.5006524920463562,0.4993475079536438,0.5006524920463562,0.4993475079536438,0.8124378823588508,0.18756211764114916,0.9701855182647705,0.8185831694948797,0.18141683050512025,0.0758676530562915,0.8586106320717888,0.14138936792821122,0.059940883622791596,0.06622266914385366,0.06622266914385366,0.025372400879859924,0.008086957968771458,0.9337773308561463,0.06622266914385366,0.03532947972416878,0.004160108044743538,451953
b0_cityscapes_val,2026-07-07 05:27:36,cityscapes,val,all,student_skd,/scratch/gautschi/manors/hf_cache/models--nvidia--mit-b0/snapshots/80983a413c30d36a39c20203974ae7807835e2b4,outputs-guardrailpp-v4/student_skd.ckpt,skd,img_000371,/home/manors/Guardrail-Distillation/data/cityscapes/leftImg8bit/val/munster/munster_000045_000019_leftImg8bit.png,,0.67176728083442,0.32823271916557994,0.97137051820755,0.9787471890449524,0.07840940356254578,0.0554451122879982,0.17592430114746094,0.9492028951644897,0.16248372197151184,-6.4483489990234375,6.422450542449951,0.0036995576228946447,0.02788381464779377,492221,2.9090442694723606,4.896812984952703,16.226779989665374,0.962610929033878,0.037389070966121984,150859,0.6622963355757988,0.3377036644242012,53429,0.056362397968769073,0.0006178102339617908,10.689253773307428,0.02729530818760395,0.972704691812396,0.0776008889079094,0.21049067378044128,-0.011811494827270508,0.49704721570014954,0.5029527842998505,0.5089715123176575,0.5431339144706726,0.6016539931297302,0.49704721570014954,0.5029527842998505,0.49704721570014954,0.5029527842998505,0.7085835910480666,0.29141640895193344,0.9741721153259277,0.9581662724720315,0.041833727527968545,0.0,0.7154088485615056,0.28459115143849445,0.05311251298570674,0.03681631021364651,0.03681631021364651,0.010574517771601677,0.007772930897772312,0.9631836897863535,0.03681631021364651,0.020027589052915573,0.0015988752711564302,460863
b0_cityscapes_val,2026-07-07 05:27:37,cityscapes,val,all,student_skd,/scratch/gautschi/manors/hf_cache/models--nvidia--mit-b0/snapshots/80983a413c30d36a39c20203974ae7807835e2b4,outputs-guardrailpp-v4/student_skd.ckpt,skd,img_000372,/home/manors/Guardrail-Distillation/data/cityscapes/leftImg8bit/val/munster/munster_000046_000019_leftImg8bit.png,,0.5713076131925635,0.4286923868074365,0.9194409847259521,0.9559143781661987,0.11064666509628296,0.11452595144510269,0.2463502436876297,0.9009914994239807,0.30017217993736267,-5.983131408691406,5.928964614868164,0.009361302480101585,0.06014307588338852,470661,2.8992475126869977,4.8859125236049294,16.22843148652464,0.3499676281727878,0.6500323718272122,141775,0.6495729391386471,0.3504270608613529,63319,0.11694806814193726,0.0017007222631946206,10.691610252251849,0.06089145690202713,0.9391085430979729,0.2440483123064041,0.3434053063392639,0.02375723607838154,0.5059390664100647,0.4940609335899353,0.5574353337287903,0.5882343649864197,0.5889195799827576,0.5059390664100647,0.4940609335899353,0.5059390664100647,0.4940609335899353,0.6717751263681345,0.3282248736318655,0.9444058537483215,0.3558928644605695,0.6441071355394306,0.005925236287781632,0.8277231688163752,0.1722768311836248,0.1781502296777281,0.10046751317557101,0.10046751317557101,0.04321581870317459,0.018250927329063416,0.899532486824429,0.10046751317557101,0.06741370260715485,0.011485974304378033,409345
b0_cityscapes_val,2026-07-07 05:27:37,cityscapes,val,all,student_skd,/scratch/gautschi/manors/hf_cache/models--nvidia--mit-b0/snapshots/80983a413c30d36a39c20203974ae7807835e2b4,outputs-guardrailpp-v4/student_skd.ckpt,skd,img_000373,/home/manors/Guardrail-Distillation/data/cityscapes/leftImg8bit/val/munster/munster_000047_000019_leftImg8bit.png,,0.5670387694194168,0.4329612305805832,0.9432525038719177,0.9714333415031433,0.09329493343830109,0.08135790377855301,0.22991211712360382,0.9267176389694214,0.2465200424194336,-6.5596089363098145,6.524051189422607,0.009139376692473888,0.037993546575307846,479792,2.8992475126869977,4.8859125236049294,16.22843148652464,0.5981457375768942,0.40185426242310585,150859,0.7421889280670592,0.25781107193294084,27430,0.08300799131393433,0.0010596042266115546,10.691610252251849,0.04401422291994095,0.955985777080059,0.1667969971895218,0.3158375322818756,0.009246638044714928,0.502311646938324,0.497688353061676,0.5358585715293884,0.5810314416885376,0.5099893808364868,0.502311646938324,0.497688353061676,0.502311646938324,0.497688353061676,0.6465662633053358,0.35343373669466416,0.9672983288764954,0.8932786135304696,0.10672138646953044,0.2951328759535754,0.8589437667186763,0.14105623328132366,0.11675483865161718,0.07952749388591906,0.07952749388591906,0.03234318271279335,0.008297345601022243,0.9204725061140809,0.07952749388591906,0.043712690472602844,0.009466602467000484,440885
b0_cityscapes_val,2026-07-07 05:27:37,cityscapes,val,all,student_skd,/scratch/gautschi/manors/hf_cache/models--nvidia--mit-b0/snapshots/80983a413c30d36a39c20203974ae7807835e2b4,outputs-guardrailpp-v4/student_skd.ckpt,skd,img_000374,/home/manors/Guardrail-Distillation/data/cityscapes/leftImg8bit/val/munster/munster_000048_000019_leftImg8bit.png,,0.6081301945191788,0.3918698054808212,0.9267022609710693,0.9516435861587524,0.12383345514535904,0.13207697868347168,0.3038831651210785,0.8955231308937073,0.32712316513061523,-6.316826343536377,6.255172252655029,0.01999545469880104,0.06964115798473358,492812,2.8992475126869977,4.8859125236049294,16.22843148652464,0.83574175306636,0.16425824693364,150859,0.5362379802807637,0.46376201971923625,64834,0.13441433012485504,0.0017005485715344548,10.691610252251849,0.058404020965099335,0.9415959790349007,0.23495817184448242,0.37745776772499084,0.03041893057525158,0.5076041221618652,0.49239587783813477,0.552985668182373,0.5978072881698608,0.5142831802368164,0.5076041221618652,0.49239587783813477,0.5076041221618652,0.49239587783813477,0.6878768219076893,0.3121231780923107,0.9502426981925964,0.9053310080855581,0.09466899191444189,0.0695892550191981,0.7489496629186698,0.2510503370813302,0.21271168263790607,0.07974662738851046,0.07974662738851046,0.03642362728714943,0.012883208692073822,0.9202533726114895,0.07974662738851046,0.05744178220629692,0.0049613239243626595,425909
b0_cityscapes_val,2026-07-07 05:27:37,cityscapes,val,all,student_skd,/scratch/gautschi/manors/hf_cache/models--nvidia--mit-b0/snapshots/80983a413c30d36a39c20203974ae7807835e2b4,outputs-guardrailpp-v4/student_skd.ckpt,skd,img_000375,/home/manors/Guardrail-Distillation/data/cityscapes/leftImg8bit/val/munster/munster_000049_000019_leftImg8bit.png,,0.5580873860038833,0.4419126139961167,0.9430863857269287,0.9598891139030457,0.1065380796790123,0.10480848699808121,0.24130630493164062,0.9121481776237488,0.26226478815078735,-6.314267158508301,6.264865875244141,0.009589636698365211,0.0526774637401104,480623,2.8992475126869977,4.8859125236049294,16.22843148652464,1.0,0.0,150859,0.6355893096977505,0.3644106903022495,33099,0.10635481774806976,0.0010383334010839462,10.691610252251849,0.04752521216869354,0.9524747878313065,0.20888005197048187,0.32148656249046326,0.011667679995298386,0.5029168725013733,0.4970831274986267,0.5402576923370361,0.5731140971183777,0.5505866408348083,0.5029168725013733,0.4970831274986267,0.5029168725013733,0.4970831274986267,0.614280832622609,0.385719167377391,0.9555867910385132,1.0,0.0,0.0,0.5683119788854455,0.4316880211145545,0.0,0.05619344661872572,0.05619344661872572,0.025375397875905037,0.012874956242740154,0.9438065533812743,0.05619344661872572,0.04215778410434723,0.0022304384037852287,422516
b0_cityscapes_val,2026-07-07 05:27:37,cityscapes,val,all,student_skd,/scratch/gautschi/manors/hf_cache/models--nvidia--mit-b0/snapshots/80983a413c30d36a39c20203974ae7807835e2b4,outputs-guardrailpp-v4/student_skd.ckpt,skd,img_000376,/home/manors/Guardrail-Distillation/data/cityscapes/leftImg8bit/val/munster/munster_000050_000019_leftImg8bit.png,,0.5413386256279974,0.4586613743720026,0.9578166007995605,0.969754159450531,0.0925067812204361,0.0821344256401062,0.21301844716072083,0.9252995252609253,0.23779690265655518,-6.021498680114746,5.984468936920166,0.0069312346167862415,0.03843202069401741,489956,2.896738995332271,4.8834494955372065,16.231335001066327,1.0,0.0,150859,0.32021159755229134,0.6797884024477087,24312,0.08371899276971817,0.0008189052459783852,10.673059237888083,0.05229496210813522,0.9477050378918648,0.21097877621650696,0.33486223220825195,0.02084079384803772,0.5052099823951721,0.4947900176048279,0.5490750074386597,0.5891361832618713,0.5870913863182068,0.5052099823951721,0.4947900176048279,0.5052099823951721,0.4947900176048279,0.6667134877850833,0.3332865122149167,0.9741690754890442,1.0,0.0,0.0,0.4560967507220348,0.5439032492779652,0.13588515316974348,0.12537486215708593,0.12537486215708593,0.02227138727903366,0.005918898619711399,0.8746251378429141,0.12537486215708593,0.03003739006817341,0.005122908856719732,446066
b0_cityscapes_val,2026-07-07 05:27:37,cityscapes,val,all,student_skd,/scratch/gautschi/manors/hf_cache/models--nvidia--mit-b0/snapshots/80983a413c30d36a39c20203974ae7807835e2b4,outputs-guardrailpp-v4/student_skd.ckpt,skd,img_000377,/home/manors/Guardrail-Distillation/data/cityscapes/leftImg8bit/val/munster/munster_000051_000019_leftImg8bit.png,,0.6471906786324296,0.35280932136757037,0.9344602823257446,0.957753598690033,0.10729745030403137,0.11430684477090836,0.24899867177009583,0.899821400642395,0.3124110698699951,-5.74553108215332,5.693820476531982,0.009350926615297794,0.05400654301047325,480701,2.896738995332271,4.8834494955372065,16.231335001066327,0.9023525529398126,0.09764744706018735,143323,0.5532448684830567,0.44675513151694335,36984,0.11721378564834595,0.0018087401986122131,10.673059237888083,0.06803833693265915,0.9319616630673409,0.2704874873161316,0.36836373805999756,0.053678516298532486,0.5134164094924927,0.4865835905075073,0.568164050579071,0.6110283732414246,0.5367974042892456,0.5134164094924927,0.4865835905075073,0.5134164094924927,0.4865835905075073,0.7299581447523535,0.27004185524764646,0.9496131539344788,0.9430902248215959,0.05690977517840412,0.04073767188178323,0.6811601473459965,0.3188398526540035,0.12791527886293985,0.08276746611992392,0.08276746611992392,0.03573739156126976,0.02058452181518078,0.9172325338800761,0.08276746611992392,0.06067804992198944,0.007507785223424435,419175
b0_cityscapes_val,2026-07-07 05:27:37,cityscapes,val,all,student_skd,/scratch/gautschi/manors/hf_cache/models--nvidia--mit-b0/snapshots/80983a413c30d36a39c20203974ae7807835e2b4,outputs-guardrailpp-v4/student_skd.ckpt,skd,img_000378,/home/manors/Guardrail-Distillation/data/cityscapes/leftImg8bit/val/munster/munster_000052_000019_leftImg8bit.png,,0.6757981458212416,0.32420185417875835,0.9366598129272461,0.9474336504936218,0.1205328032374382,0.13806207478046417,0.2779671251773834,0.886663019657135,0.3379041850566864,-6.266909599304199,6.201877593994141,0.012989464215934277,0.0705786794424057,476617,2.896738995332271,4.8834494955372065,16.231335001066327,0.7733376888940041,0.22666231110599588,150859,0.5742928677154087,0.42570713228459134,46928,0.14050595462322235,0.0015708822757005692,10.673059237888083,0.07012400031089783,0.9298759996891022,0.2827141284942627,0.39932405948638916,0.04218580573797226,0.5105448961257935,0.48945510387420654,0.570460319519043,0.6135234236717224,0.5260500311851501,0.5105448961257935,0.48945510387420654,0.5105448961257935,0.48945510387420654,0.7898543814423991,0.21014561855760094,0.9608301520347595,0.7023011954888035,0.29769880451119646,0.0,0.8837042889627923,0.1162957110372077,0.30941142124738363,0.11405623562115741,0.11405623562115741,0.03582121431827545,0.011650864034891129,0.8859437643788426,0.11405623562115741,0.05087732523679733,0.003212222596630454,401485
b0_cityscapes_val,2026-07-07 05:27:37,cityscapes,val,all,student_skd,/scratch/gautschi/manors/hf_cache/models--nvidia--mit-b0/snapshots/80983a413c30d36a39c20203974ae7807835e2b4,outputs-guardrailpp-v4/student_skd.ckpt,skd,img_000379,/home/manors/Guardrail-Distillation/data/cityscapes/leftImg8bit/val/munster/munster_000053_000019_leftImg8bit.png,,0.5160376994232119,0.48396230057678813,0.9516735076904297,0.9700219035148621,0.09202306717634201,0.08081157505512238,0.21033845841884613,0.9239944815635681,0.24971745908260345,-6.020391464233398,5.983774185180664,0.0065655214712023735,0.0388486385345459,473839,2.896738995332271,4.8834494955372065,16.231335001066327,0.8822624881553985,0.11773751184460146,149442,0.6171536253004914,0.38284637469950855,59425,0.08266552537679672,0.0010955063626170158,10.673059237888083,0.04313398525118828,0.9568660147488117,0.1637720763683319,0.272822767496109,0.0014970911433920264,0.5003742575645447,0.4996257424354553,0.5362221002578735,0.5662828087806702,0.5968688726425171,0.5003742575645447,0.4996257424354553,0.5003742575645447,0.4996257424354553,0.5863590663990165,0.41364093360098353,0.9653722047805786,0.8952174750846766,0.10478252491532336,0.0129549869292781,0.6979880706151238,0.3020119293848762,0.08083444531463235,0.0703213669758046,0.0703213669758046,0.023231519386172295,0.009532773867249489,0.9296786330241954,0.0703213669758046,0.036516621708869934,0.003720673033967614,432180
b0_cityscapes_val,2026-07-07 05:27:37,cityscapes,val,all,student_skd,/scratch/gautschi/manors/hf_cache/models--nvidia--mit-b0/snapshots/80983a413c30d36a39c20203974ae7807835e2b4,outputs-guardrailpp-v4/student_skd.ckpt,skd,img_000380,/home/manors/Guardrail-Distillation/data/cityscapes/leftImg8bit/val/munster/munster_000054_000019_leftImg8bit.png,,0.6422946517357657,0.3577053482642343,0.9630116820335388,0.9740962982177734,0.08643792569637299,0.06927806884050369,0.19686144590377808,0.9344228506088257,0.21594586968421936,-6.440384864807129,6.408670902252197,0.005088367965072393,0.033860065042972565,486207,2.8951057465747,4.895243240753189,16.23848674353212,0.8847899726535728,0.11521002734642716,150859,0.6195284879828579,0.38047151201714213,30102,0.0707315132021904,0.0008576948894187808,10.68227575160563,0.03164573386311531,0.9683542661368847,0.10713014751672745,0.2205020636320114,-0.01667327806353569,0.49583178758621216,0.5041682124137878,0.5133022665977478,0.540461003780365,0.5499162077903748,0.49583178758621216,0.5041682124137878,0.49583178758621216,0.5041682124137878,0.6359174389351602,0.3640825610648398,0.9686964750289917,0.8802061438380088,0.11979385616199123,0.0,0.5173841284032578,0.48261587159674224,0.0,0.0,0.0,0.014748862944543362,0.009064041078090668,1.0,0.0,0.02700701728463173,0.0010592197068035603,449065
b0_cityscapes_val,2026-07-07 05:27:37,cityscapes,val,all,student_skd,/scratch/gautschi/manors/hf_cache/models--nvidia--mit-b0/snapshots/80983a413c30d36a39c20203974ae7807835e2b4,outputs-guardrailpp-v4/student_skd.ckpt,skd,img_000381,/home/manors/Guardrail-Distillation/data/cityscapes/leftImg8bit/val/munster/munster_000055_000019_leftImg8bit.png,,0.6579894351438773,0.3420105648561227,0.9480692744255066,0.9596736431121826,0.10856735706329346,0.10852494835853577,0.2552705705165863,0.907002866268158,0.2911069095134735,-6.623601913452148,6.573477268218994,0.01137534435838461,0.053970906883478165,492117,2.8951057465747,4.895243240753189,16.23848674353212,0.865567524007199,0.13443247599280095,150859,0.8402690298076535,0.1597309701923465,67199,0.11052967607975006,0.0013729536440223455,10.68227575160563,0.05033470317721367,0.9496652968227863,0.1987638622522354,0.31413283944129944,0.014931982383131981,0.5037329196929932,0.49626708030700684,0.5407208204269409,0.5728711485862732,0.5253990888595581,0.5037329196929932,0.49626708030700684,0.5037329196929932,0.49626708030700684,0.6846594919685204,0.3153405080314796,0.9553622603416443,0.9116988746926141,0.08830112530738587,0.04613135068541507,0.8895198081912394,0.11048019180876056,0.049250778383585936,0.026670056824643074,0.026670056824643074,0.02223455160856247,0.014941569417715073,0.9733299431753569,0.026670056824643074,0.04179290682077408,0.0023287145886570215,433874
b0_cityscapes_val,2026-07-07 05:27:37,cityscapes,val,all,student_skd,/scratch/gautschi/manors/hf_cache/models--nvidia--mit-b0/snapshots/80983a413c30d36a39c20203974ae7807835e2b4,outputs-guardrailpp-v4/student_skd.ckpt,skd,img_000382,/home/manors/Guardrail-Distillation/data/cityscapes/leftImg8bit/val/munster/munster_000056_000019_leftImg8bit.png,,0.6747861245044597,0.32521387549554026,0.9584566354751587,0.9695287942886353,0.09347395598888397,0.0789751335978508,0.20704351365566254,0.9283018708229065,0.22583700716495514,-6.295930862426758,6.258598327636719,0.006166418548673391,0.0403786227107048,481641,2.8951057465747,4.895243240753189,16.23848674353212,0.9741447622726439,0.025855237727356095,150859,0.779255874226624,0.220744125773376,107311,0.08036895841360092,0.000872937380336225,10.68227575160563,0.038979824632406235,0.9610201753675938,0.15168428421020508,0.27880460023880005,0.002228282392024994,0.5005570650100708,0.4994429349899292,0.528279721736908,0.5613312125205994,0.5863447785377502,0.5005570650100708,0.4994429349899292,0.5005570650100708,0.4994429349899292,0.6917887410045724,0.30821125899542756,0.9705070853233337,0.9813156438125622,0.0186843561874378,0.007170881539918295,0.8844345128754376,0.11556548712456238,0.1051786386488136,0.0170026165001127,0.0170026165001127,0.019929781556129456,0.00787931215018034,0.9829973834998873,0.0170026165001127,0.029984988272190094,0.001723275170661509,438022
b0_cityscapes_val,2026-07-07 05:27:37,cityscapes,val,all,student_skd,/scratch/gautschi/manors/hf_cache/models--nvidia--mit-b0/snapshots/80983a413c30d36a39c20203974ae7807835e2b4,outputs-guardrailpp-v4/student_skd.ckpt,skd,img_000383,/home/manors/Guardrail-Distillation/data/cityscapes/leftImg8bit/val/munster/munster_000057_000019_leftImg8bit.png,,0.6247304489979185,0.3752695510020815,0.960533857345581,0.9719431400299072,0.09084250777959824,0.07512915134429932,0.20887649059295654,0.9317886829376221,0.22080954909324646,-6.1244120597839355,6.089827060699463,0.006732331123203039,0.036877281963825226,488241,2.8951057465747,4.895243240753189,16.23848674353212,0.8941352239784237,0.10586477602157629,150859,0.6245068625183011,0.3754931374816989,52475,0.07660569995641708,0.0010143474210053682,10.68227575160563,0.038133926689624786,0.9618660733103752,0.14477235078811646,0.26667520403862,-0.002766503719612956,0.49930834770202637,0.5006916522979736,0.5267175436019897,0.561024010181427,0.606816291809082,0.49930834770202637,0.5006916522979736,0.49930834770202637,0.5006916522979736,0.72835508822889,0.27164491177111005,0.9712437391281128,0.9028261440931756,0.09717385590682437,0.008690920114751921,0.6847760589408212,0.31522394105917884,0.060269196422520044,0.10362463923097143,0.10362463923097143,0.0176920834928751,0.006982207763940096,0.8963753607690286,0.10362463923097143,0.029004119336605072,0.0020809394773095846,447818
b0_cityscapes_val,2026-07-07 05:27:37,cityscapes,val,all,student_skd,/scratch/gautschi/manors/hf_cache/models--nvidia--mit-b0/snapshots/80983a413c30d36a39c20203974ae7807835e2b4,outputs-guardrailpp-v4/student_skd.ckpt,skd,img_000384,/home/manors/Guardrail-Distillation/data/cityscapes/leftImg8bit/val/munster/munster_000058_000019_leftImg8bit.png,,0.81611460041774,0.18388539958226002,0.9731982946395874,0.9807412028312683,0.07401428371667862,0.04868821054697037,0.15735580027103424,0.9529695510864258,0.152018740773201,-6.220362663269043,6.197044849395752,0.0023952119518071413,0.02528028003871441,486387,2.8955767629668117,4.895718506304547,16.236154246143997,0.9921211599218108,0.007878840078189175,150859,0.8720231256044884,0.12797687439551164,30891,0.049449749290943146,0.0005656107096001506,10.67594948108308,0.026473388075828552,0.9735266119241714,0.07552821934223175,0.20361797511577606,-0.012788488529622555,0.4968028664588928,0.5031971335411072,0.512062132358551,0.5443481802940369,0.621819794178009,0.4968028664588928,0.5031971335411072,0.4968028664588928,0.5031971335411072,0.8629668343138545,0.13703316568614554,0.9815825819969177,0.9838687784910687,0.016131221508931315,0.0,0.8802284991392276,0.11977150086077237,0.008205373534739269,0.04685223389611448,0.04685223389611448,0.014188290573656559,0.00580401998013258,0.9531477661038855,0.04685223389611448,0.02084348537027836,0.0018072029342874885,458190
b0_cityscapes_val,2026-07-07 05:27:37,cityscapes,val,all,student_skd,/scratch/gautschi/manors/hf_cache/models--nvidia--mit-b0/snapshots/80983a413c30d36a39c20203974ae7807835e2b4,outputs-guardrailpp-v4/student_skd.ckpt,skd,img_000385,/home/manors/Guardrail-Distillation/data/cityscapes/leftImg8bit/val/munster/munster_000059_000019_leftImg8bit.png,,0.5618136693856444,0.43818633061435563,0.9148106575012207,0.953881025314331,0.11371514201164246,0.11386563628911972,0.24662919342517853,0.9048388600349426,0.27539384365081787,-6.0084662437438965,5.951662540435791,0.008784141391515732,0.06368187814950943,476996,2.8955767629668117,4.895718506304547,16.236154246143997,0.7238549037593192,0.27614509624068084,145614,0.4319409451907556,0.5680590548092443,20668,0.11552326381206512,0.0012987148948013783,10.67594948108308,0.049796320497989655,0.9502036795020103,0.18290424346923828,0.28887268900871277,0.023504994809627533,0.5058760046958923,0.49412399530410767,0.5522381067276001,0.5821528434753418,0.5883018374443054,0.5058760046958923,0.49412399530410767,0.5058760046958923,0.49412399530410767,0.788274935300661,0.21172506469933905,0.9720752835273743,0.9470295537947039,0.05297044620529612,0.22317465003538473,0.7052579103625315,0.2947420896374685,0.27331696517177584,0.22646126591501659,0.22646126591501659,0.0667007714509964,0.009436137974262238,0.7735387340849834,0.22646126591501659,0.08040738850831985,0.011232798919081688,410526
b0_cityscapes_val,2026-07-07 05:27:37,cityscapes,val,all,student_skd,/scratch/gautschi/manors/hf_cache/models--nvidia--mit-b0/snapshots/80983a413c30d36a39c20203974ae7807835e2b4,outputs-guardrailpp-v4/student_skd.ckpt,skd,img_000386,/home/manors/Guardrail-Distillation/data/cityscapes/leftImg8bit/val/munster/munster_000060_000019_leftImg8bit.png,,0.46441466082515687,0.5355853391748431,0.9138124585151672,0.9601598978042603,0.10775870829820633,0.09961572289466858,0.23947858810424805,0.9180976152420044,0.2372877299785614,-6.1504034996032715,6.101069450378418,0.0081051429733634,0.055242251604795456,488702,2.8955767629668117,4.895718506304547,16.236154246143997,0.6048942777457609,0.3951057222542391,150859,0.373554061035663,0.626445938964337,47351,0.10085374861955643,0.0008802723605185747,10.67594948108308,0.05770258605480194,0.9422974139451981,0.2539638876914978,0.4105297327041626,0.031887900084257126,0.5079712867736816,0.49202871322631836,0.5618086457252502,0.631384551525116,0.5773404836654663,0.5079712867736816,0.49202871322631836,0.5079712867736816,0.49202871322631836,0.7070957756400981,0.29290422435990193,0.9662595391273499,0.7621717297282565,0.23782827027174347,0.15727745198249565,0.5646720280941552,0.4353279719058448,0.19111796705849216,0.24268111481494115,0.24268111481494115,0.0599629208445549,0.007515827193856239,0.7573188851850589,0.24268111481494115,0.07425588369369507,0.019471988081932068,430336
b0_cityscapes_val,2026-07-07 05:27:37,cityscapes,val,all,student_skd,/scratch/gautschi/manors/hf_cache/models--nvidia--mit-b0/snapshots/80983a413c30d36a39c20203974ae7807835e2b4,outputs-guardrailpp-v4/student_skd.ckpt,skd,img_000387,/home/manors/Guardrail-Distillation/data/cityscapes/leftImg8bit/val/munster/munster_000061_000019_leftImg8bit.png,,0.6451304603194515,0.35486953968054846,0.9701856374740601,0.9755402207374573,0.08336812257766724,0.06395900249481201,0.1858830451965332,0.9410510659217834,0.1872740089893341,-6.348983287811279,6.319210529327393,0.0044631981290876865,0.03171493858098984,480373,2.8955767629668117,4.895718506304547,16.236154246143997,0.7438293408235412,0.25617065917645876,143741,0.5155537283453487,0.48444627165465126,42382,0.06519973278045654,0.0007999434601515532,10.67594948108308,0.03366541489958763,0.9663345851004124,0.11554130911827087,0.2384324073791504,-0.009672372601926327,0.4975818991661072,0.5024181008338928,0.5196965336799622,0.5528554320335388,0.6152439117431641,0.4975818991661072,0.5024181008338928,0.4975818991661072,0.5024181008338928,0.7213034056935822,0.2786965943064178,0.9794076085090637,0.9023257849867313,0.09767421501326867,0.1584964441631901,0.6653389121323313,0.3346610878676687,0.14978518378698258,0.07617294537413066,0.07617294537413066,0.016291506588459015,0.007069506216794252,0.9238270546258693,0.07617294537413066,0.024406034499406815,0.0024855684023350477,445262
b0_cityscapes_val,2026-07-07 05:27:37,cityscapes,val,all,student_skd,/scratch/gautschi/manors/hf_cache/models--nvidia--mit-b0/snapshots/80983a413c30d36a39c20203974ae7807835e2b4,outputs-guardrailpp-v4/student_skd.ckpt,skd,img_000388,/home/manors/Guardrail-Distillation/data/cityscapes/leftImg8bit/val/munster/munster_000062_000019_leftImg8bit.png,,0.6757879411980835,0.3242120588019165,0.9391114711761475,0.9577550292015076,0.10737500339746475,0.11431790143251419,0.24381732940673828,0.8963000178337097,0.3271676301956177,-6.1610236167907715,6.109218120574951,0.009676172398030758,0.054784178733825684,491620,2.901821513660252,4.893293255008757,16.239672753727064,0.9067364327917962,0.09326356720820383,150859,0.6042361865193034,0.39576381348069656,34189,0.11665306985378265,0.0013672512723132968,10.69292175816372,0.05833838880062103,0.941661611199379,0.2253667414188385,0.3279705047607422,0.021317612379789352,0.5053291916847229,0.4946708083152771,0.5481528639793396,0.5751837491989136,0.553175687789917,0.5053291916847229,0.4946708083152771,0.5053291916847229,0.4946708083152771,0.8022315430934984,0.19776845690650158,0.9584394097328186,0.8669071788221785,0.1330928211778215,0.0,0.7588846521770494,0.24111534782295063,0.15464846565774593,0.12644360189541493,0.12644360189541493,0.035279277712106705,0.01595134288072586,0.8735563981045851,0.12644360189541493,0.054576702415943146,0.011344127357006073,431559
b0_cityscapes_val,2026-07-07 05:27:37,cityscapes,val,all,student_skd,/scratch/gautschi/manors/hf_cache/models--nvidia--mit-b0/snapshots/80983a413c30d36a39c20203974ae7807835e2b4,outputs-guardrailpp-v4/student_skd.ckpt,skd,img_000389,/home/manors/Guardrail-Distillation/data/cityscapes/leftImg8bit/val/munster/munster_000063_000019_leftImg8bit.png,,0.6010246811705693,0.3989753188294307,0.9499024152755737,0.9705365896224976,0.09430763125419617,0.081269271671772,0.22586371004581451,0.9253720045089722,0.24958841502666473,-6.473011016845703,6.436427593231201,0.008311978541314602,0.039849501103162766,491700,2.901821513660252,4.893293255008757,16.239672753727064,0.895686382592837,0.10431361740716305,150859,0.5094898290465337,0.4905101709534663,43095,0.08291895687580109,0.0011564346496015787,10.69292175816372,0.04674720764160156,0.9532527923583984,0.17612947523593903,0.3060411810874939,0.014547625556588173,0.5036368370056152,0.49636316299438477,0.5373331904411316,0.5758072137832642,0.5164042115211487,0.5036368370056152,0.49636316299438477,0.5036368370056152,0.49636316299438477,0.6601121286093452,0.3398878713906548,0.9613077044487,0.8190063786059686,0.1809936213940314,0.0,0.7694949929959931,0.2305050070040069,0.2600051639494594,0.05908744743877592,0.05908744743877592,0.02374008484184742,0.01233475748449564,0.9409125525612241,0.05908744743877592,0.03981492668390274,0.006593451369553804,450181
b0_cityscapes_val,2026-07-07 05:27:37,cityscapes,val,all,student_skd,/scratch/gautschi/manors/hf_cache/models--nvidia--mit-b0/snapshots/80983a413c30d36a39c20203974ae7807835e2b4,outputs-guardrailpp-v4/student_skd.ckpt,skd,img_000390,/home/manors/Guardrail-Distillation/data/cityscapes/leftImg8bit/val/munster/munster_000064_000019_leftImg8bit.png,,0.6227572120635578,0.37724278793644217,0.9437808394432068,0.9539092779159546,0.11149561405181885,0.12272198498249054,0.24836039543151855,0.890943706035614,0.3336949944496155,-6.059323310852051,6.002768039703369,0.010866494849324226,0.05883371829986572,484977,2.901821513660252,4.893293255008757,16.239672753727064,0.7173555182741361,0.28264448172586387,150859,0.4982530346801174,0.5017469653198826,24137,0.12465056031942368,0.0012255655601620674,10.69292175816372,0.0701684057712555,0.9298315942287445,0.25702643394470215,0.3453856408596039,0.040040548890829086,0.5100088119506836,0.4899911880493164,0.5613767504692078,0.5925771594047546,0.5644879341125488,0.5100088119506836,0.4899911880493164,0.5100088119506836,0.4899911880493164,0.678920853720835,0.321079146279165,0.9621425271034241,0.775093593027699,0.22490640697230102,0.05773807475356285,0.693735369143189,0.306264630856811,0.19548233446307162,0.056163641657277164,0.056163641657277164,0.034356266260147095,0.015994573011994362,0.9438363583427228,0.056163641657277164,0.05404585972428322,0.007878723554313183,419730
b0_cityscapes_val,2026-07-07 05:27:37,cityscapes,val,all,student_skd,/scratch/gautschi/manors/hf_cache/models--nvidia--mit-b0/snapshots/80983a413c30d36a39c20203974ae7807835e2b4,outputs-guardrailpp-v4/student_skd.ckpt,skd,img_000391,/home/manors/Guardrail-Distillation/data/cityscapes/leftImg8bit/val/munster/munster_000065_000019_leftImg8bit.png,,0.7040019349521368,0.2959980650478632,0.9559020400047302,0.9640889167785645,0.10013479739427567,0.09690181910991669,0.2308821976184845,0.9140665531158447,0.2678264379501343,-6.212347507476807,6.168340682983398,0.008078009821474552,0.045773301273584366,478707,2.901821513660252,4.893293255008757,16.239672753727064,0.715023244501983,0.28497675549801704,140057,0.8579389425107679,0.14206105748923215,86534,0.0987091213464737,0.0010388930095359683,10.69292175816372,0.04804021120071411,0.9519597887992859,0.1965072900056839,0.30601486563682556,0.005330124869942665,0.5013325214385986,0.49866747856140137,0.5399423241615295,0.5667019486427307,0.567004919052124,0.5013325214385986,0.49866747856140137,0.5013325214385986,0.49866747856140137,0.6705756934693186,0.32942430653068144,0.9672011733055115,0.7177464189423909,0.2822535810576091,0.0027231744404079272,0.6029106711244447,0.39708932887555526,0.0,0.0,0.0,0.022546149790287018,0.01124696247279644,1.0,0.0,0.036774057894945145,0.0028096516616642475,427467
b0_cityscapes_val,2026-07-07 05:27:38,cityscapes,val,all,student_skd,/scratch/gautschi/manors/hf_cache/models--nvidia--mit-b0/snapshots/80983a413c30d36a39c20203974ae7807835e2b4,outputs-guardrailpp-v4/student_skd.ckpt,skd,img_000392,/home/manors/Guardrail-Distillation/data/cityscapes/leftImg8bit/val/munster/munster_000066_000019_leftImg8bit.png,,0.6354798611739555,0.3645201388260445,0.9617417454719543,0.9713456630706787,0.09049735963344574,0.0753348097205162,0.20323234796524048,0.9315140247344971,0.21720023453235626,-6.187710285186768,6.152682781219482,0.005301123484969139,0.037820082157850266,481596,2.897632512031123,4.888610739726573,16.226558480411768,1.0,0.0,147511,0.517014274365603,0.482985725634397,32197,0.07652570307254791,0.0007684216252528131,10.675331228412688,0.03478008136153221,0.9652199186384678,0.13524679839611053,0.25766000151634216,-0.007695732172578573,0.49807605147361755,0.5019239485263824,0.520984411239624,0.5538454651832581,0.5543914437294006,0.49807605147361755,0.5019239485263824,0.49807605147361755,0.5019239485263824,0.6858478098965897,0.31415219010341033,0.9681413173675537,1.0,0.0,0.0,0.7577634188171942,0.24223658118280578,0.24074914445159123,0.05036794872263417,0.05036794872263417,0.01845945604145527,0.012059900909662247,0.9496320512773658,0.05036794872263417,0.0333370715379715,0.0017981876153498888,440525
b0_cityscapes_val,2026-07-07 05:27:38,cityscapes,val,all,student_skd,/scratch/gautschi/manors/hf_cache/models--nvidia--mit-b0/snapshots/80983a413c30d36a39c20203974ae7807835e2b4,outputs-guardrailpp-v4/student_skd.ckpt,skd,img_000393,/home/manors/Guardrail-Distillation/data/cityscapes/leftImg8bit/val/munster/munster_000067_000019_leftImg8bit.png,,0.5721809114756414,0.42781908852435857,0.9797899127006531,0.9839410185813904,0.06694040447473526,0.04268750920891762,0.14917157590389252,0.9567641615867615,0.14915940165519714,-6.365055561065674,6.345704555511475,0.002286340808495879,0.019710229709744453,436068,2.897632512031123,4.888610739726573,16.226558480411768,0.9818050313986458,0.018194968601354167,102836,0.32699609675791935,0.6730039032420807,75532,0.04342162609100342,0.0004350449307821691,10.675331228412688,0.018446890637278557,0.9815531093627214,0.034127477556467056,0.13044466078281403,-0.018051447346806526,0.495487242937088,0.504512757062912,0.5050649642944336,0.5218926668167114,0.5557811260223389,0.495487242937088,0.504512757062912,0.495487242937088,0.504512757062912,0.5972544379853724,0.40274556201462763,0.9827275276184082,0.9841307635417548,0.01586923645824523,0.0023257321431089384,0.5696096154316872,0.4303903845683128,0.2426135186737679,0.025073526509730937,0.025073526509730937,0.008792206645011902,0.005854591727256775,0.9749264734902691,0.025073526509730937,0.01536228321492672,0.0008553712395951152,414838
b0_cityscapes_val,2026-07-07 05:27:38,cityscapes,val,all,student_skd,/scratch/gautschi/manors/hf_cache/models--nvidia--mit-b0/snapshots/80983a413c30d36a39c20203974ae7807835e2b4,outputs-guardrailpp-v4/student_skd.ckpt,skd,img_000394,/home/manors/Guardrail-Distillation/data/cityscapes/leftImg8bit/val/munster/munster_000068_000019_leftImg8bit.png,,0.5974888014243003,0.4025111985756997,0.9524694085121155,0.9685620665550232,0.09653996676206589,0.08478645980358124,0.22630082070827484,0.9254680871963501,0.23810185492038727,-5.953735828399658,5.914834976196289,0.008385304361581802,0.04167763888835907,482153,2.897632512031123,4.888610739726573,16.226558480411768,1.0,0.0,150859,0.6292575051767415,0.3707424948232585,37624,0.08665255457162857,0.001074979198165238,10.675331228412688,0.044309891760349274,0.9556901082396507,0.18039730191230774,0.31950458884239197,0.0010612179758027196,0.5002653002738953,0.49973469972610474,0.5347092151641846,0.5727024674415588,0.5687637329101562,0.5002653002738953,0.49973469972610474,0.5002653002738953,0.49973469972610474,0.6950524033378489,0.3049475966621511,0.964984118938446,1.0,0.0,0.0,0.8241060349631888,0.1758939650368112,0.1948485297864473,0.09756360191354863,0.09756360191354863,0.022598635405302048,0.010083935223519802,0.9024363980864514,0.09756360191354863,0.03634738177061081,0.004569089040160179,437554
b0_cityscapes_val,2026-07-07 05:27:38,cityscapes,val,all,student_skd,/scratch/gautschi/manors/hf_cache/models--nvidia--mit-b0/snapshots/80983a413c30d36a39c20203974ae7807835e2b4,outputs-guardrailpp-v4/student_skd.ckpt,skd,img_000395,/home/manors/Guardrail-Distillation/data/cityscapes/leftImg8bit/val/munster/munster_000069_000019_leftImg8bit.png,,0.6391949960698681,0.36080500393013193,0.9659258723258972,0.9748663902282715,0.08962124586105347,0.06691256910562515,0.21211716532707214,0.9425957202911377,0.18404479324817657,-6.358631610870361,6.327102184295654,0.008429070003330708,0.03432648256421089,483446,2.897632512031123,4.888610739726573,16.226558480411768,0.929352327897714,0.07064767210228595,150859,0.48992975883655526,0.5100702411634448,86743,0.06829660385847092,0.0009431008365936577,10.675331228412688,0.03285794332623482,0.9671420566737652,0.10117112100124359,0.25821438431739807,-0.006379346363246441,0.49840518832206726,0.5015948116779327,0.5165236592292786,0.554253339767456,0.5671446323394775,0.49840518832206726,0.5015948116779327,0.49840518832206726,0.5015948116779327,0.7035510350896858,0.29644896491031425,0.9741584658622742,0.9273038079600155,0.07269619203998445,0.0,0.6170144725401467,0.38298552745985326,0.12708471370359153,0.06435603901981768,0.06435603901981768,0.016252074390649796,0.008019509725272655,0.9356439609801823,0.06435603901981768,0.02852645330131054,0.0017726902151480317,448151
b0_cityscapes_val,2026-07-07 05:27:38,cityscapes,val,all,student_skd,/scratch/gautschi/manors/hf_cache/models--nvidia--mit-b0/snapshots/80983a413c30d36a39c20203974ae7807835e2b4,outputs-guardrailpp-v4/student_skd.ckpt,skd,img_000396,/home/manors/Guardrail-Distillation/data/cityscapes/leftImg8bit/val/munster/munster_000070_000019_leftImg8bit.png,,0.4841543889273753,0.5158456110726247,0.9471415281295776,0.9603951573371887,0.10993744432926178,0.10775947570800781,0.266720712184906,0.9111618399620056,0.27765610814094543,-6.200045585632324,6.150288105010986,0.012841470539569855,0.05390574783086777,478372,2.892468502977863,4.892833239864558,16.234449518378824,0.9886052842224144,0.011394715777585551,150859,0.30995838803937464,0.6900416119606254,31111,0.11008801311254501,0.0014933301135897636,10.686219000490382,0.05414501950144768,0.9458549804985523,0.21628840267658234,0.3596818447113037,0.023957913741469383,0.5059891939163208,0.4940108060836792,0.543006956577301,0.5880327224731445,0.5190694332122803,0.5059891939163208,0.4940108060836792,0.5059891939163208,0.4940108060836792,0.5905162995057025,0.4094837004942975,0.9582375288009644,0.9832274206586936,0.01677257934130638,0.0,0.5975591147108866,0.40244088528911337,0.28760072667151204,0.10636191057832722,0.10636191057832722,0.02503908984363079,0.013943123631179333,0.8936380894216728,0.10636191057832722,0.045518968254327774,0.0024353431072086096,423851
b0_cityscapes_val,2026-07-07 05:27:38,cityscapes,val,all,student_skd,/scratch/gautschi/manors/hf_cache/models--nvidia--mit-b0/snapshots/80983a413c30d36a39c20203974ae7807835e2b4,outputs-guardrailpp-v4/student_skd.ckpt,skd,img_000397,/home/manors/Guardrail-Distillation/data/cityscapes/leftImg8bit/val/munster/munster_000071_000019_leftImg8bit.png,,0.577158542669621,0.42284145733037903,0.9587492942810059,0.9751858115196228,0.08440153300762177,0.06744107604026794,0.19908303022384644,0.939131498336792,0.1981552392244339,-6.439589977264404,6.409287452697754,0.005169023759663105,0.031370483338832855,482683,2.892468502977863,4.892833239864558,16.234449518378824,0.9793320268031098,0.020667973196890177,150859,0.36308875467776697,0.636911245322233,35843,0.06868595629930496,0.0007815355784259737,10.686219000490382,0.032133329659700394,0.9678666703402996,0.10338746756315231,0.2431449443101883,-0.008087710477411747,0.4979780614376068,0.5020219385623932,0.514295756816864,0.5541957020759583,0.5890361666679382,0.4979780614376068,0.5020219385623932,0.4979780614376068,0.5020219385623932,0.559991135721203,0.44000886427879704,0.9642332196235657,0.9426485359491668,0.057351464050833245,0.0,0.3794471053973801,0.62055289460262,0.016358350719613002,0.0,0.0,0.013727434910833836,0.008243504911661148,1.0,0.0,0.024225007742643356,0.00141915085259825,446387
b0_cityscapes_val,2026-07-07 05:27:38,cityscapes,val,all,student_skd,/scratch/gautschi/manors/hf_cache/models--nvidia--mit-b0/snapshots/80983a413c30d36a39c20203974ae7807835e2b4,outputs-guardrailpp-v4/student_skd.ckpt,skd,img_000398,/home/manors/Guardrail-Distillation/data/cityscapes/leftImg8bit/val/munster/munster_000072_000019_leftImg8bit.png,,0.4690486038160428,0.5309513961839571,0.9646320343017578,0.9746881127357483,0.08546483516693115,0.06642401218414307,0.19095489382743835,0.9390740990638733,0.1932188868522644,-6.4740986824035645,6.443120956420898,0.005461766850203276,0.03253673017024994,483177,2.892468502977863,4.892833239864558,16.234449518378824,0.6516311920335728,0.3483688079664272,150859,0.176194313546412,0.823805686453588,59202,0.06732722371816635,0.0006087588262744248,10.686219000490382,0.0311464574187994,0.9688535425812006,0.10492567718029022,0.23703093826770782,-0.0077491807751357555,0.49806275963783264,0.5019372403621674,0.5151405930519104,0.5484558939933777,0.5719874501228333,0.49806275963783264,0.5019372403621674,0.49806275963783264,0.5019372403621674,0.6111238820008008,0.3888761179991992,0.9761495590209961,0.6654800079247437,0.3345199920752563,0.01384881589117093,0.45350870156084205,0.5464912984391579,0.2773143880144301,0.14207527818475796,0.14207527818475796,0.01760224625468254,0.006084727123379707,0.857924721815242,0.14207527818475796,0.025199875235557556,0.0012976611033082008,446948
b0_cityscapes_val,2026-07-07 05:27:38,cityscapes,val,all,student_skd,/scratch/gautschi/manors/hf_cache/models--nvidia--mit-b0/snapshots/80983a413c30d36a39c20203974ae7807835e2b4,outputs-guardrailpp-v4/student_skd.ckpt,skd,img_000399,/home/manors/Guardrail-Distillation/data/cityscapes/leftImg8bit/val/munster/munster_000073_000019_leftImg8bit.png,,0.7660576792229052,0.23394232077709476,0.9793349504470825,0.9865496754646301,0.06054230034351349,0.035416096448898315,0.1321147084236145,0.9635654091835022,0.12562692165374756,-6.178956508636475,6.162876129150391,0.001067773555405438,0.016632387414574623,482312,2.892468502977863,4.892833239864558,16.234449518378824,0.9136277858497065,0.0863722141502935,150640,0.7786092938725137,0.22139070612748635,70050,0.03598492220044136,0.0003618238552007824,10.686219000490382,0.019218068569898605,0.9807819314301014,0.03509870544075966,0.14220298826694489,-0.02934214472770691,0.49266499280929565,0.5073350071907043,0.500871479511261,0.5240609049797058,0.6295130848884583,0.49266499280929565,0.5073350071907043,0.49266499280929565,0.5073350071907043,0.7844132375029951,0.21558676249700492,0.986458957195282,0.6859712810058678,0.3140287189941322,0.0,0.8913514050967878,0.10864859490321221,0.11274211122427413,0.018355558280089834,0.018355558280089834,0.010586507618427277,0.0034624889958649874,0.9816444417199102,0.018355558280089834,0.014465739950537682,0.0019530925201252103,462677
b0_cityscapes_val,2026-07-07 05:27:38,cityscapes,val,all,student_skd,/scratch/gautschi/manors/hf_cache/models--nvidia--mit-b0/snapshots/80983a413c30d36a39c20203974ae7807835e2b4,outputs-guardrailpp-v4/student_skd.ckpt,skd,img_000400,/home/manors/Guardrail-Distillation/data/cityscapes/leftImg8bit/val/munster/munster_000074_000019_leftImg8bit.png,,0.5393432564061257,0.4606567435938743,0.950654149055481,0.972220242023468,0.09113945811986923,0.07274370640516281,0.20895221829414368,0.9360120296478271,0.20253638923168182,-6.179123878479004,6.14481258392334,0.006763171404600143,0.037491027265787125,466645,2.8976695029996336,4.891346499789506,16.242632002104074,0.9655013443292986,0.03449865567070143,132359,0.5511796096975957,0.4488203903024043,74809,0.0739649161696434,0.0007024402730166912,10.680086503271013,0.036396682262420654,0.9636033177375793,0.1367402970790863,0.2784854471683502,0.0018755346536636353,0.5004688501358032,0.4995311498641968,0.5241103768348694,0.5664363503456116,0.590470016002655,0.5004688501358032,0.4995311498641968,0.5004688501358032,0.4995311498641968,0.7698080098628178,0.23019199013718217,0.9635354280471802,0.9906872024360066,0.009312797563993391,0.025185858106708037,0.7279927373274268,0.27200726267257325,0.17681312762983104,0.23046475345669215,0.23046475345669215,0.01923517882823944,0.006353866308927536,0.7695352465433078,0.23046475345669215,0.02870490401983261,0.0019093743758276105,428229
b0_cityscapes_val,2026-07-07 05:27:38,cityscapes,val,all,student_skd,/scratch/gautschi/manors/hf_cache/models--nvidia--mit-b0/snapshots/80983a413c30d36a39c20203974ae7807835e2b4,outputs-guardrailpp-v4/student_skd.ckpt,skd,img_000401,/home/manors/Guardrail-Distillation/data/cityscapes/leftImg8bit/val/munster/munster_000075_000019_leftImg8bit.png,,0.518805405556555,0.48119459444344503,0.9827457666397095,0.9878474473953247,0.055301688611507416,0.03382271155714989,0.12707675993442535,0.9654611945152283,0.1182294487953186,-6.260729789733887,6.2463908195495605,0.0013431634288281202,0.012622779235243797,473509,2.8976695029996336,4.891346499789506,16.242632002104074,0.9947631143899539,0.005236885610046094,136963,0.3417807391471787,0.6582192608528212,69104,0.03433061018586159,0.0003537922748364508,10.680086503271013,0.019494058564305305,0.9805059414356947,0.03641510754823685,0.1570635735988617,-0.017521198838949203,0.4956198036670685,0.5043801963329315,0.5036681294441223,0.5319602489471436,0.6272957921028137,0.4956198036670685,0.5043801963329315,0.4956198036670685,0.5043801963329315,0.6599858681272244,0.3400141318727756,0.987480640411377,0.9958778995656346,0.00412210043436545,0.0011147851756806437,0.5220095446706247,0.47799045532937534,0.1802288055234459,0.1411804625706694,0.1411804625706694,0.00885305181145668,0.0041181896813213825,0.8588195374293306,0.1411804625706694,0.014901511371135712,0.0007666168385185301,455339
b0_cityscapes_val,2026-07-07 05:27:38,cityscapes,val,all,student_skd,/scratch/gautschi/manors/hf_cache/models--nvidia--mit-b0/snapshots/80983a413c30d36a39c20203974ae7807835e2b4,outputs-guardrailpp-v4/student_skd.ckpt,skd,img_000402,/home/manors/Guardrail-Distillation/data/cityscapes/leftImg8bit/val/munster/munster_000076_000019_leftImg8bit.png,,0.5098880848599399,0.49011191514006014,0.9643101096153259,0.9686766266822815,0.0938148945569992,0.08497102558612823,0.2176983505487442,0.9238272905349731,0.2409118115901947,-6.139920711517334,6.101616859436035,0.007223076652735472,0.03975832462310791,493557,2.8976695029996336,4.891346499789506,16.242632002104074,0.9813845125406185,0.018615487459381463,150859,0.2440503696857671,0.7559496303142329,13568,0.08640706539154053,0.0007757204002700746,10.680086503271013,0.04441307112574577,0.9555869288742542,0.1656835675239563,0.2897891700267792,0.00216259085573256,0.5005406737327576,0.49945932626724243,0.5323023200035095,0.5664739012718201,0.581691324710846,0.5005406737327576,0.49945932626724243,0.5005406737327576,0.49945932626724243,0.4570758040053557,0.5429241959946443,0.9696164727210999,0.9855955206510407,0.014404479348959276,0.0042110081104221875,0.24255850942967508,0.757441490570325,0.0,0.0,0.0,0.013984200544655323,0.008677822537720203,1.0,0.0,0.025670792907476425,0.0017363749211654067,447699
b0_cityscapes_val,2026-07-07 05:27:38,cityscapes,val,all,student_skd,/scratch/gautschi/manors/hf_cache/models--nvidia--mit-b0/snapshots/80983a413c30d36a39c20203974ae7807835e2b4,outputs-guardrailpp-v4/student_skd.ckpt,skd,img_000403,/home/manors/Guardrail-Distillation/data/cityscapes/leftImg8bit/val/munster/munster_000077_000019_leftImg8bit.png,,0.6154479674741046,0.3845520325258954,0.9636276364326477,0.9705443978309631,0.09160683304071426,0.07875554263591766,0.21180342137813568,0.931075930595398,0.2144593745470047,-6.229617118835449,6.193614482879639,0.005864067934453487,0.03895973414182663,487375,2.8976695029996336,4.891346499789506,16.242632002104074,1.0,0.0,150859,0.8359224986056039,0.16407750139439614,13930,0.0801391750574112,0.0009073193068616092,10.680086503271013,0.04382370039820671,0.9561762996017933,0.18476545810699463,0.30484452843666077,0.004287117160856724,0.5010717511177063,0.4989282488822937,0.5397086143493652,0.5770955681800842,0.6075687408447266,0.5010717511177063,0.4989282488822937,0.5010717511177063,0.4989282488822937,0.7140475561153886,0.2859524438846114,0.9717938303947449,1.0,0.0,0.0,0.810118089367814,0.18988191063218596,0.0,0.09859958864128404,0.09859958864128404,0.017914338037371635,0.009748141281306744,0.901400411358716,0.09859958864128404,0.02953372709453106,0.0020456528291106224,444397
b0_cityscapes_val,2026-07-07 05:27:38,cityscapes,val,all,student_skd,/scratch/gautschi/manors/hf_cache/models--nvidia--mit-b0/snapshots/80983a413c30d36a39c20203974ae7807835e2b4,outputs-guardrailpp-v4/student_skd.ckpt,skd,img_000404,/home/manors/Guardrail-Distillation/data/cityscapes/leftImg8bit/val/munster/munster_000078_000019_leftImg8bit.png,,0.6568993065124729,0.34310069348752714,0.9223935008049011,0.9562128186225891,0.106511689722538,0.1157335564494133,0.23686406016349792,0.8966118693351746,0.3166339099407196,-6.0183634757995605,5.965347766876221,0.0066276551224291325,0.05555612966418266,487201,2.8985977405682206,4.9026777560357,16.236472758464515,0.5984161107558632,0.4015838892441368,150859,0.5915941732679495,0.4084058267320505,82193,0.11857026070356369,0.001703427406027913,10.688661510357633,0.06933257728815079,0.9306674227118492,0.2613823115825653,0.3482958674430847,0.03845865651965141,0.5096135139465332,0.4903864860534668,0.5655778646469116,0.5936748385429382,0.5595077276229858,0.5096135139465332,0.4903864860534668,0.5096135139465332,0.4903864860534668,0.6966756532052913,0.30332434679470865,0.9471491575241089,0.6356113401957457,0.3643886598042543,0.037195229439882516,0.6424370994024422,0.3575629005975578,0.050842926134492705,0.03977634669281849,0.03977634669281849,0.03470025956630707,0.009944560937583447,0.9602236533071815,0.03977634669281849,0.04739727824926376,0.008089064620435238,421398
b0_cityscapes_val,2026-07-07 05:27:38,cityscapes,val,all,student_skd,/scratch/gautschi/manors/hf_cache/models--nvidia--mit-b0/snapshots/80983a413c30d36a39c20203974ae7807835e2b4,outputs-guardrailpp-v4/student_skd.ckpt,skd,img_000405,/home/manors/Guardrail-Distillation/data/cityscapes/leftImg8bit/val/munster/munster_000079_000019_leftImg8bit.png,,0.6288247057960014,0.37117529420399864,0.9647122621536255,0.9773625731468201,0.08039192855358124,0.06136694177985191,0.18446482717990875,0.9398944973945618,0.2032221555709839,-5.930539608001709,5.902925968170166,0.004295043647289276,0.028349746018648148,488470,2.8985977405682206,4.9026777560357,16.236472758464515,0.9793582722128054,0.02064172778719464,150859,0.7434208984000235,0.25657910159997654,29039,0.06267710030078888,0.0007957827765494585,10.688661510357633,0.03229788690805435,0.9677021130919456,0.10497121512889862,0.2144831269979477,-0.007674450520426035,0.49808138608932495,0.501918613910675,0.5165227055549622,0.5438900589942932,0.6044496893882751,0.49808138608932495,0.501918613910675,0.49808138608932495,0.501918613910675,0.7075288836236765,0.2924711163763235,0.9740414023399353,0.9696369987927753,0.030363001207224682,0.0,0.7827977505834265,0.2172022494165735,0.03937685218340303,0.07870417782767514,0.07870417782767514,0.01633058302104473,0.007001453544944525,0.9212958221723249,0.07870417782767514,0.025536881759762764,0.0031731734052300453,455715
b0_cityscapes_val,2026-07-07 05:27:38,cityscapes,val,all,student_skd,/scratch/gautschi/manors/hf_cache/models--nvidia--mit-b0/snapshots/80983a413c30d36a39c20203974ae7807835e2b4,outputs-guardrailpp-v4/student_skd.ckpt,skd,img_000406,/home/manors/Guardrail-Distillation/data/cityscapes/leftImg8bit/val/munster/munster_000080_000019_leftImg8bit.png,,0.6128373860036103,0.38716261399638974,0.9515485167503357,0.9698463082313538,0.09680043160915375,0.08092013001441956,0.22991257905960083,0.9304280877113342,0.22179442644119263,-6.451051712036133,6.413331508636475,0.00938512198626995,0.041177500039339066,492162,2.8985977405682206,4.9026777560357,16.236472758464515,0.9098477834412991,0.09015221655870087,150859,0.5361155532965245,0.4638844467034755,89633,0.0828801766037941,0.0012891414808109403,10.688661510357633,0.039252571761608124,0.9607474282383919,0.14121758937835693,0.2830106317996979,-0.0011922639096155763,0.49970191717147827,0.5002980828285217,0.5229439735412598,0.5608112812042236,0.5414425134658813,0.49970191717147827,0.5002980828285217,0.49970191717147827,0.5002980828285217,0.6732391107773783,0.3267608892226217,0.9703736305236816,0.9427915023999308,0.057208497600069186,0.032943718958631685,0.5905820757937132,0.40941792420628675,0.05446652249718875,0.06040172477376804,0.06040172477376804,0.025111651048064232,0.00628654845058918,0.939598275226232,0.06040172477376804,0.035392820835113525,0.00460823904722929,449493
b0_cityscapes_val,2026-07-07 05:27:38,cityscapes,val,all,student_skd,/scratch/gautschi/manors/hf_cache/models--nvidia--mit-b0/snapshots/80983a413c30d36a39c20203974ae7807835e2b4,outputs-guardrailpp-v4/student_skd.ckpt,skd,img_000407,/home/manors/Guardrail-Distillation/data/cityscapes/leftImg8bit/val/munster/munster_000081_000019_leftImg8bit.png,,0.5825215769334916,0.4174784230665084,0.972332239151001,0.9829955697059631,0.06850441545248032,0.04354611039161682,0.14703631401062012,0.9580270051956177,0.13489970564842224,-6.5798659324646,6.559421062469482,0.0018114002887159586,0.02097952924668789,495197,2.8985977405682206,4.9026777560357,16.236472758464515,0.6230774433754597,0.37692255662454033,150859,0.9921933836630481,0.007806616336951899,163323,0.04417897015810013,0.00039334228495135903,10.688661510357633,0.019578171893954277,0.9804218281060457,0.03636636957526207,0.14628180861473083,-0.02458886057138443,0.49385306239128113,0.5061469376087189,0.5020980834960938,0.5232017040252686,0.5813822746276855,0.49385306239128113,0.5061469376087189,0.49385306239128113,0.5061469376087189,0.6738228149536478,0.3261771850463522,0.9803451895713806,0.8441208183470658,0.15587918165293424,0.2210433749716061,0.9921872608267054,0.007812739173294614,0.0,0.09130123802015622,0.09130123802015622,0.013661229982972145,0.005648257210850716,0.9086987619798438,0.09130123802015622,0.0204645823687315,0.00279484735801816,469297
b0_cityscapes_val,2026-07-07 05:27:38,cityscapes,val,all,student_skd,/scratch/gautschi/manors/hf_cache/models--nvidia--mit-b0/snapshots/80983a413c30d36a39c20203974ae7807835e2b4,outputs-guardrailpp-v4/student_skd.ckpt,skd,img_000408,/home/manors/Guardrail-Distillation/data/cityscapes/leftImg8bit/val/munster/munster_000082_000019_leftImg8bit.png,,0.5227090344742678,0.47729096552573225,0.9656925201416016,0.9791344404220581,0.07368841022253036,0.053331159055233,0.15448404848575592,0.9481000900268555,0.1642533391714096,-6.333794593811035,6.308956146240234,0.001031666761264205,0.02516176551580429,495315,2.894638746511191,4.892713506706059,16.240174241829664,0.9328308402120321,0.06716915978796789,150859,0.5095661148959171,0.4904338851040829,152135,0.05424986034631729,0.0005875338683836162,10.678618273232132,0.03348138555884361,0.9665186144411564,0.1156759187579155,0.2603590786457062,0.001113693811930716,0.5002784132957458,0.49972158670425415,0.5177476406097412,0.5555782914161682,0.5815830826759338,0.5002784132957458,0.49972158670425415,0.5002784132957458,0.49972158670425415,0.6466892802029713,0.35331071979702866,0.9757447242736816,0.921554388509267,0.07844561149073304,0.0,0.9090350233542968,0.09096497664570324,0.3994689084583797,0.12398024572870359,0.12398024572870359,0.01686401665210724,0.006811826955527067,0.8760197542712964,0.12398024572870359,0.02425527200102806,0.0034725377336144447,463499
b0_cityscapes_val,2026-07-07 05:27:39,cityscapes,val,all,student_skd,/scratch/gautschi/manors/hf_cache/models--nvidia--mit-b0/snapshots/80983a413c30d36a39c20203974ae7807835e2b4,outputs-guardrailpp-v4/student_skd.ckpt,skd,img_000409,/home/manors/Guardrail-Distillation/data/cityscapes/leftImg8bit/val/munster/munster_000083_000019_leftImg8bit.png,,0.5779297181212047,0.42207028187879525,0.9412696957588196,0.9553860425949097,0.11376083642244339,0.11678484082221985,0.2598922848701477,0.9003351330757141,0.3059636652469635,-6.308657646179199,6.253220558166504,0.011734630912542343,0.06172575056552887,489747,2.894638746511191,4.892713506706059,16.240174241829664,0.8793417337427254,0.1206582662572746,150859,0.4661127154003345,0.5338872845996655,68690,0.11889662593603134,0.001402046880684793,10.678618273232132,0.05878418684005737,0.9412158131599426,0.23832207918167114,0.3332916796207428,0.02361329272389412,0.5059030652046204,0.49409693479537964,0.5521438717842102,0.5881703495979309,0.5116406679153442,0.5059030652046204,0.49409693479537964,0.5059030652046204,0.49409693479537964,0.6005345845166356,0.39946541548336445,0.9557057023048401,0.8642151043382132,0.13578489566178675,0.0,0.5756459419589056,0.4243540580410944,0.10953322655857112,0.0226048663954308,0.0226048663954308,0.0303973276168108,0.0159613024443388,0.9773951336045692,0.0226048663954308,0.04976242780685425,0.006501316092908382,425880
b0_cityscapes_val,2026-07-07 05:27:39,cityscapes,val,all,student_skd,/scratch/gautschi/manors/hf_cache/models--nvidia--mit-b0/snapshots/80983a413c30d36a39c20203974ae7807835e2b4,outputs-guardrailpp-v4/student_skd.ckpt,skd,img_000410,/home/manors/Guardrail-Distillation/data/cityscapes/leftImg8bit/val/munster/munster_000084_000019_leftImg8bit.png,,0.46122899230960707,0.5387710076903929,0.8880560398101807,0.9332215785980225,0.13651162385940552,0.167825847864151,0.3009205460548401,0.8664756417274475,0.38304442167282104,-5.943961143493652,5.860518932342529,0.017953399568796158,0.09876909852027893,491996,2.894638746511191,4.892713506706059,16.240174241829664,0.5365856379730944,0.46341436202690556,150859,0.38483192676307404,0.615168073236926,28666,0.16998475790023804,0.0016571171581745148,10.678618273232132,0.09551112353801727,0.9044888764619827,0.358806312084198,0.4373947083950043,0.07415952533483505,0.5185313820838928,0.4814686179161072,0.5917208194732666,0.6250163912773132,0.510254442691803,0.5185313820838928,0.4814686179161072,0.5185313820838928,0.4814686179161072,0.703040097933369,0.29695990206663103,0.9385523796081543,0.6512086600758819,0.34879133992411815,0.11462302210278741,0.7873829905018848,0.21261700949811524,0.4025510637388108,0.24181110562376185,0.24181110562376185,0.07129529863595963,0.020798951387405396,0.7581888943762382,0.24181110562376185,0.09901503473520279,0.015004187822341919,396854
b0_cityscapes_val,2026-07-07 05:27:39,cityscapes,val,all,student_skd,/scratch/gautschi/manors/hf_cache/models--nvidia--mit-b0/snapshots/80983a413c30d36a39c20203974ae7807835e2b4,outputs-guardrailpp-v4/student_skd.ckpt,skd,img_000411,/home/manors/Guardrail-Distillation/data/cityscapes/leftImg8bit/val/munster/munster_000085_000019_leftImg8bit.png,,0.597655826187686,0.402344173812314,0.9487560987472534,0.9591113328933716,0.1052352637052536,0.10706577450037003,0.2344028353691101,0.9057953357696533,0.2866959273815155,-6.345656871795654,6.295760154724121,0.008071821182966232,0.05294254422187805,460367,2.894638746511191,4.892713506706059,16.240174241829664,0.8422949013224207,0.15770509867757931,134441,0.8418013311701471,0.1581986688298529,54486,0.10892604291439056,0.0011765974340960383,10.678618273232132,0.04822060838341713,0.9517793916165829,0.1940397322177887,0.29426082968711853,0.010901614092290401,0.50272536277771,0.49727463722229004,0.537726640701294,0.5634081959724426,0.5637980699539185,0.50272536277771,0.49727463722229004,0.50272536277771,0.49727463722229004,0.6550593393461391,0.34494066065386086,0.9639070630073547,0.8645073792019201,0.1354926207980799,0.022212477879499426,0.5255637497457502,0.47443625025424985,0.0,0.05740351315845316,0.05740351315845316,0.026952410116791725,0.011801454238593578,0.9425964868415468,0.05740351315845316,0.041221462190151215,0.004392147995531559,403545
b0_cityscapes_val,2026-07-07 05:27:39,cityscapes,val,all,student_skd,/scratch/gautschi/manors/hf_cache/models--nvidia--mit-b0/snapshots/80983a413c30d36a39c20203974ae7807835e2b4,outputs-guardrailpp-v4/student_skd.ckpt,skd,img_000412,/home/manors/Guardrail-Distillation/data/cityscapes/leftImg8bit/val/munster/munster_000086_000019_leftImg8bit.png,,0.5230305159138317,0.47696948408616835,0.9677740335464478,0.9768053293228149,0.07896090298891068,0.06105954200029373,0.17296378314495087,0.9415215253829956,0.18669264018535614,-6.3652424812316895,6.337371349334717,0.002739257412031293,0.028754986822605133,485168,2.8935400187037885,4.896475991699845,16.242454730672762,0.9196625496671645,0.08033745033283546,150859,0.44673212889022806,0.5532678711097719,96329,0.06198045611381531,0.000642241386231035,10.688117268728092,0.030680568888783455,0.9693194311112165,0.10007377713918686,0.22774243354797363,-0.01236359030008316,0.49690917134284973,0.5030908286571503,0.5132874250411987,0.5450822114944458,0.5852648615837097,0.49690917134284973,0.5030908286571503,0.49690917134284973,0.5030908286571503,0.6132147018932945,0.3867852981067055,0.9742377996444702,0.9354135522364723,0.06458644776352773,0.015751002569307726,0.43990058164833923,0.5600994183516608,0.0,0.09018418597946287,0.09018418597946287,0.014397074468433857,0.007933334447443485,0.9098158140205371,0.09018418597946287,0.02347434312105179,0.0021023645531386137,451153
b0_cityscapes_val,2026-07-07 05:27:39,cityscapes,val,all,student_skd,/scratch/gautschi/manors/hf_cache/models--nvidia--mit-b0/snapshots/80983a413c30d36a39c20203974ae7807835e2b4,outputs-guardrailpp-v4/student_skd.ckpt,skd,img_000413,/home/manors/Guardrail-Distillation/data/cityscapes/leftImg8bit/val/munster/munster_000087_000019_leftImg8bit.png,,0.6150121413055629,0.3849878586944371,0.9772742986679077,0.9859141707420349,0.0626714900135994,0.03634566068649292,0.13460417091846466,0.963569164276123,0.1214364767074585,-6.5015435218811035,6.4845967292785645,0.0017560810083523393,0.01715369150042534,493713,2.8935400187037885,4.896475991699845,16.242454730672762,0.9201737416762543,0.07982625832374568,150859,0.328628867854701,0.671371132145299,107106,0.03690903261303902,0.0003810366615653038,10.688117268728092,0.01589629426598549,0.9841037057340145,0.023528261110186577,0.10633056610822678,-0.025176722556352615,0.4937061071395874,0.5062938928604126,0.5010415315628052,0.5130679607391357,0.6127843260765076,0.4937061071395874,0.5062938928604126,0.4937061071395874,0.5062938928604126,0.6608513391984547,0.33914866080154527,0.9801666736602783,0.9194931441802155,0.08050685581978445,0.0,0.34261730683725666,0.6573826931627433,0.01398843898255564,0.045839197892891814,0.045839197892891814,0.007844639010727406,0.004952270071953535,0.9541608021071082,0.045839197892891814,0.01469477266073227,0.0012132555712014437,472610
b0_cityscapes_val,2026-07-07 05:27:39,cityscapes,val,all,student_skd,/scratch/gautschi/manors/hf_cache/models--nvidia--mit-b0/snapshots/80983a413c30d36a39c20203974ae7807835e2b4,outputs-guardrailpp-v4/student_skd.ckpt,skd,img_000414,/home/manors/Guardrail-Distillation/data/cityscapes/leftImg8bit/val/munster/munster_000088_000019_leftImg8bit.png,,0.6190618798312806,0.3809381201687194,0.9755831956863403,0.9826778769493103,0.0669839009642601,0.047157298773527145,0.15047483146190643,0.9524497389793396,0.16021636128425598,-6.3263936042785645,6.305810928344727,0.0015777044463902712,0.019730467349290848,491220,2.8935400187037885,4.896475991699845,16.242454730672762,0.6638375479595502,0.3361624520404498,150859,0.41909233104742555,0.5809076689525745,74833,0.04801063612103462,0.00044898781925439835,10.688117268728092,0.02393248863518238,0.9760675113648176,0.06357777863740921,0.184683158993721,-0.017044438049197197,0.49573901295661926,0.5042609870433807,0.5091213583946228,0.5407347083091736,0.6093556880950928,0.49573901295661926,0.5042609870433807,0.49573901295661926,0.5042609870433807,0.7182425369030988,0.2817574630969012,0.9769552946090698,0.6522749848122761,0.3477250151877239,0.0,0.5521248848189068,0.44787511518109324,0.13303255377148127,0.09918065707181822,0.09918065707181822,0.009101827628910542,0.00772973382845521,0.9008193429281818,0.09918065707181822,0.01786368526518345,0.0024001465644687414,464746
b0_cityscapes_val,2026-07-07 05:27:39,cityscapes,val,all,student_skd,/scratch/gautschi/manors/hf_cache/models--nvidia--mit-b0/snapshots/80983a413c30d36a39c20203974ae7807835e2b4,outputs-guardrailpp-v4/student_skd.ckpt,skd,img_000415,/home/manors/Guardrail-Distillation/data/cityscapes/leftImg8bit/val/munster/munster_000089_000019_leftImg8bit.png,,0.6880381802980394,0.3119618197019606,0.962439775466919,0.972078800201416,0.08997472375631332,0.07261419296264648,0.20147763192653656,0.9349888563156128,0.20351111888885498,-6.218710899353027,6.184491157531738,0.005747524090111256,0.03691553696990013,491690,2.8935400187037885,4.896475991699845,16.242454730672762,0.9587304735928589,0.0412695264071411,150859,0.7735814599288997,0.2264185400711003,34341,0.07382079213857651,0.0007418027380481362,10.688117268728092,0.03299788013100624,0.9670021198689938,0.12004897743463516,0.24968285858631134,-0.004641083534806967,0.49883970618247986,0.5011602938175201,0.5216053128242493,0.5517951846122742,0.5615581274032593,0.49883970618247986,0.5011602938175201,0.49883970618247986,0.5011602938175201,0.7858127781805239,0.21418722181947614,0.9707193970680237,0.9504307678583344,0.04956923214166564,0.0,0.887233053909378,0.11276694609062199,0.1136515939804783,0.09777459788248444,0.09777459788248444,0.017460187897086143,0.009180581197142601,0.9022254021175156,0.09777459788248444,0.028208831325173378,0.0019260103581473231,450589
b0_cityscapes_val,2026-07-07 05:27:39,cityscapes,val,all,student_skd,/scratch/gautschi/manors/hf_cache/models--nvidia--mit-b0/snapshots/80983a413c30d36a39c20203974ae7807835e2b4,outputs-guardrailpp-v4/student_skd.ckpt,skd,img_000416,/home/manors/Guardrail-Distillation/data/cityscapes/leftImg8bit/val/munster/munster_000090_000019_leftImg8bit.png,,0.4550090408865034,0.5449909591134966,0.9486416578292847,0.9632940292358398,0.1046668142080307,0.09874139726161957,0.24694903194904327,0.9180917739868164,0.2522353529930115,-6.374120235443115,6.328486442565918,0.010980711318552494,0.04978477209806442,492500,2.9073782498016953,4.900939995422959,16.259978496236727,0.3642626416872851,0.6357373583127148,150859,0.24372417544878652,0.7562758245512134,26207,0.10037847608327866,0.0010345581686124206,10.678310500225052,0.047336429357528687,0.9526635706424713,0.21013200283050537,0.34521740674972534,0.014507720246911049,0.5036268830299377,0.49637311697006226,0.5467206239700317,0.5846617221832275,0.514273464679718,0.5036268830299377,0.49637311697006226,0.5036268830299377,0.49637311697006226,0.5552545415844876,0.4447454584155124,0.9591858386993408,0.6418292364892771,0.35817076351072286,0.277566594801992,0.3439359810842639,0.6560640189157361,0.10021180563547738,0.10024550069798421,0.10024550069798421,0.022330965846776962,0.011786802671849728,0.8997544993020158,0.10024550069798421,0.038952287286520004,0.002487309742718935,438695
b0_cityscapes_val,2026-07-07 05:27:39,cityscapes,val,all,student_skd,/scratch/gautschi/manors/hf_cache/models--nvidia--mit-b0/snapshots/80983a413c30d36a39c20203974ae7807835e2b4,outputs-guardrailpp-v4/student_skd.ckpt,skd,img_000417,/home/manors/Guardrail-Distillation/data/cityscapes/leftImg8bit/val/munster/munster_000091_000019_leftImg8bit.png,,0.48151787241980476,0.5184821275801952,0.9123605489730835,0.9731445908546448,0.08702399581670761,0.0706121101975441,0.1967564970254898,0.936797559261322,0.19489212334156036,-6.284884929656982,6.252170562744141,0.004797887522727251,0.03450608253479004,490841,2.9073782498016953,4.900939995422959,16.259978496236727,0.499996685602922,0.500003314397078,150857,0.3756983410570639,0.6243016589429361,76556,0.07265115529298782,0.0013996571069583297,10.678310500225052,0.04293854534626007,0.9570614546537399,0.16037945449352264,0.3040412366390228,0.01086959708482027,0.5027173757553101,0.49728262424468994,0.5308539867401123,0.5747629404067993,0.562438428401947,0.5027173757553101,0.49728262424468994,0.5027173757553101,0.49728262424468994,0.608658468360364,0.39134153163963603,0.972235381603241,0.4999668560292197,0.5000331439707804,0.0,0.6039463495174652,0.3960536504825348,0.22824800846040127,0.12714059594055915,0.12714059594055915,0.06685056537389755,0.006975782103836536,0.8728594040594408,0.12714059594055915,0.07733664661645889,0.0469907745718956,451406
b0_cityscapes_val,2026-07-07 05:27:39,cityscapes,val,all,student_skd,/scratch/gautschi/manors/hf_cache/models--nvidia--mit-b0/snapshots/80983a413c30d36a39c20203974ae7807835e2b4,outputs-guardrailpp-v4/student_skd.ckpt,skd,img_000418,/home/manors/Guardrail-Distillation/data/cityscapes/leftImg8bit/val/munster/munster_000092_000019_leftImg8bit.png,,0.47074117687555267,0.5292588231244473,0.9609351754188538,0.9748470783233643,0.0853506326675415,0.06503339856863022,0.18970344960689545,0.9402292370796204,0.192929208278656,-6.136105060577393,6.10537576675415,0.004559115041047335,0.033276427537202835,449868,2.9073782498016953,4.900939995422959,16.259978496236727,1.0,0.0,113187,0.3525698746528942,0.6474301253471058,74697,0.06627371907234192,0.0007003850187174976,10.678310500225052,0.0281478650867939,0.9718521349132061,0.09258893877267838,0.22600145637989044,-0.010210850276052952,0.49744731187820435,0.5025526881217957,0.5132541656494141,0.5514591932296753,0.568748414516449,0.49744731187820435,0.5025526881217957,0.49744731187820435,0.5025526881217957,0.5648343011982891,0.43516569880171085,0.9736410975456238,1.0,0.0,0.0,0.413353032276481,0.586646967723519,0.06078315762358677,0.09409312432273642,0.09409312432273642,0.01947460137307644,0.006768651772290468,0.9059068756772636,0.09409312432273642,0.02831052616238594,0.002418487099930644,414996
b0_cityscapes_val,2026-07-07 05:27:39,cityscapes,val,all,student_skd,/scratch/gautschi/manors/hf_cache/models--nvidia--mit-b0/snapshots/80983a413c30d36a39c20203974ae7807835e2b4,outputs-guardrailpp-v4/student_skd.ckpt,skd,img_000419,/home/manors/Guardrail-Distillation/data/cityscapes/leftImg8bit/val/munster/munster_000093_000019_leftImg8bit.png,,0.5380715951624749,0.46192840483752506,0.947760283946991,0.978095531463623,0.0766615942120552,0.059371501207351685,0.17204543948173523,0.9415385127067566,0.19406211376190186,-6.372391223907471,6.346097469329834,0.0028484598733484745,0.026690587401390076,482717,2.9073782498016953,4.900939995422959,16.259978496236727,0.7400595744456501,0.25994042555434993,145520,0.4834798052484919,0.5165201947515081,65360,0.06045273691415787,0.0005586930201388896,10.678310500225052,0.027003051713109016,0.972996948286891,0.08512699604034424,0.20783333480358124,-0.006443796679377556,0.4983890950679779,0.5016109049320221,0.5150094628334045,0.543878436088562,0.5272380709648132,0.4983890950679779,0.5016109049320221,0.4983890950679779,0.5016109049320221,0.5319831832040034,0.4680168167959966,0.9502068758010864,0.9884234579459609,0.01157654205403913,0.2483638835003108,0.32639250390421654,0.6736074960957834,0.0,0.0,0.0,0.010097013786435127,0.007650445681065321,1.0,0.0,0.018580244854092598,0.0008058552048169076,450722
b0_cityscapes_val,2026-07-07 05:27:39,cityscapes,val,all,student_skd,/scratch/gautschi/manors/hf_cache/models--nvidia--mit-b0/snapshots/80983a413c30d36a39c20203974ae7807835e2b4,outputs-guardrailpp-v4/student_skd.ckpt,skd,img_000420,/home/manors/Guardrail-Distillation/data/cityscapes/leftImg8bit/val/munster/munster_000094_000019_leftImg8bit.png,,0.5104702733092418,0.4895297266907582,0.9333880543708801,0.9603429436683655,0.1052231565117836,0.10851773619651794,0.24793662130832672,0.9064314961433411,0.2927204966545105,-6.180293560028076,6.131594181060791,0.009396961890161037,0.05147287994623184,475260,2.894924517022446,4.880115506239235,16.252804518444464,0.4992731055730796,0.5007268944269204,149953,0.33755105733335034,0.6624489426666497,30055,0.11084883660078049,0.0013510555727407336,10.689288494177163,0.05617545172572136,0.9438245482742786,0.24051278829574585,0.3470499515533447,0.023142751306295395,0.5057854056358337,0.49421459436416626,0.5544573664665222,0.5863927602767944,0.5199253559112549,0.5057854056358337,0.49421459436416626,0.5057854056358337,0.49421459436416626,0.5769690094977884,0.4230309905022116,0.9562407732009888,0.49975992477642994,0.5002400752235701,0.00048681920335036377,0.45634767882081917,0.5436523211791808,0.11879662148746883,0.06649873618854663,0.06649873618854663,0.03186676651239395,0.009014013223350048,0.9335012638114534,0.06649873618854663,0.04659765213727951,0.00749484496191144,418674
b0_cityscapes_val,2026-07-07 05:27:39,cityscapes,val,all,student_skd,/scratch/gautschi/manors/hf_cache/models--nvidia--mit-b0/snapshots/80983a413c30d36a39c20203974ae7807835e2b4,outputs-guardrailpp-v4/student_skd.ckpt,skd,img_000421,/home/manors/Guardrail-Distillation/data/cityscapes/leftImg8bit/val/munster/munster_000095_000019_leftImg8bit.png,,0.5829221604705447,0.4170778395294553,0.9490593075752258,0.9690914154052734,0.09509667009115219,0.08108978718519211,0.21652363240718842,0.928208589553833,0.22370989620685577,-6.186971187591553,6.14886999130249,0.0072958203963935375,0.041104260832071304,484524,2.894924517022446,4.880115506239235,16.252804518444464,0.9723424886118579,0.027657511388142098,150859,0.5532815205734987,0.44671847942650134,57334,0.08244244754314423,0.0009607201791368425,10.689288494177163,0.038367271423339844,0.9616327285766602,0.14104244112968445,0.2589620351791382,-0.002749921754002571,0.49931252002716064,0.5006874799728394,0.5228353142738342,0.5551592707633972,0.5986738801002502,0.49931252002716064,0.5006874799728394,0.49931252002716064,0.5006874799728394,0.708102340071057,0.291897659928943,0.9544501900672913,0.9235891818561468,0.0764108181438532,0.0,0.6688949130016411,0.33110508699835894,0.11561339242814239,0.1251801796005123,0.1251801796005123,0.017532670870423317,0.012141813524067402,0.8748198203994877,0.1251801796005123,0.035422395914793015,0.002210416831076145,440568
b0_cityscapes_val,2026-07-07 05:27:39,cityscapes,val,all,student_skd,/scratch/gautschi/manors/hf_cache/models--nvidia--mit-b0/snapshots/80983a413c30d36a39c20203974ae7807835e2b4,outputs-guardrailpp-v4/student_skd.ckpt,skd,img_000422,/home/manors/Guardrail-Distillation/data/cityscapes/leftImg8bit/val/munster/munster_000096_000019_leftImg8bit.png,,0.5336770951858488,0.4663229048141512,0.967045247554779,0.9770786166191101,0.07799266278743744,0.05722781643271446,0.162566140294075,0.9458973407745361,0.1680152416229248,-6.4611382484436035,6.433720588684082,0.0015021654544398189,0.028345296159386635,495285,2.894924517022446,4.880115506239235,16.252804518444464,0.9145134792759875,0.08548652072401253,150859,0.37817888170480973,0.6218211182951903,71967,0.05805645510554314,0.000525761628523469,10.689288494177163,0.02297264337539673,0.9770273566246033,0.07336955517530441,0.17543020844459534,-0.022637277841567993,0.4943409562110901,0.5056590437889099,0.5085973739624023,0.5299962162971497,0.6026340126991272,0.4943409562110901,0.5056590437889099,0.4943409562110901,0.5056590437889099,0.6055968243416617,0.39440317565833827,0.9748266339302063,0.9575644268071271,0.042435573192872944,0.04305094753113958,0.49884495391623496,0.501155046083765,0.12066607221142522,0.0719197291558129,0.0719197291558129,0.016400659456849098,0.008619279600679874,0.9280802708441871,0.0719197291558129,0.026227323338389397,0.004357087425887585,459454
b0_cityscapes_val,2026-07-07 05:27:39,cityscapes,val,all,student_skd,/scratch/gautschi/manors/hf_cache/models--nvidia--mit-b0/snapshots/80983a413c30d36a39c20203974ae7807835e2b4,outputs-guardrailpp-v4/student_skd.ckpt,skd,img_000423,/home/manors/Guardrail-Distillation/data/cityscapes/leftImg8bit/val/munster/munster_000097_000019_leftImg8bit.png,,0.7049840884967229,0.2950159115032771,0.9261282086372375,0.9599280953407288,0.10381758213043213,0.10445582866668701,0.22875694930553436,0.9073891639709473,0.28033414483070374,-6.218449592590332,6.169694900512695,0.0069678910076618195,0.0524948313832283,492258,2.894924517022446,4.880115506239235,16.252804518444464,0.9533016033848937,0.04669839661510633,150859,0.7827473547192304,0.2172526452807696,74138,0.10627401620149612,0.0012936699204146862,10.689288494177163,0.05039554461836815,0.9496044553816319,0.20340755581855774,0.30104461312294006,0.012150377035140991,0.5030375719070435,0.49696242809295654,0.5421507358551025,0.5750467777252197,0.5613603591918945,0.5030375719070435,0.49696242809295654,0.5030375719070435,0.49696242809295654,0.7913703403278433,0.20862965967215674,0.9551210999488831,0.9664904950258925,0.03350950497410754,0.01318889164099879,0.8360001643340941,0.16399983566590592,0.05325280961486367,0.08638625183112036,0.08638625183112036,0.04016999155282974,0.011177065782248974,0.9136137481688796,0.08638625183112036,0.05667150393128395,0.011672740802168846,432854
b0_cityscapes_val,2026-07-07 05:27:39,cityscapes,val,all,student_skd,/scratch/gautschi/manors/hf_cache/models--nvidia--mit-b0/snapshots/80983a413c30d36a39c20203974ae7807835e2b4,outputs-guardrailpp-v4/student_skd.ckpt,skd,img_000424,/home/manors/Guardrail-Distillation/data/cityscapes/leftImg8bit/val/munster/munster_000098_000019_leftImg8bit.png,,0.6130199848533137,0.38698001514668634,0.973805844783783,0.9833229184150696,0.0674695298075676,0.0431612990796566,0.1468832641839981,0.9586158990859985,0.13368961215019226,-6.545087814331055,6.525110244750977,0.0015404773876070976,0.020761113613843918,495301,2.8952367429155856,4.886620765319094,16.249007254373282,0.9638251002198795,0.03617489978012045,150859,0.574619694485513,0.425380305514487,171638,0.043901484459638596,0.00047585548600181937,10.675107507267967,0.02103450894355774,0.9789654910564423,0.044675324112176895,0.16132552921772003,-0.02218003198504448,0.4944552183151245,0.5055447816848755,0.5036202073097229,0.5277326703071594,0.596071720123291,0.4944552183151245,0.5055447816848755,0.4944552183151245,0.5055447816848755,0.6873581727237982,0.3126418272762018,0.983250617980957,0.9831325813419222,0.016867418658077837,0.019307481122042613,0.5843751906378227,0.41562480936217727,0.00975549615230975,0.07433818787048452,0.07433818787048452,0.014714284799993038,0.005269522778689861,0.9256618121295155,0.07433818787048452,0.021403146907687187,0.00549362925812602,469901
b0_cityscapes_val,2026-07-07 05:27:39,cityscapes,val,all,student_skd,/scratch/gautschi/manors/hf_cache/models--nvidia--mit-b0/snapshots/80983a413c30d36a39c20203974ae7807835e2b4,outputs-guardrailpp-v4/student_skd.ckpt,skd,img_000425,/home/manors/Guardrail-Distillation/data/cityscapes/leftImg8bit/val/munster/munster_000099_000019_leftImg8bit.png,,0.5721607758913403,0.4278392241086597,0.973110556602478,0.9822837710380554,0.06991089135408401,0.04545467719435692,0.15103672444820404,0.9565600752830505,0.13984552025794983,-6.4915547370910645,6.470256805419922,0.0018428785260766745,0.022134749218821526,494878,2.8952367429155856,4.886620765319094,16.249007254373282,0.9481295143417015,0.05187048565829855,150859,0.40607188604747435,0.5939281139525256,150538,0.04616902768611908,0.00045567506458610296,10.675107507267967,0.02200012281537056,0.9779998771846294,0.041563209146261215,0.17574220895767212,-0.021267859265208244,0.49468323588371277,0.5053167641162872,0.5039968490600586,0.5329326391220093,0.5908986926078796,0.49468323588371277,0.5053167641162872,0.49468323588371277,0.5053167641162872,0.764523649749619,0.23547635025038105,0.9760870337486267,0.9400871125270417,0.05991288747295831,0.0,0.9383923456855195,0.06160765431448045,0.5323204596380452,0.19236287385827866,0.19236287385827866,0.0139327272772789,0.0109562361612916,0.8076371261417213,0.19236287385827866,0.025739677250385284,0.0035907840356230736,467845
b0_cityscapes_val,2026-07-07 05:27:39,cityscapes,val,all,student_skd,/scratch/gautschi/manors/hf_cache/models--nvidia--mit-b0/snapshots/80983a413c30d36a39c20203974ae7807835e2b4,outputs-guardrailpp-v4/student_skd.ckpt,skd,img_000426,/home/manors/Guardrail-Distillation/data/cityscapes/leftImg8bit/val/munster/munster_000100_000019_leftImg8bit.png,,0.6674355734268067,0.3325644265731933,0.9663342237472534,0.9836298823356628,0.06588011234998703,0.042616598308086395,0.1411113440990448,0.9574880599975586,0.13840821385383606,-6.809906482696533,6.790409564971924,0.00101550726685673,0.01992100663483143,480548,2.8952367429155856,4.886620765319094,16.249007254373282,0.47668943903814187,0.5233105609618581,136569,0.977517667844523,0.022482332155477014,22640,0.043384142220020294,0.0004340002778917551,10.675107507267967,0.029010113328695297,0.9709898866713047,0.09637081623077393,0.21696126461029053,-0.0019160594092682004,0.4995209872722626,0.5004790127277374,0.5188020467758179,0.5564203262329102,0.5212819576263428,0.4995209872722626,0.5004790127277374,0.4995209872722626,0.5004790127277374,0.6952938266472062,0.3047061733527938,0.974402129650116,0.4785785939708133,0.5214214060291866,0.0018891549326714996,0.9741166077738516,0.02588339222614844,0.0,0.027858253220399476,0.027858253220399476,0.011131041683256626,0.003063169540837407,0.9721417467796005,0.027858253220399476,0.014306583441793919,0.0018874284578487277,456354
b0_cityscapes_val,2026-07-07 05:27:39,cityscapes,val,all,student_skd,/scratch/gautschi/manors/hf_cache/models--nvidia--mit-b0/snapshots/80983a413c30d36a39c20203974ae7807835e2b4,outputs-guardrailpp-v4/student_skd.ckpt,skd,img_000427,/home/manors/Guardrail-Distillation/data/cityscapes/leftImg8bit/val/munster/munster_000101_000019_leftImg8bit.png,,0.4627501997000842,0.5372498002999158,0.955926775932312,0.9700502753257751,0.0975981280207634,0.07823409140110016,0.22459663450717926,0.9346473217010498,0.2024759203195572,-6.771231174468994,6.733637809753418,0.010393978096544743,0.042107921093702316,479316,2.8952367429155856,4.886620765319094,16.249007254373282,0.9337171538746406,0.0662828461253594,150859,0.35744098387234313,0.6425590161276569,52326,0.07945402711629868,0.0008501284755766392,10.675107507267967,0.036579232662916183,0.9634207673370838,0.139731764793396,0.2890830636024475,-0.0023581520654261112,0.499410480260849,0.500589519739151,0.5252630114555359,0.5634585022926331,0.5038576722145081,0.499410480260849,0.500589519739151,0.499410480260849,0.500589519739151,0.521927375278062,0.478072624721938,0.9667901396751404,0.9558032455004785,0.04419675449952154,0.022086091625837856,0.4947329822307093,0.5052670177692907,0.13729199835836614,0.05917717557797775,0.05917717557797775,0.020126596093177795,0.009263199754059315,0.9408228244220223,0.05917717557797775,0.03484548628330231,0.0027706148102879524,438002
b0_cityscapes_val,2026-07-07 05:27:40,cityscapes,val,all,student_skd,/scratch/gautschi/manors/hf_cache/models--nvidia--mit-b0/snapshots/80983a413c30d36a39c20203974ae7807835e2b4,outputs-guardrailpp-v4/student_skd.ckpt,skd,img_000428,/home/manors/Guardrail-Distillation/data/cityscapes/leftImg8bit/val/munster/munster_000102_000019_leftImg8bit.png,,0.6154583214177783,0.38454167858222166,0.9297583699226379,0.9522736072540283,0.11480530351400375,0.12731625139713287,0.2649807929992676,0.8931562900543213,0.3232879340648651,-6.055403232574463,5.996613025665283,0.01178235374391079,0.06349549442529678,490649,2.896760997828096,4.887846997007728,16.230993496719748,0.9213777644440031,0.0786222355559969,150859,0.6865826353554956,0.3134173646445044,28012,0.12959131598472595,0.0014643317554146051,10.688531008781865,0.06160406768321991,0.9383959323167801,0.2564590871334076,0.34908178448677063,0.021164264529943466,0.5052908658981323,0.4947091341018677,0.5548827648162842,0.5834744572639465,0.5622382760047913,0.5052908658981323,0.4947091341018677,0.5052908658981323,0.4947091341018677,0.6944338010748085,0.30556619892519155,0.9444389343261719,0.9366465352793214,0.0633534647206786,0.015268770835318302,0.7686019442492713,0.2313980557507287,0.08201930889377573,0.07897547965703011,0.07897547965703011,0.02990732714533806,0.015226771123707294,0.9210245203429699,0.07897547965703011,0.04999704658985138,0.0032935969065874815,420748
b0_cityscapes_val,2026-07-07 05:27:40,cityscapes,val,all,student_skd,/scratch/gautschi/manors/hf_cache/models--nvidia--mit-b0/snapshots/80983a413c30d36a39c20203974ae7807835e2b4,outputs-guardrailpp-v4/student_skd.ckpt,skd,img_000429,/home/manors/Guardrail-Distillation/data/cityscapes/leftImg8bit/val/munster/munster_000103_000019_leftImg8bit.png,,0.6384587157885748,0.3615412842114252,0.9561899900436401,0.9683949947357178,0.09655313938856125,0.08321934193372726,0.21971946954727173,0.9279331564903259,0.22288374602794647,-6.5946431159973145,6.5556559562683105,0.007762698922306299,0.04289271682500839,492741,2.896760997828096,4.887846997007728,16.230993496719748,0.9179562231357918,0.08204377686420816,150859,0.5754247011297123,0.42457529887028767,76090,0.0847773551940918,0.0009775686776265502,10.688531008781865,0.03966522589325905,0.960334774106741,0.15949571132659912,0.2939121425151825,-0.0051076109521090984,0.4987230896949768,0.5012769103050232,0.5281474590301514,0.564578652381897,0.5316624045372009,0.4987230896949768,0.5012769103050232,0.4987230896949768,0.5012769103050232,0.5846699133532249,0.41533008664677507,0.9657081365585327,0.9260320430193184,0.07396795698068159,0.00807581988352657,0.6027315268807445,0.3972684731192555,0.02730682575103216,0.0,0.0,0.019318465143442154,0.009800280444324017,1.0,0.0,0.03268451243638992,0.0027499233838170767,446845
b0_cityscapes_val,2026-07-07 05:27:40,cityscapes,val,all,student_skd,/scratch/gautschi/manors/hf_cache/models--nvidia--mit-b0/snapshots/80983a413c30d36a39c20203974ae7807835e2b4,outputs-guardrailpp-v4/student_skd.ckpt,skd,img_000430,/home/manors/Guardrail-Distillation/data/cityscapes/leftImg8bit/val/munster/munster_000104_000019_leftImg8bit.png,,0.5152095513142437,0.48479044868575627,0.9430911540985107,0.9660664796829224,0.09680396318435669,0.08866988122463226,0.21399478614330292,0.9212897419929504,0.23953188955783844,-6.391758918762207,6.350418567657471,0.006455183494836092,0.0442451648414135,482403,2.896760997828096,4.887846997007728,16.230993496719748,0.797848748287998,0.202151251712002,150859,0.46078801804723424,0.5392119819527658,62235,0.09035888314247131,0.0009724816773086786,10.688531008781865,0.04443671926856041,0.9555632807314396,0.17983698844909668,0.2989172339439392,0.004160457290709019,0.5010401010513306,0.49895989894866943,0.5360454320907593,0.5662490129470825,0.5381207466125488,0.5010401010513306,0.49895989894866943,0.5010401010513306,0.49895989894866943,0.5887080255413679,0.4112919744586321,0.9702261090278625,0.8383866617305875,0.1616133382694125,0.0405379134425895,0.5736709985219323,0.42632900147806774,0.11288298047469802,0.07349847422712419,0.07349847422712419,0.035976145416498184,0.008841155096888542,0.9265015257728758,0.07349847422712419,0.04801587015390396,0.011208470910787582,433915
b0_cityscapes_val,2026-07-07 05:27:40,cityscapes,val,all,student_skd,/scratch/gautschi/manors/hf_cache/models--nvidia--mit-b0/snapshots/80983a413c30d36a39c20203974ae7807835e2b4,outputs-guardrailpp-v4/student_skd.ckpt,skd,img_000431,/home/manors/Guardrail-Distillation/data/cityscapes/leftImg8bit/val/munster/munster_000105_000019_leftImg8bit.png,,0.5015986147903281,0.4984013852096719,0.9384045004844666,0.9581806659698486,0.11136411875486374,0.10800513625144958,0.25623348355293274,0.9131357669830322,0.25564050674438477,-6.451725006103516,6.399649143218994,0.011199175380170345,0.058085791766643524,490929,2.896760997828096,4.887846997007728,16.230993496719748,1.0,0.0,150859,0.45924656554298693,0.5407534344570131,21004,0.10962219536304474,0.0012647415278479457,10.688531008781865,0.048919741064310074,0.9510802589356899,0.22215618193149567,0.326118528842926,0.005821353755891323,0.5014553070068359,0.49854469299316406,0.5431819558143616,0.5754768252372742,0.5429996252059937,0.5014553070068359,0.49854469299316406,0.5014553070068359,0.49854469299316406,0.5901407508096101,0.40985924919038985,0.9577637314796448,1.0,0.0,0.0,0.5358193982689367,0.46418060173106335,0.07657283272594972,0.08854213601928207,0.08854213601928207,0.02916714921593666,0.009807934984564781,0.9114578639807179,0.08854213601928207,0.04478040337562561,0.0034872659016400576,429727
b0_cityscapes_val,2026-07-07 05:27:40,cityscapes,val,all,student_skd,/scratch/gautschi/manors/hf_cache/models--nvidia--mit-b0/snapshots/80983a413c30d36a39c20203974ae7807835e2b4,outputs-guardrailpp-v4/student_skd.ckpt,skd,img_000432,/home/manors/Guardrail-Distillation/data/cityscapes/leftImg8bit/val/munster/munster_000106_000019_leftImg8bit.png,,0.46697235107016877,0.5330276489298312,0.9647777676582336,0.9758971333503723,0.08528880774974823,0.06356094032526016,0.1950046718120575,0.9438710808753967,0.17749673128128052,-6.725569725036621,6.695818901062012,0.006104565225541592,0.03257204219698906,487504,2.9085005226079375,4.894464742392302,16.24384248862043,0.9101647474638469,0.0898352525361531,150859,0.5172405995613095,0.4827594004386905,45719,0.06465379148721695,0.0006573761929757893,10.675480240024626,0.0332665890455246,0.9667334109544754,0.11165124177932739,0.27586227655410767,0.0012041856534779072,0.5003010630607605,0.4996989369392395,0.5195752382278442,0.5694634914398193,0.5317854881286621,0.5003010630607605,0.4996989369392395,0.5003010630607605,0.4996989369392395,0.518421865804076,0.481578134195924,0.9657008051872253,0.9315695403941668,0.06843045960583316,0.021404792930319938,0.5074408117379068,0.4925591882620932,0.0,0.05144951473390724,0.05144951473390724,0.01239374466240406,0.011470675468444824,0.9485504852660928,0.05144951473390724,0.02713208645582199,0.0025148512795567513,453354
b0_cityscapes_val,2026-07-07 05:27:40,cityscapes,val,all,student_skd,/scratch/gautschi/manors/hf_cache/models--nvidia--mit-b0/snapshots/80983a413c30d36a39c20203974ae7807835e2b4,outputs-guardrailpp-v4/student_skd.ckpt,skd,img_000433,/home/manors/Guardrail-Distillation/data/cityscapes/leftImg8bit/val/munster/munster_000107_000019_leftImg8bit.png,,0.5282042524210725,0.4717957475789275,0.9447880387306213,0.9669884443283081,0.09167194366455078,0.08422380685806274,0.19536012411117554,0.9246589541435242,0.22115516662597656,-6.457340240478516,6.417844772338867,0.0027897702530026436,0.04078899323940277,493589,2.9085005226079375,4.894464742392302,16.24384248862043,0.640226907138819,0.359773092861181,150859,0.8137174174946048,0.1862825825053952,55460,0.0854097455739975,0.0006805371376685798,10.675480240024626,0.05401059240102768,0.9459894075989723,0.22595664858818054,0.36420050263404846,0.037938494235277176,0.5094835162162781,0.4905164837837219,0.5480548739433289,0.6133894324302673,0.5445543527603149,0.5094835162162781,0.4905164837837219,0.5094835162162781,0.4905164837837219,0.6518454769351107,0.34815452306488925,0.9756598472595215,0.8904446716104525,0.10955532838954751,0.25021776447163346,0.9396727998966334,0.06032720010336656,0.12595538240202864,0.12364122451403825,0.12364122451403825,0.0375940278172493,0.0067221918143332005,0.8763587754859617,0.12364122451403825,0.046285469084978104,0.013490980491042137,443153
b0_cityscapes_val,2026-07-07 05:27:40,cityscapes,val,all,student_skd,/scratch/gautschi/manors/hf_cache/models--nvidia--mit-b0/snapshots/80983a413c30d36a39c20203974ae7807835e2b4,outputs-guardrailpp-v4/student_skd.ckpt,skd,img_000434,/home/manors/Guardrail-Distillation/data/cityscapes/leftImg8bit/val/munster/munster_000108_000019_leftImg8bit.png,,0.5645260107338814,0.4354739892661186,0.9598865509033203,0.9680545926094055,0.10166256129741669,0.08137517422437668,0.2316412478685379,0.9343337416648865,0.19490128755569458,-6.7406721115112305,6.700409889221191,0.010861556977033615,0.047078993171453476,489985,2.9085005226079375,4.894464742392302,16.24384248862043,0.9439045666634679,0.05609543333653211,150859,0.3683981689218244,0.6316018310781756,55597,0.0825347974896431,0.0008150903158821166,10.675480240024626,0.03725840896368027,0.9627415910363197,0.12312429398298264,0.3168496787548065,0.0006750261527486145,0.5001687407493591,0.49983125925064087,0.5151339769363403,0.5722260475158691,0.5561162829399109,0.5001687407493591,0.49983125925064087,0.5001687407493591,0.49983125925064087,0.6242268155798943,0.37577318442010565,0.9708276987075806,0.9257099093902115,0.07429009060978853,0.0,0.3862676532936295,0.6137323467063704,0.017869484371805133,0.05970080484601292,0.05970080484601292,0.020755738019943237,0.009814586490392685,0.9402991951539871,0.05970080484601292,0.03349082171916962,0.000724511977750808,445123
b0_cityscapes_val,2026-07-07 05:27:40,cityscapes,val,all,student_skd,/scratch/gautschi/manors/hf_cache/models--nvidia--mit-b0/snapshots/80983a413c30d36a39c20203974ae7807835e2b4,outputs-guardrailpp-v4/student_skd.ckpt,skd,img_000435,/home/manors/Guardrail-Distillation/data/cityscapes/leftImg8bit/val/munster/munster_000109_000019_leftImg8bit.png,,0.5411203696989711,0.45887963030102885,0.9688888192176819,0.9762297868728638,0.08484213799238205,0.06211799383163452,0.19381481409072876,0.9446852803230286,0.17673273384571075,-6.603463649749756,6.574107646942139,0.00578853115439415,0.03222430869936943,449164,2.9085005226079375,4.894464742392302,16.24384248862043,0.9723545145706686,0.02764548542933143,150859,0.4910068801732267,0.5089931198267733,28796,0.0631852000951767,0.0008029923774302006,10.675480240024626,0.02654140256345272,0.9734585974365473,0.07347990572452545,0.20408207178115845,-0.021148907020688057,0.4947129487991333,0.5052870512008667,0.5068200826644897,0.5388475656509399,0.5039529204368591,0.4947129487991333,0.5052870512008667,0.4947129487991333,0.5052870512008667,0.5476030769914474,0.4523969230085526,0.9769304394721985,0.9837933245154258,0.016206675484574218,0.011438809944757211,0.48440447083478866,0.5155955291652113,0.0,0.006482707292476242,0.006482707292476242,0.015159273520112038,0.007117667235434055,0.9935172927075238,0.006482707292476242,0.024407565593719482,0.000892769661732018,417962
b0_cityscapes_val,2026-07-07 05:27:40,cityscapes,val,all,student_skd,/scratch/gautschi/manors/hf_cache/models--nvidia--mit-b0/snapshots/80983a413c30d36a39c20203974ae7807835e2b4,outputs-guardrailpp-v4/student_skd.ckpt,skd,img_000436,/home/manors/Guardrail-Distillation/data/cityscapes/leftImg8bit/val/munster/munster_000110_000019_leftImg8bit.png,,0.605317035428558,0.39468296457144203,0.966736912727356,0.9734346866607666,0.0855816900730133,0.06884077191352844,0.1871509850025177,0.935662031173706,0.20201219618320465,-6.5155768394470215,6.483408451080322,0.0035311169922351837,0.03407982736825943,472655,2.897361235227436,4.890722979325801,16.2449499766808,0.9866187558235997,0.013381244176400298,137940,0.49493445658883767,0.5050655434111624,82656,0.07002704590559006,0.000614179065451026,10.681584506528452,0.02973255142569542,0.9702674485743046,0.10692502558231354,0.220754474401474,-0.009139803238213062,0.4977150559425354,0.5022849440574646,0.5156092643737793,0.5394172668457031,0.5698626637458801,0.4977150559425354,0.5022849440574646,0.4977150559425354,0.5022849440574646,0.7242252663787138,0.27577473362128624,0.9767526388168335,0.9936880261746547,0.006311973825345318,0.007069270351054979,0.49348141871444134,0.5065185812855586,0.0,0.11890823095015579,0.11890823095015579,0.017147814854979515,0.007132052443921566,0.8810917690498442,0.11890823095015579,0.025707969442009926,0.0026932964101433754,434535
b0_cityscapes_val,2026-07-07 05:27:40,cityscapes,val,all,student_skd,/scratch/gautschi/manors/hf_cache/models--nvidia--mit-b0/snapshots/80983a413c30d36a39c20203974ae7807835e2b4,outputs-guardrailpp-v4/student_skd.ckpt,skd,img_000437,/home/manors/Guardrail-Distillation/data/cityscapes/leftImg8bit/val/munster/munster_000111_000019_leftImg8bit.png,,0.5273136078291717,0.4726863921708283,0.9384328722953796,0.9666781425476074,0.09421386569738388,0.08780612796545029,0.2105979323387146,0.9215704798698425,0.2388092577457428,-6.112635135650635,6.072342395782471,0.005137535743415356,0.04124243184924126,492454,2.897361235227436,4.890722979325801,16.2449499766808,0.9838788421353282,0.01612115786467183,150859,0.4127659743978493,0.5872340256021507,16599,0.089109405875206,0.0008480522665195167,10.681584506528452,0.05031062662601471,0.9496893733739853,0.20313529670238495,0.31520742177963257,0.026923831552267075,0.5067305564880371,0.4932694435119629,0.5408139824867249,0.5829207897186279,0.6079882383346558,0.5067305564880371,0.4932694435119629,0.5067305564880371,0.4932694435119629,0.6168374920067762,0.3831625079932238,0.9548302888870239,0.9760849940849059,0.0239150059150941,0.0,0.6359512106367817,0.3640487893632183,0.22318523623893238,0.08952388417760448,0.08952388417760448,0.02789905294775963,0.011501582339406013,0.9104761158223955,0.08952388417760448,0.04287710040807724,0.004219683352857828,441707
b0_cityscapes_val,2026-07-07 05:27:40,cityscapes,val,all,student_skd,/scratch/gautschi/manors/hf_cache/models--nvidia--mit-b0/snapshots/80983a413c30d36a39c20203974ae7807835e2b4,outputs-guardrailpp-v4/student_skd.ckpt,skd,img_000438,/home/manors/Guardrail-Distillation/data/cityscapes/leftImg8bit/val/munster/munster_000112_000019_leftImg8bit.png,,0.44905876473819273,0.5509412352618073,0.9446117877960205,0.963002622127533,0.10048476606607437,0.09789236634969711,0.22679691016674042,0.9127743244171143,0.271653413772583,-5.955382347106934,5.910250186920166,0.00796439591795206,0.04564402997493744,482648,2.897361235227436,4.890722979325801,16.2449499766808,0.9396098677853764,0.06039013221462364,150784,0.23812116147710347,0.7618788385228965,54131,0.0994148924946785,0.001034480519592762,10.681584506528452,0.05479324609041214,0.9452067539095879,0.22401568293571472,0.33553487062454224,0.020746659487485886,0.5051864385604858,0.49481356143951416,0.5507365465164185,0.5848588347434998,0.5861791968345642,0.5051864385604858,0.49481356143951416,0.5051864385604858,0.49481356143951416,0.6188769086866995,0.38112309131330047,0.966768741607666,0.9801593013556792,0.01984069864432081,0.04054943357030283,0.6675626250450232,0.3324373749549768,0.4294414635679197,0.1698181439485068,0.1698181439485068,0.03012547455728054,0.0079685403034091,0.8301818560514932,0.1698181439485068,0.042302049696445465,0.004717723932117224,428292
b0_cityscapes_val,2026-07-07 05:27:40,cityscapes,val,all,student_skd,/scratch/gautschi/manors/hf_cache/models--nvidia--mit-b0/snapshots/80983a413c30d36a39c20203974ae7807835e2b4,outputs-guardrailpp-v4/student_skd.ckpt,skd,img_000439,/home/manors/Guardrail-Distillation/data/cityscapes/leftImg8bit/val/munster/munster_000113_000019_leftImg8bit.png,,0.611543043981427,0.388456956018573,0.9529039263725281,0.9666370749473572,0.09915938973426819,0.09003390371799469,0.2328050285577774,0.9207420349121094,0.25091078877449036,-6.2290849685668945,6.187789440155029,0.008878158405423164,0.04415920749306679,487939,2.897361235227436,4.890722979325801,16.2449499766808,0.9344905271038255,0.06550947289617448,150859,0.9306762198290728,0.06932378017092722,20520,0.09171056002378464,0.0009247582056559622,10.681584506528452,0.04758099839091301,0.952419001609087,0.1915956437587738,0.310657262802124,0.012276829220354557,0.5030691623687744,0.4969308376312256,0.540587306022644,0.5759460926055908,0.5671534538269043,0.5030691623687744,0.4969308376312256,0.5030691623687744,0.4969308376312256,0.7715408853817736,0.22845911461822643,0.9688628911972046,0.9491516743951632,0.050848325604836764,0.014661147291337717,0.947791113901542,0.052208886098457974,0.017114894072469244,0.15999784140034656,0.15999784140034656,0.02314838580787182,0.007189423311501741,0.8400021585996534,0.15999784140034656,0.03277868777513504,0.0021580567117780447,439835
b0_cityscapes_val,2026-07-07 05:27:40,cityscapes,val,all,student_skd,/scratch/gautschi/manors/hf_cache/models--nvidia--mit-b0/snapshots/80983a413c30d36a39c20203974ae7807835e2b4,outputs-guardrailpp-v4/student_skd.ckpt,skd,img_000440,/home/manors/Guardrail-Distillation/data/cityscapes/leftImg8bit/val/munster/munster_000114_000019_leftImg8bit.png,,0.48343097557793246,0.5165690244220675,0.9687091112136841,0.9715766906738281,0.09299984574317932,0.07548954337835312,0.21682557463645935,0.9346981644630432,0.20750302076339722,-6.051109790802002,6.015834808349609,0.007726960349828005,0.03826192766427994,493467,2.8915940201841295,4.885041998932138,16.244054480921477,0.9735104927119951,0.02648950728800492,150859,0.3258326827705128,0.6741673172294872,8076,0.07664475589990616,0.0008941881242208183,10.67073899321258,0.04589792713522911,0.9541020728647709,0.1699693650007248,0.3576667010784149,0.02288399450480938,0.5057207345962524,0.49427926540374756,0.5336501598358154,0.5900923013687134,0.5668742060661316,0.5057207345962524,0.49427926540374756,0.5057207345962524,0.49427926540374756,0.6446417283373315,0.35535827166266853,0.9792123436927795,0.9885694872634123,0.011430512736587684,0.015058994551417237,0.3604456938495765,0.6395543061504235,0.03461301107906367,0.161210752759399,0.161210752759399,0.017164267599582672,0.006661032792180777,0.838789247240601,0.161210752759399,0.025713978335261345,0.0022716817911714315,451951
b0_cityscapes_val,2026-07-07 05:27:40,cityscapes,val,all,student_skd,/scratch/gautschi/manors/hf_cache/models--nvidia--mit-b0/snapshots/80983a413c30d36a39c20203974ae7807835e2b4,outputs-guardrailpp-v4/student_skd.ckpt,skd,img_000441,/home/manors/Guardrail-Distillation/data/cityscapes/leftImg8bit/val/munster/munster_000115_000019_leftImg8bit.png,,0.46594249282143985,0.5340575071785602,0.9474236965179443,0.9724259376525879,0.0915105789899826,0.07246417552232742,0.21118217706680298,0.9372396469116211,0.19838836789131165,-5.902040958404541,5.867848873138428,0.007314071524888277,0.036879029124975204,489194,2.8915940201841295,4.885041998932138,16.244054480921477,1.0,0.0,150859,0.5665336078123866,0.4334663921876134,19628,0.07366622239351273,0.0007517128833569586,10.67073899321258,0.03300511837005615,0.9669948816299438,0.11779475212097168,0.24948909878730774,-0.007531202398240566,0.4981171786785126,0.5018828213214874,0.5193601846694946,0.5521451830863953,0.6133064031600952,0.4981171786785126,0.5018828213214874,0.4981171786785126,0.5018828213214874,0.600793661357518,0.399206338642482,0.9664835929870605,1.0,0.0,0.0,0.6142199016851773,0.38578009831482274,0.047686293872790664,0.13485116853607815,0.13485116853607815,0.027620943263173103,0.008561020717024803,0.8651488314639219,0.13485116853607815,0.03900497406721115,0.007761746644973755,448978
b0_cityscapes_val,2026-07-07 05:27:40,cityscapes,val,all,student_skd,/scratch/gautschi/manors/hf_cache/models--nvidia--mit-b0/snapshots/80983a413c30d36a39c20203974ae7807835e2b4,outputs-guardrailpp-v4/student_skd.ckpt,skd,img_000442,/home/manors/Guardrail-Distillation/data/cityscapes/leftImg8bit/val/munster/munster_000116_000019_leftImg8bit.png,,0.45988230489295173,0.5401176951070483,0.945949912071228,0.9801432490348816,0.07802309095859528,0.05284205824136734,0.18044954538345337,0.9527962803840637,0.15319865942001343,-6.586831092834473,6.562346935272217,0.005118110217154026,0.027272360399365425,495300,2.8915940201841295,4.885041998932138,16.244054480921477,0.5108768792121982,0.48912312078780185,150859,0.6259833371692358,0.3740166628307642,36026,0.05368763208389282,0.0006411405629478395,10.67073899321258,0.031228387728333473,0.9687716122716665,0.08231369405984879,0.26095014810562134,8.354040619451553e-05,0.5000209212303162,0.49997907876968384,0.5089789628982544,0.562894880771637,0.5265713930130005,0.5000209212303162,0.49997907876968384,0.5000209212303162,0.49997907876968384,0.5592921155984633,0.44070788440153674,0.9733131527900696,0.8963381700239181,0.10366182997608187,0.38546129081172,0.7298457646997036,0.27015423530029636,0.10386242753046782,0.09940981070551158,0.09940981070551158,0.030648091807961464,0.0032848778646439314,0.9005901892944884,0.09940981070551158,0.03578033670783043,0.01017565093934536,466294
b0_cityscapes_val,2026-07-07 05:27:40,cityscapes,val,all,student_skd,/scratch/gautschi/manors/hf_cache/models--nvidia--mit-b0/snapshots/80983a413c30d36a39c20203974ae7807835e2b4,outputs-guardrailpp-v4/student_skd.ckpt,skd,img_000443,/home/manors/Guardrail-Distillation/data/cityscapes/leftImg8bit/val/munster/munster_000117_000019_leftImg8bit.png,,0.6402793215182605,0.3597206784817395,0.9752895832061768,0.9809005260467529,0.0779152363538742,0.050581250339746475,0.18597707152366638,0.9568378329277039,0.13999800384044647,-6.473667144775391,6.449873447418213,0.005203064065426588,0.025994963943958282,491249,2.8915940201841295,4.885041998932138,16.244054480921477,0.9425934698895401,0.05740653011045993,150859,0.7059131577506189,0.2940868422493811,73225,0.051638416945934296,0.0006757058436051011,10.67073899321258,0.02526925876736641,0.9747307412326336,0.047126494348049164,0.2096109688282013,-0.011705469340085983,0.4970736503601074,0.5029263496398926,0.5061769485473633,0.5451069474220276,0.5144142508506775,0.4970736503601074,0.5029263496398926,0.4970736503601074,0.5029263496398926,0.6252607073516339,0.37473929264836614,0.9793017506599426,0.9631553868083748,0.03684461319162524,0.02056191691883469,0.703359520460026,0.29664047953997397,0.0,0.0,0.0,0.010752185247838497,0.006739963311702013,1.0,0.0,0.01919800415635109,0.0008000016678124666,463489
b0_cityscapes_val,2026-07-07 05:27:40,cityscapes,val,all,student_skd,/scratch/gautschi/manors/hf_cache/models--nvidia--mit-b0/snapshots/80983a413c30d36a39c20203974ae7807835e2b4,outputs-guardrailpp-v4/student_skd.ckpt,skd,img_000444,/home/manors/Guardrail-Distillation/data/cityscapes/leftImg8bit/val/munster/munster_000118_000019_leftImg8bit.png,,0.5956144346727682,0.4043855653272318,0.9693675637245178,0.9833518862724304,0.06966578215360641,0.04340551421046257,0.15659669041633606,0.9605346918106079,0.12715372443199158,-6.7156524658203125,6.695405006408691,0.002879147417843342,0.021161528304219246,488339,2.9058950021862984,4.893651261227205,16.238752257777378,1.0,0.0,150859,0.5844533568842415,0.4155466431157585,25281,0.044401053339242935,0.00070554343983531,10.673189244698733,0.024084271863102913,0.9759157281368971,0.04854246601462364,0.19600965082645416,-0.019991442561149597,0.49500229954719543,0.5049977004528046,0.5060245394706726,0.5432718396186829,0.5106335282325745,0.49500229954719543,0.5049977004528046,0.49500229954719543,0.5049977004528046,0.7108708031183902,0.28912919688160976,0.9824609160423279,1.0,0.0,0.0,0.645404472088492,0.35459552791150795,0.06095111520425056,0.11525636844562204,0.11525636844562204,0.01789330691099167,0.004799944348633289,0.884743631554378,0.11525636844562204,0.024022245779633522,0.004281861707568169,463375
b0_cityscapes_val,2026-07-07 05:27:40,cityscapes,val,all,student_skd,/scratch/gautschi/manors/hf_cache/models--nvidia--mit-b0/snapshots/80983a413c30d36a39c20203974ae7807835e2b4,outputs-guardrailpp-v4/student_skd.ckpt,skd,img_000445,/home/manors/Guardrail-Distillation/data/cityscapes/leftImg8bit/val/munster/munster_000119_000019_leftImg8bit.png,,0.6630689186601084,0.3369310813398916,0.940072774887085,0.9630049467086792,0.10091902315616608,0.09574408084154129,0.22272373735904694,0.9142661690711975,0.2646901607513428,-6.424681186676025,6.379567623138428,0.00629843957722187,0.048996951431035995,489010,2.9058950021862984,4.893651261227205,16.238752257777378,0.6518295485530242,0.3481704514469758,150859,0.6795683854515348,0.32043161454846525,14922,0.09739360958337784,0.0010600901441648602,10.673189244698733,0.04645383358001709,0.9535461664199829,0.191047802567482,0.2884792387485504,0.009561672806739807,0.5023903846740723,0.49760961532592773,0.5386649966239929,0.5695946216583252,0.5248985290527344,0.5023903846740723,0.49760961532592773,0.5023903846740723,0.49760961532592773,0.6093067437905819,0.3906932562094181,0.955180823802948,0.6590526295596648,0.3409473704403352,0.007223081006640597,0.394687074649283,0.605312925350717,0.0,0.0,0.0,0.03001370094716549,0.014905625022947788,1.0,0.0,0.04837528616189957,0.006631765980273485,434818
b0_cityscapes_val,2026-07-07 05:27:40,cityscapes,val,all,student_skd,/scratch/gautschi/manors/hf_cache/models--nvidia--mit-b0/snapshots/80983a413c30d36a39c20203974ae7807835e2b4,outputs-guardrailpp-v4/student_skd.ckpt,skd,img_000446,/home/manors/Guardrail-Distillation/data/cityscapes/leftImg8bit/val/munster/munster_000120_000019_leftImg8bit.png,,0.6144604867888735,0.38553951321112645,0.9786605834960938,0.9843140840530396,0.06476803123950958,0.041397396475076675,0.13950413465499878,0.9573596715927124,0.14241653680801392,-6.421705722808838,6.402975559234619,0.0013398418668657541,0.019058311358094215,479161,2.9058950021862984,4.893651261227205,16.238752257777378,0.9844374879108514,0.015562512089148606,150859,0.3271445020149683,0.6728554979850316,18600,0.0421702042222023,0.00043186021503061056,10.673189244698733,0.019014501944184303,0.9809854980558157,0.04733661562204361,0.1373380422592163,-0.021703848615288734,0.4945742189884186,0.5054257810115814,0.5050927996635437,0.5216336846351624,0.6270616054534912,0.4945742189884186,0.5054257810115814,0.4945742189884186,0.5054257810115814,0.6360596127207592,0.36394038727924083,0.98508220911026,0.9897018282511406,0.010298171748859386,0.00526434034028922,0.37207705478094755,0.6279229452190525,0.04493255276597918,0.02159912593188562,0.02159912593188562,0.01076047495007515,0.004338833503425121,0.9784008740681144,0.02159912593188562,0.015625227242708206,0.0011687094811350107,456530
b0_cityscapes_val,2026-07-07 05:27:40,cityscapes,val,all,student_skd,/scratch/gautschi/manors/hf_cache/models--nvidia--mit-b0/snapshots/80983a413c30d36a39c20203974ae7807835e2b4,outputs-guardrailpp-v4/student_skd.ckpt,skd,img_000447,/home/manors/Guardrail-Distillation/data/cityscapes/leftImg8bit/val/munster/munster_000121_000019_leftImg8bit.png,,0.5882622053110466,0.41173779468895344,0.9535160064697266,0.9763271808624268,0.08279567211866379,0.062234215438365936,0.1874603033065796,0.9445203542709351,0.17485162615776062,-6.498345375061035,6.469452857971191,0.00468304893001914,0.030702702701091766,490706,2.9058950021862984,4.893651261227205,16.238752257777378,1.0,0.0,150859,0.7142749921812682,0.2857250078187318,17297,0.06327906250953674,0.0007112273015081882,10.673189244698733,0.03256959840655327,0.9674304015934467,0.12704186141490936,0.2587262988090515,0.0002501691342331469,0.5000625252723694,0.4999374747276306,0.5223327279090881,0.5728645324707031,0.5087122321128845,0.5000625252723694,0.4999374747276306,0.5000625252723694,0.4999374747276306,0.6296282638085298,0.37037173619147024,0.9730531573295593,1.0,0.0,0.0,0.7559725063207821,0.24402749367921794,0.041697514139513836,0.041366058497483205,0.041366058497483205,0.025756768882274628,0.006219610571861267,0.9586339415025168,0.041366058497483205,0.034154873341321945,0.0036213132552802563,454488
b0_cityscapes_val,2026-07-07 05:27:41,cityscapes,val,all,student_skd,/scratch/gautschi/manors/hf_cache/models--nvidia--mit-b0/snapshots/80983a413c30d36a39c20203974ae7807835e2b4,outputs-guardrailpp-v4/student_skd.ckpt,skd,img_000448,/home/manors/Guardrail-Distillation/data/cityscapes/leftImg8bit/val/munster/munster_000122_000019_leftImg8bit.png,,0.6594146004347138,0.3405853995652862,0.9560838341712952,0.9688167572021484,0.0922185555100441,0.07683014869689941,0.19470782577991486,0.9329865574836731,0.19450192153453827,-6.458193778991699,6.42045783996582,0.0032166484743356705,0.041166603565216064,492438,2.892677264753729,4.885960748651996,16.233239002758637,0.927890331513076,0.07210966848692402,150859,0.8626510093928063,0.13734899060719374,8823,0.07769429683685303,0.0006795322406105697,10.666631744243205,0.04311556741595268,0.9568844325840473,0.18404971063137054,0.31549498438835144,0.016840793192386627,0.5042101144790649,0.49578988552093506,0.540889322757721,0.5943071246147156,0.5098726749420166,0.5042101144790649,0.49578988552093506,0.5042101144790649,0.49578988552093506,0.8126387350922861,0.18736126490771388,0.981709361076355,0.9832659852689478,0.016734014731052183,0.055375653755871834,0.8674911843880837,0.1325088156119163,0.0048401749952774464,0.15322413465757234,0.15322413465757234,0.0314110592007637,0.005785499699413776,0.8467758653424277,0.15322413465757234,0.038146935403347015,0.0057895611971616745,444635
b0_cityscapes_val,2026-07-07 05:27:41,cityscapes,val,all,student_skd,/scratch/gautschi/manors/hf_cache/models--nvidia--mit-b0/snapshots/80983a413c30d36a39c20203974ae7807835e2b4,outputs-guardrailpp-v4/student_skd.ckpt,skd,img_000449,/home/manors/Guardrail-Distillation/data/cityscapes/leftImg8bit/val/munster/munster_000123_000019_leftImg8bit.png,,0.5340412277013781,0.4659587722986219,0.9685275554656982,0.9702898859977722,0.08999183028936386,0.08027004450559616,0.20419415831565857,0.924717903137207,0.24148467183113098,-6.003563404083252,5.9675374031066895,0.005429496522992849,0.03754352778196335,492495,2.892677264753729,4.885960748651996,16.233239002758637,0.648518496879794,0.351481503120206,150859,0.5502271603796702,0.44977283962032977,13065,0.08180598169565201,0.000899251492228359,10.666631744243205,0.041354693472385406,0.9586453065276146,0.16254054009914398,0.2677484154701233,0.0059310877695679665,0.5014827847480774,0.4985172152519226,0.5326163172721863,0.564306378364563,0.5519483089447021,0.5014827847480774,0.4985172152519226,0.5014827847480774,0.4985172152519226,0.6178167211513081,0.38218327884869185,0.9623752236366272,0.5602421002767143,0.4397578997232857,0.0,0.5444785126126443,0.45552148738735565,0.0,0.08377549344993007,0.08377549344993007,0.014812332578003407,0.02096467837691307,0.9162245065500699,0.08377549344993007,0.03780342638492584,0.0013259017141535878,449385
b0_cityscapes_val,2026-07-07 05:27:41,cityscapes,val,all,student_skd,/scratch/gautschi/manors/hf_cache/models--nvidia--mit-b0/snapshots/80983a413c30d36a39c20203974ae7807835e2b4,outputs-guardrailpp-v4/student_skd.ckpt,skd,img_000450,/home/manors/Guardrail-Distillation/data/cityscapes/leftImg8bit/val/munster/munster_000124_000019_leftImg8bit.png,,0.6121748554852956,0.3878251445147044,0.957247257232666,0.9743293523788452,0.08442981541156769,0.06664199382066727,0.1845661997795105,0.9377154111862183,0.1963249146938324,-6.612800598144531,6.581702709197998,0.003747224807739258,0.033171527087688446,495033,2.892677264753729,4.885960748651996,16.233239002758637,0.6026527839582255,0.3973472160417745,150859,0.583590445201117,0.416409554798883,39935,0.06755419820547104,0.0006113890558481216,10.666631744243205,0.03239646926522255,0.9676035307347775,0.1071578785777092,0.23875322937965393,0.0028026611544191837,0.5007006525993347,0.4992993474006653,0.5183820724487305,0.5539324283599854,0.5194714069366455,0.5007006525993347,0.4992993474006653,0.5007006525993347,0.4992993474006653,0.46801902128300443,0.5319809787169956,0.9579421877861023,0.4486628571872016,0.5513371428127984,0.0,0.19436136919954874,0.8056386308004513,0.0,0.0,0.0,0.011211373843252659,0.010516470298171043,1.0,0.0,0.025986146181821823,0.000987812876701355,456928
b0_cityscapes_val,2026-07-07 05:27:41,cityscapes,val,all,student_skd,/scratch/gautschi/manors/hf_cache/models--nvidia--mit-b0/snapshots/80983a413c30d36a39c20203974ae7807835e2b4,outputs-guardrailpp-v4/student_skd.ckpt,skd,img_000451,/home/manors/Guardrail-Distillation/data/cityscapes/leftImg8bit/val/munster/munster_000125_000019_leftImg8bit.png,,0.4206142004306003,0.5793857995693996,0.9259945750236511,0.9567064642906189,0.11129657924175262,0.11505056172609329,0.2553987503051758,0.9018652439117432,0.2980175316333771,-6.15410041809082,6.100497722625732,0.012007889337837696,0.05804285779595375,493842,2.892677264753729,4.885960748651996,16.233239002758637,0.670307996620743,0.32969200337925697,150859,0.3325865557386477,0.6674134442613523,60459,0.11664998531341553,0.0011129744816571474,10.666631744243205,0.06020352244377136,0.9397964775562286,0.24706418812274933,0.361449658870697,0.03448089584708214,0.5086193680763245,0.49138063192367554,0.5560996532440186,0.6018239855766296,0.5285172462463379,0.5086193680763245,0.49138063192367554,0.5086193680763245,0.49138063192367554,0.43313217702583745,0.5668678229741626,0.9455879330635071,0.5832536694562087,0.4167463305437913,0.0,0.2881429123382103,0.7118570876617897,0.0,0.012517976595237013,0.012517976595237013,0.0336119681596756,0.014018654823303223,0.987482023404763,0.012517976595237013,0.054918378591537476,0.010521584190428257,431251
b0_cityscapes_val,2026-07-07 05:27:41,cityscapes,val,all,student_skd,/scratch/gautschi/manors/hf_cache/models--nvidia--mit-b0/snapshots/80983a413c30d36a39c20203974ae7807835e2b4,outputs-guardrailpp-v4/student_skd.ckpt,skd,img_000452,/home/manors/Guardrail-Distillation/data/cityscapes/leftImg8bit/val/munster/munster_000126_000019_leftImg8bit.png,,0.5140208032225339,0.48597919677746615,0.9557192921638489,0.9697524309158325,0.09355530142784119,0.08172972500324249,0.21921052038669586,0.9274741411209106,0.23031654953956604,-6.131302356719971,6.094106674194336,0.007246008608490229,0.0394303984940052,492133,3.309798485133797,4.892402997938916,16.236794501310214,1.0,0.0,150859,0.41237892468841636,0.5876210753115836,5470,0.08311863988637924,0.0009330374887213111,10.68230951204896,0.036503732204437256,0.9634962677955627,0.13591037690639496,0.25310254096984863,-0.006803330034017563,0.4982992112636566,0.5017007887363434,0.518639087677002,0.5520282983779907,0.5397431254386902,0.4982992112636566,0.5017007887363434,0.4982992112636566,0.5017007887363434,0.6362833453513633,0.3637166546486367,0.9667853713035583,1.0,0.0,0.0,0.5263536867720567,0.47364631322794326,0.11397476208364032,0.12226254212882948,0.12226254212882948,0.020051490515470505,0.008985375985503197,0.8777374578711705,0.12226254212882948,0.031566668301820755,0.0016458964673802257,448421
b0_cityscapes_val,2026-07-07 05:27:41,cityscapes,val,all,student_skd,/scratch/gautschi/manors/hf_cache/models--nvidia--mit-b0/snapshots/80983a413c30d36a39c20203974ae7807835e2b4,outputs-guardrailpp-v4/student_skd.ckpt,skd,img_000453,/home/manors/Guardrail-Distillation/data/cityscapes/leftImg8bit/val/munster/munster_000127_000019_leftImg8bit.png,,0.6103390093471455,0.38966099065285453,0.9471220374107361,0.9634530544281006,0.10112297534942627,0.0963691771030426,0.22897079586982727,0.9140834212303162,0.2713037431240082,-5.828226566314697,5.783489227294922,0.007391462102532387,0.04852645471692085,431579,3.309798485133797,4.892402997938916,16.236794501310214,0.47785047856781754,0.5221495214321825,104680,0.7737950977029758,0.22620490229702417,75218,0.09832897037267685,0.0013364910846576095,10.68230951204896,0.05971455201506615,0.9402854479849339,0.25782743096351624,0.3729620575904846,0.03148418664932251,0.5078703761100769,0.4921296238899231,0.5607705116271973,0.6038683652877808,0.5145620703697205,0.5078703761100769,0.4921296238899231,0.5078703761100769,0.4921296238899231,0.6243643146653658,0.3756356853346342,0.9584965705871582,0.6377717480936677,0.36222825190633234,0.15992126952585017,0.6191370571943848,0.38086294280561517,0.0,0.014025305318220327,0.014025305318220327,0.024567922577261925,0.013193412683904171,0.9859746946817797,0.014025305318220327,0.04264109209179878,0.0024815849028527737,383855
b0_cityscapes_val,2026-07-07 05:27:41,cityscapes,val,all,student_skd,/scratch/gautschi/manors/hf_cache/models--nvidia--mit-b0/snapshots/80983a413c30d36a39c20203974ae7807835e2b4,outputs-guardrailpp-v4/student_skd.ckpt,skd,img_000454,/home/manors/Guardrail-Distillation/data/cityscapes/leftImg8bit/val/munster/munster_000128_000019_leftImg8bit.png,,0.4113673919517341,0.5886326080482659,0.958059549331665,0.9735561609268188,0.08884312957525253,0.06915808469057083,0.20151029527187347,0.9394843578338623,0.1873929500579834,-6.165541172027588,6.132906913757324,0.006596212275326252,0.035136301070451736,490433,3.309798485133797,4.892402997938916,16.236794501310214,1.0,0.0,150859,0.2712472950544227,0.7287527049455773,82393,0.07082153856754303,0.0010508260456845164,10.68230951204896,0.03298066183924675,0.9670193381607533,0.11592453718185425,0.23852750658988953,0.0034755454398691654,0.5008688569068909,0.49913114309310913,0.5225187540054321,0.5538831949234009,0.53848797082901,0.5008688569068909,0.49913114309310913,0.5008688569068909,0.49913114309310913,0.4560317097561395,0.5439682902438605,0.9763658046722412,1.0,0.0,0.0,0.3460372405909336,0.6539627594090665,0.07478994553651086,0.044664317804405385,0.044664317804405385,0.025787416845560074,0.007481144741177559,0.9553356821955946,0.044664317804405385,0.036202702671289444,0.009004288353025913,452121
b0_cityscapes_val,2026-07-07 05:27:41,cityscapes,val,all,student_skd,/scratch/gautschi/manors/hf_cache/models--nvidia--mit-b0/snapshots/80983a413c30d36a39c20203974ae7807835e2b4,outputs-guardrailpp-v4/student_skd.ckpt,skd,img_000455,/home/manors/Guardrail-Distillation/data/cityscapes/leftImg8bit/val/munster/munster_000129_000019_leftImg8bit.png,,0.5653236112484082,0.43467638875159176,0.9599647521972656,0.9683608412742615,0.09856414049863815,0.08442413806915283,0.23261258006095886,0.9286831617355347,0.22240830957889557,-6.1404643058776855,6.100964546203613,0.009327853098511696,0.04359987750649452,491217,3.309798485133797,4.892402997938916,16.236794501310214,1.0,0.0,150859,0.2877847194265806,0.7122152805734194,14611,0.08608103543519974,0.0011001259554177523,10.68230951204896,0.03790375962853432,0.9620962403714657,0.14056511223316193,0.2775803506374359,-0.004955664277076721,0.4987610876560211,0.5012389123439789,0.5210186243057251,0.561558723449707,0.5234980583190918,0.4987610876560211,0.5012389123439789,0.4987610876560211,0.5012389123439789,0.6524820066114404,0.3475179933885596,0.9690136909484863,1.0,0.0,0.0,0.49442334562415197,0.505576654375848,0.20663862619757145,0.08715839536303216,0.08715839536303216,0.02093575708568096,0.011886803433299065,0.9128416046369678,0.08715839536303216,0.03556676581501961,0.0020500104874372482,446259
b0_cityscapes_val,2026-07-07 05:27:41,cityscapes,val,all,student_skd,/scratch/gautschi/manors/hf_cache/models--nvidia--mit-b0/snapshots/80983a413c30d36a39c20203974ae7807835e2b4,outputs-guardrailpp-v4/student_skd.ckpt,skd,img_000456,/home/manors/Guardrail-Distillation/data/cityscapes/leftImg8bit/val/munster/munster_000130_000019_leftImg8bit.png,,0.5083598701529125,0.4916401298470875,0.9346018433570862,0.9595765471458435,0.10827992856502533,0.10148045420646667,0.23994994163513184,0.9143966436386108,0.2536334991455078,-6.012843608856201,5.962800979614258,0.009008479304611683,0.05468173325061798,492980,2.8894237766508013,4.882264765910804,16.236323746852577,0.8679853575933169,0.13201464240668315,150859,0.24947291063327504,0.750527089366725,24788,0.10287369042634964,0.0009811731288209558,10.671270021703094,0.054204825311899185,0.9457951746881008,0.23400023579597473,0.35291677713394165,0.03137962520122528,0.5078442692756653,0.4921557307243347,0.5587830543518066,0.6023457646369934,0.5114152431488037,0.5078442692756653,0.4921557307243347,0.5078442692756653,0.4921557307243347,0.694069163060107,0.305930836939893,0.9731064438819885,0.9872075022127498,0.012792497787250223,0.11922214461943292,0.5413961473977268,0.4586038526022732,0.29192323676445175,0.1857092929071945,0.1857092929071945,0.044762466102838516,0.006257860455662012,0.8142907070928055,0.1857092929071945,0.05428212136030197,0.005992129445075989,432486
b0_cityscapes_val,2026-07-07 05:27:41,cityscapes,val,all,student_skd,/scratch/gautschi/manors/hf_cache/models--nvidia--mit-b0/snapshots/80983a413c30d36a39c20203974ae7807835e2b4,outputs-guardrailpp-v4/student_skd.ckpt,skd,img_000457,/home/manors/Guardrail-Distillation/data/cityscapes/leftImg8bit/val/munster/munster_000131_000019_leftImg8bit.png,,0.5463487442861028,0.4536512557138972,0.9310926795005798,0.9488498568534851,0.11750955879688263,0.13345204293727875,0.2671178877353668,0.8929029703140259,0.3045322597026825,-6.349937915802002,6.287075519561768,0.012104080989956856,0.06781083345413208,486117,2.8894237766508013,4.882264765910804,16.236323746852577,0.9143248963135779,0.08567510368642206,150859,0.4924283175293004,0.5075716824706996,8854,0.13557033240795135,0.0014236924471333623,10.671270021703094,0.08805161714553833,0.9119483828544617,0.38116228580474854,0.45265835523605347,0.08806836605072021,0.5220028758049011,0.4779971241950989,0.6201967000961304,0.6645712852478027,0.5268090963363647,0.5220028758049011,0.4779971241950989,0.5220028758049011,0.4779971241950989,0.5666558832527189,0.4333441167472811,0.9551198482513428,0.9689950144005295,0.031004985599470514,0.05467011808695155,0.5395136012238632,0.46048639877613684,0.047085283694562774,0.020307138966616067,0.020307138966616067,0.03489283472299576,0.010865696705877781,0.9796928610333839,0.020307138966616067,0.04934408515691757,0.003990808501839638,411374
b0_cityscapes_val,2026-07-07 05:27:41,cityscapes,val,all,student_skd,/scratch/gautschi/manors/hf_cache/models--nvidia--mit-b0/snapshots/80983a413c30d36a39c20203974ae7807835e2b4,outputs-guardrailpp-v4/student_skd.ckpt,skd,img_000458,/home/manors/Guardrail-Distillation/data/cityscapes/leftImg8bit/val/munster/munster_000132_000019_leftImg8bit.png,,0.7702077498151603,0.22979225018483973,0.9609761238098145,0.9684464335441589,0.09430715441703796,0.08298975974321365,0.2126842886209488,0.9244204759597778,0.23878592252731323,-6.310690402984619,6.272127628326416,0.006052696146070957,0.04116726666688919,492673,2.8894237766508013,4.882264765910804,16.236323746852577,0.8790005165348473,0.12099948346515266,150859,0.9782123221674318,0.021787677832568186,88215,0.08472318947315216,0.0010034263832494617,10.671270021703094,0.04390217363834381,0.9560978263616562,0.17876730859279633,0.2958531379699707,0.006767008453607559,0.5016917586326599,0.4983082413673401,0.5309811234474182,0.5647667646408081,0.5159167647361755,0.5016917586326599,0.4983082413673401,0.5016917586326599,0.4983082413673401,0.8080299389117599,0.1919700610882401,0.9709604382514954,0.8336570855267307,0.16634291447326932,0.0,0.9847191520716432,0.015280847928356822,0.006506829904211364,0.03782218909659962,0.03782218909659962,0.019043056294322014,0.009058746509253979,0.9621778109034004,0.03782218909659962,0.031260084360837936,0.0021474689710885286,446166
b0_cityscapes_val,2026-07-07 05:27:41,cityscapes,val,all,student_skd,/scratch/gautschi/manors/hf_cache/models--nvidia--mit-b0/snapshots/80983a413c30d36a39c20203974ae7807835e2b4,outputs-guardrailpp-v4/student_skd.ckpt,skd,img_000459,/home/manors/Guardrail-Distillation/data/cityscapes/leftImg8bit/val/munster/munster_000133_000019_leftImg8bit.png,,0.43708751108810323,0.5629124889118968,0.9738238453865051,0.9739351272583008,0.08421608060598373,0.07690584659576416,0.20470434427261353,0.9219911694526672,0.27383020520210266,-5.9443159103393555,5.912714958190918,0.006350125651806593,0.031130094081163406,290073,2.8894237766508013,4.882264765910804,16.236323746852577,1.0,0.0,10,0.5531422378659762,0.44685776213402384,6233,0.07883740216493607,0.0009586579399183393,10.671270021703094,0.048747818917036057,0.9512521810829639,0.17850415408611298,0.2897433042526245,0.023641148582100868,0.5059099793434143,0.4940900206565857,0.54371577501297,0.5788267850875854,0.46736541390419006,0.5059099793434143,0.4940900206565857,0.5059099793434143,0.4940900206565857,0.4709635746914763,0.5290364253085237,0.9799464344978333,1.0,0.0,0.0,0.4551273278673923,0.5448726721326077,0.0,0.03387606360337314,0.03387606360337314,0.012617513537406921,0.0064949169754981995,0.9661239363966269,0.03387606360337314,0.021828988566994667,0.0008273779531009495,268647
b0_cityscapes_val,2026-07-07 05:27:41,cityscapes,val,all,student_skd,/scratch/gautschi/manors/hf_cache/models--nvidia--mit-b0/snapshots/80983a413c30d36a39c20203974ae7807835e2b4,outputs-guardrailpp-v4/student_skd.ckpt,skd,img_000460,/home/manors/Guardrail-Distillation/data/cityscapes/leftImg8bit/val/munster/munster_000134_000019_leftImg8bit.png,,0.515283209145333,0.484716790854667,0.9420838952064514,0.9684085845947266,0.09976225346326828,0.08736781030893326,0.24559286236763,0.9275960326194763,0.2324512004852295,-6.349269866943359,6.309508323669434,0.011635465547442436,0.04218413308262825,493835,2.885977242840454,4.888353229034692,16.229216242209077,0.8518082764032768,0.14819172359672317,150859,0.5794585470175802,0.42054145298241985,26302,0.08906836807727814,0.0011703490745276213,10.679044265998527,0.04830038547515869,0.9516996145248413,0.19414204359054565,0.3731246590614319,0.013395924121141434,0.5033489465713501,0.4966510534286499,0.5396695137023926,0.5998410582542419,0.5121539831161499,0.5033489465713501,0.4966510534286499,0.5033489465713501,0.4966510534286499,0.5385089638969887,0.46149103610301134,0.947241485118866,0.8330333503247039,0.16696664967529606,0.0,0.6424870062946779,0.3575129937053221,0.06302845927709777,0.02322575475165567,0.02322575475165567,0.015987122431397438,0.010829527862370014,0.9767742452483443,0.02322575475165567,0.03579333424568176,0.002423886675387621,448790
b0_cityscapes_val,2026-07-07 05:27:41,cityscapes,val,all,student_skd,/scratch/gautschi/manors/hf_cache/models--nvidia--mit-b0/snapshots/80983a413c30d36a39c20203974ae7807835e2b4,outputs-guardrailpp-v4/student_skd.ckpt,skd,img_000461,/home/manors/Guardrail-Distillation/data/cityscapes/leftImg8bit/val/munster/munster_000135_000019_leftImg8bit.png,,0.5345258510604748,0.4654741489395252,0.9564195871353149,0.9743383526802063,0.08623459190130234,0.06845679134130478,0.1986803114414215,0.9353498220443726,0.21770869195461273,-5.572346210479736,5.54090690612793,0.005334371235221624,0.03332957997918129,488155,2.885977242840454,4.888353229034692,16.229216242209077,1.0,0.0,150859,0.4535795968069979,0.5464204031930021,19223,0.06990101933479309,0.0009326969156973064,10.679044265998527,0.04050292819738388,0.9594970718026161,0.144370436668396,0.28046754002571106,0.014629901386797428,0.5036574006080627,0.49634259939193726,0.528667688369751,0.5652219653129578,0.5515096187591553,0.5036574006080627,0.49634259939193726,0.5036574006080627,0.49634259939193726,0.6726261593374341,0.3273738406625659,0.9727996587753296,1.0,0.0,0.0,0.5917914835831077,0.40820851641689226,0.13821188677610985,0.1381003082769593,0.1381003082769593,0.023853080347180367,0.0074730366468429565,0.8618996917230407,0.1381003082769593,0.03363071382045746,0.007298911456018686,450550
b0_cityscapes_val,2026-07-07 05:27:41,cityscapes,val,all,student_skd,/scratch/gautschi/manors/hf_cache/models--nvidia--mit-b0/snapshots/80983a413c30d36a39c20203974ae7807835e2b4,outputs-guardrailpp-v4/student_skd.ckpt,skd,img_000462,/home/manors/Guardrail-Distillation/data/cityscapes/leftImg8bit/val/munster/munster_000136_000019_leftImg8bit.png,,0.49633510699650124,0.5036648930034988,0.9381874203681946,0.9539652466773987,0.12094192951917648,0.11857664585113525,0.2793051302433014,0.905839204788208,0.2799639105796814,-6.311553955078125,6.252922534942627,0.017775438725948334,0.06645920127630234,491971,2.885977242840454,4.888353229034692,16.229216242209077,0.8952101345113798,0.10478986548862024,150859,0.33989351606075824,0.6601064839392418,6981,0.12041527032852173,0.0013416926376521587,10.679044265998527,0.06049426645040512,0.9395057335495949,0.25951334834098816,0.3851029872894287,0.03116605244576931,0.5077908635139465,0.49220913648605347,0.5618359446525574,0.6057371497154236,0.525905430316925,0.5077908635139465,0.49220913648605347,0.5077908635139465,0.49220913648605347,0.6675985903870242,0.3324014096129758,0.9654776453971863,0.9817153803871908,0.01828461961280925,0.08650524587581099,0.4016156883043586,0.5983843116956413,0.06172217224360044,0.171263483390523,0.171263483390523,0.037233904004096985,0.009943675249814987,0.828736516609477,0.171263483390523,0.052675869315862656,0.004071378149092197,428117
b0_cityscapes_val,2026-07-07 05:27:41,cityscapes,val,all,student_skd,/scratch/gautschi/manors/hf_cache/models--nvidia--mit-b0/snapshots/80983a413c30d36a39c20203974ae7807835e2b4,outputs-guardrailpp-v4/student_skd.ckpt,skd,img_000463,/home/manors/Guardrail-Distillation/data/cityscapes/leftImg8bit/val/munster/munster_000137_000019_leftImg8bit.png,,0.632504134775287,0.367495865224713,0.9701645970344543,0.9698548316955566,0.09724276512861252,0.08378656953573227,0.23776312172412872,0.9281394481658936,0.23351642489433289,-6.315062046051025,6.27720308303833,0.01067817397415638,0.04002342373132706,481543,2.885977242840454,4.888353229034692,16.229216242209077,0.9805802873983532,0.019419712601646766,150859,0.6041976379545084,0.3958023620454916,9100,0.08535943925380707,0.0008815067703835666,10.679044265998527,0.040697913616895676,0.9593020863831043,0.15540161728858948,0.3069235682487488,0.006458398420363665,0.5016145706176758,0.4983854293823242,0.5319039821624756,0.5772241353988647,0.5241485834121704,0.5016145706176758,0.4983854293823242,0.5016145706176758,0.4983854293823242,0.6462663325271608,0.3537336674728392,0.9687753319740295,0.9710089967720101,0.028991003227989864,0.0,0.615309759712452,0.38469024028754795,0.011112121757943627,0.013762197751873817,0.013762197751873817,0.011922091245651245,0.013311375863850117,0.9862378022481262,0.013762197751873817,0.027793986722826958,0.000388334970921278,439762
b0_cityscapes_val,2026-07-07 05:27:41,cityscapes,val,all,student_skd,/scratch/gautschi/manors/hf_cache/models--nvidia--mit-b0/snapshots/80983a413c30d36a39c20203974ae7807835e2b4,outputs-guardrailpp-v4/student_skd.ckpt,skd,img_000464,/home/manors/Guardrail-Distillation/data/cityscapes/leftImg8bit/val/munster/munster_000138_000019_leftImg8bit.png,,0.6145021721374992,0.38549782786250075,0.9502328634262085,0.9617522358894348,0.10242392867803574,0.10151158273220062,0.23023036122322083,0.9087525606155396,0.2835472822189331,-5.928586959838867,5.881842613220215,0.007870722562074661,0.04935302585363388,478228,2.8961942298337817,4.876398481428623,16.231421992415562,0.9582230428717097,0.041776957128290326,150859,0.5505389630905815,0.4494610369094185,13679,0.10327629745006561,0.0011589688947424293,10.682069027097896,0.06787145882844925,0.9321285411715508,0.2693463861942291,0.3949657082557678,0.05536343902349472,0.5138373374938965,0.4861626625061035,0.5727928876876831,0.6279443502426147,0.5537093281745911,0.5138373374938965,0.4861626625061035,0.5138373374938965,0.4861626625061035,0.663084609713497,0.33691539028650297,0.9633960723876953,0.9351113163676344,0.06488868363236555,0.0,0.5934188902785555,0.40658110972144446,0.042879927187974065,0.04858243757599778,0.04858243757599778,0.023139588534832,0.009976412169635296,0.9514175624240022,0.04858243757599778,0.037998609244823456,0.004303386434912682,424060
b0_cityscapes_val,2026-07-07 05:27:41,cityscapes,val,all,student_skd,/scratch/gautschi/manors/hf_cache/models--nvidia--mit-b0/snapshots/80983a413c30d36a39c20203974ae7807835e2b4,outputs-guardrailpp-v4/student_skd.ckpt,skd,img_000465,/home/manors/Guardrail-Distillation/data/cityscapes/leftImg8bit/val/munster/munster_000139_000019_leftImg8bit.png,,0.6922533969420932,0.3077466030579068,0.9356831908226013,0.9709848761558533,0.0880662277340889,0.07631951570510864,0.1957484930753708,0.9289392828941345,0.22668112814426422,-6.108872413635254,6.073923110961914,0.003767980495467782,0.035764191299676895,490183,2.8961942298337817,4.876398481428623,16.231421992415562,0.7967841512226624,0.20321584877733756,150859,0.6230882016707766,0.3769117983292234,76954,0.07787751406431198,0.0009659506613388658,10.682069027097896,0.04130658134818077,0.9586934186518192,0.16281650960445404,0.2805449664592743,0.004459845833480358,0.5011149644851685,0.49888503551483154,0.5347156524658203,0.5705920457839966,0.6072476506233215,0.5011149644851685,0.49888503551483154,0.5011149644851685,0.49888503551483154,0.7622556587958201,0.23774434120417987,0.9732711911201477,0.957199331263228,0.04280066873677202,0.16041518004056554,0.8023201490471861,0.19767985095281393,0.17923194737640946,0.07000226185372693,0.07000226185372693,0.04437730088829994,0.006789301056414843,0.9299977381462731,0.07000226185372693,0.053082216531038284,0.018799101933836937,445550
b0_cityscapes_val,2026-07-07 05:27:41,cityscapes,val,all,student_skd,/scratch/gautschi/manors/hf_cache/models--nvidia--mit-b0/snapshots/80983a413c30d36a39c20203974ae7807835e2b4,outputs-guardrailpp-v4/student_skd.ckpt,skd,img_000466,/home/manors/Guardrail-Distillation/data/cityscapes/leftImg8bit/val/munster/munster_000140_000019_leftImg8bit.png,,0.592772089504069,0.407227910495931,0.9596171975135803,0.9706258177757263,0.09266391396522522,0.07744292169809341,0.20743204653263092,0.9277358055114746,0.2350185364484787,-5.9165802001953125,5.880437850952148,0.007360424846410751,0.03917420655488968,487336,2.8961942298337817,4.876398481428623,16.231421992415562,0.9294259254900118,0.0705740745099882,150859,0.7873712384674422,0.21262876153255783,63482,0.0789208635687828,0.0010369028896093369,10.682069027097896,0.047846827656030655,0.9521531723439693,0.18229424953460693,0.3096071481704712,0.012492209672927856,0.5031229853630066,0.4968770146369934,0.5413511991500854,0.5778772234916687,0.5931273102760315,0.5031229853630066,0.4968770146369934,0.5031229853630066,0.4968770146369934,0.6257228649797171,0.3742771350202829,0.9725117683410645,0.7071930616710688,0.29280693832893123,0.0,0.8529981661871034,0.14700183381289655,0.06562692771966128,0.032950775475648064,0.032950775475648064,0.020852142944931984,0.007957548834383488,0.9670492245243519,0.032950775475648064,0.03162499889731407,0.0027250193525105715,445911
b0_cityscapes_val,2026-07-07 05:27:41,cityscapes,val,all,student_skd,/scratch/gautschi/manors/hf_cache/models--nvidia--mit-b0/snapshots/80983a413c30d36a39c20203974ae7807835e2b4,outputs-guardrailpp-v4/student_skd.ckpt,skd,img_000467,/home/manors/Guardrail-Distillation/data/cityscapes/leftImg8bit/val/munster/munster_000141_000019_leftImg8bit.png,,0.5210529073700083,0.4789470926299917,0.9197521805763245,0.9632819890975952,0.10070068389177322,0.09740299731492996,0.2265930473804474,0.9113832116127014,0.2816633880138397,-5.849617958068848,5.804737567901611,0.008122241124510765,0.04671261087059975,488412,2.8961942298337817,4.876398481428623,16.231421992415562,0.4368693898109555,0.5631306101890445,150859,0.7881972927118549,0.2118027072881451,97146,0.099464550614357,0.0012692625168710947,10.682069027097896,0.05385992303490639,0.9461400769650936,0.20718856155872345,0.3384895920753479,0.03039528615772724,0.5075982213020325,0.49240177869796753,0.5531823039054871,0.594591498374939,0.5834288597106934,0.5075982213020325,0.49240177869796753,0.5075982213020325,0.49240177869796753,0.6228070703087912,0.37719292969120877,0.9469566941261292,0.6212218083296818,0.37877819167031823,0.1843524185187263,0.9264667155266237,0.07353328447337626,0.13826942281476884,0.10175416293878292,0.10175416293878292,0.03621122986078262,0.009006740525364876,0.8982458370612171,0.10175416293878292,0.05355724319815636,0.005329516716301441,435330
b0_cityscapes_val,2026-07-07 05:27:42,cityscapes,val,all,student_skd,/scratch/gautschi/manors/hf_cache/models--nvidia--mit-b0/snapshots/80983a413c30d36a39c20203974ae7807835e2b4,outputs-guardrailpp-v4/student_skd.ckpt,skd,img_000468,/home/manors/Guardrail-Distillation/data/cityscapes/leftImg8bit/val/munster/munster_000142_000019_leftImg8bit.png,,0.6545627406920053,0.34543725930799474,0.9467584490776062,0.9717965722084045,0.09032770246267319,0.07433068752288818,0.20471316576004028,0.9330059289932251,0.21415767073631287,-5.836867809295654,5.802295684814453,0.006253470666706562,0.03684740513563156,482612,2.8903989878017455,4.888103983830661,16.23691024724394,0.6887169526693371,0.3112830473306629,150859,0.7128201369408661,0.2871798630591339,35621,0.07563954591751099,0.0009691154700703919,10.691648261854425,0.04256498068571091,0.9574350193142891,0.16549672186374664,0.2935243248939514,0.010418633930385113,0.502604603767395,0.497395396232605,0.5359808206558228,0.57258540391922,0.6093583106994629,0.502604603767395,0.497395396232605,0.502604603767395,0.497395396232605,0.7422194460982083,0.25778055390179166,0.959632158279419,0.7004732231690004,0.2995267768309996,0.011756270499663324,0.6421433464816906,0.3578566535183094,0.0,0.08765670540620307,0.08765670540620307,0.028515661135315895,0.015641964972019196,0.9123432945937969,0.08765670540620307,0.047404538840055466,0.012082169763743877,441943
b0_cityscapes_val,2026-07-07 05:27:42,cityscapes,val,all,student_skd,/scratch/gautschi/manors/hf_cache/models--nvidia--mit-b0/snapshots/80983a413c30d36a39c20203974ae7807835e2b4,outputs-guardrailpp-v4/student_skd.ckpt,skd,img_000469,/home/manors/Guardrail-Distillation/data/cityscapes/leftImg8bit/val/munster/munster_000143_000019_leftImg8bit.png,,0.42811752516492657,0.5718824748350735,0.9422825574874878,0.9635108113288879,0.09838426858186722,0.09242551028728485,0.20921026170253754,0.9160135388374329,0.2564416229724884,-5.9045844078063965,5.8604912757873535,0.00433046231046319,0.0473809577524662,484013,2.8903989878017455,4.888103983830661,16.23691024724394,0.7978528550052283,0.2021471449947717,150859,0.3987999748925247,0.6012000251074753,35573,0.09407991915941238,0.0010036557214334607,10.691648261854425,0.05702552944421768,0.9429744705557823,0.23874373733997345,0.33607569336891174,0.026250094175338745,0.5065621137619019,0.49343788623809814,0.5568968653678894,0.5854682922363281,0.6031329035758972,0.5065621137619019,0.49343788623809814,0.5065621137619019,0.49343788623809814,0.4849229100480368,0.5150770899519632,0.9641972780227661,0.822916470285659,0.17708352971434105,0.025063615280430662,0.4194953029063623,0.5805046970936377,0.020695328013837555,0.056805384883110266,0.056805384883110266,0.030098365619778633,0.00818366464227438,0.9431946151168897,0.056805384883110266,0.041374921798706055,0.00452467193827033,429490
b0_cityscapes_val,2026-07-07 05:27:42,cityscapes,val,all,student_skd,/scratch/gautschi/manors/hf_cache/models--nvidia--mit-b0/snapshots/80983a413c30d36a39c20203974ae7807835e2b4,outputs-guardrailpp-v4/student_skd.ckpt,skd,img_000470,/home/manors/Guardrail-Distillation/data/cityscapes/leftImg8bit/val/munster/munster_000144_000019_leftImg8bit.png,,0.5648087718642393,0.4351912281357607,0.9558365345001221,0.96964430809021,0.09267131984233856,0.08133919537067413,0.2091396152973175,0.9238990545272827,0.24851977825164795,-6.106276035308838,6.069178581237793,0.006538034416735172,0.03956713527441025,457324,2.8903989878017455,4.888103983830661,16.23691024724394,0.9227955155706041,0.07720448442939587,150859,0.606251154290056,0.39374884570994395,48019,0.08303185552358627,0.0011860260274261236,10.691648261854425,0.04899994283914566,0.9510000571608543,0.18738596141338348,0.30775943398475647,0.031569547951221466,0.5078917145729065,0.4921082854270935,0.5435394644737244,0.5824658274650574,0.6102771759033203,0.5078917145729065,0.4921082854270935,0.5078917145729065,0.4921082854270935,0.7547141300926238,0.24528586990737622,0.966981828212738,0.6810697950683424,0.3189302049316576,0.0,0.6991711325928379,0.3008288674071621,0.09291997830278187,0.1899053582283845,0.1899053582283845,0.021461809054017067,0.010316536761820316,0.8100946417716155,0.1899053582283845,0.03512389585375786,0.002645826665684581,416389
b0_cityscapes_val,2026-07-07 05:27:42,cityscapes,val,all,student_skd,/scratch/gautschi/manors/hf_cache/models--nvidia--mit-b0/snapshots/80983a413c30d36a39c20203974ae7807835e2b4,outputs-guardrailpp-v4/student_skd.ckpt,skd,img_000471,/home/manors/Guardrail-Distillation/data/cityscapes/leftImg8bit/val/munster/munster_000145_000019_leftImg8bit.png,,0.46068587258312416,0.5393141274168758,0.9507140517234802,0.9718595147132874,0.0918726846575737,0.07648299634456635,0.21482475101947784,0.9288753271102905,0.24109137058258057,-5.935745716094971,5.900970935821533,0.007383968681097031,0.0378783717751503,453821,2.8903989878017455,4.888103983830661,16.23691024724394,0.2497612257080321,0.7502387742919678,150770,0.538584258197031,0.46141574180296896,29513,0.0781826376914978,0.0010570839513093233,10.691648261854425,0.0487949475646019,0.9512050524353981,0.18205392360687256,0.3416898250579834,0.022372020408511162,0.5055927634239197,0.4944072365760803,0.5401536822319031,0.5868561267852783,0.5949124097824097,0.5055927634239197,0.4944072365760803,0.5055927634239197,0.4944072365760803,0.5671702378699203,0.43282976213007973,0.9590036273002625,0.49993035749817605,0.500069642501824,0.2501691317901439,0.7068498691037348,0.2931501308962652,0.16826561090670378,0.10648436528679606,0.10648436528679606,0.019106652587652206,0.010817039757966995,0.8935156347132039,0.10648436528679606,0.036437273025512695,0.003796651028096676,416463
b0_cityscapes_val,2026-07-07 05:27:42,cityscapes,val,all,student_skd,/scratch/gautschi/manors/hf_cache/models--nvidia--mit-b0/snapshots/80983a413c30d36a39c20203974ae7807835e2b4,outputs-guardrailpp-v4/student_skd.ckpt,skd,img_000472,/home/manors/Guardrail-Distillation/data/cityscapes/leftImg8bit/val/munster/munster_000146_000019_leftImg8bit.png,,0.5447299013214981,0.4552700986785019,0.9718116521835327,0.979185163974762,0.07342756539583206,0.058439191430807114,0.1696546971797943,0.9405149221420288,0.20608849823474884,-5.939314842224121,5.914488315582275,0.0027403030544519424,0.02395515702664852,488997,2.889570750994608,4.8885907453950495,16.229054745053872,1.0,0.0,150859,0.5670901528427551,0.4329098471572449,22106,0.05976369231939316,0.000632088165730238,10.67551173036918,0.0427270233631134,0.9572729766368866,0.15562570095062256,0.31154781579971313,0.015250280499458313,0.5038124918937683,0.4961875081062317,0.5334270596504211,0.5809369087219238,0.6106312870979309,0.5038124918937683,0.4961875081062317,0.5038124918937683,0.4961875081062317,0.7058332711344826,0.2941667288655174,0.9789139628410339,1.0,0.0,0.0,0.6932916699547369,0.3067083300452631,0.1262015171119818,0.16110336981298445,0.16110336981298445,0.013345684856176376,0.006243391893804073,0.8388966301870155,0.16110336981298445,0.020488876849412918,0.0012597213499248028,458178
b0_cityscapes_val,2026-07-07 05:27:42,cityscapes,val,all,student_skd,/scratch/gautschi/manors/hf_cache/models--nvidia--mit-b0/snapshots/80983a413c30d36a39c20203974ae7807835e2b4,outputs-guardrailpp-v4/student_skd.ckpt,skd,img_000473,/home/manors/Guardrail-Distillation/data/cityscapes/leftImg8bit/val/munster/munster_000147_000019_leftImg8bit.png,,0.6165934326869434,0.38340656731305656,0.9652965068817139,0.9739376902580261,0.08596547693014145,0.06978396326303482,0.19168661534786224,0.9326276779174805,0.22118793427944183,-6.295411109924316,6.2636027336120605,0.005428325850516558,0.033133137971162796,486522,2.889570750994608,4.8885907453950495,16.229054745053872,0.9323851477863886,0.06761485221361141,150859,0.4905519149739168,0.5094480850260832,42614,0.0712910071015358,0.0008803652599453926,10.67551173036918,0.036760713905096054,0.963239286094904,0.13285160064697266,0.2510319948196411,-0.005719838663935661,0.4985700249671936,0.5014299750328064,0.5248169898986816,0.5561684966087341,0.6072930693626404,0.4985700249671936,0.5014299750328064,0.4985700249671936,0.5014299750328064,0.8685176394578225,0.13148236054217755,0.9789094924926758,0.9309224749681247,0.06907752503187525,0.0,0.8453607702454601,0.15463922975453992,0.35480885527154327,0.251924206770879,0.251924206770879,0.01958184875547886,0.005968897603452206,0.748075793229121,0.251924206770879,0.02661544643342495,0.0029762270860373974,449455
b0_cityscapes_val,2026-07-07 05:27:42,cityscapes,val,all,student_skd,/scratch/gautschi/manors/hf_cache/models--nvidia--mit-b0/snapshots/80983a413c30d36a39c20203974ae7807835e2b4,outputs-guardrailpp-v4/student_skd.ckpt,skd,img_000474,/home/manors/Guardrail-Distillation/data/cityscapes/leftImg8bit/val/munster/munster_000148_000019_leftImg8bit.png,,0.5350673278870467,0.4649326721129533,0.9551292061805725,0.9712250828742981,0.08887938410043716,0.07913469523191452,0.20411989092826843,0.9239339232444763,0.25516021251678467,-5.238349437713623,5.203410625457764,0.006188397295773029,0.03489695116877556,306703,2.889570750994608,4.8885907453950495,16.229054745053872,0.7114904857900476,0.2885095142099524,15076,0.5512005198338217,0.4487994801661783,26286,0.08093028515577316,0.0009965371573343873,10.67551173036918,0.03994614630937576,0.9600538536906242,0.15085402131080627,0.27539393305778503,-0.005470047239214182,0.4986324906349182,0.5013675093650818,0.5284519791603088,0.5614488124847412,0.6215804219245911,0.4986324906349182,0.5013675093650818,0.4986324906349182,0.5013675093650818,0.5910715846910675,0.40892841530893254,0.9645357131958008,0.6360266454211482,0.3639733545788518,0.0,0.4974435395030049,0.5025564604969951,0.0,0.05600425680402077,0.05600425680402077,0.018421730026602745,0.009015236049890518,0.9439957431959792,0.05600425680402077,0.030717013403773308,0.0027877131942659616,280267
b0_cityscapes_val,2026-07-07 05:27:42,cityscapes,val,all,student_skd,/scratch/gautschi/manors/hf_cache/models--nvidia--mit-b0/snapshots/80983a413c30d36a39c20203974ae7807835e2b4,outputs-guardrailpp-v4/student_skd.ckpt,skd,img_000475,/home/manors/Guardrail-Distillation/data/cityscapes/leftImg8bit/val/munster/munster_000149_000019_leftImg8bit.png,,0.5741591509929914,0.4258408490070086,0.9712387919425964,0.9809410572052002,0.07224882394075394,0.049715831875801086,0.156954824924469,0.9493638873100281,0.17169246077537537,-6.149866104125977,6.126965045928955,0.0019229562021791935,0.02394678257405758,493511,2.889570750994608,4.8885907453950495,16.229054745053872,0.8702420637005458,0.1297579362994542,150859,0.6701926712616547,0.3298073287383453,46965,0.05061080679297447,0.0006077640573494136,10.67551173036918,0.029338985681533813,0.9706610143184662,0.09105994552373886,0.2121274769306183,-0.00699544046074152,0.49825114011764526,0.5017488598823547,0.5154478549957275,0.5502990484237671,0.6298156380653381,0.49825114011764526,0.5017488598823547,0.49825114011764526,0.5017488598823547,0.7399395152694409,0.2600604847305591,0.9788981676101685,0.9146530810703313,0.08534691892966872,0.04441101736978548,0.9181585559842249,0.08184144401577509,0.2479658847225702,0.1657803642764495,0.1657803642764495,0.013709927909076214,0.006050523836165667,0.8342196357235505,0.1657803642764495,0.021008651703596115,0.0017628787318244576,465071
b0_cityscapes_val,2026-07-07 05:27:42,cityscapes,val,all,student_skd,/scratch/gautschi/manors/hf_cache/models--nvidia--mit-b0/snapshots/80983a413c30d36a39c20203974ae7807835e2b4,outputs-guardrailpp-v4/student_skd.ckpt,skd,img_000476,/home/manors/Guardrail-Distillation/data/cityscapes/leftImg8bit/val/munster/munster_000150_000019_leftImg8bit.png,,0.5591023958642516,0.4408976041357484,0.9567285180091858,0.9774539470672607,0.07918407768011093,0.05897822603583336,0.1742110550403595,0.9434419274330139,0.1846759170293808,-6.206197261810303,6.178947925567627,0.0032280876766890287,0.028851032257080078,490693,2.89702950976789,4.88590999157168,16.239038261119276,0.7640993247936069,0.23590067520639313,150859,0.4859511993778908,0.5140488006221092,102634,0.06015045568346977,0.0006882045418024063,10.678501770598814,0.032769497483968735,0.9672305025160313,0.10631416738033295,0.2385130226612091,-0.004621466156095266,0.4988446831703186,0.5011553168296814,0.5192397832870483,0.5564008951187134,0.6043642163276672,0.4988446831703186,0.5011553168296814,0.4988446831703186,0.5011553168296814,0.7489009959727746,0.2510990040272254,0.9748681783676147,0.8145216347865727,0.1854783652134273,0.05042230999296582,0.6600973856618574,0.3399026143381426,0.1741461862839666,0.189798600108523,0.189798600108523,0.026982247829437256,0.008842595852911472,0.810201399891477,0.189798600108523,0.03749594837427139,0.010083697736263275,457357
b0_cityscapes_val,2026-07-07 05:27:42,cityscapes,val,all,student_skd,/scratch/gautschi/manors/hf_cache/models--nvidia--mit-b0/snapshots/80983a413c30d36a39c20203974ae7807835e2b4,outputs-guardrailpp-v4/student_skd.ckpt,skd,img_000477,/home/manors/Guardrail-Distillation/data/cityscapes/leftImg8bit/val/munster/munster_000151_000019_leftImg8bit.png,,0.7316120429415395,0.2683879570584605,0.9589166641235352,0.9777292609214783,0.07662184536457062,0.05933266133069992,0.1710086464881897,0.9430273771286011,0.1837543100118637,-6.361783027648926,6.335132598876953,0.0024352301843464375,0.026270350441336632,491124,2.89702950976789,4.88590999157168,16.239038261119276,0.9024472944652887,0.09755270553471129,150859,0.7569530671125195,0.24304693288748047,63162,0.06032261997461319,0.0006262014503590763,10.678501770598814,0.03227277845144272,0.9677272215485573,0.10976805537939072,0.24097488820552826,-0.005443130619823933,0.4986392557621002,0.5013607442378998,0.5194068551063538,0.5544505715370178,0.6086229085922241,0.4986392557621002,0.5013607442378998,0.4986392557621002,0.5013607442378998,0.7690711703322176,0.2309288296677824,0.9790256023406982,0.9239118504255387,0.0760881495744613,0.021464555960249987,0.8559082427318827,0.1440917572681173,0.09895517561936318,0.03745912739067814,0.03745912739067814,0.026673506945371628,0.0065645333379507065,0.9625408726093219,0.03745912739067814,0.03485066816210747,0.008515160530805588,456690
b0_cityscapes_val,2026-07-07 05:27:42,cityscapes,val,all,student_skd,/scratch/gautschi/manors/hf_cache/models--nvidia--mit-b0/snapshots/80983a413c30d36a39c20203974ae7807835e2b4,outputs-guardrailpp-v4/student_skd.ckpt,skd,img_000478,/home/manors/Guardrail-Distillation/data/cityscapes/leftImg8bit/val/munster/munster_000152_000019_leftImg8bit.png,,0.5342163336879974,0.46578366631200263,0.9671003818511963,0.9789291024208069,0.07943341135978699,0.05771420896053314,0.18849459290504456,0.9461222290992737,0.18149761855602264,-6.475723743438721,6.4498114585876465,0.00513644190505147,0.027841662988066673,484382,2.89702950976789,4.88590999157168,16.239038261119276,0.9858002419539539,0.014199758046046118,148276,0.44257671868106147,0.5574232813189386,47404,0.05872894451022148,0.0006315807695500553,10.678501770598814,0.027461806312203407,0.9725381936877966,0.0714648962020874,0.21458207070827484,-0.016907943412661552,0.4957731068134308,0.5042268931865692,0.507113516330719,0.5395444631576538,0.6055960059165955,0.4957731068134308,0.5042268931865692,0.4957731068134308,0.5042268931865692,0.6121728243093126,0.38782717569068736,0.9763637185096741,0.9866927941960797,0.013307205803920308,0.0008925522421258103,0.5812378287969706,0.4187621712030294,0.1386611101159092,0.07795649062131527,0.07795649062131527,0.014835398644208908,0.005572048481553793,0.9220435093786847,0.07795649062131527,0.02420816756784916,0.0016226862790063024,454243
b0_cityscapes_val,2026-07-07 05:27:42,cityscapes,val,all,student_skd,/scratch/gautschi/manors/hf_cache/models--nvidia--mit-b0/snapshots/80983a413c30d36a39c20203974ae7807835e2b4,outputs-guardrailpp-v4/student_skd.ckpt,skd,img_000479,/home/manors/Guardrail-Distillation/data/cityscapes/leftImg8bit/val/munster/munster_000153_000019_leftImg8bit.png,,0.5310585536628276,0.4689414463371724,0.9482724070549011,0.9642165303230286,0.10134151577949524,0.09533504396677017,0.2341831922531128,0.9160274863243103,0.26624324917793274,-6.353727340698242,6.309687614440918,0.007952381856739521,0.048292286694049835,458479,2.89702950976789,4.88590999157168,16.239038261119276,0.9744056396085113,0.025594360391488657,138026,0.537513693616174,0.46248630638382604,19200,0.09723083674907684,0.0011256840080022812,10.678501770598814,0.05174313485622406,0.9482568651437759,0.22279267013072968,0.33304718136787415,0.015885455533862114,0.50397127866745,0.49602872133255005,0.548420786857605,0.5829254388809204,0.5745366215705872,0.50397127866745,0.49602872133255005,0.50397127866745,0.49602872133255005,0.5522749637644995,0.44772503623550053,0.9623057842254639,0.9602946042259843,0.03970539577401566,0.0,0.8060921395704256,0.19390786042957442,0.2685784459542516,0.021216410101671856,0.021216410101671856,0.03056846559047699,0.016535108909010887,0.9787835898983281,0.021216410101671856,0.05188241973519325,0.007322036661207676,409699
b0_cityscapes_val,2026-07-07 05:27:42,cityscapes,val,all,student_skd,/scratch/gautschi/manors/hf_cache/models--nvidia--mit-b0/snapshots/80983a413c30d36a39c20203974ae7807835e2b4,outputs-guardrailpp-v4/student_skd.ckpt,skd,img_000480,/home/manors/Guardrail-Distillation/data/cityscapes/leftImg8bit/val/munster/munster_000154_000019_leftImg8bit.png,,0.5440918760411827,0.4559081239588173,0.931472897529602,0.9604259729385376,0.10669057816267014,0.10146837681531906,0.23965075612068176,0.9137996435165405,0.2620699107646942,-6.140796184539795,6.092012882232666,0.00815335288643837,0.05523683503270149,493294,2.8930112603120506,4.880994732957333,16.24297274975106,0.5991614658268793,0.40083853417312065,150859,0.6187918526211923,0.3812081473788077,80985,0.10285021364688873,0.0010015288135036826,10.678724735043943,0.05405380576848984,0.9459461942315102,0.22339747846126556,0.3613407611846924,0.02354194037616253,0.5058852434158325,0.4941147565841675,0.5533159375190735,0.593984067440033,0.5857735872268677,0.5058852434158325,0.4941147565841675,0.5058852434158325,0.4941147565841675,0.6758259419238765,0.32417405807612354,0.952940821647644,0.8557547521863577,0.14424524781364234,0.2565932863594783,0.6684774730796683,0.3315225269203317,0.04968562045847602,0.13173406588269376,0.13173406588269376,0.03461829945445061,0.013150372542440891,0.8682659341173062,0.13173406588269376,0.051648713648319244,0.0035597432870417833,434455
b0_cityscapes_val,2026-07-07 05:27:42,cityscapes,val,all,student_skd,/scratch/gautschi/manors/hf_cache/models--nvidia--mit-b0/snapshots/80983a413c30d36a39c20203974ae7807835e2b4,outputs-guardrailpp-v4/student_skd.ckpt,skd,img_000481,/home/manors/Guardrail-Distillation/data/cityscapes/leftImg8bit/val/munster/munster_000155_000019_leftImg8bit.png,,0.564831725734818,0.435168274265182,0.9490780830383301,0.9706923365592957,0.09608496725559235,0.07921253889799118,0.2299700677394867,0.9331283569335938,0.21286123991012573,-6.182034969329834,6.145251274108887,0.009610742330551147,0.03984444960951805,490909,2.8930112603120506,4.880994732957333,16.24297274975106,1.0,0.0,150859,0.5706548426987937,0.42934515730120626,13870,0.08086127042770386,0.0011337634641677141,10.678724735043943,0.03992488607764244,0.9600751139223576,0.1550407111644745,0.30805504322052,-0.0006150293629616499,0.49984627962112427,0.5001537203788757,0.5291253924369812,0.5714936852455139,0.5988010764122009,0.49984627962112427,0.5001537203788757,0.49984627962112427,0.5001537203788757,0.5885175588818164,0.41148244111818355,0.9579656720161438,1.0,0.0,0.0,0.7132424617639219,0.2867575382360781,0.14258761906512818,0.02368583314699846,0.02368583314699846,0.02009129896759987,0.011203705333173275,0.9763141668530015,0.02368583314699846,0.03762611746788025,0.002383333630859852,449551
b0_cityscapes_val,2026-07-07 05:27:42,cityscapes,val,all,student_skd,/scratch/gautschi/manors/hf_cache/models--nvidia--mit-b0/snapshots/80983a413c30d36a39c20203974ae7807835e2b4,outputs-guardrailpp-v4/student_skd.ckpt,skd,img_000482,/home/manors/Guardrail-Distillation/data/cityscapes/leftImg8bit/val/munster/munster_000156_000019_leftImg8bit.png,,0.572854009127111,0.42714599087288896,0.933295726776123,0.9713609218597412,0.09248892962932587,0.0774964913725853,0.21963873505592346,0.931985080242157,0.21906311810016632,-6.252438545227051,6.216969013214111,0.007521339692175388,0.03765825554728508,484887,2.8930112603120506,4.880994732957333,16.24297274975106,0.7960469901584786,0.20395300984152143,150859,0.5692026535645656,0.43079734643543444,30820,0.0793144479393959,0.0012208567932248116,10.678724735043943,0.04072124883532524,0.9592787511646748,0.1601456105709076,0.2883380651473999,0.0013871768023818731,0.5003467798233032,0.4996532201766968,0.537627637386322,0.5734888911247253,0.5946289896965027,0.5003467798233032,0.4996532201766968,0.5003467798233032,0.4996532201766968,0.6619799091044105,0.3380200908955895,0.9530859589576721,0.906218516462179,0.09378148353782101,0.11017152630370042,0.6456576479734325,0.3543423520265675,0.07645499440886694,0.08912589997729947,0.08912589997729947,0.02985437773168087,0.0100642004981637,0.9108741000227005,0.08912589997729947,0.04682121425867081,0.007935869507491589,444152
b0_cityscapes_val,2026-07-07 05:27:42,cityscapes,val,all,student_skd,/scratch/gautschi/manors/hf_cache/models--nvidia--mit-b0/snapshots/80983a413c30d36a39c20203974ae7807835e2b4,outputs-guardrailpp-v4/student_skd.ckpt,skd,img_000483,/home/manors/Guardrail-Distillation/data/cityscapes/leftImg8bit/val/munster/munster_000157_000019_leftImg8bit.png,,0.5756339436703057,0.42436605632969426,0.959358811378479,0.9751250147819519,0.08465965837240219,0.06590922921895981,0.19227920472621918,0.9389047026634216,0.19591687619686127,-6.122012615203857,6.091564178466797,0.0050887749530375,0.03150821849703789,493046,2.8930112603120506,4.880994732957333,16.24297274975106,0.959846904023196,0.040153095976804054,150859,0.48757671464200103,0.512423285357999,44582,0.06726188957691193,0.0007905602105893195,10.678724735043943,0.04158252105116844,0.9584174789488316,0.1587873250246048,0.28284019231796265,0.0037323094438761473,0.500933051109314,0.49906694889068604,0.5339093208312988,0.5687872767448425,0.5942374467849731,0.500933051109314,0.49906694889068604,0.500933051109314,0.49906694889068604,0.7496631650527898,0.25033683494721015,0.9671268463134766,0.9584890065203396,0.04151099347966036,0.0,0.7457651436016479,0.2542348563983521,0.2581884289596469,0.1740292213824841,0.1740292213824841,0.017142416909337044,0.009374379180371761,0.8259707786175159,0.1740292213824841,0.029415106400847435,0.004028021823614836,456648
b0_cityscapes_val,2026-07-07 05:27:42,cityscapes,val,all,student_skd,/scratch/gautschi/manors/hf_cache/models--nvidia--mit-b0/snapshots/80983a413c30d36a39c20203974ae7807835e2b4,outputs-guardrailpp-v4/student_skd.ckpt,skd,img_000484,/home/manors/Guardrail-Distillation/data/cityscapes/leftImg8bit/val/munster/munster_000158_000019_leftImg8bit.png,,0.445975802741847,0.554024197258153,0.9588317275047302,0.9774348735809326,0.0814908891916275,0.058801889419555664,0.18261660635471344,0.9454188346862793,0.17724458873271942,-6.347712993621826,6.320071697235107,0.004651717375963926,0.02949051558971405,494871,2.898031729273498,4.87651172443293,16.243555524852127,0.9817208320342442,0.018279167965755794,150859,0.16854697743482916,0.8314530225651708,30442,0.05975461006164551,0.0005652321269735694,10.681099985959008,0.02651037834584713,0.9734896216541529,0.0800742506980896,0.20723433792591095,-0.01151337195187807,0.497121661901474,0.502878338098526,0.5119941830635071,0.5450291633605957,0.567651093006134,0.497121661901474,0.502878338098526,0.497121661901474,0.502878338098526,0.5672028202570687,0.4327971797429313,0.972368597984314,0.9838311457162374,0.01616885428376258,0.0021103136819932145,0.43364670309580394,0.566353296904196,0.26509972566097484,0.12122701751522169,0.12122701751522169,0.020041586831212044,0.00650472566485405,0.8787729824847783,0.12122701751522169,0.02853471040725708,0.0036858092062175274,461574
b0_cityscapes_val,2026-07-07 05:27:42,cityscapes,val,all,student_skd,/scratch/gautschi/manors/hf_cache/models--nvidia--mit-b0/snapshots/80983a413c30d36a39c20203974ae7807835e2b4,outputs-guardrailpp-v4/student_skd.ckpt,skd,img_000485,/home/manors/Guardrail-Distillation/data/cityscapes/leftImg8bit/val/munster/munster_000159_000019_leftImg8bit.png,,0.538209104150064,0.46179089584993605,0.8634198307991028,0.9355997443199158,0.13162066042423248,0.16855870187282562,0.29718852043151855,0.8602640628814697,0.41225534677505493,-6.1772780418396,6.097299098968506,0.01683284342288971,0.08772636204957962,469380,2.898031729273498,4.87651172443293,16.243555524852127,0.4574013589966004,0.5425986410033996,133427,0.3299970883167881,0.6700029116832119,12926,0.17143212258815765,0.001856500399298966,10.681099985959008,0.09327515214681625,0.9067248478531837,0.33486267924308777,0.4137932062149048,0.06266409903764725,0.5156608819961548,0.4843391180038452,0.581619381904602,0.6141036748886108,0.522753119468689,0.5156608819961548,0.4843391180038452,0.5156608819961548,0.4843391180038452,0.6313603497293064,0.36863965027069356,0.9265903830528259,0.7578887821231683,0.24211121787683165,0.30048742312656795,0.37119821135130593,0.6288017886486941,0.04120112303451784,0.09315124557924248,0.09315124557924248,0.07994801551103592,0.01677745021879673,0.9068487544207575,0.09315124557924248,0.10586518049240112,0.029858537018299103,380249
b0_cityscapes_val,2026-07-07 05:27:42,cityscapes,val,all,student_skd,/scratch/gautschi/manors/hf_cache/models--nvidia--mit-b0/snapshots/80983a413c30d36a39c20203974ae7807835e2b4,outputs-guardrailpp-v4/student_skd.ckpt,skd,img_000486,/home/manors/Guardrail-Distillation/data/cityscapes/leftImg8bit/val/munster/munster_000160_000019_leftImg8bit.png,,0.5172519033238708,0.48274809667612917,0.9474755525588989,0.9673017263412476,0.0974072590470314,0.08963491022586823,0.22699232399463654,0.9165934324264526,0.2750401198863983,-6.079317092895508,6.038954734802246,0.008765611797571182,0.04272930696606636,491466,2.898031729273498,4.87651172443293,16.243555524852127,0.6699378644023082,0.3300621355976918,150859,0.2858285961633979,0.714171403836602,32372,0.091249018907547,0.0009958753362298012,10.681099985959008,0.047875914722681046,0.952124085277319,0.17679007351398468,0.3081648647785187,0.01653258316218853,0.5041330456733704,0.49586695432662964,0.5412972569465637,0.5794560313224792,0.5545849204063416,0.5041330456733704,0.49586695432662964,0.5041330456733704,0.49586695432662964,0.614624704040609,0.385375295959391,0.9642295241355896,0.907679380710825,0.09232061928917501,0.2377415163085168,0.6138973912707458,0.38610260872925417,0.3280687951073479,0.09737280071673815,0.09737280071673815,0.02446150965988636,0.00770755298435688,0.9026271992832618,0.09737280071673815,0.035807158797979355,0.005194662604480982,445082
b0_cityscapes_val,2026-07-07 05:27:42,cityscapes,val,all,student_skd,/scratch/gautschi/manors/hf_cache/models--nvidia--mit-b0/snapshots/80983a413c30d36a39c20203974ae7807835e2b4,outputs-guardrailpp-v4/student_skd.ckpt,skd,img_000487,/home/manors/Guardrail-Distillation/data/cityscapes/leftImg8bit/val/munster/munster_000161_000019_leftImg8bit.png,,0.5116258465196221,0.48837415348037794,0.9724302291870117,0.9804021716117859,0.07409075647592545,0.051780201494693756,0.16176746785640717,0.9481667876243591,0.1731761395931244,-6.110353469848633,6.086657524108887,0.0031570573337376118,0.0247518140822649,495398,2.898031729273498,4.87651172443293,16.243555524852127,0.9875335355311858,0.012466464468814165,150859,0.5361545303978268,0.4638454696021732,7077,0.05279939994215965,0.0005618335562758148,10.681099985959008,0.029557688161730766,0.9704423118382692,0.0980454683303833,0.21635770797729492,-0.007997610606253147,0.4980005919933319,0.5019994080066681,0.5148512125015259,0.5507428646087646,0.5699105262756348,0.4980005919933319,0.5019994080066681,0.4980005919933319,0.5019994080066681,0.6257213845539732,0.3742786154460268,0.9793882369995117,0.9923412598771058,0.0076587401228942475,0.004807724345919917,0.533822318195568,0.466177681804432,0.0,0.11409553803435113,0.11409553803435113,0.013027908280491829,0.006069866940379143,0.8859044619656489,0.11409553803435113,0.020308922976255417,0.000734762754291296,466443
b0_cityscapes_val,2026-07-07 05:27:43,cityscapes,val,all,student_skd,/scratch/gautschi/manors/hf_cache/models--nvidia--mit-b0/snapshots/80983a413c30d36a39c20203974ae7807835e2b4,outputs-guardrailpp-v4/student_skd.ckpt,skd,img_000488,/home/manors/Guardrail-Distillation/data/cityscapes/leftImg8bit/val/munster/munster_000162_000019_leftImg8bit.png,,0.4854860569842831,0.5145139430157168,0.9527654647827148,0.9630453586578369,0.10255305469036102,0.09041444957256317,0.21847522258758545,0.9217697978019714,0.2316124439239502,-6.1061530113220215,6.060847759246826,0.005517676007002592,0.05173608660697937,492055,2.8932682471349835,4.888513503829017,16.236772760748863,0.49993672740835465,0.5000632725916454,150144,0.39723023229868554,0.6027697677013144,19734,0.09176701307296753,0.0008348548435606062,10.66881325095892,0.049620114266872406,0.9503798857331276,0.21500034630298615,0.32662779092788696,0.014721685089170933,0.5036803483963013,0.49631965160369873,0.5470138788223267,0.579662561416626,0.6070420742034912,0.5036803483963013,0.49631965160369873,0.5036803483963013,0.49631965160369873,0.5378214714963073,0.4621785285036927,0.9692108035087585,0.49992673699914747,0.5000732630008525,0.0,0.41513632452769267,0.5848636754723073,0.017906092229007076,0.05233541451202417,0.05233541451202417,0.026618976145982742,0.010173659771680832,0.9476645854879758,0.05233541451202417,0.04221276193857193,0.0022111348807811737,436609
b0_cityscapes_val,2026-07-07 05:27:43,cityscapes,val,all,student_skd,/scratch/gautschi/manors/hf_cache/models--nvidia--mit-b0/snapshots/80983a413c30d36a39c20203974ae7807835e2b4,outputs-guardrailpp-v4/student_skd.ckpt,skd,img_000489,/home/manors/Guardrail-Distillation/data/cityscapes/leftImg8bit/val/munster/munster_000163_000019_leftImg8bit.png,,0.40684785446230987,0.5931521455376901,0.9635815620422363,0.972137451171875,0.08885584771633148,0.07472547888755798,0.2014482170343399,0.9307305216789246,0.2199646383523941,-6.32762336730957,6.293525218963623,0.005965145770460367,0.03564164415001869,489175,2.8932682471349835,4.888513503829017,16.236772760748863,0.9742989931897065,0.025701006810293525,150859,0.19470352049742604,0.805296479502574,79649,0.07584209740161896,0.0006664626416750252,10.66881325095892,0.04142262041568756,0.9585773795843124,0.1602066457271576,0.28444257378578186,0.01295506488531828,0.5032387375831604,0.4967612624168396,0.5358852744102478,0.5764542818069458,0.5482953190803528,0.5032387375831604,0.4967612624168396,0.5032387375831604,0.4967612624168396,0.43238701394068535,0.5676129860593147,0.965014636516571,0.9736662984233496,0.02633370157665038,0.0,0.29709721133277195,0.7029027886672281,0.10239369083534589,0.025539159478375484,0.025539159478375484,0.014338427223265171,0.012905402109026909,0.9744608405216245,0.025539159478375484,0.029245158657431602,0.00170286709908396,450057
b0_cityscapes_val,2026-07-07 05:27:43,cityscapes,val,all,student_skd,/scratch/gautschi/manors/hf_cache/models--nvidia--mit-b0/snapshots/80983a413c30d36a39c20203974ae7807835e2b4,outputs-guardrailpp-v4/student_skd.ckpt,skd,img_000490,/home/manors/Guardrail-Distillation/data/cityscapes/leftImg8bit/val/munster/munster_000164_000019_leftImg8bit.png,,0.5077249464787602,0.4922750535212398,0.9392935037612915,0.9522886872291565,0.11717195063829422,0.12354177981615067,0.2669670581817627,0.8964312672615051,0.31522685289382935,-5.540740013122559,5.481482982635498,0.011382845230400562,0.06656815856695175,493374,2.8932682471349835,4.888513503829017,16.236772760748863,0.854660398066001,0.14533960193399897,150859,0.3918362927674318,0.6081637072325682,5237,0.12518389523029327,0.0011754629667848349,10.66881325095892,0.06436046212911606,0.9356395378708839,0.2813977003097534,0.39210981130599976,0.04331571236252785,0.5108272433280945,0.4891727566719055,0.5743211507797241,0.6095329523086548,0.5053715109825134,0.5108272433280945,0.4891727566719055,0.5108272433280945,0.4891727566719055,0.5642642985109989,0.4357357014890011,0.9653204083442688,0.9127655649343728,0.08723443506562722,0.05810516686837175,0.47378273431561624,0.5262172656843838,0.08194644154818442,0.0565393520322387,0.0565393520322387,0.03930892050266266,0.01328201312571764,0.9434606479677613,0.0565393520322387,0.05667302757501602,0.003652401501312852,423053
b0_cityscapes_val,2026-07-07 05:27:43,cityscapes,val,all,student_skd,/scratch/gautschi/manors/hf_cache/models--nvidia--mit-b0/snapshots/80983a413c30d36a39c20203974ae7807835e2b4,outputs-guardrailpp-v4/student_skd.ckpt,skd,img_000491,/home/manors/Guardrail-Distillation/data/cityscapes/leftImg8bit/val/munster/munster_000165_000019_leftImg8bit.png,,0.5066516245740089,0.4933483754259911,0.9641289114952087,0.9733485579490662,0.09008665382862091,0.06663362681865692,0.1958884745836258,0.9407371282577515,0.18550655245780945,-6.446596145629883,6.413671016693115,0.00610153004527092,0.03774675354361534,493155,2.8932682471349835,4.888513503829017,16.236772760748863,0.673193133725779,0.32680686627422095,150859,0.40230948485152784,0.5976905151484722,49681,0.06763787567615509,0.0008429978042840958,10.66881325095892,0.031960878521203995,0.968039121478796,0.11851878464221954,0.2499149590730667,-0.004895250778645277,0.49877622723579407,0.5012237727642059,0.5245229005813599,0.5652664303779602,0.5173764228820801,0.49877622723579407,0.5012237727642059,0.49877622723579407,0.5012237727642059,0.5167759186525508,0.4832240813474492,0.9685129523277283,0.9347678442188578,0.06523215578114216,0.2615747104930788,0.42135584479076016,0.5786441552092398,0.019046359939232316,0.010124294078541873,0.010124294078541873,0.015528586693108082,0.011144569143652916,0.9898757059214581,0.010124294078541873,0.028763776645064354,0.001210572780109942,454082
b0_cityscapes_val,2026-07-07 05:27:43,cityscapes,val,all,student_skd,/scratch/gautschi/manors/hf_cache/models--nvidia--mit-b0/snapshots/80983a413c30d36a39c20203974ae7807835e2b4,outputs-guardrailpp-v4/student_skd.ckpt,skd,img_000492,/home/manors/Guardrail-Distillation/data/cityscapes/leftImg8bit/val/munster/munster_000166_000019_leftImg8bit.png,,0.5769150287238062,0.4230849712761938,0.9553232789039612,0.969211995601654,0.09726795554161072,0.08390907198190689,0.2349213808774948,0.9285880327224731,0.23012980818748474,-6.500458717346191,6.462014198303223,0.009339116513729095,0.04133298993110657,489875,2.8928317478857934,4.895757505437359,16.238641983363777,0.9320985555125589,0.06790144448744106,150859,0.5690631573206233,0.4309368426793767,42100,0.08603846281766891,0.001426182803697884,10.673383018001914,0.044965971261262894,0.9550340287387371,0.19445419311523438,0.3314344584941864,0.0016204798594117165,0.5004051327705383,0.49959486722946167,0.5395167469978333,0.5832198262214661,0.502474308013916,0.5004051327705383,0.49959486722946167,0.5004051327705383,0.49959486722946167,0.7272234864412368,0.2727765135587632,0.9665200114250183,0.9782066066630184,0.021793393336981604,0.04610805115045946,0.7365461593589592,0.2634538406410408,0.16748300203833588,0.15030845771743062,0.15030845771743062,0.020231690257787704,0.009034957736730576,0.8496915422825694,0.15030845771743062,0.03243684396147728,0.0019494767766445875,446151
b0_cityscapes_val,2026-07-07 05:27:43,cityscapes,val,all,student_skd,/scratch/gautschi/manors/hf_cache/models--nvidia--mit-b0/snapshots/80983a413c30d36a39c20203974ae7807835e2b4,outputs-guardrailpp-v4/student_skd.ckpt,skd,img_000493,/home/manors/Guardrail-Distillation/data/cityscapes/leftImg8bit/val/munster/munster_000167_000019_leftImg8bit.png,,0.602109620173702,0.39789037982629805,0.9101490378379822,0.9364103674888611,0.1321454495191574,0.1658746600151062,0.300089955329895,0.863492488861084,0.41287681460380554,-6.275198459625244,6.196069240570068,0.017041804268956184,0.08919757604598999,456055,2.8928317478857934,4.895757505437359,16.238641983363777,0.5353981297023791,0.4646018702976209,127337,0.6134261374065239,0.38657386259347615,84008,0.1690521538257599,0.0021878548432141542,10.673383018001914,0.08404666185379028,0.9159533381462097,0.3088468313217163,0.38706985116004944,0.05650538578629494,0.5141226053237915,0.4858773946762085,0.580337643623352,0.6083552837371826,0.5119671821594238,0.5141226053237915,0.4858773946762085,0.5141226053237915,0.4858773946762085,0.712941255799528,0.28705874420047195,0.9328107833862305,0.6883557058648127,0.31164429413518735,0.15295757616243355,0.744519308867358,0.25548069113264205,0.1310931714608341,0.1108316356258261,0.1108316356258261,0.04333249479532242,0.020670752972364426,0.8891683643741739,0.1108316356258261,0.0703248530626297,0.0053085703402757645,370197
b0_cityscapes_val,2026-07-07 05:27:43,cityscapes,val,all,student_skd,/scratch/gautschi/manors/hf_cache/models--nvidia--mit-b0/snapshots/80983a413c30d36a39c20203974ae7807835e2b4,outputs-guardrailpp-v4/student_skd.ckpt,skd,img_000494,/home/manors/Guardrail-Distillation/data/cityscapes/leftImg8bit/val/munster/munster_000168_000019_leftImg8bit.png,,0.6529896110837637,0.34701038891623626,0.9635469913482666,0.972576916217804,0.08921244740486145,0.07177238166332245,0.20012420415878296,0.9354799389839172,0.2020217776298523,-6.722787380218506,6.68916654586792,0.005774844437837601,0.036275725811719894,490576,2.8928317478857934,4.895757505437359,16.238641983363777,0.8395109902941437,0.16048900970585633,150859,0.490826684036259,0.509173315963741,73848,0.07315661013126373,0.0008199817966669798,10.673383018001914,0.031138509511947632,0.9688614904880524,0.11347618699073792,0.22372868657112122,-0.00999385118484497,0.49750152230262756,0.5024984776973724,0.5149867534637451,0.5429795980453491,0.5161022543907166,0.49750152230262756,0.5024984776973724,0.49750152230262756,0.5024984776973724,0.6945580693692986,0.30544193063070135,0.9741100668907166,0.9308638889055443,0.06913611109445572,0.09135289861140061,0.49353240583644387,0.5064675941635561,0.0027057218001849126,0.041568458285534904,0.041568458285534904,0.01679658330976963,0.006233489140868187,0.9584315417144651,0.041568458285534904,0.024283699691295624,0.0013351652305573225,450194
b0_cityscapes_val,2026-07-07 05:27:43,cityscapes,val,all,student_skd,/scratch/gautschi/manors/hf_cache/models--nvidia--mit-b0/snapshots/80983a413c30d36a39c20203974ae7807835e2b4,outputs-guardrailpp-v4/student_skd.ckpt,skd,img_000495,/home/manors/Guardrail-Distillation/data/cityscapes/leftImg8bit/val/munster/munster_000169_000019_leftImg8bit.png,,0.47995889997388275,0.5200411000261173,0.9518450498580933,0.9680489301681519,0.09932883083820343,0.08587250113487244,0.2358698844909668,0.9265820384025574,0.2330227643251419,-6.333175182342529,6.293255805969238,0.00952986255288124,0.044455092400312424,492452,2.8928317478857934,4.895757505437359,16.238641983363777,1.0,0.0,150859,0.3237131201384803,0.6762868798615197,16930,0.08762681484222412,0.00109829381108284,10.673383018001914,0.03865308314561844,0.9613469168543816,0.14252948760986328,0.2851087749004364,-0.005722229368984699,0.49856942892074585,0.5014305710792542,0.5225904583930969,0.5604957342147827,0.5299709439277649,0.49856942892074585,0.5014305710792542,0.49856942892074585,0.5014305710792542,0.5869877708600424,0.4130122291399576,0.965275764465332,1.0,0.0,0.0,0.4434897848100731,0.5565102151899268,0.11977666467159287,0.10702887088615964,0.10702887088615964,0.021833600476384163,0.008402849547564983,0.8929711291138404,0.10702887088615964,0.03567454218864441,0.002733261324465275,446919
b0_cityscapes_val,2026-07-07 05:27:43,cityscapes,val,all,student_skd,/scratch/gautschi/manors/hf_cache/models--nvidia--mit-b0/snapshots/80983a413c30d36a39c20203974ae7807835e2b4,outputs-guardrailpp-v4/student_skd.ckpt,skd,img_000496,/home/manors/Guardrail-Distillation/data/cityscapes/leftImg8bit/val/munster/munster_000170_000019_leftImg8bit.png,,0.43496807912879804,0.565031920871202,0.9733043909072876,0.9802649617195129,0.0750497505068779,0.05312943831086159,0.1698678582906723,0.9499444365501404,0.16236700117588043,-6.69588041305542,6.671903610229492,0.004030823241919279,0.02475701831281185,494688,2.8927709790878,4.877132741967216,16.230585490120575,0.42381670908433744,0.5761832909156626,150859,0.24640980735551662,0.7535901926444833,8904,0.054456181824207306,0.000704979698639363,10.669821756891906,0.02679717168211937,0.9732028283178806,0.07048630714416504,0.21050699055194855,-0.019746635109186172,0.49506354331970215,0.5049364566802979,0.5058209300041199,0.5326711535453796,0.5101645588874817,0.49506354331970215,0.5049364566802979,0.49506354331970215,0.5049364566802979,0.5375236534167036,0.4624763465832964,0.9825728535652161,0.969313320851851,0.030686679148149043,0.5454966117675135,0.29247163148191424,0.7075283685180858,0.04606182412639759,0.10255557428790563,0.10255557428790563,0.013711672276258469,0.0044432044960558414,0.8974444257120944,0.10255557428790563,0.019580017775297165,0.0015302574029192328,465446
b0_cityscapes_val,2026-07-07 05:27:43,cityscapes,val,all,student_skd,/scratch/gautschi/manors/hf_cache/models--nvidia--mit-b0/snapshots/80983a413c30d36a39c20203974ae7807835e2b4,outputs-guardrailpp-v4/student_skd.ckpt,skd,img_000497,/home/manors/Guardrail-Distillation/data/cityscapes/leftImg8bit/val/munster/munster_000171_000019_leftImg8bit.png,,0.4369986034033665,0.5630013965966335,0.9124312996864319,0.9750614762306213,0.08739867806434631,0.0690375417470932,0.21125540137290955,0.9393952488899231,0.1964736431837082,-6.2929792404174805,6.261944770812988,0.007816476747393608,0.03203674778342247,481291,2.8927709790878,4.877132741967216,16.230585490120575,0.4645993941362464,0.5354006058637536,150859,0.38188652424306274,0.6181134757569373,12627,0.07021284848451614,0.0007159115630201995,10.669821756891906,0.038242027163505554,0.9617579728364944,0.13523247838020325,0.2958891987800598,0.004771213512867689,0.5011928081512451,0.4988071918487549,0.5258086323738098,0.5822651386260986,0.5087597370147705,0.5011928081512451,0.4988071918487549,0.5011928081512451,0.4988071918487549,0.5828667536759384,0.41713324632406157,0.967427134513855,0.9806655464495944,0.01933445355040564,0.516066152313348,0.5939664696990392,0.4060335303009608,0.21207994545597653,0.14586815027257194,0.14586815027257194,0.06160098314285278,0.006605151109397411,0.8541318497274281,0.14586815027257194,0.0714411810040474,0.03960181772708893,446492
b0_cityscapes_val,2026-07-07 05:27:43,cityscapes,val,all,student_skd,/scratch/gautschi/manors/hf_cache/models--nvidia--mit-b0/snapshots/80983a413c30d36a39c20203974ae7807835e2b4,outputs-guardrailpp-v4/student_skd.ckpt,skd,img_000498,/home/manors/Guardrail-Distillation/data/cityscapes/leftImg8bit/val/munster/munster_000172_000019_leftImg8bit.png,,0.4907028746309706,0.5092971253690294,0.9719189405441284,0.9794312715530396,0.07884634286165237,0.054067835211753845,0.17896048724651337,0.9495114088058472,0.16606296598911285,-6.461407661437988,6.436023712158203,0.0048820446245372295,0.027039015665650368,484633,2.8927709790878,4.877132741967216,16.230585490120575,0.9618303114798896,0.03816968852011038,149322,0.33075950647495755,0.6692404935250424,92772,0.054915811866521835,0.0005320341442711651,10.669821756891906,0.022707166150212288,0.9772928338497877,0.05683828517794609,0.17549441754817963,-0.019101232290267944,0.49522486329078674,0.5047751367092133,0.508202850818634,0.5300695896148682,0.5519195199012756,0.49522486329078674,0.5047751367092133,0.49522486329078674,0.5047751367092133,0.5566566354489909,0.4433433645510091,0.9810866713523865,0.9859241701915809,0.014075829808419149,0.02409385871169123,0.38520477000061265,0.6147952299993873,0.05444526352565515,0.06595376081802029,0.06595376081802029,0.015298173762857914,0.006130411755293608,0.9340462391819797,0.06595376081802029,0.023390894755721092,0.004341429565101862,455793
b0_cityscapes_val,2026-07-07 05:27:43,cityscapes,val,all,student_skd,/scratch/gautschi/manors/hf_cache/models--nvidia--mit-b0/snapshots/80983a413c30d36a39c20203974ae7807835e2b4,outputs-guardrailpp-v4/student_skd.ckpt,skd,img_000499,/home/manors/Guardrail-Distillation/data/cityscapes/leftImg8bit/val/munster/munster_000173_000019_leftImg8bit.png,,0.45794923015626293,0.5420507698437371,0.9662479758262634,0.9766843914985657,0.08207089453935623,0.06266827136278152,0.18929895758628845,0.9389312267303467,0.20953044295310974,-5.8123674392700195,5.783858776092529,0.004628732800483704,0.029838113114237785,418257,2.8927709790878,4.877132741967216,16.230585490120575,0.5244365619573066,0.4755634380426934,91971,0.47606570890249644,0.5239342910975036,16984,0.06374156475067139,0.0006544026546180248,10.669821756891906,0.035176314413547516,0.9648236855864525,0.10876719653606415,0.24171213805675507,0.004877382889389992,0.5012193322181702,0.49878066778182983,0.5225337147712708,0.5557527542114258,0.5675691962242126,0.5012193322181702,0.49878066778182983,0.5012193322181702,0.49878066778182983,0.6038434591876727,0.3961565408123273,0.9678164124488831,0.7040600502065719,0.2959399497934281,0.17962348824926533,0.9717969853980216,0.028203014601978382,0.4957312764955252,0.1458942290314098,0.1458942290314098,0.013298043981194496,0.011729629710316658,0.8541057709685902,0.1458942290314098,0.028186019510030746,0.0028786128386855125,389293
