run_id,timestamp,dataset_name,split,domain,student_name,student_backbone,student_ckpt,train_method,image_id,image_path,condition,student_miou,student_risk,student_pixel_acc,student_msp,student_msp_std,student_entropy,student_entropy_std,temp_msp,temp_entropy,energy_score,max_logit,low_conf_frac_050,low_conf_frac_070,n_valid_pixels,student_latency_ms,guardrail_latency_ms,teacher_latency_ms,student_miou_near,student_risk_near,n_near_pixels,student_miou_dynamic,student_risk_dynamic,n_dynamic_pixels,mc_entropy,mc_mutual_info,mc_dropout_latency_ms,guardrailpp_utility_dense_bce,guardrailpp_keep_dense_bce,guardrailpp_utility_dense_bce_q90,guardrailpp_utility_dense_bce_q95,guardrailpp_utility_dense_gap_raw,guardrailpp_utility_dense_gap,guardrailpp_keep_dense_gap,guardrailpp_utility_dense_gap_q90,guardrailpp_utility_dense_gap_q95,guardrailpp_utility_scalar,guardrailpp_utility,guardrailpp_keep,guardrail_risk,guardrail_keep,teacher_miou,teacher_risk,teacher_pixel_acc,teacher_miou_near,teacher_risk_near,teacher_benefit_near,teacher_miou_dynamic,teacher_risk_dynamic,teacher_benefit_dynamic,teacher_gain,teacher_benefit,teacher_gap,student_better_gap,oracle_keep,oracle_fail,disagreement_rate,confident_wrong_teacher_right,n_confident_pixels
b2_cityscapes_val,2026-07-07 05:27:25,cityscapes,val,all,student_skd,/scratch/gautschi/manors/hf_cache/hub/models--nvidia--mit-b2/snapshots/3bb39e8739149c3777d0325349b2a6c32c6413db,runs/mit-b2_skd_j9196921/student_skd.ckpt,skd,img_000000,/home/manors/Guardrail-Distillation/data/cityscapes/leftImg8bit/val/frankfurt/frankfurt_000000_000294_leftImg8bit.png,,0.7690821082237873,0.2309178917762127,0.9745499491691589,0.977798581123352,0.07722394168376923,0.059140902012586594,0.1716536581516266,0.9434616565704346,0.18078778684139252,-7.672944068908691,7.646283149719238,0.002646604087203741,0.026938417926430702,463613,7.9866375017445534,7.416117761749774,16.207118751481175,0.562575333865592,0.437424666134408,126850,0.948864986284801,0.05113501371519902,30532,0.059854861348867416,0.0003612249274738133,30.755947751458734,0.029397381469607353,0.9706026185303926,0.08263134211301804,0.21036487817764282,0.018719157204031944,0.5046796202659607,0.4953203797340393,0.5191736817359924,0.5395605564117432,0.43149295449256897,0.5046796202659607,0.4953203797340393,0.5046796202659607,0.4953203797340393,0.7775342271072859,0.22246577289271408,0.9754946827888489,0.713467159456291,0.286532840543709,0.15089182559069902,0.9715798793768795,0.028420120623120493,0.022714893092078525,0.008452118883498616,0.008452118883498616,0.008125311695039272,0.007180558051913977,0.9915478811165014,0.008452118883498616,0.016520245000720024,0.000711800588760525,432550
b2_cityscapes_val,2026-07-07 05:27:25,cityscapes,val,all,student_skd,/scratch/gautschi/manors/hf_cache/hub/models--nvidia--mit-b2/snapshots/3bb39e8739149c3777d0325349b2a6c32c6413db,runs/mit-b2_skd_j9196921/student_skd.ckpt,skd,img_000001,/home/manors/Guardrail-Distillation/data/cityscapes/leftImg8bit/val/frankfurt/frankfurt_000000_000576_leftImg8bit.png,,0.6954226026269869,0.30457739737301315,0.9750168323516846,0.9790691137313843,0.0758780837059021,0.053796108812093735,0.16280986368656158,0.9495813846588135,0.1554640382528305,-8.421358108520508,8.396134376525879,0.0027089400682598352,0.025901155546307564,466234,7.9866375017445534,7.416117761749774,16.207118751481175,0.8030155228104237,0.19698447718957635,126850,0.7231962862701601,0.2768037137298399,80334,0.05437379702925682,0.0003643141535576433,30.755947751458734,0.02632565051317215,0.9736743494868279,0.061776045709848404,0.19935795664787292,0.021391209214925766,0.5053476095199585,0.4946523904800415,0.5136728286743164,0.5373215675354004,0.4198658764362335,0.5053476095199585,0.4946523904800415,0.5053476095199585,0.4946523904800415,0.7724517457884459,0.2275482542115541,0.9788260459899902,0.827367586025526,0.17263241397447404,0.024352063215102304,0.6931513775224106,0.3068486224775894,0.0,0.07702914316145903,0.07702914316145903,0.0103360116481781,0.006526765413582325,0.922970856838541,0.07702914316145903,0.01744617521762848,0.0006563227507285774,436285
b2_cityscapes_val,2026-07-07 05:27:25,cityscapes,val,all,student_skd,/scratch/gautschi/manors/hf_cache/hub/models--nvidia--mit-b2/snapshots/3bb39e8739149c3777d0325349b2a6c32c6413db,runs/mit-b2_skd_j9196921/student_skd.ckpt,skd,img_000002,/home/manors/Guardrail-Distillation/data/cityscapes/leftImg8bit/val/frankfurt/frankfurt_000000_001016_leftImg8bit.png,,0.7256779164919211,0.27432208350807885,0.9718692302703857,0.9818663001060486,0.07256735861301422,0.047703422605991364,0.1620202511548996,0.9544945359230042,0.14950071275234222,-7.955801963806152,7.933738708496094,0.003202705876901746,0.02369488589465618,467105,7.9866375017445534,7.416117761749774,16.207118751481175,0.6330716275124737,0.3669283724875263,126850,0.8610709943831887,0.13892900561681132,76048,0.0484250970184803,0.00038392646820284426,30.755947751458734,0.024041343480348587,0.9759586565196514,0.05318019911646843,0.1775224357843399,0.01691105030477047,0.5042276978492737,0.4957723021507263,0.5137106776237488,0.5326039791107178,0.41904377937316895,0.5042276978492737,0.4957723021507263,0.5042276978492737,0.4957723021507263,0.7402578611625877,0.25974213883741226,0.9740678668022156,0.6416814367425555,0.3583185632574445,0.00860980923008181,0.8681351336251246,0.13186486637487538,0.0070641392419359406,0.01457994467066659,0.01457994467066659,0.0071846796199679375,0.004986030515283346,0.9854200553293334,0.01457994467066659,0.014031105674803257,0.00015414092922583222,441811
b2_cityscapes_val,2026-07-07 05:27:25,cityscapes,val,all,student_skd,/scratch/gautschi/manors/hf_cache/hub/models--nvidia--mit-b2/snapshots/3bb39e8739149c3777d0325349b2a6c32c6413db,runs/mit-b2_skd_j9196921/student_skd.ckpt,skd,img_000003,/home/manors/Guardrail-Distillation/data/cityscapes/leftImg8bit/val/frankfurt/frankfurt_000000_001236_leftImg8bit.png,,0.5134693044775142,0.48653069552248585,0.958095133304596,0.9691511988639832,0.09743203967809677,0.08157961815595627,0.22580669820308685,0.9311219453811646,0.21143464744091034,-8.536947250366211,8.498461723327637,0.008861863985657692,0.04243557155132294,461641,7.9866375017445534,7.416117761749774,16.207118751481175,0.9532279920636475,0.0467720079363525,126850,0.47957760781673664,0.5204223921832634,75713,0.082386814057827,0.00048682093620300293,30.755947751458734,0.03312573581933975,0.9668742641806602,0.09596515446901321,0.27301010489463806,0.025676798075437546,0.5064188241958618,0.4935811758041382,0.5204437971115112,0.5481737852096558,0.41877317428588867,0.5064188241958618,0.4935811758041382,0.5064188241958618,0.4935811758041382,0.5254695799846971,0.4745304200153029,0.9640954732894897,0.9602670308592824,0.039732969140717556,0.007039038795634944,0.42759150381700584,0.5724084961829942,0.0,0.012000275507182967,0.012000275507182967,0.012418740428984165,0.006418407429009676,0.987999724492817,0.012000275507182967,0.023520439863204956,0.00047656078822910786,420054
b2_cityscapes_val,2026-07-07 05:27:25,cityscapes,val,all,student_skd,/scratch/gautschi/manors/hf_cache/hub/models--nvidia--mit-b2/snapshots/3bb39e8739149c3777d0325349b2a6c32c6413db,runs/mit-b2_skd_j9196921/student_skd.ckpt,skd,img_000004,/home/manors/Guardrail-Distillation/data/cityscapes/leftImg8bit/val/frankfurt/frankfurt_000000_001751_leftImg8bit.png,,0.5956222277061396,0.4043777722938604,0.9627346396446228,0.9774802327156067,0.08051872253417969,0.057439472526311874,0.17252804338932037,0.9471006393432617,0.1618286818265915,-9.195331573486328,9.167915344238281,0.0035542799159884453,0.030111592262983322,420901,7.949388265842572,7.403669995255768,16.220106481341645,0.8324042457908934,0.16759575420910655,126850,0.4546230620398318,0.5453769379601682,49218,0.05805946886539459,0.00035037813358940184,29.214022011728957,0.02385268732905388,0.9761473126709461,0.0519450344145298,0.17222383618354797,0.016006892547011375,0.5040016174316406,0.4959983825683594,0.5142486691474915,0.5341854691505432,0.4274689555168152,0.5040016174316406,0.4959983825683594,0.5040016174316406,0.4959983825683594,0.5481876204156252,0.4518123795843748,0.9697576761245728,0.8592515496132345,0.14074845038676553,0.026847303822341018,0.47549951038015237,0.5245004896198476,0.02087644834032054,0.0,0.0,0.013765706680715084,0.006742678117007017,1.0,0.0,0.02156326361000538,0.0013851237017661333,393019
b2_cityscapes_val,2026-07-07 05:27:25,cityscapes,val,all,student_skd,/scratch/gautschi/manors/hf_cache/hub/models--nvidia--mit-b2/snapshots/3bb39e8739149c3777d0325349b2a6c32c6413db,runs/mit-b2_skd_j9196921/student_skd.ckpt,skd,img_000005,/home/manors/Guardrail-Distillation/data/cityscapes/leftImg8bit/val/frankfurt/frankfurt_000000_002196_leftImg8bit.png,,0.6351785001519658,0.36482149984803425,0.9547644853591919,0.9760832786560059,0.08206083625555038,0.061924006789922714,0.1814831793308258,0.9438642859458923,0.1736699342727661,-8.326621055603027,8.297608375549316,0.00375454593449831,0.03085399605333805,458644,7.949388265842572,7.403669995255768,16.220106481341645,0.49176586519511234,0.5082341348048877,126850,0.971440896637443,0.02855910336255696,48371,0.06250988692045212,0.00036362934042699635,29.214022011728957,0.027849169448018074,0.9721508305519819,0.07300422340631485,0.21532434225082397,0.020198063924908638,0.5050493478775024,0.49495065212249756,0.5160267949104309,0.5414648056030273,0.4282485544681549,0.5050493478775024,0.49495065212249756,0.5050493478775024,0.49495065212249756,0.7012192538910906,0.29878074610890937,0.9741302728652954,0.955951873713773,0.04404812628622701,0.46418600851866065,0.9713875173153801,0.02861248268461991,0.0,0.06604075373912488,0.06604075373912488,0.027629273012280464,0.008263489231467247,0.9339592462608751,0.06604075373912488,0.03716826066374779,0.014510164968669415,425197
b2_cityscapes_val,2026-07-07 05:27:25,cityscapes,val,all,student_skd,/scratch/gautschi/manors/hf_cache/hub/models--nvidia--mit-b2/snapshots/3bb39e8739149c3777d0325349b2a6c32c6413db,runs/mit-b2_skd_j9196921/student_skd.ckpt,skd,img_000006,/home/manors/Guardrail-Distillation/data/cityscapes/leftImg8bit/val/frankfurt/frankfurt_000000_002963_leftImg8bit.png,,0.6445078359921262,0.35549216400787376,0.9447352886199951,0.9725146889686584,0.08899450302124023,0.07192832976579666,0.1995227038860321,0.9356814622879028,0.2007695883512497,-8.54181957244873,8.508199691772461,0.005588567350059748,0.03636880964040756,463804,7.949388265842572,7.403669995255768,16.220106481341645,0.9457925946949095,0.054207405305090495,126850,0.5215663160864659,0.47843368391353414,42323,0.07274455577135086,0.000550447148270905,29.214022011728957,0.03123054839670658,0.9687694516032934,0.10990720987319946,0.23774302005767822,0.022770188748836517,0.5056923031806946,0.4943076968193054,0.5189744234085083,0.5412000417709351,0.41203874349594116,0.5056923031806946,0.4943076968193054,0.5056923031806946,0.4943076968193054,0.6510673757530666,0.3489326242469334,0.9547200798988342,0.940765978187101,0.05923402181289905,0.0,0.6960949658719294,0.3039050341280706,0.17452864978546356,0.006559539760940369,0.006559539760940369,0.015157264657318592,0.005172443576157093,0.9934404602390596,0.006559539760940369,0.02641848661005497,0.0008494967478327453,425928
b2_cityscapes_val,2026-07-07 05:27:25,cityscapes,val,all,student_skd,/scratch/gautschi/manors/hf_cache/hub/models--nvidia--mit-b2/snapshots/3bb39e8739149c3777d0325349b2a6c32c6413db,runs/mit-b2_skd_j9196921/student_skd.ckpt,skd,img_000007,/home/manors/Guardrail-Distillation/data/cityscapes/leftImg8bit/val/frankfurt/frankfurt_000000_003025_leftImg8bit.png,,0.6857231284393573,0.31427687156064266,0.9610726237297058,0.9700498580932617,0.09100331366062164,0.07719451934099197,0.20087264478206635,0.9316478967666626,0.2075149267911911,-8.822827339172363,8.786477088928223,0.00442596897482872,0.03904644027352333,453460,7.949388265842572,7.403669995255768,16.220106481341645,0.49992116673236103,0.5000788332676389,126850,0.7380646127398784,0.26193538726012155,56711,0.07809367775917053,0.0005857930518686771,29.214022011728957,0.035312894731760025,0.96468710526824,0.12745340168476105,0.2730984091758728,0.024947600439190865,0.5062366127967834,0.49376338720321655,0.5217304229736328,0.5459595322608948,0.4223143458366394,0.5062366127967834,0.49376338720321655,0.5062366127967834,0.49376338720321655,0.7307228940962853,0.2692771059037147,0.9655426740646362,0.49996452502956246,0.5000354749704375,4.335829720136797e-05,0.8158227581548173,0.1841772418451827,0.07775814541493886,0.04499976565692798,0.04499976565692798,0.01445772498846054,0.00998765043914318,0.955000234343072,0.04499976565692798,0.027021124958992004,0.0011246857466176152,411854
b2_cityscapes_val,2026-07-07 05:27:25,cityscapes,val,all,student_skd,/scratch/gautschi/manors/hf_cache/hub/models--nvidia--mit-b2/snapshots/3bb39e8739149c3777d0325349b2a6c32c6413db,runs/mit-b2_skd_j9196921/student_skd.ckpt,skd,img_000008,/home/manors/Guardrail-Distillation/data/cityscapes/leftImg8bit/val/frankfurt/frankfurt_000000_003357_leftImg8bit.png,,0.6974260727960091,0.3025739272039909,0.9639662504196167,0.9759423136711121,0.08061297237873077,0.06256891787052155,0.17485545575618744,0.9417611360549927,0.18053622543811798,-8.966954231262207,8.938006401062012,0.003074598964303732,0.029727749526500702,452742,7.93799027451314,7.400161761324853,16.211067995755002,0.8735303003243096,0.12646969967569044,126850,0.9815026059063858,0.018497394093614172,69396,0.0633244663476944,0.0004933287273161113,29.230531014036387,0.029532937332987785,0.9704670626670122,0.08759024739265442,0.2243158221244812,0.020110702142119408,0.5050275325775146,0.49497246742248535,0.5171449780464172,0.5386865735054016,0.41523876786231995,0.5050275325775146,0.49497246742248535,0.5050275325775146,0.49497246742248535,0.7130016363038638,0.2869983636961362,0.9674274325370789,0.9487607445034281,0.051239255496571934,0.0752304441791185,0.9634757470544429,0.036524252945557056,0.0,0.015575563507854717,0.015575563507854717,0.009970358572900295,0.006509226281195879,0.9844244364921453,0.015575563507854717,0.018538152799010277,0.0003776985686272383,419387
b2_cityscapes_val,2026-07-07 05:27:25,cityscapes,val,all,student_skd,/scratch/gautschi/manors/hf_cache/hub/models--nvidia--mit-b2/snapshots/3bb39e8739149c3777d0325349b2a6c32c6413db,runs/mit-b2_skd_j9196921/student_skd.ckpt,skd,img_000009,/home/manors/Guardrail-Distillation/data/cityscapes/leftImg8bit/val/frankfurt/frankfurt_000000_003920_leftImg8bit.png,,0.6834535199795541,0.31654648002044594,0.9516960382461548,0.9675878286361694,0.09676052629947662,0.08412379771471024,0.21805305778980255,0.9242411851882935,0.24114783108234406,-7.9436798095703125,7.9038405418396,0.0064085740596055984,0.043307214975357056,461101,7.93799027451314,7.400161761324853,16.211067995755002,0.8357925682130264,0.1642074317869736,126850,0.7535837177869767,0.24641628221302325,28764,0.08513614535331726,0.000636183365713805,29.230531014036387,0.03774372860789299,0.962256271392107,0.13676586747169495,0.26645371317863464,0.02570362389087677,0.5064255595207214,0.49357444047927856,0.5239307880401611,0.5487580895423889,0.4197905659675598,0.5064255595207214,0.49357444047927856,0.5064255595207214,0.49357444047927856,0.6304674648936337,0.3695325351063663,0.9518803358078003,0.8564157020099517,0.14358429799004835,0.020623133796925264,0.8271211387788725,0.1728788612211275,0.07353742099189575,0.0,0.0,0.014018620364367962,0.013834279030561447,1.0,0.0,0.030605006963014603,0.0006744725978933275,416341
b2_cityscapes_val,2026-07-07 05:27:25,cityscapes,val,all,student_skd,/scratch/gautschi/manors/hf_cache/hub/models--nvidia--mit-b2/snapshots/3bb39e8739149c3777d0325349b2a6c32c6413db,runs/mit-b2_skd_j9196921/student_skd.ckpt,skd,img_000010,/home/manors/Guardrail-Distillation/data/cityscapes/leftImg8bit/val/frankfurt/frankfurt_000000_004617_leftImg8bit.png,,0.679498508177405,0.320501491822595,0.9617404341697693,0.9717222452163696,0.08752284944057465,0.07527171075344086,0.19693219661712646,0.9312595129013062,0.21443593502044678,-8.221049308776855,8.186894416809082,0.004113803617656231,0.035825811326503754,433905,7.93799027451314,7.400161761324853,16.211067995755002,0.4996490868372078,0.5003509131627921,126812,0.9616435477091215,0.03835645229087847,9516,0.07610997557640076,0.0005194258992560208,29.230531014036387,0.034125976264476776,0.9658740237355232,0.11553008109331131,0.256851464509964,0.019846253097057343,0.5049614310264587,0.49503856897354126,0.5198531746864319,0.5415889024734497,0.43469706177711487,0.5049614310264587,0.49503856897354126,0.5049614310264587,0.49503856897354126,0.5506247444711158,0.44937525552888424,0.9520286321640015,0.32969277355455323,0.6703072264454468,0.0,0.9457755359394704,0.05422446406052961,0.0,0.0,0.0,0.008836035616695881,0.018547838553786278,1.0,0.0,0.03229047730565071,0.0003249559085816145,396104
b2_cityscapes_val,2026-07-07 05:27:25,cityscapes,val,all,student_skd,/scratch/gautschi/manors/hf_cache/hub/models--nvidia--mit-b2/snapshots/3bb39e8739149c3777d0325349b2a6c32c6413db,runs/mit-b2_skd_j9196921/student_skd.ckpt,skd,img_000011,/home/manors/Guardrail-Distillation/data/cityscapes/leftImg8bit/val/frankfurt/frankfurt_000000_005543_leftImg8bit.png,,0.6021656106984099,0.3978343893015901,0.9110360741615295,0.9438033103942871,0.12478703260421753,0.15070076286792755,0.2929430305957794,0.8787288069725037,0.36185699701309204,-7.588187217712402,7.518471717834473,0.01592915505170822,0.07587668299674988,430343,7.93799027451314,7.400161761324853,16.211067995755002,0.8713001315321899,0.12869986846781012,126850,0.7619137497316492,0.23808625026835084,31473,0.15240082144737244,0.001112590660341084,29.230531014036387,0.08022487163543701,0.919775128364563,0.3426337242126465,0.4488182067871094,0.07958385348320007,0.5198854804039001,0.48011451959609985,0.5799894332885742,0.6219487190246582,0.48249557614326477,0.5198854804039001,0.48011451959609985,0.5198854804039001,0.48011451959609985,0.5533781036863168,0.4466218963136832,0.9088773131370544,0.8683342666515447,0.13166573334845533,0.0,0.9145609472245076,0.08543905277549235,0.1526471974928585,0.0,0.0,0.020246639847755432,0.022405384108424187,1.0,0.0,0.05688020959496498,0.0023818209301680326,357511
b2_cityscapes_val,2026-07-07 05:27:26,cityscapes,val,all,student_skd,/scratch/gautschi/manors/hf_cache/hub/models--nvidia--mit-b2/snapshots/3bb39e8739149c3777d0325349b2a6c32c6413db,runs/mit-b2_skd_j9196921/student_skd.ckpt,skd,img_000012,/home/manors/Guardrail-Distillation/data/cityscapes/leftImg8bit/val/frankfurt/frankfurt_000000_005898_leftImg8bit.png,,0.5600273378554089,0.4399726621445911,0.9452652335166931,0.9634758830070496,0.1041056290268898,0.09399881958961487,0.2364688664674759,0.921569287776947,0.23565027117729187,-8.201382637023926,8.156055450439453,0.009011303074657917,0.05011795461177826,463307,7.925906509626657,7.407775236060843,16.21226072893478,0.6586387069167657,0.34136129308323426,126850,0.6555362052853456,0.3444637947146544,30689,0.09510084986686707,0.0008632829412817955,29.2152214969974,0.04901052266359329,0.9509894773364067,0.1913699209690094,0.36653655767440796,0.03773431107401848,0.5094324350357056,0.49056756496429443,0.5298548340797424,0.5684008598327637,0.45001813769340515,0.5094324350357056,0.49056756496429443,0.5094324350357056,0.49056756496429443,0.6739011571836937,0.3260988428163063,0.9493532180786133,0.9776670013032538,0.02233299869674621,0.31902829438648805,0.8657293453263316,0.1342706546736684,0.210193140040986,0.11387381932828478,0.11387381932828478,0.024877673014998436,0.020789669826626778,0.8861261806717152,0.11387381932828478,0.053180720657110214,0.002417403506115079,413076
b2_cityscapes_val,2026-07-07 05:27:26,cityscapes,val,all,student_skd,/scratch/gautschi/manors/hf_cache/hub/models--nvidia--mit-b2/snapshots/3bb39e8739149c3777d0325349b2a6c32c6413db,runs/mit-b2_skd_j9196921/student_skd.ckpt,skd,img_000013,/home/manors/Guardrail-Distillation/data/cityscapes/leftImg8bit/val/frankfurt/frankfurt_000000_006589_leftImg8bit.png,,0.5262873776775054,0.47371262232249456,0.9112234711647034,0.9597228169441223,0.10584431886672974,0.1025906503200531,0.23491322994232178,0.9154229760169983,0.24396391212940216,-7.887070178985596,7.837753772735596,0.007587679661810398,0.05355624482035637,458770,7.925906509626657,7.407775236060843,16.21226072893478,0.3327628736378954,0.6672371263621046,126850,0.44835899828900294,0.5516410017109971,13144,0.10360261052846909,0.0008021555840969086,29.2152214969974,0.06765027344226837,0.9323497265577316,0.303110271692276,0.4610390067100525,0.07729703187942505,0.5193146467208862,0.48068535327911377,0.5777110457420349,0.6392441987991333,0.45225101709365845,0.5193146467208862,0.48068535327911377,0.5193146467208862,0.48068535327911377,0.6934272444463314,0.3065727555536686,0.9653420448303223,0.5715457199074899,0.4284542800925101,0.23878284626959456,0.8062224788816537,0.19377752111834634,0.3578634805926507,0.16713986676882597,0.16713986676882597,0.06318634003400803,0.009067724458873272,0.832860133231174,0.16713986676882597,0.07684460282325745,0.022952677682042122,400717
b2_cityscapes_val,2026-07-07 05:27:26,cityscapes,val,all,student_skd,/scratch/gautschi/manors/hf_cache/hub/models--nvidia--mit-b2/snapshots/3bb39e8739149c3777d0325349b2a6c32c6413db,runs/mit-b2_skd_j9196921/student_skd.ckpt,skd,img_000014,/home/manors/Guardrail-Distillation/data/cityscapes/leftImg8bit/val/frankfurt/frankfurt_000000_007365_leftImg8bit.png,,0.6155528276483863,0.38444717235161374,0.952260434627533,0.9656293988227844,0.09714680165052414,0.08742215484380722,0.20762422680854797,0.9215509295463562,0.2349473387002945,-7.872191429138184,7.830399990081787,0.0053625223226845264,0.04546458274126053,466385,7.925906509626657,7.407775236060843,16.21226072893478,0.8661342028628479,0.13386579713715208,126850,0.6195662751480966,0.3804337248519034,23151,0.0882573351264,0.0005995541578158736,29.2152214969974,0.042831405997276306,0.9571685940027237,0.16251085698604584,0.2937390208244324,0.03522815555334091,0.5088061094284058,0.49119389057159424,0.535426139831543,0.5623910427093506,0.44316190481185913,0.5088061094284058,0.49119389057159424,0.5088061094284058,0.49119389057159424,0.5946088243703617,0.40539117562963833,0.9469879865646362,0.7956302919710659,0.20436970802893406,0.0,0.6238500057195683,0.3761499942804317,0.004283730571471689,0.0,0.0,0.015049797482788563,0.020322265103459358,1.0,0.0,0.03647630289196968,0.0014237164286896586,417916
b2_cityscapes_val,2026-07-07 05:27:26,cityscapes,val,all,student_skd,/scratch/gautschi/manors/hf_cache/hub/models--nvidia--mit-b2/snapshots/3bb39e8739149c3777d0325349b2a6c32c6413db,runs/mit-b2_skd_j9196921/student_skd.ckpt,skd,img_000015,/home/manors/Guardrail-Distillation/data/cityscapes/leftImg8bit/val/frankfurt/frankfurt_000000_008206_leftImg8bit.png,,0.5360074810030437,0.46399251899695626,0.8995270133018494,0.941239595413208,0.12923233211040497,0.15607714653015137,0.30297571420669556,0.8770013451576233,0.3600808382034302,-7.956234455108643,7.882769584655762,0.018682515248656273,0.08157254755496979,463428,7.925906509626657,7.407775236060843,16.21226072893478,0.49998029168309027,0.5000197083169098,126850,0.5098880405981197,0.49011195940188035,19643,0.1575213074684143,0.0009494239930063486,29.2152214969974,0.061298053711652756,0.9387019462883472,0.2592693567276001,0.3777007460594177,0.040732141584157944,0.5101816058158875,0.48981839418411255,0.5464071035385132,0.5712906718254089,0.46762406826019287,0.5101816058158875,0.48981839418411255,0.5101816058158875,0.48981839418411255,0.5585315445985052,0.4414684554014948,0.9232329726219177,0.49998029168309027,0.5000197083169098,0.0,0.5404081784326681,0.4595918215673319,0.030520137834548433,0.02252406359546144,0.02252406359546144,0.038517311215400696,0.014811363071203232,0.9774759364045386,0.02252406359546144,0.060451678931713104,0.008432809263467789,382397
b2_cityscapes_val,2026-07-07 05:27:26,cityscapes,val,all,student_skd,/scratch/gautschi/manors/hf_cache/hub/models--nvidia--mit-b2/snapshots/3bb39e8739149c3777d0325349b2a6c32c6413db,runs/mit-b2_skd_j9196921/student_skd.ckpt,skd,img_000016,/home/manors/Guardrail-Distillation/data/cityscapes/leftImg8bit/val/frankfurt/frankfurt_000000_008451_leftImg8bit.png,,0.5550786914101199,0.4449213085898801,0.9329347610473633,0.9508641362190247,0.1190473735332489,0.12875758111476898,0.27419358491897583,0.8961585760116577,0.30380287766456604,-8.358884811401367,8.297661781311035,0.014359032735228539,0.06682557612657547,454766,7.936475245514885,7.409254991216585,16.215984505834058,0.5150253809289356,0.48497461907106443,126850,0.7936913795389404,0.20630862046105958,17383,0.13002358376979828,0.0007768330979160964,29.230452986666933,0.055280741304159164,0.9447192586958408,0.2371523529291153,0.3656201660633087,0.039929214864969254,0.5099809765815735,0.4900190234184265,0.5416086912155151,0.5704100728034973,0.4388588070869446,0.5099809765815735,0.4900190234184265,0.5099809765815735,0.4900190234184265,0.5645695498324019,0.43543045016759807,0.9312415719032288,0.5714049212618377,0.42859507873816227,0.056379540332902156,0.7790656372787887,0.22093436272121125,0.0,0.009490858422282034,0.009490858422282034,0.014864787459373474,0.0165579654276371,0.990509141577718,0.009490858422282034,0.037775471806526184,0.0004947599372826517,388992
b2_cityscapes_val,2026-07-07 05:27:26,cityscapes,val,all,student_skd,/scratch/gautschi/manors/hf_cache/hub/models--nvidia--mit-b2/snapshots/3bb39e8739149c3777d0325349b2a6c32c6413db,runs/mit-b2_skd_j9196921/student_skd.ckpt,skd,img_000017,/home/manors/Guardrail-Distillation/data/cityscapes/leftImg8bit/val/frankfurt/frankfurt_000000_009291_leftImg8bit.png,,0.46829495429452234,0.5317050457054777,0.9371709227561951,0.9618606567382812,0.09997870773077011,0.10102512687444687,0.22305360436439514,0.9118648171424866,0.25874635577201843,-8.46280288696289,8.416647911071777,0.00625552237033844,0.04743992164731026,452720,7.936475245514885,7.409254991216585,16.215984505834058,1.0,0.0,126850,0.23199445293660914,0.7680055470633909,6123,0.10205747187137604,0.0005850250599905849,29.230452986666933,0.04395473748445511,0.9560452625155449,0.17565813660621643,0.31195133924484253,0.03155669942498207,0.5078885555267334,0.4921114444732666,0.5315253138542175,0.5541232228279114,0.44011741876602173,0.5078885555267334,0.4921114444732666,0.5078885555267334,0.4921114444732666,0.6087646073103693,0.3912353926896307,0.9442437291145325,1.0,0.0,0.0,0.8970644516848372,0.10293554831516283,0.665069998748228,0.14046965301584702,0.14046965301584702,0.017631208524107933,0.010558403097093105,0.859530346984153,0.14046965301584702,0.033855363726615906,0.002206661971285939,400392
b2_cityscapes_val,2026-07-07 05:27:26,cityscapes,val,all,student_skd,/scratch/gautschi/manors/hf_cache/hub/models--nvidia--mit-b2/snapshots/3bb39e8739149c3777d0325349b2a6c32c6413db,runs/mit-b2_skd_j9196921/student_skd.ckpt,skd,img_000018,/home/manors/Guardrail-Distillation/data/cityscapes/leftImg8bit/val/frankfurt/frankfurt_000000_009561_leftImg8bit.png,,0.5815028081778335,0.4184971918221665,0.9282773733139038,0.957217276096344,0.11225830763578415,0.11142322421073914,0.26144999265670776,0.9094783663749695,0.27221640944480896,-8.120889663696289,8.067699432373047,0.010764705948531628,0.06011292338371277,450918,7.936475245514885,7.409254991216585,16.215984505834058,1.0,0.0,126850,0.511216634601532,0.488783365398468,12383,0.11248276382684708,0.0007399480091407895,29.230452986666933,0.05536726862192154,0.9446327313780785,0.23686258494853973,0.3694608509540558,0.04687032848596573,0.5117154121398926,0.4882845878601074,0.5483765602111816,0.5842877626419067,0.4695884585380554,0.5117154121398926,0.4882845878601074,0.5117154121398926,0.4882845878601074,0.6537024953312537,0.3462975046687463,0.9436149597167969,1.0,0.0,0.0,0.49908136294605876,0.5009186370539412,0.0,0.07219968715342018,0.07219968715342018,0.02835770510137081,0.013020104728639126,0.9278003128465798,0.07219968715342018,0.04645412042737007,0.004557369276881218,393610
b2_cityscapes_val,2026-07-07 05:27:26,cityscapes,val,all,student_skd,/scratch/gautschi/manors/hf_cache/hub/models--nvidia--mit-b2/snapshots/3bb39e8739149c3777d0325349b2a6c32c6413db,runs/mit-b2_skd_j9196921/student_skd.ckpt,skd,img_000019,/home/manors/Guardrail-Distillation/data/cityscapes/leftImg8bit/val/frankfurt/frankfurt_000000_009688_leftImg8bit.png,,0.6225953051719683,0.37740469482803174,0.964843213558197,0.9722082614898682,0.08859454840421677,0.0740821436047554,0.20075009763240814,0.9327586889266968,0.21060235798358917,-8.144234657287598,8.110349655151367,0.005548838060349226,0.03564660996198654,449103,7.936475245514885,7.409254991216585,16.215984505834058,0.9890259787667511,0.010974021233248865,126850,0.35010706321288715,0.6498929367871129,2712,0.0749284029006958,0.0005117027321830392,29.230452986666933,0.03447546437382698,0.965524535626173,0.1110105887055397,0.2601976990699768,0.018369285389780998,0.5045921802520752,0.4954078197479248,0.521253764629364,0.5437197685241699,0.47599974274635315,0.5045921802520752,0.4954078197479248,0.5045921802520752,0.4954078197479248,0.658449379951982,0.34155062004801795,0.9714608788490295,0.995163768430263,0.004836231569737004,0.006137789663511861,0.7001073785467495,0.29989262145325046,0.35000031533386244,0.03585407478001379,0.03585407478001379,0.013219684362411499,0.006602048873901367,0.9641459252199862,0.03585407478001379,0.021694354712963104,0.0006323716370388865,412040
b2_cityscapes_val,2026-07-07 05:27:26,cityscapes,val,all,student_skd,/scratch/gautschi/manors/hf_cache/hub/models--nvidia--mit-b2/snapshots/3bb39e8739149c3777d0325349b2a6c32c6413db,runs/mit-b2_skd_j9196921/student_skd.ckpt,skd,img_000020,/home/manors/Guardrail-Distillation/data/cityscapes/leftImg8bit/val/frankfurt/frankfurt_000000_009969_leftImg8bit.png,,0.6845776930498919,0.3154223069501081,0.9580075740814209,0.9676072597503662,0.09811540693044662,0.08645662665367126,0.22963383793830872,0.9247250556945801,0.23351576924324036,-8.365760803222656,8.325572967529297,0.00844041258096695,0.04338568449020386,457916,7.947086007334292,7.419105735607445,16.210040252190083,0.7022405528433755,0.2977594471566245,126850,0.5524944758605026,0.4475055241394974,53207,0.0872802808880806,0.0005095264641568065,29.234654997708276,0.03897029906511307,0.9610297009348869,0.13503366708755493,0.29202693700790405,0.02363048866391182,0.5059073567390442,0.4940926432609558,0.5219636559486389,0.5439550280570984,0.43629536032676697,0.5059073567390442,0.4940926432609558,0.5059073567390442,0.4940926432609558,0.7133491060231919,0.2866508939768081,0.9606717824935913,0.9371805731398659,0.06281942686013409,0.23494002029649041,0.5931256110685401,0.4068743889314599,0.04063113520803752,0.028771412973299992,0.028771412973299992,0.012515395879745483,0.009851151145994663,0.9712285870267,0.028771412973299992,0.027411140501499176,0.0010111024603247643,415005
b2_cityscapes_val,2026-07-07 05:27:26,cityscapes,val,all,student_skd,/scratch/gautschi/manors/hf_cache/hub/models--nvidia--mit-b2/snapshots/3bb39e8739149c3777d0325349b2a6c32c6413db,runs/mit-b2_skd_j9196921/student_skd.ckpt,skd,img_000021,/home/manors/Guardrail-Distillation/data/cityscapes/leftImg8bit/val/frankfurt/frankfurt_000000_010351_leftImg8bit.png,,0.6726166367388172,0.3273833632611828,0.9584600925445557,0.9716705083847046,0.09169661998748779,0.07451875507831573,0.20988187193870544,0.9342337250709534,0.20880211889743805,-7.863065242767334,7.828131198883057,0.00713143777102232,0.03769443556666374,462880,7.947086007334292,7.419105735607445,16.210040252190083,0.802927845446451,0.19707215455354898,126724,0.9909865886035413,0.009013411396458726,100002,0.07537724077701569,0.00046362384455278516,29.234654997708276,0.03990970179438591,0.9600902982056141,0.12031187862157822,0.2788557708263397,0.032544467598199844,0.5081353783607483,0.4918646216392517,0.5241074562072754,0.5559948682785034,0.4598107933998108,0.5081353783607483,0.4918646216392517,0.5081353783607483,0.4918646216392517,0.5988080497430982,0.4011919502569018,0.9685922861099243,0.8990272817871029,0.1009727182128971,0.09609943634065188,0.9749446324714366,0.02505536752856341,0.0,0.0,0.0,0.02217637374997139,0.012044157832860947,1.0,0.0,0.03670065477490425,0.003931904677301645,423731
b2_cityscapes_val,2026-07-07 05:27:26,cityscapes,val,all,student_skd,/scratch/gautschi/manors/hf_cache/hub/models--nvidia--mit-b2/snapshots/3bb39e8739149c3777d0325349b2a6c32c6413db,runs/mit-b2_skd_j9196921/student_skd.ckpt,skd,img_000022,/home/manors/Guardrail-Distillation/data/cityscapes/leftImg8bit/val/frankfurt/frankfurt_000000_010763_leftImg8bit.png,,0.5242967455190073,0.4757032544809927,0.9512529373168945,0.9572184681892395,0.10830866545438766,0.110639788210392,0.2389928102493286,0.904685378074646,0.28289610147476196,-7.716805458068848,7.664422512054443,0.008443254046142101,0.056639526039361954,457525,7.947086007334292,7.419105735607445,16.210040252190083,0.9413820077040236,0.05861799229597642,126850,0.4944280998397921,0.5055719001602079,5049,0.111537866294384,0.0006459846626967192,29.234654997708276,0.05196481570601463,0.9480351842939854,0.2125254124403,0.35668128728866577,0.040025971829891205,0.5100051760673523,0.4899948239326477,0.5399754047393799,0.5683662295341492,0.4540499746799469,0.5100051760673523,0.4899948239326477,0.5100051760673523,0.4899948239326477,0.4960897720417093,0.5039102279582908,0.9522473812103271,0.963212955133816,0.036787044866184004,0.021830947429792413,0.486046497480829,0.513953502519171,0.0,0.0,0.0,0.015223211608827114,0.014228730462491512,1.0,0.0,0.03480028361082077,0.00033222229103557765,398540
b2_cityscapes_val,2026-07-07 05:27:26,cityscapes,val,all,student_skd,/scratch/gautschi/manors/hf_cache/hub/models--nvidia--mit-b2/snapshots/3bb39e8739149c3777d0325349b2a6c32c6413db,runs/mit-b2_skd_j9196921/student_skd.ckpt,skd,img_000023,/home/manors/Guardrail-Distillation/data/cityscapes/leftImg8bit/val/frankfurt/frankfurt_000000_011007_leftImg8bit.png,,0.6592391323886769,0.34076086761132307,0.9330756664276123,0.9550653100013733,0.11260037869215012,0.11379554867744446,0.24702461063861847,0.9058817028999329,0.26820334792137146,-8.045153617858887,7.989725112915039,0.009875726886093616,0.061374809592962265,456979,7.947086007334292,7.419105735607445,16.210040252190083,0.9507113411763372,0.049288658823662845,126850,0.6123748420820303,0.3876251579179697,12858,0.11478883028030396,0.0006724546547047794,29.234654997708276,0.04812812805175781,0.9518718719482422,0.1940607875585556,0.32116755843162537,0.037991300225257874,0.5094966888427734,0.49050331115722656,0.5393117666244507,0.5653588175773621,0.4533882737159729,0.5094966888427734,0.49050331115722656,0.5094966888427734,0.49050331115722656,0.6843069639910873,0.31569303600891274,0.9449427127838135,0.9550338440446874,0.044966155955312614,0.004322502868350231,0.6470587451072044,0.3529412548927956,0.0346839030251741,0.02506783160241033,0.02506783160241033,0.02446501888334751,0.012597952969372272,0.9749321683975897,0.02506783160241033,0.04103032872080803,0.0022823805920779705,395779
b2_cityscapes_val,2026-07-07 05:27:27,cityscapes,val,all,student_skd,/scratch/gautschi/manors/hf_cache/hub/models--nvidia--mit-b2/snapshots/3bb39e8739149c3777d0325349b2a6c32c6413db,runs/mit-b2_skd_j9196921/student_skd.ckpt,skd,img_000024,/home/manors/Guardrail-Distillation/data/cityscapes/leftImg8bit/val/frankfurt/frankfurt_000000_011074_leftImg8bit.png,,0.5606831313728428,0.43931686862715724,0.9208313822746277,0.9489684104919434,0.11718428134918213,0.13175976276397705,0.2589167654514313,0.8888601064682007,0.32390859723091125,-7.375261306762695,7.312554359436035,0.010985787026584148,0.06796170026063919,456772,7.943194737890735,7.4097719916608185,16.214030503761023,0.6445994703887569,0.35540052961124313,126850,0.23709174818554749,0.7629082518144525,26698,0.13291434943675995,0.0006386449676938355,29.225418518763036,0.07413072139024734,0.9258692786097527,0.30295881628990173,0.42354679107666016,0.07606915384531021,0.5190081596374512,0.48099184036254883,0.567743182182312,0.6091602444648743,0.45386219024658203,0.5190081596374512,0.48099184036254883,0.5190081596374512,0.48099184036254883,0.5553832973591988,0.4446167026408012,0.9246692061424255,0.9884489191138492,0.011551080886150755,0.3438494487250924,0.30466383222165877,0.6953361677783412,0.06757208403611137,0.0,0.0,0.021485555917024612,0.01764775440096855,1.0,0.0,0.04593320190906525,0.0024344748817384243,387145
b2_cityscapes_val,2026-07-07 05:27:27,cityscapes,val,all,student_skd,/scratch/gautschi/manors/hf_cache/hub/models--nvidia--mit-b2/snapshots/3bb39e8739149c3777d0325349b2a6c32c6413db,runs/mit-b2_skd_j9196921/student_skd.ckpt,skd,img_000025,/home/manors/Guardrail-Distillation/data/cityscapes/leftImg8bit/val/frankfurt/frankfurt_000000_011461_leftImg8bit.png,,0.530808682460105,0.46919131753989496,0.9226062893867493,0.9558714032173157,0.11324464529752731,0.11776214092969894,0.2638384699821472,0.903495192527771,0.2894625663757324,-8.263165473937988,8.208274841308594,0.013112726621329784,0.05924719199538231,433472,7.943194737890735,7.4097719916608185,16.214030503761023,1.0,0.0,126850,0.33266669499788293,0.6673333050021171,22807,0.11871805042028427,0.0006567068048752844,29.225418518763036,0.05053927004337311,0.9494607299566269,0.21301911771297455,0.3570517897605896,0.037386827170848846,0.5093455910682678,0.4906544089317322,0.5373466610908508,0.5652487874031067,0.4154013395309448,0.5093455910682678,0.4906544089317322,0.5093455910682678,0.4906544089317322,0.6604996915763454,0.33950030842365464,0.9455996751785278,1.0,0.0,0.0,0.6569461257910634,0.3430538742089366,0.32427943079318045,0.12969100911624032,0.12969100911624032,0.0333816260099411,0.010388214141130447,0.8703089908837597,0.12969100911624032,0.04841604456305504,0.009253192692995071,377355
b2_cityscapes_val,2026-07-07 05:27:27,cityscapes,val,all,student_skd,/scratch/gautschi/manors/hf_cache/hub/models--nvidia--mit-b2/snapshots/3bb39e8739149c3777d0325349b2a6c32c6413db,runs/mit-b2_skd_j9196921/student_skd.ckpt,skd,img_000026,/home/manors/Guardrail-Distillation/data/cityscapes/leftImg8bit/val/frankfurt/frankfurt_000000_011810_leftImg8bit.png,,0.49854292498101177,0.5014570750189882,0.910085141658783,0.9550687074661255,0.11323198676109314,0.12013331800699234,0.2610250413417816,0.8967689871788025,0.3157506585121155,-8.025035858154297,7.96928071975708,0.012399292550981045,0.05979152023792267,461236,7.943194737890735,7.4097719916608185,16.214030503761023,0.7797338319701032,0.22026616802989685,126850,0.3588906860160669,0.6411093139839331,52409,0.12145315110683441,0.0007983273244462907,29.225418518763036,0.06030343472957611,0.9396965652704239,0.2622280716896057,0.37676161527633667,0.046575404703617096,0.5116417407989502,0.4883582592010498,0.5438504815101624,0.5759840607643127,0.4563204348087311,0.5116417407989502,0.4883582592010498,0.5116417407989502,0.4883582592010498,0.525809564076686,0.474190435923314,0.92719566822052,0.7913663939481893,0.2086336060518107,0.011632561978086153,0.4764039080628275,0.5235960919371725,0.11751322204676062,0.027266639095674172,0.027266639095674172,0.03240206837654114,0.015291521325707436,0.9727333609043258,0.027266639095674172,0.055930156260728836,0.011549402959644794,401086
b2_cityscapes_val,2026-07-07 05:27:27,cityscapes,val,all,student_skd,/scratch/gautschi/manors/hf_cache/hub/models--nvidia--mit-b2/snapshots/3bb39e8739149c3777d0325349b2a6c32c6413db,runs/mit-b2_skd_j9196921/student_skd.ckpt,skd,img_000027,/home/manors/Guardrail-Distillation/data/cityscapes/leftImg8bit/val/frankfurt/frankfurt_000000_012009_leftImg8bit.png,,0.5322746853071537,0.4677253146928463,0.922810971736908,0.9559214115142822,0.11151272058486938,0.11085230112075806,0.2442535012960434,0.908271849155426,0.2634730339050293,-7.770626068115234,7.716351509094238,0.00948056299239397,0.060746487230062485,451450,7.943194737890735,7.4097719916608185,16.214030503761023,0.5474881699671934,0.4525118300328066,126850,0.38961457104164343,0.6103854289583566,16519,0.11176665872335434,0.0005957409157417715,29.225418518763036,0.05529576167464256,0.9447042383253574,0.24068057537078857,0.3670605719089508,0.04665529727935791,0.51166170835495,0.48833829164505005,0.5477849841117859,0.5809638500213623,0.4487290382385254,0.51166170835495,0.48833829164505005,0.51166170835495,0.48833829164505005,0.669390378277554,0.330609621722446,0.9388747811317444,0.5506379107026999,0.44936208929730015,0.0031497407355064455,0.7278676378374064,0.2721323621625936,0.33825306679576295,0.13711569297040027,0.13711569297040027,0.033846497535705566,0.017782701179385185,0.8628843070295997,0.13711569297040027,0.05692324787378311,0.005276332143694162,391310
b2_cityscapes_val,2026-07-07 05:27:27,cityscapes,val,all,student_skd,/scratch/gautschi/manors/hf_cache/hub/models--nvidia--mit-b2/snapshots/3bb39e8739149c3777d0325349b2a6c32c6413db,runs/mit-b2_skd_j9196921/student_skd.ckpt,skd,img_000028,/home/manors/Guardrail-Distillation/data/cityscapes/leftImg8bit/val/frankfurt/frankfurt_000000_012121_leftImg8bit.png,,0.4528484682299007,0.5471515317700992,0.9450045228004456,0.9639667868614197,0.09829162806272507,0.09298153221607208,0.2125859558582306,0.9162526726722717,0.25394779443740845,-7.92330265045166,7.879639148712158,0.005749850999563932,0.0461103655397892,430272,7.931654748972505,7.416883512632921,16.220511752180755,1.0,0.0,110826,0.6179160613062802,0.3820839386937198,63144,0.09396948665380478,0.0005987921031191945,29.232823493657634,0.0497809536755085,0.9502190463244915,0.18926316499710083,0.29893895983695984,0.041231270879507065,0.5103063583374023,0.48969364166259766,0.5414664149284363,0.5657337307929993,0.4728613793849945,0.5103063583374023,0.48969364166259766,0.5103063583374023,0.48969364166259766,0.5154164668965645,0.4845835331034355,0.9535014629364014,0.49990307970158004,0.50009692029842,0.0,0.7213461043660457,0.27865389563395426,0.10343004305976555,0.06256799866666374,0.06256799866666374,0.025593111291527748,0.01709616184234619,0.9374320013333363,0.06256799866666374,0.046737875789403915,0.009493994526565075,383131
b2_cityscapes_val,2026-07-07 05:27:27,cityscapes,val,all,student_skd,/scratch/gautschi/manors/hf_cache/hub/models--nvidia--mit-b2/snapshots/3bb39e8739149c3777d0325349b2a6c32c6413db,runs/mit-b2_skd_j9196921/student_skd.ckpt,skd,img_000029,/home/manors/Guardrail-Distillation/data/cityscapes/leftImg8bit/val/frankfurt/frankfurt_000000_012868_leftImg8bit.png,,0.6800967324022061,0.31990326759779386,0.9439505338668823,0.9570646286010742,0.1095719188451767,0.11245956271886826,0.24873651564121246,0.9022579193115234,0.3021344244480133,-7.9121503829956055,7.85933256149292,0.00888019148260355,0.05823167786002159,448639,7.931654748972505,7.416883512632921,16.220511752180755,0.8921644829373994,0.10783551706260064,126850,0.8308889139355229,0.1691110860644771,104473,0.11391401290893555,0.000835657468996942,29.232823493657634,0.05271891504526138,0.9472810849547386,0.21222296357154846,0.339519202709198,0.036636706441640854,0.509158194065094,0.490841805934906,0.537219226360321,0.5614548921585083,0.4420265257358551,0.509158194065094,0.490841805934906,0.509158194065094,0.490841805934906,0.686586175181502,0.313413824818498,0.9553762078285217,0.7876824361926197,0.21231756380738032,0.0,0.8207891118931755,0.1792108881068245,0.0,0.006489442779295862,0.006489442779295862,0.025869352743029594,0.014443684369325638,0.9935105572207041,0.006489442779295862,0.043779075145721436,0.00261903228238225,391246
b2_cityscapes_val,2026-07-07 05:27:27,cityscapes,val,all,student_skd,/scratch/gautschi/manors/hf_cache/hub/models--nvidia--mit-b2/snapshots/3bb39e8739149c3777d0325349b2a6c32c6413db,runs/mit-b2_skd_j9196921/student_skd.ckpt,skd,img_000030,/home/manors/Guardrail-Distillation/data/cityscapes/leftImg8bit/val/frankfurt/frankfurt_000000_013067_leftImg8bit.png,,0.5989177689363733,0.4010822310636267,0.9383881688117981,0.9547673463821411,0.11269321292638779,0.11997628957033157,0.25776422023773193,0.8982900381088257,0.30695465207099915,-7.866761207580566,7.810894966125488,0.011435188353061676,0.060277048498392105,424042,7.931654748972505,7.416883512632921,16.220511752180755,0.9533628205304828,0.046637179469517176,123252,0.5459395683638484,0.4540604316361516,44238,0.12124559283256531,0.0007459608605131507,29.232823493657634,0.05603310838341713,0.9439668916165829,0.23581936955451965,0.36975517868995667,0.04397258907556534,0.5109913945198059,0.4890086054801941,0.5410557985305786,0.5733179450035095,0.4399614632129669,0.5109913945198059,0.4890086054801941,0.5109913945198059,0.4890086054801941,0.6490793879534912,0.3509206120465088,0.9476891756057739,0.946964063162637,0.05303593683736296,0.0,0.7017000519841371,0.2982999480158629,0.15576048362028871,0.05016161901711791,0.05016161901711791,0.021790293976664543,0.01248932909220457,0.9498383809828821,0.05016161901711791,0.038786254823207855,0.0021271477453410625,367483
b2_cityscapes_val,2026-07-07 05:27:27,cityscapes,val,all,student_skd,/scratch/gautschi/manors/hf_cache/hub/models--nvidia--mit-b2/snapshots/3bb39e8739149c3777d0325349b2a6c32c6413db,runs/mit-b2_skd_j9196921/student_skd.ckpt,skd,img_000031,/home/manors/Guardrail-Distillation/data/cityscapes/leftImg8bit/val/frankfurt/frankfurt_000000_013240_leftImg8bit.png,,0.6890428872104873,0.31095711278951266,0.9336671233177185,0.9719533920288086,0.08665302395820618,0.0746888816356659,0.19285966455936432,0.930371105670929,0.22148753702640533,-7.518072605133057,7.484274387359619,0.004137807060033083,0.035111863166093826,445405,7.931654748972505,7.416883512632921,16.220511752180755,1.0,0.0,116920,0.9606195798639715,0.03938042013602849,20896,0.07544459402561188,0.0004868384567089379,29.232823493657634,0.04330628737807274,0.9566937126219273,0.16162526607513428,0.3087517023086548,0.04025685042142868,0.5100628733634949,0.4899371266365051,0.5370607972145081,0.5683665871620178,0.4299083948135376,0.5100628733634949,0.4899371266365051,0.5100628733634949,0.4899371266365051,0.7178115288598991,0.2821884711401009,0.9431797862052917,0.49929011289770786,0.5007098871022921,0.0,0.9544172666684848,0.04558273333151519,0.0,0.02876864164941173,0.02876864164941173,0.027538981288671494,0.018026290461421013,0.9712313583505883,0.02876864164941173,0.04842783510684967,0.012570582330226898,407786
b2_cityscapes_val,2026-07-07 05:27:27,cityscapes,val,all,student_skd,/scratch/gautschi/manors/hf_cache/hub/models--nvidia--mit-b2/snapshots/3bb39e8739149c3777d0325349b2a6c32c6413db,runs/mit-b2_skd_j9196921/student_skd.ckpt,skd,img_000032,/home/manors/Guardrail-Distillation/data/cityscapes/leftImg8bit/val/frankfurt/frankfurt_000000_013382_leftImg8bit.png,,0.6017883934001999,0.39821160659980015,0.9716398119926453,0.9787651300430298,0.07997848093509674,0.05566759407520294,0.18221847712993622,0.9498964548110962,0.15981340408325195,-8.197561264038086,8.17139720916748,0.005120134446769953,0.028021685779094696,463855,7.935735251521692,7.411232247250155,16.19591476628557,0.9592515067484273,0.040748493251572704,126850,0.6396458473078539,0.3603541526921461,89894,0.05634786933660507,0.0004359724116511643,29.19490126078017,0.022760121151804924,0.9772398788481951,0.038567859679460526,0.16286329925060272,0.01567394845187664,0.5039184093475342,0.4960815906524658,0.5114762187004089,0.5310349464416504,0.42320385575294495,0.5039184093475342,0.4960815906524658,0.5039184093475342,0.4960815906524658,0.6308476601883969,0.3691523398116031,0.9752486944198608,0.9608373535846387,0.03916264641536127,0.0015858468362114353,0.6467863835617286,0.3532136164382714,0.007140536253874674,0.029059266788197036,0.029059266788197036,0.010636944323778152,0.007028058171272278,0.970940733211803,0.029059266788197036,0.020027808845043182,0.0010261826682835817,434703
b2_cityscapes_val,2026-07-07 05:27:27,cityscapes,val,all,student_skd,/scratch/gautschi/manors/hf_cache/hub/models--nvidia--mit-b2/snapshots/3bb39e8739149c3777d0325349b2a6c32c6413db,runs/mit-b2_skd_j9196921/student_skd.ckpt,skd,img_000033,/home/manors/Guardrail-Distillation/data/cityscapes/leftImg8bit/val/frankfurt/frankfurt_000000_013942_leftImg8bit.png,,0.5804469734199194,0.41955302658008065,0.932396411895752,0.948104202747345,0.11963789165019989,0.13611756265163422,0.26989278197288513,0.884687602519989,0.34575748443603516,-7.62572717666626,7.561563968658447,0.012872501276433468,0.07002177834510803,458186,7.935735251521692,7.411232247250155,16.19591476628557,0.9047242547235418,0.09527574527645821,126850,0.527885297056336,0.472114702943664,18477,0.13759419322013855,0.0008452745387330651,29.19490126078017,0.06281034648418427,0.9371896535158157,0.2583799958229065,0.36618608236312866,0.0512140616774559,0.5128006935119629,0.4871993064880371,0.5539695620536804,0.5814678072929382,0.4449461102485657,0.5128006935119629,0.4871993064880371,0.5128006935119629,0.4871993064880371,0.6089879920633305,0.39101200793666946,0.942209005355835,0.9543127020054109,0.04568729799458915,0.049588447281869064,0.44879755353367184,0.5512024464663281,0.0,0.028541018643411187,0.028541018643411187,0.022744037210941315,0.012931428849697113,0.9714589813565888,0.028541018643411187,0.04053812101483345,0.001584509271197021,387775
b2_cityscapes_val,2026-07-07 05:27:27,cityscapes,val,all,student_skd,/scratch/gautschi/manors/hf_cache/hub/models--nvidia--mit-b2/snapshots/3bb39e8739149c3777d0325349b2a6c32c6413db,runs/mit-b2_skd_j9196921/student_skd.ckpt,skd,img_000034,/home/manors/Guardrail-Distillation/data/cityscapes/leftImg8bit/val/frankfurt/frankfurt_000000_014480_leftImg8bit.png,,0.5895135414313133,0.4104864585686867,0.9115940928459167,0.9563931226730347,0.10698764771223068,0.10949378460645676,0.2253122329711914,0.9044725298881531,0.2742694020271301,-8.337174415588379,8.284253120422363,0.005846323445439339,0.056952062994241714,448658,7.935735251521692,7.411232247250155,16.19591476628557,0.5690223433952383,0.4309776566047617,119038,0.9526425876907436,0.047357412309256386,69798,0.11042869091033936,0.0005947515019215643,29.19490126078017,0.05258490890264511,0.9474150910973549,0.21631838381290436,0.3324853479862213,0.04180780053138733,0.5104504227638245,0.48954957723617554,0.5429783463478088,0.5649320483207703,0.44410789012908936,0.5104504227638245,0.48954957723617554,0.5104504227638245,0.48954957723617554,0.649386412126079,0.35061358787392105,0.9584761261940002,0.9111888620222381,0.08881113797776186,0.34216651862699987,0.9631196129384312,0.03688038706156882,0.010477025247687566,0.059872870694765656,0.059872870694765656,0.056570928543806076,0.009688894264400005,0.9401271293052343,0.059872870694765656,0.06846640259027481,0.021205460652709007,389962
b2_cityscapes_val,2026-07-07 05:27:27,cityscapes,val,all,student_skd,/scratch/gautschi/manors/hf_cache/hub/models--nvidia--mit-b2/snapshots/3bb39e8739149c3777d0325349b2a6c32c6413db,runs/mit-b2_skd_j9196921/student_skd.ckpt,skd,img_000035,/home/manors/Guardrail-Distillation/data/cityscapes/leftImg8bit/val/frankfurt/frankfurt_000000_015389_leftImg8bit.png,,0.43192781876604214,0.5680721812339579,0.9407576322555542,0.9533690810203552,0.11741027981042862,0.11787568032741547,0.2623799741268158,0.9058302044868469,0.2687172591686249,-8.282842636108398,8.224666595458984,0.012991508468985558,0.06682124733924866,459300,7.935735251521692,7.411232247250155,16.19591476628557,0.9692001154128408,0.03079988458715921,126850,0.33750711938663747,0.6624928806133625,9242,0.11872832477092743,0.0005711141275241971,29.19490126078017,0.05132558196783066,0.9486744180321693,0.22305050492286682,0.35080334544181824,0.039500121027231216,0.5098737478256226,0.49012625217437744,0.5433560013771057,0.5707517266273499,0.41286736726760864,0.5098737478256226,0.49012625217437744,0.5098737478256226,0.49012625217437744,0.4869827391947062,0.5130172608052939,0.9528630375862122,0.9832977030979455,0.016702296902054492,0.014097587685104718,0.29640449632830773,0.7035955036716923,0.0,0.055054920428664,0.055054920428664,0.02366209402680397,0.01155671663582325,0.944945079571336,0.055054920428664,0.039893314242362976,0.0030742434319108725,396555
b2_cityscapes_val,2026-07-07 05:27:28,cityscapes,val,all,student_skd,/scratch/gautschi/manors/hf_cache/hub/models--nvidia--mit-b2/snapshots/3bb39e8739149c3777d0325349b2a6c32c6413db,runs/mit-b2_skd_j9196921/student_skd.ckpt,skd,img_000036,/home/manors/Guardrail-Distillation/data/cityscapes/leftImg8bit/val/frankfurt/frankfurt_000000_015676_leftImg8bit.png,,0.5560715948332914,0.4439284051667086,0.9347764849662781,0.9494529962539673,0.11790034174919128,0.1301863193511963,0.2609208822250366,0.8920879364013672,0.31109780073165894,-8.010309219360352,7.948040962219238,0.011614066548645496,0.06950822472572327,442739,7.882130506914109,7.419907225994393,16.168726986506954,0.877465335293145,0.12253466470685503,126850,0.39736417533702384,0.6026358246629762,49828,0.13136549293994904,0.0007062187069095671,29.374313249718398,0.05955994129180908,0.9404400587081909,0.24475307762622833,0.36363837122917175,0.05112785845994949,0.512779176235199,0.487220823764801,0.5507803559303284,0.581293523311615,0.4668007791042328,0.512779176235199,0.487220823764801,0.512779176235199,0.487220823764801,0.6443185274278349,0.3556814725721651,0.9470862150192261,0.799138496557938,0.200861503442062,0.0,0.4321578670585393,0.5678421329414607,0.034793691721515474,0.08824693259454353,0.08824693259454353,0.022019745782017708,0.009710010141134262,0.9117530674054565,0.08824693259454353,0.03672366961836815,0.0013393895933404565,376071
b2_cityscapes_val,2026-07-07 05:27:28,cityscapes,val,all,student_skd,/scratch/gautschi/manors/hf_cache/hub/models--nvidia--mit-b2/snapshots/3bb39e8739149c3777d0325349b2a6c32c6413db,runs/mit-b2_skd_j9196921/student_skd.ckpt,skd,img_000037,/home/manors/Guardrail-Distillation/data/cityscapes/leftImg8bit/val/frankfurt/frankfurt_000000_016005_leftImg8bit.png,,0.5325555651421767,0.4674444348578233,0.8976571559906006,0.9317479133605957,0.1368493139743805,0.17478173971176147,0.3090997338294983,0.8662518262863159,0.36989277601242065,-7.909244060516357,7.823979377746582,0.020627735182642937,0.09515842795372009,454873,7.882130506914109,7.419907225994393,16.168726986506954,0.9514698836653416,0.048530116334658424,126850,0.603561141267961,0.396438858732039,21410,0.17613957822322845,0.0008797261398285627,29.374313249718398,0.079688660800457,0.920311339199543,0.3331657350063324,0.43463483452796936,0.07526745647192001,0.5188080072402954,0.4811919927597046,0.5748648047447205,0.606184184551239,0.4530125856399536,0.5188080072402954,0.4811919927597046,0.5188080072402954,0.4811919927597046,0.5006990200241945,0.49930097997580547,0.9253022074699402,0.9716935897556503,0.028306410244349656,0.02022370609030877,0.4015687950629844,0.5984312049370156,0.0,0.0,0.0,0.04711205139756203,0.01946697197854519,1.0,0.0,0.07612014561891556,0.007336113601922989,361528
b2_cityscapes_val,2026-07-07 05:27:28,cityscapes,val,all,student_skd,/scratch/gautschi/manors/hf_cache/hub/models--nvidia--mit-b2/snapshots/3bb39e8739149c3777d0325349b2a6c32c6413db,runs/mit-b2_skd_j9196921/student_skd.ckpt,skd,img_000038,/home/manors/Guardrail-Distillation/data/cityscapes/leftImg8bit/val/frankfurt/frankfurt_000000_016286_leftImg8bit.png,,0.5662739733775268,0.43372602662247317,0.9397814869880676,0.9493638277053833,0.12059677392244339,0.1311255246400833,0.2744908332824707,0.8930164575576782,0.3170119524002075,-8.352974891662598,8.289958953857422,0.013046960346400738,0.07126618921756744,419638,7.882130506914109,7.419907225994393,16.168726986506954,0.777265538974285,0.22273446102571504,94976,0.4965430983325513,0.5034569016674487,46750,0.13263843953609467,0.00091066665481776,29.374313249718398,0.05640869215130806,0.9435913078486919,0.23324668407440186,0.3578202426433563,0.04164959862828255,0.5104109048843384,0.4895890951156616,0.5430434346199036,0.5708451271057129,0.4535689055919647,0.5104109048843384,0.4895890951156616,0.5104109048843384,0.4895890951156616,0.5919651007289692,0.40803489927103076,0.9411540627479553,0.7624131444488779,0.23758685555112213,0.0,0.5996256301329299,0.4003743698670701,0.10308253180037863,0.02569112735144241,0.02569112735144241,0.020246023312211037,0.018873410299420357,0.9743088726485576,0.02569112735144241,0.044628944247961044,0.0011986522004008293,356786
b2_cityscapes_val,2026-07-07 05:27:28,cityscapes,val,all,student_skd,/scratch/gautschi/manors/hf_cache/hub/models--nvidia--mit-b2/snapshots/3bb39e8739149c3777d0325349b2a6c32c6413db,runs/mit-b2_skd_j9196921/student_skd.ckpt,skd,img_000039,/home/manors/Guardrail-Distillation/data/cityscapes/leftImg8bit/val/frankfurt/frankfurt_000000_017228_leftImg8bit.png,,0.5918339199675924,0.4081660800324076,0.9619778394699097,0.9727136492729187,0.09020411223173141,0.07130202651023865,0.20427648723125458,0.9373354315757751,0.19557668268680573,-8.372343063354492,8.338727951049805,0.006058896891772747,0.0377969890832901,421859,7.882130506914109,7.419907225994393,16.168726986506954,0.4996266011249232,0.5003733988750768,105785,0.5539804544166568,0.4460195455833432,7175,0.072103351354599,0.00047963394899852574,29.374313249718398,0.0298253633081913,0.9701746366918087,0.08539567142724991,0.23572495579719543,0.014726032502949238,0.5036814212799072,0.4963185787200928,0.5148809552192688,0.5354724526405334,0.42340707778930664,0.5036814212799072,0.4963185787200928,0.5036814212799072,0.4963185787200928,0.6090003574270959,0.3909996425729041,0.9666382074356079,0.49704116840761925,0.5029588315923808,0.0,0.7330762143440106,0.2669237856559894,0.17909575992735383,0.017166437459503525,0.017166437459503525,0.01270566787570715,0.00804534275084734,0.9828335625404965,0.017166437459503525,0.02543266862630844,0.001436498947441578,388015
b2_cityscapes_val,2026-07-07 05:27:28,cityscapes,val,all,student_skd,/scratch/gautschi/manors/hf_cache/hub/models--nvidia--mit-b2/snapshots/3bb39e8739149c3777d0325349b2a6c32c6413db,runs/mit-b2_skd_j9196921/student_skd.ckpt,skd,img_000040,/home/manors/Guardrail-Distillation/data/cityscapes/leftImg8bit/val/frankfurt/frankfurt_000000_017476_leftImg8bit.png,,0.48272987126115446,0.5172701287388455,0.944145679473877,0.9658111333847046,0.10499484091997147,0.09192831069231033,0.25185081362724304,0.9256747961044312,0.2298317849636078,-8.149470329284668,8.106155395507812,0.013065513223409653,0.047829680144786835,440396,7.961535768117756,7.422921509714797,16.276836744509637,1.0,0.0,126850,0.4300737382568773,0.5699262617431227,33085,0.09295158833265305,0.000685783801600337,29.357008257647976,0.03663906827569008,0.9633609317243099,0.12836489081382751,0.2828332483768463,0.02488175593316555,0.5062201023101807,0.49377989768981934,0.5223473310470581,0.5533143877983093,0.4323343336582184,0.5062201023101807,0.49377989768981934,0.5062201023101807,0.49377989768981934,0.5225674717498388,0.47743252825016125,0.9458827376365662,1.0,0.0,0.0,0.5283641318198122,0.47163586818018777,0.0982903935629349,0.03983760048868423,0.03983760048868423,0.01430530659854412,0.012568233534693718,0.9601623995113158,0.03983760048868423,0.035595234483480453,0.0013805755879729986,397452
b2_cityscapes_val,2026-07-07 05:27:28,cityscapes,val,all,student_skd,/scratch/gautschi/manors/hf_cache/hub/models--nvidia--mit-b2/snapshots/3bb39e8739149c3777d0325349b2a6c32c6413db,runs/mit-b2_skd_j9196921/student_skd.ckpt,skd,img_000041,/home/manors/Guardrail-Distillation/data/cityscapes/leftImg8bit/val/frankfurt/frankfurt_000000_018797_leftImg8bit.png,,0.539478292484056,0.460521707515944,0.9514866471290588,0.9704431295394897,0.09193447977304459,0.0753820389509201,0.20101098716259003,0.9341276288032532,0.196414977312088,-8.249368667602539,8.213220596313477,0.005521691869944334,0.039026521146297455,467067,7.961535768117756,7.422921509714797,16.276836744509637,1.0,0.0,126850,0.5518234958340783,0.4481765041659217,38573,0.07598423212766647,0.00041260235593654215,29.357008257647976,0.036029424518346786,0.9639705754816532,0.12794427573680878,0.2739698886871338,0.028531257063150406,0.507132351398468,0.492867648601532,0.5248658657073975,0.5510561466217041,0.42663705348968506,0.507132351398468,0.492867648601532,0.507132351398468,0.492867648601532,0.6972477040547744,0.30275229594522557,0.9657565951347351,1.0,0.0,0.0,0.8613550825209022,0.1386449174790978,0.3095315866868239,0.15776941157071844,0.15776941157071844,0.022065358236432076,0.007795455865561962,0.8422305884292816,0.15776941157071844,0.03143232315778732,0.0021388796158134937,425523
b2_cityscapes_val,2026-07-07 05:27:28,cityscapes,val,all,student_skd,/scratch/gautschi/manors/hf_cache/hub/models--nvidia--mit-b2/snapshots/3bb39e8739149c3777d0325349b2a6c32c6413db,runs/mit-b2_skd_j9196921/student_skd.ckpt,skd,img_000042,/home/manors/Guardrail-Distillation/data/cityscapes/leftImg8bit/val/frankfurt/frankfurt_000000_019607_leftImg8bit.png,,0.6431797454381104,0.3568202545618896,0.9432600736618042,0.9623862504959106,0.10467469692230225,0.0979410782456398,0.2383699268102646,0.9182689785957336,0.24331413209438324,-8.207475662231445,8.160980224609375,0.009199527092278004,0.05118604749441147,456980,7.961535768117756,7.422921509714797,16.276836744509637,1.0,0.0,126850,0.5575732447507389,0.4424267552492611,24473,0.09885594993829727,0.0005951318889856339,29.357008257647976,0.042236968874931335,0.9577630311250687,0.16440726816654205,0.30741822719573975,0.029757436364889145,0.5074388384819031,0.4925611615180969,0.5305774211883545,0.5593024492263794,0.4350138008594513,0.5074388384819031,0.4925611615180969,0.5074388384819031,0.4925611615180969,0.610320701102028,0.38967929889797204,0.9543174505233765,1.0,0.0,0.0,0.6359486956501943,0.3640513043498057,0.07837545089945541,0.0,0.0,0.02058514580130577,0.009527768939733505,1.0,0.0,0.033312179148197174,0.0017484353156760335,405666
b2_cityscapes_val,2026-07-07 05:27:28,cityscapes,val,all,student_skd,/scratch/gautschi/manors/hf_cache/hub/models--nvidia--mit-b2/snapshots/3bb39e8739149c3777d0325349b2a6c32c6413db,runs/mit-b2_skd_j9196921/student_skd.ckpt,skd,img_000043,/home/manors/Guardrail-Distillation/data/cityscapes/leftImg8bit/val/frankfurt/frankfurt_000000_020215_leftImg8bit.png,,0.569251181614085,0.43074881838591506,0.9564756155014038,0.9668914079666138,0.09914428740739822,0.08598487824201584,0.22492849826812744,0.9278353452682495,0.21541981399059296,-8.361686706542969,8.320697784423828,0.00869529228657484,0.04505068436264992,458639,7.961535768117756,7.422921509714797,16.276836744509637,0.9307421800833777,0.06925781991662228,126850,0.7026647777159977,0.29733522228400233,87557,0.08680371940135956,0.0005206437781453133,29.357008257647976,0.037795525044202805,0.9622044749557972,0.13339237868785858,0.2948669195175171,0.02532278187572956,0.5063303709030151,0.49366962909698486,0.5233371257781982,0.5515494346618652,0.42686793208122253,0.5063303709030151,0.49366962909698486,0.5063303709030151,0.49366962909698486,0.6282936540152609,0.37170634598473906,0.9644906520843506,0.927043632535473,0.07295636746452705,0.0,0.7120336513575815,0.28796634864241855,0.009368873641583786,0.059042472401175994,0.059042472401175994,0.01680624671280384,0.008791228756308556,0.940957527598824,0.059042472401175994,0.028955236077308655,0.0006998968892730772,413960
b2_cityscapes_val,2026-07-07 05:27:28,cityscapes,val,all,student_skd,/scratch/gautschi/manors/hf_cache/hub/models--nvidia--mit-b2/snapshots/3bb39e8739149c3777d0325349b2a6c32c6413db,runs/mit-b2_skd_j9196921/student_skd.ckpt,skd,img_000044,/home/manors/Guardrail-Distillation/data/cityscapes/leftImg8bit/val/frankfurt/frankfurt_000000_020321_leftImg8bit.png,,0.6736676107019962,0.3263323892980038,0.9421438574790955,0.9591066837310791,0.10760049521923065,0.10711778700351715,0.24256056547164917,0.9087415933609009,0.272411972284317,-8.147284507751465,8.096874237060547,0.009932511486113071,0.054199524223804474,458897,7.973438740009442,7.420133508276194,16.29841825342737,0.9904456890881179,0.00955431091188208,126850,0.8266896461512543,0.1733103538487457,23081,0.10814941674470901,0.0006020382861606777,29.282053728820756,0.04392501711845398,0.956074982881546,0.16823984682559967,0.3037129342556,0.02813134342432022,0.5070323348045349,0.4929676651954651,0.5300446152687073,0.552788257598877,0.43238842487335205,0.5070323348045349,0.4929676651954651,0.5070323348045349,0.4929676651954651,0.6509120954246718,0.34908790457532823,0.9553886651992798,0.9939196573597573,0.0060803426402427085,0.0034739682716393716,0.8183494484153485,0.1816505515846515,0.0,0.0,0.0,0.023242687806487083,0.009997885674238205,1.0,0.0,0.03672065585851669,0.001063419389538467,402979
b2_cityscapes_val,2026-07-07 05:27:28,cityscapes,val,all,student_skd,/scratch/gautschi/manors/hf_cache/hub/models--nvidia--mit-b2/snapshots/3bb39e8739149c3777d0325349b2a6c32c6413db,runs/mit-b2_skd_j9196921/student_skd.ckpt,skd,img_000045,/home/manors/Guardrail-Distillation/data/cityscapes/leftImg8bit/val/frankfurt/frankfurt_000000_020880_leftImg8bit.png,,0.6570612285753894,0.3429387714246106,0.9548479318618774,0.9673601984977722,0.09573233127593994,0.08509223163127899,0.21303726732730865,0.924496591091156,0.23026740550994873,-8.017361640930176,7.97749662399292,0.006207563448697329,0.04276200756430626,460245,7.973438740009442,7.420133508276194,16.29841825342737,0.49149141455461376,0.5085085854453862,126850,0.6263238812280635,0.3736761187719365,47319,0.08593197911977768,0.0005367033299989998,29.282053728820756,0.03934328258037567,0.9606567174196243,0.13430102169513702,0.2823818624019623,0.02849467843770981,0.5071232318878174,0.4928767681121826,0.5267263054847717,0.5543368458747864,0.4271945357322693,0.5071232318878174,0.4928767681121826,0.5071232318878174,0.4928767681121826,0.6789380963069996,0.32106190369300036,0.9606448411941528,0.652640378272641,0.347359621727359,0.16114896371802723,0.6358779184843281,0.36412208151567194,0.00955403725626458,0.02187686773161024,0.02187686773161024,0.01512238010764122,0.009325467981398106,0.9781231322683898,0.02187686773161024,0.02766352705657482,0.00116894266102463,415219
b2_cityscapes_val,2026-07-07 05:27:28,cityscapes,val,all,student_skd,/scratch/gautschi/manors/hf_cache/hub/models--nvidia--mit-b2/snapshots/3bb39e8739149c3777d0325349b2a6c32c6413db,runs/mit-b2_skd_j9196921/student_skd.ckpt,skd,img_000046,/home/manors/Guardrail-Distillation/data/cityscapes/leftImg8bit/val/frankfurt/frankfurt_000000_021667_leftImg8bit.png,,0.4814132883841073,0.5185867116158926,0.9616722464561462,0.9726632833480835,0.08665820956230164,0.07192930579185486,0.19307425618171692,0.9344424605369568,0.20365102589130402,-7.946887493133545,7.913808822631836,0.004193715751171112,0.034839436411857605,462120,7.973438740009442,7.420133508276194,16.29841825342737,0.9481580156963195,0.05184198430368048,126850,0.37855275077552547,0.6214472492244745,6552,0.0726652592420578,0.00045477721141651273,29.282053728820756,0.033375706523656845,0.9666242934763432,0.09558096528053284,0.2501106262207031,0.020020321011543274,0.5050048828125,0.4949951171875,0.5207235217094421,0.5505551695823669,0.4481286406517029,0.5050048828125,0.4949951171875,0.5050048828125,0.4949951171875,0.5978691907137306,0.40213080928626943,0.9772613048553467,0.9597493096405559,0.040250690359444063,0.011591293944236414,0.6477145970502104,0.3522854029497896,0.26916184627468487,0.11645590232962322,0.11645590232962322,0.021613433957099915,0.006024409085512161,0.8835440976703768,0.11645590232962322,0.029996536672115326,0.004449060652405024,423867
b2_cityscapes_val,2026-07-07 05:27:28,cityscapes,val,all,student_skd,/scratch/gautschi/manors/hf_cache/hub/models--nvidia--mit-b2/snapshots/3bb39e8739149c3777d0325349b2a6c32c6413db,runs/mit-b2_skd_j9196921/student_skd.ckpt,skd,img_000047,/home/manors/Guardrail-Distillation/data/cityscapes/leftImg8bit/val/frankfurt/frankfurt_000000_021879_leftImg8bit.png,,0.4295080894790181,0.5704919105209819,0.9577690958976746,0.9708136320114136,0.09161844849586487,0.07975760847330093,0.21598489582538605,0.9304622411727905,0.21494358777999878,-8.575732231140137,8.539899826049805,0.007137103006243706,0.03700857609510422,458029,7.973438740009442,7.420133508276194,16.29841825342737,1.0,0.0,126850,0.35575522754014893,0.644244772459851,20406,0.08060261607170105,0.0005384006653912365,29.282053728820756,0.034704986959695816,0.9652950130403042,0.1082034483551979,0.27408215403556824,0.0247858427464962,0.506196141242981,0.49380385875701904,0.5205419063568115,0.5504494309425354,0.43535706400871277,0.506196141242981,0.49380385875701904,0.506196141242981,0.49380385875701904,0.45122405331146637,0.5487759466885336,0.9603672027587891,1.0,0.0,0.0,0.34648560841777315,0.6535143915822268,0.0,0.021715963832448337,0.021715963832448337,0.010571383871138096,0.007973294705152512,0.9782840361675517,0.021715963832448337,0.021461524069309235,0.0005829325527884066,418086
b2_cityscapes_val,2026-07-07 05:27:29,cityscapes,val,all,student_skd,/scratch/gautschi/manors/hf_cache/hub/models--nvidia--mit-b2/snapshots/3bb39e8739149c3777d0325349b2a6c32c6413db,runs/mit-b2_skd_j9196921/student_skd.ckpt,skd,img_000048,/home/manors/Guardrail-Distillation/data/cityscapes/leftImg8bit/val/frankfurt/frankfurt_000000_022254_leftImg8bit.png,,0.7263692516404003,0.27363074835959966,0.9505137205123901,0.9620167016983032,0.10361084342002869,0.10257741063833237,0.24010077118873596,0.9105603098869324,0.2798949182033539,-7.9652557373046875,7.918575286865234,0.009136871434748173,0.05021069571375847,451358,7.953574764542282,7.418336259434,16.287199017824605,0.4999604283238229,0.5000395716761771,126353,0.7051410985463187,0.2948589014536813,35181,0.10364949703216553,0.0006575825973413885,29.276685760123655,0.04694676771759987,0.9530532322824001,0.16897504031658173,0.3118341267108917,0.03609040379524231,0.5090216398239136,0.4909783601760864,0.534203290939331,0.5641410946846008,0.4355090856552124,0.5090216398239136,0.4909783601760864,0.5090216398239136,0.4909783601760864,0.8036359643152721,0.19636403568472793,0.9611771106719971,0.49995647115620523,0.5000435288437948,0.0,0.8372414070295926,0.1627585929704074,0.13210030848327392,0.07726671267487173,0.07726671267487173,0.02110741287469864,0.0104440376162529,0.9227332873251283,0.07726671267487173,0.03449368104338646,0.0023706236388534307,400736
b2_cityscapes_val,2026-07-07 05:27:29,cityscapes,val,all,student_skd,/scratch/gautschi/manors/hf_cache/hub/models--nvidia--mit-b2/snapshots/3bb39e8739149c3777d0325349b2a6c32c6413db,runs/mit-b2_skd_j9196921/student_skd.ckpt,skd,img_000049,/home/manors/Guardrail-Distillation/data/cityscapes/leftImg8bit/val/frankfurt/frankfurt_000000_022797_leftImg8bit.png,,0.7248904037982263,0.27510959620177367,0.9453381896018982,0.9629018902778625,0.1028943657875061,0.09875917434692383,0.2371293306350708,0.915385901927948,0.25594425201416016,-7.927774906158447,7.881985664367676,0.009229651652276516,0.048201918601989746,465023,7.953574764542282,7.418336259434,16.287199017824605,0.44742629701367637,0.5525737029863236,126850,0.5907834895964882,0.4092165104035118,31574,0.09976183623075485,0.0006255013286136091,29.276685760123655,0.04620430991053581,0.9537956900894642,0.18020914494991302,0.3132021129131317,0.04022590070962906,0.5100551247596741,0.4899448752403259,0.5367734432220459,0.5680824518203735,0.4160709083080292,0.5100551247596741,0.4899448752403259,0.5100551247596741,0.4899448752403259,0.7549463127263867,0.24505368727361332,0.9492949843406677,0.5883766495699692,0.41162335043003084,0.14095035255629274,0.6177845400618917,0.38221545993810835,0.027001050465403464,0.030055908928160346,0.030055908928160346,0.013521912507712841,0.009565118700265884,0.9699440910718397,0.030055908928160346,0.025327779352664948,0.0006300763925537467,413950
b2_cityscapes_val,2026-07-07 05:27:29,cityscapes,val,all,student_skd,/scratch/gautschi/manors/hf_cache/hub/models--nvidia--mit-b2/snapshots/3bb39e8739149c3777d0325349b2a6c32c6413db,runs/mit-b2_skd_j9196921/student_skd.ckpt,skd,img_000050,/home/manors/Guardrail-Distillation/data/cityscapes/leftImg8bit/val/frankfurt/frankfurt_000001_000538_leftImg8bit.png,,0.5718922664744319,0.4281077335255681,0.9268715381622314,0.9478475451469421,0.12038058042526245,0.1354922652244568,0.27429530024528503,0.88969886302948,0.3223971128463745,-7.777507305145264,7.712985992431641,0.012626506388187408,0.07125432789325714,465291,7.953574764542282,7.418336259434,16.287199017824605,0.9115850738435789,0.0884149261564211,126850,0.7780715437699026,0.22192845623009738,21067,0.13657160103321075,0.0007422384223900735,29.276685760123655,0.057905521243810654,0.9420944787561893,0.24673102796077728,0.3666127920150757,0.04224461317062378,0.5105595588684082,0.4894404411315918,0.5452563762664795,0.5705406665802002,0.43802082538604736,0.5105595588684082,0.4894404411315918,0.5105595588684082,0.4894404411315918,0.6454542305685224,0.35454576943147764,0.938077449798584,0.6100665315040638,0.38993346849593624,0.0,0.872342533237698,0.12765746676230205,0.09427098946779533,0.07356196409409044,0.07356196409409044,0.029368717223405838,0.01816282607614994,0.9264380359059096,0.07356196409409044,0.05252411961555481,0.0035655105020850897,392507
b2_cityscapes_val,2026-07-07 05:27:29,cityscapes,val,all,student_skd,/scratch/gautschi/manors/hf_cache/hub/models--nvidia--mit-b2/snapshots/3bb39e8739149c3777d0325349b2a6c32c6413db,runs/mit-b2_skd_j9196921/student_skd.ckpt,skd,img_000051,/home/manors/Guardrail-Distillation/data/cityscapes/leftImg8bit/val/frankfurt/frankfurt_000001_001464_leftImg8bit.png,,0.5402203107258551,0.4597796892741449,0.9399417042732239,0.9564632177352905,0.11565393954515457,0.10631275177001953,0.25625112652778625,0.9151843190193176,0.24547474086284637,-7.893385887145996,7.838766574859619,0.010437365621328354,0.06641799956560135,454425,7.953574764542282,7.418336259434,16.287199017824605,1.0,0.0,126850,0.5128506759515697,0.48714932404843025,66578,0.10723249614238739,0.0007001443882472813,29.276685760123655,0.050860073417425156,0.9491399265825748,0.224058598279953,0.35807865858078003,0.04155683517456055,0.5103877186775208,0.48961228132247925,0.5466277599334717,0.5802459120750427,0.43899229168891907,0.5103877186775208,0.48961228132247925,0.5103877186775208,0.48961228132247925,0.5467425023791941,0.4532574976208059,0.9494966268539429,1.0,0.0,0.0,0.6285401703541945,0.3714598296458055,0.11568949440262477,0.0065221916533390045,0.0065221916533390045,0.027610717341303825,0.018055785447359085,0.993477808346661,0.0065221916533390045,0.04958353936672211,0.0015602133935317397,396682
b2_cityscapes_val,2026-07-07 05:27:29,cityscapes,val,all,student_skd,/scratch/gautschi/manors/hf_cache/hub/models--nvidia--mit-b2/snapshots/3bb39e8739149c3777d0325349b2a6c32c6413db,runs/mit-b2_skd_j9196921/student_skd.ckpt,skd,img_000052,/home/manors/Guardrail-Distillation/data/cityscapes/leftImg8bit/val/frankfurt/frankfurt_000001_002512_leftImg8bit.png,,0.48372894232136193,0.516271057678638,0.9125826358795166,0.9420785307884216,0.12488217651844025,0.15137962996959686,0.281828373670578,0.8760776519775391,0.3542487621307373,-7.805295944213867,7.733689785003662,0.013771750032901764,0.07814518362283707,421152,7.941222254885361,7.402805000310764,16.208908520638943,0.890153329183936,0.10984667081606403,125846,0.5595238820984135,0.4404761179015865,10366,0.15264290571212769,0.0008168756612576544,29.236177244456485,0.07228856533765793,0.9277114346623421,0.2754105031490326,0.36587774753570557,0.06487070769071579,0.516211986541748,0.48378801345825195,0.562858521938324,0.5862551331520081,0.4890848994255066,0.516211986541748,0.48378801345825195,0.516211986541748,0.48378801345825195,0.5236553664707185,0.47634463352928147,0.9257227778434753,0.8755149847318779,0.12448501526812206,0.0,0.6728316899549756,0.32716831004502445,0.11330780785656203,0.03992642414935654,0.03992642414935654,0.030416572466492653,0.017276423051953316,0.9600735758506435,0.03992642414935654,0.05406124144792557,0.0014246638165786862,348812
b2_cityscapes_val,2026-07-07 05:27:29,cityscapes,val,all,student_skd,/scratch/gautschi/manors/hf_cache/hub/models--nvidia--mit-b2/snapshots/3bb39e8739149c3777d0325349b2a6c32c6413db,runs/mit-b2_skd_j9196921/student_skd.ckpt,skd,img_000053,/home/manors/Guardrail-Distillation/data/cityscapes/leftImg8bit/val/frankfurt/frankfurt_000001_002646_leftImg8bit.png,,0.5348043171518183,0.4651956828481817,0.911209225654602,0.9414860606193542,0.12577715516090393,0.14823618531227112,0.2782750725746155,0.8793003559112549,0.34627118706703186,-7.414106369018555,7.341910362243652,0.012254779227077961,0.08093757182359695,456883,7.941222254885361,7.402805000310764,16.208908520638943,0.39442567934297657,0.6055743206570234,126850,0.4620820010765441,0.5379179989234559,37859,0.14945659041404724,0.0008651393582113087,29.236177244456485,0.08126998692750931,0.9187300130724907,0.34645187854766846,0.42574769258499146,0.08642204850912094,0.5215920805931091,0.47840791940689087,0.5916382670402527,0.6339504718780518,0.4759948253631592,0.5215920805931091,0.47840791940689087,0.5215920805931091,0.47840791940689087,0.6403898046326992,0.35961019536730077,0.9561113119125366,0.9686163475666101,0.03138365243338992,0.5741906682236335,0.6798099852488078,0.32019001475119224,0.2177279841722637,0.10558548748088092,0.10558548748088092,0.05827312543988228,0.013371038250625134,0.8944145125191191,0.10558548748088092,0.07644408196210861,0.006623140070587397,375588
b2_cityscapes_val,2026-07-07 05:27:29,cityscapes,val,all,student_skd,/scratch/gautschi/manors/hf_cache/hub/models--nvidia--mit-b2/snapshots/3bb39e8739149c3777d0325349b2a6c32c6413db,runs/mit-b2_skd_j9196921/student_skd.ckpt,skd,img_000054,/home/manors/Guardrail-Distillation/data/cityscapes/leftImg8bit/val/frankfurt/frankfurt_000001_002759_leftImg8bit.png,,0.582684583182435,0.417315416817565,0.8815593719482422,0.9280439019203186,0.13484416902065277,0.17432570457458496,0.2849650979042053,0.8629043102264404,0.3612233102321625,-7.492321014404297,7.403809547424316,0.011535152792930603,0.10037320852279663,460332,7.941222254885361,7.402805000310764,16.208908520638943,0.45552158511661955,0.5444784148833804,126850,0.6842435772200449,0.3157564227799551,25629,0.17540325224399567,0.0007022878853604198,29.236177244456485,0.08052511513233185,0.9194748848676682,0.3023219108581543,0.3725273609161377,0.07592137902975082,0.5189712643623352,0.4810287356376648,0.5787428617477417,0.6033537983894348,0.4590573310852051,0.5189712643623352,0.4810287356376648,0.5189712643623352,0.4810287356376648,0.5249598780046525,0.4750401219953475,0.815839409828186,0.32871929650383186,0.6712807034961681,0.0,0.6566527547675616,0.3433472452324384,0.0,0.0,0.0,0.029995741322636604,0.09571570158004761,1.0,0.0,0.13506990671157837,0.0025525055825710297,358856
b2_cityscapes_val,2026-07-07 05:27:29,cityscapes,val,all,student_skd,/scratch/gautschi/manors/hf_cache/hub/models--nvidia--mit-b2/snapshots/3bb39e8739149c3777d0325349b2a6c32c6413db,runs/mit-b2_skd_j9196921/student_skd.ckpt,skd,img_000055,/home/manors/Guardrail-Distillation/data/cityscapes/leftImg8bit/val/frankfurt/frankfurt_000001_003056_leftImg8bit.png,,0.6215472494192137,0.3784527505807863,0.9348993301391602,0.955209493637085,0.11201946437358856,0.11417695879936218,0.2457396388053894,0.9041292667388916,0.27751362323760986,-8.053915023803711,7.998756408691406,0.009763595648109913,0.06125260517001152,463866,7.941222254885361,7.402805000310764,16.208908520638943,0.5056272073662966,0.4943727926337034,126850,0.49276151431682785,0.5072384856831722,19439,0.11546642333269119,0.0006953923148103058,29.236177244456485,0.060215942561626434,0.9397840574383736,0.25882625579833984,0.3762112855911255,0.051396410912275314,0.5128462910652161,0.48715370893478394,0.5558487176895142,0.5863285064697266,0.46700796484947205,0.5128462910652161,0.48715370893478394,0.5128462910652161,0.48715370893478394,0.7255470958389638,0.2744529041610362,0.9438545107841492,0.506767137126474,0.49323286287352597,0.001139929760177405,0.9477198194451613,0.05228018055483874,0.45495830512833346,0.10399984641975013,0.10399984641975013,0.026986243203282356,0.01803107000887394,0.8960001535802499,0.10399984641975013,0.04914134740829468,0.008207111619412899,402084
b2_cityscapes_val,2026-07-07 05:27:29,cityscapes,val,all,student_skd,/scratch/gautschi/manors/hf_cache/hub/models--nvidia--mit-b2/snapshots/3bb39e8739149c3777d0325349b2a6c32c6413db,runs/mit-b2_skd_j9196921/student_skd.ckpt,skd,img_000056,/home/manors/Guardrail-Distillation/data/cityscapes/leftImg8bit/val/frankfurt/frankfurt_000001_003588_leftImg8bit.png,,0.5094507062646045,0.49054929373539546,0.9532720446586609,0.9639895558357239,0.1017979234457016,0.09507722407579422,0.2346133142709732,0.9206389784812927,0.23794282972812653,-8.211387634277344,8.167069435119629,0.008526315912604332,0.04906310886144638,407679,7.915827271062881,7.410302991047502,16.190604743314907,0.9407221023146741,0.059277897685325875,126850,0.675546472296912,0.324453527703088,22756,0.09612616896629333,0.000610253366176039,29.231610475108027,0.04192638769745827,0.9580736123025417,0.16094546020030975,0.3088626563549042,0.028010480105876923,0.5070021152496338,0.4929978847503662,0.5295469164848328,0.5578364729881287,0.463602751493454,0.5070021152496338,0.4929978847503662,0.5070021152496338,0.4929978847503662,0.5177687896279272,0.48223121037207284,0.9564117789268494,0.9335150323682433,0.06648496763175671,0.0,0.6841232729145919,0.31587672708540815,0.008576800617679847,0.008318083363322626,0.008318083363322626,0.01453594584017992,0.01139622088521719,0.9916819166366774,0.008318083363322626,0.03183141350746155,0.0006868148338980973,363450
b2_cityscapes_val,2026-07-07 05:27:29,cityscapes,val,all,student_skd,/scratch/gautschi/manors/hf_cache/hub/models--nvidia--mit-b2/snapshots/3bb39e8739149c3777d0325349b2a6c32c6413db,runs/mit-b2_skd_j9196921/student_skd.ckpt,skd,img_000057,/home/manors/Guardrail-Distillation/data/cityscapes/leftImg8bit/val/frankfurt/frankfurt_000001_004327_leftImg8bit.png,,0.7000824907391553,0.2999175092608447,0.9618979096412659,0.9738031029701233,0.08361377567052841,0.06751653552055359,0.1783154308795929,0.9364808201789856,0.19633260369300842,-8.645816802978516,8.614312171936035,0.0031150884460657835,0.0325210876762867,459056,7.915827271062881,7.410302991047502,16.190604743314907,0.8832561027685861,0.11674389723141387,126850,0.49325606174796643,0.5067439382520336,38479,0.06833000481128693,0.0004780988674610853,29.231610475108027,0.03420066833496094,0.9657993316650391,0.11570756882429123,0.2399156093597412,0.02186802588403225,0.5054667592048645,0.4945332407951355,0.5227997303009033,0.5417924523353577,0.44747409224510193,0.5054667592048645,0.4945332407951355,0.5054667592048645,0.4945332407951355,0.7451660514472095,0.2548339485527905,0.9689754843711853,0.8837353051496686,0.11626469485033142,0.0004792023810824553,0.985940383066088,0.014059616933912,0.49268432131812157,0.04508356070805419,0.04508356070805419,0.014213952235877514,0.00713638449087739,0.9549164392919458,0.04508356070805419,0.02254626899957657,0.0017797392792999744,422522
b2_cityscapes_val,2026-07-07 05:27:29,cityscapes,val,all,student_skd,/scratch/gautschi/manors/hf_cache/hub/models--nvidia--mit-b2/snapshots/3bb39e8739149c3777d0325349b2a6c32c6413db,runs/mit-b2_skd_j9196921/student_skd.ckpt,skd,img_000058,/home/manors/Guardrail-Distillation/data/cityscapes/leftImg8bit/val/frankfurt/frankfurt_000001_004736_leftImg8bit.png,,0.5879044557210149,0.4120955442789851,0.9403736591339111,0.9593295454978943,0.1114482581615448,0.10890007764101028,0.2645440995693207,0.910573422908783,0.27171218395233154,-7.986475944519043,7.935359477996826,0.013522738590836525,0.05548539757728577,448208,7.915827271062881,7.410302991047502,16.190604743314907,1.0,0.0,126850,0.25555748417398405,0.744442515826016,6958,0.11009301245212555,0.0007374624838121235,29.231610475108027,0.04634235054254532,0.9536576494574547,0.17443189024925232,0.32710161805152893,0.03640644624829292,0.509100615978241,0.49089938402175903,0.5338529348373413,0.5597605109214783,0.44627881050109863,0.509100615978241,0.49089938402175903,0.509100615978241,0.49089938402175903,0.5918893350202525,0.40811066497974746,0.9452084302902222,1.0,0.0,0.0,0.39667977811145555,0.6033202218885445,0.14112229393747144,0.003984879299237631,0.003984879299237631,0.0175454244017601,0.012710615992546082,0.9960151207007624,0.003984879299237631,0.038491055369377136,0.0015283082611858845,395305
b2_cityscapes_val,2026-07-07 05:27:29,cityscapes,val,all,student_skd,/scratch/gautschi/manors/hf_cache/hub/models--nvidia--mit-b2/snapshots/3bb39e8739149c3777d0325349b2a6c32c6413db,runs/mit-b2_skd_j9196921/student_skd.ckpt,skd,img_000059,/home/manors/Guardrail-Distillation/data/cityscapes/leftImg8bit/val/frankfurt/frankfurt_000001_004859_leftImg8bit.png,,0.4621230597515187,0.5378769402484813,0.9199890494346619,0.967610776424408,0.09980394691228867,0.08565066009759903,0.23479455709457397,0.9279763698577881,0.22026924788951874,-8.315808296203613,8.275336265563965,0.009223341010510921,0.04501313716173172,420455,7.915827271062881,7.410302991047502,16.190604743314907,0.6956762955455291,0.3043237044544709,125367,0.25968607654491355,0.7403139234550864,3564,0.08657718449831009,0.0005876314826309681,29.231610475108027,0.03584250807762146,0.9641574919223785,0.10768737643957138,0.28323015570640564,0.023489531129598618,0.5058721303939819,0.49412786960601807,0.5197250247001648,0.5463755130767822,0.4403443932533264,0.5058721303939819,0.49412786960601807,0.5058721303939819,0.49412786960601807,0.4671206750383186,0.5328793249616814,0.9275070428848267,0.7276053704967335,0.27239462950326654,0.03192907495120434,0.2987394032244163,0.7012605967755837,0.039053326679502676,0.0049976152867998724,0.0049976152867998724,0.015438036993145943,0.00791999138891697,0.9950023847132001,0.0049976152867998724,0.029820075258612633,0.0013865930959582329,381224
b2_cityscapes_val,2026-07-07 05:27:29,cityscapes,val,all,student_skd,/scratch/gautschi/manors/hf_cache/hub/models--nvidia--mit-b2/snapshots/3bb39e8739149c3777d0325349b2a6c32c6413db,runs/mit-b2_skd_j9196921/student_skd.ckpt,skd,img_000060,/home/manors/Guardrail-Distillation/data/cityscapes/leftImg8bit/val/frankfurt/frankfurt_000001_005184_leftImg8bit.png,,0.6771132584049082,0.3228867415950918,0.9512403011322021,0.9617668986320496,0.10457999259233475,0.09716948866844177,0.23321017622947693,0.9181877374649048,0.24307987093925476,-8.036520957946777,7.989492416381836,0.007866249419748783,0.05193048715591431,453202,7.955117500387132,7.418990251608193,16.208437766181305,0.9077519442935958,0.09224805570640415,123379,0.44224085298954036,0.5577591470104597,10692,0.09805914759635925,0.0006821905844844878,29.276428249431774,0.041226353496313095,0.9587736465036869,0.1645732820034027,0.2859121859073639,0.029008464887738228,0.5072516202926636,0.4927483797073364,0.5314530730247498,0.5594192743301392,0.44838833808898926,0.5072516202926636,0.4927483797073364,0.5072516202926636,0.4927483797073364,0.626879353501013,0.373120646498987,0.9445942640304565,0.9375962751008466,0.06240372489915336,0.029844330807250796,0.34283639828163803,0.657163601718362,0.0,0.0,0.0,0.01508598867803812,0.021732032299041748,1.0,0.0,0.04033742472529411,0.0010811956599354744,400245
b2_cityscapes_val,2026-07-07 05:27:30,cityscapes,val,all,student_skd,/scratch/gautschi/manors/hf_cache/hub/models--nvidia--mit-b2/snapshots/3bb39e8739149c3777d0325349b2a6c32c6413db,runs/mit-b2_skd_j9196921/student_skd.ckpt,skd,img_000061,/home/manors/Guardrail-Distillation/data/cityscapes/leftImg8bit/val/frankfurt/frankfurt_000001_005410_leftImg8bit.png,,0.6894630965851996,0.31053690341480045,0.9346136450767517,0.9490942358970642,0.11823533475399017,0.13402695953845978,0.2673211395740509,0.8858026266098022,0.3453674614429474,-7.9496541023254395,7.886880874633789,0.012280328199267387,0.06879723072052002,460004,7.955117500387132,7.418990251608193,16.208437766181305,0.937272728260279,0.06272727173972104,126850,0.834369234895953,0.16563076510404695,51870,0.13553228974342346,0.0008579615387134254,29.276428249431774,0.057455286383628845,0.9425447136163712,0.23740844428539276,0.36270254850387573,0.03959079086780548,0.509896457195282,0.490103542804718,0.5385536551475525,0.5620264410972595,0.4290240705013275,0.509896457195282,0.490103542804718,0.509896457195282,0.490103542804718,0.7656398130325618,0.2343601869674382,0.9479200839996338,0.9412883211132637,0.05871167888673634,0.004015592852984695,0.8409581127201918,0.15904188727980817,0.006588877824238781,0.07617671644736224,0.07617671644736224,0.025921514257788658,0.01261510793119669,0.9238232835526378,0.07617671644736224,0.04380831867456436,0.0008086886373348534,390764
b2_cityscapes_val,2026-07-07 05:27:30,cityscapes,val,all,student_skd,/scratch/gautschi/manors/hf_cache/hub/models--nvidia--mit-b2/snapshots/3bb39e8739149c3777d0325349b2a6c32c6413db,runs/mit-b2_skd_j9196921/student_skd.ckpt,skd,img_000062,/home/manors/Guardrail-Distillation/data/cityscapes/leftImg8bit/val/frankfurt/frankfurt_000001_005703_leftImg8bit.png,,0.492057565454051,0.507942434545949,0.9296457171440125,0.9539659023284912,0.11405299603939056,0.12112787365913391,0.26179054379463196,0.8978782892227173,0.3091222643852234,-8.038518905639648,7.981604099273682,0.011415740475058556,0.06218741834163666,456475,7.955117500387132,7.418990251608193,16.208437766181305,0.7632925835966701,0.23670741640332993,126850,0.44094709723831305,0.559052902761687,41144,0.12233563512563705,0.0007257870165631175,29.276428249431774,0.050214339047670364,0.9497856609523296,0.20106858015060425,0.32549744844436646,0.037407856434583664,0.5093508958816528,0.49064910411834717,0.5370364189147949,0.5589689016342163,0.4372723698616028,0.5093508958816528,0.49064910411834717,0.5093508958816528,0.49064910411834717,0.5511366587870339,0.4488633412129661,0.9357380270957947,0.7251889824328265,0.2748110175671735,0.0,0.5305945208474814,0.4694054791525186,0.08964742360916833,0.05907909333298289,0.05907909333298289,0.022662797942757607,0.016570458188652992,0.9409209066670171,0.05907909333298289,0.043772388249635696,0.0035423627123236656,394090
b2_cityscapes_val,2026-07-07 05:27:30,cityscapes,val,all,student_skd,/scratch/gautschi/manors/hf_cache/hub/models--nvidia--mit-b2/snapshots/3bb39e8739149c3777d0325349b2a6c32c6413db,runs/mit-b2_skd_j9196921/student_skd.ckpt,skd,img_000063,/home/manors/Guardrail-Distillation/data/cityscapes/leftImg8bit/val/frankfurt/frankfurt_000001_005898_leftImg8bit.png,,0.6073949573246264,0.39260504267537355,0.9677673578262329,0.9739165902137756,0.08581313490867615,0.07031431049108505,0.1970929503440857,0.9361680150032043,0.19991540908813477,-8.217645645141602,8.18580436706543,0.005369469989091158,0.03241334855556488,442688,7.955117500387132,7.418990251608193,16.208437766181305,0.9254240901233044,0.0745759098766956,126850,0.6635766183360762,0.3364233816639238,49390,0.07106804847717285,0.0005071279592812061,29.276428249431774,0.03164883330464363,0.9683511666953564,0.09436827898025513,0.2325028032064438,0.01700870878994465,0.5042520761489868,0.4957479238510132,0.5188986659049988,0.540320873260498,0.43875768780708313,0.5042520761489868,0.4957479238510132,0.5042520761489868,0.4957479238510132,0.6293252845638376,0.37067471543616237,0.9703560471534729,0.9526576896163893,0.0473423103836107,0.027233599493084903,0.8268866429865573,0.17311335701344266,0.16331002465048117,0.021930327239211178,0.021930327239211178,0.012182394973933697,0.009593663737177849,0.9780696727607888,0.021930327239211178,0.023029763251543045,0.0015044455649331212,408644
b2_cityscapes_val,2026-07-07 05:27:30,cityscapes,val,all,student_skd,/scratch/gautschi/manors/hf_cache/hub/models--nvidia--mit-b2/snapshots/3bb39e8739149c3777d0325349b2a6c32c6413db,runs/mit-b2_skd_j9196921/student_skd.ckpt,skd,img_000064,/home/manors/Guardrail-Distillation/data/cityscapes/leftImg8bit/val/frankfurt/frankfurt_000001_007285_leftImg8bit.png,,0.720174896786074,0.27982510321392595,0.9524142742156982,0.9609702825546265,0.10504035651683807,0.10206445306539536,0.2395794540643692,0.9126197099685669,0.2664538323879242,-8.001914978027344,7.953948497772217,0.008975849486887455,0.051463138312101364,457784,7.986714248545468,7.409132260363549,16.273673507384956,0.7211210464744471,0.2788789535255529,124225,0.6323925150143568,0.3676074849856432,55388,0.1031784936785698,0.0007601410616189241,29.35706701828167,0.04530160501599312,0.9546983949840069,0.1777678281068802,0.31476670503616333,0.029525380581617355,0.5073807835578918,0.49261921644210815,0.5315170884132385,0.5588418245315552,0.4473509192466736,0.5073807835578918,0.49261921644210815,0.5073807835578918,0.49261921644210815,0.7375480388588002,0.26245196114119984,0.9594656229019165,0.7235485002259796,0.2764514997740204,0.0024274537515325267,0.6216873711263319,0.3783126288736681,0.0,0.01737314207272611,0.01737314207272611,0.01896309293806553,0.011911732144653797,0.9826268579272739,0.01737314207272611,0.034348078072071075,0.0007754749385640025,403323
b2_cityscapes_val,2026-07-07 05:27:30,cityscapes,val,all,student_skd,/scratch/gautschi/manors/hf_cache/hub/models--nvidia--mit-b2/snapshots/3bb39e8739149c3777d0325349b2a6c32c6413db,runs/mit-b2_skd_j9196921/student_skd.ckpt,skd,img_000065,/home/manors/Guardrail-Distillation/data/cityscapes/leftImg8bit/val/frankfurt/frankfurt_000001_007407_leftImg8bit.png,,0.6244396895585073,0.37556031044149274,0.9155969619750977,0.942145586013794,0.12200045585632324,0.14469753205776215,0.2650204300880432,0.8826767802238464,0.3237336277961731,-7.787968158721924,7.717365264892578,0.009193271398544312,0.0762038454413414,446631,7.986714248545468,7.409132260363549,16.273673507384956,0.8420042362206832,0.1579957637793168,126850,0.6220176639924888,0.3779823360075112,18347,0.1459375023841858,0.0008024050621315837,29.35706701828167,0.08119948208332062,0.9188005179166794,0.327581524848938,0.4149436950683594,0.09027665853500366,0.5225538611412048,0.47744613885879517,0.5832175612449646,0.6157674789428711,0.4361705482006073,0.5225538611412048,0.47744613885879517,0.5225538611412048,0.47744613885879517,0.6949012616125356,0.3050987383874644,0.9407474994659424,0.8859308588018319,0.11406914119816813,0.043926622581148655,0.7205084866351366,0.27949151336486344,0.09849082264264775,0.07046157205402837,0.07046157205402837,0.040583837777376175,0.015433321706950665,0.9295384279459716,0.07046157205402837,0.06189225614070892,0.006949808448553085,365490
b2_cityscapes_val,2026-07-07 05:27:30,cityscapes,val,all,student_skd,/scratch/gautschi/manors/hf_cache/hub/models--nvidia--mit-b2/snapshots/3bb39e8739149c3777d0325349b2a6c32c6413db,runs/mit-b2_skd_j9196921/student_skd.ckpt,skd,img_000066,/home/manors/Guardrail-Distillation/data/cityscapes/leftImg8bit/val/frankfurt/frankfurt_000001_007622_leftImg8bit.png,,0.5339218262069076,0.46607817379309235,0.8554787635803223,0.9537459015846252,0.11089374125003815,0.1255902498960495,0.25383758544921875,0.8898221850395203,0.33848538994789124,-7.323058605194092,7.266509532928467,0.010007542558014393,0.05950649082660675,445464,7.986714248545468,7.409132260363549,16.273673507384956,0.41196710803122677,0.5880328919687732,117003,0.630592083266905,0.36940791673309503,18424,0.12702666223049164,0.0007981797680258751,29.35706701828167,0.06346483528614044,0.9365351647138596,0.24121011793613434,0.3621601164340973,0.05604784935712814,0.5140082836151123,0.4859917163848877,0.5518850684165955,0.5802014470100403,0.45131024718284607,0.5140082836151123,0.4859917163848877,0.5140082836151123,0.4859917163848877,0.5519697987133705,0.4480302012866295,0.8641326427459717,0.4843860492285186,0.5156139507714814,0.07241894119729175,0.6394993303474612,0.3605006696525388,0.008907247080556235,0.01804797250646284,0.01804797250646284,0.023930104449391365,0.015276206657290459,0.9819520274935372,0.01804797250646284,0.04572535678744316,0.004646840039640665,385124
b2_cityscapes_val,2026-07-07 05:27:30,cityscapes,val,all,student_skd,/scratch/gautschi/manors/hf_cache/hub/models--nvidia--mit-b2/snapshots/3bb39e8739149c3777d0325349b2a6c32c6413db,runs/mit-b2_skd_j9196921/student_skd.ckpt,skd,img_000067,/home/manors/Guardrail-Distillation/data/cityscapes/leftImg8bit/val/frankfurt/frankfurt_000001_007857_leftImg8bit.png,,0.6952913918517746,0.3047086081482254,0.9448134303092957,0.9603883624076843,0.10542850941419601,0.10338057577610016,0.23614810407161713,0.910753071308136,0.2696186304092407,-8.011497497558594,7.962895393371582,0.00891027133911848,0.05301579087972641,462051,7.986714248545468,7.409132260363549,16.273673507384956,0.499775325187229,0.500224674812771,126850,0.7044864739623631,0.2955135260376369,30606,0.10434761643409729,0.0006169565604068339,29.35706701828167,0.049235060811042786,0.9507649391889572,0.19297944009304047,0.32571959495544434,0.038117509335279465,0.5095282196998596,0.4904717803001404,0.5413897633552551,0.5678762793540955,0.45554807782173157,0.5095282196998596,0.4904717803001404,0.5095282196998596,0.4904717803001404,0.720244991860691,0.279755008139309,0.9510703086853027,1.0,0.0,0.500224674812771,0.7011191068707348,0.29888089312926525,0.0,0.024953600008916443,0.024953600008916443,0.01849362812936306,0.012236744165420532,0.9750463999910836,0.024953600008916443,0.03295307233929634,0.0006492789252661169,407359
b2_cityscapes_val,2026-07-07 05:27:30,cityscapes,val,all,student_skd,/scratch/gautschi/manors/hf_cache/hub/models--nvidia--mit-b2/snapshots/3bb39e8739149c3777d0325349b2a6c32c6413db,runs/mit-b2_skd_j9196921/student_skd.ckpt,skd,img_000068,/home/manors/Guardrail-Distillation/data/cityscapes/leftImg8bit/val/frankfurt/frankfurt_000001_007973_leftImg8bit.png,,0.4733234392918099,0.52667656070819,0.9162106513977051,0.9447746872901917,0.1273014098405838,0.14379288256168365,0.29544082283973694,0.8872591853141785,0.33102303743362427,-8.062475204467773,7.993215084075928,0.01705428585410118,0.07925292104482651,455428,7.966435747221112,7.425549265462905,16.2801357510034,0.9355839965217507,0.06441600347824927,126850,0.4619618407965337,0.5380381592034663,18068,0.14527931809425354,0.0008513978100381792,29.363565263338387,0.05912395939230919,0.9408760406076908,0.2513866424560547,0.3798210620880127,0.048215143382549286,0.5120514631271362,0.48794853687286377,0.5513420104980469,0.578091561794281,0.4384288489818573,0.5120514631271362,0.48794853687286377,0.5120514631271362,0.48794853687286377,0.4855460413219701,0.5144539586780299,0.9259026050567627,0.9816240630708719,0.01837593692912809,0.046040066549121184,0.3871799075209891,0.6128200924790109,0.0,0.012222602030160123,0.012222602030160123,0.02664526365697384,0.016953282058238983,0.9877773979698399,0.012222602030160123,0.05491757020354271,0.002312110736966133,380867
b2_cityscapes_val,2026-07-07 05:27:30,cityscapes,val,all,student_skd,/scratch/gautschi/manors/hf_cache/hub/models--nvidia--mit-b2/snapshots/3bb39e8739149c3777d0325349b2a6c32c6413db,runs/mit-b2_skd_j9196921/student_skd.ckpt,skd,img_000069,/home/manors/Guardrail-Distillation/data/cityscapes/leftImg8bit/val/frankfurt/frankfurt_000001_008200_leftImg8bit.png,,0.6211230626677448,0.37887693733225525,0.9600794911384583,0.9737055897712708,0.0872219130396843,0.06940961629152298,0.19919733703136444,0.9388566017150879,0.18910002708435059,-8.180792808532715,8.148598670959473,0.005704468581825495,0.03394298627972603,465074,7.966435747221112,7.425549265462905,16.2801357510034,1.0,0.0,126850,0.8629109571624789,0.1370890428375211,21922,0.07017882913351059,0.00047102669486775994,29.363565263338387,0.028348328545689583,0.9716516714543104,0.07102803885936737,0.21320348978042603,0.020133523270487785,0.5050332546234131,0.4949667453765869,0.5183095335960388,0.5360391139984131,0.43013182282447815,0.5050332546234131,0.4949667453765869,0.5050332546234131,0.4949667453765869,0.6208920186267488,0.3791079813732512,0.9716582894325256,1.0,0.0,0.0,0.9215302343456132,0.07846976565438679,0.05861927718313431,0.0,0.0,0.01979685015976429,0.008218047209084034,1.0,0.0,0.029851164668798447,0.005745322443544865,428275
b2_cityscapes_val,2026-07-07 05:27:30,cityscapes,val,all,student_skd,/scratch/gautschi/manors/hf_cache/hub/models--nvidia--mit-b2/snapshots/3bb39e8739149c3777d0325349b2a6c32c6413db,runs/mit-b2_skd_j9196921/student_skd.ckpt,skd,img_000070,/home/manors/Guardrail-Distillation/data/cityscapes/leftImg8bit/val/frankfurt/frankfurt_000001_008688_leftImg8bit.png,,0.751330728332726,0.24866927166727404,0.9593634009361267,0.9648503065109253,0.10343658924102783,0.08825896680355072,0.22758467495441437,0.9254290461540222,0.22306428849697113,-8.262767791748047,8.21899700164795,0.008884615264832973,0.05029667168855667,451342,7.966435747221112,7.425549265462905,16.2801357510034,1.0,0.0,126850,0.9667547099325511,0.03324529006744892,23320,0.08901777863502502,0.0005376199842430651,29.363565263338387,0.03644997626543045,0.9635500237345695,0.13161370158195496,0.2907337248325348,0.02713269181549549,0.5067827701568604,0.49321722984313965,0.5259058475494385,0.5559662580490112,0.42449161410331726,0.5067827701568604,0.49321722984313965,0.5067827701568604,0.49321722984313965,0.7165228483959508,0.2834771516040492,0.9675390720367432,1.0,0.0,0.0,0.9415540567976997,0.05844594320230034,0.0,0.0,0.0,0.017769230529665947,0.009593612514436245,1.0,0.0,0.030535602942109108,0.001355956308543682,405199
b2_cityscapes_val,2026-07-07 05:27:30,cityscapes,val,all,student_skd,/scratch/gautschi/manors/hf_cache/hub/models--nvidia--mit-b2/snapshots/3bb39e8739149c3777d0325349b2a6c32c6413db,runs/mit-b2_skd_j9196921/student_skd.ckpt,skd,img_000071,/home/manors/Guardrail-Distillation/data/cityscapes/leftImg8bit/val/frankfurt/frankfurt_000001_009058_leftImg8bit.png,,0.6130060911202844,0.38699390887971563,0.9579618573188782,0.9753101468086243,0.08433391153812408,0.06432634592056274,0.18919898569583893,0.9419777393341064,0.18438032269477844,-7.776748180389404,7.746627330780029,0.0044656312093138695,0.03252547234296799,464436,7.966435747221112,7.425549265462905,16.2801357510034,1.0,0.0,126850,0.8765975461260552,0.12340245387394477,33309,0.06498629599809647,0.0004605079593602568,29.363565263338387,0.030192499980330467,0.9698075000196695,0.08972333371639252,0.2373916655778885,0.026805389672517776,0.5067009329795837,0.49329906702041626,0.5226988196372986,0.5518289804458618,0.4080541729927063,0.5067009329795837,0.49329906702041626,0.5067009329795837,0.49329906702041626,0.7111215961655858,0.2888784038344142,0.9758718013763428,1.0,0.0,0.0,0.8612568506958287,0.1387431493041713,0.0,0.09811550504530142,0.09811550504530142,0.02601865492761135,0.008108759298920631,0.9018844949546986,0.09811550504530142,0.03567337617278099,0.008018326945602894,429674
b2_cityscapes_val,2026-07-07 05:27:30,cityscapes,val,all,student_skd,/scratch/gautschi/manors/hf_cache/hub/models--nvidia--mit-b2/snapshots/3bb39e8739149c3777d0325349b2a6c32c6413db,runs/mit-b2_skd_j9196921/student_skd.ckpt,skd,img_000072,/home/manors/Guardrail-Distillation/data/cityscapes/leftImg8bit/val/frankfurt/frankfurt_000001_009504_leftImg8bit.png,,0.5524702588783943,0.4475297411216057,0.9482160806655884,0.9658370614051819,0.09968921542167664,0.09062838554382324,0.23163290321826935,0.9218685030937195,0.24818967282772064,-7.362294673919678,7.320224761962891,0.007909650914371014,0.04556525498628616,466013,7.964562741108239,7.422389258863404,16.273417742922902,1.0,0.0,126850,0.6998691491553913,0.30013085084460867,30047,0.09151508659124374,0.0006191194406710565,29.256020236061886,0.03926458954811096,0.960735410451889,0.14836575090885162,0.2839542329311371,0.03584190830588341,0.5089595317840576,0.4910404682159424,0.5355666875839233,0.5624197721481323,0.4144294857978821,0.5089595317840576,0.4910404682159424,0.5089595317840576,0.4910404682159424,0.6660438046571553,0.3339561953428447,0.9670717716217041,1.0,0.0,0.0,0.7309034880414915,0.2690965119585085,0.031034338886100188,0.113573545778761,0.113573545778761,0.027778195217251778,0.008922497741878033,0.886426454221239,0.113573545778761,0.03896887227892876,0.0054655130952596664,417234
b2_cityscapes_val,2026-07-07 05:27:30,cityscapes,val,all,student_skd,/scratch/gautschi/manors/hf_cache/hub/models--nvidia--mit-b2/snapshots/3bb39e8739149c3777d0325349b2a6c32c6413db,runs/mit-b2_skd_j9196921/student_skd.ckpt,skd,img_000073,/home/manors/Guardrail-Distillation/data/cityscapes/leftImg8bit/val/frankfurt/frankfurt_000001_009854_leftImg8bit.png,,0.6437170951092771,0.3562829048907229,0.9499179720878601,0.9695320129394531,0.09270385652780533,0.07697442919015884,0.20123612880706787,0.9331780076026917,0.19871386885643005,-8.300129890441895,8.263007164001465,0.004772425163537264,0.040698908269405365,457629,7.964562741108239,7.422389258863404,16.273417742922902,1.0,0.0,126850,0.6783642751147553,0.3216357248852447,21366,0.0777803435921669,0.0005239989259280264,29.256020236061886,0.032285887748003006,0.967714112251997,0.10628889501094818,0.2584025263786316,0.020739180967211723,0.5051845908164978,0.4948154091835022,0.5185874104499817,0.5459422469139099,0.4150141477584839,0.5051845908164978,0.4948154091835022,0.5051845908164978,0.4948154091835022,0.7064733321989732,0.29352666780102676,0.9588684439659119,1.0,0.0,0.0,0.7001741923047688,0.29982580769523115,0.021809917190013572,0.06275623708969613,0.06275623708969613,0.019319143146276474,0.01036866195499897,0.9372437629103039,0.06275623708969613,0.03122398443520069,0.002368731191381812,414928
b2_cityscapes_val,2026-07-07 05:27:30,cityscapes,val,all,student_skd,/scratch/gautschi/manors/hf_cache/hub/models--nvidia--mit-b2/snapshots/3bb39e8739149c3777d0325349b2a6c32c6413db,runs/mit-b2_skd_j9196921/student_skd.ckpt,skd,img_000074,/home/manors/Guardrail-Distillation/data/cityscapes/leftImg8bit/val/frankfurt/frankfurt_000001_010156_leftImg8bit.png,,0.581753753096998,0.41824624690300205,0.915040135383606,0.945495069026947,0.12329430878162384,0.13505631685256958,0.2663653790950775,0.8871014714241028,0.3279595673084259,-7.752610683441162,7.685168266296387,0.01061231829226017,0.07842358201742172,440620,7.964562741108239,7.422389258863404,16.273417742922902,0.6223811061207953,0.37761889387920466,126850,0.5295852644374103,0.4704147355625897,36248,0.13612452149391174,0.0007591270259581506,29.256020236061886,0.0591757670044899,0.9408242329955101,0.2598123848438263,0.3550739288330078,0.04284842684864998,0.5107104778289795,0.4892895221710205,0.5476732850074768,0.573410153388977,0.4511452913284302,0.5107104778289795,0.4892895221710205,0.5107104778289795,0.4892895221710205,0.6400449162311274,0.35995508376887264,0.9157482385635376,0.5783746803512243,0.4216253196487757,0.0,0.5447746567049797,0.4552253432950203,0.015189392267569435,0.05829116313412941,0.05829116313412941,0.022645361721515656,0.02193726971745491,0.9417088368658706,0.05829116313412941,0.04853615164756775,0.0007829875685274601,369176
b2_cityscapes_val,2026-07-07 05:27:30,cityscapes,val,all,student_skd,/scratch/gautschi/manors/hf_cache/hub/models--nvidia--mit-b2/snapshots/3bb39e8739149c3777d0325349b2a6c32c6413db,runs/mit-b2_skd_j9196921/student_skd.ckpt,skd,img_000075,/home/manors/Guardrail-Distillation/data/cityscapes/leftImg8bit/val/frankfurt/frankfurt_000001_010444_leftImg8bit.png,,0.6716776593828491,0.32832234061715093,0.9398916363716125,0.9487500786781311,0.1172771155834198,0.13861213624477386,0.27309954166412354,0.8824923634529114,0.3605028986930847,-7.303164482116699,7.240201950073242,0.012119918130338192,0.06699522584676743,449838,7.964562741108239,7.422389258863404,16.273417742922902,0.33316214194663046,0.6668378580533696,126564,0.5480371977731786,0.4519628022268214,27729,0.13996155560016632,0.0008688896778039634,29.256020236061886,0.06770233064889908,0.9322976693511009,0.272523432970047,0.3973279595375061,0.05594976246356964,0.5139837861061096,0.4860162138938904,0.5540785193443298,0.5807107090950012,0.40891027450561523,0.5139837861061096,0.4860162138938904,0.5139837861061096,0.4860162138938904,0.7052382802071594,0.2947617197928406,0.9475566148757935,0.33330172702155286,0.6666982729784472,0.00013958507492239924,0.5926376217409518,0.4073623782590482,0.044600423967773195,0.03356062082431033,0.03356062082431033,0.01856890693306923,0.010903924703598022,0.9664393791756897,0.03356062082431033,0.032585062086582184,0.00023564037110190839,381377
b2_cityscapes_val,2026-07-07 05:27:31,cityscapes,val,all,student_skd,/scratch/gautschi/manors/hf_cache/hub/models--nvidia--mit-b2/snapshots/3bb39e8739149c3777d0325349b2a6c32c6413db,runs/mit-b2_skd_j9196921/student_skd.ckpt,skd,img_000076,/home/manors/Guardrail-Distillation/data/cityscapes/leftImg8bit/val/frankfurt/frankfurt_000001_010600_leftImg8bit.png,,0.4971493679545948,0.5028506320454051,0.9587568044662476,0.9651995301246643,0.10001695156097412,0.08821122348308563,0.22061826288700104,0.9244236350059509,0.2269441932439804,-8.305848121643066,8.263168334960938,0.006068529095500708,0.04860638827085495,395483,7.9434552462771535,7.398791494779289,16.197164251934737,0.9449247602084075,0.055075239791592456,114972,0.34821726565525146,0.6517827343447485,75412,0.08905952423810959,0.0005309893167577684,29.235485242679715,0.039035167545080185,0.9609648324549198,0.14077933132648468,0.2981052100658417,0.03139323368668556,0.5078476667404175,0.4921523332595825,0.5273013114929199,0.5553086996078491,0.4278925657272339,0.5078476667404175,0.4921523332595825,0.5078476667404175,0.4921523332595825,0.5447802402205899,0.4552197597794101,0.965975821018219,0.9441910261312279,0.05580897386877215,0.0,0.4373471985181451,0.5626528014818549,0.08912993286289361,0.04763087226599505,0.04763087226599505,0.017730219289660454,0.010511198081076145,0.952369127734005,0.04763087226599505,0.03000381961464882,0.0003691688471008092,353948
b2_cityscapes_val,2026-07-07 05:27:31,cityscapes,val,all,student_skd,/scratch/gautschi/manors/hf_cache/hub/models--nvidia--mit-b2/snapshots/3bb39e8739149c3777d0325349b2a6c32c6413db,runs/mit-b2_skd_j9196921/student_skd.ckpt,skd,img_000077,/home/manors/Guardrail-Distillation/data/cityscapes/leftImg8bit/val/frankfurt/frankfurt_000001_010830_leftImg8bit.png,,0.65233637633652,0.34766362366348,0.9501000642776489,0.9587990641593933,0.10295471549034119,0.1071014553308487,0.22364699840545654,0.9059160351753235,0.2738034129142761,-8.482069969177246,8.43226432800293,0.006850297562777996,0.050332751125097275,425091,7.9434552462771535,7.398791494779289,16.197164251934737,0.49998640540883466,0.5000135945911653,110338,0.56399799409201,0.43600200590799,72573,0.10814840346574783,0.000599329243414104,29.235485242679715,0.04874521866440773,0.9512547813355923,0.18682383000850677,0.31183725595474243,0.04189246520400047,0.5104715824127197,0.4895284175872803,0.5385826826095581,0.5603376030921936,0.43493226170539856,0.5104715824127197,0.4895284175872803,0.5104715824127197,0.4895284175872803,0.7318332994483498,0.26816670055165015,0.9554142355918884,0.4995785676738748,0.5004214323261251,0.0,0.5735705162181491,0.42642948378185086,0.009572522126139127,0.07949692311182988,0.07949692311182988,0.015657823532819748,0.01034366711974144,0.9205030768881701,0.07949692311182988,0.028045758605003357,0.00034345584572292864,371504
b2_cityscapes_val,2026-07-07 05:27:31,cityscapes,val,all,student_skd,/scratch/gautschi/manors/hf_cache/hub/models--nvidia--mit-b2/snapshots/3bb39e8739149c3777d0325349b2a6c32c6413db,runs/mit-b2_skd_j9196921/student_skd.ckpt,skd,img_000078,/home/manors/Guardrail-Distillation/data/cityscapes/leftImg8bit/val/frankfurt/frankfurt_000001_011162_leftImg8bit.png,,0.5061452049246354,0.49385479507536456,0.931307315826416,0.9471157789230347,0.11946635693311691,0.14313536882400513,0.2784305810928345,0.8787624835968018,0.3723960220813751,-6.946281909942627,6.8811540603637695,0.01316936407238245,0.0691521167755127,424470,7.9434552462771535,7.398791494779289,16.197164251934737,0.8790953730669937,0.1209046269330063,126850,0.3115263374088085,0.6884736625911916,29434,0.14465250074863434,0.0008593894308432937,29.235485242679715,0.07546356320381165,0.9245364367961884,0.31209680438041687,0.4353187084197998,0.06805134564638138,0.5170062780380249,0.4829937219619751,0.5671967267990112,0.6017912030220032,0.4624323546886444,0.5170062780380249,0.4829937219619751,0.5170062780380249,0.4829937219619751,0.5044133931065556,0.49558660689344436,0.9441892504692078,0.9620250743790558,0.03797492562094418,0.08292970131206212,0.3499899535986907,0.6500100464013093,0.038463616189882255,0.0,0.0,0.02818809449672699,0.015306146815419197,1.0,0.0,0.04761938378214836,0.002845901995897293,357299
b2_cityscapes_val,2026-07-07 05:27:31,cityscapes,val,all,student_skd,/scratch/gautschi/manors/hf_cache/hub/models--nvidia--mit-b2/snapshots/3bb39e8739149c3777d0325349b2a6c32c6413db,runs/mit-b2_skd_j9196921/student_skd.ckpt,skd,img_000079,/home/manors/Guardrail-Distillation/data/cityscapes/leftImg8bit/val/frankfurt/frankfurt_000001_011715_leftImg8bit.png,,0.6711036375248326,0.3288963624751674,0.9439589381217957,0.9577387571334839,0.10755135118961334,0.11303021013736725,0.24150927364826202,0.8997572064399719,0.30504706501960754,-7.619809627532959,7.567973613739014,0.009984667412936687,0.05466703698039055,458503,7.9434552462771535,7.398791494779289,16.197164251934737,0.912366939996831,0.08763306000316895,126850,0.6080746177402456,0.3919253822597544,51520,0.11413294076919556,0.0006643303786404431,29.235485242679715,0.057242341339588165,0.9427576586604118,0.21497097611427307,0.34697920083999634,0.04665416106581688,0.5116614103317261,0.4883385896682739,0.5439225435256958,0.5691362023353577,0.44789788126945496,0.5116614103317261,0.4883385896682739,0.5116614103317261,0.4883385896682739,0.7531910028357528,0.2468089971642472,0.9529228806495667,0.8844006611002279,0.11559933889977214,0.0,0.6724575269291244,0.3275424730708756,0.06438290918887879,0.0820873653109202,0.0820873653109202,0.021890806034207344,0.012926851399242878,0.9179126346890798,0.0820873653109202,0.03958752751350403,0.0012889773352071643,403033
b2_cityscapes_val,2026-07-07 05:27:31,cityscapes,val,all,student_skd,/scratch/gautschi/manors/hf_cache/hub/models--nvidia--mit-b2/snapshots/3bb39e8739149c3777d0325349b2a6c32c6413db,runs/mit-b2_skd_j9196921/student_skd.ckpt,skd,img_000080,/home/manors/Guardrail-Distillation/data/cityscapes/leftImg8bit/val/frankfurt/frankfurt_000001_011835_leftImg8bit.png,,0.6028142644474515,0.39718573555254855,0.9338263869285583,0.9477353096008301,0.1152818575501442,0.13264307379722595,0.24572621285915375,0.8873444199562073,0.31927716732025146,-7.2466721534729,7.1832075119018555,0.008251878432929516,0.06854120641946793,460380,7.929954503197223,7.398564514005557,16.19717600988224,0.8386281012581692,0.16137189874183078,126850,0.6526331718452577,0.3473668281547423,85853,0.13380028307437897,0.00068552081938833,29.247070982819423,0.06941039115190506,0.9305896088480949,0.28398051857948303,0.3878103792667389,0.05602176487445831,0.5140017867088318,0.4859982132911682,0.5608838796615601,0.5832194089889526,0.43837374448776245,0.5140017867088318,0.4859982132911682,0.5140017867088318,0.4859982132911682,0.7154484496117298,0.2845515503882702,0.9604696035385132,0.9216899817619928,0.0783100182380072,0.08306188050382357,0.7491673341149094,0.25083266588509057,0.09653416226965172,0.11263418516427837,0.11263418516427837,0.035883400589227676,0.009240193292498589,0.8873658148357216,0.11263418516427837,0.047608498483896255,0.00621443148702383,387332
b2_cityscapes_val,2026-07-07 05:27:31,cityscapes,val,all,student_skd,/scratch/gautschi/manors/hf_cache/hub/models--nvidia--mit-b2/snapshots/3bb39e8739149c3777d0325349b2a6c32c6413db,runs/mit-b2_skd_j9196921/student_skd.ckpt,skd,img_000081,/home/manors/Guardrail-Distillation/data/cityscapes/leftImg8bit/val/frankfurt/frankfurt_000001_012038_leftImg8bit.png,,0.6264477102973355,0.3735522897026645,0.9426068067550659,0.9607312679290771,0.10376345366239548,0.10406982898712158,0.234073206782341,0.9092404246330261,0.2761058509349823,-8.130948066711426,8.082977294921875,0.008074088022112846,0.051418486982584,448224,7.929954503197223,7.398564514005557,16.19717600988224,0.8538055799277183,0.14619442007228167,126850,0.5066454842201144,0.49335451577988565,33240,0.10522614419460297,0.0007203483837656677,29.247070982819423,0.04886877164244652,0.9511312283575535,0.19789688289165497,0.3253589868545532,0.04002932086586952,0.5100060105323792,0.48999398946762085,0.5391685366630554,0.5664910674095154,0.4298917353153229,0.5100060105323792,0.48999398946762085,0.5100060105323792,0.48999398946762085,0.6072619908903679,0.3927380091096321,0.9502882361412048,0.8221994237592662,0.17780057624073375,0.0,0.5286700437458819,0.4713299562541181,0.02202455952576754,0.0,0.0,0.017576033249497414,0.009894606657326221,1.0,0.0,0.03303705155849457,0.001267223502509296,396053
b2_cityscapes_val,2026-07-07 05:27:31,cityscapes,val,all,student_skd,/scratch/gautschi/manors/hf_cache/hub/models--nvidia--mit-b2/snapshots/3bb39e8739149c3777d0325349b2a6c32c6413db,runs/mit-b2_skd_j9196921/student_skd.ckpt,skd,img_000082,/home/manors/Guardrail-Distillation/data/cityscapes/leftImg8bit/val/frankfurt/frankfurt_000001_012519_leftImg8bit.png,,0.5299782016438442,0.47002179835615576,0.9174371361732483,0.9576753377914429,0.10671789199113846,0.10725626349449158,0.23244640231132507,0.9079141020774841,0.2690945565700531,-7.959170818328857,7.907620429992676,0.006557951215654612,0.05604802444577217,445261,7.929954503197223,7.398564514005557,16.19717600988224,0.48951099467068093,0.5104890053293191,126850,0.8159863509033551,0.18401364909664486,56542,0.10832594335079193,0.000695044465828687,29.247070982819423,0.0500367134809494,0.9499632865190506,0.20301897823810577,0.3319547474384308,0.04043903946876526,0.5101084113121033,0.48989158868789673,0.5402194261550903,0.5714164972305298,0.43855682015419006,0.5101084113121033,0.48989158868789673,0.5101084113121033,0.48989158868789673,0.6153291299099406,0.3846708700900594,0.9328371286392212,0.47777321152229185,0.5222267884777081,0.0,0.8448916449967375,0.15510835500326248,0.028905294093382383,0.08535092826609636,0.08535092826609636,0.032053109258413315,0.0166531540453434,0.9146490717339036,0.08535092826609636,0.053633708506822586,0.006084071937948465,387298
b2_cityscapes_val,2026-07-07 05:27:31,cityscapes,val,all,student_skd,/scratch/gautschi/manors/hf_cache/hub/models--nvidia--mit-b2/snapshots/3bb39e8739149c3777d0325349b2a6c32c6413db,runs/mit-b2_skd_j9196921/student_skd.ckpt,skd,img_000083,/home/manors/Guardrail-Distillation/data/cityscapes/leftImg8bit/val/frankfurt/frankfurt_000001_012699_leftImg8bit.png,,0.5676321459622881,0.43236785403771194,0.932641863822937,0.9579713344573975,0.10370852053165436,0.1106543019413948,0.22797110676765442,0.9004707932472229,0.3077050745487213,-7.370960235595703,7.320266246795654,0.005558182019740343,0.05284352973103523,416683,7.929954503197223,7.398564514005557,16.19717600988224,0.8184469211322138,0.18155307886778616,126850,0.31879620314072,0.68120379685928,22874,0.1121019497513771,0.0007961612427607179,29.247070982819423,0.075974240899086,0.924025759100914,0.30337822437286377,0.4004403352737427,0.07701636850833893,0.5192445516586304,0.48075544834136963,0.5756255984306335,0.6082021594047546,0.46228429675102234,0.5192445516586304,0.48075544834136963,0.5192445516586304,0.48075544834136963,0.6487796443619473,0.35122035563805265,0.9564512968063354,0.7248165193468945,0.2751834806531055,0.0,0.48021868539774903,0.519781314602251,0.16142248225702904,0.08114749839965929,0.08114749839965929,0.03318829834461212,0.009378832764923573,0.9188525016003407,0.08114749839965929,0.04603499546647072,0.006964527070522308,362603
b2_cityscapes_val,2026-07-07 05:27:31,cityscapes,val,all,student_skd,/scratch/gautschi/manors/hf_cache/hub/models--nvidia--mit-b2/snapshots/3bb39e8739149c3777d0325349b2a6c32c6413db,runs/mit-b2_skd_j9196921/student_skd.ckpt,skd,img_000084,/home/manors/Guardrail-Distillation/data/cityscapes/leftImg8bit/val/frankfurt/frankfurt_000001_012738_leftImg8bit.png,,0.4552583018783127,0.5447416981216873,0.7218385934829712,0.9576637744903564,0.10708419233560562,0.11972125619649887,0.2504051625728607,0.8805710077285767,0.4216799736022949,-6.565979480743408,6.514164447784424,0.00983624067157507,0.0536237508058548,431059,7.927294005639851,7.412470236886293,16.201960999751464,0.4604525691729711,0.5395474308270289,121286,0.3437693014672771,0.6562306985327229,52461,0.12157759070396423,0.0009253206080757082,29.232405475340784,0.15237358212471008,0.8476264178752899,0.5261605978012085,0.6186521053314209,0.30997055768966675,0.5768780708312988,0.42312192916870117,0.760993242263794,0.837997317314148,0.45847445726394653,0.5768780708312988,0.42312192916870117,0.5768780708312988,0.42312192916870117,0.43838696526974474,0.5616130347302553,0.7307236790657043,0.38106005791586534,0.6189399420841346,0.0,0.475814708442169,0.524185291557831,0.13204540697489187,0.0,0.0,0.018538067117333412,0.009652971290051937,1.0,0.0,0.13275213539600372,0.0014429580187425017,375796
b2_cityscapes_val,2026-07-07 05:27:31,cityscapes,val,all,student_skd,/scratch/gautschi/manors/hf_cache/hub/models--nvidia--mit-b2/snapshots/3bb39e8739149c3777d0325349b2a6c32c6413db,runs/mit-b2_skd_j9196921/student_skd.ckpt,skd,img_000085,/home/manors/Guardrail-Distillation/data/cityscapes/leftImg8bit/val/frankfurt/frankfurt_000001_012870_leftImg8bit.png,,0.5384839947423903,0.4615160052576097,0.9123441576957703,0.9453728795051575,0.12234100699424744,0.13705241680145264,0.2647765576839447,0.8846423625946045,0.3390297591686249,-7.145899772644043,7.078503131866455,0.011026161722838879,0.0765434131026268,417371,7.927294005639851,7.412470236886293,16.201960999751464,0.3660303237342267,0.6339696762657733,107604,0.6310337110859828,0.36896628891401717,58169,0.13833358883857727,0.0008464512065984309,29.232405475340784,0.06444437801837921,0.9355556219816208,0.26533377170562744,0.3599042296409607,0.06093316897749901,0.5152285695075989,0.4847714304924011,0.5571439266204834,0.5877186059951782,0.4616001546382904,0.5152285695075989,0.4847714304924011,0.5152285695075989,0.4847714304924011,0.6361028692381144,0.36389713076188557,0.939245879650116,0.48102965242116325,0.5189703475788368,0.11499932868693652,0.6664681841736528,0.33353181582634717,0.035434473087670004,0.09761887449572415,0.09761887449572415,0.03869219496846199,0.011790469288825989,0.9023811255042758,0.09761887449572415,0.05470432713627815,0.005937163718044758,349151
b2_cityscapes_val,2026-07-07 05:27:31,cityscapes,val,all,student_skd,/scratch/gautschi/manors/hf_cache/hub/models--nvidia--mit-b2/snapshots/3bb39e8739149c3777d0325349b2a6c32c6413db,runs/mit-b2_skd_j9196921/student_skd.ckpt,skd,img_000086,/home/manors/Guardrail-Distillation/data/cityscapes/leftImg8bit/val/frankfurt/frankfurt_000001_013016_leftImg8bit.png,,0.6033399550931594,0.3966600449068406,0.9315931797027588,0.9591081142425537,0.10834787040948868,0.10230019688606262,0.23370982706546783,0.9137053489685059,0.2486152946949005,-8.499860763549805,8.449385643005371,0.009130921214818954,0.05664476379752159,459866,7.927294005639851,7.412470236886293,16.201960999751464,0.6338973763293921,0.36610262367060786,126264,0.6985223893571917,0.3014776106428083,117778,0.10311542451381683,0.0007319339201785624,29.232405475340784,0.047078367322683334,0.9529216326773167,0.19031620025634766,0.31465891003608704,0.0373520590364933,0.5093369483947754,0.4906630516052246,0.534778892993927,0.5605453848838806,0.46438172459602356,0.5093369483947754,0.4906630516052246,0.5093369483947754,0.4906630516052246,0.6615149220126215,0.3384850779873785,0.950866162776947,0.8638212032161836,0.1361787967838164,0.22992382688679147,0.6542772429168885,0.3457227570831115,0.0,0.05817496691946211,0.05817496691946211,0.031137332320213318,0.01186432596296072,0.9418250330805379,0.05817496691946211,0.04593077301979065,0.0029073688201606274,404593
b2_cityscapes_val,2026-07-07 05:27:31,cityscapes,val,all,student_skd,/scratch/gautschi/manors/hf_cache/hub/models--nvidia--mit-b2/snapshots/3bb39e8739149c3777d0325349b2a6c32c6413db,runs/mit-b2_skd_j9196921/student_skd.ckpt,skd,img_000087,/home/manors/Guardrail-Distillation/data/cityscapes/leftImg8bit/val/frankfurt/frankfurt_000001_013496_leftImg8bit.png,,0.5651209512885695,0.43487904871143046,0.955345630645752,0.9687713384628296,0.09464792907238007,0.0815378874540329,0.21090887486934662,0.9280975461006165,0.22049587965011597,-8.147467613220215,8.10921573638916,0.006525317672640085,0.04135335236787796,455610,7.927294005639851,7.412470236886293,16.201960999751464,1.0,0.0,122367,0.6025318813498468,0.3974681186501532,65118,0.08235936611890793,0.0004933358286507428,29.232405475340784,0.03596140816807747,0.9640385918319225,0.12228695303201675,0.27528685331344604,0.025638284161686897,0.506409227848053,0.493590772151947,0.5243331789970398,0.5515351295471191,0.4391118288040161,0.506409227848053,0.493590772151947,0.506409227848053,0.493590772151947,0.637612206265078,0.362387793734922,0.9625096321105957,1.0,0.0,0.0,0.6274728650004877,0.3725271349995123,0.024940983650640902,0.07249125497650843,0.07249125497650843,0.017550097778439522,0.01038607582449913,0.9275087450234916,0.07249125497650843,0.030530497431755066,0.0014771405840292573,413143
b2_cityscapes_val,2026-07-07 05:27:32,cityscapes,val,all,student_skd,/scratch/gautschi/manors/hf_cache/hub/models--nvidia--mit-b2/snapshots/3bb39e8739149c3777d0325349b2a6c32c6413db,runs/mit-b2_skd_j9196921/student_skd.ckpt,skd,img_000088,/home/manors/Guardrail-Distillation/data/cityscapes/leftImg8bit/val/frankfurt/frankfurt_000001_013710_leftImg8bit.png,,0.5829409532792444,0.41705904672075556,0.9406514167785645,0.9608786106109619,0.10657098144292831,0.10047116130590439,0.23957538604736328,0.9133795499801636,0.26411953568458557,-7.796105861663818,7.7476887702941895,0.008796004578471184,0.05350993573665619,460550,7.9227417591027915,7.405293494230136,16.208050248678774,0.7106850667395332,0.28931493326046676,126850,0.371011017646083,0.628988982353917,23243,0.10137605667114258,0.0006058263825252652,29.22078550909646,0.050675418227910995,0.949324581772089,0.18779437243938446,0.34154653549194336,0.04881688952445984,0.5122017860412598,0.48779821395874023,0.546280562877655,0.5788950324058533,0.4475433826446533,0.5122017860412598,0.48779821395874023,0.5122017860412598,0.48779821395874023,0.6064196803495732,0.39358031965042684,0.9471262693405151,0.7231590165194123,0.2768409834805877,0.012473949779879034,0.4158516959893772,0.5841483040106228,0.044840678343294194,0.02347872707032872,0.02347872707032872,0.015029856003820896,0.008554988540709019,0.9765212729296713,0.02347872707032872,0.028652697801589966,0.0012767344014719129,406914
b2_cityscapes_val,2026-07-07 05:27:32,cityscapes,val,all,student_skd,/scratch/gautschi/manors/hf_cache/hub/models--nvidia--mit-b2/snapshots/3bb39e8739149c3777d0325349b2a6c32c6413db,runs/mit-b2_skd_j9196921/student_skd.ckpt,skd,img_000089,/home/manors/Guardrail-Distillation/data/cityscapes/leftImg8bit/val/frankfurt/frankfurt_000001_014221_leftImg8bit.png,,0.6899535174414452,0.3100464825585548,0.9548667073249817,0.9679136276245117,0.09465236961841583,0.08257106691598892,0.20911620557308197,0.9287638068199158,0.2093159407377243,-8.265581130981445,8.226481437683105,0.005397779401391745,0.042146433144807816,447962,7.9227417591027915,7.405293494230136,16.208050248678774,0.943745000471827,0.05625499952817303,120972,0.5179734473731878,0.48202655262681215,58800,0.0833875760436058,0.0005302584613673389,29.22078550909646,0.03931301087141037,0.9606869891285896,0.1407976746559143,0.2887679636478424,0.02853621169924736,0.5071335434913635,0.4928664565086365,0.5284551978111267,0.5542459487915039,0.42598217725753784,0.5071335434913635,0.4928664565086365,0.5071335434913635,0.4928664565086365,0.7129894050514429,0.2870105949485571,0.959018886089325,0.9468842689935011,0.05311573100649891,0.003139268521674121,0.5384402363389136,0.4615597636610864,0.020466788965725735,0.02303588760999775,0.02303588760999775,0.0157915186136961,0.011639379896223545,0.9769641123900022,0.02303588760999775,0.03214558586478233,0.001535844523459673,404591
b2_cityscapes_val,2026-07-07 05:27:32,cityscapes,val,all,student_skd,/scratch/gautschi/manors/hf_cache/hub/models--nvidia--mit-b2/snapshots/3bb39e8739149c3777d0325349b2a6c32c6413db,runs/mit-b2_skd_j9196921/student_skd.ckpt,skd,img_000090,/home/manors/Guardrail-Distillation/data/cityscapes/leftImg8bit/val/frankfurt/frankfurt_000001_014406_leftImg8bit.png,,0.7003609668757411,0.2996390331242589,0.9481653571128845,0.9635567665100098,0.09797854721546173,0.09493879973888397,0.2144031971693039,0.9169689416885376,0.24509979784488678,-8.412487030029297,8.3684663772583,0.005090394522994757,0.045998815447092056,453403,7.9227417591027915,7.405293494230136,16.208050248678774,1.0,0.0,126850,0.8752875806785392,0.12471241932146082,32271,0.09597529470920563,0.00068017648300156,29.22078550909646,0.04438906908035278,0.9556109309196472,0.16830626130104065,0.307224303483963,0.03469551354646683,0.5086730122566223,0.4913269877433777,0.5309714674949646,0.5556005239486694,0.4301545321941376,0.5086730122566223,0.4913269877433777,0.5086730122566223,0.4913269877433777,0.7392658045361057,0.2607341954638943,0.9544798135757446,1.0,0.0,0.0,0.8658894488487693,0.13411055115123072,0.0,0.038904837660364566,0.038904837660364566,0.01820455677807331,0.01189008541405201,0.9610951623396354,0.038904837660364566,0.03340516239404678,0.0017423793906345963,402826
b2_cityscapes_val,2026-07-07 05:27:32,cityscapes,val,all,student_skd,/scratch/gautschi/manors/hf_cache/hub/models--nvidia--mit-b2/snapshots/3bb39e8739149c3777d0325349b2a6c32c6413db,runs/mit-b2_skd_j9196921/student_skd.ckpt,skd,img_000091,/home/manors/Guardrail-Distillation/data/cityscapes/leftImg8bit/val/frankfurt/frankfurt_000001_014565_leftImg8bit.png,,0.4652896585320524,0.5347103414679476,0.880893349647522,0.9617130160331726,0.10675019025802612,0.08878219127655029,0.21988439559936523,0.9256119132041931,0.2133665382862091,-7.726700782775879,7.679374694824219,0.004408096428960562,0.05840013921260834,420136,7.9227417591027915,7.405293494230136,16.208050248678774,0.6662788442893155,0.3337211557106845,95580,0.34098778615880937,0.6590122138411907,17534,0.08959241956472397,0.000940648140385747,29.22078550909646,0.04679754748940468,0.9532024525105953,0.19194158911705017,0.2611517310142517,0.04023037850856781,0.51005619764328,0.48994380235671997,0.5426216125488281,0.5601467490196228,0.4378666579723358,0.51005619764328,0.48994380235671997,0.51005619764328,0.48994380235671997,0.5648681909061875,0.43513180909381255,0.9663276076316833,0.6662142072264237,0.33378579277357634,0.0,0.47211988062931104,0.527880119370689,0.13113209447050167,0.09957853237413505,0.09957853237413505,0.09040644019842148,0.004972199443727732,0.900421467625865,0.09957853237413505,0.0995011180639267,0.048255804926157,372724
b2_cityscapes_val,2026-07-07 05:27:32,cityscapes,val,all,student_skd,/scratch/gautschi/manors/hf_cache/hub/models--nvidia--mit-b2/snapshots/3bb39e8739149c3777d0325349b2a6c32c6413db,runs/mit-b2_skd_j9196921/student_skd.ckpt,skd,img_000092,/home/manors/Guardrail-Distillation/data/cityscapes/leftImg8bit/val/frankfurt/frankfurt_000001_014741_leftImg8bit.png,,0.6380406393179303,0.3619593606820697,0.9280077219009399,0.9502653479576111,0.11791294813156128,0.12119641155004501,0.25288692116737366,0.9015305638313293,0.27614158391952515,-8.000127792358398,7.938818454742432,0.008820035494863987,0.0704280287027359,438547,8.401878498261794,7.415480504278094,16.205797757720575,1.0,0.0,111935,0.6079540424352844,0.3920459575647156,13836,0.12239652127027512,0.0008770283893682063,29.223939985968173,0.05693651735782623,0.9430634826421738,0.2574969530105591,0.3668878376483917,0.040066152811050415,0.5100151896476746,0.48998481035232544,0.5444689989089966,0.5719107389450073,0.4306216537952423,0.5100151896476746,0.48998481035232544,0.5100151896476746,0.48998481035232544,0.6279667387138869,0.37203326128611314,0.9383806586265564,1.0,0.0,0.0,0.5235194298905991,0.4764805701094009,0.0,0.0,0.0,0.029807524755597115,0.01943463273346424,1.0,0.0,0.05401473492383957,0.0023099007084965706,371824
b2_cityscapes_val,2026-07-07 05:27:32,cityscapes,val,all,student_skd,/scratch/gautschi/manors/hf_cache/hub/models--nvidia--mit-b2/snapshots/3bb39e8739149c3777d0325349b2a6c32c6413db,runs/mit-b2_skd_j9196921/student_skd.ckpt,skd,img_000093,/home/manors/Guardrail-Distillation/data/cityscapes/leftImg8bit/val/frankfurt/frankfurt_000001_015091_leftImg8bit.png,,0.6530246563235524,0.34697534367644756,0.9680289030075073,0.9741135835647583,0.08647800981998444,0.06644938886165619,0.18782642483711243,0.9396960139274597,0.18433476984500885,-8.134249687194824,8.102598190307617,0.004947389010339975,0.034522414207458496,457413,8.401878498261794,7.415480504278094,16.205797757720575,0.6507811115579918,0.3492188884420082,126850,0.8253350838941336,0.17466491610586643,42103,0.06704077124595642,0.0004069081915076822,29.223939985968173,0.028573716059327126,0.9714262839406729,0.07258289307355881,0.22119222581386566,0.01593879610300064,0.5039846301078796,0.49601536989212036,0.514410674571991,0.5358161330223083,0.4256887435913086,0.5039846301078796,0.49601536989212036,0.5039846301078796,0.49601536989212036,0.8334779103439991,0.1665220896560009,0.9766862988471985,0.9620018498364175,0.037998150163582545,0.31122073827842567,0.8168791190608509,0.18312088093914913,0.0,0.18045325402044665,0.18045325402044665,0.013972056098282337,0.005314671900123358,0.8195467459795533,0.18045325402044665,0.020460721105337143,0.0012046006741002202,422369
b2_cityscapes_val,2026-07-07 05:27:32,cityscapes,val,all,student_skd,/scratch/gautschi/manors/hf_cache/hub/models--nvidia--mit-b2/snapshots/3bb39e8739149c3777d0325349b2a6c32c6413db,runs/mit-b2_skd_j9196921/student_skd.ckpt,skd,img_000094,/home/manors/Guardrail-Distillation/data/cityscapes/leftImg8bit/val/frankfurt/frankfurt_000001_015328_leftImg8bit.png,,0.5471847354534068,0.45281526454659315,0.9738031029701233,0.9852713942527771,0.06392426788806915,0.036751024425029755,0.1330990344285965,0.9651054739952087,0.10784029960632324,-8.860895156860352,8.843228340148926,0.0012499700533226132,0.018742993474006653,457611,8.401878498261794,7.415480504278094,16.205797757720575,0.8119535714024684,0.18804642859753162,125543,0.42443819083921286,0.5755618091607871,99205,0.03708959370851517,0.00023923601838760078,29.223939985968173,0.015496239066123962,0.984503760933876,0.01677895151078701,0.09454287588596344,0.008556601591408253,0.502139151096344,0.497860848903656,0.5073830485343933,0.519515335559845,0.40710923075675964,0.502139151096344,0.497860848903656,0.502139151096344,0.497860848903656,0.5923246040782798,0.4076753959217202,0.9781364798545837,0.8396417311517496,0.16035826884825044,0.027688159749281183,0.5320287255142973,0.46797127448570275,0.10759053467508439,0.04513986862487296,0.04513986862487296,0.007231032941490412,0.002897657686844468,0.954860131375127,0.04513986862487296,0.01101372204720974,0.0008959575206972659,436894
b2_cityscapes_val,2026-07-07 05:27:32,cityscapes,val,all,student_skd,/scratch/gautschi/manors/hf_cache/hub/models--nvidia--mit-b2/snapshots/3bb39e8739149c3777d0325349b2a6c32c6413db,runs/mit-b2_skd_j9196921/student_skd.ckpt,skd,img_000095,/home/manors/Guardrail-Distillation/data/cityscapes/leftImg8bit/val/frankfurt/frankfurt_000001_015768_leftImg8bit.png,,0.6597593403713448,0.34024065962865524,0.8896822333335876,0.97341388463974,0.084851935505867,0.06936531513929367,0.18204611539840698,0.935199499130249,0.19787514209747314,-8.26514720916748,8.233028411865234,0.004260010085999966,0.03306679055094719,381924,8.401878498261794,7.415480504278094,16.205797757720575,0.5731809643045821,0.4268190356954179,126645,0.7265219675723729,0.27347803242762714,100824,0.07003248482942581,0.00039493184885941446,29.223939985968173,0.03238597884774208,0.9676140211522579,0.10580640286207199,0.2327503114938736,0.028550541028380394,0.50713711977005,0.49286288022994995,0.5239089131355286,0.5492066144943237,0.42908093333244324,0.50713711977005,0.49286288022994995,0.50713711977005,0.49286288022994995,0.7471047071156866,0.25289529288431345,0.973332405090332,0.8611402207835699,0.1388597792164301,0.2879592564789878,0.7743963041099259,0.22560369589007412,0.04787433653755302,0.08734536674434179,0.08734536674434179,0.08733674883842468,0.0036865973379462957,0.9126546332556582,0.08734536674434179,0.09461044520139694,0.06435311585664749,352011
b2_cityscapes_val,2026-07-07 05:27:32,cityscapes,val,all,student_skd,/scratch/gautschi/manors/hf_cache/hub/models--nvidia--mit-b2/snapshots/3bb39e8739149c3777d0325349b2a6c32c6413db,runs/mit-b2_skd_j9196921/student_skd.ckpt,skd,img_000096,/home/manors/Guardrail-Distillation/data/cityscapes/leftImg8bit/val/frankfurt/frankfurt_000001_016029_leftImg8bit.png,,0.5467174050685362,0.45328259493146383,0.897590160369873,0.9435132741928101,0.12638530135154724,0.14451885223388672,0.2816246449947357,0.8845804333686829,0.3295029401779175,-8.043371200561523,7.973086833953857,0.01569533348083496,0.08028335124254227,454976,7.9093422391451895,7.403480762150139,16.203373263124377,0.8658184623558047,0.13418153764419527,126850,0.37668829007495963,0.6233117099250404,15251,0.14560861885547638,0.0007468777475878596,29.226068494608626,0.06512922048568726,0.9348707795143127,0.2833719551563263,0.41350486874580383,0.0530690997838974,0.5132641792297363,0.48673582077026367,0.5563633441925049,0.5929909348487854,0.4374968707561493,0.5132641792297363,0.48673582077026367,0.5132641792297363,0.48673582077026367,0.626134091915432,0.373865908084568,0.9293391108512878,0.9251000071801875,0.07489999281981252,0.05928154482438275,0.3739677464500397,0.6260322535499603,0.0,0.07941668684689585,0.07941668684689585,0.043457236140966415,0.01170830987393856,0.9205833131531042,0.07941668684689585,0.06019658222794533,0.005154117941856384,378831
b2_cityscapes_val,2026-07-07 05:27:32,cityscapes,val,all,student_skd,/scratch/gautschi/manors/hf_cache/hub/models--nvidia--mit-b2/snapshots/3bb39e8739149c3777d0325349b2a6c32c6413db,runs/mit-b2_skd_j9196921/student_skd.ckpt,skd,img_000097,/home/manors/Guardrail-Distillation/data/cityscapes/leftImg8bit/val/frankfurt/frankfurt_000001_016273_leftImg8bit.png,,0.5888643803226875,0.4111356196773125,0.9544858932495117,0.9708334803581238,0.09034879505634308,0.07485410571098328,0.19894953072071075,0.932142972946167,0.210379958152771,-8.118941307067871,8.083491325378418,0.00436629680916667,0.038336411118507385,432174,7.9093422391451895,7.403480762150139,16.203373263124377,0.9415292826634333,0.058470717336566724,126564,0.6325184930162472,0.3674815069837528,22328,0.0756324827671051,0.00046568308607675135,29.226068494608626,0.04054712876677513,0.9594528712332249,0.14282721281051636,0.30543798208236694,0.029338162392377853,0.5073339939117432,0.49266600608825684,0.5256741642951965,0.5597882866859436,0.42362669110298157,0.5073339939117432,0.49266600608825684,0.5073339939117432,0.49266600608825684,0.5750228748981937,0.4249771251018063,0.9585490822792053,0.9181687977922696,0.08183120220773044,0.0,0.4783902234938819,0.5216097765061181,0.0,0.0,0.0,0.012941546738147736,0.008878367953002453,1.0,0.0,0.027336210012435913,0.0006802815478295088,393481
b2_cityscapes_val,2026-07-07 05:27:32,cityscapes,val,all,student_skd,/scratch/gautschi/manors/hf_cache/hub/models--nvidia--mit-b2/snapshots/3bb39e8739149c3777d0325349b2a6c32c6413db,runs/mit-b2_skd_j9196921/student_skd.ckpt,skd,img_000098,/home/manors/Guardrail-Distillation/data/cityscapes/leftImg8bit/val/frankfurt/frankfurt_000001_016462_leftImg8bit.png,,0.6365243215747532,0.36347567842524675,0.9156809449195862,0.941642165184021,0.12625521421432495,0.15627381205558777,0.2923758029937744,0.8690780401229858,0.40078192949295044,-7.977176666259766,7.90478515625,0.01577230915427208,0.07882317155599594,443055,7.9093422391451895,7.403480762150139,16.203373263124377,0.5024149436860312,0.49758505631396877,126679,0.5977462357005486,0.40225376429945137,73721,0.15795911848545074,0.0010833280393853784,29.226068494608626,0.07083145529031754,0.9291685447096825,0.2812148630619049,0.38943496346473694,0.05901585519313812,0.5147497057914734,0.4852502942085266,0.5527204275131226,0.5804061889648438,0.4490005075931549,0.5147497057914734,0.4852502942085266,0.5147497057914734,0.4852502942085266,0.6573502409588029,0.3426497590411971,0.9241516590118408,0.5204895181078404,0.4795104818921596,0.018074574421809153,0.6454125879536099,0.3545874120463901,0.04766635225306126,0.02082591938404965,0.02082591938404965,0.02889934740960598,0.02042861469089985,0.9791740806159503,0.02082591938404965,0.0629131868481636,0.002694925060495734,366724
b2_cityscapes_val,2026-07-07 05:27:32,cityscapes,val,all,student_skd,/scratch/gautschi/manors/hf_cache/hub/models--nvidia--mit-b2/snapshots/3bb39e8739149c3777d0325349b2a6c32c6413db,runs/mit-b2_skd_j9196921/student_skd.ckpt,skd,img_000099,/home/manors/Guardrail-Distillation/data/cityscapes/leftImg8bit/val/frankfurt/frankfurt_000001_017101_leftImg8bit.png,,0.7455000538748687,0.25449994612513127,0.914819598197937,0.9453709721565247,0.12410884350538254,0.14306609332561493,0.28535327315330505,0.8838247656822205,0.3451347351074219,-7.758139610290527,7.690196514129639,0.015131875872612,0.07470511645078659,462137,7.9093422391451895,7.403480762150139,16.203373263124377,0.7678004897764482,0.23219951022355179,126850,0.8536136020324553,0.1463863979675447,20373,0.14456480741500854,0.0011041646357625723,29.226068494608626,0.0708884671330452,0.9291115328669548,0.29476866126060486,0.42241793870925903,0.05776100978255272,0.5144362449645996,0.4855637550354004,0.5559130311012268,0.5921812057495117,0.44664615392684937,0.5144362449645996,0.4855637550354004,0.5144362449645996,0.4855637550354004,0.6752490287274954,0.32475097127250463,0.9434409737586975,0.8945829094183898,0.1054170905816102,0.1267824196419416,0.5884483028987321,0.41155169710126793,0.0,0.0,0.0,0.039421211928129196,0.010799827985465527,1.0,0.0,0.05594661086797714,0.0060782842338085175,386720
b2_cityscapes_val,2026-07-07 05:27:33,cityscapes,val,all,student_skd,/scratch/gautschi/manors/hf_cache/hub/models--nvidia--mit-b2/snapshots/3bb39e8739149c3777d0325349b2a6c32c6413db,runs/mit-b2_skd_j9196921/student_skd.ckpt,skd,img_000100,/home/manors/Guardrail-Distillation/data/cityscapes/leftImg8bit/val/frankfurt/frankfurt_000001_017459_leftImg8bit.png,,0.502911481786284,0.497088518213716,0.7719672322273254,0.9356894493103027,0.12678641080856323,0.16640931367874146,0.27531152963638306,0.8579616546630859,0.4133151173591614,-7.24691104888916,7.168240547180176,0.012655528262257576,0.0830385759472847,450080,7.928815495688468,7.415501750074327,16.21091100969352,0.5089052710253712,0.4910947289746288,126850,0.6697522858486025,0.33024771415139753,69511,0.16813436150550842,0.000886083347722888,29.22503399895504,0.0767727643251419,0.9232272356748581,0.28913450241088867,0.3740324079990387,0.06253532320261002,0.5156286954879761,0.4843713045120239,0.5569834113121033,0.5783247351646423,0.4492093026638031,0.5156286954879761,0.4843713045120239,0.5156286954879761,0.4843713045120239,0.5770914394501311,0.4229085605498689,0.9106248021125793,0.6907632907837913,0.3092367092162087,0.1818580197584201,0.665590110530035,0.33440988946996497,0.0,0.07417995766384711,0.07417995766384711,0.1562611162662506,0.017603538930416107,0.9258200423361529,0.07417995766384711,0.18067455291748047,0.1164926290512085,362971
b2_cityscapes_val,2026-07-07 05:27:33,cityscapes,val,all,student_skd,/scratch/gautschi/manors/hf_cache/hub/models--nvidia--mit-b2/snapshots/3bb39e8739149c3777d0325349b2a6c32c6413db,runs/mit-b2_skd_j9196921/student_skd.ckpt,skd,img_000101,/home/manors/Guardrail-Distillation/data/cityscapes/leftImg8bit/val/frankfurt/frankfurt_000001_017842_leftImg8bit.png,,0.59350939423134,0.40649060576866003,0.8988020420074463,0.9471698999404907,0.12187957018613815,0.13687288761138916,0.275607705116272,0.8868318796157837,0.3346850275993347,-7.912755966186523,7.847179412841797,0.013126598671078682,0.07362602651119232,459525,7.928815495688468,7.415501750074327,16.21091100969352,0.44637382988944874,0.5536261701105513,126850,0.8663462587488265,0.13365374125117346,22479,0.13814392685890198,0.0008322159410454333,29.22503399895504,0.06017673760652542,0.9398232623934746,0.251271516084671,0.36585870385169983,0.04836006090044975,0.5120876431465149,0.4879123568534851,0.5486727952957153,0.5788533687591553,0.44880908727645874,0.5120876431465149,0.4879123568534851,0.5120876431465149,0.4879123568534851,0.6408838393611995,0.3591161606388005,0.9184440970420837,0.986990362266356,0.013009637733644053,0.5406165323769072,0.7701572739727995,0.22984272602720046,0.0,0.047374445129859555,0.047374445129859555,0.03180675953626633,0.012164736166596413,0.9526255548701404,0.047374445129859555,0.052169088274240494,0.0032054840121418238,388418
b2_cityscapes_val,2026-07-07 05:27:33,cityscapes,val,all,student_skd,/scratch/gautschi/manors/hf_cache/hub/models--nvidia--mit-b2/snapshots/3bb39e8739149c3777d0325349b2a6c32c6413db,runs/mit-b2_skd_j9196921/student_skd.ckpt,skd,img_000102,/home/manors/Guardrail-Distillation/data/cityscapes/leftImg8bit/val/frankfurt/frankfurt_000001_018113_leftImg8bit.png,,0.6251068777413531,0.3748931222586469,0.9398790597915649,0.9578021764755249,0.10516247153282166,0.11286316066980362,0.2381119579076767,0.9008801579475403,0.3025531470775604,-7.925297260284424,7.874115943908691,0.007445645984262228,0.05314265936613083,430050,7.928815495688468,7.415501750074327,16.21091100969352,0.6409946121447377,0.35900538785526226,126850,0.744209698657928,0.25579030134207204,22270,0.11416593194007874,0.0007493594894185662,29.22503399895504,0.0596085749566555,0.9403914250433445,0.25007086992263794,0.3781167268753052,0.05308021232485771,0.513266921043396,0.486733078956604,0.5505790710449219,0.5842472314834595,0.4392067492008209,0.513266921043396,0.486733078956604,0.513266921043396,0.486733078956604,0.6375522913439744,0.3624477086560256,0.9383955597877502,0.6625993980341724,0.33740060196582755,0.021604785889434708,0.7403947182569464,0.25960528174305364,0.0,0.012445413602621302,0.012445413602621302,0.022825252264738083,0.02430880069732666,0.9875545863973787,0.012445413602621302,0.05324729532003403,0.0036995697300881147,373954
b2_cityscapes_val,2026-07-07 05:27:33,cityscapes,val,all,student_skd,/scratch/gautschi/manors/hf_cache/hub/models--nvidia--mit-b2/snapshots/3bb39e8739149c3777d0325349b2a6c32c6413db,runs/mit-b2_skd_j9196921/student_skd.ckpt,skd,img_000103,/home/manors/Guardrail-Distillation/data/cityscapes/leftImg8bit/val/frankfurt/frankfurt_000001_019698_leftImg8bit.png,,0.5468876749742267,0.45311232502577325,0.9450711011886597,0.9674431681632996,0.09756845980882645,0.081671804189682,0.21318021416664124,0.9310342073440552,0.20032887160778046,-8.574056625366211,8.533992767333984,0.006087386514991522,0.045122213661670685,463253,7.928815495688468,7.415501750074327,16.21091100969352,0.907515499679279,0.09248450032072097,126850,0.6387242126128772,0.36127578738712285,1876,0.08232226222753525,0.0004926114925183356,29.22503399895504,0.03751755133271217,0.9624824486672878,0.1331677883863449,0.30105531215667725,0.023667126893997192,0.5059165358543396,0.4940834641456604,0.5213386416435242,0.5475211143493652,0.3992099463939667,0.5059165358543396,0.4940834641456604,0.5059165358543396,0.4940834641456604,0.5946954407878456,0.40530455921215436,0.9400457143783569,0.9149552283673472,0.08504477163265278,0.007439728688068192,0.7677575067909845,0.23224249320901547,0.12903329417810738,0.0478077658136189,0.0478077658136189,0.013077087700366974,0.01810242049396038,0.9521922341863811,0.0478077658136189,0.03407209366559982,0.001534798531793058,418232
b2_cityscapes_val,2026-07-07 05:27:33,cityscapes,val,all,student_skd,/scratch/gautschi/manors/hf_cache/hub/models--nvidia--mit-b2/snapshots/3bb39e8739149c3777d0325349b2a6c32c6413db,runs/mit-b2_skd_j9196921/student_skd.ckpt,skd,img_000104,/home/manors/Guardrail-Distillation/data/cityscapes/leftImg8bit/val/frankfurt/frankfurt_000001_019854_leftImg8bit.png,,0.5101415847722277,0.4898584152277723,0.9382371306419373,0.9599433541297913,0.10462215542793274,0.1054278090596199,0.2379375547170639,0.9106435179710388,0.2649998962879181,-8.407362937927246,8.35839557647705,0.00850651040673256,0.05103687942028046,457767,7.932418491691351,7.411265774862841,16.2051085208077,0.9297164880725561,0.07028351192744386,126850,0.37494130069916787,0.6250586993008321,34552,0.10630830377340317,0.0006150411791168153,29.22480824054219,0.047187257558107376,0.9528127424418926,0.19342873990535736,0.32919812202453613,0.03238944709300995,0.5080966949462891,0.49190330505371094,0.531287431716919,0.5566086173057556,0.42037010192871094,0.5080966949462891,0.49190330505371094,0.5080966949462891,0.49190330505371094,0.5299853736229266,0.47001462637707336,0.9470188617706299,0.9345621701046564,0.06543782989534364,0.004845682032100229,0.37088803350328625,0.6291119664967137,0.0,0.01984378885069893,0.01984378885069893,0.018371790647506714,0.009590031579136848,0.9801562111493011,0.01984378885069893,0.03277868404984474,0.001509501482360065,401261
b2_cityscapes_val,2026-07-07 05:27:33,cityscapes,val,all,student_skd,/scratch/gautschi/manors/hf_cache/hub/models--nvidia--mit-b2/snapshots/3bb39e8739149c3777d0325349b2a6c32c6413db,runs/mit-b2_skd_j9196921/student_skd.ckpt,skd,img_000105,/home/manors/Guardrail-Distillation/data/cityscapes/leftImg8bit/val/frankfurt/frankfurt_000001_019969_leftImg8bit.png,,0.5804962472254568,0.4195037527745432,0.9602800011634827,0.9773865342140198,0.07942948490381241,0.05910847708582878,0.17497093975543976,0.9454367160797119,0.16972482204437256,-8.693970680236816,8.666583061218262,0.0034699628595262766,0.028445396572351456,457930,7.932418491691351,7.411265774862841,16.2051085208077,0.8493107807198401,0.15068921928015988,126850,0.5725940435590472,0.4274059564409528,2726,0.05988398194313049,0.00043900078162550926,29.22480824054219,0.028969042003154755,0.9710309579968452,0.07997491955757141,0.23058032989501953,0.01599179022014141,0.5039978623390198,0.4960021376609802,0.5166023373603821,0.5366629958152771,0.41769325733184814,0.5039978623390198,0.4960021376609802,0.5039978623390198,0.4960021376609802,0.6213589792734118,0.37864102072658823,0.9645622968673706,0.9217412804212821,0.07825871957871788,0.072430499701442,0.6067941144587247,0.39320588554127534,0.03420007089967747,0.040862732047954986,0.040862732047954986,0.011322692036628723,0.007040377706289291,0.959137267952045,0.040862732047954986,0.020743345841765404,0.002563710790127516,426369
b2_cityscapes_val,2026-07-07 05:27:33,cityscapes,val,all,student_skd,/scratch/gautschi/manors/hf_cache/hub/models--nvidia--mit-b2/snapshots/3bb39e8739149c3777d0325349b2a6c32c6413db,runs/mit-b2_skd_j9196921/student_skd.ckpt,skd,img_000106,/home/manors/Guardrail-Distillation/data/cityscapes/leftImg8bit/val/frankfurt/frankfurt_000001_020046_leftImg8bit.png,,0.6637419795698386,0.3362580204301614,0.9539966583251953,0.9690446257591248,0.09279929101467133,0.0788053572177887,0.2000540941953659,0.9304444789886475,0.20616313815116882,-8.436637878417969,8.398996353149414,0.0045821103267371655,0.04116956889629364,460923,7.932418491691351,7.411265774862841,16.2051085208077,0.499988158206363,0.500011841793637,126670,0.9339606404052869,0.06603935959471308,6008,0.07964525371789932,0.0005056267254985869,29.22480824054219,0.03590111434459686,0.9640988856554031,0.123742014169693,0.2667541205883026,0.021680923178792,0.5054200291633606,0.4945799708366394,0.5202363729476929,0.5448300242424011,0.42792850732803345,0.5054200291633606,0.4945799708366394,0.5054200291633606,0.4945799708366394,0.6030905996415511,0.3969094003584489,0.959572434425354,1.0,0.0,0.500011841793637,0.8891669602930431,0.1108330397069569,0.0,0.0,0.0,0.018248166888952255,0.012672399170696735,1.0,0.0,0.03425084054470062,0.001154205878265202,417827
b2_cityscapes_val,2026-07-07 05:27:33,cityscapes,val,all,student_skd,/scratch/gautschi/manors/hf_cache/hub/models--nvidia--mit-b2/snapshots/3bb39e8739149c3777d0325349b2a6c32c6413db,runs/mit-b2_skd_j9196921/student_skd.ckpt,skd,img_000107,/home/manors/Guardrail-Distillation/data/cityscapes/leftImg8bit/val/frankfurt/frankfurt_000001_020287_leftImg8bit.png,,0.6504165821834654,0.34958341781653457,0.9483059644699097,0.9655798673629761,0.0985858291387558,0.08787930756807327,0.2188904881477356,0.924412190914154,0.224537193775177,-8.339064598083496,8.29693603515625,0.006327895447611809,0.04604760557413101,462239,7.932418491691351,7.411265774862841,16.2051085208077,0.9816565920925429,0.018343407907457143,126850,0.4373965864695253,0.5626034135304747,11199,0.08867562562227249,0.0005290145054459572,29.22480824054219,0.03938256949186325,0.9606174305081367,0.14515283703804016,0.2972291111946106,0.028160063549876213,0.5070395469665527,0.49296045303344727,0.5246243476867676,0.5534738302230835,0.4124060571193695,0.5070395469665527,0.49296045303344727,0.5070395469665527,0.49296045303344727,0.7469518427298586,0.2530481572701414,0.9597308039665222,0.9963487883648985,0.0036512116351015145,0.014692196272355629,0.8647557626056923,0.1352442373943077,0.42735917613616703,0.09653526054639316,0.09653526054639316,0.021337445825338364,0.009912621229887009,0.9034647394536068,0.09653526054639316,0.034787196666002274,0.0016073936130851507,413758
b2_cityscapes_val,2026-07-07 05:27:33,cityscapes,val,all,student_skd,/scratch/gautschi/manors/hf_cache/hub/models--nvidia--mit-b2/snapshots/3bb39e8739149c3777d0325349b2a6c32c6413db,runs/mit-b2_skd_j9196921/student_skd.ckpt,skd,img_000108,/home/manors/Guardrail-Distillation/data/cityscapes/leftImg8bit/val/frankfurt/frankfurt_000001_020693_leftImg8bit.png,,0.6303252669578833,0.36967473304211673,0.9381294846534729,0.9678263068199158,0.0958356261253357,0.08463308215141296,0.21715660393238068,0.9268853664398193,0.22033122181892395,-8.42518424987793,8.385723114013672,0.007109030149877071,0.041911862790584564,464761,7.930043764645234,7.409781246678904,16.207245003897697,0.9778913822113214,0.022108617788678564,126850,0.7362888713564676,0.2637111286435324,9907,0.0855257511138916,0.0005307007231749594,29.212923749582842,0.0383647121489048,0.9616352878510952,0.136594757437706,0.28674617409706116,0.026942767202854156,0.5067352652549744,0.49326473474502563,0.5244787335395813,0.5508875250816345,0.4205077290534973,0.5067352652549744,0.49326473474502563,0.5067352652549744,0.49326473474502563,0.7105987668410116,0.28940123315898836,0.9513448476791382,0.9618288300365435,0.038171169963456486,0.0,0.8120532672527764,0.18794673274722362,0.07576439589630879,0.08027349988312837,0.08027349988312837,0.02174881286919117,0.00853341817855835,0.9197265001168716,0.08027349988312837,0.036668308079242706,0.00537480553612113,419806
b2_cityscapes_val,2026-07-07 05:27:33,cityscapes,val,all,student_skd,/scratch/gautschi/manors/hf_cache/hub/models--nvidia--mit-b2/snapshots/3bb39e8739149c3777d0325349b2a6c32c6413db,runs/mit-b2_skd_j9196921/student_skd.ckpt,skd,img_000109,/home/manors/Guardrail-Distillation/data/cityscapes/leftImg8bit/val/frankfurt/frankfurt_000001_021406_leftImg8bit.png,,0.7722655584660431,0.22773444153395694,0.9193354249000549,0.9494942426681519,0.11497082561254501,0.12876564264297485,0.2440548986196518,0.8879814147949219,0.32412898540496826,-8.18207836151123,8.120515823364258,0.008581891655921936,0.0668305829167366,460388,7.930043764645234,7.409781246678904,16.207245003897697,1.0,0.0,126850,0.9505163755101044,0.04948362448989563,17337,0.12987791001796722,0.0007176879444159567,29.212923749582842,0.08298591524362564,0.9170140847563744,0.3425563871860504,0.4330896735191345,0.08890220522880554,0.5222108960151672,0.47778910398483276,0.5865247249603271,0.6294450759887695,0.4387691915035248,0.5222108960151672,0.47778910398483276,0.5222108960151672,0.47778910398483276,0.8588687637578101,0.14113123624218993,0.9546034932136536,1.0,0.0,0.0,0.9709122390276899,0.02908776097231014,0.02039586351758549,0.08660320529176702,0.08660320529176702,0.051028698682785034,0.015760619193315506,0.913396794708233,0.08660320529176702,0.07067299634218216,0.008405953645706177,390726
b2_cityscapes_val,2026-07-07 05:27:33,cityscapes,val,all,student_skd,/scratch/gautschi/manors/hf_cache/hub/models--nvidia--mit-b2/snapshots/3bb39e8739149c3777d0325349b2a6c32c6413db,runs/mit-b2_skd_j9196921/student_skd.ckpt,skd,img_000110,/home/manors/Guardrail-Distillation/data/cityscapes/leftImg8bit/val/frankfurt/frankfurt_000001_021825_leftImg8bit.png,,0.6322838110076817,0.3677161889923183,0.9261483550071716,0.9576362371444702,0.10755779594182968,0.11006791144609451,0.2406316101551056,0.905320405960083,0.28072112798690796,-8.088913917541504,8.037054061889648,0.00844554789364338,0.05499642714858055,463321,7.930043764645234,7.409781246678904,16.207245003897697,0.9531193485741691,0.046880651425830866,126850,0.6356675122429175,0.3643324877570825,43884,0.11119340360164642,0.0006977964076213539,29.212923749582842,0.048369716852903366,0.9516302831470966,0.18876703083515167,0.32737261056900024,0.03880154341459274,0.5096991658210754,0.49030083417892456,0.5341886878013611,0.5585470199584961,0.43386220932006836,0.5096991658210754,0.49030083417892456,0.5096991658210754,0.49030083417892456,0.6737217756818598,0.32627822431814024,0.9241238236427307,0.9364008317866883,0.06359916821331169,0.0,0.9261737893329568,0.0738262106670432,0.2905062770900393,0.04143796467417804,0.04143796467417804,0.018488261848688126,0.02051277458667755,0.958562035325822,0.04143796467417804,0.04405584558844566,0.002067680936306715,403808
b2_cityscapes_val,2026-07-07 05:27:33,cityscapes,val,all,student_skd,/scratch/gautschi/manors/hf_cache/hub/models--nvidia--mit-b2/snapshots/3bb39e8739149c3777d0325349b2a6c32c6413db,runs/mit-b2_skd_j9196921/student_skd.ckpt,skd,img_000111,/home/manors/Guardrail-Distillation/data/cityscapes/leftImg8bit/val/frankfurt/frankfurt_000001_023235_leftImg8bit.png,,0.5572770439239381,0.44272295607606194,0.9066696763038635,0.9520708918571472,0.11418453603982925,0.12370489537715912,0.25497233867645264,0.8979034423828125,0.2935103476047516,-7.822173595428467,7.763298511505127,0.010735943913459778,0.062482450157403946,430889,7.930043764645234,7.409781246678904,16.207245003897697,0.8814032991527206,0.11859670084727936,126850,0.5196552339685594,0.4803447660314406,7354,0.12469003349542618,0.0006540528265759349,29.212923749582842,0.06968497484922409,0.9303150251507759,0.2854473888874054,0.40573620796203613,0.06994050741195679,0.5174779891967773,0.48252201080322266,0.5634337067604065,0.5952200293540955,0.4328635036945343,0.5174779891967773,0.48252201080322266,0.5174779891967773,0.48252201080322266,0.6849896759302239,0.31501032406977614,0.9510477185249329,0.8876071144464325,0.11239288555356752,0.006203815293711834,0.7081131486780488,0.29188685132195125,0.18845791470948936,0.1277126320062858,0.1277126320062858,0.05620472878217697,0.01182671170681715,0.8722873679937142,0.1277126320062858,0.07219260931015015,0.016786225140094757,367454
b2_cityscapes_val,2026-07-07 05:27:34,cityscapes,val,all,student_skd,/scratch/gautschi/manors/hf_cache/hub/models--nvidia--mit-b2/snapshots/3bb39e8739149c3777d0325349b2a6c32c6413db,runs/mit-b2_skd_j9196921/student_skd.ckpt,skd,img_000112,/home/manors/Guardrail-Distillation/data/cityscapes/leftImg8bit/val/frankfurt/frankfurt_000001_023369_leftImg8bit.png,,0.5325925215271304,0.46740747847286956,0.9536711573600769,0.9646367430686951,0.09944487363100052,0.09149826318025589,0.22056208550930023,0.9195448756217957,0.24383237957954407,-7.882004261016846,7.838779926300049,0.006724977865815163,0.04714105650782585,453087,7.932075503049418,7.407853234326467,16.207615728490055,0.9466267858431251,0.053373214156874904,126850,0.5851276322496202,0.41487236775037983,9772,0.0923139750957489,0.00045773189049214125,29.248696489958093,0.047923825681209564,0.9520761743187904,0.1878918558359146,0.3208567202091217,0.043929215520620346,0.5109805464744568,0.4890194535255432,0.542680025100708,0.5701659321784973,0.4264691472053528,0.5109805464744568,0.4890194535255432,0.5109805464744568,0.4890194535255432,0.5064025059820644,0.4935974940179356,0.9116925001144409,0.4435726724876706,0.5564273275123294,0.0,0.5990138983656288,0.4009861016343712,0.013886266116008628,0.0,0.0,0.012918049469590187,0.05489674210548401,1.0,0.0,0.07421974092721939,0.00041934550972655416,405027
b2_cityscapes_val,2026-07-07 05:27:34,cityscapes,val,all,student_skd,/scratch/gautschi/manors/hf_cache/hub/models--nvidia--mit-b2/snapshots/3bb39e8739149c3777d0325349b2a6c32c6413db,runs/mit-b2_skd_j9196921/student_skd.ckpt,skd,img_000113,/home/manors/Guardrail-Distillation/data/cityscapes/leftImg8bit/val/frankfurt/frankfurt_000001_023769_leftImg8bit.png,,0.5716054098848818,0.42839459011511816,0.9375410079956055,0.9620330333709717,0.10434373468160629,0.09746987372636795,0.23058770596981049,0.9157156944274902,0.25113773345947266,-8.189906120300293,8.143064498901367,0.008768300525844097,0.05049676448106766,430186,7.932075503049418,7.407853234326467,16.207615728490055,0.6311681474302844,0.3688318525697156,103014,0.8923284574990213,0.10767154250097866,66761,0.09830780327320099,0.000599850551225245,29.248696489958093,0.04894497990608215,0.9510550200939178,0.19151265919208527,0.33006373047828674,0.03832029923796654,0.5095788836479187,0.4904211163520813,0.5393601059913635,0.5662530064582825,0.4246490001678467,0.5095788836479187,0.4904211163520813,0.5095788836479187,0.4904211163520813,0.6820521897699788,0.31794781023002117,0.9574788808822632,0.6815155804413161,0.3184844195586839,0.05034743301103173,0.9181992740805218,0.08180072591947818,0.025870816581500478,0.11044677988509699,0.11044677988509699,0.028808468952775,0.008870582096278667,0.889553220114903,0.11044677988509699,0.04099854454398155,0.005334901623427868,381687
b2_cityscapes_val,2026-07-07 05:27:34,cityscapes,val,all,student_skd,/scratch/gautschi/manors/hf_cache/hub/models--nvidia--mit-b2/snapshots/3bb39e8739149c3777d0325349b2a6c32c6413db,runs/mit-b2_skd_j9196921/student_skd.ckpt,skd,img_000114,/home/manors/Guardrail-Distillation/data/cityscapes/leftImg8bit/val/frankfurt/frankfurt_000001_024927_leftImg8bit.png,,0.5247915227870844,0.4752084772129156,0.9494746923446655,0.9640762209892273,0.10182718187570572,0.09567826241254807,0.23481376469135284,0.9169954061508179,0.25620490312576294,-8.204151153564453,8.159830093383789,0.00855490006506443,0.0478181429207325,461373,7.932075503049418,7.407853234326467,16.207615728490055,1.0,0.0,126850,0.41782970288556875,0.5821702971144312,39107,0.09668106585741043,0.0005955094238743186,29.248696489958093,0.0424705371260643,0.9575294628739357,0.16401728987693787,0.3103014826774597,0.026648884639143944,0.5066618323326111,0.4933381676673889,0.5231164693832397,0.54966139793396,0.4517403244972229,0.5066618323326111,0.4933381676673889,0.5066618323326111,0.4933381676673889,0.5045587118046535,0.4954412881953465,0.9563238024711609,1.0,0.0,0.0,0.3232695803006189,0.6767304196993811,0.0,0.0,0.0,0.014829649589955807,0.007980527356266975,1.0,0.0,0.028491046279668808,0.0012766242725774646,412172
b2_cityscapes_val,2026-07-07 05:27:34,cityscapes,val,all,student_skd,/scratch/gautschi/manors/hf_cache/hub/models--nvidia--mit-b2/snapshots/3bb39e8739149c3777d0325349b2a6c32c6413db,runs/mit-b2_skd_j9196921/student_skd.ckpt,skd,img_000115,/home/manors/Guardrail-Distillation/data/cityscapes/leftImg8bit/val/frankfurt/frankfurt_000001_025512_leftImg8bit.png,,0.5794365877171309,0.4205634122828691,0.9403091669082642,0.9547669291496277,0.11140834540128708,0.11845193058252335,0.2513635456562042,0.897684633731842,0.30759361386299133,-8.039533615112305,7.983949661254883,0.00942798238247633,0.05964476615190506,455983,7.932075503049418,7.407853234326467,16.207615728490055,0.9367541232522716,0.06324587674772841,126248,0.9109436326948149,0.08905636730518507,32350,0.11953140050172806,0.000713794375769794,29.248696489958093,0.0559239499270916,0.9440760500729084,0.23145711421966553,0.3468465209007263,0.03501162678003311,0.5087519884109497,0.4912480115890503,0.5364916324615479,0.5629633069038391,0.43795502185821533,0.5087519884109497,0.4912480115890503,0.5087519884109497,0.4912480115890503,0.6048496283436092,0.3951503716563908,0.9455198645591736,0.7045454466978901,0.2954545533021099,0.0,0.9025359659567753,0.09746403404322468,0.0,0.02541304062647831,0.02541304062647831,0.01883622817695141,0.01362550724297762,0.9745869593735217,0.02541304062647831,0.037277702242136,0.000315801240503788,394238
b2_cityscapes_val,2026-07-07 05:27:34,cityscapes,val,all,student_skd,/scratch/gautschi/manors/hf_cache/hub/models--nvidia--mit-b2/snapshots/3bb39e8739149c3777d0325349b2a6c32c6413db,runs/mit-b2_skd_j9196921/student_skd.ckpt,skd,img_000116,/home/manors/Guardrail-Distillation/data/cityscapes/leftImg8bit/val/frankfurt/frankfurt_000001_025713_leftImg8bit.png,,0.6023792015737298,0.3976207984262702,0.9472121000289917,0.9567127227783203,0.11022081226110458,0.11410149186849594,0.25375911593437195,0.9038083553314209,0.29084497690200806,-7.851410865783691,7.7980780601501465,0.00976063497364521,0.05767470970749855,462265,7.986985001480207,7.420615263981745,16.342590999556705,0.984798441296254,0.015201558703745954,126850,0.8896259206686078,0.1103740793313922,9386,0.11529900878667831,0.0007410588441416621,29.357169260038063,0.057877857238054276,0.9421221427619457,0.2422095388174057,0.3565138280391693,0.04563792794942856,0.5114074945449829,0.4885925054550171,0.5456404685974121,0.5748786330223083,0.43920212984085083,0.5114074945449829,0.4885925054550171,0.5114074945449829,0.4885925054550171,0.6221571319687438,0.3778428680312562,0.9505781531333923,0.6544824133701881,0.3455175866298119,0.0,0.8032164423478073,0.1967835576521927,0.0,0.019777930395013965,0.019777930395013965,0.019895514473319054,0.01652947999536991,0.980222069604986,0.019777930395013965,0.041160374879837036,0.000508366443682462,401968
b2_cityscapes_val,2026-07-07 05:27:34,cityscapes,val,all,student_skd,/scratch/gautschi/manors/hf_cache/hub/models--nvidia--mit-b2/snapshots/3bb39e8739149c3777d0325349b2a6c32c6413db,runs/mit-b2_skd_j9196921/student_skd.ckpt,skd,img_000117,/home/manors/Guardrail-Distillation/data/cityscapes/leftImg8bit/val/frankfurt/frankfurt_000001_025921_leftImg8bit.png,,0.6226945845414301,0.3773054154585699,0.9512344598770142,0.9600343704223633,0.10587314516305923,0.1079762652516365,0.24800826609134674,0.9084784984588623,0.27946093678474426,-7.961490154266357,7.912337303161621,0.009539813734591007,0.05162659287452698,464160,7.986985001480207,7.420615263981745,16.342590999556705,0.9826111012338834,0.0173888987661166,126850,0.6333060440065602,0.3666939559934398,47413,0.1092379167675972,0.0007690706988796592,29.357169260038063,0.05496863275766373,0.9450313672423363,0.22794993221759796,0.35513415932655334,0.046505898237228394,0.5116243958473206,0.48837560415267944,0.5437922477722168,0.5796058773994446,0.4405342936515808,0.5116243958473206,0.48837560415267944,0.5116243958473206,0.48837560415267944,0.5988977804652341,0.4011022195347659,0.9579024314880371,0.6554631276118017,0.3445368723881983,0.0,0.6268537081209063,0.37314629187909365,0.0,0.0,0.0,0.01892450824379921,0.012256549671292305,1.0,0.0,0.03524646535515785,0.00098888308275491,407964
b2_cityscapes_val,2026-07-07 05:27:34,cityscapes,val,all,student_skd,/scratch/gautschi/manors/hf_cache/hub/models--nvidia--mit-b2/snapshots/3bb39e8739149c3777d0325349b2a6c32c6413db,runs/mit-b2_skd_j9196921/student_skd.ckpt,skd,img_000118,/home/manors/Guardrail-Distillation/data/cityscapes/leftImg8bit/val/frankfurt/frankfurt_000001_027325_leftImg8bit.png,,0.5830251039584329,0.4169748960415671,0.9018747210502625,0.9700802564620972,0.09452486038208008,0.07883869856595993,0.21186582744121552,0.9284148812294006,0.2271289825439453,-8.04085636138916,8.00383186340332,0.007971051149070263,0.040368735790252686,453767,7.986985001480207,7.420615263981745,16.342590999556705,0.5173896748498135,0.48261032515018654,126850,0.9006382725418355,0.09936172745816452,80032,0.07978711277246475,0.0006043119938112795,29.357169260038063,0.037341244518756866,0.9626587554812431,0.12747180461883545,0.26392218470573425,0.029185626655817032,0.5072958469390869,0.4927041530609131,0.5262949466705322,0.551106870174408,0.44150131940841675,0.5072958469390869,0.4927041530609131,0.5072958469390869,0.4927041530609131,0.5882048011732822,0.4117951988267178,0.9118291735649109,0.5155656639041577,0.4844343360958423,0.0,0.6893183743778994,0.31068162562210055,0.0,0.005179697214849344,0.005179697214849344,0.015142131596803665,0.005187684204429388,0.9948203027851507,0.005179697214849344,0.023362210020422935,0.002851683646440506,414843
b2_cityscapes_val,2026-07-07 05:27:34,cityscapes,val,all,student_skd,/scratch/gautschi/manors/hf_cache/hub/models--nvidia--mit-b2/snapshots/3bb39e8739149c3777d0325349b2a6c32c6413db,runs/mit-b2_skd_j9196921/student_skd.ckpt,skd,img_000119,/home/manors/Guardrail-Distillation/data/cityscapes/leftImg8bit/val/frankfurt/frankfurt_000001_028232_leftImg8bit.png,,0.6199513716866609,0.3800486283133391,0.9552578330039978,0.9617807865142822,0.10542748868465424,0.09795986115932465,0.23561915755271912,0.9181948900222778,0.23842981457710266,-8.143379211425781,8.0961332321167,0.009298632852733135,0.05244429036974907,459745,7.986985001480207,7.420615263981745,16.342590999556705,0.8666508073733951,0.13334919262660494,126850,0.542413385621254,0.45758661437874604,32935,0.09876476973295212,0.0005442897672764957,29.357169260038063,0.04115152731537819,0.9588484726846218,0.154897078871727,0.3106926679611206,0.02784178964793682,0.5069599747657776,0.4930400252342224,0.5247877836227417,0.5514975786209106,0.424236923456192,0.5069599747657776,0.4930400252342224,0.5069599747657776,0.4930400252342224,0.5598802596186476,0.4401197403813524,0.9629838466644287,0.8674612403359058,0.13253875966409423,0.0008104329625107098,0.5757795677172646,0.4242204322827354,0.03336618209601061,0.0,0.0,0.016802793368697166,0.009076771326363087,1.0,0.0,0.02928145043551922,0.00043719890527427197,407777
b2_cityscapes_val,2026-07-07 05:27:34,cityscapes,val,all,student_skd,/scratch/gautschi/manors/hf_cache/hub/models--nvidia--mit-b2/snapshots/3bb39e8739149c3777d0325349b2a6c32c6413db,runs/mit-b2_skd_j9196921/student_skd.ckpt,skd,img_000120,/home/manors/Guardrail-Distillation/data/cityscapes/leftImg8bit/val/frankfurt/frankfurt_000001_028335_leftImg8bit.png,,0.6131972341299358,0.38680276587006424,0.9456285834312439,0.9659767150878906,0.09799831360578537,0.09079322218894958,0.22295145690441132,0.9191837310791016,0.24965481460094452,-7.91938591003418,7.877694606781006,0.007504988927394152,0.044666681438684464,445970,7.94405274791643,7.407823024550453,16.264440986560658,0.8398662751041414,0.16013372489585864,126345,0.8153913765775225,0.18460862342247752,64234,0.09168421477079391,0.0005428902804851532,29.35818475089036,0.03981325030326843,0.9601867496967316,0.14164040982723236,0.285938560962677,0.030363086611032486,0.5075901746749878,0.4924098253250122,0.5265616774559021,0.552697479724884,0.44457879662513733,0.5075901746749878,0.4924098253250122,0.5075901746749878,0.4924098253250122,0.5898903463244881,0.4101096536755119,0.955066442489624,0.8913744887783954,0.10862551122160458,0.051508213674254066,0.617147221310755,0.38285277868924505,0.0,0.0,0.0,0.017422696575522423,0.007984842173755169,1.0,0.0,0.029300177469849586,0.002103280508890748,401598
b2_cityscapes_val,2026-07-07 05:27:34,cityscapes,val,all,student_skd,/scratch/gautschi/manors/hf_cache/hub/models--nvidia--mit-b2/snapshots/3bb39e8739149c3777d0325349b2a6c32c6413db,runs/mit-b2_skd_j9196921/student_skd.ckpt,skd,img_000121,/home/manors/Guardrail-Distillation/data/cityscapes/leftImg8bit/val/frankfurt/frankfurt_000001_028590_leftImg8bit.png,,0.5669761679577056,0.43302383204229444,0.9047709107398987,0.9586313962936401,0.1037326529622078,0.10828068852424622,0.22826822102069855,0.9057238698005676,0.2750507593154907,-8.121929168701172,8.071828842163086,0.0064543550834059715,0.051450807601213455,456436,7.94405274791643,7.407823024550453,16.264440986560658,0.9854306880556667,0.014569311944333307,126850,0.5299976997329289,0.4700023002670711,56696,0.10931523889303207,0.0006024629692547023,29.35818475089036,0.0418098047375679,0.9581901952624321,0.15790782868862152,0.2799689769744873,0.02805962786078453,0.5070144534111023,0.4929855465888977,0.5296440720558167,0.5486169457435608,0.46948859095573425,0.5070144534111023,0.4929855465888977,0.5070144534111023,0.4929855465888977,0.5878603377760917,0.4121396622239083,0.9192702174186707,0.990641265188914,0.009358734811085956,0.005210577133247352,0.5756785054808311,0.4243214945191689,0.04568080574790223,0.020884169818386145,0.020884169818386145,0.022106057032942772,0.007606761995702982,0.9791158301816139,0.020884169818386145,0.033470191061496735,0.002480084775015712,398798
b2_cityscapes_val,2026-07-07 05:27:34,cityscapes,val,all,student_skd,/scratch/gautschi/manors/hf_cache/hub/models--nvidia--mit-b2/snapshots/3bb39e8739149c3777d0325349b2a6c32c6413db,runs/mit-b2_skd_j9196921/student_skd.ckpt,skd,img_000122,/home/manors/Guardrail-Distillation/data/cityscapes/leftImg8bit/val/frankfurt/frankfurt_000001_028854_leftImg8bit.png,,0.520366262449669,0.479633737550331,0.9194077253341675,0.9487482309341431,0.11912541091442108,0.13150274753570557,0.26466211676597595,0.8925192356109619,0.3097204864025116,-7.953432083129883,7.89019775390625,0.012077420018613338,0.07056315243244171,442313,7.94405274791643,7.407823024550453,16.264440986560658,0.9710059954925213,0.028994004507478688,126850,0.5358372900409345,0.4641627099590655,11478,0.1324102133512497,0.000698472314979881,29.35818475089036,0.05513042211532593,0.9448695778846741,0.2320614457130432,0.3487384021282196,0.04295671358704567,0.5107375383377075,0.4892624616622925,0.5444750785827637,0.5667210221290588,0.4407121241092682,0.5107375383377075,0.4892624616622925,0.5107375383377075,0.4892624616622925,0.5572721298656591,0.4427278701343409,0.9314308762550354,0.9580823324633269,0.04191766753667314,0.0,0.4624161188931922,0.5375838811068079,0.0,0.03690586741599011,0.03690586741599011,0.027064545080065727,0.015041384845972061,0.9630941325840099,0.03690586741599011,0.04561249539256096,0.0025389259681105614,374634
b2_cityscapes_val,2026-07-07 05:27:34,cityscapes,val,all,student_skd,/scratch/gautschi/manors/hf_cache/hub/models--nvidia--mit-b2/snapshots/3bb39e8739149c3777d0325349b2a6c32c6413db,runs/mit-b2_skd_j9196921/student_skd.ckpt,skd,img_000123,/home/manors/Guardrail-Distillation/data/cityscapes/leftImg8bit/val/frankfurt/frankfurt_000001_029086_leftImg8bit.png,,0.6939711468798436,0.3060288531201564,0.9357877969741821,0.9580559134483337,0.10437450557947159,0.10978061705827713,0.2285090982913971,0.9039484858512878,0.28180208802223206,-7.986304759979248,7.935525417327881,0.006716577801853418,0.052724044770002365,457078,7.94405274791643,7.407823024550453,16.264440986560658,0.560417820958974,0.43958217904102603,126850,0.8328335665339216,0.1671664334660784,41803,0.11085639894008636,0.0006395864184014499,29.35818475089036,0.04746974632143974,0.9525302536785603,0.18359556794166565,0.3057194948196411,0.03687817603349686,0.5092185139656067,0.4907814860343933,0.5386198163032532,0.560307502746582,0.4556752145290375,0.5092185139656067,0.4907814860343933,0.5092185139656067,0.4907814860343933,0.777887432646314,0.222112567353686,0.9560600519180298,0.6109839525001438,0.3890160474998562,0.050566131541169845,0.8248756715207571,0.17512432847924286,0.0,0.08391628576647037,0.08391628576647037,0.028756579384207726,0.008484329096972942,0.9160837142335296,0.08391628576647037,0.03988378494977951,0.002601306652650237,398604
b2_cityscapes_val,2026-07-07 05:27:35,cityscapes,val,all,student_skd,/scratch/gautschi/manors/hf_cache/hub/models--nvidia--mit-b2/snapshots/3bb39e8739149c3777d0325349b2a6c32c6413db,runs/mit-b2_skd_j9196921/student_skd.ckpt,skd,img_000124,/home/manors/Guardrail-Distillation/data/cityscapes/leftImg8bit/val/frankfurt/frankfurt_000001_029236_leftImg8bit.png,,0.5562044952535858,0.44379550474641416,0.9506611227989197,0.9670321345329285,0.09472920745611191,0.08772945404052734,0.21253591775894165,0.9210005402565002,0.2434827834367752,-7.538650989532471,7.498616695404053,0.006307072006165981,0.042038965970277786,448227,7.990542973857373,7.428444514516741,16.28936023917049,0.8835301461327056,0.11646985386729436,120357,0.3254567943144706,0.6745432056855294,108312,0.08922918885946274,0.001136855804361403,29.37435425701551,0.05992120876908302,0.940078791230917,0.23490890860557556,0.3594187796115875,0.0646166056394577,0.5161485075950623,0.48385149240493774,0.5570337772369385,0.5993264317512512,0.4361708164215088,0.5161485075950623,0.48385149240493774,0.5161485075950623,0.48385149240493774,0.5972422966374599,0.40275770336254013,0.9620258808135986,0.9134097345318433,0.08659026546815674,0.029879588399137624,0.42436184393513504,0.5756381560648649,0.09890504962066449,0.04103780138387403,0.04103780138387403,0.021013904362916946,0.009649128653109074,0.958962198616126,0.04103780138387403,0.03388015180826187,0.0028891609981656075,404351
b2_cityscapes_val,2026-07-07 05:27:35,cityscapes,val,all,student_skd,/scratch/gautschi/manors/hf_cache/hub/models--nvidia--mit-b2/snapshots/3bb39e8739149c3777d0325349b2a6c32c6413db,runs/mit-b2_skd_j9196921/student_skd.ckpt,skd,img_000125,/home/manors/Guardrail-Distillation/data/cityscapes/leftImg8bit/val/frankfurt/frankfurt_000001_029600_leftImg8bit.png,,0.41326625628470787,0.5867337437152922,0.9311580061912537,0.9766420125961304,0.08312245458364487,0.06288997083902359,0.1872153878211975,0.9380312561988831,0.20715312659740448,-7.502450942993164,7.47372579574585,0.005533227697014809,0.031052108854055405,439165,7.990542973857373,7.428444514516741,16.28936023917049,0.537996495281593,0.462003504718407,106125,0.3269246186130957,0.6730753813869044,72437,0.06379371881484985,0.00048643266200087965,29.37435425701551,0.058898162096738815,0.9411018379032612,0.23654179275035858,0.3464379608631134,0.06500346213579178,0.5162451863288879,0.48375481367111206,0.5692103505134583,0.6069550514221191,0.46053025126457214,0.5162451863288879,0.48375481367111206,0.5162451863288879,0.48375481367111206,0.46600536163606776,0.5339946383639322,0.9015677571296692,0.6631017081319877,0.33689829186801235,0.12510521285039466,0.3561985173086854,0.6438014826913145,0.02927389869558983,0.05273910535135995,0.05273910535135995,0.017153006047010422,0.046743251383304596,0.94726089464864,0.05273910535135995,0.07373082637786865,0.0059317112900316715,410054
b2_cityscapes_val,2026-07-07 05:27:35,cityscapes,val,all,student_skd,/scratch/gautschi/manors/hf_cache/hub/models--nvidia--mit-b2/snapshots/3bb39e8739149c3777d0325349b2a6c32c6413db,runs/mit-b2_skd_j9196921/student_skd.ckpt,skd,img_000126,/home/manors/Guardrail-Distillation/data/cityscapes/leftImg8bit/val/frankfurt/frankfurt_000001_030067_leftImg8bit.png,,0.5348039804449514,0.46519601955504863,0.9383533596992493,0.9657329320907593,0.10125837475061417,0.08802764117717743,0.22672876715660095,0.9253311157226562,0.2258637696504593,-7.870929718017578,7.828492641448975,0.00893445871770382,0.04830602556467056,433714,7.990542973857373,7.428444514516741,16.28936023917049,0.6860822996959348,0.3139177003040652,109198,0.22952290977798773,0.7704770902220123,31888,0.08888848125934601,0.000710026768501848,29.37435425701551,0.0495365709066391,0.9504634290933609,0.19824030995368958,0.3668724298477173,0.04656648263335228,0.5116394758224487,0.48836052417755127,0.5430649518966675,0.5948760509490967,0.43959882855415344,0.5116394758224487,0.48836052417755127,0.5116394758224487,0.48836052417755127,0.6396147775984565,0.36038522240154347,0.9554314613342285,0.7025929081517573,0.29740709184824266,0.01651060845582253,0.37388493504203635,0.6261150649579637,0.14436202526404862,0.10481079715350516,0.10481079715350516,0.025816552340984344,0.00873847771435976,0.8951892028464948,0.10481079715350516,0.04443250596523285,0.0024094218388199806,389686
b2_cityscapes_val,2026-07-07 05:27:35,cityscapes,val,all,student_skd,/scratch/gautschi/manors/hf_cache/hub/models--nvidia--mit-b2/snapshots/3bb39e8739149c3777d0325349b2a6c32c6413db,runs/mit-b2_skd_j9196921/student_skd.ckpt,skd,img_000127,/home/manors/Guardrail-Distillation/data/cityscapes/leftImg8bit/val/frankfurt/frankfurt_000001_030310_leftImg8bit.png,,0.6717346196606516,0.3282653803393484,0.9653381705284119,0.9725845456123352,0.0873129814863205,0.07112335413694382,0.1933038830757141,0.9367969036102295,0.19165687263011932,-8.204900741577148,8.171660423278809,0.004383615683764219,0.03528532013297081,466738,7.990542973857373,7.428444514516741,16.28936023917049,0.9022451774471891,0.09775482255281087,126850,0.8845943749753882,0.11540562502461182,82779,0.07180453091859818,0.0004459366318769753,29.37435425701551,0.026655880734324455,0.9733441192656755,0.07039444148540497,0.20818255841732025,0.016384659335017204,0.5040960311889648,0.49590396881103516,0.513655960559845,0.532303512096405,0.43209323287010193,0.5040960311889648,0.49590396881103516,0.5040960311889648,0.49590396881103516,0.6621171978484449,0.3378828021515551,0.9721749424934387,0.9334038190572056,0.0665961809427944,0.03115864161001647,0.9310268411779308,0.06897315882206922,0.0464324662025426,0.0,0.0,0.01269020326435566,0.005853390786796808,1.0,0.0,0.020148348063230515,0.0006556140724569559,427088
b2_cityscapes_val,2026-07-07 05:27:35,cityscapes,val,all,student_skd,/scratch/gautschi/manors/hf_cache/hub/models--nvidia--mit-b2/snapshots/3bb39e8739149c3777d0325349b2a6c32c6413db,runs/mit-b2_skd_j9196921/student_skd.ckpt,skd,img_000128,/home/manors/Guardrail-Distillation/data/cityscapes/leftImg8bit/val/frankfurt/frankfurt_000001_030669_leftImg8bit.png,,0.6954634894487697,0.3045365105512303,0.8985126614570618,0.952551543712616,0.11520533263683319,0.11914104968309402,0.2517605125904083,0.9013256430625916,0.28261128067970276,-8.007936477661133,7.94951057434082,0.009824653156101704,0.06590492278337479,450194,7.980783499078825,7.420771260512993,16.28397824242711,0.6485231347685483,0.3514768652314517,126612,0.9252554968205816,0.07474450317941839,67924,0.12014109641313553,0.0006872090161778033,29.3815502373036,0.06281084567308426,0.9371891543269157,0.294443815946579,0.42453762888908386,0.06418971717357635,0.5160419344902039,0.48395806550979614,0.5561075210571289,0.6240909695625305,0.4463643729686737,0.5160419344902039,0.48395806550979614,0.5160419344902039,0.48395806550979614,0.7796861452165599,0.22031385478344012,0.9413807988166809,0.6617155897782503,0.3382844102217497,0.013192455009702009,0.9521101896784312,0.047889810321568804,0.026854692857849582,0.0842226557677902,0.0842226557677902,0.056431226432323456,0.01356304157525301,0.9157773442322098,0.0842226557677902,0.09130508452653885,0.014002852141857147,385353
b2_cityscapes_val,2026-07-07 05:27:35,cityscapes,val,all,student_skd,/scratch/gautschi/manors/hf_cache/hub/models--nvidia--mit-b2/snapshots/3bb39e8739149c3777d0325349b2a6c32c6413db,runs/mit-b2_skd_j9196921/student_skd.ckpt,skd,img_000129,/home/manors/Guardrail-Distillation/data/cityscapes/leftImg8bit/val/frankfurt/frankfurt_000001_031266_leftImg8bit.png,,0.7079285660480471,0.2920714339519529,0.9787691235542297,0.982843279838562,0.06616713106632233,0.046144578605890274,0.14322127401828766,0.953395426273346,0.1508834958076477,-8.460851669311523,8.440523147583008,0.0013255486264824867,0.01957511529326439,451134,7.980783499078825,7.420771260512993,16.28397824242711,0.49997995477797913,0.5000200452220209,124718,0.5815313958223429,0.4184686041776571,59400,0.04676344245672226,0.00034113842411898077,29.3815502373036,0.025792032480239868,0.9742079675197601,0.05757131427526474,0.18899787962436676,0.019742194563150406,0.5049353837966919,0.4950646162033081,0.512977659702301,0.5316300392150879,0.4095373749732971,0.5049353837966919,0.4950646162033081,0.5049353837966919,0.4950646162033081,0.6719441413704985,0.3280558586295015,0.968858540058136,1.0,0.0,0.5000200452220209,0.6297145760981998,0.3702854239018002,0.048183180275856885,0.0,0.0,0.006567893549799919,0.01647847518324852,1.0,0.0,0.024254435673356056,0.00021058045967947692,427734
b2_cityscapes_val,2026-07-07 05:27:35,cityscapes,val,all,student_skd,/scratch/gautschi/manors/hf_cache/hub/models--nvidia--mit-b2/snapshots/3bb39e8739149c3777d0325349b2a6c32c6413db,runs/mit-b2_skd_j9196921/student_skd.ckpt,skd,img_000130,/home/manors/Guardrail-Distillation/data/cityscapes/leftImg8bit/val/frankfurt/frankfurt_000001_031416_leftImg8bit.png,,0.5722244744724304,0.4277755255275696,0.9708714485168457,0.9762033224105835,0.07997921109199524,0.0625162273645401,0.17496801912784576,0.9409385919570923,0.1860312521457672,-8.525278091430664,8.49666690826416,0.0030810332391411066,0.028528571128845215,456665,7.980783499078825,7.420771260512993,16.28397824242711,0.4999605759071484,0.5000394240928516,126826,0.49839947712858945,0.5016005228714105,98645,0.06324517726898193,0.0003823999722953886,29.3815502373036,0.02898344211280346,0.9710165578871965,0.08115779608488083,0.21375253796577454,0.0227845199406147,0.5056958794593811,0.4943041205406189,0.5202341675758362,0.5435676574707031,0.42293235659599304,0.5056958794593811,0.4943041205406189,0.5056958794593811,0.4943041205406189,0.5839635789759761,0.41603642102402394,0.9738495349884033,1.0,0.0,0.5000394240928516,0.46461348769795663,0.5353865123020434,0.0,0.01173910450354565,0.01173910450354565,0.012078876607120037,0.009100763127207756,0.9882608954964544,0.01173910450354565,0.02222197875380516,0.0013467202661558986,423085
b2_cityscapes_val,2026-07-07 05:27:35,cityscapes,val,all,student_skd,/scratch/gautschi/manors/hf_cache/hub/models--nvidia--mit-b2/snapshots/3bb39e8739149c3777d0325349b2a6c32c6413db,runs/mit-b2_skd_j9196921/student_skd.ckpt,skd,img_000131,/home/manors/Guardrail-Distillation/data/cityscapes/leftImg8bit/val/frankfurt/frankfurt_000001_032018_leftImg8bit.png,,0.6239854120073532,0.37601458799264675,0.9533522129058838,0.9664217829704285,0.09825936704874039,0.08864851295948029,0.22390754520893097,0.9224311709403992,0.23934192955493927,-8.222195625305176,8.1809663772583,0.007323539350181818,0.04528411477804184,433397,7.980783499078825,7.420771260512993,16.28397824242711,0.5952657879330909,0.40473421206690907,126850,0.6150307913447282,0.38496920865527184,98295,0.0895732194185257,0.0005982733564451337,29.3815502373036,0.03767351061105728,0.9623264893889427,0.13521307706832886,0.28183454275131226,0.03338277339935303,0.5083448886871338,0.4916551113128662,0.5296002626419067,0.5584157705307007,0.43918168544769287,0.5083448886871338,0.4916551113128662,0.5083448886871338,0.4916551113128662,0.6976239609853622,0.30237603901463783,0.9592406153678894,0.8654467058749827,0.13455329412501726,0.2701809179418918,0.9193785483776049,0.08062145162239509,0.30434775703287675,0.07363854897800892,0.07363854897800892,0.015113163739442825,0.009224798530340195,0.9263614510219911,0.07363854897800892,0.027464425191283226,0.0014121001586318016,389893
b2_cityscapes_val,2026-07-07 05:27:35,cityscapes,val,all,student_skd,/scratch/gautschi/manors/hf_cache/hub/models--nvidia--mit-b2/snapshots/3bb39e8739149c3777d0325349b2a6c32c6413db,runs/mit-b2_skd_j9196921/student_skd.ckpt,skd,img_000132,/home/manors/Guardrail-Distillation/data/cityscapes/leftImg8bit/val/frankfurt/frankfurt_000001_032556_leftImg8bit.png,,0.489866586573038,0.510133413426962,0.9600630402565002,0.9747663736343384,0.08418133854866028,0.06649263203144073,0.18922656774520874,0.9396277070045471,0.18843558430671692,-8.15276050567627,8.12209701538086,0.00435088574886322,0.03197436407208443,451862,7.962109986692667,7.408548990497366,16.30330251646228,1.0,0.0,126850,0.2811331537421911,0.718866846257809,11283,0.06720148772001266,0.0005030081374570727,29.27748375805095,0.02745671756565571,0.9725432824343443,0.07525454461574554,0.19986355304718018,0.018655352294445038,0.5046637058258057,0.49533629417419434,0.5173139572143555,0.5386554598808289,0.41304391622543335,0.5046637058258057,0.49533629417419434,0.5046637058258057,0.49533629417419434,0.5327586766214314,0.4672413233785686,0.9687116742134094,1.0,0.0,0.0,0.2922093757607093,0.7077906242392906,0.011076222018518322,0.04289209004839334,0.04289209004839334,0.016549300402402878,0.007900642231106758,0.9571079099516067,0.04289209004839334,0.027196357026696205,0.002972146263346076,417456
b2_cityscapes_val,2026-07-07 05:27:35,cityscapes,val,all,student_skd,/scratch/gautschi/manors/hf_cache/hub/models--nvidia--mit-b2/snapshots/3bb39e8739149c3777d0325349b2a6c32c6413db,runs/mit-b2_skd_j9196921/student_skd.ckpt,skd,img_000133,/home/manors/Guardrail-Distillation/data/cityscapes/leftImg8bit/val/frankfurt/frankfurt_000001_032711_leftImg8bit.png,,0.5226509955188233,0.4773490044811767,0.9676821231842041,0.9842168092727661,0.06526529788970947,0.04089822992682457,0.13918957114219666,0.9596796631813049,0.12999854981899261,-8.623068809509277,8.604196548461914,0.0014847120037302375,0.01925371214747429,462716,7.962109986692667,7.408548990497366,16.30330251646228,0.9524155600695523,0.0475844399304477,126850,0.4525329755184929,0.5474670244815071,102082,0.04144810512661934,0.00028042311896570027,29.27748375805095,0.016115831211209297,0.9838841687887907,0.023491937667131424,0.10516975820064545,0.00874490849673748,0.5021862387657166,0.49781376123428345,0.5080955028533936,0.5177814364433289,0.42510154843330383,0.5021862387657166,0.49781376123428345,0.5021862387657166,0.49781376123428345,0.5813923567374137,0.41860764326258626,0.9713345170021057,0.9568787550569785,0.0431212449430215,0.0044631949874262,0.44115768505843345,0.5588423149415666,0.0,0.058741361218590415,0.058741361218590415,0.007401948794722557,0.0037496003787964582,0.9412586387814096,0.058741361218590415,0.011557845398783684,0.0006526681827381253,440449
b2_cityscapes_val,2026-07-07 05:27:35,cityscapes,val,all,student_skd,/scratch/gautschi/manors/hf_cache/hub/models--nvidia--mit-b2/snapshots/3bb39e8739149c3777d0325349b2a6c32c6413db,runs/mit-b2_skd_j9196921/student_skd.ckpt,skd,img_000134,/home/manors/Guardrail-Distillation/data/cityscapes/leftImg8bit/val/frankfurt/frankfurt_000001_032942_leftImg8bit.png,,0.5845780670567716,0.4154219329432284,0.9664911031723022,0.9781057834625244,0.07809624820947647,0.05650154501199722,0.168406143784523,0.9450343251228333,0.17876876890659332,-8.508341789245605,8.481890678405762,0.00277043622918427,0.028281357139348984,462743,7.962109986692667,7.408548990497366,16.30330251646228,0.871888559498481,0.128111440501519,126850,0.5400759157673288,0.45992408423267117,103521,0.057203616946935654,0.00039356949855573475,29.27748375805095,0.03126346319913864,0.9687365368008614,0.10584107786417007,0.21909895539283752,0.026871705427765846,0.5067175030708313,0.4932824969291687,0.5231452584266663,0.5456255674362183,0.4439902901649475,0.5067175030708313,0.4932824969291687,0.5067175030708313,0.4932824969291687,0.5764664682879576,0.42353353171204244,0.971647322177887,0.9082453621728793,0.09175463782712068,0.036356802674398336,0.6074629804556272,0.3925370195443728,0.06738706468829836,0.0,0.0,0.012253021821379662,0.007096811663359404,1.0,0.0,0.021210476756095886,0.0011885646963492036,432201
b2_cityscapes_val,2026-07-07 05:27:35,cityscapes,val,all,student_skd,/scratch/gautschi/manors/hf_cache/hub/models--nvidia--mit-b2/snapshots/3bb39e8739149c3777d0325349b2a6c32c6413db,runs/mit-b2_skd_j9196921/student_skd.ckpt,skd,img_000135,/home/manors/Guardrail-Distillation/data/cityscapes/leftImg8bit/val/frankfurt/frankfurt_000001_033655_leftImg8bit.png,,0.5121912152426353,0.48780878475736467,0.9747921228408813,0.9820973873138428,0.0709264948964119,0.04634730890393257,0.15641751885414124,0.957033097743988,0.13452576100826263,-8.714547157287598,8.692923545837402,0.002474257256835699,0.022200914099812508,459936,7.962109986692667,7.408548990497366,16.30330251646228,0.9330075347983693,0.06699246520163071,126850,0.6035625528282437,0.39643744717175633,85798,0.04689592495560646,0.0003164196969009936,29.27748375805095,0.017808977514505386,0.9821910224854946,0.031388022005558014,0.12408174574375153,0.013376591727137566,0.5033441185951233,0.4966558814048767,0.5123080611228943,0.5238765478134155,0.4262752830982208,0.5033441185951233,0.4966558814048767,0.5033441185951233,0.4966558814048767,0.5931866426606254,0.4068133573393746,0.9797471761703491,0.9359079724522199,0.0640920275477801,0.0029004376538506182,0.6041405871157957,0.39585941288420434,0.0005780342875519873,0.08099542741799004,0.08099542741799004,0.009349126368761063,0.004394089803099632,0.91900457258201,0.08099542741799004,0.014830323867499828,0.0012675676262006164,434633
b2_cityscapes_val,2026-07-07 05:27:35,cityscapes,val,all,student_skd,/scratch/gautschi/manors/hf_cache/hub/models--nvidia--mit-b2/snapshots/3bb39e8739149c3777d0325349b2a6c32c6413db,runs/mit-b2_skd_j9196921/student_skd.ckpt,skd,img_000136,/home/manors/Guardrail-Distillation/data/cityscapes/leftImg8bit/val/frankfurt/frankfurt_000001_034047_leftImg8bit.png,,0.6364845057282849,0.36351549427171514,0.9483730792999268,0.9540306925773621,0.11709856986999512,0.12013289332389832,0.27344822883605957,0.9022965431213379,0.2913762629032135,-7.916674613952637,7.859017372131348,0.01328369416296482,0.06451023370027542,459586,7.932626758702099,7.405985001241788,16.201722231926396,0.8507761234146952,0.14922387658530478,126850,0.807736144223032,0.19226385577696803,19831,0.12118689715862274,0.0006872463854961097,29.225939739262685,0.05182119086384773,0.9481788091361523,0.21208572387695312,0.3501729369163513,0.038368575274944305,0.5095909237861633,0.49040907621383667,0.5392869114875793,0.5692256093025208,0.44198086857795715,0.5095909237861633,0.49040907621383667,0.5095909237861633,0.49040907621383667,0.6819512782440719,0.31804872175592813,0.9522939920425415,0.8858520492890111,0.11414795071098893,0.03507592587431585,0.8816236657640916,0.11837633423590843,0.0738875215410596,0.04546677251578701,0.04546677251578701,0.019789548590779305,0.01586862839758396,0.954533227484213,0.04546677251578701,0.03839759901165962,0.0007767860661260784,398881
b2_cityscapes_val,2026-07-07 05:27:35,cityscapes,val,all,student_skd,/scratch/gautschi/manors/hf_cache/hub/models--nvidia--mit-b2/snapshots/3bb39e8739149c3777d0325349b2a6c32c6413db,runs/mit-b2_skd_j9196921/student_skd.ckpt,skd,img_000137,/home/manors/Guardrail-Distillation/data/cityscapes/leftImg8bit/val/frankfurt/frankfurt_000001_034816_leftImg8bit.png,,0.4459495532525582,0.5540504467474419,0.9228264689445496,0.9561806321144104,0.11197715252637863,0.11511769145727158,0.2564449608325958,0.9024754166603088,0.30052804946899414,-7.163425445556641,7.1092529296875,0.010599172674119473,0.0604410395026207,458149,7.932626758702099,7.405985001241788,16.201722231926396,0.9185874168556131,0.08141258314438693,126850,0.46468395930564754,0.5353160406943525,40102,0.11660879850387573,0.000994906178675592,29.225939739262685,0.06286304444074631,0.9371369555592537,0.2700551152229309,0.40035536885261536,0.06066315621137619,0.5151611566543579,0.4848388433456421,0.5584256052970886,0.5965845584869385,0.38515740633010864,0.5151611566543579,0.4848388433456421,0.5151611566543579,0.4848388433456421,0.48877790780322117,0.5112220921967788,0.9383519887924194,0.9284334315689254,0.07156656843107456,0.009846014713312368,0.3885113729905734,0.6114886270094266,0.0,0.04282835455066303,0.04282835455066303,0.02808256819844246,0.01255705114454031,0.957171645449337,0.04282835455066303,0.047822870314121246,0.004195142071694136,398652
b2_cityscapes_val,2026-07-07 05:27:35,cityscapes,val,all,student_skd,/scratch/gautschi/manors/hf_cache/hub/models--nvidia--mit-b2/snapshots/3bb39e8739149c3777d0325349b2a6c32c6413db,runs/mit-b2_skd_j9196921/student_skd.ckpt,skd,img_000138,/home/manors/Guardrail-Distillation/data/cityscapes/leftImg8bit/val/frankfurt/frankfurt_000001_035144_leftImg8bit.png,,0.6521113236648503,0.34788867633514975,0.9239087104797363,0.9561911821365356,0.10833735018968582,0.1124473288655281,0.23678527772426605,0.9037512540817261,0.28068745136260986,-7.875089645385742,7.821774005889893,0.0067486814223229885,0.05918515473604202,435937,7.932626758702099,7.405985001241788,16.201722231926396,0.49955913501580324,0.5004408649841967,102393,0.6308701560497019,0.36912984395029813,62528,0.1135680228471756,0.0007909098058007658,29.225939739262685,0.06532808393239975,0.9346719160676003,0.2569012939929962,0.3767196238040924,0.07015881687402725,0.5175325274467468,0.4824674725532532,0.5634518265724182,0.600868821144104,0.4448927640914917,0.5175325274467468,0.4824674725532532,0.5175325274467468,0.4824674725532532,0.685404795510489,0.31459520448951095,0.9343620538711548,0.6716483284511415,0.32835167154885847,0.17208919343533824,0.6722043997533405,0.32779560024665955,0.041334243703638585,0.0332934718456388,0.0332934718456388,0.025561030954122543,0.015107686631381512,0.9667065281543612,0.0332934718456388,0.04595617949962616,0.0027710425201803446,377767
b2_cityscapes_val,2026-07-07 05:27:36,cityscapes,val,all,student_skd,/scratch/gautschi/manors/hf_cache/hub/models--nvidia--mit-b2/snapshots/3bb39e8739149c3777d0325349b2a6c32c6413db,runs/mit-b2_skd_j9196921/student_skd.ckpt,skd,img_000139,/home/manors/Guardrail-Distillation/data/cityscapes/leftImg8bit/val/frankfurt/frankfurt_000001_035864_leftImg8bit.png,,0.6059384123184284,0.3940615876815716,0.9608204364776611,0.9684298634529114,0.09499356150627136,0.08236658573150635,0.21489855647087097,0.9295987486839294,0.21026264131069183,-7.902134895324707,7.8634185791015625,0.006613175384700298,0.04123105853796005,466493,7.932626758702099,7.405985001241788,16.201722231926396,0.957894179473942,0.042105820526058046,126850,0.6269945437818238,0.37300545621817616,108338,0.08326262980699539,0.0005592498346231878,29.225939739262685,0.03820951655507088,0.9617904834449291,0.12866245210170746,0.29157739877700806,0.03208816796541214,0.508021354675293,0.49197864532470703,0.5253487229347229,0.5539625287055969,0.4252289831638336,0.508021354675293,0.49197864532470703,0.508021354675293,0.49197864532470703,0.6723645303496609,0.3276354696503391,0.970938503742218,0.9602338229111957,0.039766177088804255,0.002339643437253791,0.6572310437136778,0.3427689562863222,0.030236499931853955,0.06642611803123255,0.06642611803123255,0.016913436353206635,0.006795385852456093,0.9335738819687674,0.06642611803123255,0.02557380311191082,0.002430904656648636,422086
b2_cityscapes_val,2026-07-07 05:27:36,cityscapes,val,all,student_skd,/scratch/gautschi/manors/hf_cache/hub/models--nvidia--mit-b2/snapshots/3bb39e8739149c3777d0325349b2a6c32c6413db,runs/mit-b2_skd_j9196921/student_skd.ckpt,skd,img_000140,/home/manors/Guardrail-Distillation/data/cityscapes/leftImg8bit/val/frankfurt/frankfurt_000001_037705_leftImg8bit.png,,0.6315986004754093,0.3684013995245907,0.9192355871200562,0.9328938126564026,0.1341165453195572,0.16338494420051575,0.287751704454422,0.8667647242546082,0.3756832778453827,-7.182319164276123,7.0991129875183105,0.012453948147594929,0.0968857929110527,418823,7.940054259961471,7.400883507216349,16.2114902632311,0.8392263982453736,0.1607736017546264,122794,0.645586171664036,0.354413828335964,70918,0.1648082137107849,0.0008221549214795232,29.229820240288973,0.07006516307592392,0.9299348369240761,0.2799997329711914,0.35865792632102966,0.06435337662696838,0.5160828232765198,0.4839171767234802,0.5629176497459412,0.5887085199356079,0.4679039418697357,0.5160828232765198,0.4839171767234802,0.5160828232765198,0.4839171767234802,0.6296534070682268,0.3703465929317732,0.9449456930160522,0.8985774809878709,0.10142251901212906,0.05935108274249734,0.6484478942825472,0.35155210571745277,0.002861722618511253,0.0,0.0,0.039639655500650406,0.013929512351751328,1.0,0.0,0.059538278728723526,0.0022945252712816,334950
b2_cityscapes_val,2026-07-07 05:27:36,cityscapes,val,all,student_skd,/scratch/gautschi/manors/hf_cache/hub/models--nvidia--mit-b2/snapshots/3bb39e8739149c3777d0325349b2a6c32c6413db,runs/mit-b2_skd_j9196921/student_skd.ckpt,skd,img_000141,/home/manors/Guardrail-Distillation/data/cityscapes/leftImg8bit/val/frankfurt/frankfurt_000001_038245_leftImg8bit.png,,0.5308492821162686,0.4691507178837314,0.9287269711494446,0.9553982019424438,0.11554954200983047,0.11568944901227951,0.2644229233264923,0.9062356352806091,0.2785658836364746,-8.202795028686523,8.14704418182373,0.012951965443789959,0.0635875016450882,443562,7.940054259961471,7.400883507216349,16.2114902632311,0.4999842333464722,0.5000157666535279,126850,0.5860013794013601,0.4139986205986399,26168,0.11681471019983292,0.0006732669426128268,29.229820240288973,0.04977943375706673,0.9502205662429333,0.20778438448905945,0.34813693165779114,0.038260914385318756,0.5095641016960144,0.4904358983039856,0.5389633178710938,0.5648234486579895,0.43988800048828125,0.5095641016960144,0.4904358983039856,0.5095641016960144,0.4904358983039856,0.5541922177267057,0.4458077822732943,0.9363064765930176,1.0,0.0,0.5000157666535279,0.5827583757347319,0.4172416242652681,0.0,0.0233429356104371,0.0233429356104371,0.019850661978125572,0.012271113693714142,0.9766570643895629,0.0233429356104371,0.04094579443335533,0.0011249836534261703,385803
b2_cityscapes_val,2026-07-07 05:27:36,cityscapes,val,all,student_skd,/scratch/gautschi/manors/hf_cache/hub/models--nvidia--mit-b2/snapshots/3bb39e8739149c3777d0325349b2a6c32c6413db,runs/mit-b2_skd_j9196921/student_skd.ckpt,skd,img_000142,/home/manors/Guardrail-Distillation/data/cityscapes/leftImg8bit/val/frankfurt/frankfurt_000001_038418_leftImg8bit.png,,0.5743364359603205,0.42566356403967953,0.9350900053977966,0.9652681946754456,0.0973985493183136,0.09314319491386414,0.22149917483329773,0.9159481525421143,0.2630317807197571,-8.0631685256958,8.020882606506348,0.006557617802172899,0.04420765861868858,448791,7.940054259961471,7.400883507216349,16.2114902632311,0.49998817389110517,0.5000118261088948,126838,0.6735410506336439,0.3264589493663561,22208,0.09422286599874496,0.00053407036466524,29.229820240288973,0.055570315569639206,0.9444296844303608,0.23205848038196564,0.33256521821022034,0.0466732494533062,0.5116662383079529,0.4883337616920471,0.5495890378952026,0.5722818374633789,0.44013118743896484,0.5116662383079529,0.4883337616920471,0.5116662383079529,0.4883337616920471,0.6560253488473982,0.34397465115260184,0.9396645426750183,0.49998817389110517,0.5000118261088948,0.0,0.9198030852005371,0.08019691479946289,0.24626203456689322,0.08168891288707769,0.08168891288707769,0.011069740168750286,0.006495228037238121,0.9183110871129223,0.08168891288707769,0.025245603173971176,0.0013569790171459317,402215
b2_cityscapes_val,2026-07-07 05:27:36,cityscapes,val,all,student_skd,/scratch/gautschi/manors/hf_cache/hub/models--nvidia--mit-b2/snapshots/3bb39e8739149c3777d0325349b2a6c32c6413db,runs/mit-b2_skd_j9196921/student_skd.ckpt,skd,img_000143,/home/manors/Guardrail-Distillation/data/cityscapes/leftImg8bit/val/frankfurt/frankfurt_000001_038645_leftImg8bit.png,,0.5782865864223867,0.42171341357761327,0.9372038841247559,0.9517144560813904,0.11697253584861755,0.12661096453666687,0.2652996778488159,0.893197774887085,0.32194438576698303,-7.7985005378723145,7.738669395446777,0.012587789446115494,0.06613681465387344,427160,7.940054259961471,7.400883507216349,16.2114902632311,0.6529705125842546,0.34702948741574535,126850,0.5848674118597315,0.41513258814026854,28853,0.12774215638637543,0.0007698938134126365,29.229820240288973,0.05143607035279274,0.9485639296472073,0.20501823723316193,0.3345640003681183,0.03961550071835518,0.5099025368690491,0.4900974631309509,0.5391196012496948,0.5658350586891174,0.44881224632263184,0.5099025368690491,0.4900974631309509,0.5099025368690491,0.4900974631309509,0.6502947863075345,0.34970521369246554,0.9478135108947754,0.9856495770051031,0.014350422994896861,0.3326790644208485,0.608157870010448,0.39184212998955203,0.02329045815071651,0.07200819988514773,0.07200819988514773,0.02512875758111477,0.014519150368869305,0.9279918001148523,0.07200819988514773,0.044243376702070236,0.0027039048727601767,366273
b2_cityscapes_val,2026-07-07 05:27:36,cityscapes,val,all,student_skd,/scratch/gautschi/manors/hf_cache/hub/models--nvidia--mit-b2/snapshots/3bb39e8739149c3777d0325349b2a6c32c6413db,runs/mit-b2_skd_j9196921/student_skd.ckpt,skd,img_000144,/home/manors/Guardrail-Distillation/data/cityscapes/leftImg8bit/val/frankfurt/frankfurt_000001_038844_leftImg8bit.png,,0.5467241514532274,0.4532758485467726,0.9158169031143188,0.963203489780426,0.09679178893566132,0.10021597146987915,0.21680948138237,0.9070873260498047,0.29052215814590454,-7.880449295043945,7.836215019226074,0.00556973647326231,0.04396228492259979,434850,7.944284763652831,7.405982003547251,16.203526000026613,0.8715814807412023,0.12841851925879766,126836,0.6126357785996575,0.38736422140034255,29859,0.10134615004062653,0.0006459620781242847,29.236009751912206,0.05360196903347969,0.9463980309665203,0.21238380670547485,0.32936692237854004,0.046329472213983536,0.5115802884101868,0.48841971158981323,0.5416252017021179,0.5740558505058289,0.45436644554138184,0.5115802884101868,0.48841971158981323,0.5115802884101868,0.48841971158981323,0.5887272675294036,0.41127273247059637,0.9215683341026306,0.8484565150163039,0.15154348498369608,0.0,0.6139912499948966,0.3860087500051034,0.0013554713952391717,0.04200311607617624,0.04200311607617624,0.018231574445962906,0.012480164878070354,0.9579968839238238,0.04200311607617624,0.03557778522372246,0.003909394145011902,386124
b2_cityscapes_val,2026-07-07 05:27:36,cityscapes,val,all,student_skd,/scratch/gautschi/manors/hf_cache/hub/models--nvidia--mit-b2/snapshots/3bb39e8739149c3777d0325349b2a6c32c6413db,runs/mit-b2_skd_j9196921/student_skd.ckpt,skd,img_000145,/home/manors/Guardrail-Distillation/data/cityscapes/leftImg8bit/val/frankfurt/frankfurt_000001_039895_leftImg8bit.png,,0.5711487410477648,0.4288512589522352,0.9481099843978882,0.9629225134849548,0.10237626731395721,0.09384524077177048,0.22372396290302277,0.9193982481956482,0.23847807943820953,-8.212678909301758,8.167241096496582,0.006623503286391497,0.050452157855033875,456254,7.944284763652831,7.405982003547251,16.203526000026613,0.8858904327451181,0.11410956725488186,126850,0.7596981126091393,0.24030188739086067,82897,0.0949316993355751,0.0006946850917302072,29.236009751912206,0.03656807541847229,0.9634319245815277,0.1369580775499344,0.26438990235328674,0.02682347781956196,0.5067054629325867,0.49329453706741333,0.5271158218383789,0.5482802391052246,0.45096126198768616,0.5067054629325867,0.49329453706741333,0.5067054629325867,0.49329453706741333,0.5158316010823273,0.4841683989176727,0.9651092886924744,0.4984272763106031,0.501572723689397,0.0,0.5701534516491565,0.42984654835084346,0.0,0.0,0.0,0.025724705308675766,0.008725402876734734,1.0,0.0,0.03701227530837059,0.0035221606958657503,404853
b2_cityscapes_val,2026-07-07 05:27:36,cityscapes,val,all,student_skd,/scratch/gautschi/manors/hf_cache/hub/models--nvidia--mit-b2/snapshots/3bb39e8739149c3777d0325349b2a6c32c6413db,runs/mit-b2_skd_j9196921/student_skd.ckpt,skd,img_000146,/home/manors/Guardrail-Distillation/data/cityscapes/leftImg8bit/val/frankfurt/frankfurt_000001_040575_leftImg8bit.png,,0.5196603460211603,0.4803396539788397,0.9219074249267578,0.9489230513572693,0.1191839650273323,0.1308567076921463,0.2670421600341797,0.8935291171073914,0.30474376678466797,-8.063325881958008,8.000178337097168,0.011774356476962566,0.06965252757072449,449876,7.944284763652831,7.405982003547251,16.203526000026613,0.8405024957977214,0.1594975042022786,126850,0.6949557594934026,0.3050442405065974,18680,0.13205961883068085,0.0007585042039863765,29.236009751912206,0.04942469671368599,0.950575303286314,0.20158663392066956,0.3210887908935547,0.03414839506149292,0.5085362792015076,0.49146372079849243,0.5369952917098999,0.5603094696998596,0.46141114830970764,0.5085362792015076,0.49146372079849243,0.5085362792015076,0.49146372079849243,0.5637310969216304,0.43626890307836963,0.9426242113113403,0.5972253271658854,0.4027746728341146,0.0,0.6919977033758427,0.30800229662415735,0.0,0.04407075090047008,0.04407075090047008,0.035451993346214294,0.014735172502696514,0.9559292490995299,0.04407075090047008,0.05611101910471916,0.006866336800158024,380719
b2_cityscapes_val,2026-07-07 05:27:36,cityscapes,val,all,student_skd,/scratch/gautschi/manors/hf_cache/hub/models--nvidia--mit-b2/snapshots/3bb39e8739149c3777d0325349b2a6c32c6413db,runs/mit-b2_skd_j9196921/student_skd.ckpt,skd,img_000147,/home/manors/Guardrail-Distillation/data/cityscapes/leftImg8bit/val/frankfurt/frankfurt_000001_040732_leftImg8bit.png,,0.46792287083294515,0.5320771291670549,0.9122727513313293,0.9582229256629944,0.11088550090789795,0.10981576144695282,0.2550888657569885,0.9094118475914001,0.27013102173805237,-8.19362735748291,8.141668319702148,0.01213056594133377,0.057107582688331604,453565,7.944284763652831,7.405982003547251,16.203526000026613,1.0,0.0,126850,0.5099497409976521,0.4900502590023479,12803,0.11101122200489044,0.0007053628214634955,29.236009751912206,0.0446002259850502,0.9553997740149498,0.17987659573554993,0.3178732395172119,0.03221675008535385,0.5080534815788269,0.4919465184211731,0.5338146090507507,0.557476282119751,0.4391085207462311,0.5080534815788269,0.4919465184211731,0.5080534815788269,0.4919465184211731,0.5075576336061934,0.49244236639380656,0.9417657852172852,1.0,0.0,0.0,0.5254715633332087,0.47452843666679134,0.015521822335556545,0.03963476277324829,0.03963476277324829,0.043171320110559464,0.01367830391973257,0.9603652372267517,0.03963476277324829,0.06121504306793213,0.020457927137613297,397574
b2_cityscapes_val,2026-07-07 05:27:36,cityscapes,val,all,student_skd,/scratch/gautschi/manors/hf_cache/hub/models--nvidia--mit-b2/snapshots/3bb39e8739149c3777d0325349b2a6c32c6413db,runs/mit-b2_skd_j9196921/student_skd.ckpt,skd,img_000148,/home/manors/Guardrail-Distillation/data/cityscapes/leftImg8bit/val/frankfurt/frankfurt_000001_041074_leftImg8bit.png,,0.5376682298535765,0.46233177014642346,0.9227368235588074,0.9420849084854126,0.1292465776205063,0.14691515266895294,0.29376521706581116,0.8861480951309204,0.32344645261764526,-7.746326446533203,7.6738762855529785,0.01578146405518055,0.08405745774507523,450085,7.940167241031304,7.401814771583304,16.223173501202837,0.9682864917207755,0.03171350827922448,123458,0.7079111246739138,0.2920888753260862,2666,0.14798744022846222,0.0007561530219390988,29.29773452342488,0.06666050851345062,0.9333394914865494,0.2929774522781372,0.3934558033943176,0.05419226363301277,0.5135447978973389,0.48645520210266113,0.5578486919403076,0.5897254347801208,0.4383782148361206,0.5135447978973389,0.48645520210266113,0.5135447978973389,0.48645520210266113,0.5521547603860251,0.44784523961397493,0.9395291805267334,0.652336457615052,0.347663542384948,0.0,0.792173372312402,0.20782662768759796,0.08426224763848822,0.014486530532448527,0.014486530532448527,0.03503560274839401,0.018243221566081047,0.9855134694675515,0.014486530532448527,0.061832766979932785,0.0048168678767979145,372653
b2_cityscapes_val,2026-07-07 05:27:36,cityscapes,val,all,student_skd,/scratch/gautschi/manors/hf_cache/hub/models--nvidia--mit-b2/snapshots/3bb39e8739149c3777d0325349b2a6c32c6413db,runs/mit-b2_skd_j9196921/student_skd.ckpt,skd,img_000149,/home/manors/Guardrail-Distillation/data/cityscapes/leftImg8bit/val/frankfurt/frankfurt_000001_041354_leftImg8bit.png,,0.6509975369238292,0.3490024630761708,0.9178133010864258,0.9646416902542114,0.09683216363191605,0.08783354610204697,0.20260591804981232,0.9243453145027161,0.21260730922222137,-8.153979301452637,8.111250877380371,0.004089283756911755,0.04554763808846474,443843,7.940167241031304,7.401814771583304,16.223173501202837,0.4580158698990119,0.5419841301009881,122310,0.9869387178763062,0.01306128212369384,28328,0.0885603055357933,0.00036958191776648164,29.29773452342488,0.03958224877715111,0.9604177512228489,0.14505209028720856,0.27087703347206116,0.0347013883292675,0.5086745023727417,0.4913254976272583,0.5341640710830688,0.5580039024353027,0.4218878448009491,0.5086745023727417,0.4913254976272583,0.5086745023727417,0.4913254976272583,0.7899334930942504,0.21006650690574957,0.9766899347305298,0.6614323366897058,0.3385676633102942,0.20341646679069392,0.9836204462016379,0.01637955379836209,0.0,0.1389359561704212,0.1389359561704212,0.06586337834596634,0.006986704654991627,0.8610640438295788,0.1389359561704212,0.07380086928606033,0.0353030227124691,395487
b2_cityscapes_val,2026-07-07 05:27:36,cityscapes,val,all,student_skd,/scratch/gautschi/manors/hf_cache/hub/models--nvidia--mit-b2/snapshots/3bb39e8739149c3777d0325349b2a6c32c6413db,runs/mit-b2_skd_j9196921/student_skd.ckpt,skd,img_000150,/home/manors/Guardrail-Distillation/data/cityscapes/leftImg8bit/val/frankfurt/frankfurt_000001_041517_leftImg8bit.png,,0.7219165969561653,0.2780834030438347,0.9411004185676575,0.9721310138702393,0.08727164566516876,0.0731039047241211,0.19365376234054565,0.9347343444824219,0.19722266495227814,-8.15219783782959,8.11848258972168,0.004258166532963514,0.035249363631010056,460292,7.940167241031304,7.401814771583304,16.223173501202837,1.0,0.0,126850,0.9159747285270499,0.08402527147295014,34103,0.07386691868305206,0.00046120959450490773,29.29773452342488,0.04138640686869621,0.9586135931313038,0.15427477657794952,0.29608437418937683,0.033462781459093094,0.5083649158477783,0.4916350841522217,0.5335066318511963,0.5677764415740967,0.4300495386123657,0.5083649158477783,0.4916350841522217,0.5083649158477783,0.4916350841522217,0.7636773027379294,0.23632269726207056,0.9558649063110352,1.0,0.0,0.0,0.9344606422004196,0.06553935779958042,0.018485913673369714,0.04176070578176416,0.04176070578176416,0.023026686161756516,0.008262146264314651,0.9582392942182358,0.04176070578176416,0.033415742218494415,0.007816776633262634,421360
b2_cityscapes_val,2026-07-07 05:27:36,cityscapes,val,all,student_skd,/scratch/gautschi/manors/hf_cache/hub/models--nvidia--mit-b2/snapshots/3bb39e8739149c3777d0325349b2a6c32c6413db,runs/mit-b2_skd_j9196921/student_skd.ckpt,skd,img_000151,/home/manors/Guardrail-Distillation/data/cityscapes/leftImg8bit/val/frankfurt/frankfurt_000001_041664_leftImg8bit.png,,0.6168344915795809,0.3831655084204191,0.9568371772766113,0.9611696600914001,0.10258349776268005,0.09946753829717636,0.225690096616745,0.9163729548454285,0.23884227871894836,-8.14400863647461,8.09669303894043,0.0070213512517511845,0.04982243850827217,456180,7.940167241031304,7.401814771583304,16.223173501202837,0.9753852776016234,0.024614722398376587,126850,0.8336274876631626,0.16637251233683736,9790,0.1003231480717659,0.0005465676076710224,29.29773452342488,0.04253577068448067,0.9574642293155193,0.17020021378993988,0.2945423126220703,0.031607095152139664,0.507901132106781,0.492098867893219,0.5308756232261658,0.5584047436714172,0.4030447006225586,0.507901132106781,0.492098867893219,0.507901132106781,0.492098867893219,0.5790765966117528,0.4209234033882472,0.9634354710578918,0.6584911808298118,0.34150881917018816,0.0,0.5712445999589585,0.4287554000410415,0.0,0.0,0.0,0.01462142076343298,0.008023148402571678,1.0,0.0,0.02550966665148735,0.00032881757942959666,402173
b2_cityscapes_val,2026-07-07 05:27:37,cityscapes,val,all,student_skd,/scratch/gautschi/manors/hf_cache/hub/models--nvidia--mit-b2/snapshots/3bb39e8739149c3777d0325349b2a6c32c6413db,runs/mit-b2_skd_j9196921/student_skd.ckpt,skd,img_000152,/home/manors/Guardrail-Distillation/data/cityscapes/leftImg8bit/val/frankfurt/frankfurt_000001_042098_leftImg8bit.png,,0.4452130775965951,0.5547869224034049,0.8751415610313416,0.9551427960395813,0.11368405818939209,0.11698979884386063,0.25897127389907837,0.9048452973365784,0.27665194869041443,-8.157655715942383,8.101969718933105,0.012484060600399971,0.06090661138296127,448572,7.958141504786909,7.422839757055044,16.278205235721543,0.9956585741693438,0.00434142583065622,126668,0.3020797717329814,0.6979202282670186,3116,0.11800286173820496,0.0006417380063794553,29.3569142522756,0.052338071167469025,0.947661928832531,0.2107561230659485,0.34903302788734436,0.0451679527759552,0.5112900733947754,0.4887099266052246,0.5452858805656433,0.5760672688484192,0.4220166504383087,0.5112900733947754,0.4887099266052246,0.5112900733947754,0.4887099266052246,0.5831788530813008,0.4168211469186992,0.9402794241905212,0.6627783244076696,0.3372216755923304,0.0,0.32390109701037195,0.676098902989628,0.021821325277390557,0.13796577548470568,0.13796577548470568,0.07341742515563965,0.008279607631266117,0.8620342245152943,0.13796577548470568,0.08692918717861176,0.0363241583108902,389287
b2_cityscapes_val,2026-07-07 05:27:37,cityscapes,val,all,student_skd,/scratch/gautschi/manors/hf_cache/hub/models--nvidia--mit-b2/snapshots/3bb39e8739149c3777d0325349b2a6c32c6413db,runs/mit-b2_skd_j9196921/student_skd.ckpt,skd,img_000153,/home/manors/Guardrail-Distillation/data/cityscapes/leftImg8bit/val/frankfurt/frankfurt_000001_042384_leftImg8bit.png,,0.6858165577538302,0.3141834422461698,0.9441055655479431,0.963172435760498,0.1063196137547493,0.09684672206640244,0.24687837064266205,0.9198095798492432,0.242235466837883,-8.304463386535645,8.25837230682373,0.01139515358954668,0.051962535828351974,442030,7.958141504786909,7.422839757055044,16.278205235721543,0.9395615352709937,0.06043846472900627,126850,0.863423012053149,0.13657698794685103,5540,0.0976988896727562,0.0005548418266698718,29.3569142522756,0.04140916094183922,0.9585908390581608,0.14777347445487976,0.3260217308998108,0.028860827907919884,0.5072147250175476,0.4927852749824524,0.5250968337059021,0.5564290881156921,0.43574196100234985,0.5072147250175476,0.4927852749824524,0.5072147250175476,0.4927852749824524,0.7449097250529034,0.2550902749470966,0.9558197259902954,0.8895030015790235,0.11049699842097649,0.0,0.8583131512536633,0.14168684874633675,0.0,0.05909316729907321,0.05909316729907321,0.02304142154753208,0.011327285319566727,0.9409068327009268,0.05909316729907321,0.039490532130002975,0.0013347510248422623,395326
b2_cityscapes_val,2026-07-07 05:27:37,cityscapes,val,all,student_skd,/scratch/gautschi/manors/hf_cache/hub/models--nvidia--mit-b2/snapshots/3bb39e8739149c3777d0325349b2a6c32c6413db,runs/mit-b2_skd_j9196921/student_skd.ckpt,skd,img_000154,/home/manors/Guardrail-Distillation/data/cityscapes/leftImg8bit/val/frankfurt/frankfurt_000001_042733_leftImg8bit.png,,0.6485641915118073,0.35143580848819267,0.9363580346107483,0.9590333104133606,0.10971108078956604,0.10814599692821503,0.25125589966773987,0.908734917640686,0.2779556214809418,-8.077177047729492,8.026266098022461,0.012015449814498425,0.055904705077409744,463986,7.958141504786909,7.422839757055044,16.278205235721543,0.9519849997945972,0.048015000205402836,126850,0.629193056231671,0.370806943768329,99841,0.10914252698421478,0.0006595033337362111,29.3569142522756,0.046931635588407516,0.9530683644115925,0.18896152079105377,0.3432406783103943,0.037300970405340195,0.5093241930007935,0.49067580699920654,0.5329074263572693,0.5622419118881226,0.4250756502151489,0.5093241930007935,0.49067580699920654,0.5093241930007935,0.49067580699920654,0.7161799012102518,0.28382009878974823,0.9567573666572571,0.9763440487034356,0.023655951296564393,0.024359048908838443,0.6732986866885918,0.32670131331140817,0.04410563045692084,0.06761570969844444,0.06761570969844444,0.028526723384857178,0.008127400651574135,0.9323842903015556,0.06761570969844444,0.044477637857198715,0.0030712136067450047,408310
b2_cityscapes_val,2026-07-07 05:27:37,cityscapes,val,all,student_skd,/scratch/gautschi/manors/hf_cache/hub/models--nvidia--mit-b2/snapshots/3bb39e8739149c3777d0325349b2a6c32c6413db,runs/mit-b2_skd_j9196921/student_skd.ckpt,skd,img_000155,/home/manors/Guardrail-Distillation/data/cityscapes/leftImg8bit/val/frankfurt/frankfurt_000001_043395_leftImg8bit.png,,0.6492330438204641,0.3507669561795359,0.9623705744743347,0.9667359590530396,0.09884921461343765,0.08489334583282471,0.21924370527267456,0.9276886582374573,0.21666057407855988,-8.327162742614746,8.286141395568848,0.007581231649965048,0.04570920392870903,455335,7.958141504786909,7.422839757055044,16.278205235721543,1.0,0.0,126850,0.6309561614879515,0.36904383851204847,31508,0.08573716878890991,0.0005183647735975683,29.3569142522756,0.03608763962984085,0.9639123603701591,0.12912268936634064,0.25727614760398865,0.027599917724728584,0.5068995356559753,0.49310046434402466,0.5307528376579285,0.5543630123138428,0.44008463621139526,0.5068995356559753,0.49310046434402466,0.5068995356559753,0.49310046434402466,0.7403139814328847,0.25968601856711526,0.968544065952301,1.0,0.0,0.0,0.8538725787577218,0.14612742124227818,0.2229164172697703,0.09108093761242064,0.09108093761242064,0.01422469224780798,0.008051215671002865,0.9089190623875794,0.09108093761242064,0.023775901645421982,0.000858708459418267,409781
b2_cityscapes_val,2026-07-07 05:27:37,cityscapes,val,all,student_skd,/scratch/gautschi/manors/hf_cache/hub/models--nvidia--mit-b2/snapshots/3bb39e8739149c3777d0325349b2a6c32c6413db,runs/mit-b2_skd_j9196921/student_skd.ckpt,skd,img_000156,/home/manors/Guardrail-Distillation/data/cityscapes/leftImg8bit/val/frankfurt/frankfurt_000001_043564_leftImg8bit.png,,0.4878186086594113,0.5121813913405887,0.9237220883369446,0.9611932635307312,0.10795774310827255,0.10171519219875336,0.2502075135707855,0.9159979224205017,0.25703978538513184,-7.799750804901123,7.751458644866943,0.010595601983368397,0.05551626533269882,460946,7.953672989970073,7.423190225381404,16.27955774893053,1.0,0.0,126544,0.6680998801816889,0.33190011981831113,10132,0.10269926488399506,0.0007266245083883405,29.3573219969403,0.047472480684518814,0.9525275193154812,0.19991964101791382,0.3500843644142151,0.043003156781196594,0.510749101638794,0.48925089836120605,0.538824737071991,0.5727903842926025,0.40809938311576843,0.510749101638794,0.48925089836120605,0.510749101638794,0.48925089836120605,0.46939089707971926,0.5306091029202807,0.9497902393341064,1.0,0.0,0.0,0.23042593172564985,0.7695740682743502,0.0,0.0,0.0,0.04062081128358841,0.01455268170684576,1.0,0.0,0.06092036888003349,0.014513631351292133,408392
b2_cityscapes_val,2026-07-07 05:27:37,cityscapes,val,all,student_skd,/scratch/gautschi/manors/hf_cache/hub/models--nvidia--mit-b2/snapshots/3bb39e8739149c3777d0325349b2a6c32c6413db,runs/mit-b2_skd_j9196921/student_skd.ckpt,skd,img_000157,/home/manors/Guardrail-Distillation/data/cityscapes/leftImg8bit/val/frankfurt/frankfurt_000001_044227_leftImg8bit.png,,0.5433264100777264,0.4566735899222736,0.9027052521705627,0.947745680809021,0.11818792670965195,0.13023565709590912,0.25172150135040283,0.8909778594970703,0.30902132391929626,-7.789748668670654,7.725753307342529,0.009292306378483772,0.0717928558588028,457260,7.953672989970073,7.423190225381404,16.27955774893053,0.6259189187011758,0.3740810812988242,126850,0.8484841214650745,0.15151587853492554,21719,0.13117657601833344,0.0006036941194906831,29.3573219969403,0.06516055762767792,0.9348394423723221,0.265426903963089,0.3794899582862854,0.0641295537352562,0.5160269141197205,0.48397308588027954,0.562896728515625,0.594971776008606,0.43221810460090637,0.5160269141197205,0.48397308588027954,0.5160269141197205,0.48397308588027954,0.5731926074238183,0.4268073925761817,0.9369046092033386,0.9940553581295806,0.0059446418704194315,0.3681364394284048,0.6362263134160193,0.3637736865839807,0.0,0.02986619734609186,0.02986619734609186,0.05323229730129242,0.019032934680581093,0.9701338026539081,0.02986619734609186,0.08569303900003433,0.024952979758381844,385203
b2_cityscapes_val,2026-07-07 05:27:37,cityscapes,val,all,student_skd,/scratch/gautschi/manors/hf_cache/hub/models--nvidia--mit-b2/snapshots/3bb39e8739149c3777d0325349b2a6c32c6413db,runs/mit-b2_skd_j9196921/student_skd.ckpt,skd,img_000158,/home/manors/Guardrail-Distillation/data/cityscapes/leftImg8bit/val/frankfurt/frankfurt_000001_044413_leftImg8bit.png,,0.4971488066201466,0.5028511933798534,0.9226195216178894,0.9718829393386841,0.0871748998761177,0.073404960334301,0.1918419599533081,0.9332126975059509,0.20451657474040985,-8.174474716186523,8.140538215637207,0.004156194161623716,0.03531763330101967,449209,7.953672989970073,7.423190225381404,16.27955774893053,0.460746361358418,0.539253638641582,123555,0.5494820469238395,0.4505179530761605,16472,0.07411755621433258,0.0003871218068525195,29.3573219969403,0.032926347106695175,0.9670736528933048,0.11780216544866562,0.24078789353370667,0.028549203649163246,0.5071368217468262,0.49286317825317383,0.5302659273147583,0.555219292640686,0.40858373045921326,0.5071368217468262,0.49286317825317383,0.5071368217468262,0.49286317825317383,0.572062233892839,0.42793776610716106,0.965274453163147,0.9066405851565242,0.09335941484347576,0.4458942237981063,0.5707548803617281,0.42924511963827194,0.02127283343788855,0.07491342727269235,0.07491342727269235,0.05128125101327896,0.008626273833215237,0.9250865727273077,0.07491342727269235,0.0613834522664547,0.028481172397732735,410409
b2_cityscapes_val,2026-07-07 05:27:37,cityscapes,val,all,student_skd,/scratch/gautschi/manors/hf_cache/hub/models--nvidia--mit-b2/snapshots/3bb39e8739149c3777d0325349b2a6c32c6413db,runs/mit-b2_skd_j9196921/student_skd.ckpt,skd,img_000159,/home/manors/Guardrail-Distillation/data/cityscapes/leftImg8bit/val/frankfurt/frankfurt_000001_044525_leftImg8bit.png,,0.45986767566387926,0.5401323243361207,0.9458100199699402,0.9580992460250854,0.10975579917430878,0.10640061646699905,0.24159575998783112,0.9115551710128784,0.25541627407073975,-8.31716537475586,8.265362739562988,0.009836416691541672,0.05732075870037079,457077,7.953672989970073,7.423190225381404,16.27955774893053,0.9250598366860958,0.07494016331390418,126850,0.4003636707368184,0.5996363292631817,9142,0.10728458315134048,0.0006195571040734649,29.3573219969403,0.045696284621953964,0.954303715378046,0.1858503818511963,0.3301548957824707,0.031987264752388,0.507996141910553,0.492003858089447,0.5327391028404236,0.5575335621833801,0.4288671016693115,0.507996141910553,0.492003858089447,0.507996141910553,0.492003858089447,0.4863072448467426,0.5136927551532574,0.95088791847229,0.880235713181053,0.11976428681894702,0.0,0.43608481792788095,0.5639151820721191,0.03572114719106256,0.026439569182863276,0.026439569182863276,0.02070329524576664,0.015625376254320145,0.9735604308171367,0.026439569182863276,0.041137490421533585,0.0012317399960011244,400358
b2_cityscapes_val,2026-07-07 05:27:37,cityscapes,val,all,student_skd,/scratch/gautschi/manors/hf_cache/hub/models--nvidia--mit-b2/snapshots/3bb39e8739149c3777d0325349b2a6c32c6413db,runs/mit-b2_skd_j9196921/student_skd.ckpt,skd,img_000160,/home/manors/Guardrail-Distillation/data/cityscapes/leftImg8bit/val/frankfurt/frankfurt_000001_044658_leftImg8bit.png,,0.5090807791615711,0.49091922083842887,0.9315980076789856,0.9705867171287537,0.08959314227104187,0.0768069326877594,0.19798298180103302,0.9303940534591675,0.2137954980134964,-8.314668655395508,8.279068946838379,0.004279711749404669,0.03748973831534386,449563,7.962675503222272,7.414486492052674,16.276255249977112,1.0,0.0,126850,0.4642800277428493,0.5357199722571506,24813,0.07758068293333054,0.0004207898455206305,29.255174740683287,0.03885840252041817,0.9611415974795818,0.13993042707443237,0.30121049284935,0.030142249539494514,0.5075349807739258,0.4924650192260742,0.5276761054992676,0.5564374327659607,0.4220734238624573,0.5075349807739258,0.4924650192260742,0.5075349807739258,0.4924650192260742,0.5864931685632058,0.41350683143679423,0.9407647252082825,1.0,0.0,0.0,0.516045365119399,0.483954634880601,0.05176533737654965,0.07741238940163464,0.07741238940163464,0.0182888712733984,0.009122191928327084,0.9225876105983654,0.07741238940163464,0.030709821730852127,0.005661053117364645,408999
b2_cityscapes_val,2026-07-07 05:27:37,cityscapes,val,all,student_skd,/scratch/gautschi/manors/hf_cache/hub/models--nvidia--mit-b2/snapshots/3bb39e8739149c3777d0325349b2a6c32c6413db,runs/mit-b2_skd_j9196921/student_skd.ckpt,skd,img_000161,/home/manors/Guardrail-Distillation/data/cityscapes/leftImg8bit/val/frankfurt/frankfurt_000001_044787_leftImg8bit.png,,0.5200114598901783,0.4799885401098217,0.8382954597473145,0.9491555094718933,0.12066876143217087,0.13531744480133057,0.28156131505966187,0.8913945555686951,0.31998777389526367,-8.059394836425781,7.9960126876831055,0.015463369898498058,0.06853964179754257,423711,7.962675503222272,7.414486492052674,16.276255249977112,0.4974859867944781,0.5025140132055219,108714,0.8122219903625693,0.18777800963743074,27143,0.13652193546295166,0.0009031175868585706,29.255174740683287,0.06642387062311172,0.9335761293768883,0.2849704623222351,0.4246423840522766,0.07029861211776733,0.5175673961639404,0.48243260383605957,0.5598980784416199,0.6105369329452515,0.4415615499019623,0.5175673961639404,0.48243260383605957,0.5175673961639404,0.48243260383605957,0.5702917327612004,0.4297082672387996,0.8503885865211487,0.6636240703177823,0.33637592968221774,0.16613808352330417,0.8586120421862207,0.14138795781377933,0.04639005182365141,0.0502802728710221,0.0502802728710221,0.019869675859808922,0.0077765267342329025,0.9497197271289779,0.0502802728710221,0.043494269251823425,0.0010384436463937163,360083
b2_cityscapes_val,2026-07-07 05:27:37,cityscapes,val,all,student_skd,/scratch/gautschi/manors/hf_cache/hub/models--nvidia--mit-b2/snapshots/3bb39e8739149c3777d0325349b2a6c32c6413db,runs/mit-b2_skd_j9196921/student_skd.ckpt,skd,img_000162,/home/manors/Guardrail-Distillation/data/cityscapes/leftImg8bit/val/frankfurt/frankfurt_000001_046126_leftImg8bit.png,,0.5002084794075056,0.49979152059249443,0.9229893684387207,0.9599270820617676,0.10705091059207916,0.11037137359380722,0.25671109557151794,0.9077967405319214,0.2819545567035675,-7.944374084472656,7.894793510437012,0.011431177146732807,0.05232847109436989,460495,7.962675503222272,7.414486492052674,16.276255249977112,0.49998817500985415,0.5000118249901458,126850,0.48921435017554754,0.5107856498244525,10925,0.11156828701496124,0.0007583582773804665,29.255174740683287,0.050855524837970734,0.9491444751620293,0.2024780809879303,0.3506482243537903,0.04155464470386505,0.5103871822357178,0.4896128177642822,0.5383285284042358,0.570809543132782,0.4220229685306549,0.5103871822357178,0.4896128177642822,0.5103871822357178,0.4896128177642822,0.5815838140708929,0.4184161859291071,0.9357994794845581,1.0,0.0,0.5000118249901458,0.5106480373490554,0.4893519626509446,0.02143368717350791,0.08137533466338731,0.08137533466338731,0.02024560421705246,0.007435476873070002,0.9186246653366127,0.08137533466338731,0.03583317995071411,0.00452122138813138,406430
b2_cityscapes_val,2026-07-07 05:27:37,cityscapes,val,all,student_skd,/scratch/gautschi/manors/hf_cache/hub/models--nvidia--mit-b2/snapshots/3bb39e8739149c3777d0325349b2a6c32c6413db,runs/mit-b2_skd_j9196921/student_skd.ckpt,skd,img_000163,/home/manors/Guardrail-Distillation/data/cityscapes/leftImg8bit/val/frankfurt/frankfurt_000001_046272_leftImg8bit.png,,0.6939699954934131,0.3060300045065869,0.9325640201568604,0.9521267414093018,0.11287141591310501,0.12170351296663284,0.24196340143680573,0.8936415910720825,0.3132748305797577,-7.840758800506592,7.782337188720703,0.008352489210665226,0.06432309001684189,459384,7.962675503222272,7.414486492052674,16.276255249977112,0.9245638255077585,0.07543617449224149,126850,0.9255936064558568,0.07440639354414325,30175,0.12275626510381699,0.0006833724328316748,29.255174740683287,0.052711695432662964,0.947288304567337,0.22202862799167633,0.3466109037399292,0.039294999092817307,0.5098224878311157,0.4901775121688843,0.5406055450439453,0.5624758005142212,0.42137953639030457,0.5098224878311157,0.4901775121688843,0.5098224878311157,0.4901775121688843,0.7229637709655689,0.27703622903443115,0.939109742641449,0.9244961148683268,0.07550388513167317,0.0,0.9461599277717057,0.053840072228294344,0.0205663213158489,0.02899377547215576,0.02899377547215576,0.026322204619646072,0.01977648213505745,0.9710062245278442,0.02899377547215576,0.05061560496687889,0.0013039200566709042,393166
b2_cityscapes_val,2026-07-07 05:27:38,cityscapes,val,all,student_skd,/scratch/gautschi/manors/hf_cache/hub/models--nvidia--mit-b2/snapshots/3bb39e8739149c3777d0325349b2a6c32c6413db,runs/mit-b2_skd_j9196921/student_skd.ckpt,skd,img_000164,/home/manors/Guardrail-Distillation/data/cityscapes/leftImg8bit/val/frankfurt/frankfurt_000001_046504_leftImg8bit.png,,0.5953889406755896,0.40461105932441044,0.9558976292610168,0.9732650518417358,0.08552657067775726,0.06992024928331375,0.18904098868370056,0.9365039467811584,0.19336843490600586,-8.648898124694824,8.616528511047363,0.004055601079016924,0.032951757311820984,428050,7.949686492793262,7.415645231958479,16.20281400391832,0.7705160573701577,0.22948394262984229,126850,0.8888471473983802,0.11115285260161978,43572,0.07054968923330307,0.0003981970949098468,29.25578149734065,0.03866796940565109,0.9613320305943489,0.12302837520837784,0.28484857082366943,0.04008374363183975,0.5100196003913879,0.48998039960861206,0.5253524780273438,0.5495542287826538,0.4172765910625458,0.5100196003913879,0.48998039960861206,0.5100196003913879,0.48998039960861206,0.6245062705631862,0.3754937294368138,0.965611457824707,0.8545583047428479,0.14544169525715211,0.08404224737269017,0.9117567112881376,0.08824328871186238,0.0229095638897574,0.029117329887596632,0.029117329887596632,0.01744188740849495,0.0077280690893530846,0.9708826701124034,0.029117329887596632,0.027501460164785385,0.0020698516163975,393392
b2_cityscapes_val,2026-07-07 05:27:38,cityscapes,val,all,student_skd,/scratch/gautschi/manors/hf_cache/hub/models--nvidia--mit-b2/snapshots/3bb39e8739149c3777d0325349b2a6c32c6413db,runs/mit-b2_skd_j9196921/student_skd.ckpt,skd,img_000165,/home/manors/Guardrail-Distillation/data/cityscapes/leftImg8bit/val/frankfurt/frankfurt_000001_046779_leftImg8bit.png,,0.44344327778888754,0.5565567222111125,0.9565470814704895,0.9708458781242371,0.0940563827753067,0.07384596765041351,0.20909728109836578,0.9375866651535034,0.18509991466999054,-8.716192245483398,8.680005073547363,0.0073508587665855885,0.03972167149186134,466068,7.949686492793262,7.415645231958479,16.20281400391832,0.9058015024257402,0.0941984975742598,126850,0.4414944262242728,0.5585055737757272,113132,0.07465546578168869,0.0004961569211445749,29.25578149734065,0.031540416181087494,0.9684595838189125,0.08714360743761063,0.2630312740802765,0.024926885962486267,0.506231427192688,0.493768572807312,0.5179939866065979,0.5414872765541077,0.4063916504383087,0.506231427192688,0.493768572807312,0.506231427192688,0.493768572807312,0.46894061551021743,0.5310593844897826,0.960377037525177,0.9028578264613439,0.09714217353865606,0.0,0.45290687032594046,0.5470931296740595,0.01141244410166764,0.025497337721329894,0.025497337721329894,0.013028142042458057,0.00919822882860899,0.9745026622786701,0.025497337721329894,0.02652188017964363,0.0015298196813091636,426097
b2_cityscapes_val,2026-07-07 05:27:38,cityscapes,val,all,student_skd,/scratch/gautschi/manors/hf_cache/hub/models--nvidia--mit-b2/snapshots/3bb39e8739149c3777d0325349b2a6c32c6413db,runs/mit-b2_skd_j9196921/student_skd.ckpt,skd,img_000166,/home/manors/Guardrail-Distillation/data/cityscapes/leftImg8bit/val/frankfurt/frankfurt_000001_047178_leftImg8bit.png,,0.5735378614738268,0.4264621385261732,0.970586895942688,0.9754587411880493,0.08151420950889587,0.0624382384121418,0.1728745400905609,0.942637026309967,0.17201992869377136,-8.731959342956543,8.702428817749023,0.002781416056677699,0.030860986560583115,463433,7.949686492793262,7.415645231958479,16.20281400391832,0.9651533545377186,0.034846645462281445,126850,0.695880832449804,0.30411916755019597,161633,0.06307150423526764,0.0004102580714970827,29.25578149734065,0.02505255863070488,0.9749474413692951,0.06076537445187569,0.19523346424102783,0.015303397551178932,0.5038257837295532,0.4961742162704468,0.5121606588363647,0.5294299721717834,0.4166780412197113,0.5038257837295532,0.4961742162704468,0.5038257837295532,0.4961742162704468,0.6365242426869322,0.3634757573130678,0.9731740951538086,0.9666408800177176,0.03335911998228236,0.0014875254799990856,0.6917079342362737,0.30829206576372625,0.0,0.0629863812131054,0.0629863812131054,0.009090850129723549,0.006503636948764324,0.9370136187868946,0.0629863812131054,0.017029430717229843,0.0001898871996672824,428708
b2_cityscapes_val,2026-07-07 05:27:38,cityscapes,val,all,student_skd,/scratch/gautschi/manors/hf_cache/hub/models--nvidia--mit-b2/snapshots/3bb39e8739149c3777d0325349b2a6c32c6413db,runs/mit-b2_skd_j9196921/student_skd.ckpt,skd,img_000167,/home/manors/Guardrail-Distillation/data/cityscapes/leftImg8bit/val/frankfurt/frankfurt_000001_047552_leftImg8bit.png,,0.6501235627813637,0.34987643721863626,0.9555021524429321,0.9761955738067627,0.08189276605844498,0.058575015515089035,0.1701434701681137,0.9474380612373352,0.15469278395175934,-8.667583465576172,8.63874340057373,0.0028841961175203323,0.03146415203809738,465641,7.949686492793262,7.415645231958479,16.20281400391832,0.8121813581528322,0.1878186418471678,126850,0.9966515592234323,0.003348440776567707,118264,0.05905735120177269,0.0003091548278462142,29.25578149734065,0.024751562625169754,0.9752484373748302,0.051970988512039185,0.20346227288246155,0.01796847954392433,0.5044919848442078,0.49550801515579224,0.5115405321121216,0.5338749289512634,0.41475561261177063,0.5044919848442078,0.49550801515579224,0.5044919848442078,0.49550801515579224,0.6626064473292028,0.3373935526707972,0.9699231386184692,0.9284087078796891,0.0715912921203109,0.11622734972685689,0.9915358858147872,0.008464114185212757,0.0,0.01248288454783908,0.01248288454783908,0.02214796282351017,0.007726982235908508,0.9875171154521609,0.01248288454783908,0.03157367929816246,0.0028047356754541397,431866
b2_cityscapes_val,2026-07-07 05:27:38,cityscapes,val,all,student_skd,/scratch/gautschi/manors/hf_cache/hub/models--nvidia--mit-b2/snapshots/3bb39e8739149c3777d0325349b2a6c32c6413db,runs/mit-b2_skd_j9196921/student_skd.ckpt,skd,img_000168,/home/manors/Guardrail-Distillation/data/cityscapes/leftImg8bit/val/frankfurt/frankfurt_000001_048196_leftImg8bit.png,,0.613810997146887,0.386189002853113,0.9507994651794434,0.9694872498512268,0.08984176069498062,0.07856699824333191,0.19380076229572296,0.9292710423469543,0.2100926637649536,-8.539163589477539,8.502453804016113,0.0037430771626532078,0.03828449174761772,466194,7.933663757285103,7.400910253636539,16.188377747312188,1.0,0.0,126850,0.640614161295428,0.35938583870457197,35233,0.07937558740377426,0.0005132828955538571,29.236981499707326,0.039032939821481705,0.9609670601785183,0.1404445618391037,0.26997798681259155,0.031595297157764435,0.507898211479187,0.492101788520813,0.5309738516807556,0.5523161888122559,0.43434327840805054,0.507898211479187,0.492101788520813,0.507898211479187,0.492101788520813,0.7068804790596411,0.29311952094035887,0.9630240201950073,1.0,0.0,0.0,0.9233339243103709,0.07666607568962913,0.28271976301494284,0.0930694819127541,0.0930694819127541,0.021478183567523956,0.00925365835428238,0.9069305180872459,0.0930694819127541,0.032894033938646317,0.004139907658100128,422178
b2_cityscapes_val,2026-07-07 05:27:38,cityscapes,val,all,student_skd,/scratch/gautschi/manors/hf_cache/hub/models--nvidia--mit-b2/snapshots/3bb39e8739149c3777d0325349b2a6c32c6413db,runs/mit-b2_skd_j9196921/student_skd.ckpt,skd,img_000169,/home/manors/Guardrail-Distillation/data/cityscapes/leftImg8bit/val/frankfurt/frankfurt_000001_048355_leftImg8bit.png,,0.6724895112566184,0.3275104887433816,0.9596956968307495,0.9691023230552673,0.09246624261140823,0.07806812971830368,0.1981617957353592,0.9314877986907959,0.2008298933506012,-8.072310447692871,8.034770965576172,0.004604671150445938,0.040428537875413895,466700,7.933663757285103,7.400910253636539,16.188377747312188,0.9423786450685516,0.057621354931448376,126850,0.6965230659133809,0.30347693408661913,131622,0.07875073701143265,0.00046139993355609477,29.236981499707326,0.03414098918437958,0.9658590108156204,0.1135038211941719,0.2605612576007843,0.023313002660870552,0.5058280229568481,0.49417197704315186,0.5220205187797546,0.5464462041854858,0.4285725951194763,0.5058280229568481,0.49417197704315186,0.5058280229568481,0.49417197704315186,0.5949883312857313,0.40501166871426875,0.9675937294960022,0.9625231614968184,0.03747683850318162,0.020144516428266757,0.3902517040404233,0.6097482959595767,0.0,0.0,0.0,0.01539104338735342,0.007493035867810249,1.0,0.0,0.0274073276668787,0.0009899293072521687,423004
b2_cityscapes_val,2026-07-07 05:27:38,cityscapes,val,all,student_skd,/scratch/gautschi/manors/hf_cache/hub/models--nvidia--mit-b2/snapshots/3bb39e8739149c3777d0325349b2a6c32c6413db,runs/mit-b2_skd_j9196921/student_skd.ckpt,skd,img_000170,/home/manors/Guardrail-Distillation/data/cityscapes/leftImg8bit/val/frankfurt/frankfurt_000001_048654_leftImg8bit.png,,0.6176117191206184,0.3823882808793816,0.9600532650947571,0.9660659432411194,0.09671014547348022,0.08829255402088165,0.21420074999332428,0.9214112162590027,0.23834270238876343,-8.292007446289062,8.250699043273926,0.005852529313415289,0.04449222981929779,461339,7.933663757285103,7.400910253636539,16.188377747312188,0.9623782702026853,0.03762172979731471,126850,0.9056788884881665,0.09432111151183353,15430,0.08914060145616531,0.0005092353094369173,29.236981499707326,0.03738681599497795,0.962613184005022,0.12592796981334686,0.2782589793205261,0.0265951044857502,0.5066484212875366,0.4933515787124634,0.5250222682952881,0.5508566498756409,0.43502697348594666,0.5066484212875366,0.4933515787124634,0.5066484212875366,0.4933515787124634,0.6974702283659382,0.3025297716340618,0.9647656083106995,0.9659354640596769,0.034064535940323104,0.003557193856991603,0.9146217784460867,0.08537822155391328,0.008942889957920253,0.07985850924531979,0.07985850924531979,0.013909511268138885,0.009197141975164413,0.9201414907546802,0.07985850924531979,0.02506616711616516,0.0008540357812307775,414409
b2_cityscapes_val,2026-07-07 05:27:38,cityscapes,val,all,student_skd,/scratch/gautschi/manors/hf_cache/hub/models--nvidia--mit-b2/snapshots/3bb39e8739149c3777d0325349b2a6c32c6413db,runs/mit-b2_skd_j9196921/student_skd.ckpt,skd,img_000171,/home/manors/Guardrail-Distillation/data/cityscapes/leftImg8bit/val/frankfurt/frankfurt_000001_049078_leftImg8bit.png,,0.4583609865968776,0.5416390134031224,0.970626175403595,0.9749634861946106,0.0822535827755928,0.0650382861495018,0.1808166801929474,0.9420402646064758,0.17272886633872986,-8.235953330993652,8.205805778503418,0.0032380279153585434,0.030855216085910797,457686,7.933663757285103,7.400910253636539,16.188377747312188,1.0,0.0,126850,0.4955032933626077,0.5044967066373923,23742,0.06555275619029999,0.0003108664823230356,29.236981499707326,0.02567887119948864,0.9743211288005114,0.06012240797281265,0.20584629476070404,0.015537194907665253,0.5038841962814331,0.4961158037185669,0.5121785402297974,0.5341736078262329,0.4228585958480835,0.5038841962814331,0.4961158037185669,0.5038841962814331,0.4961158037185669,0.47292643015216246,0.5270735698478375,0.9744563102722168,1.0,0.0,0.0,0.4921050409524614,0.5078949590475386,0.0,0.014565443555284885,0.014565443555284885,0.008647850714623928,0.004817713517695665,0.9854345564447151,0.014565443555284885,0.014538352377712727,0.0002578186977189034,421805
b2_cityscapes_val,2026-07-07 05:27:38,cityscapes,val,all,student_skd,/scratch/gautschi/manors/hf_cache/hub/models--nvidia--mit-b2/snapshots/3bb39e8739149c3777d0325349b2a6c32c6413db,runs/mit-b2_skd_j9196921/student_skd.ckpt,skd,img_000172,/home/manors/Guardrail-Distillation/data/cityscapes/leftImg8bit/val/frankfurt/frankfurt_000001_049209_leftImg8bit.png,,0.5238333085198393,0.47616669148016066,0.9567798972129822,0.9667011499404907,0.10021793097257614,0.08573225140571594,0.22789928317070007,0.9288380742073059,0.20908060669898987,-8.560608863830566,8.519196510314941,0.00856751948595047,0.04547997936606407,457542,7.9575880081392825,7.409236743114889,16.199840989429504,1.0,0.0,126850,0.4679514020658332,0.5320485979341668,28140,0.08646199107170105,0.0005669877864420414,29.23609348363243,0.037355031818151474,0.9626449681818485,0.12059880793094635,0.2958299219608307,0.02713034674525261,0.5067821741104126,0.4932178258895874,0.523247241973877,0.5556631088256836,0.4379771649837494,0.5067821741104126,0.4932178258895874,0.5067821741104126,0.4932178258895874,0.5834385325945464,0.41656146740545363,0.9659266471862793,1.0,0.0,0.0,0.4438040598962328,0.5561959401037673,0.0,0.05960522407470703,0.05960522407470703,0.0162061620503664,0.007059461437165737,0.940394775925293,0.05960522407470703,0.026168089359998703,0.0008720511104911566,412569
b2_cityscapes_val,2026-07-07 05:27:38,cityscapes,val,all,student_skd,/scratch/gautschi/manors/hf_cache/hub/models--nvidia--mit-b2/snapshots/3bb39e8739149c3777d0325349b2a6c32c6413db,runs/mit-b2_skd_j9196921/student_skd.ckpt,skd,img_000173,/home/manors/Guardrail-Distillation/data/cityscapes/leftImg8bit/val/frankfurt/frankfurt_000001_049298_leftImg8bit.png,,0.5906615346724872,0.40933846532751283,0.9621006846427917,0.966642439365387,0.09708017855882645,0.0857274979352951,0.2124464362859726,0.9248846173286438,0.22196587920188904,-8.38651180267334,8.345670700073242,0.006575978826731443,0.044309910386800766,423359,7.9575880081392825,7.409236743114889,16.199840989429504,0.49922993106049496,0.500770068939505,95446,0.5011358651912665,0.4988641348087335,5111,0.08646804094314575,0.0004971019807271659,29.23609348363243,0.036013562232255936,0.9639864377677441,0.12132018059492111,0.2544515132904053,0.021366065368056297,0.5053412914276123,0.4946587085723877,0.5235541462898254,0.5448811650276184,0.43781203031539917,0.5053412914276123,0.4946587085723877,0.5053412914276123,0.4946587085723877,0.607829321088038,0.392170678911962,0.9683743119239807,0.49897324141399324,0.5010267585860068,0.0,0.5077746620906293,0.49222533790937073,0.006638796899362753,0.017167786415550834,0.017167786415550834,0.01580691523849964,0.009533279575407505,0.9828322135844492,0.017167786415550834,0.027782566845417023,0.0013180302921682596,381896
b2_cityscapes_val,2026-07-07 05:27:38,cityscapes,val,all,student_skd,/scratch/gautschi/manors/hf_cache/hub/models--nvidia--mit-b2/snapshots/3bb39e8739149c3777d0325349b2a6c32c6413db,runs/mit-b2_skd_j9196921/student_skd.ckpt,skd,img_000174,/home/manors/Guardrail-Distillation/data/cityscapes/leftImg8bit/val/frankfurt/frankfurt_000001_049698_leftImg8bit.png,,0.7075926319667237,0.29240736803327627,0.9217115640640259,0.9531365036964417,0.11164993792772293,0.11932232230901718,0.2394103854894638,0.8947504162788391,0.3085424304008484,-8.204633712768555,8.147419929504395,0.007874875329434872,0.062066543847322464,421467,7.9575880081392825,7.409236743114889,16.199840989429504,0.5433471073364184,0.45665289266358156,103389,0.8151856318164267,0.18481436818357333,93392,0.12057133764028549,0.000764377589803189,29.23609348363243,0.04871523380279541,0.9512847661972046,0.1794910579919815,0.30091461539268494,0.03486937656998634,0.5087164640426636,0.4912835359573364,0.531823992729187,0.5537988543510437,0.43845298886299133,0.5087164640426636,0.4912835359573364,0.5087164640426636,0.4912835359573364,0.7620442735376708,0.2379557264623292,0.9489568471908569,0.8393952990630885,0.16060470093691148,0.2960481917266701,0.7103956763560129,0.28960432364398714,0.0,0.05445164157094706,0.05445164157094706,0.03990348055958748,0.012658167630434036,0.9455483584290529,0.05445164157094706,0.053861867636442184,0.020525924861431122,362852
b2_cityscapes_val,2026-07-07 05:27:38,cityscapes,val,all,student_skd,/scratch/gautschi/manors/hf_cache/hub/models--nvidia--mit-b2/snapshots/3bb39e8739149c3777d0325349b2a6c32c6413db,runs/mit-b2_skd_j9196921/student_skd.ckpt,skd,img_000175,/home/manors/Guardrail-Distillation/data/cityscapes/leftImg8bit/val/frankfurt/frankfurt_000001_049770_leftImg8bit.png,,0.5375687640471373,0.46243123595286273,0.904542088508606,0.9498958587646484,0.11548297852277756,0.12746061384677887,0.24719977378845215,0.8898137807846069,0.31944313645362854,-8.257980346679688,8.196643829345703,0.009630863554775715,0.06638433039188385,425507,7.9575880081392825,7.409236743114889,16.199840989429504,0.46502386154392916,0.5349761384560708,106151,0.4840723157513619,0.5159276842486381,89757,0.12876921892166138,0.0008711640839464962,29.23609348363243,0.053170640021562576,0.9468293599784374,0.21593506634235382,0.33064737915992737,0.03668981045484543,0.5091714262962341,0.49082857370376587,0.5343163013458252,0.5614815354347229,0.45295438170433044,0.5091714262962341,0.49082857370376587,0.5091714262962341,0.49082857370376587,0.6520611920742825,0.3479388079257175,0.9474109411239624,0.9054498190068702,0.09455018099312984,0.440425957462941,0.48355188581625297,0.516448114183747,0.0,0.11449242802714521,0.11449242802714521,0.05726815015077591,0.014399292878806591,0.8855075719728548,0.11449242802714521,0.07528900355100632,0.022909140214323997,361488
b2_cityscapes_val,2026-07-07 05:27:39,cityscapes,val,all,student_skd,/scratch/gautschi/manors/hf_cache/hub/models--nvidia--mit-b2/snapshots/3bb39e8739149c3777d0325349b2a6c32c6413db,runs/mit-b2_skd_j9196921/student_skd.ckpt,skd,img_000176,/home/manors/Guardrail-Distillation/data/cityscapes/leftImg8bit/val/frankfurt/frankfurt_000001_050149_leftImg8bit.png,,0.6144212915878432,0.3855787084121568,0.9205631017684937,0.9539828300476074,0.11442858725786209,0.12087991833686829,0.2614082992076874,0.897314190864563,0.31192150712013245,-8.017489433288574,7.960555076599121,0.01116784755140543,0.06435911357402802,427119,7.936084759421647,7.40651399246417,16.20720824575983,0.46463818381181693,0.535361816188183,106490,0.6918602100802547,0.30813978991974533,20070,0.12202730029821396,0.0008081229752860963,29.300956230144948,0.0492665097117424,0.9507334902882576,0.18882980942726135,0.32242435216903687,0.03462029993534088,0.5086541771888733,0.4913458228111267,0.5360386371612549,0.5571398735046387,0.43570566177368164,0.5086541771888733,0.4913458228111267,0.5086541771888733,0.4913458228111267,0.7402303839996388,0.2597696160003612,0.952423095703125,0.9531582503391799,0.04684174966082011,0.4885200665273629,0.8360894749802762,0.1639105250197238,0.14422926490002153,0.1258090924117956,0.1258090924117956,0.04397369176149368,0.012113720178604126,0.8741909075882044,0.1258090924117956,0.060186974704265594,0.024990692734718323,369537
b2_cityscapes_val,2026-07-07 05:27:39,cityscapes,val,all,student_skd,/scratch/gautschi/manors/hf_cache/hub/models--nvidia--mit-b2/snapshots/3bb39e8739149c3777d0325349b2a6c32c6413db,runs/mit-b2_skd_j9196921/student_skd.ckpt,skd,img_000177,/home/manors/Guardrail-Distillation/data/cityscapes/leftImg8bit/val/frankfurt/frankfurt_000001_050686_leftImg8bit.png,,0.6906702210320833,0.3093297789679167,0.9331779479980469,0.9591773748397827,0.10795628279447556,0.10611585527658463,0.24430003762245178,0.9102588295936584,0.267609179019928,-8.271589279174805,8.221174240112305,0.00981821957975626,0.054597511887550354,409341,7.936084759421647,7.40651399246417,16.20720824575983,0.5922295837774012,0.4077704162225988,98992,0.7782965694680148,0.22170343053198516,97316,0.1073252335190773,0.0007170676835812628,29.300956230144948,0.045900218188762665,0.9540997818112373,0.1769828200340271,0.3204973638057709,0.03008360043168068,0.5075203776359558,0.4924796223640442,0.5300329923629761,0.5542974472045898,0.44361552596092224,0.5075203776359558,0.4924796223640442,0.5075203776359558,0.4924796223640442,0.782491907720432,0.21750809227956802,0.9558631777763367,0.6337986134746147,0.36620138652538525,0.041569029697213544,0.916924871537047,0.08307512846295295,0.1386283020690322,0.09182168668834867,0.09182168668834867,0.031145181506872177,0.008459939621388912,0.9081783133116513,0.09182168668834867,0.04257575049996376,0.003857419593259692,359405
b2_cityscapes_val,2026-07-07 05:27:39,cityscapes,val,all,student_skd,/scratch/gautschi/manors/hf_cache/hub/models--nvidia--mit-b2/snapshots/3bb39e8739149c3777d0325349b2a6c32c6413db,runs/mit-b2_skd_j9196921/student_skd.ckpt,skd,img_000178,/home/manors/Guardrail-Distillation/data/cityscapes/leftImg8bit/val/frankfurt/frankfurt_000001_051516_leftImg8bit.png,,0.6027114285180962,0.3972885714819038,0.9335485100746155,0.9634135961532593,0.09981182217597961,0.08907517045736313,0.20772655308246613,0.9240491986274719,0.2138262391090393,-7.781857967376709,7.737482070922852,0.0031724669970571995,0.05017716810107231,463677,7.936084759421647,7.40651399246417,16.20720824575983,0.95609263196797,0.04390736803202999,126850,0.984251968503937,0.015748031496062964,1397,0.08972492814064026,0.0004832374688703567,29.300956230144948,0.04023288935422897,0.959767110645771,0.16664165258407593,0.2797890901565552,0.03566204011440277,0.508914589881897,0.491085410118103,0.5338817238807678,0.5641481876373291,0.3625412583351135,0.508914589881897,0.491085410118103,0.508914589881897,0.491085410118103,0.7441605353079932,0.2558394646920068,0.9499198198318481,0.6185085637737493,0.3814914362262507,0.0,0.9599141016463851,0.04008589835361487,0.0,0.14144910678989697,0.14144910678989697,0.04020039737224579,0.023829087615013123,0.858550893210103,0.14144910678989697,0.06592735648155212,0.007733831647783518,410503
b2_cityscapes_val,2026-07-07 05:27:39,cityscapes,val,all,student_skd,/scratch/gautschi/manors/hf_cache/hub/models--nvidia--mit-b2/snapshots/3bb39e8739149c3777d0325349b2a6c32c6413db,runs/mit-b2_skd_j9196921/student_skd.ckpt,skd,img_000179,/home/manors/Guardrail-Distillation/data/cityscapes/leftImg8bit/val/frankfurt/frankfurt_000001_051737_leftImg8bit.png,,0.7467717472483194,0.2532282527516806,0.9493271112442017,0.9729310870170593,0.08934357017278671,0.07102395594120026,0.20261810719966888,0.9377413988113403,0.19306322932243347,-8.004206657409668,7.970916271209717,0.006266909651458263,0.03631968796253204,464982,7.936084759421647,7.40651399246417,16.20720824575983,0.9544382751346897,0.045561724865310294,126850,0.9300077912834266,0.06999220871657341,18970,0.07183507829904556,0.00047110809828154743,29.300956230144948,0.028779972344636917,0.9712200276553631,0.0793268010020256,0.22374974191188812,0.01566002517938614,0.5039148926734924,0.49608510732650757,0.5154860019683838,0.5372059345245361,0.4182596206665039,0.5039148926734924,0.49608510732650757,0.5039148926734924,0.49608510732650757,0.7746490297016716,0.2253509702983284,0.9572973251342773,0.9841208078131616,0.01587919218683842,0.029682532678471873,0.9433325584070446,0.05666744159295545,0.013324767123617964,0.027877282453352192,0.027877282453352192,0.015675876289606094,0.007705674972385168,0.9721227175466478,0.027877282453352192,0.025807451456785202,0.0029958148952573538,427573
b2_cityscapes_val,2026-07-07 05:27:39,cityscapes,val,all,student_skd,/scratch/gautschi/manors/hf_cache/hub/models--nvidia--mit-b2/snapshots/3bb39e8739149c3777d0325349b2a6c32c6413db,runs/mit-b2_skd_j9196921/student_skd.ckpt,skd,img_000180,/home/manors/Guardrail-Distillation/data/cityscapes/leftImg8bit/val/frankfurt/frankfurt_000001_051807_leftImg8bit.png,,0.5770171949910727,0.42298280500892727,0.9402512907981873,0.9626463055610657,0.10210232436656952,0.09466694295406342,0.22124558687210083,0.9181444048881531,0.24027517437934875,-7.9771528244018555,7.931480407714844,0.0067140646278858185,0.05032103508710861,449951,7.963257492519915,7.426823751302436,16.285237012198195,1.0,0.0,126850,0.4686185138597482,0.5313814861402518,17123,0.09554097801446915,0.0005524998414330184,29.367473005549982,0.039849262684583664,0.9601507373154163,0.1466183215379715,0.28043055534362793,0.026734016835689545,0.5066831111907959,0.4933168888092041,0.525999128818512,0.5505070090293884,0.44050079584121704,0.5066831111907959,0.4933168888092041,0.5066831111907959,0.4933168888092041,0.6578772131859896,0.3421227868140104,0.9486232995986938,1.0,0.0,0.0,0.6105676724387216,0.38943232756127844,0.1419491585789734,0.08086001819491684,0.08086001819491684,0.020186642184853554,0.011814619414508343,0.9191399818050832,0.08086001819491684,0.033765897154808044,0.002104673534631729,399481
b2_cityscapes_val,2026-07-07 05:27:39,cityscapes,val,all,student_skd,/scratch/gautschi/manors/hf_cache/hub/models--nvidia--mit-b2/snapshots/3bb39e8739149c3777d0325349b2a6c32c6413db,runs/mit-b2_skd_j9196921/student_skd.ckpt,skd,img_000181,/home/manors/Guardrail-Distillation/data/cityscapes/leftImg8bit/val/frankfurt/frankfurt_000001_052120_leftImg8bit.png,,0.5656080798223998,0.4343919201776002,0.9711951017379761,0.9780651330947876,0.07775474339723587,0.05836000293493271,0.1733267605304718,0.9453434944152832,0.17103363573551178,-8.555936813354492,8.529452323913574,0.0033830644097179174,0.0274957325309515,449888,7.963257492519915,7.426823751302436,16.285237012198195,1.0,0.0,124174,0.8640191991013082,0.1359808008986918,49454,0.05893556773662567,0.00031193712493404746,29.367473005549982,0.026123348623514175,0.9738766513764858,0.06509146839380264,0.19458168745040894,0.018107324838638306,0.504526674747467,0.49547332525253296,0.5151589512825012,0.5373918414115906,0.43015432357788086,0.504526674747467,0.49547332525253296,0.504526674747467,0.49547332525253296,0.5144065187634231,0.48559348123657686,0.9761318564414978,1.0,0.0,0.0,0.6873100244118809,0.31268997558811906,0.0,0.0,0.0,0.009824668057262897,0.004887883085757494,1.0,0.0,0.01590840332210064,0.00029118359088897705,420430
b2_cityscapes_val,2026-07-07 05:27:39,cityscapes,val,all,student_skd,/scratch/gautschi/manors/hf_cache/hub/models--nvidia--mit-b2/snapshots/3bb39e8739149c3777d0325349b2a6c32c6413db,runs/mit-b2_skd_j9196921/student_skd.ckpt,skd,img_000182,/home/manors/Guardrail-Distillation/data/cityscapes/leftImg8bit/val/frankfurt/frankfurt_000001_052594_leftImg8bit.png,,0.6705682836767151,0.32943171632328494,0.9617623090744019,0.9685090780258179,0.09535957127809525,0.08167785406112671,0.21636950969696045,0.9312682747840881,0.2060835212469101,-8.31479549407959,8.276153564453125,0.006779879797250032,0.0416954830288887,449713,7.963257492519915,7.426823751302436,16.285237012198195,0.7626794792072877,0.23732052079271226,126850,0.8703738268589049,0.12962617314109515,45060,0.08243012428283691,0.0005360537325032055,29.367473005549982,0.034011997282505035,0.965988002717495,0.1184592992067337,0.2634626626968384,0.024767285212874413,0.5061915516853333,0.49380844831466675,0.5242776870727539,0.546924889087677,0.4253162741661072,0.5061915516853333,0.49380844831466675,0.5061915516853333,0.49380844831466675,0.7040066441546391,0.2959933558453609,0.9693715572357178,0.8146679494991513,0.18533205050084867,0.0519884702918636,0.8339928342545947,0.1660071657454053,0.0,0.033438360477924034,0.033438360477924034,0.015614403411746025,0.008005105890333652,0.966561639522076,0.033438360477924034,0.025829806923866272,0.0006871048826724291,406461
b2_cityscapes_val,2026-07-07 05:27:39,cityscapes,val,all,student_skd,/scratch/gautschi/manors/hf_cache/hub/models--nvidia--mit-b2/snapshots/3bb39e8739149c3777d0325349b2a6c32c6413db,runs/mit-b2_skd_j9196921/student_skd.ckpt,skd,img_000183,/home/manors/Guardrail-Distillation/data/cityscapes/leftImg8bit/val/frankfurt/frankfurt_000001_053102_leftImg8bit.png,,0.6681517915820916,0.3318482084179084,0.9709169864654541,0.9715423583984375,0.0904638022184372,0.07631946355104446,0.21278119087219238,0.9356994032859802,0.1964498907327652,-8.185036659240723,8.150148391723633,0.006496733985841274,0.035895463079214096,446686,7.963257492519915,7.426823751302436,16.285237012198195,1.0,0.0,126850,0.7879795134392595,0.21202048656074046,25559,0.07697081565856934,0.00043246211134828627,29.367473005549982,0.031414762139320374,0.9685852378606796,0.1078629419207573,0.24318435788154602,0.025028720498085022,0.5062568187713623,0.4937431812286377,0.5241484045982361,0.5465348362922668,0.41703104972839355,0.5062568187713623,0.4937431812286377,0.5062568187713623,0.4937431812286377,0.7022529525789678,0.2977470474210322,0.9758577942848206,1.0,0.0,0.0,0.8261517240842482,0.1738482759157518,0.03817221064498866,0.03410116099687621,0.03410116099687621,0.010685359127819538,0.00574452755972743,0.9658988390031238,0.03410116099687621,0.01921931840479374,0.0007768320501782,407887
b2_cityscapes_val,2026-07-07 05:27:39,cityscapes,val,all,student_skd,/scratch/gautschi/manors/hf_cache/hub/models--nvidia--mit-b2/snapshots/3bb39e8739149c3777d0325349b2a6c32c6413db,runs/mit-b2_skd_j9196921/student_skd.ckpt,skd,img_000184,/home/manors/Guardrail-Distillation/data/cityscapes/leftImg8bit/val/frankfurt/frankfurt_000001_054077_leftImg8bit.png,,0.7647844291992006,0.23521557080079936,0.9607223868370056,0.9719206690788269,0.08662901073694229,0.07074974477291107,0.1831541210412979,0.936903715133667,0.18566492199897766,-7.667538642883301,7.633758544921875,0.0030565974302589893,0.035025037825107574,464896,7.977596251294017,7.428127253660932,16.275121743092313,1.0,0.0,126850,0.8430295520119843,0.15697044798801574,15240,0.07143011689186096,0.00048249505925923586,29.355502483667806,0.0344441756606102,0.9655558243393898,0.11266259849071503,0.25302863121032715,0.022118957713246346,0.505529522895813,0.494470477104187,0.523838996887207,0.5467429161071777,0.4267791509628296,0.505529522895813,0.494470477104187,0.505529522895813,0.494470477104187,0.7290468791218947,0.2709531208781053,0.9724324941635132,1.0,0.0,0.0,0.6480455185379427,0.3519544814620573,0.0,0.0,0.0,0.01960008218884468,0.007889936678111553,1.0,0.0,0.02888818085193634,0.0032716994173824787,424125
b2_cityscapes_val,2026-07-07 05:27:39,cityscapes,val,all,student_skd,/scratch/gautschi/manors/hf_cache/hub/models--nvidia--mit-b2/snapshots/3bb39e8739149c3777d0325349b2a6c32c6413db,runs/mit-b2_skd_j9196921/student_skd.ckpt,skd,img_000185,/home/manors/Guardrail-Distillation/data/cityscapes/leftImg8bit/val/frankfurt/frankfurt_000001_054219_leftImg8bit.png,,0.6880918160328354,0.3119081839671646,0.9307814836502075,0.9417909979820251,0.125244602560997,0.14649707078933716,0.2734629213809967,0.8803181648254395,0.3411370813846588,-7.872005939483643,7.800230026245117,0.012130895629525185,0.07987606525421143,441847,7.977596251294017,7.428127253660932,16.275121743092313,0.6664177367420568,0.33358226325794316,109083,0.6209571020132252,0.3790428979867748,102039,0.1476636677980423,0.0008271484985016286,29.355502483667806,0.07081626355648041,0.9291837364435196,0.294116348028183,0.3951680362224579,0.05577099323272705,0.5139391422271729,0.48606085777282715,0.5594608783721924,0.58103346824646,0.4561910033226013,0.5139391422271729,0.48606085777282715,0.5139391422271729,0.48606085777282715,0.7239207132861755,0.27607928671382453,0.9462823271751404,1.0,0.0,0.33358226325794316,0.6411983208837402,0.3588016791162598,0.020241218870515,0.03582889725334004,0.03582889725334004,0.028475919738411903,0.01297507993876934,0.96417110274666,0.03582889725334004,0.04573076218366623,0.0008781320066191256,363096
b2_cityscapes_val,2026-07-07 05:27:39,cityscapes,val,all,student_skd,/scratch/gautschi/manors/hf_cache/hub/models--nvidia--mit-b2/snapshots/3bb39e8739149c3777d0325349b2a6c32c6413db,runs/mit-b2_skd_j9196921/student_skd.ckpt,skd,img_000186,/home/manors/Guardrail-Distillation/data/cityscapes/leftImg8bit/val/frankfurt/frankfurt_000001_054415_leftImg8bit.png,,0.5393963837671866,0.46060361623281343,0.9533085227012634,0.9672568440437317,0.09831172972917557,0.08738110959529877,0.2276948243379593,0.9250969886779785,0.22920554876327515,-8.426141738891602,8.385628700256348,0.00868623610585928,0.04357241839170456,424810,7.977596251294017,7.428127253660932,16.275121743092313,0.6666587222142778,0.3333412777857222,126005,0.43108371671774276,0.5689162832822572,63719,0.08816003799438477,0.0005717293242923915,29.355502483667806,0.037461794912815094,0.9625382050871849,0.12722031772136688,0.28054937720298767,0.025297092273831367,0.5063239336013794,0.4936760663986206,0.5242787599563599,0.5487980842590332,0.45296943187713623,0.5063239336013794,0.4936760663986206,0.5063239336013794,0.4936760663986206,0.5623741678073274,0.4376258321926726,0.961705207824707,1.0,0.0,0.3333412777857222,0.44457440135392484,0.5554255986460752,0.013490684636181971,0.022977784040140836,0.022977784040140836,0.015625808387994766,0.0072291139513254166,0.9770222159598592,0.022977784040140836,0.027633529156446457,0.0007014900911599398,383563
b2_cityscapes_val,2026-07-07 05:27:39,cityscapes,val,all,student_skd,/scratch/gautschi/manors/hf_cache/hub/models--nvidia--mit-b2/snapshots/3bb39e8739149c3777d0325349b2a6c32c6413db,runs/mit-b2_skd_j9196921/student_skd.ckpt,skd,img_000187,/home/manors/Guardrail-Distillation/data/cityscapes/leftImg8bit/val/frankfurt/frankfurt_000001_054640_leftImg8bit.png,,0.5824885270485058,0.41751147295149416,0.9388936161994934,0.9550268054008484,0.11154671758413315,0.11856043338775635,0.2540600597858429,0.8996791243553162,0.29942962527275085,-8.369268417358398,8.313957214355469,0.010547413490712643,0.05911139398813248,431575,7.977596251294017,7.428127253660932,16.275121743092313,0.6421031972367797,0.35789680276322033,126850,0.5071605440037414,0.49283945599625856,49539,0.11966510117053986,0.00073752406751737,29.355502483667806,0.05167199671268463,0.9483280032873154,0.2120729684829712,0.3474746644496918,0.036286450922489166,0.509070634841919,0.49092936515808105,0.5351794958114624,0.5596188902854919,0.45667344331741333,0.509070634841919,0.49092936515808105,0.509070634841919,0.49092936515808105,0.5554802155963269,0.4445197844036731,0.9465354084968567,0.6447909411015964,0.3552090588984036,0.0026877438648167384,0.4982527707476951,0.5017472292523049,0.0,0.0,0.0,0.022132886573672295,0.014491108246147633,1.0,0.0,0.04303771257400513,0.001800382393412292,373297
b2_cityscapes_val,2026-07-07 05:27:40,cityscapes,val,all,student_skd,/scratch/gautschi/manors/hf_cache/hub/models--nvidia--mit-b2/snapshots/3bb39e8739149c3777d0325349b2a6c32c6413db,runs/mit-b2_skd_j9196921/student_skd.ckpt,skd,img_000188,/home/manors/Guardrail-Distillation/data/cityscapes/leftImg8bit/val/frankfurt/frankfurt_000001_054884_leftImg8bit.png,,0.6928107732671434,0.30718922673285665,0.9438267350196838,0.9655141234397888,0.09916845709085464,0.08801461011171341,0.21849016845226288,0.9243556261062622,0.22390706837177277,-8.412933349609375,8.370657920837402,0.006394408643245697,0.04712173715233803,448986,7.978650974109769,7.41703697713092,16.283308999845758,0.9293846768615303,0.07061532313846974,126850,0.6150390622568394,0.38496093774316065,92233,0.08901850879192352,0.0005996485124342144,29.266280762385577,0.043976202607154846,0.9560237973928452,0.1819656789302826,0.3153705596923828,0.03644512966275215,0.5091102719306946,0.4908897280693054,0.5335381627082825,0.5666383504867554,0.43570035696029663,0.5091102719306946,0.4908897280693054,0.5091102719306946,0.4908897280693054,0.7078106643121818,0.29218933568781824,0.9670345783233643,0.9075448788982112,0.09245512110178877,0.0,0.7573251559116889,0.24267484408831108,0.14228609365484957,0.014999891045038405,0.014999891045038405,0.030800513923168182,0.00759266410022974,0.9850001089549616,0.014999891045038405,0.04078968986868858,0.009499181993305683,402756
b2_cityscapes_val,2026-07-07 05:27:40,cityscapes,val,all,student_skd,/scratch/gautschi/manors/hf_cache/hub/models--nvidia--mit-b2/snapshots/3bb39e8739149c3777d0325349b2a6c32c6413db,runs/mit-b2_skd_j9196921/student_skd.ckpt,skd,img_000189,/home/manors/Guardrail-Distillation/data/cityscapes/leftImg8bit/val/frankfurt/frankfurt_000001_055062_leftImg8bit.png,,0.6414927998566553,0.3585072001433447,0.9558441638946533,0.9703459739685059,0.09438730776309967,0.07937555760145187,0.21907967329025269,0.9297539591789246,0.2250572293996811,-8.171158790588379,8.134437561035156,0.008193958550691605,0.039954088628292084,439104,7.978650974109769,7.41703697713092,16.283308999845758,0.4999329917225069,0.5000670082774932,126850,0.6682278866822624,0.3317721133177376,67339,0.08035889267921448,0.0005810683942399919,29.266280762385577,0.03857748210430145,0.9614225178956985,0.1305876225233078,0.29380983114242554,0.026270300149917603,0.5065671801567078,0.49343281984329224,0.5257627367973328,0.5506343245506287,0.44516521692276,0.5065671801567078,0.49343281984329224,0.5065671801567078,0.49343281984329224,0.6760625453093332,0.3239374546906668,0.9662312269210815,1.0,0.0,0.5000670082774932,0.6818616105978496,0.31813838940215045,0.013633723915587148,0.03456974545267788,0.03456974545267788,0.019127586856484413,0.00874052569270134,0.9654302545473221,0.03456974545267788,0.03166903555393219,0.002211321145296097,400886
b2_cityscapes_val,2026-07-07 05:27:40,cityscapes,val,all,student_skd,/scratch/gautschi/manors/hf_cache/hub/models--nvidia--mit-b2/snapshots/3bb39e8739149c3777d0325349b2a6c32c6413db,runs/mit-b2_skd_j9196921/student_skd.ckpt,skd,img_000190,/home/manors/Guardrail-Distillation/data/cityscapes/leftImg8bit/val/frankfurt/frankfurt_000001_055172_leftImg8bit.png,,0.7831881807411767,0.2168118192588233,0.9529082179069519,0.9667953848838806,0.09725529700517654,0.08227003365755081,0.20664799213409424,0.9287751317024231,0.20823223888874054,-8.022083282470703,7.98147439956665,0.005802266299724579,0.045451804995536804,464646,7.978650974109769,7.41703697713092,16.283308999845758,0.46678924254195614,0.5332107574580438,126850,0.9356162156403914,0.06438378435960856,79146,0.08313692361116409,0.0005299477488733828,29.266280762385577,0.0428878590464592,0.9571121409535408,0.17028656601905823,0.3146597146987915,0.030303701758384705,0.5075753331184387,0.4924246668815613,0.5299943685531616,0.5581733584403992,0.4268878698348999,0.5075753331184387,0.4924246668815613,0.5075753331184387,0.4924246668815613,0.7167885191583265,0.28321148084167347,0.9675731062889099,0.8005435360273605,0.1994564639726395,0.3337542934854043,0.9292994426003358,0.07070055739966419,0.0,0.0,0.0,0.02437339350581169,0.00970846600830555,1.0,0.0,0.035454947501420975,0.0013494143495336175,417898
b2_cityscapes_val,2026-07-07 05:27:40,cityscapes,val,all,student_skd,/scratch/gautschi/manors/hf_cache/hub/models--nvidia--mit-b2/snapshots/3bb39e8739149c3777d0325349b2a6c32c6413db,runs/mit-b2_skd_j9196921/student_skd.ckpt,skd,img_000191,/home/manors/Guardrail-Distillation/data/cityscapes/leftImg8bit/val/frankfurt/frankfurt_000001_055306_leftImg8bit.png,,0.5305006738116991,0.4694993261883009,0.9510746598243713,0.9663898348808289,0.09805302321910858,0.08685731887817383,0.2192016839981079,0.9247590899467468,0.23093347251415253,-7.5115509033203125,7.470339775085449,0.006542504765093327,0.04537263885140419,449522,7.978650974109769,7.41703697713092,16.283308999845758,0.9878294733450326,0.012170526654967428,126850,0.4575020210644887,0.5424979789355113,50350,0.08779346197843552,0.0005283795180730522,29.266280762385577,0.04148431494832039,0.9585156850516796,0.14580196142196655,0.3102037012577057,0.031214648857712746,0.5078030228614807,0.4921969771385193,0.527239978313446,0.5614508390426636,0.4446974992752075,0.5078030228614807,0.4921969771385193,0.5078030228614807,0.4921969771385193,0.5866276587235233,0.4133723412764767,0.9651251435279846,0.991949114177196,0.008050885822804,0.004119640832163429,0.5798345567970451,0.4201654432029549,0.12233253573255642,0.05612698491182422,0.05612698491182422,0.02203229069709778,0.00798181165009737,0.9438730150881758,0.05612698491182422,0.03389822691679001,0.0025271286722272635,403978
b2_cityscapes_val,2026-07-07 05:27:40,cityscapes,val,all,student_skd,/scratch/gautschi/manors/hf_cache/hub/models--nvidia--mit-b2/snapshots/3bb39e8739149c3777d0325349b2a6c32c6413db,runs/mit-b2_skd_j9196921/student_skd.ckpt,skd,img_000192,/home/manors/Guardrail-Distillation/data/cityscapes/leftImg8bit/val/frankfurt/frankfurt_000001_055387_leftImg8bit.png,,0.6713299571990767,0.32867004280092327,0.9464753866195679,0.9632003307342529,0.10301284492015839,0.09580336511135101,0.23204942047595978,0.9176194071769714,0.2523438334465027,-8.05168342590332,8.006306648254395,0.008954727090895176,0.04942956566810608,456407,7.9556994896847755,7.411618251353502,16.189884743653238,0.9438736986589423,0.05612630134105767,126850,0.7509235574121206,0.24907644258787942,62845,0.09686630219221115,0.0006695250631310046,29.24454177264124,0.04914223030209541,0.9508577696979046,0.18708793818950653,0.3442401587963104,0.04934464767575264,0.5123336315155029,0.48766636848449707,0.5401400327682495,0.5725730657577515,0.4335850477218628,0.5123336315155029,0.48766636848449707,0.5123336315155029,0.48766636848449707,0.7196312654991969,0.28036873450080313,0.9567907452583313,0.7172326456802812,0.2827673543197188,0.0,0.8101616282844999,0.1898383717155001,0.05923807087237931,0.04830130830012014,0.04830130830012014,0.01860181801021099,0.008286463096737862,0.9516986916998799,0.04830130830012014,0.030626174062490463,0.0014175943797454238,406772
b2_cityscapes_val,2026-07-07 05:27:40,cityscapes,val,all,student_skd,/scratch/gautschi/manors/hf_cache/hub/models--nvidia--mit-b2/snapshots/3bb39e8739149c3777d0325349b2a6c32c6413db,runs/mit-b2_skd_j9196921/student_skd.ckpt,skd,img_000193,/home/manors/Guardrail-Distillation/data/cityscapes/leftImg8bit/val/frankfurt/frankfurt_000001_055538_leftImg8bit.png,,0.7099793888868722,0.2900206111131278,0.9362860321998596,0.9536282420158386,0.11305315792560577,0.12124975770711899,0.2554839551448822,0.8968412280082703,0.31338071823120117,-7.417820930480957,7.360873699188232,0.009975898079574108,0.06336508691310883,435650,7.9556994896847755,7.411618251353502,16.189884743653238,0.6420239132464026,0.3579760867535974,114081,0.7980642511619516,0.20193574883804843,28464,0.12235799431800842,0.0007191464537754655,29.24454177264124,0.06781203299760818,0.9321879670023918,0.2829831540584564,0.4136676490306854,0.059619687497615814,0.5149005055427551,0.4850994944572449,0.5581246018409729,0.5950996279716492,0.43737733364105225,0.5149005055427551,0.4850994944572449,0.5149005055427551,0.4850994944572449,0.7438170201608565,0.2561829798391435,0.9524986147880554,0.6521180160154684,0.34788198398453163,0.01009410276906575,0.8501343044370006,0.14986569556299945,0.05207005327504899,0.033837631273984314,0.033837631273984314,0.025290945544838905,0.009078389033675194,0.9661623687260157,0.033837631273984314,0.039189718663692474,0.0013795478735119104,374817
b2_cityscapes_val,2026-07-07 05:27:40,cityscapes,val,all,student_skd,/scratch/gautschi/manors/hf_cache/hub/models--nvidia--mit-b2/snapshots/3bb39e8739149c3777d0325349b2a6c32c6413db,runs/mit-b2_skd_j9196921/student_skd.ckpt,skd,img_000194,/home/manors/Guardrail-Distillation/data/cityscapes/leftImg8bit/val/frankfurt/frankfurt_000001_055603_leftImg8bit.png,,0.68951882529625,0.31048117470375003,0.936520516872406,0.9519234299659729,0.11474130302667618,0.12847332656383514,0.26322782039642334,0.8898503184318542,0.33687716722488403,-7.980790615081787,7.921728134155273,0.010782447643578053,0.06483282893896103,427083,7.9556994896847755,7.411618251353502,16.189884743653238,0.9358324950363855,0.06416750496361445,126850,0.6379382823889183,0.36206171761108175,40456,0.13003943860530853,0.0008933584322221577,29.24454177264124,0.0647008866071701,0.9352991133928299,0.27064207196235657,0.3999803960323334,0.05499492958188057,0.5137452483177185,0.4862547516822815,0.5512663722038269,0.5883549451828003,0.4469141364097595,0.5137452483177185,0.4862547516822815,0.5137452483177185,0.4862547516822815,0.6714633651193961,0.3285366348806039,0.948148250579834,0.9341453447448756,0.06585465525512435,0.0,0.5368215683172096,0.4631784316827904,0.0,0.0,0.0,0.024906165897846222,0.013278448954224586,1.0,0.0,0.04215339943766594,0.001934050233103335,365750
b2_cityscapes_val,2026-07-07 05:27:40,cityscapes,val,all,student_skd,/scratch/gautschi/manors/hf_cache/hub/models--nvidia--mit-b2/snapshots/3bb39e8739149c3777d0325349b2a6c32c6413db,runs/mit-b2_skd_j9196921/student_skd.ckpt,skd,img_000195,/home/manors/Guardrail-Distillation/data/cityscapes/leftImg8bit/val/frankfurt/frankfurt_000001_055709_leftImg8bit.png,,0.5990082138244979,0.40099178617550213,0.9237720966339111,0.9458589553833008,0.12277164310216904,0.14326885342597961,0.2820836305618286,0.8822004199028015,0.35346320271492004,-8.024151802062988,7.9570512771606445,0.01465874258428812,0.07371630519628525,416475,7.9556994896847755,7.411618251353502,16.189884743653238,0.9656184636526001,0.03438153634739993,126850,0.6403987924469817,0.3596012075530183,53154,0.14480091631412506,0.0009768531890586019,29.24454177264124,0.06956515461206436,0.9304348453879356,0.29590535163879395,0.4131990671157837,0.060952674597501755,0.5152334570884705,0.48476654291152954,0.5616773962974548,0.5950658917427063,0.4616486430168152,0.5152334570884705,0.48476654291152954,0.5152334570884705,0.48476654291152954,0.7260917447376234,0.2739082552623766,0.9443759918212891,0.9689173774831729,0.03108262251682714,0.0032989138305727916,0.7814641853542896,0.21853581464571037,0.1410653929073079,0.12708353091312552,0.12708353091312552,0.038295213133096695,0.017691338434815407,0.8729164690868745,0.12708353091312552,0.06272885203361511,0.005051923915743828,348974
b2_cityscapes_val,2026-07-07 05:27:40,cityscapes,val,all,student_skd,/scratch/gautschi/manors/hf_cache/hub/models--nvidia--mit-b2/snapshots/3bb39e8739149c3777d0325349b2a6c32c6413db,runs/mit-b2_skd_j9196921/student_skd.ckpt,skd,img_000196,/home/manors/Guardrail-Distillation/data/cityscapes/leftImg8bit/val/frankfurt/frankfurt_000001_056580_leftImg8bit.png,,0.5013215119446044,0.4986784880553956,0.9426516890525818,0.964623212814331,0.10356418043375015,0.09359242767095566,0.2398727834224701,0.9217127561569214,0.2381412237882614,-8.162202835083008,8.118095397949219,0.010916383937001228,0.04859106242656708,456195,7.980533002410084,7.4116470059379935,16.2069444777444,0.4994481671265274,0.5005518328734726,126850,0.45133668499061474,0.5486633150093853,51439,0.09463634341955185,0.0005655754939652979,29.255665256641805,0.04040214791893959,0.9595978520810604,0.14537955820560455,0.30938705801963806,0.02932458184659481,0.507330596446991,0.49266940355300903,0.5271047353744507,0.5589802265167236,0.43553605675697327,0.507330596446991,0.49266940355300903,0.507330596446991,0.49266940355300903,0.4454142553234029,0.5545857446765972,0.9469875693321228,0.49980291683090267,0.5001970831690974,0.00035474970437521236,0.3650812200910817,0.6349187799089183,0.0,0.0,0.0,0.016830522567033768,0.012494656257331371,1.0,0.0,0.03480309993028641,0.0013108429266139865,409344
b2_cityscapes_val,2026-07-07 05:27:40,cityscapes,val,all,student_skd,/scratch/gautschi/manors/hf_cache/hub/models--nvidia--mit-b2/snapshots/3bb39e8739149c3777d0325349b2a6c32c6413db,runs/mit-b2_skd_j9196921/student_skd.ckpt,skd,img_000197,/home/manors/Guardrail-Distillation/data/cityscapes/leftImg8bit/val/frankfurt/frankfurt_000001_057181_leftImg8bit.png,,0.4583887677588571,0.5416112322411428,0.9371797442436218,0.9604146480560303,0.10610459744930267,0.10541284084320068,0.24422971904277802,0.9102758765220642,0.2722194790840149,-8.066027641296387,8.017212867736816,0.010266655124723911,0.05193901062011719,453994,7.980533002410084,7.4116470059379935,16.2069444777444,0.8262200623684168,0.17377993763158317,126850,0.2876688315732566,0.7123311684267434,52513,0.10649523138999939,0.0007207370363175869,29.255665256641805,0.04709545150399208,0.9529045484960079,0.1846897006034851,0.33696305751800537,0.031735021620988846,0.5079330801963806,0.4920669198036194,0.5307601690292358,0.5651466250419617,0.44107764959335327,0.5079330801963806,0.4920669198036194,0.5079330801963806,0.4920669198036194,0.4625917927861105,0.5374082072138895,0.9407084584236145,0.8676389685754453,0.1323610314245547,0.04141890620702848,0.35753847687121004,0.64246152312879,0.06986964529795336,0.004203025027253338,0.004203025027253338,0.016471583396196365,0.012942901812493801,0.9957969749727467,0.004203025027253338,0.035870518535375595,0.0007467059185728431,400493
b2_cityscapes_val,2026-07-07 05:27:40,cityscapes,val,all,student_skd,/scratch/gautschi/manors/hf_cache/hub/models--nvidia--mit-b2/snapshots/3bb39e8739149c3777d0325349b2a6c32c6413db,runs/mit-b2_skd_j9196921/student_skd.ckpt,skd,img_000198,/home/manors/Guardrail-Distillation/data/cityscapes/leftImg8bit/val/frankfurt/frankfurt_000001_057478_leftImg8bit.png,,0.5216967482653343,0.4783032517346657,0.9431990385055542,0.9657789468765259,0.10078876465559006,0.09285826236009598,0.23610572516918182,0.9190869927406311,0.2557002902030945,-7.888689994812012,7.846250534057617,0.009592465125024319,0.04607006907463074,449728,7.980533002410084,7.4116470059379935,16.2069444777444,1.0,0.0,126850,0.6194902869430692,0.3805097130569308,36491,0.09387796372175217,0.0005633606342598796,29.255665256641805,0.03990379348397255,0.9600962065160275,0.14095750451087952,0.29631802439689636,0.028492016717791557,0.5071225166320801,0.4928774833679199,0.5266930460929871,0.5557827949523926,0.433212548494339,0.5071225166320801,0.4928774833679199,0.5071225166320801,0.4928774833679199,0.5561115469052812,0.4438884530947188,0.9519243240356445,1.0,0.0,0.0,0.5180521153760187,0.4819478846239813,0.0,0.0344147986399469,0.0344147986399469,0.016727888956665993,0.00800261553376913,0.9655852013600531,0.0344147986399469,0.03159687668085098,0.0009672513115219772,404853
b2_cityscapes_val,2026-07-07 05:27:40,cityscapes,val,all,student_skd,/scratch/gautschi/manors/hf_cache/hub/models--nvidia--mit-b2/snapshots/3bb39e8739149c3777d0325349b2a6c32c6413db,runs/mit-b2_skd_j9196921/student_skd.ckpt,skd,img_000199,/home/manors/Guardrail-Distillation/data/cityscapes/leftImg8bit/val/frankfurt/frankfurt_000001_057954_leftImg8bit.png,,0.5338492288385764,0.46615077116142356,0.9304247498512268,0.9640121459960938,0.0981052815914154,0.09506850689649582,0.2139556109905243,0.9122809767723083,0.27129799127578735,-8.192241668701172,8.148625373840332,0.006141180172562599,0.04598803445696831,430699,7.980533002410084,7.4116470059379935,16.2069444777444,1.0,0.0,126850,0.24278995244986562,0.7572100475501344,58050,0.09591726213693619,0.0005687633529305458,29.255665256641805,0.041943419724702835,0.9580565802752972,0.15879233181476593,0.2968277931213379,0.03384267911314964,0.5084598660469055,0.4915401339530945,0.5295308232307434,0.5572704672813416,0.4291321635246277,0.5084598660469055,0.4915401339530945,0.5084598660469055,0.4915401339530945,0.584380487042565,0.41561951295743504,0.9439702033996582,1.0,0.0,0.0,0.24018822069393453,0.7598117793060655,0.0,0.050531258203988516,0.050531258203988516,0.020805714651942253,0.007260290905833244,0.9494687417960115,0.050531258203988516,0.03165319561958313,0.0009264010586775839,384356
b2_cityscapes_val,2026-07-07 05:27:40,cityscapes,val,all,student_skd,/scratch/gautschi/manors/hf_cache/hub/models--nvidia--mit-b2/snapshots/3bb39e8739149c3777d0325349b2a6c32c6413db,runs/mit-b2_skd_j9196921/student_skd.ckpt,skd,img_000200,/home/manors/Guardrail-Distillation/data/cityscapes/leftImg8bit/val/frankfurt/frankfurt_000001_058057_leftImg8bit.png,,0.5402698478382313,0.4597301521617687,0.9700339436531067,0.9759218096733093,0.08239074051380157,0.06142069771885872,0.17922574281692505,0.9447988271713257,0.17011065781116486,-8.349043846130371,8.319840431213379,0.003583829617127776,0.03127003833651543,466261,7.927302998723462,7.411715254420415,16.199495003093034,0.7751592594624142,0.22484074053758585,126850,0.6461695548816426,0.3538304451183574,121760,0.06224370002746582,0.0005083789583295584,29.267256264574826,0.026201194152235985,0.973798805847764,0.07140035927295685,0.19674965739250183,0.015532995574176311,0.5038831830024719,0.4961168169975281,0.5163964033126831,0.5362659692764282,0.44266650080680847,0.5038831830024719,0.4961168169975281,0.5038831830024719,0.4961168169975281,0.5743328634413396,0.4256671365586604,0.9743019342422485,0.9259787239714149,0.0740212760285851,0.15081946450900074,0.6990956284760617,0.30090437152393834,0.05292607359441903,0.034063015603108315,0.034063015603108315,0.01264098845422268,0.00837299320846796,0.9659369843968917,0.034063015603108315,0.022146394476294518,0.002520047826692462,431948
b2_cityscapes_val,2026-07-07 05:27:40,cityscapes,val,all,student_skd,/scratch/gautschi/manors/hf_cache/hub/models--nvidia--mit-b2/snapshots/3bb39e8739149c3777d0325349b2a6c32c6413db,runs/mit-b2_skd_j9196921/student_skd.ckpt,skd,img_000201,/home/manors/Guardrail-Distillation/data/cityscapes/leftImg8bit/val/frankfurt/frankfurt_000001_058176_leftImg8bit.png,,0.5071766286118427,0.49282337138815735,0.9075056910514832,0.9675976634025574,0.09488088637590408,0.08144187927246094,0.20223510265350342,0.9279599189758301,0.2130560427904129,-7.90011739730835,7.860694885253906,0.004722827114164829,0.04329293966293335,464764,7.927302998723462,7.411715254420415,16.199495003093034,1.0,0.0,126850,0.34920496523732164,0.6507950347626783,84695,0.0824422612786293,0.0007195333600975573,29.267256264574826,0.03501453250646591,0.9649854674935341,0.12013521045446396,0.24809440970420837,0.023486537858843803,0.5058713555335999,0.49412864446640015,0.52778160572052,0.5454827547073364,0.4628323018550873,0.5058713555335999,0.49412864446640015,0.5058713555335999,0.49412864446640015,0.5465582590024839,0.4534417409975161,0.9548760056495667,1.0,0.0,0.0,0.46934740376750117,0.5306525962324988,0.12014243853017947,0.03938163039064124,0.03938163039064124,0.05723549798130989,0.009865221567451954,0.9606183696093588,0.03938163039064124,0.07016249001026154,0.03690259903669357,419323
b2_cityscapes_val,2026-07-07 05:27:41,cityscapes,val,all,student_skd,/scratch/gautschi/manors/hf_cache/hub/models--nvidia--mit-b2/snapshots/3bb39e8739149c3777d0325349b2a6c32c6413db,runs/mit-b2_skd_j9196921/student_skd.ckpt,skd,img_000202,/home/manors/Guardrail-Distillation/data/cityscapes/leftImg8bit/val/frankfurt/frankfurt_000001_058504_leftImg8bit.png,,0.7052842585857118,0.29471574141428825,0.9636024832725525,0.9708582758903503,0.09150342643260956,0.07243040949106216,0.19644908607006073,0.9371677041053772,0.18651655316352844,-8.346783638000488,8.31119155883789,0.004433473106473684,0.03960856422781944,464647,7.927302998723462,7.411715254420415,16.199495003093034,1.0,0.0,126850,0.762858059294068,0.23714194070593198,46046,0.07301279157400131,0.00037905731005594134,29.267256264574826,0.027726761996746063,0.9722732380032539,0.08067933470010757,0.22868889570236206,0.016696332022547722,0.504173994064331,0.49582600593566895,0.5160344243049622,0.5398080348968506,0.43164393305778503,0.504173994064331,0.49582600593566895,0.504173994064331,0.49582600593566895,0.6557133082561473,0.34428669174385274,0.963750958442688,1.0,0.0,0.0,0.842573470590712,0.15742652940928803,0.07971541129664395,0.0,0.0,0.011806812137365341,0.011658312752842903,1.0,0.0,0.025092165917158127,0.0002711736015044153,423277
b2_cityscapes_val,2026-07-07 05:27:41,cityscapes,val,all,student_skd,/scratch/gautschi/manors/hf_cache/hub/models--nvidia--mit-b2/snapshots/3bb39e8739149c3777d0325349b2a6c32c6413db,runs/mit-b2_skd_j9196921/student_skd.ckpt,skd,img_000203,/home/manors/Guardrail-Distillation/data/cityscapes/leftImg8bit/val/frankfurt/frankfurt_000001_058914_leftImg8bit.png,,0.5135786921369835,0.4864213078630165,0.9522337913513184,0.9688810110092163,0.09368088841438293,0.08127836138010025,0.21019482612609863,0.9282651543617249,0.22113820910453796,-7.953113555908203,7.915119171142578,0.005950302816927433,0.040443092584609985,464010,7.927302998723462,7.411715254420415,16.199495003093034,0.9010185731790181,0.09898142682098188,126850,0.3887187314186502,0.6112812685813498,62448,0.08223655819892883,0.000566895876545459,29.267256264574826,0.03266053646802902,0.967339463531971,0.09714752435684204,0.23699301481246948,0.018425246700644493,0.5046061873435974,0.4953938126564026,0.517246663570404,0.5385345220565796,0.4527980387210846,0.5046061873435974,0.4953938126564026,0.5046061873435974,0.4953938126564026,0.5098998697969208,0.4901001302030792,0.9579728841781616,0.9513031846015509,0.048696815398449056,0.05028461142253282,0.42492658003840944,0.5750734199615906,0.03620784861975923,0.0,0.0,0.014818646013736725,0.009079545736312866,1.0,0.0,0.026079177856445312,0.0012068705400452018,420573
b2_cityscapes_val,2026-07-07 05:27:41,cityscapes,val,all,student_skd,/scratch/gautschi/manors/hf_cache/hub/models--nvidia--mit-b2/snapshots/3bb39e8739149c3777d0325349b2a6c32c6413db,runs/mit-b2_skd_j9196921/student_skd.ckpt,skd,img_000204,/home/manors/Guardrail-Distillation/data/cityscapes/leftImg8bit/val/frankfurt/frankfurt_000001_059119_leftImg8bit.png,,0.5086832010962319,0.4913167989037681,0.9546240568161011,0.9665160179138184,0.09729262441396713,0.08500400930643082,0.21214893460273743,0.9261507391929626,0.22026367485523224,-7.847592830657959,7.806648254394531,0.005825873930007219,0.04501397907733917,461390,7.958825241075829,7.4211565079167485,16.30064524943009,1.0,0.0,126850,0.2974712354049028,0.7025287645950973,46725,0.0857904925942421,0.0005280848126858473,29.36257398687303,0.03612982854247093,0.9638701714575291,0.12053930759429932,0.2670665383338928,0.021309390664100647,0.5053271651268005,0.49467283487319946,0.5205976963043213,0.5476359128952026,0.4546019434928894,0.5053271651268005,0.49467283487319946,0.5053271651268005,0.49467283487319946,0.582411212055911,0.41758878794408905,0.9605388045310974,1.0,0.0,0.0,0.4709893783858618,0.5290106216141381,0.17351814298095913,0.07372801095967907,0.07372801095967907,0.015477145090699196,0.009562409482896328,0.9262719890403209,0.07372801095967907,0.028578858822584152,0.0008647781796753407,414889
b2_cityscapes_val,2026-07-07 05:27:41,cityscapes,val,all,student_skd,/scratch/gautschi/manors/hf_cache/hub/models--nvidia--mit-b2/snapshots/3bb39e8739149c3777d0325349b2a6c32c6413db,runs/mit-b2_skd_j9196921/student_skd.ckpt,skd,img_000205,/home/manors/Guardrail-Distillation/data/cityscapes/leftImg8bit/val/frankfurt/frankfurt_000001_059642_leftImg8bit.png,,0.5625934655098436,0.43740653449015643,0.9649818539619446,0.9747401475906372,0.0864887610077858,0.06513173133134842,0.1943175196647644,0.9434913992881775,0.17260077595710754,-8.103422164916992,8.072356224060059,0.005655568093061447,0.03367185592651367,466443,7.958825241075829,7.4211565079167485,16.30064524943009,0.9042016073180164,0.09579839268198365,126850,0.4273164367967519,0.5726835632032481,42607,0.06578142195940018,0.000424884696258232,29.36257398687303,0.02485055848956108,0.9751494415104389,0.054324738681316376,0.1864725649356842,0.0124547453597188,0.5031136274337769,0.49688637256622314,0.5115600824356079,0.5287683010101318,0.4219678044319153,0.5031136274337769,0.49688637256622314,0.5031136274337769,0.49688637256622314,0.6381233789975008,0.3618766210024992,0.9707702994346619,0.9225990176669261,0.07740098233307391,0.018397410348909737,0.5538877288455079,0.44611227115449215,0.12657129204875595,0.07552991348765725,0.07552991348765725,0.013735869899392128,0.007947380654513836,0.9244700865123427,0.07552991348765725,0.023621322587132454,0.0006753237103112042,431057
b2_cityscapes_val,2026-07-07 05:27:41,cityscapes,val,all,student_skd,/scratch/gautschi/manors/hf_cache/hub/models--nvidia--mit-b2/snapshots/3bb39e8739149c3777d0325349b2a6c32c6413db,runs/mit-b2_skd_j9196921/student_skd.ckpt,skd,img_000206,/home/manors/Guardrail-Distillation/data/cityscapes/leftImg8bit/val/frankfurt/frankfurt_000001_059789_leftImg8bit.png,,0.678053274210923,0.321946725789077,0.9398537874221802,0.9590857028961182,0.10863428562879562,0.10465092211961746,0.2437082976102829,0.9145517945289612,0.2449629008769989,-8.448598861694336,8.397987365722656,0.009817914105951786,0.055416516959667206,435123,7.958825241075829,7.4211565079167485,16.30064524943009,0.7168041137809184,0.28319588621908165,119367,0.9656405832381587,0.03435941676184129,31336,0.10573819279670715,0.0006423521554097533,29.36257398687303,0.04610671103000641,0.9538932889699936,0.19421827793121338,0.3277176022529602,0.03674803674221039,0.5091859698295593,0.4908140301704407,0.5367134809494019,0.5686682462692261,0.4411259889602661,0.5091859698295593,0.4908140301704407,0.5091859698295593,0.4908140301704407,0.6496088748992558,0.3503911251007442,0.9463485479354858,0.7212890537395468,0.27871094626045323,0.00448493995862842,0.9572371618317802,0.0427628381682198,0.0,0.0,0.0,0.0184683408588171,0.011973625980317593,1.0,0.0,0.03542906418442726,0.0005331825814209878,381923
b2_cityscapes_val,2026-07-07 05:27:41,cityscapes,val,all,student_skd,/scratch/gautschi/manors/hf_cache/hub/models--nvidia--mit-b2/snapshots/3bb39e8739149c3777d0325349b2a6c32c6413db,runs/mit-b2_skd_j9196921/student_skd.ckpt,skd,img_000207,/home/manors/Guardrail-Distillation/data/cityscapes/leftImg8bit/val/frankfurt/frankfurt_000001_060135_leftImg8bit.png,,0.4874412179736782,0.5125587820263218,0.8743347525596619,0.940686821937561,0.12907078862190247,0.14868998527526855,0.28487905859947205,0.8818347454071045,0.3286148011684418,-7.896700859069824,7.82268762588501,0.016005225479602814,0.08285529911518097,448541,7.958825241075829,7.4211565079167485,16.30064524943009,0.7598848658583688,0.24011513414163121,126850,0.7841592128801431,0.21584078711985688,19712,0.1499078869819641,0.0007884923252277076,29.36257398687303,0.07135969400405884,0.9286403059959412,0.2899787724018097,0.4037735164165497,0.06724464148283005,0.5168048143386841,0.4831951856613159,0.563539445400238,0.6009243130683899,0.4558424651622772,0.5168048143386841,0.4831951856613159,0.5168048143386841,0.4831951856613159,0.6058325668340868,0.3941674331659132,0.9441767334938049,0.9661445208147021,0.033855479185297854,0.20625965495633336,0.909124203821656,0.09087579617834396,0.12496499094151292,0.11839134886040859,0.11839134886040859,0.08466338366270065,0.014821386896073818,0.8816086511395914,0.11839134886040859,0.1032547727227211,0.05130411311984062,370515
b2_cityscapes_val,2026-07-07 05:27:41,cityscapes,val,all,student_skd,/scratch/gautschi/manors/hf_cache/hub/models--nvidia--mit-b2/snapshots/3bb39e8739149c3777d0325349b2a6c32c6413db,runs/mit-b2_skd_j9196921/student_skd.ckpt,skd,img_000208,/home/manors/Guardrail-Distillation/data/cityscapes/leftImg8bit/val/frankfurt/frankfurt_000001_060422_leftImg8bit.png,,0.4603473922041106,0.5396526077958894,0.970379114151001,0.9751926064491272,0.08304177224636078,0.06425705552101135,0.18075202405452728,0.9420788884162903,0.17369547486305237,-8.741540908813477,8.71150016784668,0.003841135883703828,0.03188363462686539,452991,7.956192013807595,7.42693425854668,16.280078765703365,1.0,0.0,126850,0.24668362302949687,0.7533163769705031,55871,0.06478523463010788,0.00033370492747053504,29.379609011812136,0.02704995684325695,0.972950043156743,0.06951018422842026,0.2163769155740738,0.015650087967514992,0.5039124488830566,0.49608755111694336,0.5162882208824158,0.5376766324043274,0.4530331492424011,0.5039124488830566,0.49608755111694336,0.5039124488830566,0.49608755111694336,0.4488762711320448,0.5511237288679551,0.9727103114128113,1.0,0.0,0.0,0.19456697729644154,0.8054330227035584,0.0,0.0,0.0,0.010567539371550083,0.008236367255449295,1.0,0.0,0.02019686996936798,0.0007042082725092769,419284
b2_cityscapes_val,2026-07-07 05:27:41,cityscapes,val,all,student_skd,/scratch/gautschi/manors/hf_cache/hub/models--nvidia--mit-b2/snapshots/3bb39e8739149c3777d0325349b2a6c32c6413db,runs/mit-b2_skd_j9196921/student_skd.ckpt,skd,img_000209,/home/manors/Guardrail-Distillation/data/cityscapes/leftImg8bit/val/frankfurt/frankfurt_000001_060545_leftImg8bit.png,,0.47556143886244995,0.52443856113755,0.9539787173271179,0.9749748706817627,0.08874594420194626,0.06614749878644943,0.21052081882953644,0.9456760883331299,0.1659102737903595,-8.379589080810547,8.3483304977417,0.007420175243169069,0.03409382328391075,456593,7.956192013807595,7.42693425854668,16.280078765703365,1.0,0.0,126850,0.4064265846160738,0.5935734153839263,22713,0.06684412807226181,0.0005025395075790584,29.379609011812136,0.027301158756017685,0.9726988412439823,0.053206294775009155,0.22499744594097137,0.012963732704520226,0.5032408833503723,0.4967591166496277,0.5093551874160767,0.5355967879295349,0.43179240822792053,0.5032408833503723,0.4967591166496277,0.5032408833503723,0.4967591166496277,0.5457101864956831,0.45428981350431685,0.9628247022628784,1.0,0.0,0.0,0.49748759246967134,0.5025124075303287,0.09106100785359761,0.0701487476332332,0.0701487476332332,0.015823721885681152,0.006977768149226904,0.9298512523667668,0.0701487476332332,0.028982048854231834,0.0025077038444578648,422823
b2_cityscapes_val,2026-07-07 05:27:41,cityscapes,val,all,student_skd,/scratch/gautschi/manors/hf_cache/hub/models--nvidia--mit-b2/snapshots/3bb39e8739149c3777d0325349b2a6c32c6413db,runs/mit-b2_skd_j9196921/student_skd.ckpt,skd,img_000210,/home/manors/Guardrail-Distillation/data/cityscapes/leftImg8bit/val/frankfurt/frankfurt_000001_060906_leftImg8bit.png,,0.590160156102746,0.40983984389725403,0.9606382250785828,0.9691241383552551,0.09468569606542587,0.08206581324338913,0.21935993432998657,0.9301387071609497,0.2122192084789276,-8.716933250427246,8.678947448730469,0.007154927123337984,0.040755175054073334,462199,7.956192013807595,7.42693425854668,16.280078765703365,0.9064799244891848,0.0935200755108152,126850,0.5560121090262147,0.4439878909737853,109598,0.08305628597736359,0.0006845472962595522,29.379609011812136,0.04283437505364418,0.9571656249463558,0.16720332205295563,0.3165353536605835,0.0284238550812006,0.5071054697036743,0.4928945302963257,0.5311757326126099,0.556968629360199,0.4742352068424225,0.5071054697036743,0.4928945302963257,0.5071054697036743,0.4928945302963257,0.5853548265719778,0.4146451734280222,0.9642254114151001,0.9115795630305223,0.08842043696947766,0.005099638541337548,0.5944526126572252,0.40554738734277485,0.03844050363101048,0.0,0.0,0.013424954377114773,0.00983775407075882,1.0,0.0,0.025969333946704865,0.0014041571412235498,419804
b2_cityscapes_val,2026-07-07 05:27:41,cityscapes,val,all,student_skd,/scratch/gautschi/manors/hf_cache/hub/models--nvidia--mit-b2/snapshots/3bb39e8739149c3777d0325349b2a6c32c6413db,runs/mit-b2_skd_j9196921/student_skd.ckpt,skd,img_000211,/home/manors/Guardrail-Distillation/data/cityscapes/leftImg8bit/val/frankfurt/frankfurt_000001_061682_leftImg8bit.png,,0.627701831208316,0.372298168791684,0.9419015645980835,0.9653806686401367,0.10066284239292145,0.08894768357276917,0.22638826072216034,0.9258716106414795,0.21911856532096863,-8.899971008300781,8.857256889343262,0.007832626812160015,0.047492895275354385,452594,7.956192013807595,7.42693425854668,16.280078765703365,0.89641672913837,0.10358327086163,126850,0.6037899036992809,0.39621009630071913,80068,0.0902063399553299,0.000780609727371484,29.379609011812136,0.04736337438225746,0.9526366256177425,0.20701004564762115,0.33857351541519165,0.0396478995680809,0.5099107027053833,0.4900892972946167,0.5365764498710632,0.5777795314788818,0.48299071192741394,0.5099107027053833,0.4900892972946167,0.5099107027053833,0.4900892972946167,0.7218757471299609,0.27812425287003906,0.9693610668182373,0.9501760195520894,0.04982398044791059,0.05375929041371941,0.6497554103925912,0.3502445896074088,0.04596550669331034,0.09417391592164492,0.09417391592164492,0.03427133336663246,0.006811844650655985,0.9058260840783551,0.09417391592164492,0.04490337893366814,0.01013491116464138,405200
b2_cityscapes_val,2026-07-07 05:27:41,cityscapes,val,all,student_skd,/scratch/gautschi/manors/hf_cache/hub/models--nvidia--mit-b2/snapshots/3bb39e8739149c3777d0325349b2a6c32c6413db,runs/mit-b2_skd_j9196921/student_skd.ckpt,skd,img_000212,/home/manors/Guardrail-Distillation/data/cityscapes/leftImg8bit/val/frankfurt/frankfurt_000001_061763_leftImg8bit.png,,0.771246924109716,0.22875307589028404,0.9646188616752625,0.972797155380249,0.08688101917505264,0.07286545634269714,0.19793345034122467,0.9351174235343933,0.1997201144695282,-8.8787841796875,8.845751762390137,0.004927526693791151,0.034300025552511215,441195,7.979305257322267,7.424376002745703,16.28949277801439,0.9509150960553231,0.049084903944676905,126850,0.8590085740613164,0.14099142593868363,99564,0.07386581599712372,0.0005580303259193897,29.37552801449783,0.0383232943713665,0.9616767056286335,0.14860619604587555,0.2874528765678406,0.028334949165582657,0.5070832371711731,0.4929167628288269,0.5268690586090088,0.5522921085357666,0.47937893867492676,0.5070832371711731,0.4929167628288269,0.5070832371711731,0.4929167628288269,0.8279115289980605,0.17208847100193947,0.975657045841217,0.9824104267790845,0.017589573220915478,0.03149533072376143,0.8439777274452772,0.15602227255472279,0.0,0.05666460488834457,0.05666460488834457,0.01690862327814102,0.00587042048573494,0.9433353951116554,0.05666460488834457,0.02400299161672592,0.0021147113293409348,404846
b2_cityscapes_val,2026-07-07 05:27:41,cityscapes,val,all,student_skd,/scratch/gautschi/manors/hf_cache/hub/models--nvidia--mit-b2/snapshots/3bb39e8739149c3777d0325349b2a6c32c6413db,runs/mit-b2_skd_j9196921/student_skd.ckpt,skd,img_000213,/home/manors/Guardrail-Distillation/data/cityscapes/leftImg8bit/val/frankfurt/frankfurt_000001_062016_leftImg8bit.png,,0.6596645639450225,0.3403354360549775,0.9538072943687439,0.9642980694770813,0.10046879202127457,0.09348523616790771,0.22745156288146973,0.920293390750885,0.23630841076374054,-8.006893157958984,7.9630537033081055,0.008119340054690838,0.046086713671684265,462476,7.979305257322267,7.424376002745703,16.28949277801439,1.0,0.0,126850,0.5976165571785801,0.4023834428214199,11693,0.09445665031671524,0.0006891824305057526,29.37552801449783,0.044590484350919724,0.9554095156490803,0.16720840334892273,0.30844759941101074,0.03198223561048508,0.5079948902130127,0.4920051097869873,0.5364282131195068,0.5651098489761353,0.46324437856674194,0.5079948902130127,0.4920051097869873,0.5079948902130127,0.4920051097869873,0.7302558137241544,0.2697441862758456,0.9699465036392212,1.0,0.0,0.0,0.6663112956744263,0.33368870432557374,0.06869473849584617,0.07059124977913189,0.07059124977913189,0.025607815012335777,0.00946859922260046,0.9294087502208681,0.07059124977913189,0.03810792416334152,0.0022682256530970335,412634
b2_cityscapes_val,2026-07-07 05:27:41,cityscapes,val,all,student_skd,/scratch/gautschi/manors/hf_cache/hub/models--nvidia--mit-b2/snapshots/3bb39e8739149c3777d0325349b2a6c32c6413db,runs/mit-b2_skd_j9196921/student_skd.ckpt,skd,img_000214,/home/manors/Guardrail-Distillation/data/cityscapes/leftImg8bit/val/frankfurt/frankfurt_000001_062250_leftImg8bit.png,,0.5251969936310182,0.47480300636898176,0.9380004405975342,0.9574000239372253,0.11235176771879196,0.1135871484875679,0.2617748975753784,0.9060532450675964,0.28364649415016174,-7.584519863128662,7.531405925750732,0.012867344543337822,0.05889808386564255,455261,7.979305257322267,7.424376002745703,16.28949277801439,1.0,0.0,126850,0.52148574819888,0.47851425180111995,9916,0.11472718417644501,0.0007408137316815555,29.37552801449783,0.04728397727012634,0.9527160227298737,0.18550384044647217,0.33549490571022034,0.037209175527095795,0.5093012452125549,0.49069875478744507,0.5341879725456238,0.566682755947113,0.4488445222377777,0.5093012452125549,0.49069875478744507,0.5093012452125549,0.49069875478744507,0.5783952938667206,0.4216047061332794,0.9478365182876587,1.0,0.0,0.0,0.593159051634755,0.406840948365245,0.07167330343587497,0.05319830023570238,0.05319830023570238,0.019913852214813232,0.010077735409140587,0.9468016997642976,0.05319830023570238,0.036021094769239426,0.0015331865288317204,399263
b2_cityscapes_val,2026-07-07 05:27:41,cityscapes,val,all,student_skd,/scratch/gautschi/manors/hf_cache/hub/models--nvidia--mit-b2/snapshots/3bb39e8739149c3777d0325349b2a6c32c6413db,runs/mit-b2_skd_j9196921/student_skd.ckpt,skd,img_000215,/home/manors/Guardrail-Distillation/data/cityscapes/leftImg8bit/val/frankfurt/frankfurt_000001_062396_leftImg8bit.png,,0.7060891464971382,0.29391085350286184,0.9546979665756226,0.9677988886833191,0.09648597240447998,0.08332619816064835,0.21444889903068542,0.9259611368179321,0.2294684648513794,-7.640293598175049,7.600767135620117,0.006738594267517328,0.04420746490359306,454991,7.979305257322267,7.424376002745703,16.28949277801439,1.0,0.0,126850,0.7930029315819106,0.2069970684180894,11892,0.08416139334440231,0.0005011698813177645,29.37552801449783,0.034678153693675995,0.965321846306324,0.11411185562610626,0.25209832191467285,0.024818098172545433,0.5062041878700256,0.49379581212997437,0.5230158567428589,0.5475082397460938,0.4348110556602478,0.5062041878700256,0.49379581212997437,0.5062041878700256,0.49379581212997437,0.6977886815395793,0.3022113184604207,0.9683509469032288,1.0,0.0,0.0,0.8704339838688734,0.12956601613112662,0.07743105228696279,0.0,0.0,0.020099297165870667,0.006446280982345343,1.0,0.0,0.02917639911174774,0.0025187309365719557,411511
b2_cityscapes_val,2026-07-07 05:27:42,cityscapes,val,all,student_skd,/scratch/gautschi/manors/hf_cache/hub/models--nvidia--mit-b2/snapshots/3bb39e8739149c3777d0325349b2a6c32c6413db,runs/mit-b2_skd_j9196921/student_skd.ckpt,skd,img_000216,/home/manors/Guardrail-Distillation/data/cityscapes/leftImg8bit/val/frankfurt/frankfurt_000001_062509_leftImg8bit.png,,0.6346417236158808,0.3653582763841192,0.9753292202949524,0.9808593988418579,0.07610093802213669,0.05007753521203995,0.17217378318309784,0.9542468190193176,0.14735069870948792,-7.903614044189453,7.880083084106445,0.004389493726193905,0.025958897545933723,454950,7.970735488925129,7.411032740492374,16.28469573915936,1.0,0.0,126850,0.5450190530296922,0.4549809469703078,19972,0.05067848786711693,0.00033296135370619595,29.270295257447287,0.021160919219255447,0.9788390807807446,0.03027477115392685,0.14590011537075043,0.01091188844293356,0.5027279257774353,0.4972720742225647,0.5092652440071106,0.5254565477371216,0.41903257369995117,0.5027279257774353,0.4972720742225647,0.5027279257774353,0.4972720742225647,0.6893768011657838,0.3106231988342162,0.9805737137794495,1.0,0.0,0.0,0.592604535387833,0.407395464612167,0.04758548235814075,0.05473507754990303,0.05473507754990303,0.009022969752550125,0.0037784373853355646,0.945264922450097,0.05473507754990303,0.013803714886307716,0.0006989779649302363,429512
b2_cityscapes_val,2026-07-07 05:27:42,cityscapes,val,all,student_skd,/scratch/gautschi/manors/hf_cache/hub/models--nvidia--mit-b2/snapshots/3bb39e8739149c3777d0325349b2a6c32c6413db,runs/mit-b2_skd_j9196921/student_skd.ckpt,skd,img_000217,/home/manors/Guardrail-Distillation/data/cityscapes/leftImg8bit/val/frankfurt/frankfurt_000001_062653_leftImg8bit.png,,0.6597515680508312,0.34024843194916876,0.9542742967605591,0.9652336239814758,0.09754674136638641,0.09131614863872528,0.21788868308067322,0.9192957878112793,0.24713319540023804,-7.766610145568848,7.724310874938965,0.0060973577201366425,0.04484608769416809,449047,7.970735488925129,7.411032740492374,16.28469573915936,0.914426664224989,0.08557333577501103,120022,0.7894181452413612,0.21058185475863878,34680,0.09221884608268738,0.0005885824211873114,29.270295257447287,0.040924232453107834,0.9590757675468922,0.15546031296253204,0.283031165599823,0.03623615950345993,0.5090580582618713,0.49094194173812866,0.5344739556312561,0.5604515075683594,0.44761812686920166,0.5090580582618713,0.49094194173812866,0.5090580582618713,0.49094194173812866,0.7413893546367899,0.2586106453632101,0.9637165069580078,0.9459435895917112,0.05405641040828879,0.03151692536672224,0.8132276083550445,0.18677239164495552,0.02380946311368326,0.08163778658595866,0.08163778658595866,0.0172476377338171,0.0078054191544651985,0.9183622134140413,0.08163778658595866,0.027057303115725517,0.0011156961554661393,401731
b2_cityscapes_val,2026-07-07 05:27:42,cityscapes,val,all,student_skd,/scratch/gautschi/manors/hf_cache/hub/models--nvidia--mit-b2/snapshots/3bb39e8739149c3777d0325349b2a6c32c6413db,runs/mit-b2_skd_j9196921/student_skd.ckpt,skd,img_000218,/home/manors/Guardrail-Distillation/data/cityscapes/leftImg8bit/val/frankfurt/frankfurt_000001_062793_leftImg8bit.png,,0.618432009683814,0.38156799031618605,0.9595211148262024,0.9661174416542053,0.09541868418455124,0.08893866837024689,0.21213160455226898,0.9216603636741638,0.23399005830287933,-8.104363441467285,8.063340187072754,0.0053269099444150925,0.043151021003723145,459178,7.970735488925129,7.411032740492374,16.28469573915936,1.0,0.0,126850,0.5634229237369218,0.4365770762630782,16686,0.08977796882390976,0.0005726036615669727,29.270295257447287,0.03924695774912834,0.9607530422508717,0.14053814113140106,0.29329076409339905,0.022143529728055,0.5055356621742249,0.49446433782577515,0.5250359177589417,0.5465080142021179,0.4279548227787018,0.5055356621742249,0.49446433782577515,0.5055356621742249,0.49446433782577515,0.6697854046942783,0.3302145953057217,0.967711865901947,1.0,0.0,0.0,0.6536920961347245,0.34630790386527555,0.09026917239780263,0.05135339501046432,0.05135339501046432,0.016758207231760025,0.00856748316437006,0.9486466049895357,0.05135339501046432,0.028076257556676865,0.0014025061391294003,411548
b2_cityscapes_val,2026-07-07 05:27:42,cityscapes,val,all,student_skd,/scratch/gautschi/manors/hf_cache/hub/models--nvidia--mit-b2/snapshots/3bb39e8739149c3777d0325349b2a6c32c6413db,runs/mit-b2_skd_j9196921/student_skd.ckpt,skd,img_000219,/home/manors/Guardrail-Distillation/data/cityscapes/leftImg8bit/val/frankfurt/frankfurt_000001_063045_leftImg8bit.png,,0.5900427723318253,0.40995722766817466,0.9352940320968628,0.9521877765655518,0.11468185484409332,0.1232093796133995,0.25524699687957764,0.896431565284729,0.30391746759414673,-7.944945335388184,7.886137008666992,0.010332328267395496,0.06440316885709763,455754,7.970735488925129,7.411032740492374,16.28469573915936,0.9881031275510861,0.011896872448913909,126850,0.4548273255198444,0.5451726744801556,29996,0.12444926798343658,0.0007069531711749732,29.270295257447287,0.053946223109960556,0.9460537768900394,0.21721987426280975,0.35138940811157227,0.03871399164199829,0.5096772909164429,0.49032270908355713,0.539128303527832,0.5691482424736023,0.4427494406700134,0.5096772909164429,0.49032270908355713,0.5096772909164429,0.49032270908355713,0.563963876264781,0.43603612373521905,0.9516032934188843,0.9957690458429894,0.00423095415701058,0.007665918291903329,0.4793139609288796,0.5206860390711203,0.024486635409035284,0.0,0.0,0.02770354226231575,0.011394305154681206,1.0,0.0,0.04496724158525467,0.0033504918683320284,390173
b2_cityscapes_val,2026-07-07 05:27:42,cityscapes,val,all,student_skd,/scratch/gautschi/manors/hf_cache/hub/models--nvidia--mit-b2/snapshots/3bb39e8739149c3777d0325349b2a6c32c6413db,runs/mit-b2_skd_j9196921/student_skd.ckpt,skd,img_000220,/home/manors/Guardrail-Distillation/data/cityscapes/leftImg8bit/val/frankfurt/frankfurt_000001_064130_leftImg8bit.png,,0.6102540904627534,0.38974590953724664,0.9333877563476562,0.9542922973632812,0.11102080345153809,0.11847794055938721,0.24465274810791016,0.8954386115074158,0.3186412453651428,-7.498260021209717,7.442326545715332,0.008889215998351574,0.05997822806239128,448296,7.979986228747293,7.4065192602574825,16.20659598847851,0.4706744246999977,0.5293255753000023,125710,0.48197344986517077,0.5180265501348292,54061,0.11978120356798172,0.0008173323585651815,29.21832600259222,0.05934641882777214,0.9406535811722279,0.23206886649131775,0.3669021427631378,0.04884057119488716,0.5122076869010925,0.48779231309890747,0.5442225933074951,0.5748266577720642,0.4498176872730255,0.5122076869010925,0.48779231309890747,0.5122076869010925,0.48779231309890747,0.5512038704181367,0.4487961295818633,0.942589282989502,0.573703293746141,0.42629670625385896,0.10302886904614339,0.42233507196521414,0.5776649280347859,0.0,0.0,0.0,0.021251583471894264,0.012050073593854904,1.0,0.0,0.03795037046074867,0.0019786034245043993,386929
b2_cityscapes_val,2026-07-07 05:27:42,cityscapes,val,all,student_skd,/scratch/gautschi/manors/hf_cache/hub/models--nvidia--mit-b2/snapshots/3bb39e8739149c3777d0325349b2a6c32c6413db,runs/mit-b2_skd_j9196921/student_skd.ckpt,skd,img_000221,/home/manors/Guardrail-Distillation/data/cityscapes/leftImg8bit/val/frankfurt/frankfurt_000001_064305_leftImg8bit.png,,0.6459781569211137,0.3540218430788863,0.9540495276451111,0.9687785506248474,0.09282185882329941,0.0821676030755043,0.2072972059249878,0.9258127808570862,0.23205965757369995,-8.158510208129883,8.120549201965332,0.00565098412334919,0.039875470101833344,455142,7.979986228747293,7.4065192602574825,16.20659598847851,1.0,0.0,126850,0.8021105755596664,0.19788942444033364,47085,0.08292979001998901,0.0005392542807385325,29.21832600259222,0.03745817393064499,0.962541826069355,0.1325400471687317,0.2726280689239502,0.02805163525044918,0.5070124268531799,0.49298757314682007,0.5262547731399536,0.5474393963813782,0.4222414195537567,0.5070124268531799,0.49298757314682007,0.5070124268531799,0.49298757314682007,0.6832893829584636,0.31671061704153636,0.9595577120780945,1.0,0.0,0.0,0.8391708194076218,0.16082918059237816,0.037060243847955476,0.03731122603734993,0.03731122603734993,0.015357845462858677,0.009849674068391323,0.9626887739626501,0.03731122603734993,0.026993773877620697,0.002137794392183423,411826
b2_cityscapes_val,2026-07-07 05:27:42,cityscapes,val,all,student_skd,/scratch/gautschi/manors/hf_cache/hub/models--nvidia--mit-b2/snapshots/3bb39e8739149c3777d0325349b2a6c32c6413db,runs/mit-b2_skd_j9196921/student_skd.ckpt,skd,img_000222,/home/manors/Guardrail-Distillation/data/cityscapes/leftImg8bit/val/frankfurt/frankfurt_000001_064651_leftImg8bit.png,,0.5267840036232762,0.47321599637672385,0.9694541692733765,0.9764671921730042,0.08068079501390457,0.06138477101922035,0.17686812579631805,0.9437693357467651,0.17208808660507202,-8.489941596984863,8.461471557617188,0.003653156105428934,0.02949751913547516,466446,7.979986228747293,7.4065192602574825,16.20659598847851,0.9685749937643217,0.03142500623567834,126850,0.5217625869035405,0.4782374130964595,91152,0.06207290291786194,0.00039356754859909415,29.21832600259222,0.022206101566553116,0.9777938984334469,0.0459292009472847,0.1659262776374817,0.01060229167342186,0.5026504993438721,0.49734950065612793,0.509750485420227,0.5239986777305603,0.43415242433547974,0.5026504993438721,0.49734950065612793,0.5026504993438721,0.49734950065612793,0.6074593567964929,0.3925406432035071,0.9732273817062378,0.9669868689469396,0.03301313105306036,0.0,0.6814229154166977,0.31857708458330225,0.15966032851315726,0.08067535317321672,0.08067535317321672,0.00880487821996212,0.005031664855778217,0.9193246468267833,0.08067535317321672,0.015275080688297749,0.0005895645008422434,433456
b2_cityscapes_val,2026-07-07 05:27:42,cityscapes,val,all,student_skd,/scratch/gautschi/manors/hf_cache/hub/models--nvidia--mit-b2/snapshots/3bb39e8739149c3777d0325349b2a6c32c6413db,runs/mit-b2_skd_j9196921/student_skd.ckpt,skd,img_000223,/home/manors/Guardrail-Distillation/data/cityscapes/leftImg8bit/val/frankfurt/frankfurt_000001_064798_leftImg8bit.png,,0.6839331136458223,0.3160668863541777,0.9657444953918457,0.975900411605835,0.08308033645153046,0.06201256811618805,0.1799497902393341,0.9430755376815796,0.17516639828681946,-8.409072875976562,8.37967300415039,0.005002869758754969,0.03089100681245327,466932,7.979986228747293,7.4065192602574825,16.20659598847851,0.9450396438296538,0.054960356170346225,126850,0.8125987144269787,0.18740128557302127,85141,0.06258422881364822,0.00037958467146381736,29.21832600259222,0.029968781396746635,0.9700312186032534,0.07844191044569016,0.23427949845790863,0.02090114913880825,0.5052251219749451,0.49477487802505493,0.5145676732063293,0.5401161313056946,0.42460745573043823,0.5052251219749451,0.49477487802505493,0.5052251219749451,0.49477487802505493,0.7435422805630628,0.2564577194369372,0.974773645401001,0.949352573251382,0.050647426748617996,0.004312929421728229,0.8425265741188824,0.15747342588111757,0.029927859691903702,0.0596091669172405,0.0596091669172405,0.01430186815559864,0.005272716283798218,0.9403908330827595,0.0596091669172405,0.022388698533177376,0.0009123384370468557,433500
b2_cityscapes_val,2026-07-07 05:27:42,cityscapes,val,all,student_skd,/scratch/gautschi/manors/hf_cache/hub/models--nvidia--mit-b2/snapshots/3bb39e8739149c3777d0325349b2a6c32c6413db,runs/mit-b2_skd_j9196921/student_skd.ckpt,skd,img_000224,/home/manors/Guardrail-Distillation/data/cityscapes/leftImg8bit/val/frankfurt/frankfurt_000001_064925_leftImg8bit.png,,0.4822077785927043,0.5177922214072956,0.9741346836090088,0.9810166954994202,0.07232443988323212,0.04894116893410683,0.1548827439546585,0.9529896974563599,0.14803367853164673,-8.406962394714355,8.384111404418945,0.0023775433655828238,0.023673010990023613,458877,7.928449485916644,7.409157522488385,16.207848268095404,0.584901376384208,0.415098623615792,122917,0.24958077257195807,0.7504192274280419,86441,0.04944203421473503,0.0003262639220338315,29.226286249468103,0.020736031234264374,0.9792639687657356,0.03513750433921814,0.1414237916469574,0.012549538165330887,0.5031373500823975,0.49686264991760254,0.509687602519989,0.5238611102104187,0.42060142755508423,0.5031373500823975,0.49686264991760254,0.5031373500823975,0.49686264991760254,0.5704683089216356,0.4295316910783644,0.977904736995697,0.6149530604061962,0.38504693959380376,0.030051684021988212,0.414511138385494,0.585488861614506,0.16493036581353593,0.08826053032893122,0.08826053032893122,0.00888909213244915,0.005119018722325563,0.9117394696710688,0.08826053032893122,0.014742512255907059,0.0009523248882032931,432586
b2_cityscapes_val,2026-07-07 05:27:42,cityscapes,val,all,student_skd,/scratch/gautschi/manors/hf_cache/hub/models--nvidia--mit-b2/snapshots/3bb39e8739149c3777d0325349b2a6c32c6413db,runs/mit-b2_skd_j9196921/student_skd.ckpt,skd,img_000225,/home/manors/Guardrail-Distillation/data/cityscapes/leftImg8bit/val/frankfurt/frankfurt_000001_065160_leftImg8bit.png,,0.5680069649014912,0.43199303509850884,0.9610298275947571,0.9706931114196777,0.0923302173614502,0.07592970132827759,0.20599861443042755,0.934055507183075,0.1972193568944931,-8.749797821044922,8.713766098022461,0.006374748423695564,0.03861791640520096,465587,7.928449485916644,7.409157522488385,16.207848268095404,0.9155703640501085,0.0844296359498915,126850,0.24715032739699322,0.7528496726030067,87449,0.07662273943424225,0.0004510725266300142,29.226286249468103,0.03300256282091141,0.9669974371790886,0.09876419603824615,0.26338523626327515,0.02073306404054165,0.5051831007003784,0.4948168992996216,0.5177912712097168,0.542048990726471,0.41165199875831604,0.5051831007003784,0.4948168992996216,0.5051831007003784,0.4948168992996216,0.5999843193186506,0.4000156806813494,0.9653577208518982,0.9142694421664095,0.08573055783359051,0.0,0.24728715960448738,0.7527128403955126,0.00013683220749416414,0.03197735441715943,0.03197735441715943,0.011493018828332424,0.007165148388594389,0.9680226455828406,0.03197735441715943,0.020812436938285828,0.0002104869781760499,425379
b2_cityscapes_val,2026-07-07 05:27:42,cityscapes,val,all,student_skd,/scratch/gautschi/manors/hf_cache/hub/models--nvidia--mit-b2/snapshots/3bb39e8739149c3777d0325349b2a6c32c6413db,runs/mit-b2_skd_j9196921/student_skd.ckpt,skd,img_000226,/home/manors/Guardrail-Distillation/data/cityscapes/leftImg8bit/val/frankfurt/frankfurt_000001_065617_leftImg8bit.png,,0.6281385641061118,0.3718614358938882,0.9616391658782959,0.9718974828720093,0.08768915385007858,0.0757778137922287,0.19941101968288422,0.9307515025138855,0.2165428102016449,-8.230720520019531,8.19667911529541,0.004859794396907091,0.03504487872123718,459896,7.928449485916644,7.409157522488385,16.207848268095404,1.0,0.0,126850,0.6082543263395579,0.3917456736604421,32367,0.07667772471904755,0.00046503276098519564,29.226286249468103,0.03902397304773331,0.9609760269522667,0.13509544730186462,0.2899697422981262,0.03368164226412773,0.5084196329116821,0.49158036708831787,0.5292676091194153,0.5570809245109558,0.42655736207962036,0.5084196329116821,0.49158036708831787,0.5084196329116821,0.49158036708831787,0.7106349290470876,0.2893650709529124,0.9679101705551147,1.0,0.0,0.0,0.7121163823350712,0.28788361766492876,0.10386205599551335,0.08249636494097579,0.08249636494097579,0.014255397021770477,0.007984413765370846,0.9175036350590242,0.08249636494097579,0.02382495254278183,0.0009110755636356771,420552
b2_cityscapes_val,2026-07-07 05:27:42,cityscapes,val,all,student_skd,/scratch/gautschi/manors/hf_cache/hub/models--nvidia--mit-b2/snapshots/3bb39e8739149c3777d0325349b2a6c32c6413db,runs/mit-b2_skd_j9196921/student_skd.ckpt,skd,img_000227,/home/manors/Guardrail-Distillation/data/cityscapes/leftImg8bit/val/frankfurt/frankfurt_000001_065850_leftImg8bit.png,,0.5215880007008928,0.47841199929910716,0.9300932884216309,0.9470930695533752,0.12667110562324524,0.13094553351402283,0.279205858707428,0.8954207897186279,0.302112340927124,-8.280168533325195,8.21342945098877,0.015867551788687706,0.07914923131465912,456151,7.928449485916644,7.409157522488385,16.207848268095404,0.9420685756761548,0.05793142432384524,126850,0.8450563392312169,0.15494366076878308,33913,0.13200458884239197,0.0007179753156378865,29.226286249468103,0.054344452917575836,0.9456555470824242,0.23362688720226288,0.3623262643814087,0.043450213968753815,0.5108608603477478,0.4891391396522522,0.5465142726898193,0.5742078423500061,0.42680224776268005,0.5108608603477478,0.4891391396522522,0.5108608603477478,0.4891391396522522,0.5366964787051045,0.4633035212948955,0.9404627084732056,0.9532829427014722,0.04671705729852782,0.011214367025317418,0.8530615607639179,0.14693843923608207,0.008005221532701001,0.015108478004211667,0.015108478004211667,0.02649780362844467,0.016128430142998695,0.9848915219957883,0.015108478004211667,0.04796876385807991,0.0014753886498510838,387023
b2_cityscapes_val,2026-07-07 05:27:43,cityscapes,val,all,student_skd,/scratch/gautschi/manors/hf_cache/hub/models--nvidia--mit-b2/snapshots/3bb39e8739149c3777d0325349b2a6c32c6413db,runs/mit-b2_skd_j9196921/student_skd.ckpt,skd,img_000228,/home/manors/Guardrail-Distillation/data/cityscapes/leftImg8bit/val/frankfurt/frankfurt_000001_066092_leftImg8bit.png,,0.4820840314244733,0.5179159685755267,0.837494432926178,0.9235153794288635,0.1435622274875641,0.19431564211845398,0.3182148337364197,0.8468891382217407,0.4376257359981537,-7.29970121383667,7.204050540924072,0.021728476509451866,0.11255691945552826,450883,7.92824849486351,7.397504989057779,16.21671626344323,0.3584803464924809,0.6415196535075192,126666,0.6383875097396204,0.36161249026037956,38643,0.19658878445625305,0.0017257614526897669,29.22737176413648,0.11941570043563843,0.8805842995643616,0.3956086039543152,0.4914309084415436,0.14705540239810944,0.5366977453231812,0.46330225467681885,0.6243574023246765,0.6579921841621399,0.47469377517700195,0.5366977453231812,0.46330225467681885,0.5366977453231812,0.46330225467681885,0.6363973297831554,0.36360267021684456,0.883830189704895,0.5973245483040133,0.40267545169598673,0.23884420181153243,0.9856569741716656,0.014343025828334355,0.3472694644320452,0.15431329835868213,0.15431329835868213,0.06794001907110214,0.021604275330901146,0.8456867016413179,0.15431329835868213,0.10620494186878204,0.018024632707238197,351078
b2_cityscapes_val,2026-07-07 05:27:43,cityscapes,val,all,student_skd,/scratch/gautschi/manors/hf_cache/hub/models--nvidia--mit-b2/snapshots/3bb39e8739149c3777d0325349b2a6c32c6413db,runs/mit-b2_skd_j9196921/student_skd.ckpt,skd,img_000229,/home/manors/Guardrail-Distillation/data/cityscapes/leftImg8bit/val/frankfurt/frankfurt_000001_066438_leftImg8bit.png,,0.49267585604973285,0.5073241439502671,0.913235604763031,0.9589132070541382,0.10756069421768188,0.10453752428293228,0.23176711797714233,0.907702624797821,0.27691125869750977,-8.057826042175293,8.007307052612305,0.008161153644323349,0.056571993976831436,438786,7.92824849486351,7.397504989057779,16.21671626344323,0.6298701944044238,0.3701298055955762,126850,0.7583587264091807,0.24164127359081933,22538,0.10551898926496506,0.0005269558751024306,29.22737176413648,0.052401140332221985,0.947598859667778,0.2025989294052124,0.3523327112197876,0.043627381324768066,0.5109050869941711,0.48909491300582886,0.5423533320426941,0.5676232576370239,0.4300788640975952,0.5109050869941711,0.48909491300582886,0.5109050869941711,0.48909491300582886,0.4769144836939086,0.5230855163060915,0.9227344989776611,0.9078811120903076,0.09211888790969236,0.2780109176858838,0.6206839330630429,0.3793160669369571,0.0,0.0,0.0,0.019993800669908524,0.010494865477085114,1.0,0.0,0.04256972670555115,0.0026869589928537607,386223
b2_cityscapes_val,2026-07-07 05:27:43,cityscapes,val,all,student_skd,/scratch/gautschi/manors/hf_cache/hub/models--nvidia--mit-b2/snapshots/3bb39e8739149c3777d0325349b2a6c32c6413db,runs/mit-b2_skd_j9196921/student_skd.ckpt,skd,img_000230,/home/manors/Guardrail-Distillation/data/cityscapes/leftImg8bit/val/frankfurt/frankfurt_000001_066574_leftImg8bit.png,,0.4538610495392269,0.5461389504607731,0.8861731290817261,0.9067619442939758,0.1505657136440277,0.2396269589662552,0.33259323239326477,0.8107727766036987,0.5360432267189026,-6.389619827270508,6.273747444152832,0.024937914684414864,0.12815603613853455,425216,7.92824849486351,7.397504989057779,16.21671626344323,0.38039356043843575,0.6196064395615642,116331,0.6241671059135092,0.3758328940864908,19335,0.24182264506816864,0.0017592664808034897,29.22737176413648,0.11779210716485977,0.8822078928351402,0.3767518103122711,0.4539414942264557,0.10977041721343994,0.5274150967597961,0.47258490324020386,0.5851061344146729,0.6078231334686279,0.4779215455055237,0.5274150967597961,0.47258490324020386,0.5274150967597961,0.47258490324020386,0.4091768594590521,0.5908231405409479,0.8764368891716003,0.40204636802593197,0.597953631974068,0.021652807587496214,0.47138315087003047,0.5286168491299695,0.0,0.0,0.0,0.04209860414266586,0.0518348328769207,1.0,0.0,0.10496076941490173,0.0028879439923912287,306740
b2_cityscapes_val,2026-07-07 05:27:43,cityscapes,val,all,student_skd,/scratch/gautschi/manors/hf_cache/hub/models--nvidia--mit-b2/snapshots/3bb39e8739149c3777d0325349b2a6c32c6413db,runs/mit-b2_skd_j9196921/student_skd.ckpt,skd,img_000231,/home/manors/Guardrail-Distillation/data/cityscapes/leftImg8bit/val/frankfurt/frankfurt_000001_066832_leftImg8bit.png,,0.5980688985994759,0.4019311014005241,0.9265483617782593,0.9598518013954163,0.10654319077730179,0.10755583643913269,0.24507927894592285,0.9069264531135559,0.28547659516334534,-8.017436981201172,7.967930316925049,0.010222523473203182,0.052584223449230194,381217,7.92824849486351,7.397504989057779,16.21671626344323,0.3998637828762404,0.6001362171237596,126270,0.6356998317106756,0.36430016828932443,47571,0.10881994664669037,0.0006523508345708251,29.22737176413648,0.050402138382196426,0.9495978616178036,0.19820444285869598,0.3335745334625244,0.041377708315849304,0.5103429555892944,0.48965704441070557,0.5435510873794556,0.5686468482017517,0.452198326587677,0.5103429555892944,0.48965704441070557,0.5103429555892944,0.48965704441070557,0.5524158943897761,0.4475841056102239,0.9305933117866516,0.19999683215991257,0.8000031678400874,0.0,0.6128442642398976,0.3871557357601024,0.0,0.0,0.0,0.016735874116420746,0.012690934352576733,1.0,0.0,0.03636249154806137,0.002701873192563653,336019
b2_cityscapes_val,2026-07-07 05:27:43,cityscapes,val,all,student_skd,/scratch/gautschi/manors/hf_cache/hub/models--nvidia--mit-b2/snapshots/3bb39e8739149c3777d0325349b2a6c32c6413db,runs/mit-b2_skd_j9196921/student_skd.ckpt,skd,img_000232,/home/manors/Guardrail-Distillation/data/cityscapes/leftImg8bit/val/frankfurt/frankfurt_000001_067092_leftImg8bit.png,,0.6657480671746919,0.3342519328253081,0.9423617124557495,0.9607079029083252,0.10337556898593903,0.09828999638557434,0.21989500522613525,0.9166606068611145,0.23440933227539062,-8.940776824951172,8.89297866821289,0.006001837085932493,0.052637483924627304,436533,7.934921508422121,7.394975749775767,16.204504237975925,0.9993275639095254,0.0006724360904746263,118673,0.5398418675360152,0.46015813246398485,102174,0.09916622191667557,0.0004899680498056114,29.231752501800656,0.04005208984017372,0.9599479101598263,0.1619298756122589,0.28997209668159485,0.030583199113607407,0.5076451897621155,0.4923548102378845,0.5323955416679382,0.5512391924858093,0.43637409806251526,0.5076451897621155,0.4923548102378845,0.5076451897621155,0.4923548102378845,0.7787300727763468,0.22126992722365324,0.9588736295700073,0.9995292938800016,0.00047070611999844303,0.00020172997047618324,0.8910743629565271,0.10892563704347291,0.35123249542051194,0.11298200560165483,0.11298200560165483,0.027409153059124947,0.010897228494286537,0.8870179943983452,0.11298200560165483,0.040892668068408966,0.011442434042692184,383680
b2_cityscapes_val,2026-07-07 05:27:43,cityscapes,val,all,student_skd,/scratch/gautschi/manors/hf_cache/hub/models--nvidia--mit-b2/snapshots/3bb39e8739149c3777d0325349b2a6c32c6413db,runs/mit-b2_skd_j9196921/student_skd.ckpt,skd,img_000233,/home/manors/Guardrail-Distillation/data/cityscapes/leftImg8bit/val/frankfurt/frankfurt_000001_067178_leftImg8bit.png,,0.3939240736581696,0.6060759263418304,0.9443912506103516,0.9644678831100464,0.0970202311873436,0.0876828208565712,0.2029205858707428,0.9243282079696655,0.21293652057647705,-8.82740306854248,8.784537315368652,0.0031096639577299356,0.04630771279335022,429950,7.934921508422121,7.394975749775767,16.204504237975925,0.9936117473167481,0.006388252683251938,117561,0.37249127728424924,0.6275087227157508,99770,0.08834711462259293,0.0004288705822546035,29.231752501800656,0.038467373698949814,0.9615326263010502,0.1540156602859497,0.2824735641479492,0.02931850217282772,0.5073291063308716,0.4926708936691284,0.5325021147727966,0.5496278405189514,0.4294314384460449,0.5073291063308716,0.4926708936691284,0.5073291063308716,0.4926708936691284,0.5088880279706296,0.4911119720293704,0.9603838324546814,1.0,0.0,0.006388252683251938,0.6353524376460443,0.3646475623539557,0.2628611603617951,0.11496395431245998,0.11496395431245998,0.026617050170898438,0.010624491609632969,0.88503604568754,0.11496395431245998,0.03970694541931152,0.013394581153988838,382244
b2_cityscapes_val,2026-07-07 05:27:43,cityscapes,val,all,student_skd,/scratch/gautschi/manors/hf_cache/hub/models--nvidia--mit-b2/snapshots/3bb39e8739149c3777d0325349b2a6c32c6413db,runs/mit-b2_skd_j9196921/student_skd.ckpt,skd,img_000234,/home/manors/Guardrail-Distillation/data/cityscapes/leftImg8bit/val/frankfurt/frankfurt_000001_067295_leftImg8bit.png,,0.5203853183614975,0.4796146816385025,0.926211416721344,0.9546458125114441,0.11159193515777588,0.11792829632759094,0.2497744858264923,0.8997928500175476,0.2958914637565613,-8.452887535095215,8.397226333618164,0.009277306497097015,0.06039927154779434,444310,7.934921508422121,7.394975749775767,16.204504237975925,0.872863633809703,0.127136366190297,126850,0.5926375947430366,0.40736240525696343,55271,0.11924006789922714,0.0008437778451479971,29.231752501800656,0.049056582152843475,0.9509434178471565,0.19755518436431885,0.32009968161582947,0.03567979112267494,0.5089190006256104,0.49108099937438965,0.5364652872085571,0.5560920834541321,0.4399820864200592,0.5089190006256104,0.49108099937438965,0.5089190006256104,0.49108099937438965,0.617527610301381,0.38247238969861896,0.9420742392539978,0.5523088468490714,0.44769115315092856,0.0,0.6879019277704651,0.3120980722295349,0.09526433302742854,0.09714229193988355,0.09714229193988355,0.026704328134655952,0.010841529816389084,0.9028577080601164,0.09714229193988355,0.0451846681535244,0.006682271603494883,383309
b2_cityscapes_val,2026-07-07 05:27:43,cityscapes,val,all,student_skd,/scratch/gautschi/manors/hf_cache/hub/models--nvidia--mit-b2/snapshots/3bb39e8739149c3777d0325349b2a6c32c6413db,runs/mit-b2_skd_j9196921/student_skd.ckpt,skd,img_000235,/home/manors/Guardrail-Distillation/data/cityscapes/leftImg8bit/val/frankfurt/frankfurt_000001_067474_leftImg8bit.png,,0.6354111084440126,0.3645888915559874,0.9452306628227234,0.9719332456588745,0.09044483304023743,0.07376953214406967,0.20878756046295166,0.9367178678512573,0.19378967583179474,-8.256580352783203,8.222138404846191,0.006199976895004511,0.0368417464196682,455163,7.934921508422121,7.394975749775767,16.204504237975925,1.0,0.0,126850,0.5872676795914257,0.4127323204085743,32621,0.0747249647974968,0.0006552817649208009,29.231752501800656,0.033581867814064026,0.966418132185936,0.09761397540569305,0.26371556520462036,0.027333442121744156,0.5068328976631165,0.49316710233688354,0.5211693644523621,0.5476294159889221,0.41375190019607544,0.5068328976631165,0.49316710233688354,0.5068328976631165,0.49316710233688354,0.7102966612576358,0.2897033387423642,0.972978949546814,1.0,0.0,0.0,0.8644191609880789,0.13558083901192108,0.27715148139665324,0.07488555281362319,0.07488555281362319,0.033932898193597794,0.0061845979653298855,0.9251144471863768,0.07488555281362319,0.0429406613111496,0.01156289130449295,416361
b2_cityscapes_val,2026-07-07 05:27:43,cityscapes,val,all,student_skd,/scratch/gautschi/manors/hf_cache/hub/models--nvidia--mit-b2/snapshots/3bb39e8739149c3777d0325349b2a6c32c6413db,runs/mit-b2_skd_j9196921/student_skd.ckpt,skd,img_000236,/home/manors/Guardrail-Distillation/data/cityscapes/leftImg8bit/val/frankfurt/frankfurt_000001_067735_leftImg8bit.png,,0.5564919678255895,0.4435080321744105,0.9665051698684692,0.9740729928016663,0.08348493278026581,0.06791902333498001,0.18341697752475739,0.9366840124130249,0.1983523666858673,-8.512231826782227,8.480987548828125,0.003383146831765771,0.031768400222063065,415885,7.9361372627317905,7.412729260977358,16.207316744839773,0.9563543984837595,0.04364560151624053,126850,0.5369460469817184,0.46305395301828156,94368,0.06865759193897247,0.0004097960772924125,29.281035240273923,0.03087417408823967,0.9691258259117603,0.0975981280207634,0.22575800120830536,0.020158519968390465,0.5050394535064697,0.4949605464935303,0.5181900262832642,0.5398255586624146,0.4323272407054901,0.5050394535064697,0.4949605464935303,0.5050394535064697,0.4949605464935303,0.569636185709591,0.43036381429040904,0.9714152216911316,0.9780490709775874,0.02195092902241258,0.02169467249382795,0.5509591365514117,0.4490408634485883,0.014013089569693271,0.013144217884001441,0.013144217884001441,0.010178294964134693,0.005268283654004335,0.9868557821159986,0.013144217884001441,0.016831576824188232,0.0002669007226359099,383117
b2_cityscapes_val,2026-07-07 05:27:43,cityscapes,val,all,student_skd,/scratch/gautschi/manors/hf_cache/hub/models--nvidia--mit-b2/snapshots/3bb39e8739149c3777d0325349b2a6c32c6413db,runs/mit-b2_skd_j9196921/student_skd.ckpt,skd,img_000237,/home/manors/Guardrail-Distillation/data/cityscapes/leftImg8bit/val/frankfurt/frankfurt_000001_068063_leftImg8bit.png,,0.570946815375392,0.42905318462460795,0.9495376348495483,0.9687910676002502,0.0954974964261055,0.08209585398435593,0.21814511716365814,0.928915798664093,0.21761557459831238,-8.428704261779785,8.390303611755371,0.007111395709216595,0.04235946387052536,462919,7.9361372627317905,7.412729260977358,16.207316744839773,0.8299551583285624,0.17004484167143763,126850,0.8580702555811448,0.1419297444188552,38012,0.08294928073883057,0.0004990010056644678,29.281035240273923,0.029475409537553787,0.9705245904624462,0.07293710857629776,0.23547545075416565,0.015654925256967545,0.5039136409759521,0.49608635902404785,0.512423038482666,0.534182608127594,0.42996200919151306,0.5039136409759521,0.49608635902404785,0.5039136409759521,0.49608635902404785,0.5800368509467232,0.4199631490532768,0.9558259844779968,0.8939317105151847,0.10606828948481528,0.06397655218662235,0.8910524431213142,0.10894755687868585,0.03298218754016935,0.009090035571331145,0.009090035571331145,0.014536021277308464,0.008247663266956806,0.9909099644286689,0.009090035571331145,0.028303008526563644,0.0014127742033451796,419911
b2_cityscapes_val,2026-07-07 05:27:43,cityscapes,val,all,student_skd,/scratch/gautschi/manors/hf_cache/hub/models--nvidia--mit-b2/snapshots/3bb39e8739149c3777d0325349b2a6c32c6413db,runs/mit-b2_skd_j9196921/student_skd.ckpt,skd,img_000238,/home/manors/Guardrail-Distillation/data/cityscapes/leftImg8bit/val/frankfurt/frankfurt_000001_068208_leftImg8bit.png,,0.5957735598590027,0.4042264401409973,0.9346897602081299,0.9522345066070557,0.11752758920192719,0.1238652914762497,0.26342740654945374,0.8951720595359802,0.31428512930870056,-7.762911319732666,7.703458786010742,0.013472460210323334,0.06591516733169556,459530,7.9361372627317905,7.412729260977358,16.207316744839773,0.47480193210803906,0.525198067891961,126850,0.44325034280452863,0.5567496571954713,6318,0.12505660951137543,0.0007471729186363518,29.281035240273923,0.05330662801861763,0.9466933719813824,0.2186649590730667,0.3609999716281891,0.03987666964530945,0.5099678635597229,0.4900321364402771,0.5367351770401001,0.5693649649620056,0.44862303137779236,0.5099678635597229,0.4900321364402771,0.5099678635597229,0.4900321364402771,0.6331337581527716,0.3668662418472284,0.9455029368400574,0.8582226680271896,0.1417773319728104,0.3834207359191506,0.5050140432765756,0.4949859567234244,0.061763700472046934,0.03736019829376891,0.03736019829376891,0.026113636791706085,0.015300414524972439,0.9626398017062311,0.03736019829376891,0.04473048448562622,0.0005788522539660335,396197
b2_cityscapes_val,2026-07-07 05:27:43,cityscapes,val,all,student_skd,/scratch/gautschi/manors/hf_cache/hub/models--nvidia--mit-b2/snapshots/3bb39e8739149c3777d0325349b2a6c32c6413db,runs/mit-b2_skd_j9196921/student_skd.ckpt,skd,img_000239,/home/manors/Guardrail-Distillation/data/cityscapes/leftImg8bit/val/frankfurt/frankfurt_000001_068682_leftImg8bit.png,,0.7738400815777549,0.22615991842224514,0.9531119465827942,0.9618029594421387,0.10258854925632477,0.09805089235305786,0.22247904539108276,0.9135006666183472,0.2558218836784363,-8.127442359924316,8.080779075622559,0.007025629281997681,0.05084051936864853,461738,7.9361372627317905,7.412729260977358,16.207316744839773,0.9659311963154922,0.03406880368450782,126850,0.8867327155980353,0.11326728440196465,11688,0.09889306873083115,0.00047475993051193655,29.281035240273923,0.04389218986034393,0.9561078101396561,0.17227861285209656,0.30360233783721924,0.031572215259075165,0.5078924298286438,0.4921075701713562,0.5325103402137756,0.554068922996521,0.43818068504333496,0.5078924298286438,0.4921075701713562,0.5078924298286438,0.4921075701713562,0.7656522604333333,0.23434773956666666,0.956620454788208,0.9922481980495352,0.007751801950464765,0.026317001734043055,0.89293083872588,0.10706916127412003,0.006198123127844624,0.0,0.0,0.017490439116954803,0.013981955125927925,1.0,0.0,0.034785959869623184,0.003976280800998211,409611
b2_cityscapes_val,2026-07-07 05:27:44,cityscapes,val,all,student_skd,/scratch/gautschi/manors/hf_cache/hub/models--nvidia--mit-b2/snapshots/3bb39e8739149c3777d0325349b2a6c32c6413db,runs/mit-b2_skd_j9196921/student_skd.ckpt,skd,img_000240,/home/manors/Guardrail-Distillation/data/cityscapes/leftImg8bit/val/frankfurt/frankfurt_000001_068772_leftImg8bit.png,,0.5989648095282355,0.4010351904717645,0.9604400396347046,0.979033887386322,0.07783521711826324,0.05544181913137436,0.1755829155445099,0.947978138923645,0.16714102029800415,-8.401779174804688,8.376214981079102,0.003954463638365269,0.027256691828370094,456952,8.003959024790674,7.4133455054834485,16.307344485539943,0.715955046700081,0.28404495329991897,125900,0.38851392786618605,0.611486072133814,62945,0.05607431381940842,0.00037340543349273503,29.36808575759642,0.0303096491843462,0.9696903508156538,0.08904086798429489,0.22648240625858307,0.02426786534488201,0.5060666799545288,0.4939333200454712,0.5225837230682373,0.5437511205673218,0.4130013585090637,0.5060666799545288,0.4939333200454712,0.5060666799545288,0.4939333200454712,0.5444450694798199,0.45555493052018015,0.9617268443107605,0.7163861201411603,0.2836138798588397,0.00043107344107928824,0.322293126111546,0.677706873888454,0.0,0.0,0.0,0.00926574319601059,0.007978956215083599,1.0,0.0,0.01995176635682583,0.0005580454599112272,428643
b2_cityscapes_val,2026-07-07 05:27:44,cityscapes,val,all,student_skd,/scratch/gautschi/manors/hf_cache/hub/models--nvidia--mit-b2/snapshots/3bb39e8739149c3777d0325349b2a6c32c6413db,runs/mit-b2_skd_j9196921/student_skd.ckpt,skd,img_000241,/home/manors/Guardrail-Distillation/data/cityscapes/leftImg8bit/val/frankfurt/frankfurt_000001_069633_leftImg8bit.png,,0.6997332844859966,0.3002667155140034,0.9592784643173218,0.9714104533195496,0.0906866192817688,0.07524443417787552,0.2057640552520752,0.9341623187065125,0.20392528176307678,-8.300241470336914,8.26526927947998,0.005811345763504505,0.037730444222688675,450326,8.003959024790674,7.4133455054834485,16.307344485539943,0.4995664170279858,0.5004335829720141,126850,0.6531574133857345,0.3468425866142655,43914,0.07603969424962997,0.0004764747864101082,29.36808575759642,0.03290040045976639,0.9670995995402336,0.10911014676094055,0.25656500458717346,0.024017879739403725,0.5060041546821594,0.4939958453178406,0.5200057029724121,0.5456851124763489,0.41480129957199097,0.5060041546821594,0.4939958453178406,0.5060041546821594,0.4939958453178406,0.686577307252869,0.31342269274713097,0.9663844108581543,0.818024064592924,0.18197593540707602,0.3184576475649381,0.5439283632709115,0.45607163672908846,0.0,0.0,0.0,0.013867732137441635,0.006761768367141485,1.0,0.0,0.02218393050134182,0.0013834423152729869,411078
b2_cityscapes_val,2026-07-07 05:27:44,cityscapes,val,all,student_skd,/scratch/gautschi/manors/hf_cache/hub/models--nvidia--mit-b2/snapshots/3bb39e8739149c3777d0325349b2a6c32c6413db,runs/mit-b2_skd_j9196921/student_skd.ckpt,skd,img_000242,/home/manors/Guardrail-Distillation/data/cityscapes/leftImg8bit/val/frankfurt/frankfurt_000001_070099_leftImg8bit.png,,0.7221567178689328,0.27784328213106724,0.9501752853393555,0.9648119211196899,0.09830190241336823,0.09232383966445923,0.21855252981185913,0.9189112782478333,0.24301213026046753,-8.641324996948242,8.598465919494629,0.006879863329231739,0.04524336755275726,387217,8.003959024790674,7.4133455054834485,16.307344485539943,0.9428571297247514,0.05714287027524856,84748,0.9607231106782125,0.03927688932178752,85194,0.09335015714168549,0.0005752159631811082,29.36808575759642,0.039670560508966446,0.9603294394910336,0.1478646695613861,0.287300169467926,0.028643077239394188,0.5071603059768677,0.4928396940231323,0.5263888239860535,0.5488244295120239,0.4029868543148041,0.5071603059768677,0.4928396940231323,0.5071603059768677,0.4928396940231323,0.7248775362875539,0.2751224637124461,0.951711893081665,0.9219740046346272,0.0780259953653728,0.0,0.9656676286606728,0.034332371339327206,0.004944517982460317,0.0027208184186211515,0.0027208184186211515,0.013351687230169773,0.011815081350505352,0.9972791815813788,0.0027208184186211515,0.027738969773054123,0.0011466438882052898,345953
b2_cityscapes_val,2026-07-07 05:27:44,cityscapes,val,all,student_skd,/scratch/gautschi/manors/hf_cache/hub/models--nvidia--mit-b2/snapshots/3bb39e8739149c3777d0325349b2a6c32c6413db,runs/mit-b2_skd_j9196921/student_skd.ckpt,skd,img_000243,/home/manors/Guardrail-Distillation/data/cityscapes/leftImg8bit/val/frankfurt/frankfurt_000001_071288_leftImg8bit.png,,0.5999072660053212,0.4000927339946788,0.9747337698936462,0.9756090641021729,0.08142174035310745,0.06295813620090485,0.17582041025161743,0.9416523575782776,0.17815691232681274,-8.704310417175293,8.674893379211426,0.0030832591000944376,0.030091894790530205,448227,8.003959024790674,7.4133455054834485,16.307344485539943,0.613598465873491,0.386401534126509,115503,0.4922859790126915,0.5077140209873086,46409,0.06358656287193298,0.0003739036910701543,29.36808575759642,0.029620453715324402,0.9703795462846756,0.08957363665103912,0.23298074305057526,0.02189190499484539,0.5054727792739868,0.4945272207260132,0.5173389315605164,0.5436865091323853,0.42856553196907043,0.5054727792739868,0.4945272207260132,0.5054727792739868,0.4945272207260132,0.673189676953129,0.32681032304687097,0.9779397249221802,0.6725770802681981,0.32742291973180193,0.058978614394707085,0.49089596621272197,0.5091040337872781,0.0,0.07328241094780785,0.07328241094780785,0.008332830853760242,0.005126866512000561,0.9267175890521921,0.07328241094780785,0.01408438105136156,0.0002632594550959766,415032
b2_cityscapes_val,2026-07-07 05:27:44,cityscapes,val,all,student_skd,/scratch/gautschi/manors/hf_cache/hub/models--nvidia--mit-b2/snapshots/3bb39e8739149c3777d0325349b2a6c32c6413db,runs/mit-b2_skd_j9196921/student_skd.ckpt,skd,img_000244,/home/manors/Guardrail-Distillation/data/cityscapes/leftImg8bit/val/frankfurt/frankfurt_000001_071781_leftImg8bit.png,,0.713238669560925,0.28676133043907504,0.9609078764915466,0.9681971669197083,0.09164006263017654,0.08369088917970657,0.20133313536643982,0.9243624210357666,0.2275872826576233,-8.396709442138672,8.358396530151367,0.004046764224767685,0.04005735367536545,463086,7.955293753184378,7.426256750477478,16.2820422265213,1.0,0.0,126850,0.640872294097623,0.35912770590237697,23956,0.08463117480278015,0.000492527091410011,29.374163510510698,0.03588232398033142,0.9641176760196686,0.12079411745071411,0.27083131670951843,0.024404805153608322,0.5061008930206299,0.4938991069793701,0.5223071575164795,0.5431555509567261,0.42134782671928406,0.5061008930206299,0.4938991069793701,0.5061008930206299,0.4938991069793701,0.71478465401869,0.28521534598131004,0.9636417031288147,1.0,0.0,0.0,0.8147796772220444,0.18522032277795564,0.17390738312442133,0.0015459844577649928,0.0015459844577649928,0.012116539292037487,0.009382706135511398,0.998454015542235,0.0015459844577649928,0.022738756611943245,0.0006564655341207981,418294
b2_cityscapes_val,2026-07-07 05:27:44,cityscapes,val,all,student_skd,/scratch/gautschi/manors/hf_cache/hub/models--nvidia--mit-b2/snapshots/3bb39e8739149c3777d0325349b2a6c32c6413db,runs/mit-b2_skd_j9196921/student_skd.ckpt,skd,img_000245,/home/manors/Guardrail-Distillation/data/cityscapes/leftImg8bit/val/frankfurt/frankfurt_000001_072155_leftImg8bit.png,,0.5556793095124536,0.4443206904875464,0.947921872138977,0.964899480342865,0.0979243740439415,0.09301352500915527,0.22006958723068237,0.9176759719848633,0.25203028321266174,-8.160078048706055,8.117385864257812,0.006765798199921846,0.04517078027129173,437938,7.955293753184378,7.426256750477478,16.2820422265213,0.664780348759222,0.335219651240778,110491,0.6118845432882192,0.3881154567117808,16560,0.09385067224502563,0.0005788454436697066,29.374163510510698,0.041025131940841675,0.9589748680591583,0.15615709125995636,0.29446908831596375,0.031288307160139084,0.5078214406967163,0.4921785593032837,0.530913233757019,0.5552710890769958,0.433182030916214,0.5078214406967163,0.4921785593032837,0.5078214406967163,0.4921785593032837,0.5932374983524848,0.40676250164751515,0.9559960961341858,0.6661499610404898,0.33385003895951015,0.0013696122812678624,0.6129078454403109,0.38709215455968915,0.0010233021520916763,0.03755818884003126,0.03755818884003126,0.017554996535182,0.00948079489171505,0.9624418111599687,0.03755818884003126,0.029193630442023277,0.0026670442894101143,391393
b2_cityscapes_val,2026-07-07 05:27:44,cityscapes,val,all,student_skd,/scratch/gautschi/manors/hf_cache/hub/models--nvidia--mit-b2/snapshots/3bb39e8739149c3777d0325349b2a6c32c6413db,runs/mit-b2_skd_j9196921/student_skd.ckpt,skd,img_000246,/home/manors/Guardrail-Distillation/data/cityscapes/leftImg8bit/val/frankfurt/frankfurt_000001_072295_leftImg8bit.png,,0.5403922377201619,0.45960776227983813,0.9164654016494751,0.9700114130973816,0.08935274183750153,0.07638079673051834,0.1908615082502365,0.9313831925392151,0.20355002582073212,-8.384653091430664,8.348567962646484,0.003198992693796754,0.038139715790748596,435137,7.955293753184378,7.426256750477478,16.2820422265213,0.2379595138892062,0.7620404861107938,109254,0.9895182343169053,0.010481765683094668,25282,0.07717153429985046,0.0004353687399998307,29.374163510510698,0.037458885461091995,0.962541114538908,0.14919306337833405,0.2749425768852234,0.024934668093919754,0.5062333345413208,0.4937666654586792,0.5302956700325012,0.5510811805725098,0.4223538041114807,0.5062333345413208,0.4937666654586792,0.5062333345413208,0.4937666654586792,0.6434589757379547,0.35654102426204526,0.931941032409668,0.23847851580039287,0.7615214841996072,0.0005190019111865896,0.9830314057432166,0.01696859425678343,0.0,0.10306673801779287,0.10306673801779287,0.021839100867509842,0.0063635134138166904,0.8969332619822071,0.10306673801779287,0.03258054330945015,0.005896993447095156,394309
b2_cityscapes_val,2026-07-07 05:27:44,cityscapes,val,all,student_skd,/scratch/gautschi/manors/hf_cache/hub/models--nvidia--mit-b2/snapshots/3bb39e8739149c3777d0325349b2a6c32c6413db,runs/mit-b2_skd_j9196921/student_skd.ckpt,skd,img_000247,/home/manors/Guardrail-Distillation/data/cityscapes/leftImg8bit/val/frankfurt/frankfurt_000001_073088_leftImg8bit.png,,0.6111868637388292,0.38881313626117076,0.8586230278015137,0.9324077367782593,0.14342230558395386,0.18108484148979187,0.34449008107185364,0.8630670309066772,0.4077829122543335,-7.967393398284912,7.880663871765137,0.029467573389410973,0.09716640412807465,379977,7.955293753184378,7.426256750477478,16.2820422265213,1.0,0.0,126850,0.8448331886673527,0.15516681133264731,10054,0.1827823668718338,0.0014444467378780246,29.374163510510698,0.10113818198442459,0.8988618180155754,0.4583534300327301,0.5518963932991028,0.11198069900274277,0.5279659628868103,0.4720340371131897,0.6261893510818481,0.6782006025314331,0.4577523171901703,0.5279659628868103,0.4720340371131897,0.5279659628868103,0.4720340371131897,0.6142156378953676,0.3857843621046324,0.9122762680053711,1.0,0.0,0.0,0.619350454345406,0.38064954565459397,0.0,0.0030287741565383497,0.0030287741565383497,0.07414133101701736,0.020488081499934196,0.9969712258434617,0.0030287741565383497,0.10689857602119446,0.00977164413779974,308079
b2_cityscapes_val,2026-07-07 05:27:44,cityscapes,val,all,student_skd,/scratch/gautschi/manors/hf_cache/hub/models--nvidia--mit-b2/snapshots/3bb39e8739149c3777d0325349b2a6c32c6413db,runs/mit-b2_skd_j9196921/student_skd.ckpt,skd,img_000248,/home/manors/Guardrail-Distillation/data/cityscapes/leftImg8bit/val/frankfurt/frankfurt_000001_073243_leftImg8bit.png,,0.33924270057465494,0.660757299425345,0.9542706608772278,0.9713565707206726,0.09093309193849564,0.07256440818309784,0.1945059597492218,0.934860110282898,0.19655224680900574,-8.677775382995605,8.64267635345459,0.005705715157091618,0.03827092796564102,466725,7.970808015670627,7.424944255035371,16.274085239274427,1.0,0.0,126850,0.24821957668442662,0.7517804233155734,75307,0.07306863367557526,0.0003710177552420646,29.266855242894962,0.02964572235941887,0.9703542776405811,0.08046968281269073,0.245296448469162,0.019326431676745415,0.5048314929008484,0.4951685070991516,0.5144813656806946,0.5355579257011414,0.4199778139591217,0.5048314929008484,0.4951685070991516,0.5048314929008484,0.4951685070991516,0.35229849559533355,0.6477015044046665,0.9560211896896362,1.0,0.0,0.0,0.2469417843244033,0.7530582156755967,0.0,0.013055795020678551,0.013055795020678551,0.009795918129384518,0.008045422844588757,0.9869442049793214,0.013055795020678551,0.024877604097127914,0.0004006641684100032,427426
b2_cityscapes_val,2026-07-07 05:27:44,cityscapes,val,all,student_skd,/scratch/gautschi/manors/hf_cache/hub/models--nvidia--mit-b2/snapshots/3bb39e8739149c3777d0325349b2a6c32c6413db,runs/mit-b2_skd_j9196921/student_skd.ckpt,skd,img_000249,/home/manors/Guardrail-Distillation/data/cityscapes/leftImg8bit/val/frankfurt/frankfurt_000001_073464_leftImg8bit.png,,0.5096933377115714,0.49030666228842856,0.9583988189697266,0.9701107740402222,0.09452098608016968,0.07630613446235657,0.2089683711528778,0.9333159923553467,0.20279905200004578,-8.605306625366211,8.568358421325684,0.007211595773696899,0.04113440588116646,462727,7.970808015670627,7.424944255035371,16.274085239274427,0.8857427757186963,0.1142572242813037,126850,0.4794387041197357,0.5205612958802643,86517,0.07696538418531418,0.0005405236152000725,29.266855242894962,0.03270253166556358,0.9672974683344364,0.0964297205209732,0.26236146688461304,0.021654095500707626,0.505413293838501,0.494586706161499,0.5157753229141235,0.5380173325538635,0.4261910617351532,0.505413293838501,0.494586706161499,0.505413293838501,0.494586706161499,0.5794556594098761,0.4205443405901239,0.9628376960754395,0.8699534501356082,0.1300465498643918,0.0,0.6258438358409193,0.3741561641590807,0.14640513172118363,0.06976232169830465,0.06976232169830465,0.012677021324634552,0.008238119073212147,0.9302376783016953,0.06976232169830465,0.02550964243710041,0.0005532419891096652,422239
b2_cityscapes_val,2026-07-07 05:27:44,cityscapes,val,all,student_skd,/scratch/gautschi/manors/hf_cache/hub/models--nvidia--mit-b2/snapshots/3bb39e8739149c3777d0325349b2a6c32c6413db,runs/mit-b2_skd_j9196921/student_skd.ckpt,skd,img_000250,/home/manors/Guardrail-Distillation/data/cityscapes/leftImg8bit/val/frankfurt/frankfurt_000001_073911_leftImg8bit.png,,0.6489975667985839,0.3510024332014161,0.9494151473045349,0.9714055061340332,0.08840753138065338,0.07566582411527634,0.1979721486568451,0.9308687448501587,0.2175271064043045,-8.095117568969727,8.060523986816406,0.00443469500169158,0.035952091217041016,463617,7.970808015670627,7.424944255035371,16.274085239274427,0.4999487583760347,0.5000512416239653,126850,0.7408737694057012,0.25912623059429885,24801,0.07651201635599136,0.0004818086454179138,29.266855242894962,0.038563091307878494,0.9614369086921215,0.13457170128822327,0.2857101261615753,0.030845021829009056,0.5077106356620789,0.49228936433792114,0.5252446532249451,0.5536350011825562,0.4159105122089386,0.5077106356620789,0.49228936433792114,0.5077106356620789,0.49228936433792114,0.7485128254416982,0.25148717455830183,0.9603552222251892,1.0,0.0,0.5000512416239653,0.8876124187076929,0.11238758129230708,0.14673864930199176,0.09951525864311428,0.09951525864311428,0.018608031794428825,0.007667967583984137,0.9004847413568857,0.09951525864311428,0.028517073020339012,0.003595640417188406,422955
b2_cityscapes_val,2026-07-07 05:27:44,cityscapes,val,all,student_skd,/scratch/gautschi/manors/hf_cache/hub/models--nvidia--mit-b2/snapshots/3bb39e8739149c3777d0325349b2a6c32c6413db,runs/mit-b2_skd_j9196921/student_skd.ckpt,skd,img_000251,/home/manors/Guardrail-Distillation/data/cityscapes/leftImg8bit/val/frankfurt/frankfurt_000001_075296_leftImg8bit.png,,0.578115794600372,0.421884205399628,0.9636332392692566,0.9707417488098145,0.09034018963575363,0.07438095659017563,0.19511078298091888,0.9340918064117432,0.1967238485813141,-8.39031982421875,8.354740142822266,0.004507339559495449,0.03802873566746712,451264,7.970808015670627,7.424944255035371,16.274085239274427,0.968419038046286,0.03158096195371396,126850,0.5581384400172801,0.4418615599827199,34750,0.07512111216783524,0.00046676743659190834,29.266855242894962,0.03322760388255119,0.9667723961174488,0.10716968774795532,0.25734278559684753,0.02021084353327751,0.5050525665283203,0.4949474334716797,0.519192099571228,0.5441707968711853,0.4345446527004242,0.5050525665283203,0.4949474334716797,0.5050525665283203,0.4949474334716797,0.6812841362211148,0.31871586377888517,0.9691932201385498,0.9621721080938146,0.03782789190618541,0.0,0.773754259757657,0.226245740242343,0.2156158197403769,0.10316834162074284,0.10316834162074284,0.0129392109811306,0.007379272487014532,0.8968316583792572,0.10316834162074284,0.02177439257502556,0.0009728230070322752,411177
b2_cityscapes_val,2026-07-07 05:27:45,cityscapes,val,all,student_skd,/scratch/gautschi/manors/hf_cache/hub/models--nvidia--mit-b2/snapshots/3bb39e8739149c3777d0325349b2a6c32c6413db,runs/mit-b2_skd_j9196921/student_skd.ckpt,skd,img_000252,/home/manors/Guardrail-Distillation/data/cityscapes/leftImg8bit/val/frankfurt/frankfurt_000001_075984_leftImg8bit.png,,0.5943663167373002,0.4056336832626998,0.954011082649231,0.9605038166046143,0.10402560234069824,0.1004461944103241,0.2288973033428192,0.9122740030288696,0.2606910765171051,-7.151978492736816,7.103678226470947,0.006100551690906286,0.0516638308763504,432256,7.925203011836857,7.407081255223602,16.212002257816494,0.9151260508857137,0.08487394911428625,119869,0.34907870874786806,0.6509212912521319,88547,0.10138554871082306,0.0006207482074387372,29.216851748060435,0.04443291202187538,0.9555670879781246,0.16757474839687347,0.28771543502807617,0.03393544256687164,0.5084830522537231,0.49151694774627686,0.5342543125152588,0.5584449172019958,0.4500640630722046,0.5084830522537231,0.49151694774627686,0.5084830522537231,0.49151694774627686,0.522660329046315,0.477339670953685,0.9490441083908081,0.9376450018764547,0.06235499812354528,0.02251895099074097,0.33090238395300603,0.6690976160469939,0.0,0.0,0.0,0.020203305408358574,0.02517027035355568,1.0,0.0,0.04889926314353943,0.0022972498554736376,381092
b2_cityscapes_val,2026-07-07 05:27:45,cityscapes,val,all,student_skd,/scratch/gautschi/manors/hf_cache/hub/models--nvidia--mit-b2/snapshots/3bb39e8739149c3777d0325349b2a6c32c6413db,runs/mit-b2_skd_j9196921/student_skd.ckpt,skd,img_000253,/home/manors/Guardrail-Distillation/data/cityscapes/leftImg8bit/val/frankfurt/frankfurt_000001_076502_leftImg8bit.png,,0.6715500921371337,0.3284499078628663,0.945503294467926,0.9608840942382812,0.10381077975034714,0.10255581140518188,0.2313404530286789,0.9101004600524902,0.27282869815826416,-8.262359619140625,8.214536666870117,0.00820088293403387,0.05094702169299126,453000,7.925203011836857,7.407081255223602,16.212002257816494,0.9468187221034364,0.05318127789656357,126850,0.9034557578401577,0.09654424215984225,30634,0.10360342264175415,0.0006699474761262536,29.216851748060435,0.04762635380029678,0.9523736461997032,0.18736979365348816,0.32541218400001526,0.036793746054172516,0.5091974139213562,0.4908025860786438,0.5351793766021729,0.559666633605957,0.4431181252002716,0.5091974139213562,0.4908025860786438,0.5091974139213562,0.4908025860786438,0.7164160240423527,0.2835839759576473,0.9587174654006958,0.9850432616213471,0.014956738378652856,0.038224539517910716,0.8914834898713976,0.10851651012860242,0.0,0.044865931905219036,0.044865931905219036,0.022754967212677002,0.009540839120745659,0.955134068094781,0.044865931905219036,0.03483664616942406,0.001812361995689571,399413
b2_cityscapes_val,2026-07-07 05:27:45,cityscapes,val,all,student_skd,/scratch/gautschi/manors/hf_cache/hub/models--nvidia--mit-b2/snapshots/3bb39e8739149c3777d0325349b2a6c32c6413db,runs/mit-b2_skd_j9196921/student_skd.ckpt,skd,img_000254,/home/manors/Guardrail-Distillation/data/cityscapes/leftImg8bit/val/frankfurt/frankfurt_000001_077092_leftImg8bit.png,,0.40001876794145447,0.5999812320585456,0.955941379070282,0.9654337763786316,0.09651172161102295,0.08691766858100891,0.20399680733680725,0.9243491291999817,0.21692320704460144,-8.695441246032715,8.653565406799316,0.004589396994560957,0.04462718591094017,462588,7.925203011836857,7.407081255223602,16.212002257816494,0.8533865266324324,0.14661347336756758,126850,0.36590728398360295,0.634092716016397,75617,0.08773987740278244,0.00046723076957277954,29.216851748060435,0.03618614003062248,0.9638138599693775,0.1322106122970581,0.27516189217567444,0.02539840154349804,0.5063492655754089,0.49365073442459106,0.5253522396087646,0.5475134253501892,0.4289919435977936,0.5063492655754089,0.49365073442459106,0.5063492655754089,0.49365073442459106,0.44472553463442693,0.555274465365573,0.9632978439331055,0.8522994142226579,0.14770058577734213,0.0,0.40353120780934626,0.5964687921906537,0.03762392382574331,0.04470676669297258,0.04470676669297258,0.014332408085465431,0.006975970230996609,0.9552932333070274,0.04470676669297258,0.023669010028243065,0.0003393949009478092,413652
b2_cityscapes_val,2026-07-07 05:27:45,cityscapes,val,all,student_skd,/scratch/gautschi/manors/hf_cache/hub/models--nvidia--mit-b2/snapshots/3bb39e8739149c3777d0325349b2a6c32c6413db,runs/mit-b2_skd_j9196921/student_skd.ckpt,skd,img_000255,/home/manors/Guardrail-Distillation/data/cityscapes/leftImg8bit/val/frankfurt/frankfurt_000001_077233_leftImg8bit.png,,0.6044049566901335,0.3955950433098665,0.9608444571495056,0.9746963381767273,0.08280661702156067,0.06590887904167175,0.18017198145389557,0.9389194250106812,0.1885606348514557,-8.442822456359863,8.412307739257812,0.00346329715102911,0.03126263618469238,462565,7.925203011836857,7.407081255223602,16.212002257816494,0.9545541687320733,0.04544583126792667,126850,0.5070756758534842,0.49292432414651577,71999,0.06670788675546646,0.0004264558374416083,29.216851748060435,0.028199344873428345,0.9718006551265717,0.07968370616436005,0.2085050344467163,0.01892734132707119,0.5047317147254944,0.4952682852745056,0.5172938704490662,0.5373787879943848,0.42969390749931335,0.5047317147254944,0.4952682852745056,0.5047317147254944,0.4952682852745056,0.6789630718520756,0.3210369281479244,0.969452977180481,0.9582194630374337,0.04178053696256634,0.0036652943053603337,0.5466123179858285,0.45338768201417146,0.03953664213234431,0.0745581151619421,0.0745581151619421,0.013926692306995392,0.005318171810358763,0.9254418848380579,0.0745581151619421,0.020407943055033684,0.001150108641013503,426909
b2_cityscapes_val,2026-07-07 05:27:45,cityscapes,val,all,student_skd,/scratch/gautschi/manors/hf_cache/hub/models--nvidia--mit-b2/snapshots/3bb39e8739149c3777d0325349b2a6c32c6413db,runs/mit-b2_skd_j9196921/student_skd.ckpt,skd,img_000256,/home/manors/Guardrail-Distillation/data/cityscapes/leftImg8bit/val/frankfurt/frankfurt_000001_077434_leftImg8bit.png,,0.6159928495887348,0.3840071504112652,0.9541420936584473,0.9650897979736328,0.10038310289382935,0.09285833686590195,0.230598583817482,0.9189459085464478,0.2535969614982605,-7.992378234863281,7.949367523193359,0.008479048497974873,0.04658813029527664,439554,7.927873753942549,7.420738256769255,16.20949074276723,0.868205123432085,0.131794876567915,126850,0.6152217971115513,0.38477820288844866,41664,0.09393957257270813,0.0006439078133553267,29.231985012302175,0.046055104583501816,0.9539448954164982,0.17090505361557007,0.33167827129364014,0.03722768649458885,0.5093058347702026,0.49069416522979736,0.5343286395072937,0.5670532584190369,0.4342358410358429,0.5093058347702026,0.49069416522979736,0.5093058347702026,0.49069416522979736,0.6656693032859337,0.33433069671406634,0.965453565120697,0.8647877744846557,0.1352122255153443,0.0,0.6853936077861591,0.3146063922138409,0.07017181067460776,0.049676453697198864,0.049676453697198864,0.02000436745584011,0.008692901581525803,0.9503235463028011,0.049676453697198864,0.03174581378698349,0.004456790164113045,393743
b2_cityscapes_val,2026-07-07 05:27:45,cityscapes,val,all,student_skd,/scratch/gautschi/manors/hf_cache/hub/models--nvidia--mit-b2/snapshots/3bb39e8739149c3777d0325349b2a6c32c6413db,runs/mit-b2_skd_j9196921/student_skd.ckpt,skd,img_000257,/home/manors/Guardrail-Distillation/data/cityscapes/leftImg8bit/val/frankfurt/frankfurt_000001_078803_leftImg8bit.png,,0.5285972582511551,0.4714027417488449,0.8498157262802124,0.9341197609901428,0.132144957780838,0.1746319979429245,0.30050450563430786,0.8583894968032837,0.4153485894203186,-7.450182914733887,7.368569374084473,0.018358532339334488,0.08862476050853729,445406,7.927873753942549,7.420738256769255,16.20949074276723,0.7292197560705097,0.2707802439294903,126091,0.831400178146009,0.16859982185399103,12896,0.17626021802425385,0.0012787408195436,29.231985012302175,0.09663241356611252,0.9033675864338875,0.36343804001808167,0.4555021822452545,0.1017136499285698,0.525406539440155,0.47459346055984497,0.6023375391960144,0.6392793655395508,0.45400330424308777,0.525406539440155,0.47459346055984497,0.525406539440155,0.47459346055984497,0.599583414078308,0.40041658592169205,0.9299111366271973,0.9761323851688677,0.02386761483113231,0.24691262909835798,0.8378611933483571,0.16213880665164293,0.006461015202348097,0.07098615582715284,0.07098615582715284,0.09915447980165482,0.019059015437960625,0.9290138441728472,0.07098615582715284,0.1297355741262436,0.036797888576984406,357804
b2_cityscapes_val,2026-07-07 05:27:45,cityscapes,val,all,student_skd,/scratch/gautschi/manors/hf_cache/hub/models--nvidia--mit-b2/snapshots/3bb39e8739149c3777d0325349b2a6c32c6413db,runs/mit-b2_skd_j9196921/student_skd.ckpt,skd,img_000258,/home/manors/Guardrail-Distillation/data/cityscapes/leftImg8bit/val/frankfurt/frankfurt_000001_079206_leftImg8bit.png,,0.5641290491647549,0.4358709508352451,0.9193909764289856,0.9546947479248047,0.11922036111354828,0.11756353825330734,0.2767775058746338,0.9077680110931396,0.2695680856704712,-8.369683265686035,8.312267303466797,0.01593027450144291,0.06552035361528397,456301,7.927873753942549,7.420738256769255,16.20949074276723,0.9713011040190443,0.028698895980955652,126850,0.7255952030992183,0.2744047969007817,26201,0.11849904805421829,0.0008268046076409519,29.231985012302175,0.055068470537662506,0.9449315294623375,0.24409273266792297,0.3950822055339813,0.044780950993299484,0.5111933946609497,0.4888066053390503,0.542041540145874,0.5813190340995789,0.4340079426765442,0.5111933946609497,0.4888066053390503,0.5111933946609497,0.4888066053390503,0.5889944102900166,0.41100558970998335,0.9294150471687317,0.9721318759852822,0.027868124014717832,0.0008307719662378199,0.6677182162860764,0.3322817837139236,0.0,0.02486536112526172,0.02486536112526172,0.021983297541737556,0.011959211900830269,0.9751346388747383,0.02486536112526172,0.04948926344513893,0.0019701907876878977,397596
b2_cityscapes_val,2026-07-07 05:27:45,cityscapes,val,all,student_skd,/scratch/gautschi/manors/hf_cache/hub/models--nvidia--mit-b2/snapshots/3bb39e8739149c3777d0325349b2a6c32c6413db,runs/mit-b2_skd_j9196921/student_skd.ckpt,skd,img_000259,/home/manors/Guardrail-Distillation/data/cityscapes/leftImg8bit/val/frankfurt/frankfurt_000001_080091_leftImg8bit.png,,0.649867597704472,0.350132402295528,0.9564661979675293,0.9740990996360779,0.08626396209001541,0.06831399351358414,0.1921176314353943,0.9372851252555847,0.19611716270446777,-8.178793907165527,8.1471529006958,0.00518550630658865,0.034193005412817,465914,7.927873753942549,7.420738256769255,16.20949074276723,0.8554121652375727,0.14458783476242731,126850,0.6005429646665355,0.39945703533346455,112856,0.06908341497182846,0.0004616722872015089,29.231985012302175,0.023661063984036446,0.9763389360159636,0.046550311148166656,0.17171742022037506,0.014494657516479492,0.5036236047744751,0.4963763952255249,0.5108775496482849,0.5264672636985779,0.4370880722999573,0.5036236047744751,0.4963763952255249,0.5036236047744751,0.4963763952255249,0.6070307977317884,0.39296920226821164,0.9652467966079712,0.857476922962325,0.14252307703767497,0.002064757724752342,0.5680330104959229,0.4319669895040771,0.0,0.0,0.0,0.0149941835552454,0.006213592831045389,1.0,0.0,0.02496812678873539,0.001787883578799665,430440
b2_cityscapes_val,2026-07-07 05:27:45,cityscapes,val,all,student_skd,/scratch/gautschi/manors/hf_cache/hub/models--nvidia--mit-b2/snapshots/3bb39e8739149c3777d0325349b2a6c32c6413db,runs/mit-b2_skd_j9196921/student_skd.ckpt,skd,img_000260,/home/manors/Guardrail-Distillation/data/cityscapes/leftImg8bit/val/frankfurt/frankfurt_000001_080391_leftImg8bit.png,,0.5169142838280555,0.4830857161719445,0.9291483759880066,0.961321234703064,0.11003439128398895,0.10219690948724747,0.2596205174922943,0.917556881904602,0.24717211723327637,-8.495975494384766,8.447224617004395,0.012590194121003151,0.05544591695070267,452495,7.9350307350978255,7.412613485939801,16.21340826386586,0.3016610997591827,0.6983389002408174,126462,0.8982713232375013,0.10172867676249875,39527,0.1031116172671318,0.0005882804398424923,29.22668948303908,0.04836595803499222,0.9516340419650078,0.20131395757198334,0.3669895827770233,0.041017089039087296,0.510252833366394,0.48974716663360596,0.5362390279769897,0.5714221000671387,0.44578251242637634,0.510252833366394,0.48974716663360596,0.510252833366394,0.48974716663360596,0.5470466367384103,0.45295336326158975,0.9362490177154541,0.41962746229619197,0.580372537703808,0.11796636253700932,0.8854203328258742,0.11457966717412582,0.0,0.030132352910354765,0.030132352910354765,0.023142796009778976,0.016042165458202362,0.9698676470896452,0.030132352910354765,0.04603586718440056,0.0036950684152543545,402138
b2_cityscapes_val,2026-07-07 05:27:45,cityscapes,val,all,student_skd,/scratch/gautschi/manors/hf_cache/hub/models--nvidia--mit-b2/snapshots/3bb39e8739149c3777d0325349b2a6c32c6413db,runs/mit-b2_skd_j9196921/student_skd.ckpt,skd,img_000261,/home/manors/Guardrail-Distillation/data/cityscapes/leftImg8bit/val/frankfurt/frankfurt_000001_080830_leftImg8bit.png,,0.5095549217106113,0.49044507828938866,0.9340173602104187,0.9639167785644531,0.10298801213502884,0.09382949024438858,0.23528583347797394,0.9215558171272278,0.2322314828634262,-8.143964767456055,8.099225997924805,0.009332873858511448,0.04817821457982063,464380,7.9350307350978255,7.412613485939801,16.21340826386586,0.647043391746558,0.352956608253442,126850,0.24792026258453354,0.7520797374154664,36299,0.09474623203277588,0.000606314220931381,29.22668948303908,0.041985347867012024,0.958014652132988,0.1635887175798416,0.3036995828151703,0.03206723928451538,0.5080161094665527,0.49198389053344727,0.5287743806838989,0.5544859170913696,0.41276970505714417,0.5080161094665527,0.49198389053344727,0.5080161094665527,0.49198389053344727,0.544957960584302,0.455042039415698,0.9378719925880432,0.6399087491530794,0.3600912508469206,0.0,0.24644359140816846,0.7535564085918316,0.0,0.03540303887369067,0.03540303887369067,0.014811146073043346,0.010956543497741222,0.9645969611263093,0.03540303887369067,0.03063439391553402,0.0009151987615041435,414748
b2_cityscapes_val,2026-07-07 05:27:45,cityscapes,val,all,student_skd,/scratch/gautschi/manors/hf_cache/hub/models--nvidia--mit-b2/snapshots/3bb39e8739149c3777d0325349b2a6c32c6413db,runs/mit-b2_skd_j9196921/student_skd.ckpt,skd,img_000262,/home/manors/Guardrail-Distillation/data/cityscapes/leftImg8bit/val/frankfurt/frankfurt_000001_082087_leftImg8bit.png,,0.46617064897893207,0.5338293510210679,0.8607197403907776,0.9293311238288879,0.13571210205554962,0.17300550639629364,0.28433433175086975,0.8598469495773315,0.38909170031547546,-6.649182319641113,6.561908721923828,0.015237804502248764,0.10021618753671646,457940,7.9350307350978255,7.412613485939801,16.21340826386586,0.6629948973324861,0.33700510266751393,126850,0.29570555117003955,0.7042944488299605,23695,0.17509500682353973,0.0018329304875805974,29.22668948303908,0.10176729410886765,0.8982327058911324,0.34692469239234924,0.4325034022331238,0.10838454961776733,0.527069628238678,0.472930371761322,0.5913837552070618,0.6240208745002747,0.46882379055023193,0.527069628238678,0.472930371761322,0.527069628238678,0.472930371761322,0.531717886254007,0.46828211374599304,0.9130585193634033,0.741433890743387,0.25856610925661305,0.07843899341090088,0.3636056658763137,0.6363943341236863,0.06790011470627422,0.06554723727507483,0.06554723727507483,0.0697842538356781,0.0174455177038908,0.9344527627249252,0.06554723727507483,0.09897803515195847,0.016087260097265244,360845
b2_cityscapes_val,2026-07-07 05:27:45,cityscapes,val,all,student_skd,/scratch/gautschi/manors/hf_cache/hub/models--nvidia--mit-b2/snapshots/3bb39e8739149c3777d0325349b2a6c32c6413db,runs/mit-b2_skd_j9196921/student_skd.ckpt,skd,img_000263,/home/manors/Guardrail-Distillation/data/cityscapes/leftImg8bit/val/frankfurt/frankfurt_000001_082466_leftImg8bit.png,,0.5444150276461707,0.45558497235382933,0.9070254564285278,0.9714667797088623,0.09359198063611984,0.07522090524435043,0.21946361660957336,0.9365575909614563,0.19390355050563812,-8.369243621826172,8.333662986755371,0.007929661311209202,0.038622140884399414,464837,7.9350307350978255,7.412613485939801,16.21340826386586,0.9332437863725901,0.06675621362740991,126850,0.30196386130595804,0.6980361386940419,69777,0.07593157887458801,0.0005444381386041641,29.22668948303908,0.03125114366412163,0.9687488563358784,0.0800531730055809,0.2517741024494171,0.023415982723236084,0.5058537125587463,0.49414628744125366,0.5178722143173218,0.5437968969345093,0.4236615002155304,0.5058537125587463,0.49414628744125366,0.5058537125587463,0.49414628744125366,0.5823675705838797,0.41763242941612033,0.9159318208694458,0.9575021138580123,0.042497886141987684,0.024258327485422226,0.3951686348706645,0.6048313651293356,0.09320477356470636,0.037952542937709,0.037952542937709,0.016280975192785263,0.007374627981334925,0.962047457062291,0.037952542937709,0.026019873097538948,0.0010412251576781273,426217
b2_cityscapes_val,2026-07-07 05:27:46,cityscapes,val,all,student_skd,/scratch/gautschi/manors/hf_cache/hub/models--nvidia--mit-b2/snapshots/3bb39e8739149c3777d0325349b2a6c32c6413db,runs/mit-b2_skd_j9196921/student_skd.ckpt,skd,img_000264,/home/manors/Guardrail-Distillation/data/cityscapes/leftImg8bit/val/frankfurt/frankfurt_000001_083029_leftImg8bit.png,,0.513695705303501,0.48630429469649905,0.9303924441337585,0.9526143670082092,0.12183086574077606,0.1248619332909584,0.28739553689956665,0.9029311537742615,0.2862161099910736,-8.159873008728027,8.099784851074219,0.018076404929161072,0.06842664629220963,458111,7.938481750898063,7.404028263408691,16.209172492381185,1.0,0.0,126850,0.4214326451982259,0.5785673548017741,4437,0.12609395384788513,0.0007510490249842405,29.292055260157213,0.0500602200627327,0.9499397799372673,0.20890823006629944,0.36900222301483154,0.0348418690264225,0.5087096095085144,0.4912903904914856,0.536644458770752,0.568755030632019,0.45532774925231934,0.5087096095085144,0.4912903904914856,0.5087096095085144,0.4912903904914856,0.603418211983256,0.39658178801674404,0.9451355934143066,1.0,0.0,0.0,0.7089551089393755,0.2910448910606245,0.28752246374114965,0.08972250667975501,0.08972250667975501,0.025050697848200798,0.010307545773684978,0.910277493320245,0.08972250667975501,0.04390857368707657,0.0008753337315283716,396145
b2_cityscapes_val,2026-07-07 05:27:46,cityscapes,val,all,student_skd,/scratch/gautschi/manors/hf_cache/hub/models--nvidia--mit-b2/snapshots/3bb39e8739149c3777d0325349b2a6c32c6413db,runs/mit-b2_skd_j9196921/student_skd.ckpt,skd,img_000265,/home/manors/Guardrail-Distillation/data/cityscapes/leftImg8bit/val/frankfurt/frankfurt_000001_083199_leftImg8bit.png,,0.48448391475821084,0.5155160852417892,0.9476628303527832,0.95948326587677,0.11018279939889908,0.10646580904722214,0.2559165954589844,0.9130856394767761,0.2596016824245453,-8.402941703796387,8.352337837219238,0.011725900694727898,0.05586816743016243,459922,7.938481750898063,7.404028263408691,16.209172492381185,1.0,0.0,126850,0.26577666484939844,0.7342233351506016,16235,0.10748802870512009,0.0006640572682954371,29.292055260157213,0.04350048676133156,0.9564995132386684,0.16453488171100616,0.32671916484832764,0.02761068008840084,0.5069022178649902,0.49309778213500977,0.5282076001167297,0.5536760091781616,0.4415687918663025,0.5069022178649902,0.49309778213500977,0.5069022178649902,0.49309778213500977,0.5066677860534837,0.4933322139465163,0.9573753476142883,1.0,0.0,0.0,0.4176391755008957,0.5823608244991043,0.15186251065149725,0.022183871295272883,0.022183871295272883,0.0191836878657341,0.009471170604228973,0.9778161287047271,0.022183871295272883,0.03286644071340561,0.0010175638599321246,405534
b2_cityscapes_val,2026-07-07 05:27:46,cityscapes,val,all,student_skd,/scratch/gautschi/manors/hf_cache/hub/models--nvidia--mit-b2/snapshots/3bb39e8739149c3777d0325349b2a6c32c6413db,runs/mit-b2_skd_j9196921/student_skd.ckpt,skd,img_000266,/home/manors/Guardrail-Distillation/data/cityscapes/leftImg8bit/val/frankfurt/frankfurt_000001_083852_leftImg8bit.png,,0.6271130539279473,0.37288694607205275,0.9566038250923157,0.9740861058235168,0.08411982655525208,0.06989941745996475,0.19224216043949127,0.9366082549095154,0.19660604000091553,-8.757411003112793,8.726078987121582,0.0041410732083022594,0.03188285976648331,440707,7.938481750898063,7.404028263408691,16.209172492381185,0.40528595648867805,0.594714043511322,117183,0.3966037835973361,0.6033962164026638,50487,0.07067713141441345,0.0004208713071420789,29.292055260157213,0.03303975611925125,0.9669602438807487,0.10047842562198639,0.2631254196166992,0.02344999834895134,0.5058622360229492,0.4941377639770508,0.5172963738441467,0.5460671782493591,0.45101818442344666,0.5058622360229492,0.4941377639770508,0.5058622360229492,0.4941377639770508,0.558062406082084,0.441937593917916,0.9590408205986023,0.5478234532967,0.4521765467033,0.14253749680802197,0.429120718712263,0.570879281287737,0.032516935114926815,0.0,0.0,0.009189778938889503,0.006752785760909319,1.0,0.0,0.018134497106075287,0.0005536558455787599,405782
b2_cityscapes_val,2026-07-07 05:27:46,cityscapes,val,all,student_skd,/scratch/gautschi/manors/hf_cache/hub/models--nvidia--mit-b2/snapshots/3bb39e8739149c3777d0325349b2a6c32c6413db,runs/mit-b2_skd_j9196921/student_skd.ckpt,skd,img_000267,/home/manors/Guardrail-Distillation/data/cityscapes/leftImg8bit/val/lindau/lindau_000000_000019_leftImg8bit.png,,0.5720433111886529,0.4279566888113471,0.9250670671463013,0.9631884694099426,0.10517717152833939,0.09231964498758316,0.2303188443183899,0.9245456457138062,0.2146066427230835,-8.31083869934082,8.265056610107422,0.010862991213798523,0.05084683746099472,492774,7.938481750898063,7.404028263408691,16.209172492381185,0.5675052833821914,0.4324947166178086,150859,0.48625682626724975,0.5137431737327502,44411,0.09297090023756027,0.0005235864082351327,29.292055260157213,0.042984478175640106,0.9570155218243599,0.1739087849855423,0.3275231122970581,0.041066791862249374,0.5102652907371521,0.4897347092628479,0.5327580571174622,0.5735341906547546,0.4480993151664734,0.5102652907371521,0.4897347092628479,0.5102652907371521,0.4897347092628479,0.5505639916124265,0.44943600838757347,0.905999481678009,0.5684788049499908,0.4315211950500092,0.0009735215677993958,0.48517535502018966,0.5148246449798104,0.0,0.0,0.0,0.01297755166888237,0.032045114785432816,1.0,0.0,0.05230186507105827,0.0019806239288300276,439363
b2_cityscapes_val,2026-07-07 05:27:46,cityscapes,val,all,student_skd,/scratch/gautschi/manors/hf_cache/hub/models--nvidia--mit-b2/snapshots/3bb39e8739149c3777d0325349b2a6c32c6413db,runs/mit-b2_skd_j9196921/student_skd.ckpt,skd,img_000268,/home/manors/Guardrail-Distillation/data/cityscapes/leftImg8bit/val/lindau/lindau_000001_000019_leftImg8bit.png,,0.7163607832247836,0.2836392167752164,0.9750856161117554,0.9860368371009827,0.062493231147527695,0.03489508107304573,0.13051991164684296,0.9665303826332092,0.10641931742429733,-8.00989818572998,7.9931206703186035,0.0014356633182615042,0.017689712345600128,495938,7.991919992491603,7.426893978845328,16.314569249516353,0.6978958239009213,0.3021041760990787,150859,0.9446641561140168,0.05533584388598323,139173,0.035206787288188934,0.00028837809804826975,29.358132247580215,0.021840635687112808,0.9781593643128872,0.03773491829633713,0.13656939566135406,0.01350005529820919,0.5033749938011169,0.49662500619888306,0.5117577910423279,0.5297538042068481,0.46421825885772705,0.5033749938011169,0.49662500619888306,0.5033749938011169,0.49662500619888306,0.6809116800174423,0.3190883199825577,0.9717424511909485,0.5629534518660443,0.4370465481339557,0.0,0.9782385888630293,0.02176141113697072,0.033574432749012506,0.0,0.0,0.0075452979654073715,0.010888458229601383,1.0,0.0,0.019790781661868095,0.0019135456532239914,474904
b2_cityscapes_val,2026-07-07 05:27:46,cityscapes,val,all,student_skd,/scratch/gautschi/manors/hf_cache/hub/models--nvidia--mit-b2/snapshots/3bb39e8739149c3777d0325349b2a6c32c6413db,runs/mit-b2_skd_j9196921/student_skd.ckpt,skd,img_000269,/home/manors/Guardrail-Distillation/data/cityscapes/leftImg8bit/val/lindau/lindau_000002_000019_leftImg8bit.png,,0.7362093829996593,0.2637906170003407,0.9604784250259399,0.9768699407577515,0.08570638298988342,0.059166181832551956,0.1907109171152115,0.9495100378990173,0.15152020752429962,-8.408735275268555,8.379817008972168,0.007461856119334698,0.03156021237373352,494515,7.991919992491603,7.426893978845328,16.314569249516353,0.9709808880894597,0.029019111910540296,150859,0.8583726581107483,0.14162734188925175,35638,0.059813614934682846,0.0004199123941361904,29.358132247580215,0.03180054947733879,0.9681994505226612,0.08272949606180191,0.24797365069389343,0.027110831812024117,0.506777286529541,0.493222713470459,0.5196207165718079,0.548994243144989,0.4525393545627594,0.506777286529541,0.493222713470459,0.506777286529541,0.493222713470459,0.8068401448870872,0.19315985511291278,0.9733132123947144,0.9819659249452193,0.018034075054780718,0.010985036855759578,0.8887059892231695,0.11129401077683054,0.030333331112421202,0.0706307618874279,0.0706307618874279,0.019558556377887726,0.006723759230226278,0.9293692381125721,0.0706307618874279,0.028882842510938644,0.003878547577187419,461501
b2_cityscapes_val,2026-07-07 05:27:46,cityscapes,val,all,student_skd,/scratch/gautschi/manors/hf_cache/hub/models--nvidia--mit-b2/snapshots/3bb39e8739149c3777d0325349b2a6c32c6413db,runs/mit-b2_skd_j9196921/student_skd.ckpt,skd,img_000270,/home/manors/Guardrail-Distillation/data/cityscapes/leftImg8bit/val/lindau/lindau_000003_000019_leftImg8bit.png,,0.6540954713785755,0.3459045286214245,0.9630346298217773,0.9802913665771484,0.07491963356733322,0.05208107456564903,0.16790026426315308,0.9515646696090698,0.15292422473430634,-8.318967819213867,8.295042037963867,0.0034107391256839037,0.025006374344229698,466761,7.991919992491603,7.426893978845328,16.314569249516353,0.981299992122,0.01870000787799997,150859,0.7349681706801139,0.2650318293198861,21406,0.052652131766080856,0.000349633046425879,29.358132247580215,0.02427772805094719,0.9757222719490528,0.04318763688206673,0.16858889162540436,0.01631055772304535,0.5040775537490845,0.4959224462509155,0.5106493234634399,0.5310254693031311,0.4451825022697449,0.5040775537490845,0.4959224462509155,0.5040775537490845,0.4959224462509155,0.6428995957157525,0.3571004042842475,0.9684678316116333,0.9805777957067753,0.01942220429322472,0.0,0.711246902538086,0.288753097461914,0.0,0.0,0.0,0.012318938970565796,0.006885751150548458,1.0,0.0,0.021934138610959053,0.0025387725327163935,439321
b2_cityscapes_val,2026-07-07 05:27:46,cityscapes,val,all,student_skd,/scratch/gautschi/manors/hf_cache/hub/models--nvidia--mit-b2/snapshots/3bb39e8739149c3777d0325349b2a6c32c6413db,runs/mit-b2_skd_j9196921/student_skd.ckpt,skd,img_000271,/home/manors/Guardrail-Distillation/data/cityscapes/leftImg8bit/val/lindau/lindau_000004_000019_leftImg8bit.png,,0.5989053294363563,0.4010946705636437,0.9572175741195679,0.9753963947296143,0.08231474459171295,0.0642322525382042,0.1817864626646042,0.941807746887207,0.17705872654914856,-8.445411682128906,8.415672302246094,0.0035019335336983204,0.030876604840159416,490015,7.991919992491603,7.426893978845328,16.314569249516353,0.9507087751732125,0.049291224826787494,150859,0.876489138051857,0.12351086194814298,22832,0.0649980679154396,0.00041999388486146927,29.358132247580215,0.03264789655804634,0.9673521034419537,0.09293671697378159,0.2659088671207428,0.022289996966719627,0.5055722594261169,0.49442774057388306,0.5170474052429199,0.5433270931243896,0.44027602672576904,0.5055722594261169,0.49442774057388306,0.5055722594261169,0.49442774057388306,0.6239985813765063,0.3760014186234937,0.9698110818862915,0.9494507263505862,0.05054927364941375,0.0,0.8831026629292221,0.11689733707077787,0.006613524877365107,0.025093251940149996,0.025093251940149996,0.018395354971289635,0.00580186303704977,0.97490674805985,0.025093251940149996,0.025876758620142937,0.004352927673608065,453228
b2_cityscapes_val,2026-07-07 05:27:46,cityscapes,val,all,student_skd,/scratch/gautschi/manors/hf_cache/hub/models--nvidia--mit-b2/snapshots/3bb39e8739149c3777d0325349b2a6c32c6413db,runs/mit-b2_skd_j9196921/student_skd.ckpt,skd,img_000272,/home/manors/Guardrail-Distillation/data/cityscapes/leftImg8bit/val/lindau/lindau_000005_000019_leftImg8bit.png,,0.590889370650516,0.40911062934948395,0.965142011642456,0.9766972064971924,0.0824115201830864,0.060956742614507675,0.18483582139015198,0.9459666609764099,0.16477122902870178,-8.235559463500977,8.207039833068848,0.004755806177854538,0.03020535036921501,484881,7.986917247762904,7.421645743306726,16.273950488539413,0.9337181283590867,0.06628187164091326,150859,0.5900759166590447,0.4099240833409553,32792,0.0615936703979969,0.00038162688724696636,29.36451626010239,0.02546779066324234,0.9745322093367577,0.05561966076493263,0.19164025783538818,0.019233042374253273,0.5048081278800964,0.49519187211990356,0.517291784286499,0.5357002019882202,0.4553820788860321,0.5048081278800964,0.49519187211990356,0.5048081278800964,0.49519187211990356,0.6651684029126095,0.3348315970873905,0.9722096920013428,0.9482585845679539,0.051741415432046134,0.014540456208867125,0.8245006948792253,0.17549930512077472,0.2344247782201806,0.07427903226209343,0.07427903226209343,0.013001129031181335,0.005933414679020643,0.9257209677379066,0.07427903226209343,0.019949225708842278,0.0012931008823215961,451277
b2_cityscapes_val,2026-07-07 05:27:46,cityscapes,val,all,student_skd,/scratch/gautschi/manors/hf_cache/hub/models--nvidia--mit-b2/snapshots/3bb39e8739149c3777d0325349b2a6c32c6413db,runs/mit-b2_skd_j9196921/student_skd.ckpt,skd,img_000273,/home/manors/Guardrail-Distillation/data/cityscapes/leftImg8bit/val/lindau/lindau_000006_000019_leftImg8bit.png,,0.5832697991538603,0.41673020084613965,0.954156219959259,0.9674809575080872,0.09772220999002457,0.08451531082391739,0.2209022492170334,0.928372323513031,0.21366599202156067,-8.065926551818848,8.025838851928711,0.00740875443443656,0.04458896070718765,483752,7.986917247762904,7.421645743306726,16.273950488539413,0.9903670565885443,0.009632943411455708,150859,0.4904187817258883,0.5095812182741117,16040,0.08544168621301651,0.0005583348101936281,29.36451626010239,0.03639749437570572,0.9636025056242943,0.1285407692193985,0.28951627016067505,0.026074113324284554,0.5065181255340576,0.4934818744659424,0.5220481753349304,0.5504575967788696,0.4520403742790222,0.5065181255340576,0.4934818744659424,0.5065181255340576,0.4934818744659424,0.5811112695837226,0.4188887304162774,0.9559153914451599,0.9786196015581323,0.021380398441867676,0.0,0.4858559532134003,0.5141440467865996,0.0,0.0,0.0,0.012535348534584045,0.010776182636618614,1.0,0.0,0.02594924531877041,0.0009736393112689257,437186
b2_cityscapes_val,2026-07-07 05:27:46,cityscapes,val,all,student_skd,/scratch/gautschi/manors/hf_cache/hub/models--nvidia--mit-b2/snapshots/3bb39e8739149c3777d0325349b2a6c32c6413db,runs/mit-b2_skd_j9196921/student_skd.ckpt,skd,img_000274,/home/manors/Guardrail-Distillation/data/cityscapes/leftImg8bit/val/lindau/lindau_000007_000019_leftImg8bit.png,,0.577714214805429,0.42228578519457105,0.9549942016601562,0.9712936878204346,0.09364649653434753,0.07600849121809006,0.21858850121498108,0.935897946357727,0.19640713930130005,-8.077282905578613,8.041587829589844,0.008029059506952763,0.03903734311461449,482871,7.986917247762904,7.421645743306726,16.273950488539413,0.9878976104587844,0.012102389541215564,150859,0.4890846034178997,0.5109153965821003,17966,0.07684647291898727,0.0005898182862438262,29.36451626010239,0.03674757108092308,0.9632524289190769,0.11436663568019867,0.31322720646858215,0.02618398703634739,0.5065456032752991,0.4934543967247009,0.521645188331604,0.5550097823143005,0.4751405715942383,0.5065456032752991,0.4934543967247009,0.5065456032752991,0.4934543967247009,0.5254506953321323,0.4745493046678677,0.9549921154975891,0.9808543110890366,0.019145688910963354,0.0,0.3682005070507458,0.6317994929492542,0.0,0.0,0.0,0.010249114595353603,0.010251184925436974,1.0,0.0,0.026044223457574844,0.00030857103411108255,442198
b2_cityscapes_val,2026-07-07 05:27:46,cityscapes,val,all,student_skd,/scratch/gautschi/manors/hf_cache/hub/models--nvidia--mit-b2/snapshots/3bb39e8739149c3777d0325349b2a6c32c6413db,runs/mit-b2_skd_j9196921/student_skd.ckpt,skd,img_000275,/home/manors/Guardrail-Distillation/data/cityscapes/leftImg8bit/val/lindau/lindau_000008_000019_leftImg8bit.png,,0.6891184751791777,0.3108815248208223,0.9770416021347046,0.9794687628746033,0.07646491378545761,0.051607370376586914,0.16488640010356903,0.9532085061073303,0.14230073988437653,-8.448409080505371,8.423514366149902,0.002504094736650586,0.027010248973965645,476819,7.986917247762904,7.421645743306726,16.273950488539413,1.0,0.0,150859,0.9916232737151913,0.008376726284808678,26502,0.05198648199439049,0.00027565835625864565,29.36451626010239,0.022452980279922485,0.9775470197200775,0.03775671869516373,0.18489542603492737,0.01460812333971262,0.5036519765853882,0.4963480234146118,0.5093206167221069,0.5305331945419312,0.42026227712631226,0.5036519765853882,0.4963480234146118,0.5036519765853882,0.4963480234146118,0.7600819049414191,0.23991809505858086,0.9776937961578369,1.0,0.0,0.0,0.9924533997434156,0.007546600256584379,0.0008301260282242984,0.07096342976224146,0.07096342976224146,0.007019435055553913,0.00636719586327672,0.9290365702377585,0.07096342976224146,0.014011605642735958,9.647266415413469e-05,447023
b2_cityscapes_val,2026-07-07 05:27:46,cityscapes,val,all,student_skd,/scratch/gautschi/manors/hf_cache/hub/models--nvidia--mit-b2/snapshots/3bb39e8739149c3777d0325349b2a6c32c6413db,runs/mit-b2_skd_j9196921/student_skd.ckpt,skd,img_000276,/home/manors/Guardrail-Distillation/data/cityscapes/leftImg8bit/val/lindau/lindau_000009_000019_leftImg8bit.png,,0.5736830899169305,0.4263169100830695,0.9337878823280334,0.9536925554275513,0.11369779706001282,0.12128634005784988,0.25440362095832825,0.8975961804389954,0.30150333046913147,-8.051435470581055,7.994339942932129,0.01165494229644537,0.062190212309360504,469672,7.992529484909028,7.418008492095396,16.28211949719116,0.5023284878723803,0.49767151212761973,150859,0.7604000084363749,0.2395999915636251,19876,0.12223489582538605,0.000608669884968549,29.257611749926582,0.0536038763821125,0.9463961236178875,0.22201180458068848,0.36122071743011475,0.044775739312171936,0.5111920833587646,0.48880791664123535,0.5432257056236267,0.5687505006790161,0.44525906443595886,0.5111920833587646,0.48880791664123535,0.5111920833587646,0.48880791664123535,0.5319574668291552,0.46804253317084477,0.9289014935493469,0.3847125823267293,0.6152874176732708,0.0,0.5463058789448276,0.4536941210551724,0.0,0.0,0.0,0.0139118367806077,0.0187982264906168,1.0,0.0,0.03916563093662262,0.0002022688277065754,405452
b2_cityscapes_val,2026-07-07 05:27:46,cityscapes,val,all,student_skd,/scratch/gautschi/manors/hf_cache/hub/models--nvidia--mit-b2/snapshots/3bb39e8739149c3777d0325349b2a6c32c6413db,runs/mit-b2_skd_j9196921/student_skd.ckpt,skd,img_000277,/home/manors/Guardrail-Distillation/data/cityscapes/leftImg8bit/val/lindau/lindau_000010_000019_leftImg8bit.png,,0.6769948888644749,0.3230051111355251,0.9681627750396729,0.9752786159515381,0.08577398210763931,0.06461368501186371,0.19248148798942566,0.9429523348808289,0.17381712794303894,-8.322956085205078,8.292518615722656,0.005901567172259092,0.03272213786840439,461064,7.992529484909028,7.418008492095396,16.28211949719116,0.9892945109018212,0.010705489098178811,149451,0.4847023919896162,0.5152976080103838,16180,0.06521710753440857,0.00037190885632298887,29.257611749926582,0.03199297562241554,0.9680070243775845,0.09133227169513702,0.2569606602191925,0.024485988542437553,0.5061212182044983,0.4938787817955017,0.5202701687812805,0.5490720272064209,0.41979101300239563,0.5061212182044983,0.4938787817955017,0.5061212182044983,0.4938787817955017,0.709580840278656,0.290419159721344,0.9729322195053101,0.9788143859589192,0.02118561404108077,0.0,0.4754883778437191,0.5245116221562809,0.0,0.03258595141418108,0.03258595141418108,0.011950618587434292,0.007181215565651655,0.9674140485858189,0.03258595141418108,0.02229408547282219,0.0008914163918234408,427727
b2_cityscapes_val,2026-07-07 05:27:46,cityscapes,val,all,student_skd,/scratch/gautschi/manors/hf_cache/hub/models--nvidia--mit-b2/snapshots/3bb39e8739149c3777d0325349b2a6c32c6413db,runs/mit-b2_skd_j9196921/student_skd.ckpt,skd,img_000278,/home/manors/Guardrail-Distillation/data/cityscapes/leftImg8bit/val/lindau/lindau_000011_000019_leftImg8bit.png,,0.6706266619679593,0.3293733380320407,0.8772658109664917,0.957908570766449,0.10874791443347931,0.10658058524131775,0.23575535416603088,0.9097408056259155,0.2595784664154053,-7.595019817352295,7.543299198150635,0.00838557444512844,0.058322638273239136,494182,7.992529484909028,7.418008492095396,16.28211949719116,0.3386296344873883,0.6613703655126117,149440,0.689781471149319,0.310218528850681,8395,0.10748642683029175,0.0006216976908035576,29.257611749926582,0.06643564999103546,0.9335643500089645,0.29317209124565125,0.39850926399230957,0.07565316557884216,0.5189042687416077,0.48109573125839233,0.5770086050033569,0.6142626404762268,0.439645379781723,0.5189042687416077,0.48109573125839233,0.5189042687416077,0.48109573125839233,0.7061541435563133,0.29384585644368666,0.9332411289215088,0.47327141903395264,0.5267285809660474,0.1346417845465644,0.7521609553848209,0.24783904461517914,0.06237948423550188,0.03552748158835406,0.03552748158835406,0.07173065841197968,0.01575532928109169,0.9644725184116459,0.03552748158835406,0.104271300137043,0.036516908556222916,433095
b2_cityscapes_val,2026-07-07 05:27:46,cityscapes,val,all,student_skd,/scratch/gautschi/manors/hf_cache/hub/models--nvidia--mit-b2/snapshots/3bb39e8739149c3777d0325349b2a6c32c6413db,runs/mit-b2_skd_j9196921/student_skd.ckpt,skd,img_000279,/home/manors/Guardrail-Distillation/data/cityscapes/leftImg8bit/val/lindau/lindau_000012_000019_leftImg8bit.png,,0.6603195542265695,0.3396804457734305,0.9237452745437622,0.9552204012870789,0.10997207462787628,0.10630485415458679,0.22269292175769806,0.9084106087684631,0.2551250457763672,-7.704639911651611,7.650125980377197,0.0038225818425416946,0.06407848745584488,492599,7.992529484909028,7.418008492095396,16.28211949719116,0.719214268063818,0.28078573193618195,150859,0.8515597655642725,0.1484402344357275,12035,0.10720121115446091,0.0005189978401176631,29.257611749926582,0.05881202593445778,0.9411879740655422,0.2639324963092804,0.3645692467689514,0.056064631789922714,0.5140125155448914,0.48598748445510864,0.5587800741195679,0.5926482677459717,0.4571947753429413,0.5140125155448914,0.48598748445510864,0.5140125155448914,0.48598748445510864,0.6941146454202011,0.30588535457979893,0.9577546715736389,0.9144377702192289,0.0855622297807711,0.19522350215541084,0.8201216400084507,0.17987835999154933,0.0,0.033795091193631555,0.033795091193631555,0.04234681650996208,0.008337410166859627,0.9662049088063684,0.033795091193631555,0.051597751677036285,0.005686166696250439,426207
b2_cityscapes_val,2026-07-07 05:27:47,cityscapes,val,all,student_skd,/scratch/gautschi/manors/hf_cache/hub/models--nvidia--mit-b2/snapshots/3bb39e8739149c3777d0325349b2a6c32c6413db,runs/mit-b2_skd_j9196921/student_skd.ckpt,skd,img_000280,/home/manors/Guardrail-Distillation/data/cityscapes/leftImg8bit/val/lindau/lindau_000013_000019_leftImg8bit.png,,0.5126584383358631,0.4873415616641369,0.9321927428245544,0.9616290926933289,0.10430239140987396,0.09046551585197449,0.2169700413942337,0.9264500141143799,0.1976822465658188,-8.364319801330566,8.3173189163208,0.0046324762515723705,0.05388333648443222,491098,7.934975496027619,7.406653225189075,16.198774246731773,0.6650387494342846,0.33496125056571535,150859,0.434112018470415,0.565887981529585,10517,0.09100154787302017,0.0005544119630940259,29.24285375047475,0.05006934702396393,0.9499306529760361,0.2215280383825302,0.34488797187805176,0.05533101037144661,0.513829231262207,0.48617076873779297,0.5563510060310364,0.6057490706443787,0.43667495250701904,0.513829231262207,0.48617076873779297,0.513829231262207,0.48617076873779297,0.6171867307706418,0.3828132692293582,0.9719526171684265,0.9638753331691877,0.03612466683081228,0.29883658373490307,0.4498029139503377,0.5501970860496623,0.01569089547992264,0.10452829243477868,0.10452829243477868,0.04764832928776741,0.007888445630669594,0.8954717075652213,0.10452829243477868,0.057259444147348404,0.004783159121870995,433106
b2_cityscapes_val,2026-07-07 05:27:47,cityscapes,val,all,student_skd,/scratch/gautschi/manors/hf_cache/hub/models--nvidia--mit-b2/snapshots/3bb39e8739149c3777d0325349b2a6c32c6413db,runs/mit-b2_skd_j9196921/student_skd.ckpt,skd,img_000281,/home/manors/Guardrail-Distillation/data/cityscapes/leftImg8bit/val/lindau/lindau_000014_000019_leftImg8bit.png,,0.7427310621374815,0.2572689378625185,0.9620357155799866,0.9612841606140137,0.09883240610361099,0.10197427868843079,0.21081767976284027,0.9029320478439331,0.30195513367652893,-7.279860019683838,7.233366966247559,0.004579286556690931,0.04788775369524956,495492,7.934975496027619,7.406653225189075,16.198774246731773,0.6421425683890333,0.3578574316109667,150859,0.8246691473779693,0.17533085262203074,34916,0.10308335721492767,0.0005634179105982184,29.24285375047475,0.07344705611467361,0.9265529438853264,0.25975537300109863,0.3783160150051117,0.13632626831531525,0.5340288877487183,0.46597111225128174,0.591478705406189,0.6850041151046753,0.456881582736969,0.5340288877487183,0.46597111225128174,0.5340288877487183,0.46597111225128174,0.7689204475992824,0.23107955240071765,0.9649136662483215,0.647289398350302,0.35271060164969803,0.005146829961268695,0.8929499438007409,0.10705005619925911,0.06828079642277163,0.02618938546180083,0.02618938546180083,0.018131474032998085,0.015253525227308273,0.9738106145381992,0.02618938546180083,0.03485020995140076,0.0009303883416578174,438100
b2_cityscapes_val,2026-07-07 05:27:47,cityscapes,val,all,student_skd,/scratch/gautschi/manors/hf_cache/hub/models--nvidia--mit-b2/snapshots/3bb39e8739149c3777d0325349b2a6c32c6413db,runs/mit-b2_skd_j9196921/student_skd.ckpt,skd,img_000282,/home/manors/Guardrail-Distillation/data/cityscapes/leftImg8bit/val/lindau/lindau_000015_000019_leftImg8bit.png,,0.721560498648506,0.278439501351494,0.9626702070236206,0.9807907938957214,0.07177753001451492,0.04912196472287178,0.15178245306015015,0.9540610313415527,0.1395934373140335,-8.16051959991455,8.137535095214844,0.0016108141280710697,0.023642923682928085,491056,7.934975496027619,7.406653225189075,16.198774246731773,0.6715387663391008,0.3284612336608992,150859,0.9948700575908629,0.0051299424091371115,20663,0.04963879659771919,0.00028649598243646324,29.24285375047475,0.025063594803214073,0.9749364051967859,0.05366198718547821,0.19902998208999634,0.017570337280631065,0.5043925046920776,0.49560749530792236,0.5118425488471985,0.5355429649353027,0.3926490545272827,0.5043925046920776,0.49560749530792236,0.5043925046920776,0.49560749530792236,0.8347993636824278,0.1652006363175722,0.9784586429595947,0.7861081670628176,0.2138918329371824,0.1145694007237168,0.9901756763296714,0.009824323670328594,0.0,0.11323886503392178,0.11323886503392178,0.019069107249379158,0.003280684817582369,0.8867611349660782,0.11323886503392178,0.024514514952898026,0.0057834540493786335,462265
b2_cityscapes_val,2026-07-07 05:27:47,cityscapes,val,all,student_skd,/scratch/gautschi/manors/hf_cache/hub/models--nvidia--mit-b2/snapshots/3bb39e8739149c3777d0325349b2a6c32c6413db,runs/mit-b2_skd_j9196921/student_skd.ckpt,skd,img_000283,/home/manors/Guardrail-Distillation/data/cityscapes/leftImg8bit/val/lindau/lindau_000016_000019_leftImg8bit.png,,0.7183072442208676,0.28169275577913244,0.9567574262619019,0.9754234552383423,0.08249678462743759,0.06400991976261139,0.1829260140657425,0.941737949848175,0.18162521719932556,-7.751286506652832,7.72154426574707,0.0036308413837105036,0.03113231621682644,488592,7.934975496027619,7.406653225189075,16.198774246731773,0.564426639124731,0.435573360875269,150859,0.482604924589216,0.517395075410784,21403,0.06474487483501434,0.0003968871897086501,29.24285375047475,0.03291774541139603,0.967082254588604,0.09147701412439346,0.24936234951019287,0.025191396474838257,0.5062975287437439,0.4937024712562561,0.5180583596229553,0.5446458458900452,0.46812212467193604,0.5062975287437439,0.4937024712562561,0.5062975287437439,0.4937024712562561,0.6692048440349527,0.33079515596504727,0.961479127407074,0.5768501592206474,0.4231498407793526,0.012423520095916407,0.8838954185340995,0.11610458146590052,0.4012904939448835,0.0,0.0,0.013880702666938305,0.009158971719443798,1.0,0.0,0.026250943541526794,0.0012443921295925975,451633
b2_cityscapes_val,2026-07-07 05:27:47,cityscapes,val,all,student_skd,/scratch/gautschi/manors/hf_cache/hub/models--nvidia--mit-b2/snapshots/3bb39e8739149c3777d0325349b2a6c32c6413db,runs/mit-b2_skd_j9196921/student_skd.ckpt,skd,img_000284,/home/manors/Guardrail-Distillation/data/cityscapes/leftImg8bit/val/lindau/lindau_000017_000019_leftImg8bit.png,,0.4403308264671368,0.5596691735328632,0.9767721891403198,0.979139506816864,0.07485019415616989,0.054099634289741516,0.15983682870864868,0.9458739757537842,0.1766752451658249,-6.2582316398620605,6.2332305908203125,0.001966207753866911,0.02572455070912838,256331,7.927171012852341,7.408527773804963,16.205985739361495,0.49828473413379076,0.5017152658662092,1166,0.0,1.0,0,0.05456780269742012,0.000330028822645545,29.239862749818712,0.031135087832808495,0.9688649121671915,0.0710165873169899,0.22609402239322662,0.01955806277692318,0.5048893690109253,0.4951106309890747,0.515728771686554,0.5412764549255371,0.4418771266937256,0.5048893690109253,0.4951106309890747,0.5048893690109253,0.4951106309890747,0.48832556391466314,0.5116744360853369,0.970978856086731,0.4669811320754717,0.5330188679245282,0.0,0.0,1.0,0.0,0.04799473744752625,0.04799473744752625,0.009273165836930275,0.01506645604968071,0.9520052625524738,0.04799473744752625,0.024948209524154663,0.003167778952047229,239700
b2_cityscapes_val,2026-07-07 05:27:47,cityscapes,val,all,student_skd,/scratch/gautschi/manors/hf_cache/hub/models--nvidia--mit-b2/snapshots/3bb39e8739149c3777d0325349b2a6c32c6413db,runs/mit-b2_skd_j9196921/student_skd.ckpt,skd,img_000285,/home/manors/Guardrail-Distillation/data/cityscapes/leftImg8bit/val/lindau/lindau_000018_000019_leftImg8bit.png,,0.412509907714352,0.5874900922856481,0.9567969441413879,0.9795039296150208,0.07335682958364487,0.053534913808107376,0.15974998474121094,0.9460616707801819,0.17947806417942047,-6.345409393310547,6.32094669342041,0.001873302273452282,0.02473149262368679,256232,7.927171012852341,7.408527773804963,16.205985739361495,0.40947776585170825,0.5905222341482917,14898,0.0,1.0,0,0.05407070368528366,0.0002751169668044895,29.239862749818712,0.023160889744758606,0.9768391102552414,0.049488600343465805,0.14524544775485992,0.019426696002483368,0.504856526851654,0.49514347314834595,0.5146313309669495,0.5379502177238464,0.42081132531166077,0.504856526851654,0.49514347314834595,0.504856526851654,0.49514347314834595,0.34978960664803915,0.6502103933519608,0.9525859355926514,0.32242214060487695,0.677577859395123,0.0,0.0,1.0,0.0,0.0,0.0,0.005896999500691891,0.010108026675879955,1.0,0.0,0.016305536031723022,7.805426321283448e-06,240209
b2_cityscapes_val,2026-07-07 05:27:47,cityscapes,val,all,student_skd,/scratch/gautschi/manors/hf_cache/hub/models--nvidia--mit-b2/snapshots/3bb39e8739149c3777d0325349b2a6c32c6413db,runs/mit-b2_skd_j9196921/student_skd.ckpt,skd,img_000286,/home/manors/Guardrail-Distillation/data/cityscapes/leftImg8bit/val/lindau/lindau_000019_000019_leftImg8bit.png,,0.4002281569359464,0.5997718430640536,0.9834230542182922,0.9874591827392578,0.055865559726953506,0.03445884957909584,0.11728418618440628,0.9584206938743591,0.1538933664560318,-5.88933801651001,5.874599933624268,0.00022682250710204244,0.014531762339174747,264524,7.927171012852341,7.408527773804963,16.205985739361495,1.0,0.0,117,0.0,1.0,0,0.0348498597741127,0.00022364803589880466,29.239862749818712,0.030480219051241875,0.9695197809487581,0.07853822410106659,0.24233055114746094,0.026550408452749252,0.5066372156143188,0.49336278438568115,0.5184087157249451,0.5539908409118652,0.431489497423172,0.5066372156143188,0.49336278438568115,0.5066372156143188,0.49336278438568115,0.5850374238587881,0.4149625761412119,0.984829306602478,0.0,1.0,0.0,0.0,1.0,0.0,0.18480926692284172,0.18480926692284172,0.008158049546182156,0.0067517501302063465,0.8151907330771583,0.18480926692284172,0.014913580380380154,0.001255084527656436,254855
b2_cityscapes_val,2026-07-07 05:27:47,cityscapes,val,all,student_skd,/scratch/gautschi/manors/hf_cache/hub/models--nvidia--mit-b2/snapshots/3bb39e8739149c3777d0325349b2a6c32c6413db,runs/mit-b2_skd_j9196921/student_skd.ckpt,skd,img_000287,/home/manors/Guardrail-Distillation/data/cityscapes/leftImg8bit/val/lindau/lindau_000020_000019_leftImg8bit.png,,0.5085786441108207,0.49142135588917935,0.9313737750053406,0.9465361833572388,0.10902126133441925,0.1292894333600998,0.2129809558391571,0.8927651643753052,0.2713259756565094,-5.99458122253418,5.931230545043945,0.0011937825474888086,0.06357095390558243,492552,7.927171012852341,7.408527773804963,16.205985739361495,0.600329861542295,0.39967013845770505,148075,0.9570606463036742,0.042939353696325844,2259,0.12979388236999512,0.00031456418219022453,29.239862749818712,0.0671531930565834,0.9328468069434166,0.2723945081233978,0.368230402469635,0.05331866443157196,0.5133264660835266,0.4866735339164734,0.5607404708862305,0.5850515365600586,0.4479082226753235,0.5133264660835266,0.4866735339164734,0.5133264660835266,0.4866735339164734,0.5227272477403977,0.4772727522596023,0.9225015640258789,0.6168192254778201,0.3831807745221799,0.016489363935525136,0.8968570163789288,0.10314298362107122,0.0,0.014148603629577039,0.014148603629577039,0.02943851612508297,0.03831067681312561,0.985851396370423,0.014148603629577039,0.0688231885433197,0.005166967399418354,407678
b2_cityscapes_val,2026-07-07 05:27:47,cityscapes,val,all,student_skd,/scratch/gautschi/manors/hf_cache/hub/models--nvidia--mit-b2/snapshots/3bb39e8739149c3777d0325349b2a6c32c6413db,runs/mit-b2_skd_j9196921/student_skd.ckpt,skd,img_000288,/home/manors/Guardrail-Distillation/data/cityscapes/leftImg8bit/val/lindau/lindau_000021_000019_leftImg8bit.png,,0.4983062031645857,0.5016937968354143,0.9561650156974792,0.9635691046714783,0.0883495956659317,0.09437061101198196,0.17967990040779114,0.9130924940109253,0.24701187014579773,-5.887701511383057,5.845245838165283,0.00034596340265125036,0.036711014807224274,488491,7.935450004879385,7.41008625482209,16.19507573195733,0.6373930540138079,0.36260694598619214,149701,0.0,1.0,0,0.09478277713060379,0.00026526080910116434,29.244773992104456,0.047338858246803284,0.9526611417531967,0.1685139238834381,0.2939947843551636,0.03189656510949135,0.5079734921455383,0.49202650785446167,0.5346017479896545,0.5645893216133118,0.45031875371932983,0.5079734921455383,0.49202650785446167,0.5079734921455383,0.49202650785446167,0.6899365430831508,0.3100634569168492,0.9847018718719482,0.7068697279900531,0.2931302720099469,0.06947667397624524,0.0,1.0,0.0,0.19163033991856504,0.19163033991856504,0.03166281431913376,0.0031259532552212477,0.808369660081435,0.19163033991856504,0.034981198608875275,0.005261100362986326,431568
b2_cityscapes_val,2026-07-07 05:27:47,cityscapes,val,all,student_skd,/scratch/gautschi/manors/hf_cache/hub/models--nvidia--mit-b2/snapshots/3bb39e8739149c3777d0325349b2a6c32c6413db,runs/mit-b2_skd_j9196921/student_skd.ckpt,skd,img_000289,/home/manors/Guardrail-Distillation/data/cityscapes/leftImg8bit/val/lindau/lindau_000022_000019_leftImg8bit.png,,0.5518426149970072,0.44815738500299285,0.9643509387969971,0.9623032212257385,0.09464660286903381,0.09925126284360886,0.2066514492034912,0.911046028137207,0.2651400864124298,-6.324240207672119,6.279419898986816,0.004248913377523422,0.04100462421774864,478946,7.935450004879385,7.41008625482209,16.19507573195733,0.6873138711110987,0.31268612888890135,145304,0.4669746952835188,0.5330253047164812,5657,0.0999486893415451,0.00041062827222049236,29.244773992104456,0.05013009160757065,0.9498699083924294,0.19264701008796692,0.29712504148483276,0.03837352618575096,0.5095921754837036,0.4904078245162964,0.5427655577659607,0.564455509185791,0.4483104646205902,0.5095921754837036,0.4904078245162964,0.5095921754837036,0.4904078245162964,0.535589161652723,0.46441083834727703,0.9714853167533875,0.7099561104692793,0.2900438895307207,0.02264223935818066,0.2761879130105081,0.723812086989492,0.0,0.0,0.0,0.017525983974337578,0.010391568765044212,1.0,0.0,0.029681844636797905,0.0007265955209732056,421319
b2_cityscapes_val,2026-07-07 05:27:47,cityscapes,val,all,student_skd,/scratch/gautschi/manors/hf_cache/hub/models--nvidia--mit-b2/snapshots/3bb39e8739149c3777d0325349b2a6c32c6413db,runs/mit-b2_skd_j9196921/student_skd.ckpt,skd,img_000290,/home/manors/Guardrail-Distillation/data/cityscapes/leftImg8bit/val/lindau/lindau_000023_000019_leftImg8bit.png,,0.5387628250922384,0.4612371749077616,0.8983606696128845,0.953996479511261,0.11112592369318008,0.11947537213563919,0.2488609105348587,0.8975039124488831,0.3015415072441101,-7.002929210662842,6.9466094970703125,0.008411317132413387,0.05963093787431717,456290,7.935450004879385,7.41008625482209,16.19507573195733,0.8258142778711227,0.17418572212887729,150821,0.6741815395819553,0.32581846041804474,19237,0.12041173875331879,0.0006573083228431642,29.244773992104456,0.06036034971475601,0.939639650285244,0.2428172528743744,0.36388951539993286,0.0533231683075428,0.5133275985717773,0.48667240142822266,0.554729163646698,0.5888204574584961,0.4465227723121643,0.5133275985717773,0.48667240142822266,0.5133275985717773,0.48667240142822266,0.5925516415410463,0.40744835845895366,0.8904862999916077,0.8961357785053217,0.10386422149467833,0.07032150063419895,0.8533615565475026,0.14663844345249744,0.1791800169655473,0.05378881644880795,0.05378881644880795,0.015520831570029259,0.02339520864188671,0.946211183551192,0.05378881644880795,0.04326634481549263,0.0009774485370144248,392994
b2_cityscapes_val,2026-07-07 05:27:47,cityscapes,val,all,student_skd,/scratch/gautschi/manors/hf_cache/hub/models--nvidia--mit-b2/snapshots/3bb39e8739149c3777d0325349b2a6c32c6413db,runs/mit-b2_skd_j9196921/student_skd.ckpt,skd,img_000291,/home/manors/Guardrail-Distillation/data/cityscapes/leftImg8bit/val/lindau/lindau_000024_000019_leftImg8bit.png,,0.6306570376017964,0.36934296239820363,0.8453549742698669,0.9299700260162354,0.13004091382026672,0.16857869923114777,0.25815582275390625,0.8616684675216675,0.36642026901245117,-6.661134243011475,6.5759148597717285,0.00688024191185832,0.09736604243516922,461321,7.935450004879385,7.41008625482209,16.19507573195733,0.6184625416758343,0.38153745832416575,150859,0.7456015316322369,0.25439846836776314,40764,0.16965720057487488,0.0006157791940495372,29.244773992104456,0.08401257544755936,0.9159874245524406,0.30053648352622986,0.3651294410228729,0.08250641077756882,0.5206149220466614,0.4793850779533386,0.578529417514801,0.5962610840797424,0.46715593338012695,0.5206149220466614,0.4793850779533386,0.5206149220466614,0.4793850779533386,0.6514590583716293,0.3485409416283707,0.9280089735984802,0.512998614129884,0.487001385870116,0.0,0.7425971000260205,0.25740289997397947,0.0,0.020802020769832952,0.020802020769832952,0.0905681774020195,0.007914229296147823,0.979197979230167,0.020802020769832952,0.10527810454368591,0.03287515789270401,364892
b2_cityscapes_val,2026-07-07 05:27:48,cityscapes,val,all,student_skd,/scratch/gautschi/manors/hf_cache/hub/models--nvidia--mit-b2/snapshots/3bb39e8739149c3777d0325349b2a6c32c6413db,runs/mit-b2_skd_j9196921/student_skd.ckpt,skd,img_000292,/home/manors/Guardrail-Distillation/data/cityscapes/leftImg8bit/val/lindau/lindau_000025_000019_leftImg8bit.png,,0.5975843659305353,0.4024156340694647,0.9391437768936157,0.9487143754959106,0.11730502545833588,0.12240594625473022,0.2387980818748474,0.8967399597167969,0.28766870498657227,-6.322715759277344,6.259939193725586,0.007694200146943331,0.07272686064243317,491799,7.951581763336435,7.422176742693409,16.26208348898217,0.6039719875042759,0.39602801249572406,150797,0.950317740581111,0.04968225941888904,29780,0.12311544269323349,0.0003886951308231801,29.34211926185526,0.05717180296778679,0.9428281970322132,0.24290642142295837,0.3758791983127594,0.037409912794828415,0.509351372718811,0.49064862728118896,0.5448428988456726,0.5748370885848999,0.4240843951702118,0.509351372718811,0.49064862728118896,0.509351372718811,0.49064862728118896,0.6806512785337505,0.3193487214662495,0.951736330986023,0.6791227212230182,0.3208772787769818,0.07515073371874226,0.9748390863315686,0.02516091366843143,0.024521345750457613,0.08306691260321519,0.08306691260321519,0.01859702728688717,0.006004485301673412,0.9169330873967848,0.08306691260321519,0.028058210387825966,0.000858074112329632,416457
b2_cityscapes_val,2026-07-07 05:27:48,cityscapes,val,all,student_skd,/scratch/gautschi/manors/hf_cache/hub/models--nvidia--mit-b2/snapshots/3bb39e8739149c3777d0325349b2a6c32c6413db,runs/mit-b2_skd_j9196921/student_skd.ckpt,skd,img_000293,/home/manors/Guardrail-Distillation/data/cityscapes/leftImg8bit/val/lindau/lindau_000026_000019_leftImg8bit.png,,0.622531590589578,0.37746840941042203,0.9573172330856323,0.9741303324699402,0.08491549640893936,0.06569433957338333,0.184183269739151,0.9428009390830994,0.16364048421382904,-8.443363189697266,8.411942481994629,0.004178834147751331,0.03217853233218193,464005,7.951581763336435,7.422176742693409,16.26208348898217,0.9666255066450931,0.03337449335490694,136188,0.9832171201434708,0.016782879856529154,74719,0.06617424637079239,0.0003498298756312579,29.34211926185526,0.03282942250370979,0.9671705774962902,0.09713414311408997,0.26307883858680725,0.03243445232510567,0.5081079006195068,0.49189209938049316,0.5247852802276611,0.5521668791770935,0.4134775698184967,0.5081079006195068,0.49189209938049316,0.5081079006195068,0.49189209938049316,0.6841169374740788,0.31588306252592124,0.9696382284164429,0.976537412247923,0.02346258775207699,0.009911905602829951,0.9876069005206173,0.012393099479382719,0.004389780377146435,0.06158534688450079,0.06158534688450079,0.019081689417362213,0.006760702934116125,0.9384146531154992,0.06158534688450079,0.027540650218725204,0.001084040035493672,427668
b2_cityscapes_val,2026-07-07 05:27:48,cityscapes,val,all,student_skd,/scratch/gautschi/manors/hf_cache/hub/models--nvidia--mit-b2/snapshots/3bb39e8739149c3777d0325349b2a6c32c6413db,runs/mit-b2_skd_j9196921/student_skd.ckpt,skd,img_000294,/home/manors/Guardrail-Distillation/data/cityscapes/leftImg8bit/val/lindau/lindau_000027_000019_leftImg8bit.png,,0.6332965359951449,0.3667034640048551,0.9771876335144043,0.9815747737884521,0.07027843594551086,0.04776886850595474,0.14741842448711395,0.9532592296600342,0.1441851556301117,-7.855499267578125,7.833465576171875,0.001497460762038827,0.02308850921690464,470797,7.951581763336435,7.422176742693409,16.26208348898217,0.45326294339019374,0.5467370566098062,141700,0.9921034032836794,0.007896596716320592,73576,0.04821495711803436,0.0002329747803742066,29.34211926185526,0.02570430189371109,0.9742956981062889,0.05780934914946556,0.18926756083965302,0.018307652324438095,0.5045767426490784,0.49542325735092163,0.5160765647888184,0.5389729142189026,0.41247129440307617,0.5045767426490784,0.49542325735092163,0.5045767426490784,0.49542325735092163,0.6465692253185986,0.3534307746814014,0.9825955033302307,0.4842291790241337,0.5157708209758662,0.030966235633939965,0.9906219419375883,0.009378058062411654,0.0,0.013272689323453712,0.013272689323453712,0.010420627892017365,0.0050127762369811535,0.9867273106765463,0.013272689323453712,0.017215488478541374,0.0003292289620731026,444953
b2_cityscapes_val,2026-07-07 05:27:48,cityscapes,val,all,student_skd,/scratch/gautschi/manors/hf_cache/hub/models--nvidia--mit-b2/snapshots/3bb39e8739149c3777d0325349b2a6c32c6413db,runs/mit-b2_skd_j9196921/student_skd.ckpt,skd,img_000295,/home/manors/Guardrail-Distillation/data/cityscapes/leftImg8bit/val/lindau/lindau_000028_000019_leftImg8bit.png,,0.755697496054681,0.24430250394531905,0.9789248704910278,0.9802317023277283,0.07448365539312363,0.04956357553601265,0.15685155987739563,0.954576313495636,0.13586366176605225,-8.065401077270508,8.041516304016113,0.0024069068022072315,0.025560986250638962,493995,7.951581763336435,7.422176742693409,16.26208348898217,0.6936805056915458,0.3063194943084542,150859,0.9897237990531536,0.010276200946846448,44569,0.04990727826952934,0.00025360824656672776,29.34211926185526,0.023829013109207153,0.9761709868907928,0.056115053594112396,0.18021953105926514,0.015661338344216347,0.5039152503013611,0.4960847496986389,0.5124138593673706,0.5375370979309082,0.3869391977787018,0.5039152503013611,0.4960847496986389,0.5039152503013611,0.4960847496986389,0.5786962168480433,0.4213037831519567,0.970066487789154,0.5334342953912201,0.4665657046087799,0.0,0.48543830913863895,0.514561690861361,0.0,0.0,0.0,0.00727740116417408,0.016135789453983307,1.0,0.0,0.02516624517738819,7.28752274881117e-05,464594
b2_cityscapes_val,2026-07-07 05:27:48,cityscapes,val,all,student_skd,/scratch/gautschi/manors/hf_cache/hub/models--nvidia--mit-b2/snapshots/3bb39e8739149c3777d0325349b2a6c32c6413db,runs/mit-b2_skd_j9196921/student_skd.ckpt,skd,img_000296,/home/manors/Guardrail-Distillation/data/cityscapes/leftImg8bit/val/lindau/lindau_000029_000019_leftImg8bit.png,,0.40282834957307545,0.5971716504269245,0.8769518136978149,0.9543222784996033,0.10608433187007904,0.11745502054691315,0.227869912981987,0.8981322646141052,0.29194873571395874,-7.290491104125977,7.235624313354492,0.006508210673928261,0.053310852497816086,371838,7.9668687540106475,7.418121735099703,16.29773050080985,0.4423694048215884,0.5576305951784116,92197,0.974570761191514,0.02542923880848602,41527,0.11836020648479462,0.0005559995770454407,29.363351495703682,0.06929236650466919,0.9307076334953308,0.29719796776771545,0.3875889182090759,0.07471465319395065,0.5186699628829956,0.4813300371170044,0.5724188089370728,0.6075692772865295,0.45547276735305786,0.5186699628829956,0.4813300371170044,0.5186699628829956,0.4813300371170044,0.41617127600369425,0.5838287239963058,0.893407940864563,0.4604741874966183,0.5395258125033817,0.018104782675029907,0.9816264117321261,0.01837358826787394,0.0070556505406120795,0.01334292643061874,0.01334292643061874,0.022071439772844315,0.005615348927676678,0.9866570735693813,0.01334292643061874,0.03483237326145172,0.004682146944105625,318139
b2_cityscapes_val,2026-07-07 05:27:48,cityscapes,val,all,student_skd,/scratch/gautschi/manors/hf_cache/hub/models--nvidia--mit-b2/snapshots/3bb39e8739149c3777d0325349b2a6c32c6413db,runs/mit-b2_skd_j9196921/student_skd.ckpt,skd,img_000297,/home/manors/Guardrail-Distillation/data/cityscapes/leftImg8bit/val/lindau/lindau_000030_000019_leftImg8bit.png,,0.4322737844432318,0.5677262155567682,0.9408916234970093,0.9427092671394348,0.12003966420888901,0.1360548883676529,0.23534181714057922,0.8831036686897278,0.3190324604511261,-6.191521167755127,6.121970176696777,0.003757998812943697,0.07532130181789398,483502,7.9668687540106475,7.418121735099703,16.29773050080985,0.6426677004990873,0.3573322995009127,150266,0.6049199795692517,0.3950800204307483,4782,0.13670632243156433,0.00041811130358837545,29.363351495703682,0.056606225669384,0.943393774330616,0.21475237607955933,0.29312407970428467,0.04177383705973625,0.5104419589042664,0.48955804109573364,0.5424978733062744,0.5577768683433533,0.4440426230430603,0.5104419589042664,0.48955804109573364,0.5104419589042664,0.48955804109573364,0.3942286094326555,0.6057713905673445,0.956105649471283,0.6141312704668397,0.3858687295331603,0.0,0.591091342470418,0.40890865752958205,0.0,0.0,0.0,0.023671049624681473,0.008457048796117306,1.0,0.0,0.03505673259496689,0.004519112408161163,400035
b2_cityscapes_val,2026-07-07 05:27:48,cityscapes,val,all,student_skd,/scratch/gautschi/manors/hf_cache/hub/models--nvidia--mit-b2/snapshots/3bb39e8739149c3777d0325349b2a6c32c6413db,runs/mit-b2_skd_j9196921/student_skd.ckpt,skd,img_000298,/home/manors/Guardrail-Distillation/data/cityscapes/leftImg8bit/val/lindau/lindau_000031_000019_leftImg8bit.png,,0.5863845623487663,0.41361543765123365,0.9446623921394348,0.9042021036148071,0.13873949646949768,0.2189243733882904,0.2748272716999054,0.8311865329742432,0.41554924845695496,-6.043135643005371,5.92833137512207,0.005349886603653431,0.11309847980737686,468795,7.9668687540106475,7.418121735099703,16.29773050080985,0.2915605047860785,0.7084394952139215,143047,0.6130908399032768,0.38690916009672316,25372,0.21970869600772858,0.0005680019967257977,29.363351495703682,0.09591519832611084,0.9040848016738892,0.301199346780777,0.3814396262168884,0.08629363030195236,0.5215600728988647,0.47843992710113525,0.5715959072113037,0.5958102345466614,0.47227197885513306,0.5215600728988647,0.47843992710113525,0.5215600728988647,0.47843992710113525,0.6079596857501383,0.39204031424986174,0.968421220779419,0.525780913000778,0.474219086999222,0.23422040821469947,0.9338165711058073,0.06618342889419271,0.32072573120253045,0.02157512340137191,0.02157512340137191,0.028453802689909935,0.004695015959441662,0.9784248765986281,0.02157512340137191,0.03600507974624634,0.0009385765879414976,315317
b2_cityscapes_val,2026-07-07 05:27:48,cityscapes,val,all,student_skd,/scratch/gautschi/manors/hf_cache/hub/models--nvidia--mit-b2/snapshots/3bb39e8739149c3777d0325349b2a6c32c6413db,runs/mit-b2_skd_j9196921/student_skd.ckpt,skd,img_000299,/home/manors/Guardrail-Distillation/data/cityscapes/leftImg8bit/val/lindau/lindau_000032_000019_leftImg8bit.png,,0.44855389392501854,0.5514461060749815,0.9590049386024475,0.9791815280914307,0.07665152102708817,0.04836724326014519,0.15158262848854065,0.9574510455131531,0.12004543095827103,-7.821788311004639,7.79667854309082,0.0008847120334394276,0.02859247475862503,479252,7.9668687540106475,7.418121735099703,16.29773050080985,0.6180872107037253,0.3819127892962747,150859,0.0,1.0,0,0.048598192632198334,0.00018139267922379076,29.363351495703682,0.026973705738782883,0.9730262942612171,0.0638204887509346,0.23721343278884888,0.0215190090239048,0.5053795576095581,0.4946204423904419,0.5166935324668884,0.5525615811347961,0.39254018664360046,0.5053795576095581,0.4946204423904419,0.5053795576095581,0.4946204423904419,0.47629840542205887,0.5237015945779411,0.9805176258087158,0.9198956077697756,0.08010439223022436,0.30180839706605034,0.0,1.0,0.0,0.02774451149704038,0.02774451149704038,0.02749701775610447,0.005984325893223286,0.9722554885029596,0.02774451149704038,0.03370460867881775,0.0073990304954349995,448411
b2_cityscapes_val,2026-07-07 05:27:48,cityscapes,val,all,student_skd,/scratch/gautschi/manors/hf_cache/hub/models--nvidia--mit-b2/snapshots/3bb39e8739149c3777d0325349b2a6c32c6413db,runs/mit-b2_skd_j9196921/student_skd.ckpt,skd,img_000300,/home/manors/Guardrail-Distillation/data/cityscapes/leftImg8bit/val/lindau/lindau_000033_000019_leftImg8bit.png,,0.522540802772068,0.47745919722793195,0.9608399271965027,0.9736601710319519,0.08414052426815033,0.06696519255638123,0.17787930369377136,0.9383615851402283,0.18386021256446838,-8.114368438720703,8.082648277282715,0.002977200550958514,0.032819900661706924,495096,7.953383988933638,7.417272252496332,16.30174324964173,1.0,0.0,150859,0.4880004416168698,0.5119995583831303,73154,0.06753599643707275,0.0003635572793427855,29.363969253608957,0.028889669105410576,0.9711103308945894,0.08310867846012115,0.23018194735050201,0.021538976579904556,0.5053845047950745,0.49461549520492554,0.5202307105064392,0.5392600893974304,0.4175258278846741,0.5053845047950745,0.49461549520492554,0.5053845047950745,0.49461549520492554,0.4804507909653755,0.5195492090346245,0.9587777256965637,1.0,0.0,0.0,0.48683503492745833,0.5131649650725416,0.0,0.0,0.0,0.011924960650503635,0.013987187296152115,1.0,0.0,0.027309855446219444,0.0003777045349124819,455226
b2_cityscapes_val,2026-07-07 05:27:48,cityscapes,val,all,student_skd,/scratch/gautschi/manors/hf_cache/hub/models--nvidia--mit-b2/snapshots/3bb39e8739149c3777d0325349b2a6c32c6413db,runs/mit-b2_skd_j9196921/student_skd.ckpt,skd,img_000301,/home/manors/Guardrail-Distillation/data/cityscapes/leftImg8bit/val/lindau/lindau_000034_000019_leftImg8bit.png,,0.28795065282422994,0.7120493471757701,0.9068053364753723,0.9682717323303223,0.09441803395748138,0.07679429650306702,0.19587180018424988,0.9339179396629333,0.19009946286678314,-7.104388236999512,7.065802574157715,0.0028358434792608023,0.04441285878419876,303966,7.953383988933638,7.417272252496332,16.30174324964173,1.0,0.0,9414,0.3453991364709985,0.6546008635290015,56813,0.07737544178962708,0.0004019739862997085,29.363969253608957,0.038343820720911026,0.961656179279089,0.1740618348121643,0.2844347357749939,0.039234794676303864,0.5098074078559875,0.49019259214401245,0.5416961312294006,0.5703356266021729,0.385079562664032,0.5098074078559875,0.49019259214401245,0.5098074078559875,0.49019259214401245,0.47975860165405537,0.5202413983459446,0.9768953919410706,0.4841725090291056,0.5158274909708944,0.0,0.96415986372911,0.03584013627089,0.6187607272581115,0.19180794882982544,0.19180794882982544,0.07575517892837524,0.005665107164531946,0.8081920511701746,0.19180794882982544,0.08460485190153122,0.031329162418842316,274929
b2_cityscapes_val,2026-07-07 05:27:48,cityscapes,val,all,student_skd,/scratch/gautschi/manors/hf_cache/hub/models--nvidia--mit-b2/snapshots/3bb39e8739149c3777d0325349b2a6c32c6413db,runs/mit-b2_skd_j9196921/student_skd.ckpt,skd,img_000302,/home/manors/Guardrail-Distillation/data/cityscapes/leftImg8bit/val/lindau/lindau_000035_000019_leftImg8bit.png,,0.4241213485882151,0.5758786514117848,0.9682514667510986,0.9735879898071289,0.08261698484420776,0.06853489577770233,0.17488734424114227,0.933845043182373,0.2058812379837036,-6.9915666580200195,6.959980010986328,0.0025614690966904163,0.031825046986341476,248295,7.953383988933638,7.417272252496332,16.30174324964173,0.0,1.0,0,0.48173801426952056,0.5182619857304794,60072,0.06920324265956879,0.00038414899609051645,29.363969253608957,0.032910000532865524,0.9670899994671345,0.10636404156684875,0.22480037808418274,0.025925733149051666,0.5064810514450073,0.4935189485549927,0.5225806832313538,0.5418335199356079,0.3855783939361572,0.5064810514450073,0.4935189485549927,0.5064810514450073,0.4935189485549927,0.5367367363609648,0.46326326363903525,0.9762499928474426,0.0,1.0,0.0,0.9332912548692256,0.0667087451307744,0.45155324059970503,0.1126153877727496,0.1126153877727496,0.015103002078831196,0.007104452233761549,0.8873846122272504,0.1126153877727496,0.02265853062272072,0.003048792714253068,228448
b2_cityscapes_val,2026-07-07 05:27:48,cityscapes,val,all,student_skd,/scratch/gautschi/manors/hf_cache/hub/models--nvidia--mit-b2/snapshots/3bb39e8739149c3777d0325349b2a6c32c6413db,runs/mit-b2_skd_j9196921/student_skd.ckpt,skd,img_000303,/home/manors/Guardrail-Distillation/data/cityscapes/leftImg8bit/val/lindau/lindau_000036_000019_leftImg8bit.png,,0.6654069085097931,0.3345930914902069,0.9623458385467529,0.9752331972122192,0.07960305362939835,0.06826180964708328,0.1711953580379486,0.9317266345024109,0.21416421234607697,-6.94315242767334,6.913503170013428,0.0040206885896623135,0.028463393449783325,480266,7.953383988933638,7.417272252496332,16.30174324964173,0.5635360727059673,0.4364639272940327,150859,0.9675013319126265,0.03249866808737345,3754,0.06882111728191376,0.00026615976821631193,29.363969253608957,0.027510469779372215,0.9724895302206278,0.06064096838235855,0.19697321951389313,0.016865355893969536,0.504216194152832,0.49578380584716797,0.5164520144462585,0.5401399731636047,0.40499162673950195,0.504216194152832,0.49578380584716797,0.504216194152832,0.49578380584716797,0.629157420223838,0.370842579776162,0.966697633266449,0.868736107783588,0.131263892216412,0.3052000350776207,0.9675013319126265,0.03249866808737345,0.0,0.0,0.0,0.009065809659659863,0.0047140540555119514,1.0,0.0,0.014750159345567226,0.0001415881997672841,447658
b2_cityscapes_val,2026-07-07 05:27:49,cityscapes,val,all,student_skd,/scratch/gautschi/manors/hf_cache/hub/models--nvidia--mit-b2/snapshots/3bb39e8739149c3777d0325349b2a6c32c6413db,runs/mit-b2_skd_j9196921/student_skd.ckpt,skd,img_000304,/home/manors/Guardrail-Distillation/data/cityscapes/leftImg8bit/val/lindau/lindau_000037_000019_leftImg8bit.png,,0.58810220887894,0.41189779112105995,0.9625802040100098,0.9767193794250488,0.07946393638849258,0.05857210233807564,0.16722622513771057,0.9454998970031738,0.1664627194404602,-7.517261505126953,7.489277362823486,0.002202762756496668,0.02965385839343071,479398,7.967918994836509,7.41478250711225,16.294894739985466,0.5449048935907843,0.4550951064092157,149354,0.6050253148164159,0.39497468518358414,20092,0.05904660001397133,0.0003063461044803262,29.403816995909438,0.029521746560931206,0.9704782534390688,0.09459433704614639,0.2374795824289322,0.025395287200808525,0.5063484907150269,0.49365150928497314,0.5187961459159851,0.5488305687904358,0.40208932757377625,0.5063484907150269,0.49365150928497314,0.5063484907150269,0.49365150928497314,0.6067120379248602,0.39328796207513983,0.9682769179344177,0.7247371598606691,0.2752628401393309,0.1798322662698848,0.589561375492388,0.41043862450761204,0.0,0.018609829045920123,0.018609829045920123,0.010897000320255756,0.005200271960347891,0.9813901709540799,0.018609829045920123,0.017651304602622986,0.000548604701180011,445170
b2_cityscapes_val,2026-07-07 05:27:49,cityscapes,val,all,student_skd,/scratch/gautschi/manors/hf_cache/hub/models--nvidia--mit-b2/snapshots/3bb39e8739149c3777d0325349b2a6c32c6413db,runs/mit-b2_skd_j9196921/student_skd.ckpt,skd,img_000305,/home/manors/Guardrail-Distillation/data/cityscapes/leftImg8bit/val/lindau/lindau_000038_000019_leftImg8bit.png,,0.698251672638953,0.30174832736104695,0.9651753306388855,0.974058210849762,0.08670906722545624,0.0631016194820404,0.1802207976579666,0.9423144459724426,0.17616154253482819,-8.234847068786621,8.203166961669922,0.0034083896316587925,0.03501492738723755,494075,7.967918994836509,7.41478250711225,16.294894739985466,0.912835425004741,0.08716457499525898,150859,0.5375287054099803,0.4624712945900197,81909,0.06351227313280106,0.00025843430194072425,29.403816995909438,0.02964159846305847,0.9703584015369415,0.09029828757047653,0.23539741337299347,0.0237098578363657,0.5059272050857544,0.4940727949142456,0.5187310576438904,0.5465714335441589,0.41655170917510986,0.5059272050857544,0.4940727949142456,0.5059272050857544,0.4940727949142456,0.7924985069040542,0.2075014930959458,0.9772241115570068,0.923281235477862,0.076718764522138,0.010445810473120987,0.6304138364475199,0.3695861635524801,0.09288513103753959,0.09424683426510116,0.09424683426510116,0.017489248886704445,0.005440469831228256,0.9057531657348988,0.09424683426510116,0.02529170736670494,0.0019329049391672015,455249
b2_cityscapes_val,2026-07-07 05:27:49,cityscapes,val,all,student_skd,/scratch/gautschi/manors/hf_cache/hub/models--nvidia--mit-b2/snapshots/3bb39e8739149c3777d0325349b2a6c32c6413db,runs/mit-b2_skd_j9196921/student_skd.ckpt,skd,img_000306,/home/manors/Guardrail-Distillation/data/cityscapes/leftImg8bit/val/lindau/lindau_000039_000019_leftImg8bit.png,,0.5802083522318051,0.4197916477681949,0.978731632232666,0.9840406775474548,0.06974933296442032,0.040874283760786057,0.151190847158432,0.9614633917808533,0.12548434734344482,-7.938590049743652,7.918975353240967,0.00407417444512248,0.02087106741964817,495806,7.967918994836509,7.41478250711225,16.294894739985466,0.745193515907697,0.254806484092303,150859,0.888100527268834,0.11189947273116596,58509,0.04130131006240845,0.00025846241624094546,29.403816995909438,0.029255501925945282,0.9707444980740547,0.06257923692464828,0.21647100150585175,0.02154107391834259,0.5053851008415222,0.4946148991584778,0.5150304436683655,0.5481821894645691,0.37486013770103455,0.5053851008415222,0.4946148991584778,0.5053851008415222,0.4946148991584778,0.6354336892840251,0.3645663107159749,0.9754944443702698,0.7071579483572061,0.29284205164279387,0.0,0.8987658632539814,0.10123413674601855,0.010665335985147406,0.05522533705221999,0.05522533705221999,0.004818417131900787,0.008055570535361767,0.94477466294778,0.05522533705221999,0.015132935717701912,0.0007482765358872712,472557
b2_cityscapes_val,2026-07-07 05:27:49,cityscapes,val,all,student_skd,/scratch/gautschi/manors/hf_cache/hub/models--nvidia--mit-b2/snapshots/3bb39e8739149c3777d0325349b2a6c32c6413db,runs/mit-b2_skd_j9196921/student_skd.ckpt,skd,img_000307,/home/manors/Guardrail-Distillation/data/cityscapes/leftImg8bit/val/lindau/lindau_000040_000019_leftImg8bit.png,,0.40264746777976124,0.5973525322202388,0.9921815395355225,0.9974683523178101,0.026293396949768066,0.006649813149124384,0.05212346091866493,0.9897323846817017,0.04707060754299164,-6.447537422180176,6.44453239440918,2.9649308999069035e-05,0.0032436344772577286,337276,7.967918994836509,7.41478250711225,16.294894739985466,1.0,0.0,12768,0.0,1.0,0,0.006796938367187977,9.933825640473515e-05,29.403816995909438,0.00530064944177866,0.9946993505582213,0.004142954014241695,0.008539373055100441,0.009971232153475285,0.5024927854537964,0.4975072145462036,0.5071823596954346,0.5086269378662109,0.4310804307460785,0.5024927854537964,0.4975072145462036,0.5024927854537964,0.4975072145462036,0.4881409895008394,0.5118590104991606,0.9967682361602783,1.0,0.0,0.0,0.0,1.0,0.0,0.08549352172107816,0.08549352172107816,0.00577272055670619,0.0011859723599627614,0.9145064782789218,0.08549352172107816,0.006967587396502495,0.00279000005684793,334939
b2_cityscapes_val,2026-07-07 05:27:49,cityscapes,val,all,student_skd,/scratch/gautschi/manors/hf_cache/hub/models--nvidia--mit-b2/snapshots/3bb39e8739149c3777d0325349b2a6c32c6413db,runs/mit-b2_skd_j9196921/student_skd.ckpt,skd,img_000308,/home/manors/Guardrail-Distillation/data/cityscapes/leftImg8bit/val/lindau/lindau_000041_000019_leftImg8bit.png,,0.5746584813422744,0.4253415186577256,0.9724277853965759,0.9750865697860718,0.08284951746463776,0.06460657715797424,0.1818385273218155,0.9420555830001831,0.17386482656002045,-8.250405311584473,8.220281600952148,0.003737095510587096,0.03134559467434883,495572,7.9725174873601645,7.417260989313945,16.30028526415117,1.0,0.0,150859,0.49158113251066776,0.5084188674893322,52095,0.06526699662208557,0.0003333029744680971,29.405255772871897,0.029130719602108,0.970869280397892,0.08540011197328568,0.22634214162826538,0.02004801295697689,0.505011796951294,0.49498820304870605,0.5171158909797668,0.5374343395233154,0.3901212513446808,0.505011796951294,0.49498820304870605,0.505011796951294,0.49498820304870605,0.5365558069613767,0.4634441930386233,0.9763202667236328,1.0,0.0,0.0,0.3248760235266982,0.6751239764733018,0.0,0.0,0.0,0.010385978035628796,0.006493506487458944,1.0,0.0,0.018267778679728508,0.0005286819650791585,457851
b2_cityscapes_val,2026-07-07 05:27:49,cityscapes,val,all,student_skd,/scratch/gautschi/manors/hf_cache/hub/models--nvidia--mit-b2/snapshots/3bb39e8739149c3777d0325349b2a6c32c6413db,runs/mit-b2_skd_j9196921/student_skd.ckpt,skd,img_000309,/home/manors/Guardrail-Distillation/data/cityscapes/leftImg8bit/val/lindau/lindau_000042_000019_leftImg8bit.png,,0.4762784419675704,0.5237215580324296,0.9479132890701294,0.9731429219245911,0.08503198623657227,0.07042037695646286,0.1931619942188263,0.9371939301490784,0.19418245553970337,-7.903049468994141,7.870731830596924,0.0033713269513100386,0.03314727917313576,447005,7.9725174873601645,7.417260989313945,16.30028526415117,0.509436537986534,0.490563462013466,128875,0.41344533587216076,0.5865546641278392,75514,0.0709482729434967,0.00032346005900762975,29.405255772871897,0.028518885374069214,0.9714811146259308,0.07935487478971481,0.2177506983280182,0.022207878530025482,0.5055517554283142,0.4944482445716858,0.5209981203079224,0.5423400402069092,0.4251197874546051,0.5055517554283142,0.4944482445716858,0.5055517554283142,0.4944482445716858,0.5325428868652784,0.4674571131347216,0.963038444519043,0.6516683639529876,0.34833163604701245,0.14223182596645356,0.514193775309045,0.485806224690955,0.10074843943688416,0.05626444489770799,0.05626444489770799,0.021028846502304077,0.005903737153857946,0.943735555102292,0.05626444489770799,0.028784912079572678,0.004997706972062588,408897
b2_cityscapes_val,2026-07-07 05:27:49,cityscapes,val,all,student_skd,/scratch/gautschi/manors/hf_cache/hub/models--nvidia--mit-b2/snapshots/3bb39e8739149c3777d0325349b2a6c32c6413db,runs/mit-b2_skd_j9196921/student_skd.ckpt,skd,img_000310,/home/manors/Guardrail-Distillation/data/cityscapes/leftImg8bit/val/lindau/lindau_000043_000019_leftImg8bit.png,,0.45245030142017256,0.5475496985798274,0.8853236436843872,0.9686486124992371,0.09033805876970291,0.07904289662837982,0.19010992348194122,0.9291035532951355,0.20589721202850342,-7.934811592102051,7.897183418273926,0.0030227270908653736,0.03882836177945137,485985,7.9725174873601645,7.417260989313945,16.30028526415117,0.4054589997934386,0.5945410002065614,148752,0.9751835772096265,0.02481642279037355,18657,0.07966876029968262,0.0003871506196446717,29.405255772871897,0.035006556659936905,0.9649934433400631,0.12731680274009705,0.256486177444458,0.027481211349368095,0.5068698525428772,0.4931301474571228,0.5307406783103943,0.5503036975860596,0.39228343963623047,0.5068698525428772,0.4931301474571228,0.5068698525428772,0.4931301474571228,0.48324474282712626,0.5167552571728737,0.8872393369674683,0.4194120556875154,0.5805879443124846,0.013953055894076805,0.9801683014418181,0.0198316985581819,0.004984724232191651,0.030794441406953643,0.030794441406953643,0.017646634951233864,0.01573093794286251,0.9692055585930464,0.030794441406953643,0.03798265382647514,0.001372470404021442,438733
b2_cityscapes_val,2026-07-07 05:27:49,cityscapes,val,all,student_skd,/scratch/gautschi/manors/hf_cache/hub/models--nvidia--mit-b2/snapshots/3bb39e8739149c3777d0325349b2a6c32c6413db,runs/mit-b2_skd_j9196921/student_skd.ckpt,skd,img_000311,/home/manors/Guardrail-Distillation/data/cityscapes/leftImg8bit/val/lindau/lindau_000044_000019_leftImg8bit.png,,0.5675337835784464,0.4324662164215536,0.9861720204353333,0.9888594150543213,0.05518006905913353,0.028519079089164734,0.11674237996339798,0.9705786108970642,0.10067770630121231,-6.7136616706848145,6.700351715087891,0.0009007729240693152,0.013279136270284653,309734,7.9725174873601645,7.417260989313945,16.30028526415117,0.4976742022513722,0.5023257977486277,10749,0.9770264521134162,0.02297354788658379,79918,0.02877855859696865,0.00014588914928026497,29.405255772871897,0.010910612531006336,0.9890893874689937,0.010105818510055542,0.04662476107478142,0.009796947240829468,0.5024492144584656,0.4975507855415344,0.5061739087104797,0.5154292583465576,0.3980519771575928,0.5024492144584656,0.4975507855415344,0.5024492144584656,0.4975507855415344,0.31635186423067774,0.6836481357693223,0.9886451363563538,1.0,0.0,0.5023257977486277,0.9870367126304462,0.012963287369553766,0.010010260517030023,0.0,0.0,0.005588666535913944,0.0031155766919255257,1.0,0.0,0.00906907208263874,0.0004197149828542024,299018
b2_cityscapes_val,2026-07-07 05:27:49,cityscapes,val,all,student_skd,/scratch/gautschi/manors/hf_cache/hub/models--nvidia--mit-b2/snapshots/3bb39e8739149c3777d0325349b2a6c32c6413db,runs/mit-b2_skd_j9196921/student_skd.ckpt,skd,img_000312,/home/manors/Guardrail-Distillation/data/cityscapes/leftImg8bit/val/lindau/lindau_000045_000019_leftImg8bit.png,,0.4806291169572055,0.5193708830427946,0.9349955916404724,0.9692825078964233,0.09098482877016068,0.07839963585138321,0.19475683569908142,0.9285207986831665,0.21575836837291718,-6.363335132598877,6.326221466064453,0.004295168910175562,0.03861576318740845,318963,8.003951516002417,7.412812759866938,16.295012756017968,0.32962360342770364,0.6703763965722964,15365,0.0,1.0,0,0.07907456904649734,0.00039971922524273396,29.283352254424244,0.04007347673177719,0.9599265232682228,0.14444217085838318,0.262736439704895,0.041873376816511154,0.5104668140411377,0.4895331859588623,0.537253201007843,0.5617547035217285,0.4661392271518707,0.5104668140411377,0.4895331859588623,0.5104668140411377,0.4895331859588623,0.513900866066926,0.486099133933074,0.9442819356918335,0.4920598763423365,0.5079401236576635,0.16243627291463292,0.0,1.0,0.0,0.03327174910972053,0.03327174910972053,0.021206220611929893,0.011919877491891384,0.9667282508902795,0.03327174910972053,0.03623304143548012,0.005564908962696791,288804
b2_cityscapes_val,2026-07-07 05:27:49,cityscapes,val,all,student_skd,/scratch/gautschi/manors/hf_cache/hub/models--nvidia--mit-b2/snapshots/3bb39e8739149c3777d0325349b2a6c32c6413db,runs/mit-b2_skd_j9196921/student_skd.ckpt,skd,img_000313,/home/manors/Guardrail-Distillation/data/cityscapes/leftImg8bit/val/lindau/lindau_000046_000019_leftImg8bit.png,,0.4097965391258691,0.5902034608741309,0.9513824582099915,0.9614474177360535,0.09959449619054794,0.09582559019327164,0.2059689611196518,0.9147588014602661,0.2469555288553238,-6.063733100891113,6.017366409301758,0.0037236229982227087,0.04951447248458862,308839,8.003951516002417,7.412812759866938,16.295012756017968,0.31459518529232156,0.6854048147076784,10371,0.3178130774861239,0.6821869225138761,1308,0.09668987989425659,0.0005072453641332686,29.283352254424244,0.05465848371386528,0.9453415162861347,0.2095218002796173,0.2878522574901581,0.05299316719174385,0.5132452249526978,0.48675477504730225,0.5547188520431519,0.577025294303894,0.4532126784324646,0.5132452249526978,0.48675477504730225,0.5132452249526978,0.48675477504730225,0.43412288160410184,0.5658771183958982,0.956323504447937,0.49826439109054094,0.5017356089094591,0.18366920579821933,0.3521428081643848,0.6478571918356152,0.03432973067826095,0.024326342478232732,0.024326342478232732,0.015827016904950142,0.010885930620133877,0.9756736575217673,0.024326342478232732,0.027580713853240013,0.0008321487694047391,272041
b2_cityscapes_val,2026-07-07 05:27:49,cityscapes,val,all,student_skd,/scratch/gautschi/manors/hf_cache/hub/models--nvidia--mit-b2/snapshots/3bb39e8739149c3777d0325349b2a6c32c6413db,runs/mit-b2_skd_j9196921/student_skd.ckpt,skd,img_000314,/home/manors/Guardrail-Distillation/data/cityscapes/leftImg8bit/val/lindau/lindau_000047_000019_leftImg8bit.png,,0.5490684149301318,0.4509315850698682,0.9693871736526489,0.9677537679672241,0.09264210611581802,0.08076111227273941,0.1940748542547226,0.9230849742889404,0.24191690981388092,-5.999936580657959,5.9610915184021,0.0030277841724455357,0.040992025285959244,316403,8.003951516002417,7.412812759866938,16.295012756017968,0.4521559568879675,0.5478440431120325,17097,0.547825726884079,0.45217427311592095,4600,0.08148662000894547,0.00047958362847566605,29.283352254424244,0.053654614835977554,0.9463453851640224,0.18324527144432068,0.3022155165672302,0.053985487669706345,0.5134931206703186,0.4865068793296814,0.5480967164039612,0.5794126987457275,0.4845728874206543,0.5134931206703186,0.4865068793296814,0.5134931206703186,0.4865068793296814,0.43984579176652244,0.5601542082334776,0.9581862688064575,0.2719392123287671,0.7280607876712328,0.0,0.4970285433981738,0.5029714566018262,0.0,0.0,0.0,0.011219868436455727,0.022420773282647133,1.0,0.0,0.03584352880716324,0.0008975894888862967,284304
b2_cityscapes_val,2026-07-07 05:27:49,cityscapes,val,all,student_skd,/scratch/gautschi/manors/hf_cache/hub/models--nvidia--mit-b2/snapshots/3bb39e8739149c3777d0325349b2a6c32c6413db,runs/mit-b2_skd_j9196921/student_skd.ckpt,skd,img_000315,/home/manors/Guardrail-Distillation/data/cityscapes/leftImg8bit/val/lindau/lindau_000048_000019_leftImg8bit.png,,0.565919640651226,0.434080359348774,0.964040219783783,0.9698525071144104,0.08926241844892502,0.07701742649078369,0.19218942523002625,0.929585337638855,0.21948952972888947,-6.005462646484375,5.969211101531982,0.0035076579079031944,0.0374087318778038,318161,8.003951516002417,7.412812759866938,16.295012756017968,0.4706912637501494,0.5293087362498505,14227,0.9770791463297923,0.022920853670207686,20898,0.07768146693706512,0.00038867132388986647,29.283352254424244,0.04082375019788742,0.9591762498021126,0.14791147410869598,0.27257639169692993,0.038391467183828354,0.5095967054367065,0.49040329456329346,0.5344983339309692,0.5617782473564148,0.42674463987350464,0.5095967054367065,0.49040329456329346,0.5095967054367065,0.49040329456329346,0.45520760021419143,0.5447923997858086,0.9724133014678955,0.5661045707381657,0.43389542926183433,0.0954133069880162,0.9880849842090152,0.011915015790984751,0.011005837879222935,0.0,0.0,0.013546600006520748,0.005173481069505215,1.0,0.0,0.019367553293704987,0.0005374636966735125,288735
b2_cityscapes_val,2026-07-07 05:27:50,cityscapes,val,all,student_skd,/scratch/gautschi/manors/hf_cache/hub/models--nvidia--mit-b2/snapshots/3bb39e8739149c3777d0325349b2a6c32c6413db,runs/mit-b2_skd_j9196921/student_skd.ckpt,skd,img_000316,/home/manors/Guardrail-Distillation/data/cityscapes/leftImg8bit/val/lindau/lindau_000049_000019_leftImg8bit.png,,0.5295951618724642,0.47040483812753575,0.9898987412452698,0.9905371069908142,0.05382271483540535,0.02476268634200096,0.12081882357597351,0.9752137064933777,0.08962560445070267,-5.986595630645752,5.975013256072998,0.001781986909918487,0.012759292498230934,301349,7.965635973960161,7.418259250698611,16.294870001729578,0.493006993006993,0.506993006993007,2574,0.4635416666666667,0.5364583333333333,384,0.024988356977701187,0.00010356364509789273,29.28213926497847,0.009305139072239399,0.9906948609277606,0.004645055625587702,0.025557415559887886,0.0019182156538590789,0.5004795789718628,0.4995204210281372,0.5029508471488953,0.5094627737998962,0.42292076349258423,0.5004795789718628,0.4995204210281372,0.5004795789718628,0.4995204210281372,0.5959662243289623,0.4040337756710377,0.9928321838378906,1.0,0.0,0.506993006993007,0.9739583333333334,0.02604166666666663,0.5104166666666666,0.06637106245649804,0.06637106245649804,0.004705507308244705,0.0017720317700877786,0.933628937543502,0.06637106245649804,0.00655386270955205,0.00012941804016008973,293188
b2_cityscapes_val,2026-07-07 05:27:50,cityscapes,val,all,student_skd,/scratch/gautschi/manors/hf_cache/hub/models--nvidia--mit-b2/snapshots/3bb39e8739149c3777d0325349b2a6c32c6413db,runs/mit-b2_skd_j9196921/student_skd.ckpt,skd,img_000317,/home/manors/Guardrail-Distillation/data/cityscapes/leftImg8bit/val/lindau/lindau_000050_000019_leftImg8bit.png,,0.4008498136004748,0.5991501863995252,0.9190095663070679,0.9757112264633179,0.080140620470047,0.06483606994152069,0.1796702742576599,0.9403144121170044,0.18862934410572052,-5.9674224853515625,5.938246250152588,0.0037917261943221092,0.027843721210956573,335731,7.965635973960161,7.418259250698611,16.294870001729578,0.2132498352010547,0.7867501647989453,24970,0.6732283464566929,0.32677165354330706,508,0.06535853445529938,0.00031927114468999207,29.28213926497847,0.04074161499738693,0.9592583850026131,0.12957744300365448,0.32748177647590637,0.03623998537659645,0.5090590119361877,0.49094098806381226,0.530453622341156,0.5709332227706909,0.4597902297973633,0.5090590119361877,0.49094098806381226,0.5090590119361877,0.49094098806381226,0.33582168471887397,0.664178315281126,0.9168590307235718,0.10640162595296267,0.8935983740470373,0.0,0.8090551181102362,0.19094488188976377,0.1358267716535433,0.0,0.0,0.007890245877206326,0.010040776804089546,1.0,0.0,0.04480670765042305,0.0013731231447309256,310042
b2_cityscapes_val,2026-07-07 05:27:50,cityscapes,val,all,student_skd,/scratch/gautschi/manors/hf_cache/hub/models--nvidia--mit-b2/snapshots/3bb39e8739149c3777d0325349b2a6c32c6413db,runs/mit-b2_skd_j9196921/student_skd.ckpt,skd,img_000318,/home/manors/Guardrail-Distillation/data/cityscapes/leftImg8bit/val/lindau/lindau_000051_000019_leftImg8bit.png,,0.3576692456002867,0.6423307543997133,0.8270371556282043,0.9389833211898804,0.12765274941921234,0.15485318005084991,0.2771280109882355,0.871685266494751,0.36798620223999023,-6.295563220977783,6.220229148864746,0.014343991875648499,0.08341633528470993,273076,7.965635973960161,7.418259250698611,16.294870001729578,0.3066285169289461,0.6933714830710539,2097,0.5971211508586018,0.40287884914139815,30320,0.15618914365768433,0.0008017216459847987,29.28213926497847,0.08603204786777496,0.913967952132225,0.34699568152427673,0.46427127718925476,0.09920985251665115,0.524782121181488,0.47521787881851196,0.5965800881385803,0.6476425528526306,0.4409261643886566,0.524782121181488,0.47521787881851196,0.524782121181488,0.47521787881851196,0.301639426615045,0.6983605733849549,0.8645944595336914,0.1622953425528533,0.8377046574471467,0.0,0.5657339946080113,0.4342660053919887,0.0,0.0,0.0,0.05523737147450447,0.017680060118436813,1.0,0.0,0.07992646843194962,0.009799470193684101,223573
b2_cityscapes_val,2026-07-07 05:27:50,cityscapes,val,all,student_skd,/scratch/gautschi/manors/hf_cache/hub/models--nvidia--mit-b2/snapshots/3bb39e8739149c3777d0325349b2a6c32c6413db,runs/mit-b2_skd_j9196921/student_skd.ckpt,skd,img_000319,/home/manors/Guardrail-Distillation/data/cityscapes/leftImg8bit/val/lindau/lindau_000052_000019_leftImg8bit.png,,0.4203267056753769,0.5796732943246231,0.8471238613128662,0.990288257598877,0.0528922975063324,0.026505501940846443,0.12408147007226944,0.9734886884689331,0.09611690044403076,-6.1787238121032715,6.166991710662842,0.0014702777843922377,0.011991498060524464,274778,7.965635973960161,7.418259250698611,16.294870001729578,0.0,1.0,0,0.49319726425608673,0.5068027357439133,4087,0.026811296120285988,0.00018994756101164967,29.28213926497847,0.009592587128281593,0.9904074128717184,0.005470177158713341,0.0336923748254776,0.00119972403626889,0.5002999305725098,0.49970006942749023,0.5030760169029236,0.5105716586112976,0.41565921902656555,0.5002999305725098,0.49970006942749023,0.5002999305725098,0.49970006942749023,0.5327595169665762,0.4672404830334238,0.8516693115234375,0.0,1.0,0.0,0.7751307173547239,0.22486928264527606,0.28193345309863727,0.11243281129119931,0.11243281129119931,0.006303269881755114,0.0017577826511114836,0.8875671887088007,0.11243281129119931,0.010335615836083889,0.0008261214243248105,266620
b2_cityscapes_val,2026-07-07 05:27:50,cityscapes,val,all,student_skd,/scratch/gautschi/manors/hf_cache/hub/models--nvidia--mit-b2/snapshots/3bb39e8739149c3777d0325349b2a6c32c6413db,runs/mit-b2_skd_j9196921/student_skd.ckpt,skd,img_000320,/home/manors/Guardrail-Distillation/data/cityscapes/leftImg8bit/val/lindau/lindau_000053_000019_leftImg8bit.png,,0.5493059166772398,0.4506940833227602,0.9723188281059265,0.9785586595535278,0.08191486448049545,0.05743627995252609,0.18963266909122467,0.9469114542007446,0.17856568098068237,-7.50585412979126,7.47921085357666,0.006380577106028795,0.029327642172574997,365014,7.982959505170584,7.417916494887322,16.296872490784153,0.9738283421398922,0.026171657860107778,26838,0.48672047461368656,0.5132795253863134,14762,0.05828377604484558,0.0004135259077884257,29.28279325715266,0.026302509009838104,0.9736974909901619,0.04552257061004639,0.2089485228061676,0.017661860212683678,0.5044153332710266,0.4955846667289734,0.5091027021408081,0.5374782085418701,0.36376821994781494,0.5044153332710266,0.4955846667289734,0.5044153332710266,0.4955846667289734,0.6935057400092978,0.30649425999070223,0.9572125673294067,0.9814396227104267,0.01856037728957327,0.007611280570534507,0.8180478099221564,0.18195219007784358,0.3313273353084698,0.14419982333205794,0.14419982333205794,0.007509300950914621,0.022615570574998856,0.8558001766679421,0.14419982333205794,0.034637026488780975,0.0005588826606981456,342642
b2_cityscapes_val,2026-07-07 05:27:50,cityscapes,val,all,student_skd,/scratch/gautschi/manors/hf_cache/hub/models--nvidia--mit-b2/snapshots/3bb39e8739149c3777d0325349b2a6c32c6413db,runs/mit-b2_skd_j9196921/student_skd.ckpt,skd,img_000321,/home/manors/Guardrail-Distillation/data/cityscapes/leftImg8bit/val/lindau/lindau_000054_000019_leftImg8bit.png,,0.5206885291262568,0.47931147087374315,0.8780337572097778,0.9723473787307739,0.08620589971542358,0.06808721274137497,0.18040359020233154,0.9408500790596008,0.1669549196958542,-8.321695327758789,8.288411140441895,0.002471765736117959,0.03486287221312523,491956,7.982959505170584,7.417916494887322,16.296872490784153,0.38941992191384006,0.6105800780861599,150859,0.2925603456394086,0.7074396543605914,2819,0.06872786581516266,0.00046293469495140016,29.28279325715266,0.03484909608960152,0.9651509039103985,0.12676604092121124,0.2507610619068146,0.026551414281129837,0.506637454032898,0.49336254596710205,0.52920001745224,0.5554791688919067,0.42720454931259155,0.506637454032898,0.49336254596710205,0.506637454032898,0.49336254596710205,0.5641500317091055,0.4358499682908945,0.892246425151825,0.4162858967863834,0.5837141032136166,0.026865974872543275,0.24629712746858168,0.7537028725314183,0.0,0.04346150258284864,0.04346150258284864,0.026449518278241158,0.012236866168677807,0.9565384974171514,0.04346150258284864,0.040560536086559296,0.006638804916292429,449384
b2_cityscapes_val,2026-07-07 05:27:50,cityscapes,val,all,student_skd,/scratch/gautschi/manors/hf_cache/hub/models--nvidia--mit-b2/snapshots/3bb39e8739149c3777d0325349b2a6c32c6413db,runs/mit-b2_skd_j9196921/student_skd.ckpt,skd,img_000322,/home/manors/Guardrail-Distillation/data/cityscapes/leftImg8bit/val/lindau/lindau_000055_000019_leftImg8bit.png,,0.42484807648053985,0.5751519235194602,0.9351797103881836,0.9534929394721985,0.11596953868865967,0.11802744120359421,0.25883761048316956,0.9017107486724854,0.29760706424713135,-6.7261199951171875,6.668413162231445,0.010514071211218834,0.06667778640985489,443596,7.982959505170584,7.417916494887322,16.296872490784153,0.3280132439104442,0.6719867560895558,150859,0.3101116990005879,0.6898883009994121,11491,0.11887464672327042,0.0005894803907722235,29.28279325715266,0.0499456487596035,0.9500543512403965,0.21259799599647522,0.30861198902130127,0.043086979538202286,0.5107700824737549,0.4892299175262451,0.5466938614845276,0.5694898962974548,0.40550488233566284,0.5107700824737549,0.4892299175262451,0.5107700824737549,0.4892299175262451,0.4517886064516879,0.5482113935483122,0.9547132253646851,0.8741099056484898,0.12589009435151022,0.5460966617380456,0.23935185185185184,0.7606481481481482,0.0,0.02694052997114804,0.02694052997114804,0.04125826060771942,0.021724721416831017,0.973059470028852,0.02694052997114804,0.06492619216442108,0.0035392562858760357,381864
b2_cityscapes_val,2026-07-07 05:27:50,cityscapes,val,all,student_skd,/scratch/gautschi/manors/hf_cache/hub/models--nvidia--mit-b2/snapshots/3bb39e8739149c3777d0325349b2a6c32c6413db,runs/mit-b2_skd_j9196921/student_skd.ckpt,skd,img_000323,/home/manors/Guardrail-Distillation/data/cityscapes/leftImg8bit/val/lindau/lindau_000056_000019_leftImg8bit.png,,0.6271923019497604,0.3728076980502396,0.9549195766448975,0.966781735420227,0.10057228058576584,0.08390142023563385,0.22437000274658203,0.9288265705108643,0.2157021462917328,-7.804508686065674,7.763217926025391,0.007526093162596226,0.04794713109731674,473021,7.982959505170584,7.417916494887322,16.296872490784153,0.911120218215329,0.08887978178467104,150859,0.9266649720386375,0.07333502796136249,7868,0.08456050604581833,0.0004426889936439693,29.28279325715266,0.03787802532315254,0.9621219746768475,0.14035730063915253,0.30363771319389343,0.03429815545678139,0.5085737109184265,0.4914262890815735,0.5288219451904297,0.5671464800834656,0.39583954215049744,0.5085737109184265,0.4914262890815735,0.5085737109184265,0.4914262890815735,0.6102318055880341,0.38976819441196586,0.9498605728149414,0.9164616544679659,0.0835383455320341,0.005341436252636944,0.4616166751398068,0.5383833248601932,0.0,0.0,0.0,0.013551196083426476,0.018610168248414993,1.0,0.0,0.03440016508102417,0.0005686851218342781,426865
b2_cityscapes_val,2026-07-07 05:27:50,cityscapes,val,all,student_skd,/scratch/gautschi/manors/hf_cache/hub/models--nvidia--mit-b2/snapshots/3bb39e8739149c3777d0325349b2a6c32c6413db,runs/mit-b2_skd_j9196921/student_skd.ckpt,skd,img_000324,/home/manors/Guardrail-Distillation/data/cityscapes/leftImg8bit/val/lindau/lindau_000057_000019_leftImg8bit.png,,0.5948978293802255,0.4051021706197745,0.9066229462623596,0.9603772759437561,0.10390080511569977,0.1031215563416481,0.23149079084396362,0.9112679958343506,0.26090437173843384,-8.326507568359375,8.278166770935059,0.007175246719270945,0.051931560039520264,455176,7.954893255373463,7.410798250930384,16.204391984501854,0.6719568370661575,0.3280431629338425,150859,0.7949098778790634,0.20509012212093658,23346,0.1041836366057396,0.0006312268087640405,29.23944324720651,0.05086571350693703,0.949134286493063,0.2032661736011505,0.3415008783340454,0.041147761046886444,0.510285496711731,0.48971450328826904,0.5451685190200806,0.5717305541038513,0.4751291275024414,0.510285496711731,0.48971450328826904,0.510285496711731,0.48971450328826904,0.596906435685754,0.40309356431424603,0.9343067407608032,0.9739325749504966,0.026067425049503434,0.30197573788433907,0.6674056262240331,0.3325943737759669,0.0,0.0020086063055284598,0.0020086063055284598,0.04013392701745033,0.012450129725039005,0.9979913936944715,0.0020086063055284598,0.05696258321404457,0.022055204957723618,401046
b2_cityscapes_val,2026-07-07 05:27:50,cityscapes,val,all,student_skd,/scratch/gautschi/manors/hf_cache/hub/models--nvidia--mit-b2/snapshots/3bb39e8739149c3777d0325349b2a6c32c6413db,runs/mit-b2_skd_j9196921/student_skd.ckpt,skd,img_000325,/home/manors/Guardrail-Distillation/data/cityscapes/leftImg8bit/val/lindau/lindau_000058_000019_leftImg8bit.png,,0.46363877891350824,0.5363612210864918,0.9788925051689148,0.9897159337997437,0.0538167767226696,0.026220068335533142,0.1138453483581543,0.9731649160385132,0.09078723192214966,-7.36077356338501,7.34841775894165,0.0007366437348537147,0.013053820468485355,485988,7.954893255373463,7.410798250930384,16.204391984501854,0.9327048266090807,0.06729517339091928,147841,0.9578863726658721,0.042113627334127934,2517,0.026512987911701202,0.0001452972792321816,29.23944324720651,0.013901066035032272,0.9860989339649677,0.011743016541004181,0.0790972113609314,0.009825988672673702,0.5024564266204834,0.4975435733795166,0.5062971115112305,0.5228956341743469,0.3859749734401703,0.5024564266204834,0.4975435733795166,0.5024564266204834,0.4975435733795166,0.5606347252723839,0.4393652747276161,0.9780550003051758,0.8999559414320619,0.10004405856793808,0.0,0.9483512117600318,0.05164878823996821,0.0,0.09699594635887565,0.09699594635887565,0.0028827872592955828,0.0037202564999461174,0.9030040536411243,0.09699594635887565,0.006891116965562105,0.00019136274931952357,471091
b2_cityscapes_val,2026-07-07 05:27:50,cityscapes,val,all,student_skd,/scratch/gautschi/manors/hf_cache/hub/models--nvidia--mit-b2/snapshots/3bb39e8739149c3777d0325349b2a6c32c6413db,runs/mit-b2_skd_j9196921/student_skd.ckpt,skd,img_000326,/home/manors/Guardrail-Distillation/data/cityscapes/leftImg8bit/val/munster/munster_000000_000019_leftImg8bit.png,,0.6610915680983338,0.3389084319016662,0.9545084834098816,0.9682862758636475,0.09400064498186111,0.08184405416250229,0.2077433466911316,0.9280406832695007,0.21769361197948456,-8.474475860595703,8.435857772827148,0.00548792677000165,0.04144894331693649,483607,7.954893255373463,7.410798250930384,16.204391984501854,0.9051692325434891,0.09483076745651087,150859,0.491085847660762,0.508914152339238,35630,0.08288510143756866,0.0006887259660288692,29.23944324720651,0.03397206589579582,0.9660279341042042,0.11562906205654144,0.2597601115703583,0.018409565091133118,0.5046022534370422,0.49539774656295776,0.5184619426727295,0.5398144721984863,0.4372663199901581,0.5046022534370422,0.49539774656295776,0.5046022534370422,0.49539774656295776,0.6646762614676045,0.3353237385323955,0.9648164510726929,0.9084620927780159,0.09153790722198407,0.0032928602345267954,0.5348889379954258,0.4651110620045742,0.043803090334663786,0.0035846933692706973,0.0035846933692706973,0.018668049946427345,0.008360093459486961,0.9964153066307293,0.0035846933692706973,0.028543837368488312,0.001604608609341085,437090
b2_cityscapes_val,2026-07-07 05:27:50,cityscapes,val,all,student_skd,/scratch/gautschi/manors/hf_cache/hub/models--nvidia--mit-b2/snapshots/3bb39e8739149c3777d0325349b2a6c32c6413db,runs/mit-b2_skd_j9196921/student_skd.ckpt,skd,img_000327,/home/manors/Guardrail-Distillation/data/cityscapes/leftImg8bit/val/munster/munster_000001_000019_leftImg8bit.png,,0.5934494935449682,0.40655050645503177,0.9841752052307129,0.9861275553703308,0.06375780701637268,0.03536803647875786,0.13659429550170898,0.9664186239242554,0.1067628264427185,-8.563422203063965,8.546574592590332,0.0021534052211791277,0.018351640552282333,492708,7.954893255373463,7.410798250930384,16.204391984501854,0.9448017157693529,0.0551982842306471,150859,0.9308013163369768,0.06919868366302317,55404,0.03579486161470413,0.00023895851336419582,29.23944324720651,0.014586534351110458,0.9854134656488895,0.010686315596103668,0.07604610174894333,0.003427630290389061,0.5008569359779358,0.4991430640220642,0.5054634213447571,0.5130075216293335,0.40267395973205566,0.5008569359779358,0.4991430640220642,0.5008569359779358,0.4991430640220642,0.6634532473624049,0.33654675263759515,0.9859145879745483,0.9483710661187787,0.05162893388122125,0.0035693503494258483,0.9529871144657923,0.04701288553420768,0.022185798128815493,0.07000375381743662,0.07000375381743662,0.00478985533118248,0.003050488419830799,0.9299962461825634,0.07000375381743662,0.00829700380563736,0.00020295997092034668,472503
b2_cityscapes_val,2026-07-07 05:27:50,cityscapes,val,all,student_skd,/scratch/gautschi/manors/hf_cache/hub/models--nvidia--mit-b2/snapshots/3bb39e8739149c3777d0325349b2a6c32c6413db,runs/mit-b2_skd_j9196921/student_skd.ckpt,skd,img_000328,/home/manors/Guardrail-Distillation/data/cityscapes/leftImg8bit/val/munster/munster_000002_000019_leftImg8bit.png,,0.6384187354613317,0.36158126453866835,0.9648498296737671,0.9750019907951355,0.08274926245212555,0.06498261541128159,0.1806323379278183,0.9402921199798584,0.18349482119083405,-8.103601455688477,8.07343578338623,0.003232901217415929,0.03209374099969864,476043,7.925489509943873,7.408322737319395,16.201017249841243,0.9677184513188827,0.03228154868111732,147259,0.44080149355944837,0.5591985064405516,7142,0.06558991223573685,0.0003789128386415541,29.242252494441345,0.03041590191423893,0.9695840980857611,0.08902217447757721,0.23095935583114624,0.022410109639167786,0.5056023001670837,0.49439769983291626,0.5209358334541321,0.5455262660980225,0.41449713706970215,0.5056023001670837,0.49439769983291626,0.5056023001670837,0.49439769983291626,0.6567773915659583,0.34322260843404173,0.9677718281745911,0.9774461696385686,0.022553830361431437,0.009727718319685885,0.5193624029749022,0.4806375970250978,0.0785609094154538,0.018358656104626614,0.018358656104626614,0.014097466133534908,0.011175461113452911,0.9816413438953734,0.018358656104626614,0.026882026344537735,0.002684631384909153,440051
b2_cityscapes_val,2026-07-07 05:27:50,cityscapes,val,all,student_skd,/scratch/gautschi/manors/hf_cache/hub/models--nvidia--mit-b2/snapshots/3bb39e8739149c3777d0325349b2a6c32c6413db,runs/mit-b2_skd_j9196921/student_skd.ckpt,skd,img_000329,/home/manors/Guardrail-Distillation/data/cityscapes/leftImg8bit/val/munster/munster_000003_000019_leftImg8bit.png,,0.6498927059886658,0.3501072940113342,0.9645851850509644,0.97309410572052,0.0907023698091507,0.07017923146486282,0.20797528326511383,0.9406715035438538,0.1814660131931305,-7.956908702850342,7.923492908477783,0.007308978121727705,0.035765647888183594,490219,7.925489509943873,7.408322737319395,16.201017249841243,1.0,0.0,150859,0.7585081109719137,0.24149188902808627,15380,0.07092901319265366,0.0005389276193454862,29.242252494441345,0.02974901907145977,0.9702509809285402,0.07599091529846191,0.25536954402923584,0.018324803560972214,0.504581093788147,0.495418906211853,0.5144275426864624,0.5404505729675293,0.4088878929615021,0.504581093788147,0.495418906211853,0.504581093788147,0.495418906211853,0.6239057780871115,0.37609422191288855,0.9697951078414917,1.0,0.0,0.0,0.7314143909428205,0.26858560905717954,0.0,0.0,0.0,0.010827813297510147,0.005617897026240826,1.0,0.0,0.019219979643821716,0.0007547646528109908,450842
b2_cityscapes_val,2026-07-07 05:27:50,cityscapes,val,all,student_skd,/scratch/gautschi/manors/hf_cache/hub/models--nvidia--mit-b2/snapshots/3bb39e8739149c3777d0325349b2a6c32c6413db,runs/mit-b2_skd_j9196921/student_skd.ckpt,skd,img_000330,/home/manors/Guardrail-Distillation/data/cityscapes/leftImg8bit/val/munster/munster_000004_000019_leftImg8bit.png,,0.6479780983977913,0.3520219016022087,0.9558511972427368,0.9692890048027039,0.09406383335590363,0.07995729148387909,0.20868989825248718,0.9283924102783203,0.2206892967224121,-7.738205909729004,7.700528621673584,0.006813542451709509,0.04016263782978058,488439,7.925489509943873,7.408322737319395,16.201017249841243,0.8687598074384597,0.1312401925615403,150859,0.6673133592907252,0.3326866407092748,5684,0.08090361952781677,0.0005368627025745809,29.242252494441345,0.03305923566222191,0.9669407643377781,0.1134258508682251,0.23547779023647308,0.0217953622341156,0.505448579788208,0.494551420211792,0.522872269153595,0.5439953207969666,0.46381744742393494,0.505448579788208,0.494551420211792,0.505448579788208,0.494551420211792,0.640203344101003,0.359796655898997,0.9698303937911987,0.9415527671980377,0.05844723280196229,0.072792959759578,0.6162772143744618,0.3837227856255382,0.0,0.0,0.0,0.024062369018793106,0.01008314173668623,1.0,0.0,0.03561345487833023,0.005957755260169506,443596
b2_cityscapes_val,2026-07-07 05:27:51,cityscapes,val,all,student_skd,/scratch/gautschi/manors/hf_cache/hub/models--nvidia--mit-b2/snapshots/3bb39e8739149c3777d0325349b2a6c32c6413db,runs/mit-b2_skd_j9196921/student_skd.ckpt,skd,img_000331,/home/manors/Guardrail-Distillation/data/cityscapes/leftImg8bit/val/munster/munster_000005_000019_leftImg8bit.png,,0.6312484208230068,0.3687515791769932,0.939857542514801,0.9671000838279724,0.09471036493778229,0.0870223119854927,0.21168184280395508,0.9228087663650513,0.23192717134952545,-8.020129203796387,7.980143070220947,0.006126361899077892,0.04130253940820694,486096,7.925489509943873,7.408322737319395,16.201017249841243,0.480698344062633,0.519301655937367,150859,0.6769399694598106,0.3230600305401894,5209,0.08782100677490234,0.000497846573125571,29.242252494441345,0.0397854819893837,0.9602145180106163,0.14473485946655273,0.2948029041290283,0.026172904297709465,0.5065428614616394,0.4934571385383606,0.5256649851799011,0.54824298620224,0.42593133449554443,0.5065428614616394,0.4934571385383606,0.5065428614616394,0.4934571385383606,0.58891849105265,0.41108150894734996,0.9381541609764099,0.6359378916705016,0.36406210832949837,0.15523954760786862,0.44271348244126774,0.5572865175587323,0.0,0.0,0.0,0.011318751610815525,0.013022119179368019,1.0,0.0,0.027445195242762566,0.0007961390074342489,438076
b2_cityscapes_val,2026-07-07 05:27:51,cityscapes,val,all,student_skd,/scratch/gautschi/manors/hf_cache/hub/models--nvidia--mit-b2/snapshots/3bb39e8739149c3777d0325349b2a6c32c6413db,runs/mit-b2_skd_j9196921/student_skd.ckpt,skd,img_000332,/home/manors/Guardrail-Distillation/data/cityscapes/leftImg8bit/val/munster/munster_000006_000019_leftImg8bit.png,,0.7313336669696943,0.26866633303030574,0.952933132648468,0.9619632363319397,0.10927616059780121,0.0981675535440445,0.24889852106571198,0.9205116629600525,0.23418483138084412,-7.976219654083252,7.928321838378906,0.013062574900686741,0.05452350899577141,447385,7.92785850353539,7.410204241750762,16.200109501369298,0.869381774319595,0.13061822568040504,139691,0.8632385824192497,0.13676141758075033,11598,0.09917303919792175,0.0005504092550836504,29.240158735774457,0.04782082512974739,0.9521791748702526,0.19068676233291626,0.3836613893508911,0.04357750341296196,0.5108926296234131,0.4891073703765869,0.5331368446350098,0.5825245976448059,0.43647944927215576,0.5108926296234131,0.4891073703765869,0.5108926296234131,0.4891073703765869,0.7936520599744702,0.2063479400255298,0.9631882905960083,0.7995429916185242,0.20045700838147584,0.0,0.9565170046109384,0.04348299538906164,0.09327842219168869,0.06231839300477593,0.06231839300477593,0.0205125343054533,0.010257384739816189,0.9376816069952241,0.06231839300477593,0.03386792168021202,0.001388066215440631,398801
b2_cityscapes_val,2026-07-07 05:27:51,cityscapes,val,all,student_skd,/scratch/gautschi/manors/hf_cache/hub/models--nvidia--mit-b2/snapshots/3bb39e8739149c3777d0325349b2a6c32c6413db,runs/mit-b2_skd_j9196921/student_skd.ckpt,skd,img_000333,/home/manors/Guardrail-Distillation/data/cityscapes/leftImg8bit/val/munster/munster_000007_000019_leftImg8bit.png,,0.6401215779766026,0.35987842202339737,0.94402015209198,0.9578846096992493,0.1135939434170723,0.10520219057798386,0.24852462112903595,0.9141049385070801,0.24890664219856262,-7.848650932312012,7.795906066894531,0.011922074481844902,0.06255386769771576,486157,7.92785850353539,7.410204241750762,16.200109501369298,0.9746779439009827,0.025322056099017276,150859,0.6132234209646396,0.38677657903536045,29855,0.1061774492263794,0.0006494568078778684,29.240158735774457,0.043910857290029526,0.9560891427099705,0.18858985602855682,0.33040642738342285,0.03554077073931694,0.5088842511177063,0.4911157488822937,0.5347645282745361,0.5733551383018494,0.427563339471817,0.5088842511177063,0.4911157488822937,0.5088842511177063,0.4911157488822937,0.6649792775236254,0.3350207224763746,0.9519352912902832,0.9823485583531409,0.017651441646859056,0.00767061445215822,0.635243981832254,0.36475601816774605,0.02202056086761439,0.02485769954702277,0.02485769954702277,0.021797485649585724,0.013882346451282501,0.9751423004529772,0.02485769954702277,0.0406494215130806,0.0006499958108179271,427497
b2_cityscapes_val,2026-07-07 05:27:51,cityscapes,val,all,student_skd,/scratch/gautschi/manors/hf_cache/hub/models--nvidia--mit-b2/snapshots/3bb39e8739149c3777d0325349b2a6c32c6413db,runs/mit-b2_skd_j9196921/student_skd.ckpt,skd,img_000334,/home/manors/Guardrail-Distillation/data/cityscapes/leftImg8bit/val/munster/munster_000008_000019_leftImg8bit.png,,0.7288738139679132,0.2711261860320868,0.9749782681465149,0.9797005653381348,0.07396911829710007,0.05134637653827667,0.15531407296657562,0.9517727494239807,0.14611101150512695,-8.586127281188965,8.561785697937012,0.0019616575445979834,0.024807175621390343,493970,7.92785850353539,7.410204241750762,16.200109501369298,0.9697301357807504,0.030269864219249598,150859,0.4963984929078014,0.5036015070921986,108288,0.051900412887334824,0.00031058641616255045,29.240158735774457,0.021261416375637054,0.978738583624363,0.03845088183879852,0.15469330549240112,0.010909738019108772,0.5027273893356323,0.4972726106643677,0.5086954236030579,0.5232309699058533,0.4122021198272705,0.5027273893356323,0.4972726106643677,0.5027273893356323,0.4972726106643677,0.7454112855862323,0.25458871441376774,0.9822438955307007,0.9709794167915042,0.029020583208495765,0.0012492810107538332,0.989204713356974,0.01079528664302598,0.49280622044917266,0.01653747161831909,0.01653747161831909,0.011227402836084366,0.003961779177188873,0.9834625283816809,0.01653747161831909,0.016069801524281502,0.0006862765294499695,463107
b2_cityscapes_val,2026-07-07 05:27:51,cityscapes,val,all,student_skd,/scratch/gautschi/manors/hf_cache/hub/models--nvidia--mit-b2/snapshots/3bb39e8739149c3777d0325349b2a6c32c6413db,runs/mit-b2_skd_j9196921/student_skd.ckpt,skd,img_000335,/home/manors/Guardrail-Distillation/data/cityscapes/leftImg8bit/val/munster/munster_000009_000019_leftImg8bit.png,,0.6278333635385119,0.37216663646148807,0.9612030982971191,0.9680284857749939,0.09625569730997086,0.08095178008079529,0.21210642158985138,0.9323732256889343,0.19405946135520935,-8.408308029174805,8.36904239654541,0.005983333569020033,0.043901193886995316,469805,7.92785850353539,7.410204241750762,16.200109501369298,0.948037416078793,0.051962583921207006,150859,0.6628630445748139,0.33713695542518607,119696,0.08170927315950394,0.0004769615479744971,29.240158735774457,0.03334778919816017,0.9666522108018398,0.1099441796541214,0.26741257309913635,0.02528250589966774,0.5063202977180481,0.4936797022819519,0.5206736922264099,0.5458574295043945,0.398568719625473,0.5063202977180481,0.4936797022819519,0.5063202977180481,0.4936797022819519,0.6815386008033268,0.31846139919667316,0.9706622958183289,0.9357778868290438,0.06422211317095616,0.0,0.8874739332499726,0.11252606675002741,0.22461088867515866,0.05370523726481491,0.05370523726481491,0.016347208991646767,0.006887964438647032,0.9462947627351851,0.05370523726481491,0.025823481380939484,0.0011345132952556014,424840
b2_cityscapes_val,2026-07-07 05:27:51,cityscapes,val,all,student_skd,/scratch/gautschi/manors/hf_cache/hub/models--nvidia--mit-b2/snapshots/3bb39e8739149c3777d0325349b2a6c32c6413db,runs/mit-b2_skd_j9196921/student_skd.ckpt,skd,img_000336,/home/manors/Guardrail-Distillation/data/cityscapes/leftImg8bit/val/munster/munster_000010_000019_leftImg8bit.png,,0.7123489760147534,0.28765102398524656,0.9495291709899902,0.9583016633987427,0.1078173890709877,0.10717220604419708,0.2385079562664032,0.9096857309341431,0.2624300718307495,-8.047374725341797,7.996183395385742,0.00868220441043377,0.05581182613968849,487549,7.928270264528692,7.4042342603206635,16.192987997783348,0.9751500077049822,0.02484999229501783,150540,0.7396564624459072,0.2603435375540928,49557,0.10812642425298691,0.0006339268293231726,29.30148650193587,0.045371126383543015,0.954628873616457,0.1820673942565918,0.3103254735469818,0.031762536615133286,0.5079399347305298,0.4920600652694702,0.5344328284263611,0.5556468367576599,0.43834856152534485,0.5079399347305298,0.4920600652694702,0.5079399347305298,0.4920600652694702,0.6751879049551897,0.32481209504481035,0.948725163936615,0.6554530293227118,0.34454697067728823,0.0,0.6233911615633337,0.37660883843666626,0.0,0.0,0.0,0.01965135708451271,0.02045537903904915,1.0,0.0,0.04292081296443939,0.0016449628164991736,426580
b2_cityscapes_val,2026-07-07 05:27:51,cityscapes,val,all,student_skd,/scratch/gautschi/manors/hf_cache/hub/models--nvidia--mit-b2/snapshots/3bb39e8739149c3777d0325349b2a6c32c6413db,runs/mit-b2_skd_j9196921/student_skd.ckpt,skd,img_000337,/home/manors/Guardrail-Distillation/data/cityscapes/leftImg8bit/val/munster/munster_000011_000019_leftImg8bit.png,,0.5459960982952968,0.45400390170470317,0.9511793255805969,0.9681872725486755,0.09602469205856323,0.08038289844989777,0.21315591037273407,0.932438313961029,0.19695740938186646,-8.450178146362305,8.41109848022461,0.005636627320200205,0.043432172387838364,487703,7.928270264528692,7.4042342603206635,16.192987997783348,0.8241984268473669,0.17580157315263312,150859,0.5005620258127801,0.4994379741872199,75119,0.08104219287633896,0.00044112259638495743,29.30148650193587,0.033131543546915054,0.966868456453085,0.10402180254459381,0.2684970796108246,0.021333249285817146,0.5053331255912781,0.4946668744087219,0.5183812975883484,0.5415418744087219,0.40495985746383667,0.5053331255912781,0.4946668744087219,0.5053331255912781,0.4946668744087219,0.5691120352634904,0.4308879647365096,0.963625431060791,0.8717658069258869,0.1282341930741131,0.047567380078520016,0.4958215179002462,0.5041784820997538,0.0,0.023115936968193584,0.023115936968193584,0.018673250451683998,0.006227150559425354,0.9768840630318064,0.023115936968193584,0.027338359504938126,0.0013983921380713582,441217
b2_cityscapes_val,2026-07-07 05:27:51,cityscapes,val,all,student_skd,/scratch/gautschi/manors/hf_cache/hub/models--nvidia--mit-b2/snapshots/3bb39e8739149c3777d0325349b2a6c32c6413db,runs/mit-b2_skd_j9196921/student_skd.ckpt,skd,img_000338,/home/manors/Guardrail-Distillation/data/cityscapes/leftImg8bit/val/munster/munster_000012_000019_leftImg8bit.png,,0.7347431821,0.2652568179,0.9584780335426331,0.9720564484596252,0.085597924888134,0.07123809307813644,0.1822347342967987,0.9344253540039062,0.1983519196510315,-8.156048774719238,8.122564315795898,0.002314122160896659,0.03482173755764961,491331,7.928270264528692,7.4042342603206635,16.192987997783348,0.9444417109628905,0.055558289037109465,150859,0.850560068631269,0.14943993136873102,100610,0.07202388346195221,0.0004320846637710929,29.30148650193587,0.03601187840104103,0.963988121598959,0.12635192275047302,0.24896842241287231,0.025237547233700752,0.5063090324401855,0.49369096755981445,0.523796021938324,0.5431966781616211,0.4324500858783722,0.5063090324401855,0.49369096755981445,0.5063090324401855,0.49369096755981445,0.7886596214415089,0.21134037855849108,0.9720941185951233,0.9659554967061674,0.03404450329383257,0.021513785743276892,0.8826137172676999,0.11738628273230012,0.0320536486364309,0.053916439341508915,0.053916439341508915,0.019809454679489136,0.0061933803372085094,0.9460835606584911,0.053916439341508915,0.026721293106675148,0.0026397681795060635,448698
b2_cityscapes_val,2026-07-07 05:27:51,cityscapes,val,all,student_skd,/scratch/gautschi/manors/hf_cache/hub/models--nvidia--mit-b2/snapshots/3bb39e8739149c3777d0325349b2a6c32c6413db,runs/mit-b2_skd_j9196921/student_skd.ckpt,skd,img_000339,/home/manors/Guardrail-Distillation/data/cityscapes/leftImg8bit/val/munster/munster_000013_000019_leftImg8bit.png,,0.7027202877385034,0.29727971226149663,0.952743649482727,0.9683825969696045,0.09262657910585403,0.08330249041318893,0.20424315333366394,0.9234545826911926,0.23857523500919342,-7.954174041748047,7.915856838226318,0.005314826499670744,0.039792243391275406,471323,7.928270264528692,7.4042342603206635,16.192987997783348,0.7818468869265465,0.21815311307345353,138347,0.7791334275714535,0.22086657242854646,35767,0.08430590480566025,0.0006056377897039056,29.30148650193587,0.03685792535543442,0.9631420746445656,0.13058407604694366,0.2624204158782959,0.024010643362998962,0.5060023665428162,0.49399763345718384,0.5234156847000122,0.5446735620498657,0.44077324867248535,0.5060023665428162,0.49399763345718384,0.5060023665428162,0.49399763345718384,0.7321837299304739,0.26781627006952613,0.95936119556427,0.8456043721468439,0.15439562785315608,0.06375748522029745,0.8099245350481195,0.19007546495188055,0.030791107476665913,0.0294634421919705,0.0294634421919705,0.014092246070504189,0.0074747041799128056,0.9705365578080295,0.0294634421919705,0.023272786289453506,0.0006174109876155853,426093
b2_cityscapes_val,2026-07-07 05:27:51,cityscapes,val,all,student_skd,/scratch/gautschi/manors/hf_cache/hub/models--nvidia--mit-b2/snapshots/3bb39e8739149c3777d0325349b2a6c32c6413db,runs/mit-b2_skd_j9196921/student_skd.ckpt,skd,img_000340,/home/manors/Guardrail-Distillation/data/cityscapes/leftImg8bit/val/munster/munster_000014_000019_leftImg8bit.png,,0.6227161483048049,0.37728385169519507,0.9704670906066895,0.9789924025535583,0.07689855992794037,0.05351440981030464,0.16547733545303345,0.9504489898681641,0.15381066501140594,-8.21419620513916,8.188785552978516,0.002747726859524846,0.02717333287000656,486948,7.952233252581209,7.420091249514371,16.280506766634062,0.9125649850246451,0.08743501497535489,150859,0.5296026155345487,0.4703973844654513,53975,0.053996242582798004,0.00031069034594111145,29.382538254139945,0.021190857514739037,0.978809142485261,0.043808043003082275,0.15909443795681,0.00994196068495512,0.502485454082489,0.497514545917511,0.5096152424812317,0.52504563331604,0.41806966066360474,0.502485454082489,0.497514545917511,0.502485454082489,0.497514545917511,0.7172481733338322,0.2827518266661678,0.9747406840324402,0.8473419519234799,0.15265804807652006,0.0,0.91130104500711,0.08869895499289004,0.3816984294725613,0.09453202502902724,0.09453202502902724,0.012297001667320728,0.008023444563150406,0.9054679749709728,0.09453202502902724,0.021534128114581108,0.0010760902659967542,455850
b2_cityscapes_val,2026-07-07 05:27:51,cityscapes,val,all,student_skd,/scratch/gautschi/manors/hf_cache/hub/models--nvidia--mit-b2/snapshots/3bb39e8739149c3777d0325349b2a6c32c6413db,runs/mit-b2_skd_j9196921/student_skd.ckpt,skd,img_000341,/home/manors/Guardrail-Distillation/data/cityscapes/leftImg8bit/val/munster/munster_000015_000019_leftImg8bit.png,,0.7260767573082146,0.27392324269178536,0.9597024917602539,0.973124623298645,0.08514957129955292,0.06957558542490005,0.18408729135990143,0.9356800317764282,0.19802135229110718,-7.957064628601074,7.924665927886963,0.003403113456442952,0.0335812047123909,488964,7.952233252581209,7.420091249514371,16.280506766634062,0.6976247460164674,0.3023752539835326,150859,0.8267075179371693,0.17329248206283066,50798,0.07042249292135239,0.00047854467993602157,29.382538254139945,0.03147796913981438,0.9685220308601856,0.09814932197332382,0.23357102274894714,0.019915448501706123,0.5049787163734436,0.4950212836265564,0.5192776322364807,0.5418814420700073,0.4148547649383545,0.5049787163734436,0.4950212836265564,0.5049787163734436,0.4950212836265564,0.727789546366909,0.27221045363309104,0.9679178595542908,0.6790005841673878,0.32099941583261216,0.0,0.8687848283520787,0.1312151716479213,0.042077310414909364,0.0017127890586943195,0.0017127890586943195,0.01437120046466589,0.006155872251838446,0.9982872109413057,0.0017127890586943195,0.02170507423579693,0.0013068446423858404,448743
b2_cityscapes_val,2026-07-07 05:27:51,cityscapes,val,all,student_skd,/scratch/gautschi/manors/hf_cache/hub/models--nvidia--mit-b2/snapshots/3bb39e8739149c3777d0325349b2a6c32c6413db,runs/mit-b2_skd_j9196921/student_skd.ckpt,skd,img_000342,/home/manors/Guardrail-Distillation/data/cityscapes/leftImg8bit/val/munster/munster_000016_000019_leftImg8bit.png,,0.5399597623985151,0.46004023760148494,0.9781665802001953,0.9834205508232117,0.06683117896318436,0.04307780787348747,0.14383694529533386,0.9587144255638123,0.12915350496768951,-8.606587409973145,8.586740493774414,0.001550784450955689,0.019698679447174072,457188,7.952233252581209,7.420091249514371,16.280506766634062,0.39926352112647684,0.6007364788735232,126118,0.6310959051979107,0.3689040948020893,115241,0.04344823583960533,0.00020904807024635375,29.382538254139945,0.017796514555811882,0.9822034854441881,0.027738526463508606,0.12435908615589142,0.011741616763174534,0.5029353499412537,0.49706465005874634,0.5082187056541443,0.5228042006492615,0.3954612910747528,0.5029353499412537,0.49706465005874634,0.5029353499412537,0.49706465005874634,0.690897400442183,0.30910259955781705,0.9832497835159302,0.7441194605317595,0.2558805394682405,0.3448559394052827,0.6458601692700728,0.35413983072992716,0.014764264072162137,0.1509376380436679,0.1509376380436679,0.009361575357615948,0.00427832780405879,0.8490623619563321,0.1509376380436679,0.014333272352814674,0.0008464789134450257,433809
b2_cityscapes_val,2026-07-07 05:27:51,cityscapes,val,all,student_skd,/scratch/gautschi/manors/hf_cache/hub/models--nvidia--mit-b2/snapshots/3bb39e8739149c3777d0325349b2a6c32c6413db,runs/mit-b2_skd_j9196921/student_skd.ckpt,skd,img_000343,/home/manors/Guardrail-Distillation/data/cityscapes/leftImg8bit/val/munster/munster_000017_000019_leftImg8bit.png,,0.6149179144028489,0.38508208559715107,0.9625734090805054,0.9768784642219543,0.07945775240659714,0.05745561420917511,0.16607487201690674,0.9487204551696777,0.1483052670955658,-8.659635543823242,8.631804466247559,0.002064070198684931,0.02941138669848442,464616,7.952233252581209,7.420091249514371,16.280506766634062,1.0,0.0,124953,0.6650390161189261,0.33496098388107387,144972,0.057945799082517624,0.00031573663000017405,29.382538254139945,0.02430243231356144,0.9756975676864386,0.059178344905376434,0.19792181253433228,0.018397236242890358,0.5045991539955139,0.4954008460044861,0.5130739212036133,0.5369056463241577,0.4022490680217743,0.5045991539955139,0.4954008460044861,0.5045991539955139,0.4954008460044861,0.5710264391281097,0.4289735608718903,0.9610969424247742,1.0,0.0,0.0,0.7051243005280055,0.29487569947199455,0.040085284409079325,0.0,0.0,0.007074659690260887,0.008551147766411304,1.0,0.0,0.01632746309041977,0.000544535752851516,431525
b2_cityscapes_val,2026-07-07 05:27:52,cityscapes,val,all,student_skd,/scratch/gautschi/manors/hf_cache/hub/models--nvidia--mit-b2/snapshots/3bb39e8739149c3777d0325349b2a6c32c6413db,runs/mit-b2_skd_j9196921/student_skd.ckpt,skd,img_000344,/home/manors/Guardrail-Distillation/data/cityscapes/leftImg8bit/val/munster/munster_000018_000019_leftImg8bit.png,,0.6776676557829923,0.32233234421700774,0.952245831489563,0.9688132405281067,0.09333180636167526,0.07908152043819427,0.20257389545440674,0.9316732287406921,0.19978974759578705,-7.937965393066406,7.900012493133545,0.004995843395590782,0.040843501687049866,483602,7.959631737321615,7.425724499626085,16.274394234642386,0.983785562238524,0.01621443776147602,150859,0.709087658727278,0.29091234127272203,26777,0.07983602583408356,0.0004784365009982139,29.368950752541423,0.035301320254802704,0.9646986797451973,0.1263713836669922,0.27616801857948303,0.023879269137978554,0.5059695243835449,0.4940304756164551,0.526134192943573,0.5507992506027222,0.4118519127368927,0.5059695243835449,0.4940304756164551,0.5059695243835449,0.4940304756164551,0.7559731755415355,0.24402682445846446,0.9493178129196167,0.9883048575276201,0.011695142472379905,0.004519295289096115,0.7577771419314991,0.24222285806850086,0.04868948320422117,0.07830551975854327,0.07830551975854327,0.012830798514187336,0.015758825466036797,0.9216944802414567,0.07830551975854327,0.0302748940885067,0.0009098390582948923,437397
b2_cityscapes_val,2026-07-07 05:27:52,cityscapes,val,all,student_skd,/scratch/gautschi/manors/hf_cache/hub/models--nvidia--mit-b2/snapshots/3bb39e8739149c3777d0325349b2a6c32c6413db,runs/mit-b2_skd_j9196921/student_skd.ckpt,skd,img_000345,/home/manors/Guardrail-Distillation/data/cityscapes/leftImg8bit/val/munster/munster_000019_000019_leftImg8bit.png,,0.5885321589398237,0.4114678410601763,0.974989116191864,0.980339527130127,0.07456875592470169,0.05162123963236809,0.1656169891357422,0.952997624874115,0.14410218596458435,-8.659688949584961,8.635879516601562,0.003242651466280222,0.024956101551651955,438530,7.959631737321615,7.425724499626085,16.274394234642386,0.7169113064527994,0.28308869354720056,124278,0.33097169137068455,0.6690283086293154,85856,0.052107375115156174,0.00027928990311920643,29.368950752541423,0.020578522235155106,0.9794214777648449,0.040613554418087006,0.1512843668460846,0.014507919549942017,0.5036268830299377,0.49637311697006226,0.5114616751670837,0.5290821194648743,0.40882107615470886,0.5036268830299377,0.49637311697006226,0.5036268830299377,0.49637311697006226,0.5605705914057266,0.4394294085942734,0.9791028499603271,0.7347888320743823,0.2652111679256177,0.017877525621582846,0.24753990369480816,0.7524600963051918,0.0,0.0,0.0,0.008907030336558819,0.004793286323547363,1.0,0.0,0.014726472087204456,0.0006316557410173118,412633
b2_cityscapes_val,2026-07-07 05:27:52,cityscapes,val,all,student_skd,/scratch/gautschi/manors/hf_cache/hub/models--nvidia--mit-b2/snapshots/3bb39e8739149c3777d0325349b2a6c32c6413db,runs/mit-b2_skd_j9196921/student_skd.ckpt,skd,img_000346,/home/manors/Guardrail-Distillation/data/cityscapes/leftImg8bit/val/munster/munster_000020_000019_leftImg8bit.png,,0.7415339047018465,0.25846609529815345,0.9588344097137451,0.966707170009613,0.09742336720228195,0.08692599833011627,0.21851205825805664,0.925611138343811,0.22068768739700317,-7.9759016036987305,7.9350810050964355,0.007119134534150362,0.04463253915309906,480255,7.959631737321615,7.425724499626085,16.274394234642386,0.8149014198020986,0.18509858019790137,150859,0.8164518047567407,0.18354819524325927,21907,0.08763712644577026,0.0005001400713808835,29.368950752541423,0.03734980896115303,0.962650191038847,0.12856663763523102,0.28718677163124084,0.02865487150847912,0.5071632266044617,0.49283677339553833,0.526790976524353,0.5521453619003296,0.42494240403175354,0.5071632266044617,0.49283677339553833,0.5071632266044617,0.49283677339553833,0.7912817380450139,0.2087182619549861,0.96775883436203,0.8373379137438732,0.16266208625612677,0.022436493941774605,0.8214650598380855,0.1785349401619145,0.0050132550813447585,0.04974783334316735,0.04974783334316735,0.015543825924396515,0.006619400344789028,0.9502521666568327,0.04974783334316735,0.02394144795835018,0.0005268034874461591,433108
b2_cityscapes_val,2026-07-07 05:27:52,cityscapes,val,all,student_skd,/scratch/gautschi/manors/hf_cache/hub/models--nvidia--mit-b2/snapshots/3bb39e8739149c3777d0325349b2a6c32c6413db,runs/mit-b2_skd_j9196921/student_skd.ckpt,skd,img_000347,/home/manors/Guardrail-Distillation/data/cityscapes/leftImg8bit/val/munster/munster_000021_000019_leftImg8bit.png,,0.42222605023566717,0.5777739497643328,0.9396693706512451,0.9721128344535828,0.09060656279325485,0.07144708186388016,0.19903682172298431,0.9365746378898621,0.19221019744873047,-7.959506988525391,7.925189018249512,0.0055359057150781155,0.03746762126684189,483751,7.959631737321615,7.425724499626085,16.274394234642386,0.3765622074751073,0.6234377925248926,150859,0.32359889533696334,0.6764011046630367,38732,0.07214049249887466,0.00040153658483177423,29.368950752541423,0.03245309367775917,0.9675469063222408,0.09922957420349121,0.2671738862991333,0.02621983364224434,0.5065546035766602,0.49344539642333984,0.5237236618995667,0.5528743863105774,0.41018494963645935,0.5065546035766602,0.49344539642333984,0.5065546035766602,0.49344539642333984,0.4489765861192624,0.5510234138807376,0.9509230852127075,0.5213853399880696,0.4786146600119304,0.1448231325129622,0.3224758973385728,0.6775241026614272,0.0,0.026750535883595217,0.026750535883595217,0.032696571201086044,0.021442849189043045,0.9732494641164048,0.026750535883595217,0.056634508073329926,0.018873345106840134,444338
b2_cityscapes_val,2026-07-07 05:27:52,cityscapes,val,all,student_skd,/scratch/gautschi/manors/hf_cache/hub/models--nvidia--mit-b2/snapshots/3bb39e8739149c3777d0325349b2a6c32c6413db,runs/mit-b2_skd_j9196921/student_skd.ckpt,skd,img_000348,/home/manors/Guardrail-Distillation/data/cityscapes/leftImg8bit/val/munster/munster_000022_000019_leftImg8bit.png,,0.6040150134905482,0.3959849865094518,0.9533228278160095,0.967467725276947,0.09640251845121384,0.08389516174793243,0.2166168987751007,0.9292380213737488,0.20650508999824524,-8.344270706176758,8.304332733154297,0.0064340331591665745,0.042543113231658936,491760,7.96764375991188,7.417353743221611,16.293474473059177,0.5429277817373547,0.4570722182626453,150859,0.6937313330816808,0.3062686669183192,19676,0.08465390652418137,0.0004965742700733244,29.26705448771827,0.03796420618891716,0.9620357938110828,0.13547641038894653,0.29810306429862976,0.028082136064767838,0.5070200562477112,0.4929799437522888,0.5249338150024414,0.5496203303337097,0.41482654213905334,0.5070200562477112,0.4929799437522888,0.5070200562477112,0.4929799437522888,0.5568485833996714,0.44315141660032864,0.9539369344711304,0.6984842774092941,0.3015157225907059,0.1555564956719394,0.49931682173375913,0.5006831782662409,0.0,0.0,0.0,0.010263136588037014,0.009649015963077545,1.0,0.0,0.024347243830561638,0.00028672523330897093,443567
b2_cityscapes_val,2026-07-07 05:27:52,cityscapes,val,all,student_skd,/scratch/gautschi/manors/hf_cache/hub/models--nvidia--mit-b2/snapshots/3bb39e8739149c3777d0325349b2a6c32c6413db,runs/mit-b2_skd_j9196921/student_skd.ckpt,skd,img_000349,/home/manors/Guardrail-Distillation/data/cityscapes/leftImg8bit/val/munster/munster_000023_000019_leftImg8bit.png,,0.757891205709724,0.24210879429027599,0.9661230444908142,0.9743882417678833,0.08384615927934647,0.06908061355352402,0.19066859781742096,0.9362195134162903,0.20227238535881042,-7.910849571228027,7.8798747062683105,0.004336281213909388,0.03141399472951889,478290,7.96764375991188,7.417353743221611,16.293474473059177,0.9828711556254206,0.0171288443745794,150632,0.6637682044964679,0.3362317955035321,16379,0.06992308050394058,0.0004740018048323691,29.26705448771827,0.03059246763586998,0.96940753236413,0.09101641178131104,0.23817449808120728,0.01691747084259987,0.5042292475700378,0.49577075242996216,0.5160570740699768,0.5381717681884766,0.416226863861084,0.5042292475700378,0.49577075242996216,0.5042292475700378,0.49577075242996216,0.6554923388408677,0.34450766115913234,0.9653222560882568,0.6534912919755773,0.3465087080244227,0.0,0.6587230375324388,0.34127696246756123,0.0,0.0,0.0,0.00954859983175993,0.01034936960786581,1.0,0.0,0.02227727882564068,0.0005666018114425242,440912
b2_cityscapes_val,2026-07-07 05:27:52,cityscapes,val,all,student_skd,/scratch/gautschi/manors/hf_cache/hub/models--nvidia--mit-b2/snapshots/3bb39e8739149c3777d0325349b2a6c32c6413db,runs/mit-b2_skd_j9196921/student_skd.ckpt,skd,img_000350,/home/manors/Guardrail-Distillation/data/cityscapes/leftImg8bit/val/munster/munster_000024_000019_leftImg8bit.png,,0.5617356720870276,0.43826432791297243,0.9653794765472412,0.9705050587654114,0.09213446825742722,0.0740378201007843,0.1992369294166565,0.9368548393249512,0.18166907131671906,-8.277071952819824,8.240979194641113,0.005053879227489233,0.03992733359336853,474487,7.96764375991188,7.417353743221611,16.293474473059177,0.9642100532972355,0.035789946702764475,150859,0.2473329505273656,0.7526670494726344,33696,0.0745740458369255,0.0003866416809614748,29.26705448771827,0.0310985017567873,0.9689014982432127,0.09716891497373581,0.2570638954639435,0.020603463053703308,0.5051506757736206,0.4948493242263794,0.5179994702339172,0.5446674823760986,0.4242312014102936,0.5051506757736206,0.4948493242263794,0.5051506757736206,0.4948493242263794,0.6262229436772986,0.3737770563227014,0.9653162360191345,0.9672719340995917,0.03272806590040833,0.003061880802356143,0.43029630513372685,0.5697036948662731,0.18296335460636126,0.06448727159027101,0.06448727159027101,0.010164662264287472,0.010227888822555542,0.935512728409729,0.06448727159027101,0.02176666632294655,0.00023393686569761485,432316
b2_cityscapes_val,2026-07-07 05:27:52,cityscapes,val,all,student_skd,/scratch/gautschi/manors/hf_cache/hub/models--nvidia--mit-b2/snapshots/3bb39e8739149c3777d0325349b2a6c32c6413db,runs/mit-b2_skd_j9196921/student_skd.ckpt,skd,img_000351,/home/manors/Guardrail-Distillation/data/cityscapes/leftImg8bit/val/munster/munster_000025_000019_leftImg8bit.png,,0.524398465321575,0.47560153467842503,0.9673407077789307,0.9752371907234192,0.08404270559549332,0.06439647823572159,0.18768398463726044,0.9430115818977356,0.17385172843933105,-8.37496566772461,8.344822883605957,0.004118423908948898,0.03223934769630432,492907,7.96764375991188,7.417353743221611,16.293474473059177,1.0,0.0,150859,0.326251151366288,0.673748848633712,27414,0.06501597166061401,0.00037073655403219163,29.26705448771827,0.025553379207849503,0.9744466207921505,0.06275399029254913,0.1939617544412613,0.013070666231215,0.5032675862312317,0.4967324137687683,0.511415421962738,0.5329092144966125,0.43185433745384216,0.5032675862312317,0.4967324137687683,0.5032675862312317,0.4967324137687683,0.5598393242871569,0.4401606757128431,0.9711689949035645,1.0,0.0,0.0,0.38222497644368447,0.6177750235563155,0.055973825077396455,0.03544085896558191,0.03544085896558191,0.010192591696977615,0.0063642836175858974,0.9645591410344181,0.03544085896558191,0.01884939707815647,0.0005112526123411953,455255
b2_cityscapes_val,2026-07-07 05:27:52,cityscapes,val,all,student_skd,/scratch/gautschi/manors/hf_cache/hub/models--nvidia--mit-b2/snapshots/3bb39e8739149c3777d0325349b2a6c32c6413db,runs/mit-b2_skd_j9196921/student_skd.ckpt,skd,img_000352,/home/manors/Guardrail-Distillation/data/cityscapes/leftImg8bit/val/munster/munster_000026_000019_leftImg8bit.png,,0.667616276472329,0.332383723527671,0.900922954082489,0.9467898011207581,0.11969619989395142,0.13707071542739868,0.266929566860199,0.8852589130401611,0.33701291680336,-7.8316569328308105,7.766234874725342,0.011408758349716663,0.07167521119117737,490588,7.974047010065988,7.403561263345182,16.218996985116974,0.5474995810463942,0.4525004189536058,150859,0.5441807678565337,0.4558192321434663,47593,0.13844065368175507,0.001010713167488575,29.252279229694977,0.06620433926582336,0.9337956607341766,0.2578038275241852,0.3660341501235962,0.06285145878791809,0.5157076716423035,0.48429232835769653,0.5583876967430115,0.586868166923523,0.43005260825157166,0.5157076716423035,0.48429232835769653,0.5157076716423035,0.48429232835769653,0.7436570264960077,0.25634297350399227,0.9401289820671082,0.7750399287507158,0.2249600712492842,0.22754034770432163,0.6175440733514495,0.38245592664855055,0.07336330549491576,0.07604075002367872,0.07604075002367872,0.056387435644865036,0.01718142256140709,0.9239592499763213,0.07604075002367872,0.07843444496393204,0.02152315154671669,411747
b2_cityscapes_val,2026-07-07 05:27:52,cityscapes,val,all,student_skd,/scratch/gautschi/manors/hf_cache/hub/models--nvidia--mit-b2/snapshots/3bb39e8739149c3777d0325349b2a6c32c6413db,runs/mit-b2_skd_j9196921/student_skd.ckpt,skd,img_000353,/home/manors/Guardrail-Distillation/data/cityscapes/leftImg8bit/val/munster/munster_000027_000019_leftImg8bit.png,,0.488537793406838,0.511462206593162,0.9531720280647278,0.9705639481544495,0.09190692007541656,0.07816185802221298,0.211205393075943,0.9318132400512695,0.20816576480865479,-8.219686508178711,8.183609962463379,0.006309005431830883,0.038493793457746506,462672,7.974047010065988,7.403561263345182,16.218996985116974,0.8876673751701842,0.11233262482981576,135107,0.42191218889623766,0.5780878111037624,58070,0.0788130983710289,0.0004558647924568504,29.252279229694977,0.0321890152990818,0.9678109847009182,0.09860356897115707,0.2516420781612396,0.02290641888976097,0.5057263374328613,0.49427366256713867,0.5181577801704407,0.5415592193603516,0.4264114499092102,0.5057263374328613,0.49427366256713867,0.5057263374328613,0.49427366256713867,0.5669269451329236,0.43307305486707637,0.9591158032417297,0.7034396285558053,0.29656037144419467,0.0,0.6102466920689044,0.38975330793109564,0.18833450317266676,0.07838915172608563,0.07838915172608563,0.014306031167507172,0.008362296037375927,0.9216108482739144,0.07838915172608563,0.026991045102477074,0.000970449938904494,422287
b2_cityscapes_val,2026-07-07 05:27:52,cityscapes,val,all,student_skd,/scratch/gautschi/manors/hf_cache/hub/models--nvidia--mit-b2/snapshots/3bb39e8739149c3777d0325349b2a6c32c6413db,runs/mit-b2_skd_j9196921/student_skd.ckpt,skd,img_000354,/home/manors/Guardrail-Distillation/data/cityscapes/leftImg8bit/val/munster/munster_000028_000019_leftImg8bit.png,,0.5642933592326499,0.4357066407673501,0.9622592926025391,0.9718344211578369,0.08728430420160294,0.07209083437919617,0.19090504944324493,0.9372193217277527,0.18389859795570374,-7.971397876739502,7.937427043914795,0.0035114274360239506,0.03496372699737549,491538,7.974047010065988,7.403561263345182,16.218996985116974,0.9405591497514971,0.059440850248502874,150859,0.6354115541566003,0.36458844584339967,12309,0.07296685874462128,0.0004382625047583133,29.252279229694977,0.032642826437950134,0.9673571735620499,0.10571830719709396,0.2631319463253021,0.02011873759329319,0.5050294995307922,0.49497050046920776,0.5198781490325928,0.5425567030906677,0.4071851968765259,0.5050294995307922,0.49497050046920776,0.5050294995307922,0.49497050046920776,0.5812130679801673,0.41878693201983275,0.9673535227775574,0.9446173577068027,0.05538264229319734,0.004058207955305537,0.6237252214475942,0.37627477855240576,0.0,0.01691970874751736,0.01691970874751736,0.013054941780865192,0.00796072743833065,0.9830802912524826,0.01691970874751736,0.022340083494782448,0.001420032698661089,447774
b2_cityscapes_val,2026-07-07 05:27:52,cityscapes,val,all,student_skd,/scratch/gautschi/manors/hf_cache/hub/models--nvidia--mit-b2/snapshots/3bb39e8739149c3777d0325349b2a6c32c6413db,runs/mit-b2_skd_j9196921/student_skd.ckpt,skd,img_000355,/home/manors/Guardrail-Distillation/data/cityscapes/leftImg8bit/val/munster/munster_000029_000019_leftImg8bit.png,,0.6901906921099115,0.30980930789008854,0.960590124130249,0.9677774310112,0.0975104495882988,0.08105503767728806,0.21489764750003815,0.9326460361480713,0.19546973705291748,-7.9845733642578125,7.944810390472412,0.007025336846709251,0.04381318390369415,491222,7.974047010065988,7.403561263345182,16.218996985116974,0.9255090714542825,0.07449092854571748,150859,0.6693581891538116,0.3306418108461884,15875,0.08173120021820068,0.000458336784504354,29.252279229694977,0.03448162600398064,0.9655183739960194,0.11931292712688446,0.28195008635520935,0.021845338866114616,0.5054610967636108,0.49453890323638916,0.5200470089912415,0.5495544672012329,0.39989566802978516,0.5054610967636108,0.49453890323638916,0.5054610967636108,0.49453890323638916,0.5842166094734754,0.4157833905265246,0.9596598148345947,0.9007105656373695,0.09928943436263049,0.0,0.3851589326308543,0.6148410673691457,0.0,0.0,0.0,0.012831266038119793,0.013761598616838455,1.0,0.0,0.028653033077716827,0.0002748248225543648,443451
b2_cityscapes_val,2026-07-07 05:27:53,cityscapes,val,all,student_skd,/scratch/gautschi/manors/hf_cache/hub/models--nvidia--mit-b2/snapshots/3bb39e8739149c3777d0325349b2a6c32c6413db,runs/mit-b2_skd_j9196921/student_skd.ckpt,skd,img_000356,/home/manors/Guardrail-Distillation/data/cityscapes/leftImg8bit/val/munster/munster_000030_000019_leftImg8bit.png,,0.5031756689207582,0.49682433107924184,0.9521309733390808,0.9727548956871033,0.0858364924788475,0.07108473777770996,0.1879788190126419,0.9357331991195679,0.1936497986316681,-8.089536666870117,8.05667781829834,0.0035760633181780577,0.034357812255620956,485450,7.958351750858128,7.423951261444017,16.26470749033615,0.9879297710463626,0.012070228953637407,150819,0.6278395844878845,0.37216041551211554,8328,0.07178516685962677,0.0004314542165957391,29.356016748351976,0.03194596618413925,0.9680540338158607,0.09534894675016403,0.2518555819988251,0.023008182644844055,0.5057517886161804,0.4942482113838196,0.5184266567230225,0.5410671830177307,0.41572412848472595,0.5057517886161804,0.4942482113838196,0.5057517886161804,0.4942482113838196,0.5673564129925593,0.43264358700744066,0.9515748023986816,0.989570928318583,0.010429071681417046,0.0016411572722203616,0.6769327866449776,0.3230672133550224,0.04909320215709312,0.06418074407180119,0.06418074407180119,0.011603666469454765,0.012159851379692554,0.9358192559281988,0.06418074407180119,0.027644453570246696,0.0011618086136877537,445360
b2_cityscapes_val,2026-07-07 05:27:53,cityscapes,val,all,student_skd,/scratch/gautschi/manors/hf_cache/hub/models--nvidia--mit-b2/snapshots/3bb39e8739149c3777d0325349b2a6c32c6413db,runs/mit-b2_skd_j9196921/student_skd.ckpt,skd,img_000357,/home/manors/Guardrail-Distillation/data/cityscapes/leftImg8bit/val/munster/munster_000031_000019_leftImg8bit.png,,0.6789172269449746,0.3210827730550254,0.9606863260269165,0.9734070897102356,0.08749093860387802,0.07019408047199249,0.19692446291446686,0.9369876980781555,0.19550703465938568,-8.173469543457031,8.140926361083984,0.0053625330328941345,0.03496886417269707,489321,7.958351750858128,7.423951261444017,16.26470749033615,0.9927797108859575,0.0072202891140424885,150859,0.7239421542405549,0.27605784575944514,34020,0.07110445946455002,0.0004938659258186817,29.356016748351976,0.02863866277039051,0.9713613372296095,0.07020894438028336,0.22610579431056976,0.016844790428876877,0.5042111277580261,0.4957888722419739,0.5138732194900513,0.534141480922699,0.4269828796386719,0.5042111277580261,0.4957888722419739,0.5042111277580261,0.4957888722419739,0.6799800634547141,0.32001993654528593,0.964601993560791,0.9930495876619057,0.006950412338094347,0.0002698767759481413,0.8294265074542442,0.17057349254575582,0.10548435321368932,0.0010628365097394843,0.0010628365097394843,0.012065699324011803,0.008150069043040276,0.9989371634902605,0.0010628365097394843,0.022281896322965622,0.0007173205376602709,451117
b2_cityscapes_val,2026-07-07 05:27:53,cityscapes,val,all,student_skd,/scratch/gautschi/manors/hf_cache/hub/models--nvidia--mit-b2/snapshots/3bb39e8739149c3777d0325349b2a6c32c6413db,runs/mit-b2_skd_j9196921/student_skd.ckpt,skd,img_000358,/home/manors/Guardrail-Distillation/data/cityscapes/leftImg8bit/val/munster/munster_000032_000019_leftImg8bit.png,,0.6154405818730283,0.3845594181269717,0.9551517963409424,0.9738404154777527,0.08723175525665283,0.06911103427410126,0.19884717464447021,0.9381935000419617,0.1941874921321869,-8.082740783691406,8.050692558288574,0.005336748901754618,0.034618619829416275,491123,7.958351750858128,7.423951261444017,16.26470749033615,1.0,0.0,150859,0.865773260421436,0.134226739578564,44614,0.0698724314570427,0.0005439574015326798,29.356016748351976,0.03020394779741764,0.9697960522025824,0.09073715656995773,0.2391171008348465,0.0157281756401062,0.503931999206543,0.49606800079345703,0.5162580609321594,0.5396513342857361,0.42684096097946167,0.503931999206543,0.49606800079345703,0.503931999206543,0.49606800079345703,0.6295648451437955,0.3704351548562045,0.9579291343688965,1.0,0.0,0.0,0.8894182689911743,0.11058173100882573,0.02364500856973828,0.014124263270767212,0.014124263270767212,0.010681642219424248,0.007904333993792534,0.9858757367292328,0.014124263270767212,0.022075938060879707,0.0008633275865577161,452803
b2_cityscapes_val,2026-07-07 05:27:53,cityscapes,val,all,student_skd,/scratch/gautschi/manors/hf_cache/hub/models--nvidia--mit-b2/snapshots/3bb39e8739149c3777d0325349b2a6c32c6413db,runs/mit-b2_skd_j9196921/student_skd.ckpt,skd,img_000359,/home/manors/Guardrail-Distillation/data/cityscapes/leftImg8bit/val/munster/munster_000033_000019_leftImg8bit.png,,0.7948058982500429,0.20519410174995711,0.9739656448364258,0.9812144041061401,0.0725884661078453,0.04923824220895767,0.1609215885400772,0.9533953666687012,0.1496358960866928,-8.218512535095215,8.195793151855469,0.002636707853525877,0.023373231291770935,490005,7.958351750858128,7.423951261444017,16.26470749033615,0.6411740442014207,0.35882595579857934,150859,0.914006217905379,0.08599378209462105,58354,0.049848735332489014,0.0004193910863250494,29.356016748351976,0.019930290058255196,0.9800697099417448,0.03864159435033798,0.13928355276584625,0.009220779873430729,0.5023051500320435,0.49769484996795654,0.5098989605903625,0.5220519304275513,0.4010481834411621,0.5023051500320435,0.49769484996795654,0.5023051500320435,0.49769484996795654,0.708143247855021,0.29185675214497897,0.9804247617721558,0.6991210686905517,0.3008789313094483,0.05794702448913103,0.9191285582108545,0.08087144178914552,0.005122340305475537,0.0,0.0,0.011263150721788406,0.004804032854735851,1.0,0.0,0.016844727098941803,0.001185702276416123,462203
b2_cityscapes_val,2026-07-07 05:27:53,cityscapes,val,all,student_skd,/scratch/gautschi/manors/hf_cache/hub/models--nvidia--mit-b2/snapshots/3bb39e8739149c3777d0325349b2a6c32c6413db,runs/mit-b2_skd_j9196921/student_skd.ckpt,skd,img_000360,/home/manors/Guardrail-Distillation/data/cityscapes/leftImg8bit/val/munster/munster_000034_000019_leftImg8bit.png,,0.7206396897751547,0.2793603102248453,0.9606218934059143,0.9730541706085205,0.08458110690116882,0.0704997330904007,0.1835336536169052,0.9348527193069458,0.19930489361286163,-8.165114402770996,8.132695198059082,0.0037832469679415226,0.03261058032512665,495606,7.990748010342941,7.430463505443186,16.28193398937583,0.8728818806804058,0.12711811931959416,150859,0.997302062186131,0.002697937813868956,112308,0.07117888331413269,0.0003831110370811075,29.338723252294585,0.04212339594960213,0.9578766040503979,0.15555843710899353,0.28494006395339966,0.03939336538314819,0.509847104549408,0.49015289545059204,0.5331664681434631,0.5625534653663635,0.41395244002342224,0.509847104549408,0.49015289545059204,0.509847104549408,0.49015289545059204,0.7416291705963249,0.25837082940367506,0.9669515490531921,0.9239792998744206,0.07602070012557938,0.05109741919401478,0.9922712540513587,0.007728745948641258,0.0,0.020989480821170248,0.020989480821170248,0.015110792592167854,0.00878116860985756,0.9790105191788298,0.020989480821170248,0.02445894479751587,0.0018361358670517802,454936
b2_cityscapes_val,2026-07-07 05:27:53,cityscapes,val,all,student_skd,/scratch/gautschi/manors/hf_cache/hub/models--nvidia--mit-b2/snapshots/3bb39e8739149c3777d0325349b2a6c32c6413db,runs/mit-b2_skd_j9196921/student_skd.ckpt,skd,img_000361,/home/manors/Guardrail-Distillation/data/cityscapes/leftImg8bit/val/munster/munster_000035_000019_leftImg8bit.png,,0.6031266796349305,0.3968733203650695,0.967228889465332,0.967674195766449,0.09084542095661163,0.0826922208070755,0.19201667606830597,0.9268092513084412,0.20958511531352997,-8.033220291137695,7.994467735290527,0.0034220078960061073,0.03872886300086975,488602,7.990748010342941,7.430463505443186,16.28193398937583,0.9409751441184436,0.05902485588155637,150859,0.9983495784393559,0.0016504215606440997,54614,0.08330267667770386,0.0003634128370322287,29.338723252294585,0.0514625608921051,0.9485374391078949,0.2166602611541748,0.3317995071411133,0.046616312116384506,0.5116519927978516,0.48834800720214844,0.549558699131012,0.5839555263519287,0.43283772468566895,0.5116519927978516,0.48834800720214844,0.5116519927978516,0.48834800720214844,0.6346208665447719,0.3653791334552281,0.9762485027313232,0.954200811182052,0.04579918881794798,0.013225667063608393,0.9903285984483676,0.009671401551632375,0.0,0.031494186909841404,0.031494186909841404,0.014707266353070736,0.0056876554153859615,0.9685058130901586,0.031494186909841404,0.02207931876182556,0.001860409858636558,439851
b2_cityscapes_val,2026-07-07 05:27:53,cityscapes,val,all,student_skd,/scratch/gautschi/manors/hf_cache/hub/models--nvidia--mit-b2/snapshots/3bb39e8739149c3777d0325349b2a6c32c6413db,runs/mit-b2_skd_j9196921/student_skd.ckpt,skd,img_000362,/home/manors/Guardrail-Distillation/data/cityscapes/leftImg8bit/val/munster/munster_000036_000019_leftImg8bit.png,,0.7907345168213997,0.20926548317860028,0.9694420099258423,0.9676311016082764,0.08969598263502121,0.08192045241594315,0.1849006563425064,0.9269529581069946,0.20370663702487946,-8.341751098632812,8.303171157836914,0.002290197880938649,0.039007775485515594,483801,7.990748010342941,7.430463505443186,16.28193398937583,0.8782454236206728,0.12175457637932718,150802,0.9688396816340037,0.03116031836599631,71097,0.08259892463684082,0.00039621174801141024,29.338723252294585,0.04240266978740692,0.9575973302125931,0.1458781510591507,0.3004463315010071,0.04550861567258835,0.5113751888275146,0.48862481117248535,0.5331814885139465,0.5711653828620911,0.4289648234844208,0.5113751888275146,0.48862481117248535,0.5113751888275146,0.48862481117248535,0.7700098337650068,0.22999016623499324,0.9768438339233398,0.9032144643193787,0.09678553568062132,0.02496904069870587,0.973408174106943,0.026591825893056975,0.004568492472939334,0.0,0.0,0.014603111892938614,0.007201308384537697,1.0,0.0,0.022726288065314293,0.0007482415530830622,436718
b2_cityscapes_val,2026-07-07 05:27:53,cityscapes,val,all,student_skd,/scratch/gautschi/manors/hf_cache/hub/models--nvidia--mit-b2/snapshots/3bb39e8739149c3777d0325349b2a6c32c6413db,runs/mit-b2_skd_j9196921/student_skd.ckpt,skd,img_000363,/home/manors/Guardrail-Distillation/data/cityscapes/leftImg8bit/val/munster/munster_000037_000019_leftImg8bit.png,,0.6526057056969868,0.34739429430301316,0.9690027832984924,0.9760481715202332,0.08505856990814209,0.05922132730484009,0.18423427641391754,0.9487451910972595,0.15317821502685547,-8.081915855407715,8.052416801452637,0.004476779140532017,0.03314019739627838,482043,7.990748010342941,7.430463505443186,16.28193398937583,0.8237859688078412,0.17621403119215884,150859,0.6140711517563521,0.3859288482436479,10032,0.059797920286655426,0.00037815625546500087,29.338723252294585,0.025615081191062927,0.9743849188089371,0.05170399695634842,0.21722359955310822,0.014946453273296356,0.5037365555763245,0.49626344442367554,0.5107329487800598,0.5345506072044373,0.402152955532074,0.5037365555763245,0.49626344442367554,0.5037365555763245,0.49626344442367554,0.5411658923087972,0.4588341076912028,0.9750188589096069,0.862552194619983,0.137447805380017,0.03876622581214184,0.6395071811142811,0.36049281888571894,0.02543602935792899,0.0,0.0,0.011679456569254398,0.005663395393639803,1.0,0.0,0.018429892137646675,0.0008132054936140776,447352
b2_cityscapes_val,2026-07-07 05:27:53,cityscapes,val,all,student_skd,/scratch/gautschi/manors/hf_cache/hub/models--nvidia--mit-b2/snapshots/3bb39e8739149c3777d0325349b2a6c32c6413db,runs/mit-b2_skd_j9196921/student_skd.ckpt,skd,img_000364,/home/manors/Guardrail-Distillation/data/cityscapes/leftImg8bit/val/munster/munster_000038_000019_leftImg8bit.png,,0.6299493710089994,0.3700506289910006,0.9486217498779297,0.9647719264030457,0.09930196404457092,0.09119463711977005,0.22131013870239258,0.9208571910858154,0.23761086165905,-8.186728477478027,8.143614768981934,0.00701445247977972,0.045987702906131744,491414,7.968187012011185,7.4187107384204865,16.320072492817417,0.9868380193180624,0.013161980681937635,150859,0.6198645237457056,0.38013547625429445,70293,0.09224759787321091,0.0005829985602758825,29.35326797887683,0.039216794073581696,0.9607832059264183,0.14985615015029907,0.28362661600112915,0.0297609381377697,0.5074396729469299,0.49256032705307007,0.5291608572006226,0.5549161434173584,0.4328485429286957,0.5074396729469299,0.49256032705307007,0.5074396729469299,0.49256032705307007,0.7407522605023554,0.25924773949764457,0.9650458097457886,0.9814821825491074,0.01851781745089265,0.0,0.6742089820564053,0.32579101794359466,0.054344458310699784,0.11080288949335604,0.11080288949335604,0.024775445461273193,0.008351410739123821,0.889197110506644,0.11080288949335604,0.03580280765891075,0.003296609502285719,439218
b2_cityscapes_val,2026-07-07 05:27:53,cityscapes,val,all,student_skd,/scratch/gautschi/manors/hf_cache/hub/models--nvidia--mit-b2/snapshots/3bb39e8739149c3777d0325349b2a6c32c6413db,runs/mit-b2_skd_j9196921/student_skd.ckpt,skd,img_000365,/home/manors/Guardrail-Distillation/data/cityscapes/leftImg8bit/val/munster/munster_000039_000019_leftImg8bit.png,,0.5784851361514848,0.4215148638485152,0.9625530242919922,0.974891722202301,0.08629631996154785,0.06610921025276184,0.19942432641983032,0.9432076811790466,0.1751295030117035,-8.22075366973877,8.189863204956055,0.005335940979421139,0.03351295366883278,492884,7.968187012011185,7.4187107384204865,16.320072492817417,0.9301694471016565,0.0698305528983435,150859,0.6611210329935922,0.33887896700640785,36215,0.06674957275390625,0.0004893697914667428,29.35326797887683,0.031410038471221924,0.9685899615287781,0.10271994769573212,0.2528841197490692,0.022468620911240578,0.5056169033050537,0.4943830966949463,0.5225922465324402,0.5501210689544678,0.39162468910217285,0.5056169033050537,0.4943830966949463,0.5056169033050537,0.4943830966949463,0.6815377729889569,0.3184622270110431,0.9709444642066956,0.9484609487368028,0.051539051263197244,0.018291501635146257,0.6695224196600571,0.3304775803399429,0.00840138666646495,0.10305263683747212,0.10305263683747212,0.01632026955485344,0.007928842678666115,0.8969473631625279,0.10305263683747212,0.026691878214478493,0.0021850981283932924,455789
b2_cityscapes_val,2026-07-07 05:27:53,cityscapes,val,all,student_skd,/scratch/gautschi/manors/hf_cache/hub/models--nvidia--mit-b2/snapshots/3bb39e8739149c3777d0325349b2a6c32c6413db,runs/mit-b2_skd_j9196921/student_skd.ckpt,skd,img_000366,/home/manors/Guardrail-Distillation/data/cityscapes/leftImg8bit/val/munster/munster_000040_000019_leftImg8bit.png,,0.696685073874291,0.303314926125709,0.9478756785392761,0.9671810269355774,0.09770815819501877,0.08592060953378677,0.21780994534492493,0.9227875471115112,0.24335429072380066,-7.889354228973389,7.848924160003662,0.008428383618593216,0.04340155050158501,475536,7.968187012011185,7.4187107384204865,16.320072492817417,0.7144512024517028,0.2855487975482972,150859,0.6608348028664387,0.3391651971335613,65821,0.08700885623693466,0.0006710804882459342,29.35326797887683,0.040691688656806946,0.959308311343193,0.1473654806613922,0.28821009397506714,0.030560124665498734,0.507639467716217,0.49236053228378296,0.5308157801628113,0.5547415614128113,0.43666860461235046,0.507639467716217,0.49236053228378296,0.507639467716217,0.49236053228378296,0.713969624879585,0.28603037512041496,0.9512150287628174,0.7645423274496531,0.23545767255034689,0.05009112499795032,0.7000253990134956,0.2999746009865044,0.03919059614705689,0.017284551005294024,0.017284551005294024,0.015050385147333145,0.011710995808243752,0.982715448994706,0.017284551005294024,0.029943054541945457,0.0006750277825631201,429639
b2_cityscapes_val,2026-07-07 05:27:53,cityscapes,val,all,student_skd,/scratch/gautschi/manors/hf_cache/hub/models--nvidia--mit-b2/snapshots/3bb39e8739149c3777d0325349b2a6c32c6413db,runs/mit-b2_skd_j9196921/student_skd.ckpt,skd,img_000367,/home/manors/Guardrail-Distillation/data/cityscapes/leftImg8bit/val/munster/munster_000041_000019_leftImg8bit.png,,0.6936625372197666,0.30633746278023344,0.9680674076080322,0.9809240698814392,0.07407137006521225,0.05226881429553032,0.17180055379867554,0.9503502249717712,0.1645614355802536,-8.511635780334473,8.488444328308105,0.003755004610866308,0.02445722185075283,462849,7.968187012011185,7.4187107384204865,16.320072492817417,1.0,0.0,150859,0.725931366220048,0.27406863377995205,59173,0.052928999066352844,0.00043450036901049316,29.35326797887683,0.026595432311296463,0.9734045676887035,0.06129790097475052,0.2069334089756012,0.021426331251859665,0.5053563714027405,0.4946436285972595,0.5206881761550903,0.5374823212623596,0.3928055167198181,0.5053563714027405,0.4946436285972595,0.5053563714027405,0.4946436285972595,0.6613808881510372,0.33861911184896276,0.9688624739646912,1.0,0.0,0.0,0.7812688806146444,0.2187311193853556,0.05533751439459644,0.0,0.0,0.01150699332356453,0.010711917653679848,1.0,0.0,0.024764016270637512,0.001549101434648037,436283
b2_cityscapes_val,2026-07-07 05:27:54,cityscapes,val,all,student_skd,/scratch/gautschi/manors/hf_cache/hub/models--nvidia--mit-b2/snapshots/3bb39e8739149c3777d0325349b2a6c32c6413db,runs/mit-b2_skd_j9196921/student_skd.ckpt,skd,img_000368,/home/manors/Guardrail-Distillation/data/cityscapes/leftImg8bit/val/munster/munster_000042_000019_leftImg8bit.png,,0.7222484957588456,0.27775150424115436,0.9730355739593506,0.980859100818634,0.07345154136419296,0.05084129795432091,0.1640385240316391,0.952207624912262,0.1529904007911682,-8.400450706481934,8.377289772033691,0.0032394910231232643,0.024164851754903793,479705,7.944040757138282,7.4150635045953095,16.269537241896614,0.9884635089664089,0.011536491033591112,150464,0.8025824038037845,0.19741759619621546,45917,0.05145272612571716,0.00031318748369812965,29.37636198475957,0.02253013662993908,0.9774698633700609,0.04242614656686783,0.16462144255638123,0.016422079876065254,0.5041054487228394,0.49589455127716064,0.514949381351471,0.5292865633964539,0.401174932718277,0.5041054487228394,0.49589455127716064,0.5041054487228394,0.49589455127716064,0.7042048407529756,0.2957951592470244,0.9765897989273071,0.9852757146251403,0.014724285374859702,0.0,0.855355834042019,0.14464416595798102,0.05277343023823444,0.0,0.0,0.008786650374531746,0.005232382565736771,1.0,0.0,0.015009225346148014,0.00022930761042516679,452099
b2_cityscapes_val,2026-07-07 05:27:54,cityscapes,val,all,student_skd,/scratch/gautschi/manors/hf_cache/hub/models--nvidia--mit-b2/snapshots/3bb39e8739149c3777d0325349b2a6c32c6413db,runs/mit-b2_skd_j9196921/student_skd.ckpt,skd,img_000369,/home/manors/Guardrail-Distillation/data/cityscapes/leftImg8bit/val/munster/munster_000043_000019_leftImg8bit.png,,0.7727668739739048,0.22723312602609524,0.9709956645965576,0.979498565196991,0.07653870433568954,0.05178526043891907,0.16428840160369873,0.9530444741249084,0.1435633897781372,-7.966745376586914,7.9418625831604,0.002782492432743311,0.026756152510643005,488411,7.944040757138282,7.4150635045953095,16.269537241896614,0.9591687432875421,0.04083125671245791,150859,0.880857317273354,0.11914268272664597,69468,0.052416812628507614,0.00037837083800695837,29.37636198475957,0.025167912244796753,0.9748320877552032,0.05783909931778908,0.1965773105621338,0.015508515760302544,0.5038770437240601,0.49612295627593994,0.5146995186805725,0.5347687602043152,0.40693727135658264,0.5038770437240601,0.49612295627593994,0.5038770437240601,0.49612295627593994,0.84334991158988,0.15665008841011996,0.9806351065635681,0.9796220747148742,0.02037792528512583,0.020453331427332078,0.8794647907503548,0.12053520924964523,0.0,0.07058303761597529,0.07058303761597529,0.013376029208302498,0.0037366067990660667,0.9294169623840247,0.07058303761597529,0.01803194358944893,0.0010319177526980639,458015
b2_cityscapes_val,2026-07-07 05:27:54,cityscapes,val,all,student_skd,/scratch/gautschi/manors/hf_cache/hub/models--nvidia--mit-b2/snapshots/3bb39e8739149c3777d0325349b2a6c32c6413db,runs/mit-b2_skd_j9196921/student_skd.ckpt,skd,img_000370,/home/manors/Guardrail-Distillation/data/cityscapes/leftImg8bit/val/munster/munster_000044_000019_leftImg8bit.png,,0.7993502212386471,0.20064977876135293,0.9639118909835815,0.9761876463890076,0.08216594904661179,0.06152009591460228,0.17983216047286987,0.9443260431289673,0.1710715889930725,-8.295007705688477,8.2660551071167,0.0043142614886164665,0.03042294643819332,493016,7.944040757138282,7.4150635045953095,16.269537241896614,0.7835367504320525,0.2164632495679475,150859,0.849376157652353,0.15062384234764703,65666,0.06222404167056084,0.00048167601926252246,29.37636198475957,0.027455370873212814,0.9725446291267872,0.07646064460277557,0.2090180516242981,0.018840961158275604,0.5047100782394409,0.4952899217605591,0.5167438983917236,0.535256564617157,0.39303046464920044,0.5047100782394409,0.4952899217605591,0.5047100782394409,0.4952899217605591,0.8124378823588508,0.18756211764114916,0.9701855182647705,0.8185831694948797,0.18141683050512025,0.03504641906282724,0.8586106320717888,0.14138936792821122,0.009234474419435812,0.013087661120203764,0.013087661120203764,0.012764290906488895,0.006490661296993494,0.9869123388797962,0.013087661120203764,0.020672757178544998,0.0008113326621241868,457654
b2_cityscapes_val,2026-07-07 05:27:54,cityscapes,val,all,student_skd,/scratch/gautschi/manors/hf_cache/hub/models--nvidia--mit-b2/snapshots/3bb39e8739149c3777d0325349b2a6c32c6413db,runs/mit-b2_skd_j9196921/student_skd.ckpt,skd,img_000371,/home/manors/Guardrail-Distillation/data/cityscapes/leftImg8bit/val/munster/munster_000045_000019_leftImg8bit.png,,0.608984576808428,0.391015423191572,0.9712242484092712,0.9794827699661255,0.0769171342253685,0.052212510257959366,0.1686415672302246,0.954008936882019,0.13765037059783936,-8.362325668334961,8.337349891662598,0.0032952676992863417,0.026471847668290138,492221,7.944040757138282,7.4150635045953095,16.269537241896614,0.956806722637949,0.04319327736205103,150859,0.6639155523694871,0.33608444763051293,53429,0.05271764099597931,0.00033733778400346637,29.37636198475957,0.0221148282289505,0.9778851717710495,0.04060159996151924,0.17415496706962585,0.010460495948791504,0.5026150941848755,0.4973849058151245,0.5092045664787292,0.5279386043548584,0.39348354935646057,0.5026150941848755,0.4973849058151245,0.5026150941848755,0.4973849058151245,0.7085835910480666,0.29141640895193344,0.9741721153259277,0.9581662724720315,0.041833727527968545,0.0013595498340824852,0.7154088485615056,0.28459115143849445,0.05149329619201848,0.09959901423963857,0.09959901423963857,0.008945168927311897,0.005997305735945702,0.9004009857603614,0.09959901423963857,0.016393043100833893,0.0004063215455971658,461622
b2_cityscapes_val,2026-07-07 05:27:54,cityscapes,val,all,student_skd,/scratch/gautschi/manors/hf_cache/hub/models--nvidia--mit-b2/snapshots/3bb39e8739149c3777d0325349b2a6c32c6413db,runs/mit-b2_skd_j9196921/student_skd.ckpt,skd,img_000372,/home/manors/Guardrail-Distillation/data/cityscapes/leftImg8bit/val/munster/munster_000046_000019_leftImg8bit.png,,0.6535958946681663,0.34640410533183374,0.943915069103241,0.9643680453300476,0.09889829158782959,0.0909842923283577,0.21544025838375092,0.9205857515335083,0.23503921926021576,-8.199698448181152,8.156352043151855,0.005660125054419041,0.0477604903280735,470661,7.95061924145557,7.421905494993553,16.28717200946994,0.3710513064642219,0.6289486935357781,141775,0.7927966368220261,0.20720336317797394,63319,0.09191237390041351,0.0006617542239837348,29.379361250903457,0.04216232895851135,0.9578376710414886,0.15568377077579498,0.29370468854904175,0.030957937240600586,0.5077388882637024,0.4922611117362976,0.5310947895050049,0.555427074432373,0.4398827850818634,0.5077388882637024,0.4922611117362976,0.5077388882637024,0.4922611117362976,0.6717751263681345,0.3282248736318655,0.9444058537483215,0.3558928644605695,0.6441071355394306,0.0,0.8277231688163752,0.1722768311836248,0.03492653199434914,0.018179231699968268,0.018179231699968268,0.01836141012609005,0.01787061244249344,0.9818207683000317,0.018179231699968268,0.040122296661138535,0.003756419289857149,419741
b2_cityscapes_val,2026-07-07 05:27:54,cityscapes,val,all,student_skd,/scratch/gautschi/manors/hf_cache/hub/models--nvidia--mit-b2/snapshots/3bb39e8739149c3777d0325349b2a6c32c6413db,runs/mit-b2_skd_j9196921/student_skd.ckpt,skd,img_000373,/home/manors/Guardrail-Distillation/data/cityscapes/leftImg8bit/val/munster/munster_000047_000019_leftImg8bit.png,,0.6055297660007493,0.39447023399925074,0.9515644311904907,0.9744126200675964,0.08645578473806381,0.07066640257835388,0.20549292862415314,0.9364122748374939,0.20633934438228607,-7.99349308013916,7.9620795249938965,0.006454880349338055,0.033028896898031235,479792,7.95061924145557,7.421905494993553,16.28717200946994,0.5865628723067892,0.41343712769321084,150859,0.8547648510591649,0.1452351489408351,27430,0.07155050337314606,0.0004879737098235637,29.379361250903457,0.029910186305642128,0.9700898136943579,0.08603519201278687,0.22525878250598907,0.015585742890834808,0.5038963556289673,0.4961036443710327,0.5167232155799866,0.5383158326148987,0.39927560091018677,0.5038963556289673,0.4961036443710327,0.5038963556289673,0.4961036443710327,0.6465662633053358,0.35343373669466416,0.9672983288764954,0.8932786135304696,0.10672138646953044,0.3067157412236804,0.8589437667186763,0.14105623328132366,0.004178915659511451,0.04103649730458658,0.04103649730458658,0.02272443100810051,0.006990529131144285,0.9589635026954134,0.04103649730458658,0.03188673406839371,0.008166038431227207,443459
b2_cityscapes_val,2026-07-07 05:27:54,cityscapes,val,all,student_skd,/scratch/gautschi/manors/hf_cache/hub/models--nvidia--mit-b2/snapshots/3bb39e8739149c3777d0325349b2a6c32c6413db,runs/mit-b2_skd_j9196921/student_skd.ckpt,skd,img_000374,/home/manors/Guardrail-Distillation/data/cityscapes/leftImg8bit/val/munster/munster_000048_000019_leftImg8bit.png,,0.6349811629965734,0.36501883700342663,0.9375481605529785,0.9595597386360168,0.1096508800983429,0.10814744234085083,0.2589455842971802,0.9102030396461487,0.27584517002105713,-8.179908752441406,8.129508018493652,0.011957907117903233,0.05547754466533661,492812,7.95061924145557,7.421905494993553,16.28717200946994,0.8508482367952092,0.14915176320479084,150859,0.609020241812132,0.390979758187868,64834,0.10937858372926712,0.0007934154127724469,29.379361250903457,0.04883970692753792,0.9511602930724621,0.19906485080718994,0.3514600396156311,0.03441093489527702,0.5086019039154053,0.4913980960845947,0.5314223170280457,0.5619044303894043,0.42964476346969604,0.5086019039154053,0.4913980960845947,0.5086019039154053,0.4913980960845947,0.6878768219076893,0.3121231780923107,0.9502426981925964,0.9053310080855581,0.09466899191444189,0.05448277129034895,0.7489496629186698,0.2510503370813302,0.13992942110653783,0.05289565891111592,0.05289565891111592,0.02360737882554531,0.010912883095443249,0.9471043410888841,0.05289565891111592,0.041598014533519745,0.002432976383715868,434704
b2_cityscapes_val,2026-07-07 05:27:54,cityscapes,val,all,student_skd,/scratch/gautschi/manors/hf_cache/hub/models--nvidia--mit-b2/snapshots/3bb39e8739149c3777d0325349b2a6c32c6413db,runs/mit-b2_skd_j9196921/student_skd.ckpt,skd,img_000375,/home/manors/Guardrail-Distillation/data/cityscapes/leftImg8bit/val/munster/munster_000049_000019_leftImg8bit.png,,0.6107379829594894,0.38926201704051056,0.9541074633598328,0.9660013914108276,0.09699764102697372,0.0867127776145935,0.2138463854789734,0.9266620874404907,0.21169109642505646,-8.193682670593262,8.152281761169434,0.005451258271932602,0.04427170380949974,480623,7.95061924145557,7.421905494993553,16.28717200946994,1.0,0.0,150859,0.7279774543311025,0.2720225456688975,33099,0.08758746087551117,0.0004866344388574362,29.379361250903457,0.03604758158326149,0.9639524184167385,0.136277437210083,0.2733319401741028,0.021805845201015472,0.5054512023925781,0.4945487976074219,0.5255452990531921,0.5449093580245972,0.42860472202301025,0.5054512023925781,0.4945487976074219,0.5054512023925781,0.4945487976074219,0.614280832622609,0.385719167377391,0.9555867910385132,1.0,0.0,0.0,0.5683119788854455,0.4316880211145545,0.0,0.003542849663119574,0.003542849663119574,0.013068455271422863,0.01158912479877472,0.9964571503368804,0.003542849663119574,0.026723647490143776,0.0009841392748057842,429965
b2_cityscapes_val,2026-07-07 05:27:54,cityscapes,val,all,student_skd,/scratch/gautschi/manors/hf_cache/hub/models--nvidia--mit-b2/snapshots/3bb39e8739149c3777d0325349b2a6c32c6413db,runs/mit-b2_skd_j9196921/student_skd.ckpt,skd,img_000376,/home/manors/Guardrail-Distillation/data/cityscapes/leftImg8bit/val/munster/munster_000050_000019_leftImg8bit.png,,0.5989192992486047,0.40108070075139535,0.9685828685760498,0.9738817811012268,0.08554111421108246,0.06988787651062012,0.19439518451690674,0.9364332556724548,0.19893580675125122,-7.840827465057373,7.809059143066406,0.004773898050189018,0.03285805135965347,489956,7.960990478750318,7.422816997859627,16.291491978336126,1.0,0.0,150859,0.32687589231672315,0.6731241076832768,24312,0.0706077367067337,0.00040700333192944527,29.27330625243485,0.03526253253221512,0.9647374674677849,0.1338028460741043,0.23566314578056335,0.024157343432307243,0.506039023399353,0.493960976600647,0.5266019701957703,0.5505387187004089,0.4311952292919159,0.506039023399353,0.493960976600647,0.506039023399353,0.493960976600647,0.6667134877850833,0.3332865122149167,0.9741690754890442,1.0,0.0,0.0,0.4560967507220348,0.5439032492779652,0.1292208584053116,0.06779418853647867,0.06779418853647867,0.010672386735677719,0.0050861709751188755,0.9322058114635213,0.06779418853647867,0.017175011336803436,0.0011552057694643736,451141
b2_cityscapes_val,2026-07-07 05:27:54,cityscapes,val,all,student_skd,/scratch/gautschi/manors/hf_cache/hub/models--nvidia--mit-b2/snapshots/3bb39e8739149c3777d0325349b2a6c32c6413db,runs/mit-b2_skd_j9196921/student_skd.ckpt,skd,img_000377,/home/manors/Guardrail-Distillation/data/cityscapes/leftImg8bit/val/munster/munster_000051_000019_leftImg8bit.png,,0.7033507752357889,0.2966492247642111,0.9417933225631714,0.9610238075256348,0.10545744001865387,0.10304932296276093,0.24215976893901825,0.9114996790885925,0.27183032035827637,-7.830036640167236,7.782003402709961,0.009444540366530418,0.051924169063568115,480701,7.960990478750318,7.422816997859627,16.291491978336126,0.9082495445009173,0.09175045549908267,143323,0.5956742881149101,0.4043257118850899,36984,0.10413499921560287,0.0007336955168284476,29.27330625243485,0.04626615345478058,0.9537338465452194,0.18319232761859894,0.3135303556919098,0.03723573684692383,0.509307861328125,0.490692138671875,0.5374915599822998,0.5640668272972107,0.46571430563926697,0.509307861328125,0.490692138671875,0.509307861328125,0.490692138671875,0.7299581447523535,0.27004185524764646,0.9496131539344788,0.9430902248215959,0.05690977517840412,0.03484068032067855,0.6811601473459965,0.3188398526540035,0.08548585923108643,0.026607369516564616,0.026607369516564616,0.02522565983235836,0.017405830323696136,0.9733926304834354,0.026607369516564616,0.04537123814225197,0.004360298626124859,425007
b2_cityscapes_val,2026-07-07 05:27:54,cityscapes,val,all,student_skd,/scratch/gautschi/manors/hf_cache/hub/models--nvidia--mit-b2/snapshots/3bb39e8739149c3777d0325349b2a6c32c6413db,runs/mit-b2_skd_j9196921/student_skd.ckpt,skd,img_000378,/home/manors/Guardrail-Distillation/data/cityscapes/leftImg8bit/val/munster/munster_000052_000019_leftImg8bit.png,,0.7618072631760174,0.23819273682398256,0.9525949954986572,0.9578136205673218,0.10716375708580017,0.10970845073461533,0.23885966837406158,0.906535267829895,0.2743349075317383,-8.215221405029297,8.163627624511719,0.008373599499464035,0.054895225912332535,476617,7.960990478750318,7.422816997859627,16.291491978336126,0.7377336004216168,0.26226639957838316,150859,0.8398019979889573,0.16019800201104273,46928,0.11070360988378525,0.0006549085373990238,29.27330625243485,0.04510169103741646,0.9548983089625835,0.17881068587303162,0.2998323142528534,0.030655816197395325,0.507663369178772,0.492336630821228,0.5320152044296265,0.5551725625991821,0.4324718117713928,0.507663369178772,0.492336630821228,0.507663369178772,0.492336630821228,0.7898543814423991,0.21014561855760094,0.9608301520347595,0.7023011954888035,0.29769880451119646,0.0,0.8837042889627923,0.1162957110372077,0.04390229097383502,0.02804711826638162,0.02804711826638162,0.017806749790906906,0.009571625851094723,0.9719528817336184,0.02804711826638162,0.029463907703757286,0.0009924110490828753,416027
b2_cityscapes_val,2026-07-07 05:27:54,cityscapes,val,all,student_skd,/scratch/gautschi/manors/hf_cache/hub/models--nvidia--mit-b2/snapshots/3bb39e8739149c3777d0325349b2a6c32c6413db,runs/mit-b2_skd_j9196921/student_skd.ckpt,skd,img_000379,/home/manors/Guardrail-Distillation/data/cityscapes/leftImg8bit/val/munster/munster_000053_000019_leftImg8bit.png,,0.5747774137662558,0.4252225862337442,0.9563164114952087,0.9700413942337036,0.09411386400461197,0.07708252966403961,0.20866870880126953,0.9312496781349182,0.21444302797317505,-8.102684020996094,8.065763473510742,0.006816661451011896,0.041222862899303436,473839,7.960990478750318,7.422816997859627,16.291491978336126,0.8749802240452376,0.12501977595476244,149442,0.629366117537882,0.37063388246211804,59425,0.07796099781990051,0.0005677728331647813,29.27330625243485,0.03513878211379051,0.9648612178862095,0.11553601175546646,0.2659171223640442,0.02202366106212139,0.5055056810379028,0.49449431896209717,0.522322952747345,0.5494436621665955,0.44204628467559814,0.5055056810379028,0.49449431896209717,0.5055056810379028,0.49449431896209717,0.5863590663990165,0.41364093360098353,0.9653722047805786,0.8952174750846766,0.10478252491532336,0.020237251039439075,0.6979880706151238,0.3020119293848762,0.06862195307724184,0.011581652632760675,0.011581652632760675,0.01739831455051899,0.008342496119439602,0.9884183473672393,0.011581652632760675,0.029020406305789948,0.0011438484070822597,432044
b2_cityscapes_val,2026-07-07 05:27:55,cityscapes,val,all,student_skd,/scratch/gautschi/manors/hf_cache/hub/models--nvidia--mit-b2/snapshots/3bb39e8739149c3777d0325349b2a6c32c6413db,runs/mit-b2_skd_j9196921/student_skd.ckpt,skd,img_000380,/home/manors/Guardrail-Distillation/data/cityscapes/leftImg8bit/val/munster/munster_000054_000019_leftImg8bit.png,,0.6613328905978263,0.3386671094021737,0.965080738067627,0.9761359691619873,0.0820096954703331,0.06340440362691879,0.18544839322566986,0.9414800405502319,0.18565784394741058,-8.418824195861816,8.389822006225586,0.004129928536713123,0.030155880376696587,486207,7.957234513014555,7.400125992717221,16.21045498177409,0.8526973485347421,0.1473026514652579,150859,0.6383225730712162,0.3616774269287838,30102,0.0640263557434082,0.0004343516775406897,29.21308676013723,0.024608897045254707,0.9753911029547453,0.05237474665045738,0.18735520541667938,0.010091882199048996,0.5025229454040527,0.49747705459594727,0.510545551776886,0.5252116322517395,0.4133336544036865,0.5025229454040527,0.49747705459594727,0.5025229454040527,0.49747705459594727,0.6359174389351602,0.3640825610648398,0.9686964750289917,0.8802061438380088,0.11979385616199123,0.027508795303266664,0.5173841284032578,0.48261587159674224,0.0,0.0,0.0,0.009703686460852623,0.00608794204890728,1.0,0.0,0.018198011443018913,0.000553262303583324,451170
b2_cityscapes_val,2026-07-07 05:27:55,cityscapes,val,all,student_skd,/scratch/gautschi/manors/hf_cache/hub/models--nvidia--mit-b2/snapshots/3bb39e8739149c3777d0325349b2a6c32c6413db,runs/mit-b2_skd_j9196921/student_skd.ckpt,skd,img_000381,/home/manors/Guardrail-Distillation/data/cityscapes/leftImg8bit/val/munster/munster_000055_000019_leftImg8bit.png,,0.7372809448162876,0.2627190551837124,0.9520703554153442,0.964897871017456,0.0987752377986908,0.09224987030029297,0.2225252091884613,0.9190896153450012,0.24563436210155487,-8.34737777709961,8.304537773132324,0.006220065988600254,0.04648894816637039,492117,7.957234513014555,7.400125992717221,16.21045498177409,0.8610770059876965,0.13892299401230346,150859,0.8841020152255508,0.11589798477444924,67199,0.09316879510879517,0.0006146361702121794,29.21308676013723,0.04006180167198181,0.9599381983280182,0.14403985440731049,0.30238771438598633,0.02695617638528347,0.5067386031150818,0.4932613968849182,0.5245479941368103,0.5467422008514404,0.41954904794692993,0.5067386031150818,0.4932613968849182,0.5067386031150818,0.4932613968849182,0.6846594919685204,0.3153405080314796,0.9553622603416443,0.9116988746926141,0.08830112530738587,0.05062186870491758,0.8895198081912394,0.11048019180876056,0.0054177929656886725,0.0,0.0,0.015778768807649612,0.012486868537962437,1.0,0.0,0.03170181065797806,0.0006197713664732873,440116
b2_cityscapes_val,2026-07-07 05:27:55,cityscapes,val,all,student_skd,/scratch/gautschi/manors/hf_cache/hub/models--nvidia--mit-b2/snapshots/3bb39e8739149c3777d0325349b2a6c32c6413db,runs/mit-b2_skd_j9196921/student_skd.ckpt,skd,img_000382,/home/manors/Guardrail-Distillation/data/cityscapes/leftImg8bit/val/munster/munster_000056_000019_leftImg8bit.png,,0.7167060422131382,0.28329395778686184,0.966441810131073,0.9722307324409485,0.08820846676826477,0.07165108621120453,0.19649197161197662,0.9374672770500183,0.18708111345767975,-8.139008522033691,8.105240821838379,0.0044306861236691475,0.03573615849018097,481641,7.957234513014555,7.400125992717221,16.21045498177409,0.9713673758911914,0.028632624108808624,150859,0.8369468594915751,0.1630531405084249,107311,0.07227778434753418,0.00042033352656289935,29.21308676013723,0.02964762970805168,0.9703523702919483,0.085739366710186,0.23487406969070435,0.01750938594341278,0.5043772459030151,0.49562275409698486,0.5158697366714478,0.5406246781349182,0.42148470878601074,0.5043772459030151,0.49562275409698486,0.5043772459030151,0.49562275409698486,0.6917887410045724,0.30821125899542756,0.9705070853233337,0.9813156438125622,0.0186843561874378,0.009948267921370824,0.8844345128754376,0.11556548712456238,0.047487653383862516,0.0,0.0,0.010561808943748474,0.006496539805084467,1.0,0.0,0.018661202862858772,0.0004131708119530231,440650
b2_cityscapes_val,2026-07-07 05:27:55,cityscapes,val,all,student_skd,/scratch/gautschi/manors/hf_cache/hub/models--nvidia--mit-b2/snapshots/3bb39e8739149c3777d0325349b2a6c32c6413db,runs/mit-b2_skd_j9196921/student_skd.ckpt,skd,img_000383,/home/manors/Guardrail-Distillation/data/cityscapes/leftImg8bit/val/munster/munster_000057_000019_leftImg8bit.png,,0.6536364024669109,0.3463635975330891,0.9640443921089172,0.9752983450889587,0.08408770710229874,0.06538968533277512,0.19088752567768097,0.9412128329277039,0.18327262997627258,-8.109442710876465,8.0792875289917,0.004944279789924622,0.03147421032190323,488241,7.957234513014555,7.400125992717221,16.21045498177409,0.867062380225069,0.13293761977493102,150859,0.6502578157548677,0.34974218424513226,52475,0.06619378179311752,0.0004381889011710882,29.21308676013723,0.02904880978167057,0.9709511902183294,0.08059699088335037,0.2244650274515152,0.015540068969130516,0.5038849711418152,0.4961150288581848,0.5142104029655457,0.5334039330482483,0.404376745223999,0.5038849711418152,0.4961150288581848,0.5038849711418152,0.4961150288581848,0.72835508822889,0.27164491177111005,0.9712437391281128,0.9028261440931756,0.09717385590682437,0.035763763868106646,0.6847760589408212,0.31522394105917884,0.03451824318595342,0.07471868576197904,0.07471868576197904,0.012209135107696056,0.005009821150451899,0.925281314238021,0.07471868576197904,0.019578445702791214,0.0005939689581282437,452469
b2_cityscapes_val,2026-07-07 05:27:55,cityscapes,val,all,student_skd,/scratch/gautschi/manors/hf_cache/hub/models--nvidia--mit-b2/snapshots/3bb39e8739149c3777d0325349b2a6c32c6413db,runs/mit-b2_skd_j9196921/student_skd.ckpt,skd,img_000384,/home/manors/Guardrail-Distillation/data/cityscapes/leftImg8bit/val/munster/munster_000058_000019_leftImg8bit.png,,0.825829369308812,0.174170630691188,0.9775960445404053,0.9834524393081665,0.0669807493686676,0.04289749637246132,0.14442621171474457,0.9591736197471619,0.12791456282138824,-8.088271141052246,8.068463325500488,0.0016201090766116977,0.02033565752208233,486387,7.924348232336342,7.407775236060843,16.2075562402606,0.9866767876694453,0.013323212330554668,150859,0.8166690341698307,0.18333096583016928,30891,0.04340384528040886,0.00030156521825119853,29.229335254058242,0.022052422165870667,0.9779475778341293,0.04192095994949341,0.1528470516204834,0.01293831318616867,0.5032345652580261,0.4967654347419739,0.5114451050758362,0.5275465250015259,0.40701496601104736,0.5032345652580261,0.4967654347419739,0.5032345652580261,0.4967654347419739,0.8629668343138545,0.13703316568614554,0.9815825819969177,0.9838687784910687,0.016131221508931315,0.0,0.8802284991392276,0.11977150086077237,0.0635594649693969,0.03713746500504245,0.03713746500504245,0.007816820405423641,0.0038302831817418337,0.9628625349949576,0.03713746500504245,0.012337911874055862,0.0007051997818052769,461671
b2_cityscapes_val,2026-07-07 05:27:55,cityscapes,val,all,student_skd,/scratch/gautschi/manors/hf_cache/hub/models--nvidia--mit-b2/snapshots/3bb39e8739149c3777d0325349b2a6c32c6413db,runs/mit-b2_skd_j9196921/student_skd.ckpt,skd,img_000385,/home/manors/Guardrail-Distillation/data/cityscapes/leftImg8bit/val/munster/munster_000059_000019_leftImg8bit.png,,0.6776665583801069,0.3223334416198931,0.9679494500160217,0.9717293381690979,0.08840112388134003,0.07608641684055328,0.2006642371416092,0.9304015636444092,0.2184918224811554,-7.687990188598633,7.653575897216797,0.005872166715562344,0.03524767607450485,476996,7.924348232336342,7.407775236060843,16.2075562402606,0.969959594398537,0.03004040560146304,145614,0.6398530413252379,0.3601469586747621,20668,0.07708803564310074,0.000548117037396878,29.229335254058242,0.0420738123357296,0.9579261876642704,0.17292028665542603,0.2798200249671936,0.035517383366823196,0.5088784098625183,0.4911215901374817,0.5397918820381165,0.5686286091804504,0.4424929618835449,0.5088784098625183,0.4911215901374817,0.5088784098625183,0.4911215901374817,0.788274935300661,0.21172506469933905,0.9720752835273743,0.9470295537947039,0.05297044620529612,0.0,0.7052579103625315,0.2947420896374685,0.06540486903729359,0.11060837692055403,0.11060837692055403,0.01188060361891985,0.00775478221476078,0.889391623079446,0.11060837692055403,0.022075658664107323,0.00072537298547104,438694
b2_cityscapes_val,2026-07-07 05:27:55,cityscapes,val,all,student_skd,/scratch/gautschi/manors/hf_cache/hub/models--nvidia--mit-b2/snapshots/3bb39e8739149c3777d0325349b2a6c32c6413db,runs/mit-b2_skd_j9196921/student_skd.ckpt,skd,img_000386,/home/manors/Guardrail-Distillation/data/cityscapes/leftImg8bit/val/munster/munster_000060_000019_leftImg8bit.png,,0.568285079460757,0.431714920539243,0.8961431980133057,0.9692357778549194,0.09638218581676483,0.07940563559532166,0.218648299574852,0.9334122538566589,0.19816842675209045,-7.906956672668457,7.868748664855957,0.007814577780663967,0.0419253446161747,488702,7.924348232336342,7.407775236060843,16.2075562402606,0.4116160644085762,0.5883839355914238,150859,0.41612957182145227,0.5838704281785477,47351,0.08002307265996933,0.0004703235172200948,29.229335254058242,0.036385733634233475,0.9636142663657665,0.12073121964931488,0.28124743700027466,0.025825772434473038,0.5064560770988464,0.49354392290115356,0.522280216217041,0.5531207919120789,0.4053989350795746,0.5064560770988464,0.49354392290115356,0.5064560770988464,0.49354392290115356,0.7070957756400981,0.29290422435990193,0.9662595391273499,0.7621717297282565,0.23782827027174347,0.3505556653196803,0.5646720280941552,0.4353279719058448,0.1485424562727029,0.13881069617934105,0.13881069617934105,0.07785521447658539,0.007738866843283176,0.861189303820659,0.13881069617934105,0.08975612372159958,0.05570470169186592,444890
b2_cityscapes_val,2026-07-07 05:27:55,cityscapes,val,all,student_skd,/scratch/gautschi/manors/hf_cache/hub/models--nvidia--mit-b2/snapshots/3bb39e8739149c3777d0325349b2a6c32c6413db,runs/mit-b2_skd_j9196921/student_skd.ckpt,skd,img_000387,/home/manors/Guardrail-Distillation/data/cityscapes/leftImg8bit/val/munster/munster_000061_000019_leftImg8bit.png,,0.7009729279447088,0.2990270720552912,0.9754877686500549,0.9764851927757263,0.08036800473928452,0.06126556545495987,0.17874622344970703,0.9450616836547852,0.16687831282615662,-8.244824409484863,8.216432571411133,0.003407768439501524,0.029246022924780846,480373,7.924348232336342,7.407775236060843,16.2075562402606,0.8530579652461502,0.14694203475384982,143741,0.6426915509927182,0.35730844900728176,42382,0.061957962810993195,0.00043846204061992466,29.229335254058242,0.027116350829601288,0.9728836491703987,0.06451611965894699,0.2053503394126892,0.015332458540797234,0.5038330554962158,0.4961669445037842,0.5133459568023682,0.5290502905845642,0.4146747589111328,0.5038330554962158,0.4961669445037842,0.5038330554962158,0.4961669445037842,0.7213034056935822,0.2786965943064178,0.9794076085090637,0.9023257849867313,0.09767421501326867,0.04926781974058114,0.6653389121323313,0.3346610878676687,0.022647361139613076,0.02033047774887342,0.02033047774887342,0.009679977782070637,0.005760107189416885,0.9796695222511266,0.02033047774887342,0.016568373888731003,0.0005454095080494881,445723
b2_cityscapes_val,2026-07-07 05:27:55,cityscapes,val,all,student_skd,/scratch/gautschi/manors/hf_cache/hub/models--nvidia--mit-b2/snapshots/3bb39e8739149c3777d0325349b2a6c32c6413db,runs/mit-b2_skd_j9196921/student_skd.ckpt,skd,img_000388,/home/manors/Guardrail-Distillation/data/cityscapes/leftImg8bit/val/munster/munster_000062_000019_leftImg8bit.png,,0.7252097476765643,0.2747902523234357,0.9493938088417053,0.9620935320854187,0.10251171886920929,0.09839195013046265,0.22670841217041016,0.9132521748542786,0.2633971869945526,-7.816315174102783,7.769970417022705,0.007039989810436964,0.05050038546323776,491620,7.990676240297034,7.418954017339274,16.266874241409823,0.9015962547879308,0.09840374521206918,150859,0.6992256825609319,0.30077431743906813,34189,0.09944970905780792,0.0006424348102882504,29.341714485781267,0.042296551167964935,0.9577034488320351,0.15551763772964478,0.3000340759754181,0.02672589384019375,0.5066810846328735,0.49331891536712646,0.5262808203697205,0.5501341819763184,0.4386330544948578,0.5066810846328735,0.49331891536712646,0.5066810846328735,0.49331891536712646,0.8022315430934984,0.19776845690650158,0.9584394097328186,0.8669071788221785,0.1330928211778215,0.0,0.7588846521770494,0.24111534782295063,0.059658969616117496,0.0770217954169341,0.0770217954169341,0.02177087962627411,0.01272527500987053,0.9229782045830659,0.0770217954169341,0.036825187504291534,0.006008705589920282,436119
b2_cityscapes_val,2026-07-07 05:27:55,cityscapes,val,all,student_skd,/scratch/gautschi/manors/hf_cache/hub/models--nvidia--mit-b2/snapshots/3bb39e8739149c3777d0325349b2a6c32c6413db,runs/mit-b2_skd_j9196921/student_skd.ckpt,skd,img_000389,/home/manors/Guardrail-Distillation/data/cityscapes/leftImg8bit/val/munster/munster_000063_000019_leftImg8bit.png,,0.6561299897336782,0.3438700102663218,0.9584970474243164,0.9729541540145874,0.08878356218338013,0.0719364583492279,0.20422111451625824,0.9339886903762817,0.215863898396492,-7.757739543914795,7.724565029144287,0.005897905211895704,0.036001626402139664,491700,7.990676240297034,7.418954017339274,16.266874241409823,0.9580566572980646,0.04194334270193545,150859,0.6981984239059305,0.30180157609406955,43095,0.07277217507362366,0.0005338445771485567,29.341714485781267,0.031808994710445404,0.9681910052895546,0.09526693820953369,0.23558799922466278,0.014505983330309391,0.5036264061927795,0.49637359380722046,0.5163111090660095,0.536062479019165,0.41490641236305237,0.5036264061927795,0.49637359380722046,0.5036264061927795,0.49637359380722046,0.6601121286093452,0.3398878713906548,0.9613077044487,0.8190063786059686,0.1809936213940314,0.0,0.7694949929959931,0.2305050070040069,0.07129656909006266,0.003982138875667007,0.003982138875667007,0.013668904080986977,0.010858247056603432,0.996017861124333,0.003982138875667007,0.026835469529032707,0.0015781980473548174,452113
b2_cityscapes_val,2026-07-07 05:27:55,cityscapes,val,all,student_skd,/scratch/gautschi/manors/hf_cache/hub/models--nvidia--mit-b2/snapshots/3bb39e8739149c3777d0325349b2a6c32c6413db,runs/mit-b2_skd_j9196921/student_skd.ckpt,skd,img_000390,/home/manors/Guardrail-Distillation/data/cityscapes/leftImg8bit/val/munster/munster_000064_000019_leftImg8bit.png,,0.7529181460124722,0.2470818539875278,0.9572061896324158,0.9598498344421387,0.10264268517494202,0.10352547466754913,0.2216244637966156,0.9080135226249695,0.27195408940315247,-7.886324405670166,7.83770751953125,0.006159055046737194,0.05125397443771362,484977,7.990676240297034,7.418954017339274,16.266874241409823,0.7735977726074014,0.22640222739259863,150859,0.8555110841708777,0.14448891582912227,24137,0.10455572605133057,0.0005733410944230855,29.341714485781267,0.04970075935125351,0.9502992406487465,0.18247298896312714,0.31474798917770386,0.040073130279779434,0.5100169777870178,0.4899830222129822,0.5390838980674744,0.5623209476470947,0.46695324778556824,0.5100169777870178,0.4899830222129822,0.5100169777870178,0.4899830222129822,0.678920853720835,0.321079146279165,0.9621425271034241,0.775093593027699,0.22490640697230102,0.001495820420297611,0.693735369143189,0.306264630856811,0.0,0.0,0.0,0.017534852027893066,0.012598535045981407,1.0,0.0,0.0317932590842247,0.0020681393798440695,425546
b2_cityscapes_val,2026-07-07 05:27:55,cityscapes,val,all,student_skd,/scratch/gautschi/manors/hf_cache/hub/models--nvidia--mit-b2/snapshots/3bb39e8739149c3777d0325349b2a6c32c6413db,runs/mit-b2_skd_j9196921/student_skd.ckpt,skd,img_000391,/home/manors/Guardrail-Distillation/data/cityscapes/leftImg8bit/val/munster/munster_000065_000019_leftImg8bit.png,,0.7401525824977867,0.2598474175022133,0.9618931412696838,0.9648149013519287,0.10200110822916031,0.09112193435430527,0.2278345823287964,0.9226222634315491,0.228998601436615,-8.311726570129395,8.268147468566895,0.009636374190449715,0.0480356439948082,478707,7.990676240297034,7.418954017339274,16.266874241409823,0.7240473591344003,0.2759526408655997,140057,0.8825806712530322,0.11741932874696781,86534,0.0917992815375328,0.0005690544494427741,29.341714485781267,0.03827328234910965,0.9617267176508904,0.1367053985595703,0.292237251996994,0.028484610840678215,0.507120668888092,0.49287933111190796,0.5264270901679993,0.5528601408004761,0.43160760402679443,0.507120668888092,0.49287933111190796,0.507120668888092,0.49287933111190796,0.6705756934693186,0.32942430653068144,0.9672011733055115,0.7177464189423909,0.2822535810576091,0.0,0.6029106711244447,0.39708932887555526,0.0,0.0,0.0,0.014261332340538502,0.008953284472227097,1.0,0.0,0.02512810379266739,0.0004700160934589803,429521
b2_cityscapes_val,2026-07-07 05:27:55,cityscapes,val,all,student_skd,/scratch/gautschi/manors/hf_cache/hub/models--nvidia--mit-b2/snapshots/3bb39e8739149c3777d0325349b2a6c32c6413db,runs/mit-b2_skd_j9196921/student_skd.ckpt,skd,img_000392,/home/manors/Guardrail-Distillation/data/cityscapes/leftImg8bit/val/munster/munster_000066_000019_leftImg8bit.png,,0.610216223624137,0.38978377637586303,0.9652301669120789,0.971045196056366,0.09171739965677261,0.07378577440977097,0.20205561816692352,0.9359902739524841,0.19204585254192352,-8.223224639892578,8.187721252441406,0.005803619511425495,0.038638193160295486,481596,7.999557739822194,7.415128260618076,16.279621748253703,1.0,0.0,147511,0.6098395762002159,0.3901604237997841,32197,0.07453017681837082,0.0004204273864161223,29.3766355025582,0.02772761881351471,0.9722723811864853,0.07366816699504852,0.2206796407699585,0.0160195454955101,0.5040047764778137,0.4959952235221863,0.5136404037475586,0.5351547598838806,0.4084782302379608,0.5040047764778137,0.4959952235221863,0.5040047764778137,0.4959952235221863,0.6858478098965897,0.31415219010341033,0.9681413173675537,1.0,0.0,0.0,0.7577634188171942,0.24223658118280578,0.14792384261697833,0.0756315862724527,0.0756315862724527,0.013565311208367348,0.01065415795892477,0.9243684137275473,0.0756315862724527,0.02635403908789158,0.0008243423653766513,439461
b2_cityscapes_val,2026-07-07 05:27:56,cityscapes,val,all,student_skd,/scratch/gautschi/manors/hf_cache/hub/models--nvidia--mit-b2/snapshots/3bb39e8739149c3777d0325349b2a6c32c6413db,runs/mit-b2_skd_j9196921/student_skd.ckpt,skd,img_000393,/home/manors/Guardrail-Distillation/data/cityscapes/leftImg8bit/val/munster/munster_000067_000019_leftImg8bit.png,,0.6867262654774755,0.3132737345225245,0.9828261137008667,0.9840051531791687,0.06821393966674805,0.04087434336543083,0.14969900250434875,0.9628366231918335,0.115794837474823,-8.434320449829102,8.414891242980957,0.0023505508434027433,0.020859133452177048,436068,7.999557739822194,7.415128260618076,16.279621748253703,0.981307635822349,0.018692364177650966,102836,0.4633203991583134,0.5366796008416865,75532,0.041171345859766006,0.00023738143499940634,29.3766355025582,0.01716357097029686,0.9828364290297031,0.011541124433279037,0.11506220698356628,0.008200515992939472,0.5020501017570496,0.49794989824295044,0.5062530636787415,0.515658974647522,0.37740424275398254,0.5020501017570496,0.49794989824295044,0.5020501017570496,0.49794989824295044,0.5972544379853724,0.40274556201462763,0.9827275276184082,0.9841307635417548,0.01586923645824523,0.002823127719405738,0.5696096154316872,0.4303903845683128,0.10628921627337373,0.0,0.0,0.005086362827569246,0.005184971261769533,1.0,0.0,0.011023510247468948,0.00011236780119361356,414813
b2_cityscapes_val,2026-07-07 05:27:56,cityscapes,val,all,student_skd,/scratch/gautschi/manors/hf_cache/hub/models--nvidia--mit-b2/snapshots/3bb39e8739149c3777d0325349b2a6c32c6413db,runs/mit-b2_skd_j9196921/student_skd.ckpt,skd,img_000394,/home/manors/Guardrail-Distillation/data/cityscapes/leftImg8bit/val/munster/munster_000068_000019_leftImg8bit.png,,0.6305904177792615,0.3694095822207385,0.9578888416290283,0.9657831192016602,0.09923410415649414,0.08710668236017227,0.21770566701889038,0.9244290590286255,0.22745460271835327,-7.8393659591674805,7.797337055206299,0.006854670122265816,0.04664701595902443,482153,7.999557739822194,7.415128260618076,16.279621748253703,1.0,0.0,150859,0.6567797635382772,0.34322023646172284,37624,0.08793440461158752,0.0005560205318033695,29.3766355025582,0.035472020506858826,0.9645279794931412,0.12238722294569016,0.27311503887176514,0.022131269797682762,0.5055326223373413,0.4944673776626587,0.5214747190475464,0.5458890199661255,0.41957995295524597,0.5055326223373413,0.4944673776626587,0.5055326223373413,0.4944673776626587,0.6950524033378489,0.3049475966621511,0.964984118938446,1.0,0.0,0.0,0.8241060349631888,0.1758939650368112,0.16732627142491163,0.0644619855585874,0.0644619855585874,0.01492887083441019,0.007833613082766533,0.9355380144414126,0.0644619855585874,0.024716218933463097,0.0015493007376790047,432517
b2_cityscapes_val,2026-07-07 05:27:56,cityscapes,val,all,student_skd,/scratch/gautschi/manors/hf_cache/hub/models--nvidia--mit-b2/snapshots/3bb39e8739149c3777d0325349b2a6c32c6413db,runs/mit-b2_skd_j9196921/student_skd.ckpt,skd,img_000395,/home/manors/Guardrail-Distillation/data/cityscapes/leftImg8bit/val/munster/munster_000069_000019_leftImg8bit.png,,0.6660698552564577,0.3339301447435423,0.9707268476486206,0.9772863984107971,0.08452747762203217,0.05956083908677101,0.19574736058712006,0.949118435382843,0.15825490653514862,-8.464344024658203,8.43606185913086,0.006548818200826645,0.03122168779373169,483446,7.999557739822194,7.415128260618076,16.279621748253703,0.9179061509822851,0.08209384901771488,150859,0.5455104049079675,0.45448959509203246,86743,0.06028168275952339,0.00046770134940743446,29.3766355025582,0.024224411696195602,0.9757755883038044,0.043107494711875916,0.1908377856016159,0.012194936163723469,0.5030487179756165,0.49695128202438354,0.508890688419342,0.5274062156677246,0.41334325075149536,0.5030487179756165,0.49695128202438354,0.5030487179756165,0.49695128202438354,0.7035510350896858,0.29644896491031425,0.9741584658622742,0.9273038079600155,0.07269619203998445,0.009397656977730429,0.6170144725401467,0.38298552745985326,0.0715040676321792,0.03748117983322807,0.03748117983322807,0.009169586934149265,0.005737972911447287,0.9625188201667719,0.03748117983322807,0.0179440937936306,0.0005481480620801449,451417
b2_cityscapes_val,2026-07-07 05:27:56,cityscapes,val,all,student_skd,/scratch/gautschi/manors/hf_cache/hub/models--nvidia--mit-b2/snapshots/3bb39e8739149c3777d0325349b2a6c32c6413db,runs/mit-b2_skd_j9196921/student_skd.ckpt,skd,img_000396,/home/manors/Guardrail-Distillation/data/cityscapes/leftImg8bit/val/munster/munster_000070_000019_leftImg8bit.png,,0.5367936601375609,0.4632063398624391,0.9572048187255859,0.965704619884491,0.10097000002861023,0.09145651012659073,0.23515546321868896,0.9222651720046997,0.23974744975566864,-7.84567403793335,7.8030924797058105,0.009500973857939243,0.04564230144023895,478372,7.966677017975599,7.4254214996472,16.289012506604195,0.9869407083766628,0.013059291623337188,150859,0.45799968668807994,0.54200031331192,31111,0.0925268903374672,0.000694556045345962,29.33823101921007,0.04037799313664436,0.9596220068633556,0.1514492779970169,0.3074001371860504,0.02450397238135338,0.5061256885528564,0.49387431144714355,0.524989128112793,0.5479938983917236,0.42962533235549927,0.5061256885528564,0.49387431144714355,0.5061256885528564,0.49387431144714355,0.5905162995057025,0.4094837004942975,0.9582375288009644,0.9832274206586936,0.01677257934130638,0.0,0.5975591147108866,0.40244088528911337,0.13955942802280663,0.05372263936814159,0.05372263936814159,0.012444290332496166,0.011411621235311031,0.9462773606318584,0.05372263936814159,0.027765002101659775,0.0012605253141373396,430382
b2_cityscapes_val,2026-07-07 05:27:56,cityscapes,val,all,student_skd,/scratch/gautschi/manors/hf_cache/hub/models--nvidia--mit-b2/snapshots/3bb39e8739149c3777d0325349b2a6c32c6413db,runs/mit-b2_skd_j9196921/student_skd.ckpt,skd,img_000397,/home/manors/Guardrail-Distillation/data/cityscapes/leftImg8bit/val/munster/munster_000071_000019_leftImg8bit.png,,0.561948172008475,0.438051827991525,0.9661474823951721,0.9771052598953247,0.08053407818078995,0.05959654971957207,0.17946135997772217,0.9468460083007812,0.16371779143810272,-8.299081802368164,8.27131175994873,0.0035841327626258135,0.02972343936562538,482683,7.966677017975599,7.4254214996472,16.289012506604195,0.9646910642185014,0.03530893578149863,150859,0.3767862684501083,0.6232137315498917,35843,0.06012209132313728,0.0004069871793035418,29.33823101921007,0.024782564491033554,0.9752174355089664,0.04877673462033272,0.20067723095417023,0.01709175668656826,0.5042728185653687,0.49572718143463135,0.5114216208457947,0.5328777432441711,0.4005360007286072,0.5042728185653687,0.49572718143463135,0.5042728185653687,0.49572718143463135,0.559991135721203,0.44000886427879704,0.9642332196235657,0.9426485359491668,0.057351464050833245,0.0,0.3794471053973801,0.62055289460262,0.0026608369472717053,0.0,0.0,0.006787062622606754,0.008701362647116184,1.0,0.0,0.016899289563298225,0.00027761489036493003,448786
b2_cityscapes_val,2026-07-07 05:27:56,cityscapes,val,all,student_skd,/scratch/gautschi/manors/hf_cache/hub/models--nvidia--mit-b2/snapshots/3bb39e8739149c3777d0325349b2a6c32c6413db,runs/mit-b2_skd_j9196921/student_skd.ckpt,skd,img_000398,/home/manors/Guardrail-Distillation/data/cityscapes/leftImg8bit/val/munster/munster_000072_000019_leftImg8bit.png,,0.5314439426848724,0.4685560573151276,0.9722731113433838,0.9754739999771118,0.0836886316537857,0.06288276612758636,0.18428941071033478,0.9445410370826721,0.16676115989685059,-8.246988296508789,8.217119216918945,0.003998534753918648,0.031986210495233536,483177,7.966677017975599,7.4254214996472,16.289012506604195,0.7163619278388625,0.28363807216113746,150859,0.2517939871874279,0.748206012812572,59202,0.06341901421546936,0.00036361056845635176,29.33823101921007,0.025998705998063087,0.9740012940019369,0.06139661744236946,0.21487213671207428,0.01722593605518341,0.5043063759803772,0.4956936240196228,0.5124276280403137,0.5361868143081665,0.4077765941619873,0.5043063759803772,0.4956936240196228,0.5043063759803772,0.4956936240196228,0.6111238820008008,0.3888761179991992,0.9761495590209961,0.6654800079247437,0.3345199920752563,0.0,0.45350870156084205,0.5464912984391579,0.20171471437341415,0.07967993931592843,0.07967993931592843,0.00991355162113905,0.006037125363945961,0.9203200606840716,0.07967993931592843,0.01746564917266369,0.00040978772449307144,447008
b2_cityscapes_val,2026-07-07 05:27:56,cityscapes,val,all,student_skd,/scratch/gautschi/manors/hf_cache/hub/models--nvidia--mit-b2/snapshots/3bb39e8739149c3777d0325349b2a6c32c6413db,runs/mit-b2_skd_j9196921/student_skd.ckpt,skd,img_000399,/home/manors/Guardrail-Distillation/data/cityscapes/leftImg8bit/val/munster/munster_000073_000019_leftImg8bit.png,,0.8519357683773359,0.14806423162266413,0.9831187725067139,0.9843953251838684,0.06605155766010284,0.039742279797792435,0.14113672077655792,0.9619247913360596,0.12140318006277084,-7.9064040184021,7.887627601623535,0.001677337451837957,0.019767286255955696,482312,7.966677017975599,7.4254214996472,16.289012506604195,0.6772618134893462,0.3227381865106538,150640,0.8822190708058285,0.11778092919417149,70050,0.04014965891838074,0.00022209766029845923,29.33823101921007,0.017124490812420845,0.9828755091875792,0.02356647327542305,0.10682007670402527,0.009889465756714344,0.5024723410606384,0.4975276589393616,0.5076350569725037,0.5191925168037415,0.40359145402908325,0.5024723410606384,0.4975276589393616,0.5024723410606384,0.4975276589393616,0.7844132375029951,0.21558676249700492,0.986458957195282,0.6859712810058678,0.3140287189941322,0.008709467516521574,0.8913514050967878,0.10864859490321221,0.009132334290959276,0.0,0.0,0.006108079105615616,0.002767917700111866,1.0,0.0,0.009238832630217075,0.00042918274994008243,459349
b2_cityscapes_val,2026-07-07 05:27:56,cityscapes,val,all,student_skd,/scratch/gautschi/manors/hf_cache/hub/models--nvidia--mit-b2/snapshots/3bb39e8739149c3777d0325349b2a6c32c6413db,runs/mit-b2_skd_j9196921/student_skd.ckpt,skd,img_000400,/home/manors/Guardrail-Distillation/data/cityscapes/leftImg8bit/val/munster/munster_000074_000019_leftImg8bit.png,,0.7307137579492515,0.26928624205074847,0.9590652585029602,0.9752283692359924,0.08457619696855545,0.0652867779135704,0.19292539358139038,0.9430777430534363,0.17318381369113922,-7.982083320617676,7.951783180236816,0.005299531854689121,0.03150789067149162,466645,7.96317751519382,7.42191998870112,16.287481499603018,0.9766688930281987,0.023331106971801296,132359,0.6630176681611307,0.3369823318388693,74809,0.06580280512571335,0.00032142625423148274,29.364457237534225,0.0296543687582016,0.9703456312417984,0.08123229444026947,0.2406519502401352,0.024231385439634323,0.5060575008392334,0.4939424991607666,0.5156747698783875,0.5466929078102112,0.4083332121372223,0.5060575008392334,0.4939424991607666,0.5060575008392334,0.4939424991607666,0.7698080098628178,0.23019199013718217,0.9635354280471802,0.9906872024360066,0.009312797563993391,0.014018309407807905,0.7279927373274268,0.27200726267257325,0.06497506916629603,0.0390942519135663,0.0390942519135663,0.010974081233143806,0.0065038735046982765,0.9609057480864337,0.0390942519135663,0.019044455140829086,0.0007800362072885036,431964
b2_cityscapes_val,2026-07-07 05:27:56,cityscapes,val,all,student_skd,/scratch/gautschi/manors/hf_cache/hub/models--nvidia--mit-b2/snapshots/3bb39e8739149c3777d0325349b2a6c32c6413db,runs/mit-b2_skd_j9196921/student_skd.ckpt,skd,img_000401,/home/manors/Guardrail-Distillation/data/cityscapes/leftImg8bit/val/munster/munster_000075_000019_leftImg8bit.png,,0.6407293037946116,0.35927069620538843,0.985710859298706,0.987787127494812,0.0619276687502861,0.03220400586724281,0.14140941202640533,0.9696376919746399,0.10039173066616058,-8.165623664855957,8.150492668151855,0.003210076130926609,0.015959568321704865,473509,7.96317751519382,7.42191998870112,16.287481499603018,0.9972603181297144,0.002739681870285615,136963,0.48540351433720763,0.5145964856627924,69104,0.03251279518008232,0.00021169228421058506,29.364457237534225,0.013976442627608776,0.9860235573723912,0.012524026446044445,0.06807491928339005,0.009593975730240345,0.5023984909057617,0.4976015090942383,0.5065175294876099,0.5149989724159241,0.3998778462409973,0.5023984909057617,0.4976015090942383,0.5023984909057617,0.4976015090942383,0.6599858681272244,0.3400141318727756,0.987480640411377,0.9958778995656346,0.00412210043436545,0.0,0.5220095446706247,0.47799045532937534,0.03660603033341703,0.019256564332612802,0.019256564332612802,0.00637791445478797,0.004608148708939552,0.9807434356673872,0.019256564332612802,0.012031449936330318,0.00024497948470525444,457054
b2_cityscapes_val,2026-07-07 05:27:56,cityscapes,val,all,student_skd,/scratch/gautschi/manors/hf_cache/hub/models--nvidia--mit-b2/snapshots/3bb39e8739149c3777d0325349b2a6c32c6413db,runs/mit-b2_skd_j9196921/student_skd.ckpt,skd,img_000402,/home/manors/Guardrail-Distillation/data/cityscapes/leftImg8bit/val/munster/munster_000076_000019_leftImg8bit.png,,0.5182990922388064,0.48170090776119356,0.9674991965293884,0.9711971879005432,0.09175378084182739,0.07609070837497711,0.2099185436964035,0.9337378740310669,0.20433282852172852,-7.944604873657227,7.909219264984131,0.006532173603773117,0.038844551891088486,493557,7.96317751519382,7.42191998870112,16.287481499603018,0.9831320596879443,0.01686794031205574,150859,0.24707332101047444,0.7529266789895256,13568,0.07680590450763702,0.0003951444523409009,29.364457237534225,0.03066798485815525,0.9693320151418447,0.08258818835020065,0.24189969897270203,0.017830371856689453,0.5044574737548828,0.4955425262451172,0.5170725584030151,0.5406531095504761,0.4218589663505554,0.5044574737548828,0.4955425262451172,0.5044574737548828,0.4955425262451172,0.4570758040053557,0.5429241959946443,0.9696164727210999,0.9855955206510407,0.014404479348959276,0.0024634609630964643,0.24255850942967508,0.757441490570325,0.0,0.0,0.0,0.00992590468376875,0.007808621972799301,1.0,0.0,0.01943848468363285,0.0002451591135468334,451390
b2_cityscapes_val,2026-07-07 05:27:56,cityscapes,val,all,student_skd,/scratch/gautschi/manors/hf_cache/hub/models--nvidia--mit-b2/snapshots/3bb39e8739149c3777d0325349b2a6c32c6413db,runs/mit-b2_skd_j9196921/student_skd.ckpt,skd,img_000403,/home/manors/Guardrail-Distillation/data/cityscapes/leftImg8bit/val/munster/munster_000077_000019_leftImg8bit.png,,0.6749528023993432,0.3250471976006568,0.9697481989860535,0.9728571176528931,0.08927217870950699,0.06999749690294266,0.20018954575061798,0.9406276345252991,0.17572209239006042,-8.112482070922852,8.079164505004883,0.00567940529435873,0.036593999713659286,487375,7.96317751519382,7.42191998870112,16.287481499603018,1.0,0.0,150859,0.850629588055375,0.14937041194462497,13930,0.07048051059246063,0.00042914244113489985,29.364457237534225,0.03036033920943737,0.9696396607905626,0.08219928294420242,0.2454037219285965,0.021489135921001434,0.5053721070289612,0.4946278929710388,0.5171835422515869,0.5424079298973083,0.3918004035949707,0.5053721070289612,0.4946278929710388,0.5053721070289612,0.4946278929710388,0.7140475561153886,0.2859524438846114,0.9717938303947449,1.0,0.0,0.0,0.810118089367814,0.18988191063218596,0.0,0.03909475371604543,0.03909475371604543,0.012341626919806004,0.010295974090695381,0.9609052462839546,0.03909475371604543,0.02461349219083786,0.000896640180144459,447791
b2_cityscapes_val,2026-07-07 05:27:56,cityscapes,val,all,student_skd,/scratch/gautschi/manors/hf_cache/hub/models--nvidia--mit-b2/snapshots/3bb39e8739149c3777d0325349b2a6c32c6413db,runs/mit-b2_skd_j9196921/student_skd.ckpt,skd,img_000404,/home/manors/Guardrail-Distillation/data/cityscapes/leftImg8bit/val/munster/munster_000078_000019_leftImg8bit.png,,0.7342502981240352,0.2657497018759648,0.9377813935279846,0.9651045203208923,0.09695038199424744,0.09192363172769547,0.21526651084423065,0.9169591665267944,0.25547724962234497,-8.1491117477417,8.10681438446045,0.005587016697973013,0.04484391584992409,487201,7.957453257404268,7.425173476804048,16.28297398565337,0.6362679495915364,0.36373205040846357,150859,0.6371670004291433,0.3628329995708567,82193,0.09316227585077286,0.000770885671954602,29.359350766753778,0.04341619834303856,0.9565838016569614,0.16597206890583038,0.28549155592918396,0.031178968027234077,0.5077941417694092,0.4922058582305908,0.5328065752983093,0.5555764436721802,0.4452565610408783,0.5077941417694092,0.4922058582305908,0.5077941417694092,0.4922058582305908,0.6966756532052913,0.30332434679470865,0.9471491575241089,0.6356113401957457,0.3643886598042543,0.0,0.6424370994024422,0.3575629005975578,0.005270098973298887,0.0,0.0,0.017565647140145302,0.008197848685085773,1.0,0.0,0.02799871191382408,0.0013608346926048398,435503
b2_cityscapes_val,2026-07-07 05:27:56,cityscapes,val,all,student_skd,/scratch/gautschi/manors/hf_cache/hub/models--nvidia--mit-b2/snapshots/3bb39e8739149c3777d0325349b2a6c32c6413db,runs/mit-b2_skd_j9196921/student_skd.ckpt,skd,img_000405,/home/manors/Guardrail-Distillation/data/cityscapes/leftImg8bit/val/munster/munster_000079_000019_leftImg8bit.png,,0.7842822880847966,0.2157177119152034,0.9740782976150513,0.9810944199562073,0.07265619188547134,0.04978448152542114,0.16064657270908356,0.9517902731895447,0.1586347073316574,-7.765380859375,7.7425432205200195,0.00276782619766891,0.023577703163027763,488470,7.957453257404268,7.425173476804048,16.28297398565337,0.9756811374858234,0.024318862514176587,150859,0.7914319502086621,0.20856804979133792,29039,0.05033118650317192,0.000341889972332865,29.359350766753778,0.022399261593818665,0.9776007384061813,0.04557124525308609,0.15788403153419495,0.010480892844498158,0.5026202201843262,0.49737977981567383,0.5109425187110901,0.5244815349578857,0.4186337888240814,0.5026202201843262,0.49737977981567383,0.5026202201843262,0.49737977981567383,0.7075288836236765,0.2924711163763235,0.9740414023399353,0.9696369987927753,0.030363001207224682,0.0,0.7827977505834265,0.2172022494165735,0.0,0.0,0.0,0.007607427425682545,0.007644277065992355,1.0,0.0,0.016271214932203293,0.0005363686941564083,460485
b2_cityscapes_val,2026-07-07 05:27:56,cityscapes,val,all,student_skd,/scratch/gautschi/manors/hf_cache/hub/models--nvidia--mit-b2/snapshots/3bb39e8739149c3777d0325349b2a6c32c6413db,runs/mit-b2_skd_j9196921/student_skd.ckpt,skd,img_000406,/home/manors/Guardrail-Distillation/data/cityscapes/leftImg8bit/val/munster/munster_000080_000019_leftImg8bit.png,,0.6553689422284867,0.34463105777151326,0.9612140655517578,0.9728810787200928,0.09029250591993332,0.07101084291934967,0.2073957473039627,0.9391624927520752,0.18680177628993988,-8.283866882324219,8.25035285949707,0.006737619172781706,0.03666069358587265,492162,7.957453257404268,7.425173476804048,16.28297398565337,0.9199668594681186,0.08003314053188137,150859,0.585545839952188,0.414454160047812,89633,0.07192891836166382,0.0006207918631844223,29.359350766753778,0.031013572588562965,0.968986427411437,0.08401691168546677,0.2509291470050812,0.018853386864066124,0.5047131776809692,0.49528682231903076,0.5172029733657837,0.5395795702934265,0.41066479682922363,0.5047131776809692,0.49528682231903076,0.5047131776809692,0.49528682231903076,0.6732391107773783,0.3267608892226217,0.9703736305236816,0.9427915023999308,0.057208497600069186,0.02282464293181219,0.5905820757937132,0.40941792420628675,0.005036235841525238,0.017870168548891563,0.017870168548891563,0.014950362965464592,0.005790776573121548,0.9821298314511084,0.017870168548891563,0.0241262037307024,0.0017026914283633232,452899
b2_cityscapes_val,2026-07-07 05:27:56,cityscapes,val,all,student_skd,/scratch/gautschi/manors/hf_cache/hub/models--nvidia--mit-b2/snapshots/3bb39e8739149c3777d0325349b2a6c32c6413db,runs/mit-b2_skd_j9196921/student_skd.ckpt,skd,img_000407,/home/manors/Guardrail-Distillation/data/cityscapes/leftImg8bit/val/munster/munster_000081_000019_leftImg8bit.png,,0.6256626051733027,0.37433739482669726,0.9758864045143127,0.9823338389396667,0.07049062103033066,0.04417808726429939,0.1501186341047287,0.9604038000106812,0.11729086935520172,-8.759556770324707,8.73823356628418,0.0019446806982159615,0.022698037326335907,495197,7.957453257404268,7.425173476804048,16.28297398565337,0.7229153710399903,0.27708462896000974,150859,0.9947466064179571,0.005253393582042909,163323,0.044610247015953064,0.00022946918033994734,29.359350766753778,0.015914471819996834,0.9840855281800032,0.01585417054593563,0.10678153485059738,0.010078665800392628,0.5025196671485901,0.4974803328514099,0.5066493153572083,0.5181203484535217,0.3948153853416443,0.5025196671485901,0.4974803328514099,0.5025196671485901,0.4974803328514099,0.6738228149536478,0.3261771850463522,0.9803451895713806,0.8441208183470658,0.15587918165293424,0.1212054473070755,0.9921872608267054,0.007812739173294614,0.0,0.048160209780345076,0.048160209780345076,0.008404736407101154,0.003945904318243265,0.9518397902196549,0.048160209780345076,0.012928188778460026,0.001183367450721562,468380
b2_cityscapes_val,2026-07-07 05:27:57,cityscapes,val,all,student_skd,/scratch/gautschi/manors/hf_cache/hub/models--nvidia--mit-b2/snapshots/3bb39e8739149c3777d0325349b2a6c32c6413db,runs/mit-b2_skd_j9196921/student_skd.ckpt,skd,img_000408,/home/manors/Guardrail-Distillation/data/cityscapes/leftImg8bit/val/munster/munster_000082_000019_leftImg8bit.png,,0.6417456900064717,0.35825430999352825,0.9668897390365601,0.978735625743866,0.07679996639490128,0.051344770938158035,0.15667417645454407,0.9541981220245361,0.13209575414657593,-8.42743968963623,8.401850700378418,0.001211350318044424,0.028478845953941345,495315,7.982239738339558,7.430705241858959,16.270793741568923,0.887531216275345,0.11246878372465496,150859,0.9132414301692491,0.08675856983075092,152135,0.051721978932619095,0.00029507954604923725,29.24504701513797,0.02021673135459423,0.9797832686454058,0.034198857843875885,0.1623494178056717,0.014862722717225552,0.5037156343460083,0.4962843656539917,0.50981605052948,0.5283597111701965,0.39174166321754456,0.5037156343460083,0.4962843656539917,0.5037156343460083,0.4962843656539917,0.6466892802029713,0.35331071979702866,0.9757447242736816,0.921554388509267,0.07844561149073304,0.03402317223392193,0.9090350233542968,0.09096497664570324,0.0,0.004943590196499592,0.004943590196499592,0.011830855160951614,0.0029758841264992952,0.9950564098035004,0.004943590196499592,0.015226674266159534,0.00038965101703070104,462637
b2_cityscapes_val,2026-07-07 05:27:57,cityscapes,val,all,student_skd,/scratch/gautschi/manors/hf_cache/hub/models--nvidia--mit-b2/snapshots/3bb39e8739149c3777d0325349b2a6c32c6413db,runs/mit-b2_skd_j9196921/student_skd.ckpt,skd,img_000409,/home/manors/Guardrail-Distillation/data/cityscapes/leftImg8bit/val/munster/munster_000083_000019_leftImg8bit.png,,0.564369963651651,0.43563003634834896,0.9389848113059998,0.959693431854248,0.10998020321130753,0.10546527057886124,0.2517029643058777,0.9107357263565063,0.2716576159000397,-8.083410263061523,8.033066749572754,0.012353316880762577,0.055612388998270035,489747,7.982239738339558,7.430705241858959,16.270793741568923,0.8898998844344139,0.11010011556558608,150859,0.4876318219264138,0.5123681780735863,68690,0.10669837892055511,0.0007493723533116281,29.24504701513797,0.04759906604886055,0.9524009339511395,0.18165966868400574,0.33726075291633606,0.035143204033374786,0.5087848901748657,0.4912151098251343,0.5297239422798157,0.5586352348327637,0.46141114830970764,0.5087848901748657,0.4912151098251343,0.5087848901748657,0.4912151098251343,0.6005345845166356,0.39946541548336445,0.9557057023048401,0.8642151043382132,0.13578489566178675,0.0,0.5756459419589056,0.4243540580410944,0.08801412003249187,0.03616462086498451,0.03616462086498451,0.02599913813173771,0.009278260171413422,0.9638353791350155,0.03616462086498451,0.0416949987411499,0.005200644489377737,432647
b2_cityscapes_val,2026-07-07 05:27:57,cityscapes,val,all,student_skd,/scratch/gautschi/manors/hf_cache/hub/models--nvidia--mit-b2/snapshots/3bb39e8739149c3777d0325349b2a6c32c6413db,runs/mit-b2_skd_j9196921/student_skd.ckpt,skd,img_000410,/home/manors/Guardrail-Distillation/data/cityscapes/leftImg8bit/val/munster/munster_000084_000019_leftImg8bit.png,,0.675168176048821,0.32483182395117904,0.9356032013893127,0.9476728439331055,0.11656329035758972,0.1378830522298813,0.2608645558357239,0.8853756189346313,0.3298130929470062,-7.853644371032715,7.789806365966797,0.010498053394258022,0.06764079630374908,491996,7.982239738339558,7.430705241858959,16.270793741568923,0.912511823184276,0.08748817681572396,150859,0.7951445709632067,0.20485542903679332,28666,0.13913820683956146,0.0007774931145831943,29.24504701513797,0.06678881496191025,0.9332111850380898,0.2687476575374603,0.35740965604782104,0.058660417795181274,0.5146608948707581,0.48533910512924194,0.557709813117981,0.5788634419441223,0.4249331057071686,0.5146608948707581,0.48533910512924194,0.5146608948707581,0.48533910512924194,0.703040097933369,0.29695990206663103,0.9385523796081543,0.6512086600758819,0.34879133992411815,0.0,0.7873829905018848,0.21261700949811524,0.0,0.027871921884548012,0.027871921884548012,0.02533557265996933,0.02238636277616024,0.972128078115452,0.027871921884548012,0.05039675161242485,0.002219530288130045,414422
b2_cityscapes_val,2026-07-07 05:27:57,cityscapes,val,all,student_skd,/scratch/gautschi/manors/hf_cache/hub/models--nvidia--mit-b2/snapshots/3bb39e8739149c3777d0325349b2a6c32c6413db,runs/mit-b2_skd_j9196921/student_skd.ckpt,skd,img_000411,/home/manors/Guardrail-Distillation/data/cityscapes/leftImg8bit/val/munster/munster_000085_000019_leftImg8bit.png,,0.7315816462766707,0.26841835372332934,0.9560633301734924,0.9642619490623474,0.09844277799129486,0.09180197864770889,0.21342989802360535,0.9185500741004944,0.24270208179950714,-8.2011137008667,8.157695770263672,0.0056520127691328526,0.04600460082292557,460367,7.982239738339558,7.430705241858959,16.270793741568923,0.8006007897818771,0.1993992102181229,134441,0.874928637818268,0.12507136218173198,54486,0.09270603209733963,0.0005858991062268615,29.24504701513797,0.040004029870033264,0.9599959701299667,0.1521114706993103,0.2858748733997345,0.028169481083750725,0.5070419311523438,0.49295806884765625,0.5268248319625854,0.5484495162963867,0.41267630457878113,0.5070419311523438,0.49295806884765625,0.5070419311523438,0.49295806884765625,0.6550593393461391,0.34494066065386086,0.9639070630073547,0.8645073792019201,0.1354926207980799,0.06390658942004301,0.5255637497457502,0.47443625025424985,0.0,0.0,0.0,0.019391052424907684,0.011547309346497059,1.0,0.0,0.03288029134273529,0.0025783777236938477,410612
b2_cityscapes_val,2026-07-07 05:27:57,cityscapes,val,all,student_skd,/scratch/gautschi/manors/hf_cache/hub/models--nvidia--mit-b2/snapshots/3bb39e8739149c3777d0325349b2a6c32c6413db,runs/mit-b2_skd_j9196921/student_skd.ckpt,skd,img_000412,/home/manors/Guardrail-Distillation/data/cityscapes/leftImg8bit/val/munster/munster_000086_000019_leftImg8bit.png,,0.5144466221899188,0.48555337781008123,0.9696125984191895,0.9757846593856812,0.08182850480079651,0.061478663235902786,0.1747426837682724,0.9441448450088501,0.16699154675006866,-8.300612449645996,8.271350860595703,0.0029165155719965696,0.031172707676887512,485168,7.924128498416394,7.398810237646103,16.200078011024743,0.9495221092009231,0.05047789079907694,150859,0.4430563466635622,0.5569436533364378,96329,0.06204503774642944,0.00037619195063598454,29.230955755338073,0.02656833454966545,0.9734316654503345,0.06847977638244629,0.20190493762493134,0.016319287940859795,0.5040796995162964,0.4959203004837036,0.5127170085906982,0.533394455909729,0.41762658953666687,0.5040796995162964,0.4959203004837036,0.5040796995162964,0.4959203004837036,0.6132147018932945,0.3867852981067055,0.9742377996444702,0.9354135522364723,0.06458644776352773,0.0,0.43990058164833923,0.5600994183516608,0.0,0.09876807970337576,0.09876807970337576,0.012107145972549915,0.007481944281607866,0.9012319202966242,0.09876807970337576,0.020401179790496826,0.0009357583476230502,449526
b2_cityscapes_val,2026-07-07 05:27:57,cityscapes,val,all,student_skd,/scratch/gautschi/manors/hf_cache/hub/models--nvidia--mit-b2/snapshots/3bb39e8739149c3777d0325349b2a6c32c6413db,runs/mit-b2_skd_j9196921/student_skd.ckpt,skd,img_000413,/home/manors/Guardrail-Distillation/data/cityscapes/leftImg8bit/val/munster/munster_000087_000019_leftImg8bit.png,,0.5789742297172432,0.4210257702827568,0.9785523414611816,0.9849777221679688,0.06497544050216675,0.03836404159665108,0.13951250910758972,0.9640949368476868,0.11113876104354858,-8.531634330749512,8.513519287109375,0.0019809079822152853,0.018802423030138016,493713,7.924128498416394,7.398810237646103,16.200078011024743,0.9118249487591864,0.0881750512408136,150859,0.32957814524452644,0.6704218547554736,107106,0.038764599710702896,0.00022877752780914307,29.230955755338073,0.013711567968130112,0.9862884320318699,0.012779994867742062,0.07398349791765213,0.007332451641559601,0.5018330812454224,0.49816691875457764,0.5072542428970337,0.5131937265396118,0.39715349674224854,0.5018330812454224,0.49816691875457764,0.5018330812454224,0.49816691875457764,0.6608513391984547,0.33914866080154527,0.9801666736602783,0.9194931441802155,0.08050685581978445,0.007668195421029145,0.34261730683725666,0.6573826931627433,0.01303916159273022,0.08187710948121152,0.08187710948121152,0.005349261686205864,0.0037349637132138014,0.9181228905187885,0.08187710948121152,0.010779542848467827,0.00016811386740300804,471147
b2_cityscapes_val,2026-07-07 05:27:57,cityscapes,val,all,student_skd,/scratch/gautschi/manors/hf_cache/hub/models--nvidia--mit-b2/snapshots/3bb39e8739149c3777d0325349b2a6c32c6413db,runs/mit-b2_skd_j9196921/student_skd.ckpt,skd,img_000414,/home/manors/Guardrail-Distillation/data/cityscapes/leftImg8bit/val/munster/munster_000088_000019_leftImg8bit.png,,0.6359902121628355,0.36400978783716453,0.9766601324081421,0.984983503818512,0.06330308318138123,0.03992482274770737,0.13784615695476532,0.9598671793937683,0.12997739017009735,-8.386066436767578,8.368149757385254,0.0013456292217597365,0.017841292545199394,491220,7.924128498416394,7.398810237646103,16.200078011024743,0.6536861519138424,0.3463138480861576,150859,0.4454440384173266,0.5545559615826734,74833,0.0402897372841835,0.0002162349846912548,29.230955755338073,0.017626658082008362,0.9823733419179916,0.029452409595251083,0.10958994925022125,0.011612582951784134,0.5029031038284302,0.4970968961715698,0.50872802734375,0.5229958295822144,0.4013530910015106,0.5029031038284302,0.4970968961715698,0.5029031038284302,0.4970968961715698,0.7182425369030988,0.2817574630969012,0.9769552946090698,0.6522749848122761,0.3477250151877239,0.0,0.5521248848189068,0.44787511518109324,0.10668084640158015,0.08225232474026334,0.08225232474026334,0.006072635296732187,0.005777452141046524,0.9177476752597367,0.08225232474026334,0.012485240586102009,0.0006738324882462621,468883
b2_cityscapes_val,2026-07-07 05:27:57,cityscapes,val,all,student_skd,/scratch/gautschi/manors/hf_cache/hub/models--nvidia--mit-b2/snapshots/3bb39e8739149c3777d0325349b2a6c32c6413db,runs/mit-b2_skd_j9196921/student_skd.ckpt,skd,img_000415,/home/manors/Guardrail-Distillation/data/cityscapes/leftImg8bit/val/munster/munster_000089_000019_leftImg8bit.png,,0.7989987575566693,0.20100124244333073,0.9703248143196106,0.9756162166595459,0.08250122517347336,0.06335894018411636,0.18171218037605286,0.9430670142173767,0.17279493808746338,-8.233619689941406,8.204054832458496,0.003819479839876294,0.030901584774255753,491690,7.924128498416394,7.398810237646103,16.200078011024743,0.9609721181064551,0.03902788189354489,150859,0.8623982022139752,0.13760179778602477,34341,0.0639573484659195,0.000378467608243227,29.230955755338073,0.025819145143032074,0.9741808548569679,0.06067175790667534,0.2007119208574295,0.014849157072603703,0.5037122368812561,0.4962877631187439,0.5128971934318542,0.5293891429901123,0.3977663218975067,0.5037122368812561,0.4962877631187439,0.5037122368812561,0.4962877631187439,0.7858127781805239,0.21418722181947614,0.9707193970680237,0.9504307678583344,0.04956923214166564,0.0,0.887233053909378,0.11276694609062199,0.024834851695402782,0.0,0.0,0.010598141700029373,0.010203584097325802,1.0,0.0,0.02213386446237564,0.0006996278534643352,455297
b2_cityscapes_val,2026-07-07 05:27:57,cityscapes,val,all,student_skd,/scratch/gautschi/manors/hf_cache/hub/models--nvidia--mit-b2/snapshots/3bb39e8739149c3777d0325349b2a6c32c6413db,runs/mit-b2_skd_j9196921/student_skd.ckpt,skd,img_000416,/home/manors/Guardrail-Distillation/data/cityscapes/leftImg8bit/val/munster/munster_000090_000019_leftImg8bit.png,,0.5388190419547013,0.4611809580452987,0.9568995237350464,0.9650072455406189,0.10267937928438187,0.09254992753267288,0.23805661499500275,0.922935426235199,0.23281915485858917,-7.891692161560059,7.848135948181152,0.010318782180547714,0.04779086634516716,492500,7.973126746946946,7.407164026517421,16.201877500861883,0.6495571919141271,0.3504428080858729,150859,0.35187417862170345,0.6481258213782966,26207,0.09349064528942108,0.0006046780035831034,29.23526949598454,0.0412302128970623,0.9587697871029377,0.1668950617313385,0.3123706877231598,0.03030996024608612,0.5075769424438477,0.49242305755615234,0.5326259732246399,0.5632660984992981,0.4087662696838379,0.5075769424438477,0.49242305755615234,0.5075769424438477,0.49242305755615234,0.5552545415844876,0.4447454584155124,0.9591858386993408,0.6418292364892771,0.35817076351072286,0.0,0.3439359810842639,0.6560640189157361,0.0,0.0164354996297863,0.0164354996297863,0.014702538959681988,0.012416244484484196,0.9835645003702137,0.0164354996297863,0.03044264018535614,0.0005360406357795,441667
b2_cityscapes_val,2026-07-07 05:27:57,cityscapes,val,all,student_skd,/scratch/gautschi/manors/hf_cache/hub/models--nvidia--mit-b2/snapshots/3bb39e8739149c3777d0325349b2a6c32c6413db,runs/mit-b2_skd_j9196921/student_skd.ckpt,skd,img_000417,/home/manors/Guardrail-Distillation/data/cityscapes/leftImg8bit/val/munster/munster_000091_000019_leftImg8bit.png,,0.6022399471254171,0.39776005287458294,0.9671216607093811,0.9771108031272888,0.08022703230381012,0.05996633693575859,0.1797226071357727,0.9459892511367798,0.16521841287612915,-8.428163528442383,8.40035629272461,0.0038260859437286854,0.028677308931946754,490841,7.973126746946946,7.407164026517421,16.201877500861883,0.4999933712058439,0.500006628794156,150857,0.6471577825693974,0.3528422174306026,76556,0.0608513168990612,0.0005764637026004493,29.23526949598454,0.02870125137269497,0.971298748627305,0.07343067228794098,0.2215728908777237,0.017612701281905174,0.5044030547142029,0.4955969452857971,0.5194488167762756,0.5396761298179626,0.4024576246738434,0.5044030547142029,0.4955969452857971,0.5044030547142029,0.4955969452857971,0.608658468360364,0.39134153163963603,0.972235381603241,0.4999668560292197,0.5000331439707804,0.0,0.6039463495174652,0.3960536504825348,0.0,0.006418521234946906,0.006418521234946906,0.010801868513226509,0.005688196048140526,0.9935814787650531,0.006418521234946906,0.01841125637292862,0.0014240863965824246,456724
b2_cityscapes_val,2026-07-07 05:27:57,cityscapes,val,all,student_skd,/scratch/gautschi/manors/hf_cache/hub/models--nvidia--mit-b2/snapshots/3bb39e8739149c3777d0325349b2a6c32c6413db,runs/mit-b2_skd_j9196921/student_skd.ckpt,skd,img_000418,/home/manors/Guardrail-Distillation/data/cityscapes/leftImg8bit/val/munster/munster_000092_000019_leftImg8bit.png,,0.5316365018330523,0.46836349816694767,0.9692420363426208,0.9759107828140259,0.0836615264415741,0.062093138694763184,0.18423759937286377,0.9450528621673584,0.1674749106168747,-8.151256561279297,8.121838569641113,0.00471916189417243,0.032116085290908813,449868,7.973126746946946,7.407164026517421,16.201877500861883,1.0,0.0,113187,0.4924751727231884,0.5075248272768116,74697,0.06278238445520401,0.000420265132561326,29.23526949598454,0.02641238458454609,0.9735876154154539,0.0654725581407547,0.2161492556333542,0.021353280171751976,0.5053381323814392,0.4946618676185608,0.5150474309921265,0.5397027730941772,0.4025934636592865,0.5053381323814392,0.4946618676185608,0.5053381323814392,0.4946618676185608,0.5648343011982891,0.43516569880171085,0.9736410975456238,1.0,0.0,0.0,0.413353032276481,0.586646967723519,0.0,0.03319779936523681,0.03319779936523681,0.011343327350914478,0.006944258697330952,0.9668022006347632,0.03319779936523681,0.019701333716511726,0.0007602229597978294,417491
b2_cityscapes_val,2026-07-07 05:27:57,cityscapes,val,all,student_skd,/scratch/gautschi/manors/hf_cache/hub/models--nvidia--mit-b2/snapshots/3bb39e8739149c3777d0325349b2a6c32c6413db,runs/mit-b2_skd_j9196921/student_skd.ckpt,skd,img_000419,/home/manors/Guardrail-Distillation/data/cityscapes/leftImg8bit/val/munster/munster_000093_000019_leftImg8bit.png,,0.5997087659021925,0.40029123409780754,0.9480627775192261,0.9783155918121338,0.07659903913736343,0.056810274720191956,0.16739526391029358,0.9471750259399414,0.16252757608890533,-8.346437454223633,8.320387840270996,0.0026102252304553986,0.026651227846741676,482717,7.973126746946946,7.407164026517421,16.201877500861883,0.9735487999466388,0.026451200053361212,145520,0.48664911045105186,0.5133508895489481,65360,0.0572853684425354,0.000297904247418046,29.23526949598454,0.02044220268726349,0.9795577973127365,0.03787402808666229,0.15081387758255005,0.011316467076539993,0.5028290748596191,0.49717092514038086,0.5092377662658691,0.5293609499931335,0.4033021032810211,0.5028290748596191,0.49717092514038086,0.5028290748596191,0.49717092514038086,0.5319831832040034,0.4680168167959966,0.9502068758010864,0.9884234579459609,0.01157654205403913,0.014874657999322083,0.32639250390421654,0.6736074960957834,0.0,0.0,0.0,0.009144074283540249,0.0069999611005187035,1.0,0.0,0.01701411046087742,0.0002693089481908828,450578
b2_cityscapes_val,2026-07-07 05:27:58,cityscapes,val,all,student_skd,/scratch/gautschi/manors/hf_cache/hub/models--nvidia--mit-b2/snapshots/3bb39e8739149c3777d0325349b2a6c32c6413db,runs/mit-b2_skd_j9196921/student_skd.ckpt,skd,img_000420,/home/manors/Guardrail-Distillation/data/cityscapes/leftImg8bit/val/munster/munster_000094_000019_leftImg8bit.png,,0.5571014680138895,0.4428985319861105,0.9497390985488892,0.964056670665741,0.10094901919364929,0.09461851418018341,0.2299620807170868,0.9192267060279846,0.2426910102367401,-8.053352355957031,8.009242057800293,0.007762067019939423,0.04764970764517784,475260,7.960190996527672,7.405085023492575,16.21262723347172,0.4990163584589838,0.5009836415410163,149953,0.4199758640452963,0.5800241359547037,30055,0.09566975384950638,0.0006211280706338584,29.249217768665403,0.04107911139726639,0.9589208886027336,0.15280920267105103,0.2946799099445343,0.030612250789999962,0.5076524615287781,0.4923475384712219,0.5316062569618225,0.5530245304107666,0.4276997148990631,0.5076524615287781,0.4923475384712219,0.5076524615287781,0.4923475384712219,0.5769690094977884,0.4230309905022116,0.9562407732009888,0.49975992477642994,0.5002400752235701,0.0007435663174462093,0.45634767882081917,0.5436523211791808,0.03637181477552287,0.01986754148389891,0.01986754148389891,0.017260026186704636,0.010758321732282639,0.9801324585161011,0.01986754148389891,0.03129445016384125,0.001117283129133284,424259
b2_cityscapes_val,2026-07-07 05:27:58,cityscapes,val,all,student_skd,/scratch/gautschi/manors/hf_cache/hub/models--nvidia--mit-b2/snapshots/3bb39e8739149c3777d0325349b2a6c32c6413db,runs/mit-b2_skd_j9196921/student_skd.ckpt,skd,img_000421,/home/manors/Guardrail-Distillation/data/cityscapes/leftImg8bit/val/munster/munster_000095_000019_leftImg8bit.png,,0.6324605049605516,0.3675394950394484,0.9537917971611023,0.9710343480110168,0.08920833468437195,0.07684192806482315,0.20151109993457794,0.9311858415603638,0.20976606011390686,-8.180179595947266,8.14503002166748,0.004936804063618183,0.03642750531435013,484524,7.960190996527672,7.405085023492575,16.21262723347172,0.9388801675774955,0.061119832422504516,150859,0.6044009414755807,0.39559905852441934,57334,0.07763110846281052,0.0004636820522136986,29.249217768665403,0.034254077821969986,0.96574592217803,0.10934499651193619,0.2603417932987213,0.024067960679531097,0.5060166716575623,0.49398332834243774,0.5213529467582703,0.5453044176101685,0.4466184377670288,0.5060166716575623,0.49398332834243774,0.5060166716575623,0.49398332834243774,0.708102340071057,0.291897659928943,0.9544501900672913,0.9235891818561468,0.0764108181438532,0.0,0.6688949130016411,0.33110508699835894,0.0644939715260604,0.07564183511050537,0.07564183511050537,0.01142564695328474,0.01076726894825697,0.9243581648894946,0.07564183511050537,0.02705954760313034,0.0004808843368664384,442280
b2_cityscapes_val,2026-07-07 05:27:58,cityscapes,val,all,student_skd,/scratch/gautschi/manors/hf_cache/hub/models--nvidia--mit-b2/snapshots/3bb39e8739149c3777d0325349b2a6c32c6413db,runs/mit-b2_skd_j9196921/student_skd.ckpt,skd,img_000422,/home/manors/Guardrail-Distillation/data/cityscapes/leftImg8bit/val/munster/munster_000096_000019_leftImg8bit.png,,0.5563565162519394,0.4436434837480606,0.9724037647247314,0.9781927466392517,0.07691217958927155,0.054410483688116074,0.16180062294006348,0.951233983039856,0.14235888421535492,-8.26910400390625,8.242907524108887,0.0018494402756914496,0.02730952948331833,495285,7.960190996527672,7.405085023492575,16.21262723347172,0.9574264839213509,0.04257351607864912,150859,0.38464090843595866,0.6153590915640413,71967,0.05486028641462326,0.0002909787290263921,29.249217768665403,0.021484442055225372,0.9785155579447746,0.04709521308541298,0.16571258008480072,0.009332281537353992,0.5023330450057983,0.49766695499420166,0.5091975331306458,0.5244989991188049,0.4014923572540283,0.5023330450057983,0.49766695499420166,0.5023330450057983,0.49766695499420166,0.6055968243416617,0.39440317565833827,0.9748266339302063,0.9575644268071271,0.042435573192872944,0.00013794288577617664,0.49884495391623496,0.501155046083765,0.1142040454802763,0.04924030808972235,0.04924030808972235,0.009386515244841576,0.006963667459785938,0.9507596919102776,0.04924030808972235,0.01714366488158703,0.00043611254659481347,461797
b2_cityscapes_val,2026-07-07 05:27:58,cityscapes,val,all,student_skd,/scratch/gautschi/manors/hf_cache/hub/models--nvidia--mit-b2/snapshots/3bb39e8739149c3777d0325349b2a6c32c6413db,runs/mit-b2_skd_j9196921/student_skd.ckpt,skd,img_000423,/home/manors/Guardrail-Distillation/data/cityscapes/leftImg8bit/val/munster/munster_000097_000019_leftImg8bit.png,,0.7526865638831294,0.24731343611687062,0.9412462711334229,0.9602713584899902,0.10444441437721252,0.10006630420684814,0.22614143788814545,0.9149993658065796,0.2448650747537613,-8.077472686767578,8.028956413269043,0.006671298760920763,0.05255983769893646,492258,7.960190996527672,7.405085023492575,16.21262723347172,0.9531744031980441,0.04682559680195586,150859,0.8236213329219572,0.17637866707804284,74138,0.10101044178009033,0.0006530994432978332,29.249217768665403,0.04446691274642944,0.9555330872535706,0.17938217520713806,0.30785638093948364,0.03190885856747627,0.5079765319824219,0.4920234680175781,0.5332942605018616,0.5574923753738403,0.42820996046066284,0.5079765319824219,0.4920234680175781,0.5079765319824219,0.4920234680175781,0.7913703403278433,0.20862965967215674,0.9551210999488831,0.9664904950258925,0.03350950497410754,0.01331609182784832,0.8360001643340941,0.16399983566590592,0.012378831412136915,0.03868377644471388,0.03868377644471388,0.02623014897108078,0.012355309911072254,0.9613162235552861,0.03868377644471388,0.04224411025643349,0.0017145480960607529,432587
b2_cityscapes_val,2026-07-07 05:27:58,cityscapes,val,all,student_skd,/scratch/gautschi/manors/hf_cache/hub/models--nvidia--mit-b2/snapshots/3bb39e8739149c3777d0325349b2a6c32c6413db,runs/mit-b2_skd_j9196921/student_skd.ckpt,skd,img_000424,/home/manors/Guardrail-Distillation/data/cityscapes/leftImg8bit/val/munster/munster_000098_000019_leftImg8bit.png,,0.6711654541415512,0.32883454585844885,0.978613018989563,0.9825263023376465,0.06974659115076065,0.04348954185843468,0.14707361161708832,0.9604834318161011,0.11763142049312592,-8.504585266113281,8.483560562133789,0.001625274308025837,0.022239001467823982,495301,7.922028744360432,7.410126243485138,16.20898599503562,0.9685882663829536,0.03141173361704641,150859,0.5660726147651247,0.4339273852348753,171638,0.04388431832194328,0.0003038970462512225,29.272735497215763,0.017373468726873398,0.9826265312731266,0.0225492175668478,0.11890405416488647,0.008354916237294674,0.502088725566864,0.497911274433136,0.5070561766624451,0.518568217754364,0.389164000749588,0.502088725566864,0.497911274433136,0.502088725566864,0.497911274433136,0.6873581727237982,0.3126418272762018,0.983250617980957,0.9831325813419222,0.016867418658077837,0.014544314958968574,0.5843751906378227,0.41562480936217727,0.018302575872698013,0.016192718582247023,0.016192718582247023,0.008473635651171207,0.0038360513281077147,0.983807281417753,0.016192718582247023,0.013068821281194687,0.00029477025964297354,468527
b2_cityscapes_val,2026-07-07 05:27:58,cityscapes,val,all,student_skd,/scratch/gautschi/manors/hf_cache/hub/models--nvidia--mit-b2/snapshots/3bb39e8739149c3777d0325349b2a6c32c6413db,runs/mit-b2_skd_j9196921/student_skd.ckpt,skd,img_000425,/home/manors/Guardrail-Distillation/data/cityscapes/leftImg8bit/val/munster/munster_000099_000019_leftImg8bit.png,,0.7855465221350444,0.2144534778649556,0.9791948795318604,0.9824903011322021,0.0693046897649765,0.043416593223810196,0.14488540589809418,0.9608768224716187,0.1149047240614891,-8.494573593139648,8.473573684692383,0.0012750617461279035,0.021829623728990555,494878,7.922028744360432,7.410126243485138,16.20898599503562,0.9456018217282842,0.05439817827171578,150859,0.8281915209688574,0.1718084790311426,150538,0.043722983449697495,0.00024051043146755546,29.272735497215763,0.01687493734061718,0.9831250626593828,0.01882864721119404,0.12250722199678421,0.008843704126775265,0.5022109150886536,0.49778908491134644,0.5068925619125366,0.5190311074256897,0.38361474871635437,0.5022109150886536,0.49778908491134644,0.5022109150886536,0.49778908491134644,0.764523649749619,0.23547635025038105,0.9760870337486267,0.9400871125270417,0.05991288747295831,0.0,0.9383923456855195,0.06160765431448045,0.11020082471666215,0.0,0.0,0.005292213521897793,0.00840004999190569,1.0,0.0,0.014328784309327602,0.0001070971047738567,467710
b2_cityscapes_val,2026-07-07 05:27:58,cityscapes,val,all,student_skd,/scratch/gautschi/manors/hf_cache/hub/models--nvidia--mit-b2/snapshots/3bb39e8739149c3777d0325349b2a6c32c6413db,runs/mit-b2_skd_j9196921/student_skd.ckpt,skd,img_000426,/home/manors/Guardrail-Distillation/data/cityscapes/leftImg8bit/val/munster/munster_000100_000019_leftImg8bit.png,,0.7265371726528552,0.2734628273471448,0.9769117832183838,0.9886038899421692,0.05614541098475456,0.028416279703378677,0.11592822521924973,0.9720195531845093,0.08811841160058975,-8.48719310760498,8.473562240600586,0.0006555016152560711,0.014364849776029587,480548,7.922028744360432,7.410126243485138,16.20898599503562,0.4819102431737803,0.5180897568262197,136569,0.9825088339222615,0.017491166077738485,22640,0.028744880110025406,0.00018654369341675192,29.272735497215763,0.01754119247198105,0.982458807528019,0.02806406468153,0.10500231385231018,0.012214003130793571,0.5030534863471985,0.4969465136528015,0.5097108483314514,0.5234256386756897,0.41050323843955994,0.5030534863471985,0.4969465136528015,0.5030534863471985,0.4969465136528015,0.6952938266472062,0.3047061733527938,0.974402129650116,0.4785785939708133,0.5214214060291866,0.0,0.9741166077738516,0.02588339222614844,0.0,0.0,0.0,0.003935090731829405,0.006444725673645735,1.0,0.0,0.010537968948483467,0.00013526223483495414,463518
b2_cityscapes_val,2026-07-07 05:27:58,cityscapes,val,all,student_skd,/scratch/gautschi/manors/hf_cache/hub/models--nvidia--mit-b2/snapshots/3bb39e8739149c3777d0325349b2a6c32c6413db,runs/mit-b2_skd_j9196921/student_skd.ckpt,skd,img_000427,/home/manors/Guardrail-Distillation/data/cityscapes/leftImg8bit/val/munster/munster_000101_000019_leftImg8bit.png,,0.5208207414235296,0.47917925857647037,0.9641092419624329,0.9704845547676086,0.09690148383378983,0.07464882731437683,0.21762150526046753,0.939479410648346,0.1773107349872589,-8.587552070617676,8.550541877746582,0.009521901607513428,0.041886769235134125,479316,7.922028744360432,7.410126243485138,16.20898599503562,0.9396655535944624,0.060334446405537645,150859,0.39669363225178594,0.603306367748214,52326,0.07524346560239792,0.00042799051152542233,29.272735497215763,0.029711825773119926,0.9702881742268801,0.07406797260046005,0.2544041574001312,0.018811285495758057,0.5047026872634888,0.49529731273651123,0.5164932012557983,0.5429761409759521,0.3996753394603729,0.5047026872634888,0.49529731273651123,0.5047026872634888,0.49529731273651123,0.521927375278062,0.478072624721938,0.9667901396751404,0.9558032455004785,0.04419675449952154,0.016137691906016105,0.4947329822307093,0.5052670177692907,0.09803934997892327,0.0011066338545323573,0.0011066338545323573,0.011727127246558666,0.009046223945915699,0.9988933661454676,0.0011066338545323573,0.024101009592413902,0.001228834385983646,438465
b2_cityscapes_val,2026-07-07 05:27:58,cityscapes,val,all,student_skd,/scratch/gautschi/manors/hf_cache/hub/models--nvidia--mit-b2/snapshots/3bb39e8739149c3777d0325349b2a6c32c6413db,runs/mit-b2_skd_j9196921/student_skd.ckpt,skd,img_000428,/home/manors/Guardrail-Distillation/data/cityscapes/leftImg8bit/val/munster/munster_000102_000019_leftImg8bit.png,,0.6956530283936566,0.3043469716063434,0.940118134021759,0.9542894959449768,0.11263509839773178,0.11727117747068405,0.25075292587280273,0.9031659960746765,0.2775617241859436,-8.016066551208496,7.959841728210449,0.009711626917123795,0.062072888016700745,490649,7.9991749953478575,7.4211662576999515,16.289058985421434,0.9190128560344749,0.08098714396552509,150859,0.7828534584952614,0.21714654150473855,28012,0.11831948906183243,0.000713902700226754,29.348072013817728,0.057050444185733795,0.9429495558142662,0.2521324157714844,0.3638026714324951,0.04241173341870308,0.5106013417243958,0.48939865827560425,0.5459066033363342,0.5721986889839172,0.43666696548461914,0.5106013417243958,0.48939865827560425,0.5106013417243958,0.48939865827560425,0.6944338010748085,0.30556619892519155,0.9444389343261719,0.9366465352793214,0.0633534647206786,0.01763367924484649,0.7686019442492713,0.2313980557507287,0.0,0.0,0.0,0.020342445001006126,0.016021637246012688,1.0,0.0,0.04012440890073776,0.0008397041819989681,423364
b2_cityscapes_val,2026-07-07 05:27:58,cityscapes,val,all,student_skd,/scratch/gautschi/manors/hf_cache/hub/models--nvidia--mit-b2/snapshots/3bb39e8739149c3777d0325349b2a6c32c6413db,runs/mit-b2_skd_j9196921/student_skd.ckpt,skd,img_000429,/home/manors/Guardrail-Distillation/data/cityscapes/leftImg8bit/val/munster/munster_000103_000019_leftImg8bit.png,,0.7489785687820047,0.25102143121799525,0.9641231298446655,0.9704713821411133,0.09262140095233917,0.077480748295784,0.20869046449661255,0.9333889484405518,0.19931671023368835,-8.448771476745605,8.412517547607422,0.0069712079130113125,0.039034705609083176,492741,7.9991749953478575,7.4211662576999515,16.289058985421434,0.9152718454805582,0.08472815451944182,150859,0.648320921621178,0.35167907837882195,76090,0.07831046730279922,0.0005779161001555622,29.348072013817728,0.03324997425079346,0.9667500257492065,0.0981358140707016,0.2673960030078888,0.021371636539697647,0.5053427219390869,0.4946572780609131,0.5173256397247314,0.541735053062439,0.40560612082481384,0.5053427219390869,0.4946572780609131,0.5053427219390869,0.4946572780609131,0.5846699133532249,0.41533008664677507,0.9657081365585327,0.9260320430193184,0.07396795698068159,0.01076019753876023,0.6027315268807445,0.3972684731192555,0.0,0.0,0.0,0.011381233111023903,0.009796221740543842,1.0,0.0,0.023675724864006042,0.0004891007556580007,449321
b2_cityscapes_val,2026-07-07 05:27:58,cityscapes,val,all,student_skd,/scratch/gautschi/manors/hf_cache/hub/models--nvidia--mit-b2/snapshots/3bb39e8739149c3777d0325349b2a6c32c6413db,runs/mit-b2_skd_j9196921/student_skd.ckpt,skd,img_000430,/home/manors/Guardrail-Distillation/data/cityscapes/leftImg8bit/val/munster/munster_000104_000019_leftImg8bit.png,,0.5560076087196967,0.4439923912803033,0.9535015225410461,0.9658056497573853,0.09799852222204208,0.08845296502113342,0.21736499667167664,0.9247377514839172,0.2189386934041977,-8.254233360290527,8.212422370910645,0.0069526927545666695,0.04472401738166809,482403,7.9991749953478575,7.4211662576999515,16.289058985421434,0.8527367024546472,0.14726329754535283,150859,0.517135639369984,0.48286436063001603,62235,0.08929803222417831,0.0005628017825074494,29.348072013817728,0.037261031568050385,0.9627389684319496,0.13358181715011597,0.2857125401496887,0.02612471394240856,0.5065308213233948,0.4934691786766052,0.524829089641571,0.5483483076095581,0.4273659884929657,0.5065308213233948,0.4934691786766052,0.5065308213233948,0.4934691786766052,0.5887080255413679,0.4112919744586321,0.9702261090278625,0.8383866617305875,0.1616133382694125,0.0,0.5736709985219323,0.42632900147806774,0.056535359151948295,0.03270041682167124,0.03270041682167124,0.025296276435256004,0.008571671321988106,0.9672995831783288,0.03270041682167124,0.036689240485429764,0.0037271741311997175,433003
b2_cityscapes_val,2026-07-07 05:27:58,cityscapes,val,all,student_skd,/scratch/gautschi/manors/hf_cache/hub/models--nvidia--mit-b2/snapshots/3bb39e8739149c3777d0325349b2a6c32c6413db,runs/mit-b2_skd_j9196921/student_skd.ckpt,skd,img_000431,/home/manors/Guardrail-Distillation/data/cityscapes/leftImg8bit/val/munster/munster_000105_000019_leftImg8bit.png,,0.5440426088541014,0.4559573911458986,0.9489294290542603,0.9662322402000427,0.09841801971197128,0.08838383108377457,0.22459687292575836,0.9263452291488647,0.216560959815979,-8.305100440979004,8.263615608215332,0.007699687499552965,0.04425486922264099,490929,7.9991749953478575,7.4211662576999515,16.289058985421434,1.0,0.0,150859,0.5102234944489508,0.48977650555104923,21004,0.08936990052461624,0.0006427326006814837,29.348072013817728,0.03673424571752548,0.9632657542824745,0.13205787539482117,0.28446224331855774,0.020190974697470665,0.5050475597381592,0.4949524402618408,0.522221028804779,0.5430037379264832,0.4468384385108948,0.5050475597381592,0.4949524402618408,0.5050475597381592,0.4949524402618408,0.5901407508096101,0.40985924919038985,0.9577637314796448,1.0,0.0,0.0,0.5358193982689367,0.46418060173106335,0.025595903819985888,0.046098141955508765,0.046098141955508765,0.017750021070241928,0.008915749378502369,0.9539018580444912,0.046098141955508765,0.030464690178632736,0.0006110863178037107,440536
b2_cityscapes_val,2026-07-07 05:27:59,cityscapes,val,all,student_skd,/scratch/gautschi/manors/hf_cache/hub/models--nvidia--mit-b2/snapshots/3bb39e8739149c3777d0325349b2a6c32c6413db,runs/mit-b2_skd_j9196921/student_skd.ckpt,skd,img_000432,/home/manors/Guardrail-Distillation/data/cityscapes/leftImg8bit/val/munster/munster_000106_000019_leftImg8bit.png,,0.5877192203343226,0.41228077966567744,0.9709992408752441,0.9776408672332764,0.08187172561883926,0.05751853436231613,0.18457315862178802,0.9510530829429626,0.14701507985591888,-8.423357009887695,8.395862579345703,0.005173291079699993,0.029784372076392174,487504,7.968374760821462,7.418006513034925,16.282552474876866,0.939006554296208,0.06099344570379195,150859,0.6667415534087368,0.33325844659126325,45719,0.05794380605220795,0.0003054241824429482,29.358514497289434,0.025158902630209923,0.9748410973697901,0.03983556106686592,0.2063513696193695,0.018062269315123558,0.5045154690742493,0.49548453092575073,0.5099706053733826,0.5362177491188049,0.41251954436302185,0.5045154690742493,0.49548453092575073,0.5045154690742493,0.49548453092575073,0.518421865804076,0.481578134195924,0.9657008051872253,0.9315695403941668,0.06843045960583316,0.0,0.5074408117379068,0.4925591882620932,0.0,0.0,0.0,0.005335340742021799,0.010633759200572968,1.0,0.0,0.01822754368185997,0.00028717712848447263,454543
b2_cityscapes_val,2026-07-07 05:27:59,cityscapes,val,all,student_skd,/scratch/gautschi/manors/hf_cache/hub/models--nvidia--mit-b2/snapshots/3bb39e8739149c3777d0325349b2a6c32c6413db,runs/mit-b2_skd_j9196921/student_skd.ckpt,skd,img_000433,/home/manors/Guardrail-Distillation/data/cityscapes/leftImg8bit/val/munster/munster_000107_000019_leftImg8bit.png,,0.6011788048553507,0.3988211951446493,0.9678335189819336,0.975399374961853,0.08181282877922058,0.063851498067379,0.17816293239593506,0.9417526125907898,0.17375655472278595,-8.165566444396973,8.1358642578125,0.0033651478588581085,0.03045448660850525,493589,7.968374760821462,7.418006513034925,16.282552474876866,0.8547056285838984,0.14529437141610158,150859,0.8099983791772511,0.19000162082274885,55460,0.06444822251796722,0.0003244972904212773,29.358514497289434,0.02723356895148754,0.9727664310485125,0.0677635669708252,0.20361049473285675,0.019337346777319908,0.5048341751098633,0.4951658248901367,0.515385627746582,0.5358018279075623,0.4232732057571411,0.5048341751098633,0.4951658248901367,0.5048341751098633,0.4951658248901367,0.6518454769351107,0.34815452306488925,0.9756598472595215,0.8904446716104525,0.10955532838954751,0.03573904302655406,0.9396727998966334,0.06032720010336656,0.1296744207193823,0.050666672079760056,0.050666672079760056,0.013687500730156898,0.005861151497811079,0.9493333279202399,0.050666672079760056,0.02066091261804104,0.0016754829557612538,457181
b2_cityscapes_val,2026-07-07 05:27:59,cityscapes,val,all,student_skd,/scratch/gautschi/manors/hf_cache/hub/models--nvidia--mit-b2/snapshots/3bb39e8739149c3777d0325349b2a6c32c6413db,runs/mit-b2_skd_j9196921/student_skd.ckpt,skd,img_000434,/home/manors/Guardrail-Distillation/data/cityscapes/leftImg8bit/val/munster/munster_000108_000019_leftImg8bit.png,,0.5586379578689264,0.44136204213107355,0.9547761678695679,0.9720038175582886,0.09196467697620392,0.07136024534702301,0.20679695904254913,0.9417071342468262,0.16715894639492035,-8.624770164489746,8.590129852294922,0.006683878134936094,0.03797871246933937,489985,7.968374760821462,7.418006513034925,16.282552474876866,0.9294865064317889,0.07051349356821113,150859,0.39654800977307947,0.6034519902269205,55597,0.07191534340381622,0.0004072906158398837,29.358514497289434,0.03413308039307594,0.9658669196069241,0.09131280332803726,0.29134660959243774,0.027273228392004967,0.5068178772926331,0.49318212270736694,0.5142167210578918,0.5484036207199097,0.4283130168914795,0.5068178772926331,0.49318212270736694,0.5068178772926331,0.49318212270736694,0.6242268155798943,0.37577318442010565,0.9708276987075806,0.9257099093902115,0.07429009060978853,0.0,0.3862676532936295,0.6137323467063704,0.0,0.0655888577109679,0.0655888577109679,0.026223251596093178,0.01017174031585455,0.9344111422890321,0.0655888577109679,0.038462404161691666,0.0030796860810369253,448651
b2_cityscapes_val,2026-07-07 05:27:59,cityscapes,val,all,student_skd,/scratch/gautschi/manors/hf_cache/hub/models--nvidia--mit-b2/snapshots/3bb39e8739149c3777d0325349b2a6c32c6413db,runs/mit-b2_skd_j9196921/student_skd.ckpt,skd,img_000435,/home/manors/Guardrail-Distillation/data/cityscapes/leftImg8bit/val/munster/munster_000109_000019_leftImg8bit.png,,0.5708090675713396,0.42919093242866035,0.9742165207862854,0.980478823184967,0.07687127590179443,0.051665134727954865,0.17513620853424072,0.9531055092811584,0.14870457351207733,-8.831988334655762,8.80793285369873,0.004869045224040747,0.025569723919034004,449164,7.968374760821462,7.418006513034925,16.282552474876866,0.9754088646608052,0.02459113533919477,150859,0.4910757946210269,0.5089242053789731,28796,0.05233665555715561,0.0004145427665207535,29.358514497289434,0.02092091180384159,0.9790790881961584,0.031075604259967804,0.15138977766036987,0.009718688204884529,0.5024296641349792,0.49757033586502075,0.5099021196365356,0.5223007798194885,0.4473600685596466,0.5024296641349792,0.49757033586502075,0.5024296641349792,0.49757033586502075,0.5476030769914474,0.4523969230085526,0.9769304394721985,0.9837933245154258,0.016206675484574218,0.008384459854620552,0.48440447083478866,0.5155955291652113,0.0,0.0,0.0,0.009833823889493942,0.007119893562048674,1.0,0.0,0.01855001598596573,0.0005120623973198235,423608
b2_cityscapes_val,2026-07-07 05:27:59,cityscapes,val,all,student_skd,/scratch/gautschi/manors/hf_cache/hub/models--nvidia--mit-b2/snapshots/3bb39e8739149c3777d0325349b2a6c32c6413db,runs/mit-b2_skd_j9196921/student_skd.ckpt,skd,img_000436,/home/manors/Guardrail-Distillation/data/cityscapes/leftImg8bit/val/munster/munster_000110_000019_leftImg8bit.png,,0.7302864200886834,0.2697135799113166,0.9741038084030151,0.974321186542511,0.08421310037374496,0.06602572649717331,0.1826528161764145,0.9405078291893005,0.17675767838954926,-8.553668022155762,8.522554397583008,0.003630555234849453,0.032463427633047104,472655,7.946959754917771,7.422784983646125,16.288344748318195,0.9889071665670154,0.011092833432984617,137940,0.4950314693778746,0.5049685306221254,82656,0.06661411374807358,0.000371790025383234,29.260016250191256,0.027684466913342476,0.9723155330866575,0.07456602901220322,0.22032058238983154,0.016150638461112976,0.5040375590324402,0.4959624409675598,0.5148258209228516,0.536825954914093,0.43529534339904785,0.5040375590324402,0.4959624409675598,0.5040375590324402,0.4959624409675598,0.7242252663787138,0.27577473362128624,0.9767526388168335,0.9936880261746547,0.006311973825345318,0.004780859607639298,0.49348141871444134,0.5065185812855586,0.0,0.0,0.0,0.009869778528809547,0.007220912259072065,1.0,0.0,0.018178164958953857,0.00044853013241663575,436114
b2_cityscapes_val,2026-07-07 05:27:59,cityscapes,val,all,student_skd,/scratch/gautschi/manors/hf_cache/hub/models--nvidia--mit-b2/snapshots/3bb39e8739149c3777d0325349b2a6c32c6413db,runs/mit-b2_skd_j9196921/student_skd.ckpt,skd,img_000437,/home/manors/Guardrail-Distillation/data/cityscapes/leftImg8bit/val/munster/munster_000111_000019_leftImg8bit.png,,0.6021564573914702,0.39784354260852983,0.94907546043396,0.9711451530456543,0.08903517574071884,0.07486511766910553,0.19642509520053864,0.9327724575996399,0.2025398313999176,-8.067911148071289,8.03293228149414,0.004268418997526169,0.03662880137562752,492454,7.946959754917771,7.422784983646125,16.288344748318195,0.985645031597175,0.014354968402825019,150859,0.5234461225510038,0.47655387744899624,16599,0.0755472257733345,0.00047884415835142136,29.260016250191256,0.034621041268110275,0.9653789587318897,0.10946854203939438,0.2620771825313568,0.01976468786597252,0.5049409866333008,0.4950590133666992,0.5237006545066833,0.5474222302436829,0.4410752058029175,0.5049409866333008,0.4950590133666992,0.5049409866333008,0.4950590133666992,0.6168374920067762,0.3831625079932238,0.9548302888870239,0.9760849940849059,0.0239150059150941,0.0,0.6359512106367817,0.3640487893632183,0.11250508808577797,0.01468103461530601,0.01468103461530601,0.01576797105371952,0.010013118386268616,0.985318965384694,0.01468103461530601,0.028213802725076675,0.001602180185727775,449071
b2_cityscapes_val,2026-07-07 05:27:59,cityscapes,val,all,student_skd,/scratch/gautschi/manors/hf_cache/hub/models--nvidia--mit-b2/snapshots/3bb39e8739149c3777d0325349b2a6c32c6413db,runs/mit-b2_skd_j9196921/student_skd.ckpt,skd,img_000438,/home/manors/Guardrail-Distillation/data/cityscapes/leftImg8bit/val/munster/munster_000112_000019_leftImg8bit.png,,0.5460970824629435,0.45390291753705647,0.9547972679138184,0.9673435688018799,0.09653425216674805,0.08396401256322861,0.21252159774303436,0.9261440634727478,0.22172141075134277,-7.906700134277344,7.866663455963135,0.0067191822454333305,0.043360792100429535,482648,7.946959754917771,7.422784983646125,16.288344748318195,0.9629132709467951,0.03708672905320487,150784,0.40564803347893996,0.59435196652106,54131,0.08467438071966171,0.0004646937595680356,29.260016250191256,0.03888953849673271,0.9611104615032673,0.14077512919902802,0.2823115885257721,0.03040023148059845,0.5075994729995728,0.49240052700042725,0.5290641188621521,0.5555411577224731,0.4527892768383026,0.5075994729995728,0.49240052700042725,0.5075994729995728,0.49240052700042725,0.6188769086866995,0.38112309131330047,0.966768741607666,0.9801593013556792,0.01984069864432081,0.01724603040888406,0.6675626250450232,0.3324373749549768,0.2619145915660832,0.072779826223756,0.072779826223756,0.020830916240811348,0.00885945837944746,0.927220173776244,0.072779826223756,0.03230304270982742,0.001754902070388198,436125
b2_cityscapes_val,2026-07-07 05:27:59,cityscapes,val,all,student_skd,/scratch/gautschi/manors/hf_cache/hub/models--nvidia--mit-b2/snapshots/3bb39e8739149c3777d0325349b2a6c32c6413db,runs/mit-b2_skd_j9196921/student_skd.ckpt,skd,img_000439,/home/manors/Guardrail-Distillation/data/cityscapes/leftImg8bit/val/munster/munster_000113_000019_leftImg8bit.png,,0.6578842388207544,0.3421157611792456,0.9585173726081848,0.9697365760803223,0.0939398854970932,0.08109357953071594,0.21791502833366394,0.9299002885818481,0.21403354406356812,-8.098276138305664,8.060998916625977,0.007615705952048302,0.039539776742458344,487939,7.946959754917771,7.422784983646125,16.288344748318195,0.9383801308673123,0.06161986913268769,150859,0.9653519446283572,0.03464805537164284,20520,0.08183854818344116,0.00047711440129205585,29.260016250191256,0.035951726138591766,0.9640482738614082,0.11257226765155792,0.27236196398735046,0.02527744323015213,0.5063190460205078,0.4936809539794922,0.5227006673812866,0.5474449992179871,0.43601951003074646,0.5063190460205078,0.4936809539794922,0.5063190460205078,0.4936809539794922,0.7715408853817736,0.22845911461822643,0.9688628911972046,0.9491516743951632,0.050848325604836764,0.010771543527850924,0.947791113901542,0.052208886098457974,0.0,0.11365664656101915,0.11365664656101915,0.01903516612946987,0.008689610287547112,0.8863433534389809,0.11365664656101915,0.030708756297826767,0.001619054819457233,444513
b2_cityscapes_val,2026-07-07 05:27:59,cityscapes,val,all,student_skd,/scratch/gautschi/manors/hf_cache/hub/models--nvidia--mit-b2/snapshots/3bb39e8739149c3777d0325349b2a6c32c6413db,runs/mit-b2_skd_j9196921/student_skd.ckpt,skd,img_000440,/home/manors/Guardrail-Distillation/data/cityscapes/leftImg8bit/val/munster/munster_000114_000019_leftImg8bit.png,,0.5795145429044525,0.4204854570955475,0.975797712802887,0.9758055210113525,0.08415217697620392,0.06303286552429199,0.1891617327928543,0.9440662860870361,0.1746147871017456,-7.376089572906494,7.346446990966797,0.004970950074493885,0.03167992830276489,493467,7.950275496114045,7.401012757327408,16.190864495001733,0.9888710621809988,0.01112893781900115,150859,0.3437217569988089,0.6562782430011911,8076,0.06357305496931076,0.0003878677380271256,29.23278874368407,0.02939782664179802,0.970602173358202,0.0920310914516449,0.2292615920305252,0.020009465515613556,0.5050022006034851,0.4949977993965149,0.522514820098877,0.5486535429954529,0.4072721004486084,0.5050022006034851,0.4949977993965149,0.5050022006034851,0.4949977993965149,0.6446417283373315,0.35535827166266853,0.9792123436927795,0.9885694872634123,0.011430512736587684,0.0,0.3604456938495765,0.6395543061504235,0.016723936850767562,0.06512718543287899,0.06512718543287899,0.01061469130218029,0.007200075779110193,0.934872814567121,0.06512718543287899,0.018971886485815048,0.0008045117137953639,457423
b2_cityscapes_val,2026-07-07 05:27:59,cityscapes,val,all,student_skd,/scratch/gautschi/manors/hf_cache/hub/models--nvidia--mit-b2/snapshots/3bb39e8739149c3777d0325349b2a6c32c6413db,runs/mit-b2_skd_j9196921/student_skd.ckpt,skd,img_000441,/home/manors/Guardrail-Distillation/data/cityscapes/leftImg8bit/val/munster/munster_000115_000019_leftImg8bit.png,,0.5340914304030897,0.4659085695969103,0.9565734267234802,0.9748847484588623,0.08687734603881836,0.06445648521184921,0.1939244121313095,0.9441694617271423,0.17013177275657654,-7.853012561798096,7.822032451629639,0.005723700392991304,0.03415209427475929,489194,7.950275496114045,7.401012757327408,16.190864495001733,1.0,0.0,150859,0.5933711054372405,0.4066288945627595,19628,0.06507489830255508,0.00038097045035101473,29.23278874368407,0.028067950159311295,0.9719320498406887,0.07088904827833176,0.2119903415441513,0.02199973352253437,0.5054997205734253,0.4945002794265747,0.5183073282241821,0.5392965078353882,0.41874051094055176,0.5054997205734253,0.4945002794265747,0.5054997205734253,0.4945002794265747,0.600793661357518,0.399206338642482,0.9664835929870605,1.0,0.0,0.0,0.6142199016851773,0.38578009831482274,0.020848796247936785,0.06670223095442829,0.06670223095442829,0.017890652641654015,0.007980473339557648,0.9332977690455717,0.06670223095442829,0.028168782591819763,0.0036018427927047014,453130
b2_cityscapes_val,2026-07-07 05:27:59,cityscapes,val,all,student_skd,/scratch/gautschi/manors/hf_cache/hub/models--nvidia--mit-b2/snapshots/3bb39e8739149c3777d0325349b2a6c32c6413db,runs/mit-b2_skd_j9196921/student_skd.ckpt,skd,img_000442,/home/manors/Guardrail-Distillation/data/cityscapes/leftImg8bit/val/munster/munster_000116_000019_leftImg8bit.png,,0.5636755513219499,0.4363244486780501,0.9728366732597351,0.9803295731544495,0.0764540582895279,0.05335585027933121,0.1807858645915985,0.9536491632461548,0.14675895869731903,-7.803788661956787,7.779719829559326,0.0042600445449352264,0.0256329495459795,495300,7.950275496114045,7.401012757327408,16.190864495001733,0.9362911115285542,0.06370888847144585,150859,0.7014539799186529,0.2985460200813471,36026,0.053911395370960236,0.00034337470424361527,29.23278874368407,0.028908099979162216,0.9710919000208378,0.0655936673283577,0.27285000681877136,0.02250240556895733,0.5056253671646118,0.4943746328353882,0.5202038884162903,0.5574637055397034,0.38669002056121826,0.5056253671646118,0.4943746328353882,0.5056253671646118,0.4943746328353882,0.5592921155984633,0.44070788440153674,0.9733131527900696,0.8963381700239181,0.10366182997608187,0.0,0.7298457646997036,0.27015423530029636,0.028391784781050755,0.0,0.0,0.009551786817610264,0.009075308218598366,1.0,0.0,0.020280638709664345,0.000680395751260221,465485
b2_cityscapes_val,2026-07-07 05:27:59,cityscapes,val,all,student_skd,/scratch/gautschi/manors/hf_cache/hub/models--nvidia--mit-b2/snapshots/3bb39e8739149c3777d0325349b2a6c32c6413db,runs/mit-b2_skd_j9196921/student_skd.ckpt,skd,img_000443,/home/manors/Guardrail-Distillation/data/cityscapes/leftImg8bit/val/munster/munster_000117_000019_leftImg8bit.png,,0.6865827060707789,0.31341729392922113,0.9751796126365662,0.9819590449333191,0.07337424904108047,0.04694385826587677,0.16673950850963593,0.9591031074523926,0.12678921222686768,-8.259289741516113,8.237203598022461,0.0034300326369702816,0.0239389818161726,491249,7.950275496114045,7.401012757327408,16.190864495001733,0.9342371936714529,0.06576280632854714,150859,0.6634880115697672,0.3365119884302328,73225,0.0475761815905571,0.0003869135398417711,29.23278874368407,0.01946745440363884,0.9805325455963612,0.016576778143644333,0.14101338386535645,0.0112796975299716,0.5028198957443237,0.49718010425567627,0.5081128478050232,0.5255231261253357,0.4031613767147064,0.5028198957443237,0.49718010425567627,0.5028198957443237,0.49718010425567627,0.6252607073516339,0.37473929264836614,0.9793017506599426,0.9631553868083748,0.03684461319162524,0.0289181931369219,0.703359520460026,0.29664047953997397,0.03987150889025881,0.0,0.0,0.008842766284942627,0.004720620345324278,1.0,0.0,0.015043288469314575,0.0007959303911775351,464369
b2_cityscapes_val,2026-07-07 05:28:00,cityscapes,val,all,student_skd,/scratch/gautschi/manors/hf_cache/hub/models--nvidia--mit-b2/snapshots/3bb39e8739149c3777d0325349b2a6c32c6413db,runs/mit-b2_skd_j9196921/student_skd.ckpt,skd,img_000444,/home/manors/Guardrail-Distillation/data/cityscapes/leftImg8bit/val/munster/munster_000118_000019_leftImg8bit.png,,0.6966204809734964,0.3033795190265036,0.9803926944732666,0.9863959550857544,0.06088509038090706,0.034994129091501236,0.13076385855674744,0.9670834541320801,0.10173094272613525,-8.280373573303223,8.264111518859863,0.0011221712920814753,0.01670970395207405,488339,7.942469004774466,7.401303737424314,16.18881826288998,1.0,0.0,150859,0.6433695091071158,0.35663049089288423,25281,0.03545323386788368,0.00028853313415311277,29.218685493106022,0.017933279275894165,0.9820667207241058,0.0213158018887043,0.11999498307704926,0.007846550084650517,0.5019616484642029,0.4980383515357971,0.5063947439193726,0.5220248699188232,0.4122244715690613,0.5019616484642029,0.4980383515357971,0.5019616484642029,0.4980383515357971,0.7108708031183902,0.28912919688160976,0.9824609160423279,1.0,0.0,0.0,0.645404472088492,0.35459552791150795,0.002034962981376287,0.014250322144893857,0.014250322144893857,0.0071261972188949585,0.00505796167999506,0.9857496778551061,0.014250322144893857,0.013382096774876118,0.0005467513110488653,467855
b2_cityscapes_val,2026-07-07 05:28:00,cityscapes,val,all,student_skd,/scratch/gautschi/manors/hf_cache/hub/models--nvidia--mit-b2/snapshots/3bb39e8739149c3777d0325349b2a6c32c6413db,runs/mit-b2_skd_j9196921/student_skd.ckpt,skd,img_000445,/home/manors/Guardrail-Distillation/data/cityscapes/leftImg8bit/val/munster/munster_000119_000019_leftImg8bit.png,,0.7173711723756472,0.2826288276243528,0.9529314041137695,0.9640578627586365,0.09956604242324829,0.09246975928544998,0.21934548020362854,0.9187354445457458,0.2451934963464737,-8.04360294342041,7.9998250007629395,0.005801517050713301,0.04809308424592018,489010,7.942469004774466,7.401303737424314,16.18881826288998,0.6598640631423717,0.34013593685762833,150859,0.5967173916845954,0.40328260831540463,14922,0.09343890845775604,0.0005553053342737257,29.218685493106022,0.04002368822693825,0.9599763117730618,0.15604084730148315,0.2901339530944824,0.025990936905145645,0.5064973831176758,0.4935026168823242,0.5275060534477234,0.556982159614563,0.44865334033966064,0.5064973831176758,0.4935026168823242,0.5064973831176758,0.4935026168823242,0.6093067437905819,0.3906932562094181,0.955180823802948,0.6590526295596648,0.3409473704403352,0.0,0.394687074649283,0.605312925350717,0.0,0.0,0.0,0.016224617138504982,0.01397517416626215,1.0,0.0,0.0328582227230072,0.0012596879387274384,435663
b2_cityscapes_val,2026-07-07 05:28:00,cityscapes,val,all,student_skd,/scratch/gautschi/manors/hf_cache/hub/models--nvidia--mit-b2/snapshots/3bb39e8739149c3777d0325349b2a6c32c6413db,runs/mit-b2_skd_j9196921/student_skd.ckpt,skd,img_000446,/home/manors/Guardrail-Distillation/data/cityscapes/leftImg8bit/val/munster/munster_000120_000019_leftImg8bit.png,,0.6496641427366631,0.35033585726333694,0.9824901819229126,0.9848108291625977,0.06479696929454803,0.03904338926076889,0.13842986524105072,0.9612290263175964,0.12576726078987122,-8.288984298706055,8.270746231079102,0.0015005393652245402,0.018983179703354836,479161,7.942469004774466,7.401303737424314,16.18881826288998,0.9884698841389536,0.011530115861046353,150859,0.3281592468829722,0.6718407531170278,18600,0.03950206935405731,0.00023563594731967896,29.218685493106022,0.016865510493516922,0.9831344895064831,0.019672375172376633,0.09894677996635437,0.005841256119310856,0.5014603137969971,0.49853968620300293,0.5072651505470276,0.5173425078392029,0.42920249700546265,0.5014603137969971,0.49853968620300293,0.5014603137969971,0.49853968620300293,0.6360596127207592,0.36394038727924083,0.98508220911026,0.9897018282511406,0.010298171748859386,0.0012319441121869668,0.37207705478094755,0.6279229452190525,0.04391780789797539,0.0,0.0,0.0069767776876688,0.004384747240692377,1.0,0.0,0.011758051812648773,0.00015234961756505072,457053
b2_cityscapes_val,2026-07-07 05:28:00,cityscapes,val,all,student_skd,/scratch/gautschi/manors/hf_cache/hub/models--nvidia--mit-b2/snapshots/3bb39e8739149c3777d0325349b2a6c32c6413db,runs/mit-b2_skd_j9196921/student_skd.ckpt,skd,img_000447,/home/manors/Guardrail-Distillation/data/cityscapes/leftImg8bit/val/munster/munster_000121_000019_leftImg8bit.png,,0.6009575939260212,0.3990424060739788,0.9677934050559998,0.978705883026123,0.07973781228065491,0.05421712249517441,0.1763133406639099,0.953286349773407,0.13917766511440277,-8.054136276245117,8.028010368347168,0.004151162225753069,0.029111118987202644,490706,7.942469004774466,7.401303737424314,16.18881826288998,1.0,0.0,150859,0.7305623411086627,0.2694376588913373,17297,0.05482564866542816,0.0003692807222250849,29.218685493106022,0.028289029374718666,0.9717109706252813,0.0689261332154274,0.22985823452472687,0.021863549947738647,0.5054656863212585,0.49453431367874146,0.5133053660392761,0.5397879481315613,0.42550474405288696,0.5054656863212585,0.49453431367874146,0.5054656863212585,0.49453431367874146,0.6296282638085298,0.37037173619147024,0.9730531573295593,1.0,0.0,0.0,0.7559725063207821,0.24402749367921794,0.025410165212119362,0.028670669882508548,0.028670669882508548,0.013792373239994049,0.008532604202628136,0.9713293301174915,0.028670669882508548,0.02537364698946476,0.0013633418129757047,459161
b2_cityscapes_val,2026-07-07 05:28:00,cityscapes,val,all,student_skd,/scratch/gautschi/manors/hf_cache/hub/models--nvidia--mit-b2/snapshots/3bb39e8739149c3777d0325349b2a6c32c6413db,runs/mit-b2_skd_j9196921/student_skd.ckpt,skd,img_000448,/home/manors/Guardrail-Distillation/data/cityscapes/leftImg8bit/val/munster/munster_000122_000019_leftImg8bit.png,,0.7887763569830374,0.21122364301696261,0.9754324555397034,0.9768743515014648,0.07972132414579391,0.057414811104536057,0.16907650232315063,0.9494728446006775,0.1460985243320465,-8.510194778442383,8.482329368591309,0.0022723672445863485,0.0292422603815794,492438,7.918566494481638,7.40090649924241,16.183946485398337,0.980982708331581,0.019017291668419034,150859,0.8773650736015378,0.12263492639846219,8823,0.05790583789348602,0.0002987758198287338,29.272268497152254,0.029687266796827316,0.9703127332031727,0.08974269032478333,0.24400106072425842,0.019649682566523552,0.504912257194519,0.49508774280548096,0.517993688583374,0.5449144840240479,0.4186132550239563,0.504912257194519,0.49508774280548096,0.504912257194519,0.49508774280548096,0.8126387350922861,0.18736126490771388,0.981709361076355,0.9832659852689478,0.016734014731052183,0.0022832769373668516,0.8674911843880837,0.1325088156119163,0.0,0.02386237810924874,0.02386237810924874,0.011603491380810738,0.005326558835804462,0.9761376218907513,0.02386237810924874,0.017758579924702644,0.0005584459286183119,456865
b2_cityscapes_val,2026-07-07 05:28:00,cityscapes,val,all,student_skd,/scratch/gautschi/manors/hf_cache/hub/models--nvidia--mit-b2/snapshots/3bb39e8739149c3777d0325349b2a6c32c6413db,runs/mit-b2_skd_j9196921/student_skd.ckpt,skd,img_000449,/home/manors/Guardrail-Distillation/data/cityscapes/leftImg8bit/val/munster/munster_000123_000019_leftImg8bit.png,,0.6573924934066835,0.3426075065933165,0.9733905792236328,0.9720739126205444,0.08622220158576965,0.07359856367111206,0.18946091830730438,0.9318861961364746,0.20924051105976105,-8.02525806427002,7.9916462898254395,0.003922882489860058,0.03450796380639076,492495,7.918566494481638,7.40090649924241,16.183946485398337,0.6796750342406526,0.32032496575934744,150859,0.5602168502562024,0.4397831497437976,13065,0.07431477308273315,0.00042313162703067064,29.272268497152254,0.03239324316382408,0.9676067568361759,0.10298121720552444,0.23445846140384674,0.0222396831959486,0.5055596828460693,0.49444031715393066,0.5206218957901001,0.5424665212631226,0.4114028513431549,0.5055596828460693,0.49444031715393066,0.5055596828460693,0.49444031715393066,0.6178167211513081,0.38218327884869185,0.9623752236366272,0.5602421002767143,0.4397578997232857,0.0,0.5444785126126443,0.45552148738735565,0.0,0.0,0.0,0.008481304161250591,0.019496643915772438,1.0,0.0,0.029307911172509193,0.00019898678874596953,450731
b2_cityscapes_val,2026-07-07 05:28:00,cityscapes,val,all,student_skd,/scratch/gautschi/manors/hf_cache/hub/models--nvidia--mit-b2/snapshots/3bb39e8739149c3777d0325349b2a6c32c6413db,runs/mit-b2_skd_j9196921/student_skd.ckpt,skd,img_000450,/home/manors/Guardrail-Distillation/data/cityscapes/leftImg8bit/val/munster/munster_000124_000019_leftImg8bit.png,,0.6224735321002068,0.37752646789979316,0.9586694240570068,0.9784736633300781,0.07719255238771439,0.05523892864584923,0.16565223038196564,0.9483032822608948,0.1600366234779358,-8.247246742248535,8.221267700195312,0.002870515687391162,0.02704870142042637,495033,7.918566494481638,7.40090649924241,16.183946485398337,0.4396830914141215,0.5603169085858786,150859,0.6503132260657796,0.34968677393422043,39935,0.05578039586544037,0.0003283714468125254,29.272268497152254,0.023437073454260826,0.9765629265457392,0.05440286174416542,0.18060533702373505,0.014078847132623196,0.5035196542739868,0.4964803457260132,0.5116751194000244,0.5292010307312012,0.41189447045326233,0.5035196542739868,0.4964803457260132,0.5035196542739868,0.4964803457260132,0.46801902128300443,0.5319809787169956,0.9579421877861023,0.4486628571872016,0.5513371428127984,0.008979765773080128,0.19436136919954874,0.8056386308004513,0.0,0.0,0.0,0.007563131861388683,0.008290356025099754,1.0,0.0,0.020687509328126907,0.0004585552669595927,462421
b2_cityscapes_val,2026-07-07 05:28:00,cityscapes,val,all,student_skd,/scratch/gautschi/manors/hf_cache/hub/models--nvidia--mit-b2/snapshots/3bb39e8739149c3777d0325349b2a6c32c6413db,runs/mit-b2_skd_j9196921/student_skd.ckpt,skd,img_000451,/home/manors/Guardrail-Distillation/data/cityscapes/leftImg8bit/val/munster/munster_000125_000019_leftImg8bit.png,,0.43438443881972855,0.5656155611802715,0.9234654307365417,0.9602727890014648,0.10526984184980392,0.09983986616134644,0.2272634357213974,0.9159978628158569,0.23838654160499573,-7.985435962677002,7.936768054962158,0.007976235821843147,0.05327007547020912,493842,7.918566494481638,7.40090649924241,16.183946485398337,0.67056956065205,0.32943043934795,150859,0.32754871898385485,0.6724512810161452,60459,0.10056367516517639,0.0005672061815857887,29.272268497152254,0.04562237113714218,0.9543776288628578,0.1869482696056366,0.3326178193092346,0.03878607228398323,0.509695291519165,0.49030470848083496,0.5347989797592163,0.5685976147651672,0.3996121287345886,0.509695291519165,0.49030470848083496,0.509695291519165,0.49030470848083496,0.43313217702583745,0.5668678229741626,0.9455879330635071,0.5832536694562087,0.4167463305437913,0.0,0.2881429123382103,0.7118570876617897,0.0,0.0,0.0,0.03473985940217972,0.01261739619076252,1.0,0.0,0.05481307953596115,0.012431101873517036,434211
b2_cityscapes_val,2026-07-07 05:28:00,cityscapes,val,all,student_skd,/scratch/gautschi/manors/hf_cache/hub/models--nvidia--mit-b2/snapshots/3bb39e8739149c3777d0325349b2a6c32c6413db,runs/mit-b2_skd_j9196921/student_skd.ckpt,skd,img_000452,/home/manors/Guardrail-Distillation/data/cityscapes/leftImg8bit/val/munster/munster_000126_000019_leftImg8bit.png,,0.5913695863866438,0.40863041361335617,0.9626584649085999,0.9696406722068787,0.09591928124427795,0.08111176639795303,0.22388219833374023,0.9304424524307251,0.2142607420682907,-7.881811141967773,7.844083309173584,0.008688707835972309,0.04153551906347275,492133,7.960809743963182,7.411209749989212,16.32552800583653,1.0,0.0,150859,0.5044027281040009,0.4955972718959991,5470,0.08193011581897736,0.0005082368152216077,29.35223950771615,0.03493345528841019,0.9650665447115898,0.10583846271038055,0.27093803882598877,0.021181287243962288,0.5052950978279114,0.4947049021720886,0.5176213383674622,0.5434383749961853,0.4649180769920349,0.5052950978279114,0.4947049021720886,0.5052950978279114,0.4947049021720886,0.6362833453513633,0.3637166546486367,0.9667853713035583,1.0,0.0,0.0,0.5263536867720567,0.47364631322794326,0.021950958668055853,0.0449137589647195,0.0449137589647195,0.014874028041958809,0.010747094638645649,0.9550862410352805,0.0449137589647195,0.027703892439603806,0.0009123549680225551,449536
b2_cityscapes_val,2026-07-07 05:28:00,cityscapes,val,all,student_skd,/scratch/gautschi/manors/hf_cache/hub/models--nvidia--mit-b2/snapshots/3bb39e8739149c3777d0325349b2a6c32c6413db,runs/mit-b2_skd_j9196921/student_skd.ckpt,skd,img_000453,/home/manors/Guardrail-Distillation/data/cityscapes/leftImg8bit/val/munster/munster_000127_000019_leftImg8bit.png,,0.6779232278482186,0.32207677215178143,0.9614137411117554,0.9691810011863708,0.09338358789682388,0.08000051975250244,0.20634545385837555,0.9287621378898621,0.21813459694385529,-7.796961784362793,7.759289264678955,0.006191218737512827,0.04010853171348572,431579,7.960809743963182,7.411209749989212,16.32552800583653,0.6439133492249984,0.35608665077500157,104680,0.7142156522651641,0.28578434773483585,75218,0.08080144226551056,0.00051712995627895,29.35223950771615,0.03505020961165428,0.9649497903883457,0.11877444386482239,0.25585517287254333,0.025204148143529892,0.5063007473945618,0.49369925260543823,0.5231913924217224,0.5453641414642334,0.40776917338371277,0.5063007473945618,0.49369925260543823,0.5063007473945618,0.49369925260543823,0.6243643146653658,0.3756356853346342,0.9584965705871582,0.6377717480936677,0.36222825190633234,0.0,0.6191370571943848,0.38086294280561517,0.0,0.0,0.0,0.011828656308352947,0.014745851047337055,1.0,0.0,0.029322557151317596,0.0013160973321646452,391979
b2_cityscapes_val,2026-07-07 05:28:00,cityscapes,val,all,student_skd,/scratch/gautschi/manors/hf_cache/hub/models--nvidia--mit-b2/snapshots/3bb39e8739149c3777d0325349b2a6c32c6413db,runs/mit-b2_skd_j9196921/student_skd.ckpt,skd,img_000454,/home/manors/Guardrail-Distillation/data/cityscapes/leftImg8bit/val/munster/munster_000128_000019_leftImg8bit.png,,0.4732870725528171,0.5267129274471829,0.976718544960022,0.977048933506012,0.08336088806390762,0.05887551233172417,0.18672704696655273,0.9487883448600769,0.15702371299266815,-7.690324783325195,7.662026405334473,0.005352413281798363,0.03121323511004448,490433,7.960809743963182,7.411209749989212,16.32552800583653,1.0,0.0,150859,0.3237807287771206,0.6762192712228794,82393,0.05950542166829109,0.0004374451527837664,29.35223950771615,0.023298073559999466,0.9767019264400005,0.04668072983622551,0.175120547413826,0.01206955686211586,0.5030173659324646,0.4969826340675354,0.5103989243507385,0.5289308428764343,0.4550686478614807,0.5030173659324646,0.4969826340675354,0.5030173659324646,0.4969826340675354,0.4560317097561395,0.5439682902438605,0.9763658046722412,1.0,0.0,0.0,0.3460372405909336,0.6539627594090665,0.02225651181381294,0.0,0.0,0.0074240523390471935,0.007776801474392414,1.0,0.0,0.017201127484440804,0.00019370637892279774,457052
b2_cityscapes_val,2026-07-07 05:28:00,cityscapes,val,all,student_skd,/scratch/gautschi/manors/hf_cache/hub/models--nvidia--mit-b2/snapshots/3bb39e8739149c3777d0325349b2a6c32c6413db,runs/mit-b2_skd_j9196921/student_skd.ckpt,skd,img_000455,/home/manors/Guardrail-Distillation/data/cityscapes/leftImg8bit/val/munster/munster_000129_000019_leftImg8bit.png,,0.6647272247378033,0.3352727752621967,0.968881368637085,0.9724481105804443,0.0900859385728836,0.07193729281425476,0.20572908222675323,0.9383297562599182,0.18642298877239227,-8.11600399017334,8.082125663757324,0.005989206489175558,0.03665182739496231,491217,7.960809743963182,7.411209749989212,16.32552800583653,1.0,0.0,150859,0.5596631778094278,0.44033682219057224,14611,0.07280207425355911,0.0005420632660388947,29.35223950771615,0.030398869886994362,0.9696011301130056,0.08308683335781097,0.2446010559797287,0.015494944527745247,0.5038736462593079,0.49612635374069214,0.5130080580711365,0.5343387126922607,0.44405898451805115,0.5038736462593079,0.49612635374069214,0.5038736462593079,0.49612635374069214,0.6524820066114404,0.3475179933885596,0.9690136909484863,1.0,0.0,0.0,0.49442334562415197,0.505576654375848,0.0,0.0,0.0,0.010665347799658775,0.010533023625612259,1.0,0.0,0.022973554208874702,0.00027482761652208865,450586
b2_cityscapes_val,2026-07-07 05:28:00,cityscapes,val,all,student_skd,/scratch/gautschi/manors/hf_cache/hub/models--nvidia--mit-b2/snapshots/3bb39e8739149c3777d0325349b2a6c32c6413db,runs/mit-b2_skd_j9196921/student_skd.ckpt,skd,img_000456,/home/manors/Guardrail-Distillation/data/cityscapes/leftImg8bit/val/munster/munster_000130_000019_leftImg8bit.png,,0.5645114780479635,0.43548852195203647,0.8842407464981079,0.9586426615715027,0.10804522037506104,0.09876183420419693,0.22789360582828522,0.9192621111869812,0.222447007894516,-7.543385028839111,7.492680549621582,0.005933303851634264,0.062176965177059174,492980,7.9524037428200245,7.405256503261626,16.27696174546145,0.47747792887471063,0.5225220711252894,150859,0.4321586031827926,0.5678413968172074,24788,0.09939182549715042,0.0005112690851092339,29.301713249878958,0.04801091551780701,0.951989084482193,0.2269098460674286,0.3043384850025177,0.04518239572644234,0.5112936496734619,0.4887063503265381,0.5535586476325989,0.5780408382415771,0.41955727338790894,0.5112936496734619,0.4887063503265381,0.5112936496734619,0.4887063503265381,0.694069163060107,0.305930836939893,0.9731064438819885,0.9872075022127498,0.012792497787250223,0.5097295733380391,0.5413961473977268,0.4586038526022732,0.10923754421493415,0.1295576850121435,0.1295576850121435,0.09510324895381927,0.0062375757843256,0.8704423149878565,0.1295576850121435,0.10470201820135117,0.03411497548222542,430663
b2_cityscapes_val,2026-07-07 05:28:01,cityscapes,val,all,student_skd,/scratch/gautschi/manors/hf_cache/hub/models--nvidia--mit-b2/snapshots/3bb39e8739149c3777d0325349b2a6c32c6413db,runs/mit-b2_skd_j9196921/student_skd.ckpt,skd,img_000457,/home/manors/Guardrail-Distillation/data/cityscapes/leftImg8bit/val/munster/munster_000131_000019_leftImg8bit.png,,0.584429813964208,0.415570186035792,0.9416580200195312,0.9611151814460754,0.10236980020999908,0.10346907377243042,0.2321682870388031,0.9111745357513428,0.26212990283966064,-7.841574192047119,7.794210433959961,0.0077820769511163235,0.049047861248254776,486117,7.9524037428200245,7.405256503261626,16.27696174546145,0.9012385943500159,0.09876140564998415,150859,0.6692834710107024,0.3307165289892976,8854,0.10445989668369293,0.0006186407990753651,29.301713249878958,0.04433399811387062,0.9556660018861294,0.17088782787322998,0.3058567941188812,0.030729420483112335,0.5076817274093628,0.4923182725906372,0.5346656441688538,0.5608059763908386,0.43525230884552,0.5076817274093628,0.4923182725906372,0.5076817274093628,0.4923182725906372,0.5666558832527189,0.4333441167472811,0.9551198482513428,0.9689950144005295,0.031004985599470514,0.06775642005051363,0.5395136012238632,0.46048639877613684,0.0,0.0,0.0,0.022258015349507332,0.008796235546469688,1.0,0.0,0.03364621847867966,0.0024541416205465794,428813
b2_cityscapes_val,2026-07-07 05:28:01,cityscapes,val,all,student_skd,/scratch/gautschi/manors/hf_cache/hub/models--nvidia--mit-b2/snapshots/3bb39e8739149c3777d0325349b2a6c32c6413db,runs/mit-b2_skd_j9196921/student_skd.ckpt,skd,img_000458,/home/manors/Guardrail-Distillation/data/cityscapes/leftImg8bit/val/munster/munster_000132_000019_leftImg8bit.png,,0.7965356046039754,0.20346439539602457,0.9649219512939453,0.9724982380867004,0.08841622620820999,0.0714854896068573,0.19605642557144165,0.9359707236289978,0.1956542730331421,-8.470599174499512,8.437054634094238,0.0050256457179784775,0.035875722765922546,492673,7.9524037428200245,7.405256503261626,16.27696174546145,0.8222646064727789,0.17773539352722112,150859,0.9893895595987077,0.010610440401292331,88215,0.07239854335784912,0.0005706116207875311,29.301713249878958,0.030294882133603096,0.9697051178663969,0.0869172215461731,0.245196133852005,0.01706896722316742,0.504267156124115,0.495732843875885,0.5149490237236023,0.5357288718223572,0.4397135078907013,0.504267156124115,0.495732843875885,0.504267156124115,0.495732843875885,0.8080299389117599,0.1919700610882401,0.9709604382514954,0.8336570855267307,0.16634291447326932,0.011392479053951798,0.9847191520716432,0.015280847928356822,0.0,0.01149433430778446,0.01149433430778446,0.014585739932954311,0.008547251112759113,0.9885056656922155,0.01149433430778446,0.025877205654978752,0.001079823705367744,451899
b2_cityscapes_val,2026-07-07 05:28:01,cityscapes,val,all,student_skd,/scratch/gautschi/manors/hf_cache/hub/models--nvidia--mit-b2/snapshots/3bb39e8739149c3777d0325349b2a6c32c6413db,runs/mit-b2_skd_j9196921/student_skd.ckpt,skd,img_000459,/home/manors/Guardrail-Distillation/data/cityscapes/leftImg8bit/val/munster/munster_000133_000019_leftImg8bit.png,,0.5294660492330209,0.4705339507669791,0.965729296207428,0.9737838506698608,0.08066833019256592,0.07297518849372864,0.18194152414798737,0.9279290437698364,0.2346823364496231,-7.175218105316162,7.144125938415527,0.0022132359445095062,0.030995646491646767,290073,7.9524037428200245,7.405256503261626,16.27696174546145,0.0,1.0,10,0.6094401194366538,0.39055988056334623,6233,0.07392536848783493,0.00048069650074467063,29.301713249878958,0.04514681547880173,0.9548531845211983,0.16335514187812805,0.27598142623901367,0.04277709499001503,0.5106926560401917,0.48930734395980835,0.540726363658905,0.5637046694755554,0.38847076892852783,0.5106926560401917,0.48930734395980835,0.5106926560401917,0.48930734395980835,0.4709635746914763,0.5290364253085237,0.9799464344978333,1.0,0.0,1.0,0.4551273278673923,0.5448726721326077,0.0,0.0,0.0,0.02005702070891857,0.005839909426867962,1.0,0.0,0.027937794104218483,0.0008342727669514716,267224
b2_cityscapes_val,2026-07-07 05:28:01,cityscapes,val,all,student_skd,/scratch/gautschi/manors/hf_cache/hub/models--nvidia--mit-b2/snapshots/3bb39e8739149c3777d0325349b2a6c32c6413db,runs/mit-b2_skd_j9196921/student_skd.ckpt,skd,img_000460,/home/manors/Guardrail-Distillation/data/cityscapes/leftImg8bit/val/munster/munster_000134_000019_leftImg8bit.png,,0.5900694484702297,0.4099305515297703,0.9486771821975708,0.9695290923118591,0.09837239235639572,0.07995850592851639,0.23244024813175201,0.935302197933197,0.19744224846363068,-7.923366546630859,7.8850932121276855,0.00952949933707714,0.042947545647621155,493835,7.9402675037272274,7.414637482725084,16.279524512356147,0.903472013878541,0.09652798612145896,150859,0.8160393802640772,0.18396061973592281,26302,0.08069325983524323,0.0005433399928733706,29.362219240283594,0.03238951042294502,0.967610489577055,0.08976726233959198,0.27424952387809753,0.022820107638835907,0.5057047605514526,0.49429523944854736,0.5189223289489746,0.5446454286575317,0.41153761744499207,0.5057047605514526,0.49429523944854736,0.5057047605514526,0.49429523944854736,0.5385089638969887,0.46149103610301134,0.947241485118866,0.8330333503247039,0.16696664967529606,0.0,0.6424870062946779,0.3575129937053221,0.0,0.0,0.0,0.009079956449568272,0.010515658184885979,1.0,0.0,0.025719117373228073,0.0006014154641889036,449730
b2_cityscapes_val,2026-07-07 05:28:01,cityscapes,val,all,student_skd,/scratch/gautschi/manors/hf_cache/hub/models--nvidia--mit-b2/snapshots/3bb39e8739149c3777d0325349b2a6c32c6413db,runs/mit-b2_skd_j9196921/student_skd.ckpt,skd,img_000461,/home/manors/Guardrail-Distillation/data/cityscapes/leftImg8bit/val/munster/munster_000135_000019_leftImg8bit.png,,0.6076510693369428,0.3923489306630572,0.9680880308151245,0.9759063720703125,0.08196722716093063,0.06366223096847534,0.18516409397125244,0.9418445825576782,0.18366970121860504,-8.162124633789062,8.132917404174805,0.0038860607892274857,0.030072417110204697,488155,7.9402675037272274,7.414637482725084,16.279524512356147,1.0,0.0,150859,0.573844541504327,0.42615545849567305,19223,0.06452593952417374,0.0005134029779583216,29.362219240283594,0.03218414634466171,0.9678158536553383,0.09250541031360626,0.2516202926635742,0.02354755438864231,0.5058866143226624,0.49411338567733765,0.5207958817481995,0.542186439037323,0.4057040214538574,0.5058866143226624,0.49411338567733765,0.5058866143226624,0.49411338567733765,0.6726261593374341,0.3273738406625659,0.9727996587753296,1.0,0.0,0.0,0.5917914835831077,0.40820851641689226,0.01794694207878078,0.06497509000049129,0.06497509000049129,0.012477594427764416,0.007765976246446371,0.9350249099995087,0.06497509000049129,0.022011451423168182,0.0020321414340287447,452101
b2_cityscapes_val,2026-07-07 05:28:01,cityscapes,val,all,student_skd,/scratch/gautschi/manors/hf_cache/hub/models--nvidia--mit-b2/snapshots/3bb39e8739149c3777d0325349b2a6c32c6413db,runs/mit-b2_skd_j9196921/student_skd.ckpt,skd,img_000462,/home/manors/Guardrail-Distillation/data/cityscapes/leftImg8bit/val/munster/munster_000136_000019_leftImg8bit.png,,0.6020241051787754,0.39797589482122464,0.947698175907135,0.9649919867515564,0.10081085562705994,0.09152919799089432,0.2329346090555191,0.9241102337837219,0.22485961019992828,-8.103028297424316,8.05982494354248,0.008337889797985554,0.046870648860931396,491971,7.9402675037272274,7.414637482725084,16.279524512356147,0.9695315390908867,0.03046846090911326,150859,0.49315062619118744,0.5068493738088126,6981,0.09253061562776566,0.0006374239455908537,29.362219240283594,0.042219650000333786,0.9577803499996662,0.15743669867515564,0.31725046038627625,0.03131972253322601,0.5078293085098267,0.49217069149017334,0.5283815860748291,0.5590367913246155,0.4058883488178253,0.5078293085098267,0.49217069149017334,0.5078293085098267,0.49217069149017334,0.6675985903870242,0.3324014096129758,0.9654776453971863,0.9817153803871908,0.01828461961280925,0.01218384129630401,0.4016156883043586,0.5983843116956413,0.0,0.06557448520824882,0.06557448520824882,0.025987304747104645,0.008207800798118114,0.9344255147917512,0.06557448520824882,0.03770140931010246,0.0036241973284631968,440382
b2_cityscapes_val,2026-07-07 05:28:01,cityscapes,val,all,student_skd,/scratch/gautschi/manors/hf_cache/hub/models--nvidia--mit-b2/snapshots/3bb39e8739149c3777d0325349b2a6c32c6413db,runs/mit-b2_skd_j9196921/student_skd.ckpt,skd,img_000463,/home/manors/Guardrail-Distillation/data/cityscapes/leftImg8bit/val/munster/munster_000137_000019_leftImg8bit.png,,0.6404707288034779,0.3595292711965221,0.9679031372070312,0.9730384945869446,0.09150927513837814,0.07158975303173065,0.21275681257247925,0.9392274022102356,0.1866939514875412,-8.245819091796875,8.212191581726074,0.008084428496658802,0.03693750873208046,481543,7.9402675037272274,7.414637482725084,16.279524512356147,0.9765788978818463,0.023421102118153736,150859,0.4574857764674431,0.5425142235325568,9100,0.07222040742635727,0.0004636070516426116,29.362219240283594,0.03307569772005081,0.9669243022799492,0.10308283567428589,0.2658621072769165,0.025166252627968788,0.5062912702560425,0.4937087297439575,0.5207273960113525,0.5493512153625488,0.4009360373020172,0.5062912702560425,0.4937087297439575,0.5062912702560425,0.4937087297439575,0.6462663325271608,0.3537336674728392,0.9687753319740295,0.9710089967720101,0.028991003227989864,0.0,0.615309759712452,0.38469024028754795,0.1578239832450089,0.005795603723682929,0.005795603723682929,0.010829770006239414,0.009957573376595974,0.9942043962763171,0.005795603723682929,0.023217033594846725,0.000367568398360163,444380
b2_cityscapes_val,2026-07-07 05:28:01,cityscapes,val,all,student_skd,/scratch/gautschi/manors/hf_cache/hub/models--nvidia--mit-b2/snapshots/3bb39e8739149c3777d0325349b2a6c32c6413db,runs/mit-b2_skd_j9196921/student_skd.ckpt,skd,img_000464,/home/manors/Guardrail-Distillation/data/cityscapes/leftImg8bit/val/munster/munster_000138_000019_leftImg8bit.png,,0.6499866253015351,0.35001337469846494,0.9568050503730774,0.968085765838623,0.09890389442443848,0.08284588903188705,0.22603730857372284,0.9308949708938599,0.20663805305957794,-7.9290242195129395,7.889175891876221,0.009750578552484512,0.042291540652513504,478228,7.945890771225095,7.415560743538663,16.267008730210364,0.9575419637999623,0.04245803620003774,150859,0.6032911696101464,0.3967088303898536,13679,0.08359958976507187,0.0004802089824806899,29.356229002587497,0.03614862263202667,0.9638513773679733,0.1176973283290863,0.27900463342666626,0.025718841701745987,0.5064293146133423,0.4935706853866577,0.5235073566436768,0.5506621599197388,0.42452535033226013,0.5064293146133423,0.4935706853866577,0.5064293146133423,0.4935706853866577,0.663084609713497,0.33691539028650297,0.9633960723876953,0.9351113163676344,0.06488868363236555,0.0,0.5934188902785555,0.40658110972144446,0.0,0.013097984411961971,0.013097984411961971,0.016239115968346596,0.009648117236793041,0.986902015588038,0.013097984411961971,0.02893180586397648,0.000972339475993067,433359
b2_cityscapes_val,2026-07-07 05:28:01,cityscapes,val,all,student_skd,/scratch/gautschi/manors/hf_cache/hub/models--nvidia--mit-b2/snapshots/3bb39e8739149c3777d0325349b2a6c32c6413db,runs/mit-b2_skd_j9196921/student_skd.ckpt,skd,img_000465,/home/manors/Guardrail-Distillation/data/cityscapes/leftImg8bit/val/munster/munster_000139_000019_leftImg8bit.png,,0.781759675903648,0.21824032409635197,0.9481438398361206,0.9734140038490295,0.0860561653971672,0.06942208111286163,0.18943727016448975,0.9377257823944092,0.18957217037677765,-7.983851909637451,7.951562881469727,0.004965492524206638,0.03348545357584953,490183,7.945890771225095,7.415560743538663,16.267008730210364,0.8876356707477973,0.11236432925220274,150859,0.7677644301114072,0.23223556988859284,76954,0.07019165903329849,0.0005036017391830683,29.356229002587497,0.03578796982765198,0.964212030172348,0.12170560657978058,0.26286885142326355,0.02923322096467018,0.507307767868042,0.492692232131958,0.5264720916748047,0.5546765327453613,0.4191589653491974,0.507307767868042,0.492692232131958,0.507307767868042,0.492692232131958,0.7622556587958201,0.23774434120417987,0.9732711911201477,0.957199331263228,0.04280066873677202,0.06956366051543073,0.8023201490471861,0.19767985095281393,0.03455571893577891,0.0,0.0,0.03242666274309158,0.007299314718693495,1.0,0.0,0.04086228832602501,0.013462319038808346,451466
b2_cityscapes_val,2026-07-07 05:28:01,cityscapes,val,all,student_skd,/scratch/gautschi/manors/hf_cache/hub/models--nvidia--mit-b2/snapshots/3bb39e8739149c3777d0325349b2a6c32c6413db,runs/mit-b2_skd_j9196921/student_skd.ckpt,skd,img_000466,/home/manors/Guardrail-Distillation/data/cityscapes/leftImg8bit/val/munster/munster_000140_000019_leftImg8bit.png,,0.6584659012233689,0.3415340987766311,0.9666164517402649,0.9751779437065125,0.08528295904397964,0.06439554691314697,0.18857942521572113,0.9407132863998413,0.18854589760303497,-7.712833881378174,7.682384490966797,0.005421311128884554,0.0327494777739048,487336,7.945890771225095,7.415560743538663,16.267008730210364,0.9214811104558218,0.07851888954417818,150859,0.8441364547468626,0.1558635452531374,63482,0.06502736359834671,0.00044132815673947334,29.356229002587497,0.03299586474895477,0.9670041352510452,0.10114507377147675,0.23470458388328552,0.022679833695292473,0.5056697130203247,0.4943302869796753,0.5209584832191467,0.5458118319511414,0.4340945780277252,0.5056697130203247,0.4943302869796753,0.5056697130203247,0.4943302869796753,0.6257228649797171,0.3742771350202829,0.9725117683410645,0.7071930616710688,0.29280693832893123,0.0,0.8529981661871034,0.14700183381289655,0.008861711440240838,0.0,0.0,0.012597058899700642,0.006701741833239794,1.0,0.0,0.021028613671660423,0.0012291314778849483,451738
b2_cityscapes_val,2026-07-07 05:28:01,cityscapes,val,all,student_skd,/scratch/gautschi/manors/hf_cache/hub/models--nvidia--mit-b2/snapshots/3bb39e8739149c3777d0325349b2a6c32c6413db,runs/mit-b2_skd_j9196921/student_skd.ckpt,skd,img_000467,/home/manors/Guardrail-Distillation/data/cityscapes/leftImg8bit/val/munster/munster_000141_000019_leftImg8bit.png,,0.6341364302530812,0.3658635697469188,0.9469177722930908,0.9637146592140198,0.10334104299545288,0.09574927389621735,0.2334822565317154,0.9147294163703918,0.2693869471549988,-7.322291851043701,7.277238368988037,0.010566898621618748,0.04797998443245888,488412,7.945890771225095,7.415560743538663,16.267008730210364,0.6237217256980101,0.3762782743019899,150859,0.9069830514584489,0.09301694854155107,97146,0.0966888964176178,0.0005791620351374149,29.356229002587497,0.05009908974170685,0.9499009102582932,0.192642942070961,0.34687069058418274,0.04631279781460762,0.5115761160850525,0.4884238839149475,0.5366947650909424,0.571011483669281,0.43399402499198914,0.5115761160850525,0.4884238839149475,0.5115761160850525,0.4884238839149475,0.6228070703087912,0.37719292969120877,0.9469566941261292,0.6212218083296818,0.37877819167031823,0.0,0.9264667155266237,0.07353328447337626,0.01948366406817481,0.0,0.0,0.014549192041158676,0.014510290697216988,1.0,0.0,0.034034788608551025,0.0006920386804267764,436515
b2_cityscapes_val,2026-07-07 05:28:01,cityscapes,val,all,student_skd,/scratch/gautschi/manors/hf_cache/hub/models--nvidia--mit-b2/snapshots/3bb39e8739149c3777d0325349b2a6c32c6413db,runs/mit-b2_skd_j9196921/student_skd.ckpt,skd,img_000468,/home/manors/Guardrail-Distillation/data/cityscapes/leftImg8bit/val/munster/munster_000142_000019_leftImg8bit.png,,0.7330549773224642,0.26694502267753584,0.9614783525466919,0.9733363389968872,0.08793839067220688,0.06783092021942139,0.19346484541893005,0.9400246739387512,0.18379831314086914,-7.919776916503906,7.887170314788818,0.0047553726471960545,0.03608488664031029,482612,7.978507492225617,7.415735482936725,16.27343299333006,0.7122210974145542,0.2877789025854458,150859,0.70298269732088,0.29701730267911997,35621,0.0684029757976532,0.000484250980662182,29.250257997773588,0.03543459251523018,0.9645654074847698,0.11684046685695648,0.2624233067035675,0.023776335641741753,0.5059438347816467,0.49405616521835327,0.5218802690505981,0.549416720867157,0.40916502475738525,0.5059438347816467,0.49405616521835327,0.5059438347816467,0.49405616521835327,0.7422194460982083,0.25778055390179166,0.959632158279419,0.7004732231690004,0.2995267768309996,0.0,0.6421433464816906,0.3578566535183094,0.0,0.009164468775744172,0.009164468775744172,0.01104821264743805,0.012894416227936745,0.9908355312242558,0.009164468775744172,0.026967832818627357,0.0014877375215291977,443893
b2_cityscapes_val,2026-07-07 05:28:01,cityscapes,val,all,student_skd,/scratch/gautschi/manors/hf_cache/hub/models--nvidia--mit-b2/snapshots/3bb39e8739149c3777d0325349b2a6c32c6413db,runs/mit-b2_skd_j9196921/student_skd.ckpt,skd,img_000469,/home/manors/Guardrail-Distillation/data/cityscapes/leftImg8bit/val/munster/munster_000143_000019_leftImg8bit.png,,0.4560503920854531,0.5439496079145469,0.9520922303199768,0.968550980091095,0.09341628849506378,0.07856457680463791,0.19836604595184326,0.9306994080543518,0.20492351055145264,-8.106932640075684,8.068719863891602,0.004679626319557428,0.041505083441734314,484013,7.978507492225617,7.415735482936725,16.27343299333006,0.8145387227919517,0.18546127720804828,150859,0.4177324410064031,0.5822675589935968,35573,0.07934964448213577,0.0005317230825312436,29.250257997773588,0.037268102169036865,0.9627318978309631,0.13281580805778503,0.2791825234889984,0.02747751586139202,0.5068689584732056,0.49313104152679443,0.5248894691467285,0.5547196865081787,0.43163153529167175,0.5068689584732056,0.49313104152679443,0.5068689584732056,0.49313104152679443,0.4849229100480368,0.5150770899519632,0.9641972780227661,0.822916470285659,0.17708352971434105,0.008377747493707233,0.4194953029063623,0.5805046970936377,0.0017628618999591117,0.02887251796258372,0.02887251796258372,0.01946435309946537,0.007359306327998638,0.9711274820374163,0.02887251796258372,0.029290536418557167,0.0015392148634418845,437312
b2_cityscapes_val,2026-07-07 05:28:01,cityscapes,val,all,student_skd,/scratch/gautschi/manors/hf_cache/hub/models--nvidia--mit-b2/snapshots/3bb39e8739149c3777d0325349b2a6c32c6413db,runs/mit-b2_skd_j9196921/student_skd.ckpt,skd,img_000470,/home/manors/Guardrail-Distillation/data/cityscapes/leftImg8bit/val/munster/munster_000144_000019_leftImg8bit.png,,0.5971082883101969,0.4028917116898031,0.9588103890419006,0.9698691368103027,0.09234166890382767,0.07694608718156815,0.19996856153011322,0.930952787399292,0.21049587428569794,-8.30242919921875,8.265677452087402,0.005344132427126169,0.0400722473859787,457324,7.978507492225617,7.415735482936725,16.27343299333006,0.9111576577764655,0.08884234222353449,150859,0.7322808463945222,0.2677191536054778,48019,0.07774614542722702,0.0005666136858053505,29.250257997773588,0.03418314829468727,0.9658168517053127,0.11114456504583359,0.24750560522079468,0.02537490986287594,0.5063433647155762,0.49365663528442383,0.5212889313697815,0.5450619459152222,0.43566587567329407,0.5063433647155762,0.49365663528442383,0.5063433647155762,0.49365663528442383,0.7547141300926238,0.24528586990737622,0.966981828212738,0.6810697950683424,0.3189302049316576,0.0,0.6991711325928379,0.3008288674071621,0.0,0.15760584178242687,0.15760584178242687,0.019664395600557327,0.011492946185171604,0.8423941582175731,0.15760584178242687,0.03367852792143822,0.0013360331067815423,416002
b2_cityscapes_val,2026-07-07 05:28:01,cityscapes,val,all,student_skd,/scratch/gautschi/manors/hf_cache/hub/models--nvidia--mit-b2/snapshots/3bb39e8739149c3777d0325349b2a6c32c6413db,runs/mit-b2_skd_j9196921/student_skd.ckpt,skd,img_000471,/home/manors/Guardrail-Distillation/data/cityscapes/leftImg8bit/val/munster/munster_000145_000019_leftImg8bit.png,,0.525579089448402,0.47442091055159796,0.9568199515342712,0.9744580984115601,0.08759260922670364,0.07016614079475403,0.20722700655460358,0.9357085227966309,0.21375085413455963,-7.588925361633301,7.557375431060791,0.007337694987654686,0.033431682735681534,453821,7.978507492225617,7.415735482936725,16.27343299333006,0.3332692180141938,0.6667307819858062,150770,0.659839767191413,0.340160232808587,29513,0.07097412645816803,0.0004806120996363461,29.250257997773588,0.03251516819000244,0.9674848318099976,0.09611103683710098,0.24493853747844696,0.025264929980039597,0.5063158869743347,0.4936841130256653,0.518077552318573,0.5445089340209961,0.43362754583358765,0.5063158869743347,0.4936841130256653,0.5063158869743347,0.4936841130256653,0.5671702378699203,0.43282976213007973,0.9590036273002625,0.49993035749817605,0.500069642501824,0.1666611394839822,0.7068498691037348,0.2931501308962652,0.0470101019123218,0.04159114842151823,0.04159114842151823,0.011026374064385891,0.008842693641781807,0.9584088515784818,0.04159114842151823,0.02570396661758423,0.0018002692377194762,419668
b2_cityscapes_val,2026-07-07 05:28:02,cityscapes,val,all,student_skd,/scratch/gautschi/manors/hf_cache/hub/models--nvidia--mit-b2/snapshots/3bb39e8739149c3777d0325349b2a6c32c6413db,runs/mit-b2_skd_j9196921/student_skd.ckpt,skd,img_000472,/home/manors/Guardrail-Distillation/data/cityscapes/leftImg8bit/val/munster/munster_000146_000019_leftImg8bit.png,,0.6481545406710839,0.3518454593289161,0.976783037185669,0.9807066321372986,0.0723818838596344,0.05351873114705086,0.1626308411359787,0.9431913495063782,0.19579292833805084,-7.119352340698242,7.096124172210693,0.003498998936265707,0.02280382066965103,488997,7.920985226519406,7.392037776298821,16.197896999074146,1.0,0.0,150859,0.6007399045169903,0.39926009548300967,22106,0.05414582043886185,0.0003405832394491881,29.221100237919018,0.020957311615347862,0.9790426883846521,0.04557701200246811,0.13583651185035706,0.013307498767971992,0.5033268332481384,0.4966731667518616,0.5118350386619568,0.5234003067016602,0.3957306146621704,0.5033268332481384,0.4966731667518616,0.5033268332481384,0.4966731667518616,0.7058332711344826,0.2941667288655174,0.9789139628410339,1.0,0.0,0.0,0.6932916699547369,0.3067083300452631,0.09255176543774657,0.057678730463398664,0.057678730463398664,0.006699427496641874,0.004568534903228283,0.9423212695366013,0.057678730463398664,0.012079828418791294,0.00022086023818701506,461365
b2_cityscapes_val,2026-07-07 05:28:02,cityscapes,val,all,student_skd,/scratch/gautschi/manors/hf_cache/hub/models--nvidia--mit-b2/snapshots/3bb39e8739149c3777d0325349b2a6c32c6413db,runs/mit-b2_skd_j9196921/student_skd.ckpt,skd,img_000473,/home/manors/Guardrail-Distillation/data/cityscapes/leftImg8bit/val/munster/munster_000147_000019_leftImg8bit.png,,0.7846347600758943,0.21536523992410572,0.971522331237793,0.9754446148872375,0.08352353423833847,0.06415171921253204,0.18396206200122833,0.9409198760986328,0.18465165793895721,-7.74620246887207,7.716284275054932,0.004865144845098257,0.031201055273413658,486522,7.920985226519406,7.392037776298821,16.197896999074146,0.9489592321767146,0.05104076782328537,150859,0.6918614172349734,0.3081385827650266,42614,0.06480562686920166,0.0004203233402222395,29.221100237919018,0.028998227789998055,0.971001772210002,0.07463415712118149,0.22114896774291992,0.02035495452582836,0.5050885677337646,0.49491143226623535,0.51690274477005,0.5369407534599304,0.4187587797641754,0.5050885677337646,0.49491143226623535,0.5050885677337646,0.49491143226623535,0.8685176394578225,0.13148236054217755,0.9789094924926758,0.9309224749681247,0.06907752503187525,0.0,0.8453607702454601,0.15463922975453992,0.15349935301048667,0.08388287938192818,0.08388287938192818,0.012965497560799122,0.00557837076485157,0.9161171206180718,0.08388287938192818,0.019497577100992203,0.00048713109572418034,450886
b2_cityscapes_val,2026-07-07 05:28:02,cityscapes,val,all,student_skd,/scratch/gautschi/manors/hf_cache/hub/models--nvidia--mit-b2/snapshots/3bb39e8739149c3777d0325349b2a6c32c6413db,runs/mit-b2_skd_j9196921/student_skd.ckpt,skd,img_000474,/home/manors/Guardrail-Distillation/data/cityscapes/leftImg8bit/val/munster/munster_000148_000019_leftImg8bit.png,,0.6024408895882076,0.39755911041179237,0.9569322466850281,0.9702492356300354,0.09128569066524506,0.08050655573606491,0.20971572399139404,0.9267533421516418,0.2343207746744156,-6.344975471496582,6.308704376220703,0.006191657856106758,0.03807266429066658,306703,7.920985226519406,7.392037776298821,16.197896999074146,0.8682550720181146,0.13174492798188542,15076,0.5873891525026265,0.41261084749737353,26286,0.08144702762365341,0.00048699049511924386,29.221100237919018,0.031294628977775574,0.9687053710222244,0.09515275061130524,0.2268812209367752,0.023675747215747833,0.5059186816215515,0.4940813183784485,0.5170921683311462,0.5388302803039551,0.40120282769203186,0.5059186816215515,0.4940813183784485,0.5059186816215515,0.4940813183784485,0.5910715846910675,0.40892841530893254,0.9645357131958008,0.6360266454211482,0.3639733545788518,0.0,0.4974435395030049,0.5025564604969951,0.0,0.0,0.0,0.015813343226909637,0.008209897205233574,1.0,0.0,0.026618584990501404,0.0009324981947429478,279679
b2_cityscapes_val,2026-07-07 05:28:02,cityscapes,val,all,student_skd,/scratch/gautschi/manors/hf_cache/hub/models--nvidia--mit-b2/snapshots/3bb39e8739149c3777d0325349b2a6c32c6413db,runs/mit-b2_skd_j9196921/student_skd.ckpt,skd,img_000475,/home/manors/Guardrail-Distillation/data/cityscapes/leftImg8bit/val/munster/munster_000149_000019_leftImg8bit.png,,0.7204759036268146,0.2795240963731854,0.9771069288253784,0.9831080436706543,0.06890320032835007,0.04354950785636902,0.1489873081445694,0.9580724239349365,0.13589508831501007,-7.677125930786133,7.6567463874816895,0.002275531878694892,0.021324753761291504,493511,7.920985226519406,7.392037776298821,16.197896999074146,0.8922003267148821,0.10779967328511786,150859,0.9354904449309899,0.06450955506901013,46965,0.04397205635905266,0.00029499930678866804,29.221100237919018,0.018972188234329224,0.9810278117656708,0.02764214389026165,0.12568077445030212,0.011504235677421093,0.5028760433197021,0.49712395668029785,0.5099478960037231,0.5218117237091064,0.4219748377799988,0.5028760433197021,0.49712395668029785,0.5028760433197021,0.49712395668029785,0.7399395152694409,0.2600604847305591,0.9788981676101685,0.9146530810703313,0.08534691892966872,0.022452754355449134,0.9181585559842249,0.08184144401577509,0.0,0.019463611642626333,0.019463611642626333,0.00720348721370101,0.005412240047007799,0.9805363883573737,0.019463611642626333,0.013744374737143517,0.0003951279795728624,468424
b2_cityscapes_val,2026-07-07 05:28:02,cityscapes,val,all,student_skd,/scratch/gautschi/manors/hf_cache/hub/models--nvidia--mit-b2/snapshots/3bb39e8739149c3777d0325349b2a6c32c6413db,runs/mit-b2_skd_j9196921/student_skd.ckpt,skd,img_000476,/home/manors/Guardrail-Distillation/data/cityscapes/leftImg8bit/val/munster/munster_000150_000019_leftImg8bit.png,,0.6886982005155198,0.3113017994844802,0.9633090496063232,0.9794666767120361,0.0754779726266861,0.05266537517309189,0.16411112248897552,0.9524164199829102,0.144847571849823,-7.934967517852783,7.91018533706665,0.0027471352368593216,0.025631098076701164,490693,7.9107747587841,7.404049771139398,16.207109991228208,0.761098974648529,0.23890102535147095,150859,0.6073683363821419,0.39263166361785806,102634,0.053114861249923706,0.00034029761445708573,29.230318759800866,0.023520871996879578,0.9764791280031204,0.046365443617105484,0.1825774908065796,0.011387243866920471,0.5028467774391174,0.49715322256088257,0.5096459984779358,0.5287258625030518,0.4210192561149597,0.5028467774391174,0.49715322256088257,0.5028467774391174,0.49715322256088257,0.7489009959727746,0.2510990040272254,0.9748681783676147,0.8145216347865727,0.1854783652134273,0.05342266013804364,0.6600973856618574,0.3399026143381426,0.052729049279715445,0.06020279545725482,0.06020279545725482,0.0190750639885664,0.007515900768339634,0.9397972045427452,0.06020279545725482,0.02764050103724003,0.006753713823854923,459748
b2_cityscapes_val,2026-07-07 05:28:02,cityscapes,val,all,student_skd,/scratch/gautschi/manors/hf_cache/hub/models--nvidia--mit-b2/snapshots/3bb39e8739149c3777d0325349b2a6c32c6413db,runs/mit-b2_skd_j9196921/student_skd.ckpt,skd,img_000477,/home/manors/Guardrail-Distillation/data/cityscapes/leftImg8bit/val/munster/munster_000151_000019_leftImg8bit.png,,0.7809309041812887,0.21906909581871126,0.9689650535583496,0.9788997173309326,0.07569023966789246,0.05544954165816307,0.16564156115055084,0.9476312398910522,0.1648581176996231,-8.017117500305176,7.991739273071289,0.00262662791647017,0.025844795629382133,491124,7.9107747587841,7.404049771139398,16.207109991228208,0.9367999959411847,0.06320000405881532,150859,0.8165916410097536,0.18340835899024643,63162,0.05599869787693024,0.0003236053744331002,29.230318759800866,0.025036118924617767,0.9749638810753822,0.06387963145971298,0.18805567920207977,0.014657491818070412,0.5036643147468567,0.4963356852531433,0.5139434337615967,0.5328580141067505,0.4184381067752838,0.5036643147468567,0.4963356852531433,0.5036643147468567,0.4963356852531433,0.7690711703322176,0.2309288296677824,0.9790256023406982,0.9239118504255387,0.0760881495744613,0.0,0.8559082427318827,0.1440917572681173,0.03931660172212914,0.0,0.0,0.01498603168874979,0.004925436340272427,1.0,0.0,0.020795155316591263,0.004817520268261433,459749
b2_cityscapes_val,2026-07-07 05:28:02,cityscapes,val,all,student_skd,/scratch/gautschi/manors/hf_cache/hub/models--nvidia--mit-b2/snapshots/3bb39e8739149c3777d0325349b2a6c32c6413db,runs/mit-b2_skd_j9196921/student_skd.ckpt,skd,img_000478,/home/manors/Guardrail-Distillation/data/cityscapes/leftImg8bit/val/munster/munster_000152_000019_leftImg8bit.png,,0.5902564965610687,0.4097435034389313,0.9700340032577515,0.9792107939720154,0.0803854689002037,0.05515361577272415,0.18589000403881073,0.9514666795730591,0.1532055139541626,-8.060864448547363,8.035051345825195,0.005933333653956652,0.027891211211681366,484382,7.9107747587841,7.404049771139398,16.207109991228208,0.9855147133350547,0.014485286664945307,148276,0.5298687319917856,0.47013126800821436,47404,0.05570102855563164,0.00032596997334621847,29.230318759800866,0.023441065102815628,0.9765589348971844,0.03758664429187775,0.17303986847400665,0.01735807955265045,0.5043393969535828,0.49566060304641724,0.5091918110847473,0.5308838486671448,0.41246819496154785,0.5043393969535828,0.49566060304641724,0.5043393969535828,0.49566060304641724,0.6121728243093126,0.38782717569068736,0.9763637185096741,0.9866927941960797,0.013307205803920308,0.0011780808610249993,0.5812378287969706,0.4187621712030294,0.05136909680518498,0.021916327748243924,0.021916327748243924,0.011199838481843472,0.004870123229920864,0.9780836722517561,0.021916327748243924,0.018735213205218315,0.00028283463325351477,455631
b2_cityscapes_val,2026-07-07 05:28:02,cityscapes,val,all,student_skd,/scratch/gautschi/manors/hf_cache/hub/models--nvidia--mit-b2/snapshots/3bb39e8739149c3777d0325349b2a6c32c6413db,runs/mit-b2_skd_j9196921/student_skd.ckpt,skd,img_000479,/home/manors/Guardrail-Distillation/data/cityscapes/leftImg8bit/val/munster/munster_000153_000019_leftImg8bit.png,,0.5039948743325042,0.49600512566749577,0.9531058073043823,0.9623435735702515,0.10678878426551819,0.09766215085983276,0.24445883929729462,0.9195063710212708,0.24037885665893555,-7.92922830581665,7.882238388061523,0.010768214240670204,0.052896641194820404,458479,7.9107747587841,7.404049771139398,16.207109991228208,0.9686239851005871,0.031376014899412885,138026,0.5532707336647098,0.4467292663352902,19200,0.09855788201093674,0.0005990155623294413,29.230318759800866,0.04109560325741768,0.9589043967425823,0.15284846723079681,0.31268030405044556,0.031814683228731155,0.5079529881477356,0.4920470118522644,0.5320957899093628,0.5563941597938538,0.42061281204223633,0.5079529881477356,0.4920470118522644,0.5079529881477356,0.4920470118522644,0.5522749637644995,0.44772503623550053,0.9623057842254639,0.9602946042259843,0.03970539577401566,0.0,0.8060921395704256,0.19390786042957442,0.2528214059057158,0.04828008943199524,0.04828008943199524,0.023015230894088745,0.01381524559110403,0.9517199105680048,0.04828008943199524,0.04074995592236519,0.0029052584432065487,408401
b2_cityscapes_val,2026-07-07 05:28:02,cityscapes,val,all,student_skd,/scratch/gautschi/manors/hf_cache/hub/models--nvidia--mit-b2/snapshots/3bb39e8739149c3777d0325349b2a6c32c6413db,runs/mit-b2_skd_j9196921/student_skd.ckpt,skd,img_000480,/home/manors/Guardrail-Distillation/data/cityscapes/leftImg8bit/val/munster/munster_000154_000019_leftImg8bit.png,,0.6607586713440352,0.3392413286559648,0.9539402723312378,0.9660714268684387,0.0988190770149231,0.0860489010810852,0.21887126564979553,0.9276502132415771,0.2104802429676056,-8.13437557220459,8.092647552490234,0.007429646328091621,0.0446123406291008,493294,7.912978733656928,7.39930200506933,16.18904049973935,0.8749540238943869,0.12504597610561308,150859,0.7084078077355754,0.29159219226442457,80985,0.08671313524246216,0.0005486369482241571,29.22942751320079,0.03614810109138489,0.9638518989086151,0.12756194174289703,0.2781836986541748,0.028892016038298607,0.5072224736213684,0.4927775263786316,0.523686945438385,0.5535804033279419,0.4222886264324188,0.5072224736213684,0.4927775263786316,0.5072224736213684,0.4927775263786316,0.6758259419238765,0.32417405807612354,0.952940821647644,0.8557547521863577,0.14424524781364234,0.0,0.6684774730796683,0.3315225269203317,0.0,0.015067270579841252,0.015067270579841252,0.01291521918028593,0.01391462329775095,0.9849327294201587,0.015067270579841252,0.029742911458015442,0.0013724067248404026,442243
b2_cityscapes_val,2026-07-07 05:28:02,cityscapes,val,all,student_skd,/scratch/gautschi/manors/hf_cache/hub/models--nvidia--mit-b2/snapshots/3bb39e8739149c3777d0325349b2a6c32c6413db,runs/mit-b2_skd_j9196921/student_skd.ckpt,skd,img_000481,/home/manors/Guardrail-Distillation/data/cityscapes/leftImg8bit/val/munster/munster_000155_000019_leftImg8bit.png,,0.6145847620334486,0.3854152379665514,0.9543927311897278,0.9704796075820923,0.0954187735915184,0.07647356390953064,0.21905061602592468,0.9366204738616943,0.19246919453144073,-7.585672378540039,7.548929691314697,0.008062593638896942,0.04158204421401024,490909,7.912978733656928,7.39930200506933,16.18904049973935,1.0,0.0,150859,0.6590514697734476,0.34094853022655236,13870,0.07730235159397125,0.000540371285751462,29.22942751320079,0.03341824188828468,0.9665817581117153,0.1007164791226387,0.2729387581348419,0.026889849454164505,0.5067220330238342,0.49327796697616577,0.5213210582733154,0.5539774298667908,0.4209862947463989,0.5067220330238342,0.49327796697616577,0.5067220330238342,0.49327796697616577,0.5885175588818164,0.41148244111818355,0.9579656720161438,1.0,0.0,0.0,0.7132424617639219,0.2867575382360781,0.05419099199047428,0.0,0.0,0.013695002533495426,0.010122038424015045,1.0,0.0,0.028710003942251205,0.0006661111838184297,448350
b2_cityscapes_val,2026-07-07 05:28:02,cityscapes,val,all,student_skd,/scratch/gautschi/manors/hf_cache/hub/models--nvidia--mit-b2/snapshots/3bb39e8739149c3777d0325349b2a6c32c6413db,runs/mit-b2_skd_j9196921/student_skd.ckpt,skd,img_000482,/home/manors/Guardrail-Distillation/data/cityscapes/leftImg8bit/val/munster/munster_000156_000019_leftImg8bit.png,,0.616393228492863,0.38360677150713696,0.945482075214386,0.9710531830787659,0.09214456379413605,0.07637405395507812,0.2115318328142166,0.9334692358970642,0.20575809478759766,-8.094282150268555,8.058633804321289,0.006634535267949104,0.03840069845318794,484887,7.912978733656928,7.39930200506933,16.18904049973935,0.8614432580568397,0.13855674194316026,150859,0.5905635952117538,0.40943640478824617,30820,0.07726462185382843,0.0005765958339907229,29.22942751320079,0.03548506647348404,0.964514933526516,0.12299876660108566,0.2673322558403015,0.02823655866086483,0.5070586800575256,0.49294131994247437,0.5250325798988342,0.5534232258796692,0.40696805715560913,0.5070586800575256,0.49294131994247437,0.5070586800575256,0.49294131994247437,0.6619799091044105,0.3380200908955895,0.9530859589576721,0.906218516462179,0.09378148353782101,0.04477525840533925,0.6456576479734325,0.3543423520265675,0.05509405276167867,0.04558668061154747,0.04558668061154747,0.016302766278386116,0.008698933757841587,0.9544133193884525,0.04558668061154747,0.030553508549928665,0.0021448296029120684,443301
b2_cityscapes_val,2026-07-07 05:28:02,cityscapes,val,all,student_skd,/scratch/gautschi/manors/hf_cache/hub/models--nvidia--mit-b2/snapshots/3bb39e8739149c3777d0325349b2a6c32c6413db,runs/mit-b2_skd_j9196921/student_skd.ckpt,skd,img_000483,/home/manors/Guardrail-Distillation/data/cityscapes/leftImg8bit/val/munster/munster_000157_000019_leftImg8bit.png,,0.7029364109790271,0.29706358902097285,0.9654697775840759,0.978584349155426,0.07877585291862488,0.056858643889427185,0.1803305596113205,0.9485593438148499,0.16212573647499084,-7.957441806793213,7.931264400482178,0.0042166453786194324,0.026819000020623207,493046,7.912978733656928,7.39930200506933,16.18904049973935,0.9579367891467826,0.0420632108532174,150859,0.7275891761300649,0.2724108238699351,44582,0.057430822402238846,0.00041000579949468374,29.22942751320079,0.028265587985515594,0.9717344120144844,0.06652164459228516,0.21760064363479614,0.019740818068385124,0.5049350261688232,0.49506497383117676,0.5142776966094971,0.539506733417511,0.41128626465797424,0.5049350261688232,0.49506497383117676,0.5049350261688232,0.49506497383117676,0.7496631650527898,0.25033683494721015,0.9671268463134766,0.9584890065203396,0.04151099347966036,0.0005522173735570401,0.7457651436016479,0.2542348563983521,0.01817596747158301,0.0467267540737627,0.0467267540737627,0.009222263470292091,0.007565217558294535,0.9532732459262373,0.0467267540737627,0.019568154588341713,0.000941088714171201,461355
b2_cityscapes_val,2026-07-07 05:28:03,cityscapes,val,all,student_skd,/scratch/gautschi/manors/hf_cache/hub/models--nvidia--mit-b2/snapshots/3bb39e8739149c3777d0325349b2a6c32c6413db,runs/mit-b2_skd_j9196921/student_skd.ckpt,skd,img_000484,/home/manors/Guardrail-Distillation/data/cityscapes/leftImg8bit/val/munster/munster_000158_000019_leftImg8bit.png,,0.5079023466450606,0.4920976533549394,0.9673289060592651,0.9800321459770203,0.07439339905977249,0.051682405173778534,0.16130788624286652,0.9515096545219421,0.15140648186206818,-8.223584175109863,8.199491500854492,0.0024834757205098867,0.025018641725182533,494871,7.909271749667823,7.407703727949411,16.206823493121192,0.9747124117804888,0.02528758821951116,150859,0.29250224710111244,0.7074977528988875,30442,0.052106209099292755,0.00029056676430627704,29.23831998487003,0.020166290923953056,0.9798337090760469,0.03819110989570618,0.14106634259223938,0.009906765073537827,0.502476692199707,0.49752330780029297,0.5099506378173828,0.5234150290489197,0.4047376215457916,0.502476692199707,0.49752330780029297,0.502476692199707,0.49752330780029297,0.5672028202570687,0.4327971797429313,0.972368597984314,0.9838311457162374,0.01616885428376258,0.00911873393574858,0.43364670309580394,0.566353296904196,0.1411444559946915,0.059300473612008076,0.059300473612008076,0.010259239934384823,0.005219542421400547,0.9406995263879919,0.059300473612008076,0.01740453578531742,0.0008163744350895286,465067
b2_cityscapes_val,2026-07-07 05:28:03,cityscapes,val,all,student_skd,/scratch/gautschi/manors/hf_cache/hub/models--nvidia--mit-b2/snapshots/3bb39e8739149c3777d0325349b2a6c32c6413db,runs/mit-b2_skd_j9196921/student_skd.ckpt,skd,img_000485,/home/manors/Guardrail-Distillation/data/cityscapes/leftImg8bit/val/munster/munster_000159_000019_leftImg8bit.png,,0.6093630844405148,0.3906369155594852,0.8825386762619019,0.9380022287368774,0.12996959686279297,0.15843786299228668,0.28730496764183044,0.8696823120117188,0.37425845861434937,-7.8426337242126465,7.765658855438232,0.01609569974243641,0.08576846122741699,469380,7.909271749667823,7.407703727949411,16.206823493121192,0.48090100071289643,0.5190989992871036,133427,0.5078537053919862,0.49214629460801385,12926,0.15989497303962708,0.001012003282085061,29.23831998487003,0.07715371996164322,0.9228462800383568,0.3051140308380127,0.40494903922080994,0.06728724390268326,0.5168154835700989,0.4831845164299011,0.5657591819763184,0.5952449440956116,0.45957067608833313,0.5168154835700989,0.4831845164299011,0.5168154835700989,0.4831845164299011,0.6313603497293064,0.36863965027069356,0.9265903830528259,0.7578887821231683,0.24211121787683165,0.2769877814102719,0.37119821135130593,0.6288017886486941,0.0,0.021997265288791645,0.021997265288791645,0.06250372529029846,0.018451999872922897,0.9780027347112084,0.021997265288791645,0.08975669741630554,0.021660488098859787,384172
b2_cityscapes_val,2026-07-07 05:28:03,cityscapes,val,all,student_skd,/scratch/gautschi/manors/hf_cache/hub/models--nvidia--mit-b2/snapshots/3bb39e8739149c3777d0325349b2a6c32c6413db,runs/mit-b2_skd_j9196921/student_skd.ckpt,skd,img_000486,/home/manors/Guardrail-Distillation/data/cityscapes/leftImg8bit/val/munster/munster_000160_000019_leftImg8bit.png,,0.6043277463999944,0.3956722536000056,0.9596717357635498,0.9729884266853333,0.0902281329035759,0.07131721079349518,0.20746922492980957,0.9362873435020447,0.20285701751708984,-7.897175312042236,7.863732814788818,0.006580313201993704,0.03654779866337776,491466,7.909271749667823,7.407703727949411,16.206823493121192,0.8913075670835734,0.1086924329164266,150859,0.5028381734148446,0.4971618265851554,32372,0.07217209786176682,0.0004679132835008204,29.23831998487003,0.030266428366303444,0.9697335716336966,0.07865612208843231,0.2393462061882019,0.022749001160264015,0.5056869983673096,0.49431300163269043,0.5165173411369324,0.543243944644928,0.42087146639823914,0.5056869983673096,0.49431300163269043,0.5056869983673096,0.49431300163269043,0.614624704040609,0.385375295959391,0.9642295241355896,0.907679380710825,0.09232061928917501,0.016371813627251597,0.6138973912707458,0.38610260872925417,0.11105921785590123,0.010296957640614557,0.010296957640614557,0.012731297872960567,0.008173505775630474,0.9897030423593854,0.010296957640614557,0.02399352192878723,0.0013917544856667519,452808
b2_cityscapes_val,2026-07-07 05:28:03,cityscapes,val,all,student_skd,/scratch/gautschi/manors/hf_cache/hub/models--nvidia--mit-b2/snapshots/3bb39e8739149c3777d0325349b2a6c32c6413db,runs/mit-b2_skd_j9196921/student_skd.ckpt,skd,img_000487,/home/manors/Guardrail-Distillation/data/cityscapes/leftImg8bit/val/munster/munster_000161_000019_leftImg8bit.png,,0.6791616036818063,0.32083839631819366,0.9775695204734802,0.9742064476013184,0.08169382810592651,0.06436080485582352,0.17153260111808777,0.9422601461410522,0.16837279498577118,-7.614299774169922,7.583547592163086,0.0017702936893329024,0.03149992227554321,495398,7.909271749667823,7.407703727949411,16.206823493121192,0.9743427621734726,0.0256572378265274,150859,0.5718590609454041,0.42814093905459594,7077,0.0649411603808403,0.0003134989528916776,29.23831998487003,0.028013795614242554,0.9719862043857574,0.08271478116512299,0.1995733380317688,0.021077515557408333,0.5052691698074341,0.4947308301925659,0.5174242258071899,0.5364444851875305,0.3962811529636383,0.5052691698074341,0.4947308301925659,0.5052691698074341,0.4947308301925659,0.6257213845539732,0.3742786154460268,0.9793882369995117,0.9923412598771058,0.0076587401228942475,0.017998497703633154,0.533822318195568,0.466177681804432,0.0,0.0,0.0,0.00893624871969223,0.007117509376257658,1.0,0.0,0.01748896762728691,0.00014937484229449183,454852
b2_cityscapes_val,2026-07-07 05:28:03,cityscapes,val,all,student_skd,/scratch/gautschi/manors/hf_cache/hub/models--nvidia--mit-b2/snapshots/3bb39e8739149c3777d0325349b2a6c32c6413db,runs/mit-b2_skd_j9196921/student_skd.ckpt,skd,img_000488,/home/manors/Guardrail-Distillation/data/cityscapes/leftImg8bit/val/munster/munster_000162_000019_leftImg8bit.png,,0.51878466756052,0.48121533243948,0.9608641862869263,0.9661300778388977,0.09677999466657639,0.08449915796518326,0.20743587613105774,0.92720627784729,0.2111193686723709,-7.796654224395752,7.75541353225708,0.004889697302132845,0.04448689892888069,492055,7.901400502305478,7.40039351512678,16.176083736354485,1.0,0.0,150144,0.4206150843429314,0.5793849156570686,19734,0.08535826206207275,0.0005256762960925698,29.271336476085708,0.04045161232352257,0.9595483876764774,0.15622903406620026,0.2953356206417084,0.030376071110367775,0.5075934529304504,0.49240654706954956,0.5300186276435852,0.556861400604248,0.41161930561065674,0.5075934529304504,0.49240654706954956,0.5075934529304504,0.49240654706954956,0.5378214714963073,0.4621785285036927,0.9692108035087585,0.49992673699914747,0.5000732630008525,0.0,0.41513632452769267,0.5848636754723073,0.0,0.019036803935787328,0.019036803935787328,0.018729614093899727,0.010382985696196556,0.9809631960642127,0.019036803935787328,0.031236346811056137,0.0013087968109175563,440820
b2_cityscapes_val,2026-07-07 05:28:03,cityscapes,val,all,student_skd,/scratch/gautschi/manors/hf_cache/hub/models--nvidia--mit-b2/snapshots/3bb39e8739149c3777d0325349b2a6c32c6413db,runs/mit-b2_skd_j9196921/student_skd.ckpt,skd,img_000489,/home/manors/Guardrail-Distillation/data/cityscapes/leftImg8bit/val/munster/munster_000163_000019_leftImg8bit.png,,0.44795806855051834,0.5520419314494817,0.970313310623169,0.9760369658470154,0.08061347901821136,0.0627669170498848,0.1766444593667984,0.9421635270118713,0.17644183337688446,-8.181483268737793,8.15257740020752,0.0035774519201368093,0.02941892109811306,489175,7.901400502305478,7.40039351512678,16.176083736354485,0.9759826288097514,0.024017371190248604,150859,0.19717356287123727,0.8028264371287628,79649,0.0633196234703064,0.0003180817875545472,29.271336476085708,0.028334973379969597,0.9716650266200304,0.07815037667751312,0.21485327184200287,0.021146535873413086,0.505286455154419,0.49471354484558105,0.515712559223175,0.5406939387321472,0.39160454273223877,0.505286455154419,0.49471354484558105,0.505286455154419,0.49471354484558105,0.43238701394068535,0.5676129860593147,0.965014636516571,0.9736662984233496,0.02633370157665038,0.0,0.29709721133277195,0.7029027886672281,0.09992364846153468,0.0,0.0,0.008228139951825142,0.013526856899261475,1.0,0.0,0.023461952805519104,0.00025553227169439197,454058
b2_cityscapes_val,2026-07-07 05:28:03,cityscapes,val,all,student_skd,/scratch/gautschi/manors/hf_cache/hub/models--nvidia--mit-b2/snapshots/3bb39e8739149c3777d0325349b2a6c32c6413db,runs/mit-b2_skd_j9196921/student_skd.ckpt,skd,img_000490,/home/manors/Guardrail-Distillation/data/cityscapes/leftImg8bit/val/munster/munster_000164_000019_leftImg8bit.png,,0.6437922323136956,0.35620776768630436,0.9615078568458557,0.9635700583457947,0.10028936713933945,0.0958813950419426,0.22618453204631805,0.9177484512329102,0.24563610553741455,-7.589419841766357,7.545001983642578,0.006869028322398663,0.048431817442178726,493374,7.901400502305478,7.40039351512678,16.176083736354485,0.8908730373685244,0.10912696263147559,150859,0.3855932203389831,0.6144067796610169,5237,0.09687164425849915,0.0005880887620151043,29.271336476085708,0.04402381554245949,0.9559761844575405,0.1673135757446289,0.32113519310951233,0.04119451716542244,0.5102971792221069,0.48970282077789307,0.5427581667900085,0.5718430280685425,0.4019942283630371,0.5102971792221069,0.48970282077789307,0.5102971792221069,0.48970282077789307,0.5642642985109989,0.4357357014890011,0.9653204083442688,0.9127655649343728,0.08723443506562722,0.021892527565848363,0.47378273431561624,0.5262172656843838,0.0881895139766331,0.0,0.0,0.01775529235601425,0.013942768797278404,1.0,0.0,0.03417893871665001,0.001404613838531077,438543
b2_cityscapes_val,2026-07-07 05:28:03,cityscapes,val,all,student_skd,/scratch/gautschi/manors/hf_cache/hub/models--nvidia--mit-b2/snapshots/3bb39e8739149c3777d0325349b2a6c32c6413db,runs/mit-b2_skd_j9196921/student_skd.ckpt,skd,img_000491,/home/manors/Guardrail-Distillation/data/cityscapes/leftImg8bit/val/munster/munster_000165_000019_leftImg8bit.png,,0.530973962801243,0.469026037198757,0.9467591643333435,0.9793059825897217,0.07879448682069778,0.05267546325922012,0.17198039591312408,0.9529739022254944,0.1434987485408783,-8.201133728027344,8.175718307495117,0.004740903154015541,0.027605924755334854,493155,7.901400502305478,7.40039351512678,16.176083736354485,0.479029411361495,0.520970588638505,150859,0.4202217201217203,0.5797782798782797,49681,0.05329107865691185,0.00039842637488618493,29.271336476085708,0.021661411970853806,0.9783385880291462,0.03608935326337814,0.16831080615520477,0.012471391819417477,0.5031177997589111,0.49688220024108887,0.5100343823432922,0.5319064259529114,0.3847149610519409,0.5031177997589111,0.49688220024108887,0.5031177997589111,0.49688220024108887,0.5167759186525508,0.4832240813474492,0.9685129523277283,0.9347678442188578,0.06523215578114216,0.4557384328573628,0.42135584479076016,0.5786441552092398,0.0011341246690398377,0.0,0.0,0.030349483713507652,0.008595675230026245,1.0,0.0,0.04027942568063736,0.02096298336982727,462947
b2_cityscapes_val,2026-07-07 05:28:03,cityscapes,val,all,student_skd,/scratch/gautschi/manors/hf_cache/hub/models--nvidia--mit-b2/snapshots/3bb39e8739149c3777d0325349b2a6c32c6413db,runs/mit-b2_skd_j9196921/student_skd.ckpt,skd,img_000492,/home/manors/Guardrail-Distillation/data/cityscapes/leftImg8bit/val/munster/munster_000166_000019_leftImg8bit.png,,0.6830255480878726,0.31697445191212736,0.9608287215232849,0.9718852639198303,0.09212260693311691,0.07485175877809525,0.2148197442293167,0.9346329569816589,0.20733413100242615,-8.100164413452148,8.065335273742676,0.00733452383428812,0.03764429688453674,489875,7.9579202574677765,7.416784268571064,16.312053747242317,0.9586814691231466,0.04131853087685344,150859,0.7269818023454652,0.27301819765453483,42100,0.07579965889453888,0.0006200088537298143,29.34805752011016,0.03312529996037483,0.9668747000396252,0.10391619801521301,0.2683759331703186,0.016343260183930397,0.5040857195854187,0.4959142804145813,0.5165339112281799,0.5405535101890564,0.43760013580322266,0.5040857195854187,0.4959142804145813,0.5040857195854187,0.4959142804145813,0.7272234864412368,0.2727765135587632,0.9665200114250183,0.9782066066630184,0.021793393336981604,0.01952513753987184,0.7365461593589592,0.2634538406410408,0.009564357013494007,0.04419793835336416,0.04419793835336416,0.01545496191829443,0.009763714857399464,0.9558020616466358,0.04419793835336416,0.027664199471473694,0.0024700176436454058,449419
b2_cityscapes_val,2026-07-07 05:28:03,cityscapes,val,all,student_skd,/scratch/gautschi/manors/hf_cache/hub/models--nvidia--mit-b2/snapshots/3bb39e8739149c3777d0325349b2a6c32c6413db,runs/mit-b2_skd_j9196921/student_skd.ckpt,skd,img_000493,/home/manors/Guardrail-Distillation/data/cityscapes/leftImg8bit/val/munster/munster_000167_000019_leftImg8bit.png,,0.6965748917798293,0.30342510822017066,0.9298023581504822,0.9468963742256165,0.12036481499671936,0.1392754167318344,0.2714272439479828,0.8822057247161865,0.35431575775146484,-8.186600685119629,8.12106990814209,0.013187006115913391,0.07111423462629318,456055,7.9579202574677765,7.416784268571064,16.312053747242317,0.7996101944391159,0.20038980556088415,127337,0.715638410412657,0.28436158958734303,84008,0.14072328805923462,0.0009115725988522172,29.34805752011016,0.06336171180009842,0.9366382881999016,0.25018367171287537,0.35915225744247437,0.045069050043821335,0.5112653970718384,0.4887346029281616,0.5474690794944763,0.5687429904937744,0.47121599316596985,0.5112653970718384,0.4887346029281616,0.5112653970718384,0.4887346029281616,0.712941255799528,0.28705874420047195,0.9328107833862305,0.6883557058648127,0.31164429413518735,0.0,0.744519308867358,0.25548069113264205,0.028880898454700987,0.01636636401969871,0.01636636401969871,0.019469143822789192,0.016460735350847244,0.9836336359803013,0.01636636401969871,0.04150157421827316,0.0008770872373133898,383850
b2_cityscapes_val,2026-07-07 05:28:03,cityscapes,val,all,student_skd,/scratch/gautschi/manors/hf_cache/hub/models--nvidia--mit-b2/snapshots/3bb39e8739149c3777d0325349b2a6c32c6413db,runs/mit-b2_skd_j9196921/student_skd.ckpt,skd,img_000494,/home/manors/Guardrail-Distillation/data/cityscapes/leftImg8bit/val/munster/munster_000168_000019_leftImg8bit.png,,0.6774378658297815,0.3225621341702185,0.9698436856269836,0.9760584235191345,0.08137570321559906,0.06188342347741127,0.17833039164543152,0.9438573122024536,0.17090573906898499,-8.851517677307129,8.82259750366211,0.0031167445704340935,0.03065580129623413,490576,7.9579202574677765,7.416784268571064,16.312053747242317,0.9007760486125957,0.09922395138740425,150859,0.49524985749572487,0.5047501425042751,73848,0.0625549703836441,0.00037460148450918496,29.34805752011016,0.025756681337952614,0.9742433186620474,0.0582701750099659,0.2102232277393341,0.011901618912816048,0.502975344657898,0.49702465534210205,0.5113717317581177,0.5264651775360107,0.4631815552711487,0.502975344657898,0.49702465534210205,0.502975344657898,0.49702465534210205,0.6945580693692986,0.30544193063070135,0.9741100668907166,0.9308638889055443,0.06913611109445572,0.03008784029294853,0.49353240583644387,0.5064675941635561,0.0,0.017120203539517154,0.017120203539517154,0.009739572182297707,0.005473158322274685,0.9828797964604828,0.017120203539517154,0.016225825995206833,0.00029964777058921754,454380
b2_cityscapes_val,2026-07-07 05:28:03,cityscapes,val,all,student_skd,/scratch/gautschi/manors/hf_cache/hub/models--nvidia--mit-b2/snapshots/3bb39e8739149c3777d0325349b2a6c32c6413db,runs/mit-b2_skd_j9196921/student_skd.ckpt,skd,img_000495,/home/manors/Guardrail-Distillation/data/cityscapes/leftImg8bit/val/munster/munster_000169_000019_leftImg8bit.png,,0.6280678944108902,0.37193210558910983,0.9613850712776184,0.9705933928489685,0.09223804622888565,0.07864262908697128,0.21551382541656494,0.9319478869438171,0.212761789560318,-7.987244129180908,7.951180934906006,0.006301121786236763,0.0385986864566803,492452,7.9579202574677765,7.416784268571064,16.312053747242317,1.0,0.0,150859,0.47747249292466937,0.5225275070753306,16930,0.07957353442907333,0.0005711172707378864,29.34805752011016,0.03045925870537758,0.9695407412946224,0.0850086584687233,0.24730706214904785,0.015567244961857796,0.5038917064666748,0.4961082935333252,0.5142946243286133,0.5354667901992798,0.46814626455307007,0.5038917064666748,0.4961082935333252,0.5038917064666748,0.4961082935333252,0.5869877708600424,0.4130122291399576,0.965275764465332,1.0,0.0,0.0,0.4434897848100731,0.5565102151899268,0.0,0.0,0.0,0.011152355931699276,0.0072616213001310825,1.0,0.0,0.02201026678085327,0.00034318063990212977,448410
b2_cityscapes_val,2026-07-07 05:28:04,cityscapes,val,all,student_skd,/scratch/gautschi/manors/hf_cache/hub/models--nvidia--mit-b2/snapshots/3bb39e8739149c3777d0325349b2a6c32c6413db,runs/mit-b2_skd_j9196921/student_skd.ckpt,skd,img_000496,/home/manors/Guardrail-Distillation/data/cityscapes/leftImg8bit/val/munster/munster_000170_000019_leftImg8bit.png,,0.459480320765086,0.5405196792349141,0.9729243516921997,0.9824365377426147,0.06955136358737946,0.0452609620988369,0.15136952698230743,0.9578571319580078,0.13104543089866638,-8.492464065551758,8.471369743347168,0.0018799727549776435,0.021647987887263298,494688,7.9338717623613775,7.413199753500521,16.272421256871894,0.43466597963029274,0.5653340203697073,150859,0.24577160853843463,0.7542283914615654,8904,0.045836299657821655,0.0003289711894467473,29.37832652241923,0.018944066017866135,0.9810559339821339,0.021913401782512665,0.13721652328968048,0.009099360555410385,0.5022748112678528,0.4977251887321472,0.5105853080749512,0.5260223150253296,0.42770642042160034,0.5022748112678528,0.4977251887321472,0.5022748112678528,0.4977251887321472,0.5375236534167036,0.4624763465832964,0.9825728535652161,0.969313320851851,0.030686679148149043,0.5346473412215582,0.29247163148191424,0.7075283685180858,0.046700022943479635,0.07804333265161767,0.07804333265161767,0.012820201925933361,0.0031716960947960615,0.9219566673483823,0.07804333265161767,0.017702067270874977,0.0013584319967776537,467418
b2_cityscapes_val,2026-07-07 05:28:04,cityscapes,val,all,student_skd,/scratch/gautschi/manors/hf_cache/hub/models--nvidia--mit-b2/snapshots/3bb39e8739149c3777d0325349b2a6c32c6413db,runs/mit-b2_skd_j9196921/student_skd.ckpt,skd,img_000497,/home/manors/Guardrail-Distillation/data/cityscapes/leftImg8bit/val/munster/munster_000171_000019_leftImg8bit.png,,0.5608132325548609,0.43918676744513907,0.9353072643280029,0.9715920090675354,0.09390533715486526,0.0719761922955513,0.20957238972187042,0.9389241337776184,0.18360623717308044,-7.855719089508057,7.82033109664917,0.007251329720020294,0.039907246828079224,481291,7.9338717623613775,7.413199753500521,16.272421256871894,0.572812162011546,0.42718783798845394,150859,0.5449335432937712,0.4550664567062288,12627,0.07260603457689285,0.0004934913595207036,29.37832652241923,0.03866613656282425,0.9613338634371758,0.15316088497638702,0.29987290501594543,0.03634778410196304,0.5090859532356262,0.4909140467643738,0.5346066951751709,0.5752374529838562,0.4155527949333191,0.5090859532356262,0.4909140467643738,0.5090859532356262,0.4909140467643738,0.5828667536759384,0.41713324632406157,0.967427134513855,0.9806655464495944,0.01933445355040564,0.4078533844380483,0.5939664696990392,0.4060335303009608,0.04903292640526802,0.0220535211210775,0.0220535211210775,0.03826998546719551,0.0061501250602304935,0.9779464788789225,0.0220535211210775,0.04806239530444145,0.011261377483606339,441373
b2_cityscapes_val,2026-07-07 05:28:04,cityscapes,val,all,student_skd,/scratch/gautschi/manors/hf_cache/hub/models--nvidia--mit-b2/snapshots/3bb39e8739149c3777d0325349b2a6c32c6413db,runs/mit-b2_skd_j9196921/student_skd.ckpt,skd,img_000498,/home/manors/Guardrail-Distillation/data/cityscapes/leftImg8bit/val/munster/munster_000172_000019_leftImg8bit.png,,0.577534134661969,0.422465865338031,0.9760375022888184,0.979069709777832,0.07723835855722427,0.053223639726638794,0.16840320825576782,0.9520426988601685,0.1458434760570526,-8.39880657196045,8.37341594696045,0.002837198320776224,0.026995684951543808,484633,7.9338717623613775,7.413199753500521,16.272421256871894,0.971055584972951,0.02894441502704903,149322,0.3289737995982461,0.671026200401754,92772,0.05377085134387016,0.0003141388006042689,29.37832652241923,0.02165890298783779,0.9783410970121622,0.04065125435590744,0.169433131814003,0.014081575907766819,0.5035203099250793,0.49647969007492065,0.510872483253479,0.5290843844413757,0.39698028564453125,0.5035203099250793,0.49647969007492065,0.5035203099250793,0.49647969007492065,0.5566566354489909,0.4433433645510091,0.9810866713523865,0.9859241701915809,0.014075829808419149,0.014868585218629882,0.38520477000061265,0.6147952299993873,0.05623097040236669,0.0,0.0,0.01039136853069067,0.00534218642860651,1.0,0.0,0.017019063234329224,0.0003466540656518191,453817
b2_cityscapes_val,2026-07-07 05:28:04,cityscapes,val,all,student_skd,/scratch/gautschi/manors/hf_cache/hub/models--nvidia--mit-b2/snapshots/3bb39e8739149c3777d0325349b2a6c32c6413db,runs/mit-b2_skd_j9196921/student_skd.ckpt,skd,img_000499,/home/manors/Guardrail-Distillation/data/cityscapes/leftImg8bit/val/munster/munster_000173_000019_leftImg8bit.png,,0.5517773126453914,0.4482226873546086,0.9684188961982727,0.9771499633789062,0.08171094208955765,0.05919066444039345,0.18270960450172424,0.946179211139679,0.1689060479402542,-7.572360992431641,7.544436454772949,0.004064486362040043,0.03064383752644062,418257,7.9338717623613775,7.413199753500521,16.272421256871894,0.7370129882335379,0.2629870117664621,91971,0.9781559114460668,0.02184408855393316,16984,0.05974344536662102,0.00035170643241144717,29.37832652241923,0.028483185917139053,0.971516814082861,0.0707021951675415,0.21028533577919006,0.019299978390336037,0.5048248767852783,0.4951751232147217,0.5174403190612793,0.5420801639556885,0.4271162748336792,0.5048248767852783,0.4951751232147217,0.5048248767852783,0.4951751232147217,0.6038434591876727,0.3961565408123273,0.9678164124488831,0.7040600502065719,0.2959399497934281,0.0,0.9717969853980216,0.028203014601978382,0.0,0.052066146542281255,0.052066146542281255,0.010969331488013268,0.011571832001209259,0.9479338534577187,0.052066146542281255,0.025151999667286873,0.0017381657380610704,390140
