run_id,dataset_name,split,domain,student_name,student_backbone,train_method,msp_threshold,n_confident,n_failures,failure_rate,failure_cutoff,failure_label,msp_auroc,msp_ap,entropy_auroc,entropy_ap,temp_msp_auroc,temp_msp_ap,mc_dropout_auroc,mc_dropout_ap,guardrail_auroc,guardrail_ap,oracle_auroc,oracle_ap
guardrailpp_cityscapes_val,cityscapes,val,all,student_skd,/scratch/gautschi/manors/hf_cache/models--nvidia--mit-b0/snapshots/80983a413c30d36a39c20203974ae7807835e2b4,skd,0.85,500,100,0.2,0.5325987745429382,top20,0.5707,0.293504204247762,0.569475,0.2925369181825346,0.572275,0.2955096131392122,0.568775,0.2922852285677988,0.5978249999999999,0.3291790257312489,0.592775,0.3181223872053077
guardrailpp_cityscapes_val,cityscapes,val,all,student_skd,/scratch/gautschi/manors/hf_cache/models--nvidia--mit-b0/snapshots/80983a413c30d36a39c20203974ae7807835e2b4,skd,0.9,498,98,0.19678714859437751,0.5325987745429382,top20,0.5619387755102041,0.26289133898035666,0.5606887755102041,0.2618186219510318,0.5635459183673469,0.2672513196781593,0.5599744897959184,0.2615755190196972,0.5897704081632653,0.3099195271368611,0.586811224489796,0.31142354133706285
guardrailpp_cityscapes_val,cityscapes,val,all,student_skd,/scratch/gautschi/manors/hf_cache/models--nvidia--mit-b0/snapshots/80983a413c30d36a39c20203974ae7807835e2b4,skd,0.95,401,70,0.1745635910224439,0.5325987745429382,top20,0.5056538627535606,0.19320797887621405,0.5061286145878291,0.18790300247321257,0.5164436771687527,0.209796992473967,0.50504963314631,0.18588293369811099,0.5680621493310316,0.31589904044168937,0.556970220112214,0.27424028168855624
guardrailpp_cityscapes_val,cityscapes,val,all,student_skd,/scratch/gautschi/manors/hf_cache/models--nvidia--mit-b0/snapshots/80983a413c30d36a39c20203974ae7807835e2b4,skd,0.97,157,29,0.18471337579617833,0.5325987745429382,top20,0.5113146551724138,0.22201852084284088,0.5296336206896551,0.27294961216249297,0.5444504310344829,0.2797473630743521,0.5277478448275862,0.2691467671004981,0.7066271551724138,0.46520088570371126,0.5773168103448275,0.3232173952489884
