run_id,dataset_name,split,domain,student_name,student_backbone,train_method,msp_threshold,n_confident,n_failures,failure_rate,failure_cutoff,failure_label,msp_auroc,msp_ap,entropy_auroc,entropy_ap,temp_msp_auroc,temp_msp_ap,mc_dropout_auroc,mc_dropout_ap,guardrail_auroc,guardrail_ap,oracle_auroc,oracle_ap
guardrailpp_v4_cityscapes_val,cityscapes,val,all,student_skd,/scratch/gautschi/manors/hf_cache/models--nvidia--mit-b0/snapshots/80983a413c30d36a39c20203974ae7807835e2b4,skd,0.85,500,100,0.2,0.5325920340397768,top20,0.570675,0.29349929394640656,0.569475,0.29231927623354936,0.5722499999999999,0.29549929567889477,0.5686249999999999,0.29191821658327105,0.61675,0.38153870174326454,0.59275,0.31812613275075674
guardrailpp_v4_cityscapes_val,cityscapes,val,all,student_skd,/scratch/gautschi/manors/hf_cache/models--nvidia--mit-b0/snapshots/80983a413c30d36a39c20203974ae7807835e2b4,skd,0.9,498,98,0.19678714859437751,0.5325920340397768,top20,0.5619132653061224,0.26288639787829327,0.5606887755102041,0.26160027304847233,0.5635204081632653,0.26724101377419546,0.5598214285714287,0.26120698318841995,0.6099234693877551,0.36671235711975747,0.5867857142857142,0.31142717867501224
guardrailpp_v4_cityscapes_val,cityscapes,val,all,student_skd,/scratch/gautschi/manors/hf_cache/models--nvidia--mit-b0/snapshots/80983a413c30d36a39c20203974ae7807835e2b4,skd,0.95,401,70,0.1745635910224439,0.5325920340397768,top20,0.5056107034958999,0.19320014188561843,0.5061717738454898,0.18798236755257763,0.516400517911092,0.20977703782544088,0.5049201553733277,0.18607620572564698,0.596460940871817,0.38211506685276875,0.5569270608545532,0.2742459182922592
guardrailpp_v4_cityscapes_val,cityscapes,val,all,student_skd,/scratch/gautschi/manors/hf_cache/models--nvidia--mit-b0/snapshots/80983a413c30d36a39c20203974ae7807835e2b4,skd,0.97,157,29,0.18471337579617833,0.5325920340397768,top20,0.5110452586206896,0.22192777674120748,0.5296336206896551,0.27294961216249297,0.5444504310344829,0.2797473630743521,0.5274784482758621,0.2575807569972963,0.6901939655172414,0.5073423486502181,0.5770474137931034,0.32315121621729215
