run_id,dataset_name,split,domain,student_name,student_backbone,train_method,msp_threshold,n_confident,n_failures,failure_rate,failure_cutoff,failure_label,msp_auroc,msp_ap,entropy_auroc,entropy_ap,temp_msp_auroc,temp_msp_ap,mc_dropout_auroc,mc_dropout_ap,guardrail_auroc,guardrail_ap,oracle_auroc,oracle_ap
b1_cityscapes_val,cityscapes,val,all,student_skd,/scratch/gautschi/manors/hf_cache/hub/models--nvidia--mit-b1/snapshots/13ddceec4e8bdf401e7cd7acf5aebc526222518c,skd,0.85,500,100,0.2,0.5006495734138307,top20,0.5788249999999999,0.29858608166006717,0.574125,0.2976893280486447,0.57145,0.2959523142744538,0.573575,0.2962833048928623,0.6364500000000001,0.347898046910164,0.601475,0.3103798031621098
b1_cityscapes_val,cityscapes,val,all,student_skd,/scratch/gautschi/manors/hf_cache/hub/models--nvidia--mit-b1/snapshots/13ddceec4e8bdf401e7cd7acf5aebc526222518c,skd,0.9,498,98,0.19678714859437751,0.5006495734138307,top20,0.5702295918367347,0.2708249365500217,0.5654336734693877,0.27062299153720104,0.5627040816326531,0.269428801952468,0.5648724489795919,0.2691231844752375,0.6291326530612245,0.32653038007083346,0.6005357142857143,0.30659998225207563
b1_cityscapes_val,cityscapes,val,all,student_skd,/scratch/gautschi/manors/hf_cache/hub/models--nvidia--mit-b1/snapshots/13ddceec4e8bdf401e7cd7acf5aebc526222518c,skd,0.95,442,85,0.19230769230769232,0.5006495734138307,top20,0.5700115340253749,0.23077542172984927,0.5635854341736695,0.22373256983094475,0.560817268083704,0.22416460281373804,0.5627945295765365,0.22340330389816285,0.6288350634371396,0.32771057868317954,0.5875432525951556,0.2921501145398529
b1_cityscapes_val,cityscapes,val,all,student_skd,/scratch/gautschi/manors/hf_cache/hub/models--nvidia--mit-b1/snapshots/13ddceec4e8bdf401e7cd7acf5aebc526222518c,skd,0.97,194,27,0.13917525773195877,0.5006495734138307,top20,0.4216012419605234,0.1355964834357247,0.4047460634286981,0.11624402922609917,0.4109558660456864,0.11788861570702502,0.4043025060989133,0.11604294691708518,0.6744289199379019,0.3742367190654038,0.6564648480816146,0.3009598668387532
